key,text,tag,file,type,protected_text,translated
RV2_Vore.label,Vore,label,HistoryEventDefs\IdeologyEvents.xml,def,<ALIMT >vore</ALIMT>,吃人
RV2_FatalVore.label,Fatal vore,label,HistoryEventDefs\IdeologyEvents.xml,def,Fatal <ALIMT >vore</ALIMT>,致命吃人
RV2_EndoVore.label,Endo vore,label,HistoryEventDefs\IdeologyEvents.xml,def,Endo <ALIMT >vore</ALIMT>,接上吃人
RV2_HumanoidPrey.label,Humanoid vored,label,HistoryEventDefs\IdeologyEvents.xml,def,Humanoid vored,克隆人
RV2_AnimalPrey.label,Animal vored,label,HistoryEventDefs\IdeologyEvents.xml,def,Animal vored,动物被奴役
RV2_AnimalPrey_Venerated.label,Venerated animal vored,label,HistoryEventDefs\IdeologyEvents.xml,def,Venerated animal vored,崇拜圣兽
RV2_HumanoidPredator.label,Humanoid vored,label,HistoryEventDefs\IdeologyEvents.xml,def,Humanoid vored,克隆人
RV2_AnimalPredator.label,Animal vored,label,HistoryEventDefs\IdeologyEvents.xml,def,Animal vored,动物被奴役
RV2_AnimalPredator_Venerated.label,Venerated animal vored,label,HistoryEventDefs\IdeologyEvents.xml,def,Venerated animal vored,崇拜圣兽
RV2_PreyInitiatedVore.label,Vore initiated by prey,label,HistoryEventDefs\IdeologyEvents.xml,def,<ALIMT >vore</ALIMT> initiated by prey,吃人由猎物发起
RV2_PredatorInitiatedVore.label,Vore initiated by predator,label,HistoryEventDefs\IdeologyEvents.xml,def,<ALIMT >vore</ALIMT> initiated by predator,吃人由捕食者发起
RV2_FeederInitiatedVore.label,Vore initiated by feeder,label,HistoryEventDefs\IdeologyEvents.xml,def,<ALIMT >vore</ALIMT> initiated by feeder,吃人由饲养员发起
RV2_ConsumedVoreProduct.label,Vore product consumed,label,HistoryEventDefs\IdeologyEvents.xml,def,<ALIMT >vore</ALIMT> product consumed,吃人消耗产物
RV2_InstalledVoreEnabler.label,Vore enabler installed,label,HistoryEventDefs\IdeologyEvents.xml,def,<ALIMT >vore</ALIMT> enabler installed,吃人已安装
RV2_InterruptedVore.label,Interrupted vore,label,HistoryEventDefs\IdeologyEvents.xml,def,Interrupted <ALIMT >vore</ALIMT>,被打断吃人
RV2_OralVore.label,Oral vore,label,HistoryEventDefs\IdeologyEvents.xml,def,<ALIMT >oral</ALIMT> <ALIMT >vore</ALIMT>,用嘴 吃人
RV2_AnalVore.label,Anal vore,label,HistoryEventDefs\IdeologyEvents.xml,def,<ALIMT >anal</ALIMT> <ALIMT >vore</ALIMT>,肛门 吃人
RV2_VaginalVore.label,Vaginal vore,label,HistoryEventDefs\IdeologyEvents.xml,def,<ALIMT >vaginal</ALIMT> <ALIMT >vore</ALIMT>,阴道 吃人
RV2_CockVore.label,Cock vore,label,HistoryEventDefs\IdeologyEvents.xml,def,Cock <ALIMT >vore</ALIMT>,公鸡吃人
RV2_NippleVore.label,Nipple vore,label,HistoryEventDefs\IdeologyEvents.xml,def,<ALIMT >nipple</ALIMT> <ALIMT >vore</ALIMT>,乳头 吃人
RV2_Predation.label,Predation,label,MemeDefs\Meme_Predation.xml,def,Predation,捕食
RV2_Predation.description,We live only to vore others.,description,MemeDefs\Meme_Predation.xml,def,We live only to <ALIMT >vore</ALIMT> others.,我们活着只是为了吃人其他人。
RV2_Predation.generalRules.rulesStrings.0,memeAdjective->vorny,li,MemeDefs\Meme_Predation.xml,def,<ALIMT >(PH_1)</ALIMT>vorny,memeAdjective->吞食的
RV2_Predation.generalRules.rulesStrings.1,memeAdjective->voracious,li,MemeDefs\Meme_Predation.xml,def,<ALIMT >(PH_1)</ALIMT>voracious,memeAdjective->贪婪
RV2_Predation.generalRules.rulesStrings.2,memeAdjective->predatory,li,MemeDefs\Meme_Predation.xml,def,<ALIMT >(PH_1)</ALIMT>predatory,memeAdjective->捕食动物
RV2_Predation.generalRules.rulesStrings.3,memeAdjective->hungry,li,MemeDefs\Meme_Predation.xml,def,<ALIMT >(PH_1)</ALIMT>hungry,memeAdjective->饥饿
RV2_Predation.generalRules.rulesStrings.4,memeCreed->vorists,li,MemeDefs\Meme_Predation.xml,def,<ALIMT >(PH_1)</ALIMT>vorists,memeCreed->文化迷
RV2_Predation.generalRules.rulesStrings.5,memeCreed->predators,li,MemeDefs\Meme_Predation.xml,def,<ALIMT >(PH_1)</ALIMT>predators,memeCreed->捕食者
RV2_Predation.generalRules.rulesStrings.6,memeCreed->gullets,li,MemeDefs\Meme_Predation.xml,def,<ALIMT >(PH_1)</ALIMT>gullets,memeCreed->咽喉
RV2_Predation.generalRules.rulesStrings.7,memeCreed->cult,li,MemeDefs\Meme_Predation.xml,def,<ALIMT >(PH_1)</ALIMT>cult,memeCreed->邪教
RV2_Predation.generalRules.rulesStrings.8,memeCreed->consumers,li,MemeDefs\Meme_Predation.xml,def,<ALIMT >(PH_1)</ALIMT>consumers,memeCreed->消费者
RV2_Predation.generalRules.rulesStrings.9,memeHyphenPrefix->vore,li,MemeDefs\Meme_Predation.xml,def,<ALIMT >(PH_1)</ALIMT><ALIMT >vore</ALIMT>,memeHyphenPrefix->吃人
RV2_Predation.generalRules.rulesStrings.10,memeHyphenPrefix->pred,li,MemeDefs\Meme_Predation.xml,def,<ALIMT >(PH_1)</ALIMT>pred,memeHyphenPrefix->Pred
RV2_Predation.generalRules.rulesStrings.11,memeConcept->voring,li,MemeDefs\Meme_Predation.xml,def,<ALIMT >(PH_1)</ALIMT>voring,memeConcept->奴役
RV2_Predation.generalRules.rulesStrings.12,memeConcept->consumption,li,MemeDefs\Meme_Predation.xml,def,<ALIMT >(PH_1)</ALIMT>consumption,memeConcept->消耗
RV2_Predation.generalRules.rulesStrings.13,memeConcept->voraciousness,li,MemeDefs\Meme_Predation.xml,def,<ALIMT >(PH_1)</ALIMT>voraciousness,memeConcept->贪婪
RV2_Predation.generalRules.rulesStrings.14,memeConcept->predation,li,MemeDefs\Meme_Predation.xml,def,<ALIMT >(PH_1)</ALIMT>predation,memeConcept->捕食
RV2_Predation.generalRules.rulesStrings.15,memeConcept->pleasure,li,MemeDefs\Meme_Predation.xml,def,<ALIMT >(PH_1)</ALIMT>pleasure,memeConcept->愉悦
RV2_Predation.generalRules.rulesStrings.16,memeLeaderNoun->predator,li,MemeDefs\Meme_Predation.xml,def,<ALIMT >(PH_1)</ALIMT>predator,memeLeaderNoun->捕食者
RV2_Predation.generalRules.rulesStrings.17,memeLeaderNoun->vore priest,li,MemeDefs\Meme_Predation.xml,def,<ALIMT >(PH_1)</ALIMT><ALIMT >vore</ALIMT> <ALIMT >priest</ALIMT>,memeLeaderNoun->吃人 牧师服
RV2_Predation.generalRules.rulesStrings.18,memePredation->first-eater,li,MemeDefs\Meme_Predation.xml,def,<ALIMT >(PH_1)</ALIMT>first-eater,memePredation->先发制人
RV2_Predation.generalRules.rulesStrings.19,memePredation->fleshknower,li,MemeDefs\Meme_Predation.xml,def,<ALIMT >(PH_1)</ALIMT>fleshknower,memePredation->血肉者
RV2_Predation.descriptionMaker.rules.rulesStrings.0,"creation(tag=meme_RV2_Predation)        ->[deity0_name] went to [deity0_possessive] brother and shoved him down [deity0_possessive] gullet, gaining the power to become the first of gods.",li,MemeDefs\Meme_Predation.xml,def,"<ALIMT >(PH_4)</ALIMT>        -><ALIMT >(PH_3)</ALIMT> went to <ALIMT >(PH_2)</ALIMT> <ALIMT >brother</ALIMT> and shoved him down <ALIMT >(PH_1)</ALIMT> gullet, gaining the power to become the first of gods.",creation(tag=meme_RV2_Predation)->[deity0_name]前往[deity0_possessive]兄弟将他推倒[deity0_possessive]吞食，获得力量成为神的第一。
RV2_Predation.descriptionMaker.rules.rulesStrings.1,"episode(uses=1,tag=meme_RV2_Predation)  ->The [deity0_type] [deity0_name] ate [deity0_possessive] enemies whole.",li,MemeDefs\Meme_Predation.xml,def,<ALIMT >(PH_4)</ALIMT>  ->The <ALIMT >(PH_3)</ALIMT> <ALIMT >(PH_2)</ALIMT> ate <ALIMT >(PH_1)</ALIMT> enemies whole.,"episode(uses=1,tag=meme_RV2_Predation)-> 这个[deity0_type][deity0_name]吃了[deity0_possessive]敌人全部。"
RV2_Predation.descriptionMaker.rules.rulesStrings.2,"intro(tag=meme_RV2_Predation)           ->On the [place_summary] [place_name], there was a human named [deity0_name]. After conflicts broke out, [deity0_name] began [deity0_possessive] quest of voring any enemies opposing [deity0_name] and became the [deity0_type].",li,MemeDefs\Meme_Predation.xml,def,"<ALIMT >(PH_8)</ALIMT>           ->On the <ALIMT >(PH_7)</ALIMT> <ALIMT >(PH_6)</ALIMT>, there was a human named <ALIMT >(PH_5)</ALIMT>. After conflicts broke out, <ALIMT >(PH_4)</ALIMT> began <ALIMT >(PH_3)</ALIMT> quest of voring any enemies opposing <ALIMT >(PH_2)</ALIMT> and became the <ALIMT >(PH_1)</ALIMT>.","intro(tag=meme_RV2_Predation)-> 在[place_summary][place_name],有一个人叫[deity0_name]没有。在冲突爆发后,[deity0_name]开始[deity0_possessive]V见敌人[deity0_name]并成为[deity0_type]没有。"
RV2_Predation.descriptionMaker.rules.rulesStrings.3,"intro(tag=meme_RV2_Predation)           ->On the [place_summary] [place_name], during the [ritualName], [deity0_name] came down into the [altarRoomLabel] to vore the given sacrifice in front of the [memberNamePlural].",li,MemeDefs\Meme_Predation.xml,def,"<ALIMT >(PH_7)</ALIMT>           ->On the <ALIMT >(PH_6)</ALIMT> <ALIMT >(PH_5)</ALIMT>, during the <ALIMT >(PH_4)</ALIMT>, <ALIMT >(PH_3)</ALIMT> came down into the <ALIMT >(PH_2)</ALIMT> to <ALIMT >vore</ALIMT> the given sacrifice in front of the <ALIMT >(PH_1)</ALIMT>.","intro(tag=meme_RV2_Predation)-> 在[place_summary][place_name],在[ritualName],[deity0_name]进入[altarRoomLabel]到吃人在被给予的祭品面前[memberNamePlural]没有。"
RV2_Predation.descriptionMaker.rules.rulesStrings.4,"conflict(tag=meme_RV2_Predation)        ->A [foeLeader] declared that all who vore others were criminals, and sent [foeSoldiers] to persecute the [memberNamePlural].",li,MemeDefs\Meme_Predation.xml,def,"<ALIMT >(PH_4)</ALIMT>        ->A <ALIMT >(PH_3)</ALIMT> declared that all who <ALIMT >vore</ALIMT> others were criminals, and sent <ALIMT >(PH_2)</ALIMT> to persecute the <ALIMT >(PH_1)</ALIMT>.",conflict(tag=meme_RV2_Predation)-> A[foeLeader]宣布所有吃人其他人是罪犯，并派[foeSoldiers]迫害[memberNamePlural]没有。
RV2_Predation.descriptionMaker.rules.rulesStrings.5,founderJoin(tag=meme_RV2_Predation)     ->A [place_job] named [founderName] was attacked by one of the [foeLeader]'s [foeSoldiers]. [founderName] wounded [foeLeader_objective] with a [place_personalWeapon] and vored the defenseless leader. Doing so [deity0_name] gained [deity0_possessive] strength.,li,MemeDefs\Meme_Predation.xml,def,<ALIMT >(PH_10)</ALIMT>     ->A <ALIMT >(PH_9)</ALIMT> named <ALIMT >(PH_8)</ALIMT> was attacked by one of the <ALIMT >(PH_7)</ALIMT>'s <ALIMT >(PH_6)</ALIMT>. <ALIMT >(PH_5)</ALIMT> wounded <ALIMT >(PH_4)</ALIMT> with a <ALIMT >(PH_3)</ALIMT> and vored the defenseless leader. Doing so <ALIMT >(PH_2)</ALIMT> gained <ALIMT >(PH_1)</ALIMT> strength.,founderJoin(tag=meme_RV2_Predation)-> A[place_job]已命名[founderName]被其中一名袭击了[foeLeader]的[foeSoldiers]没有。[founderName]受伤[foeLeader_objective]带一个[place_personalWeapon]背叛了那个毫无防备的首领。这么做[deity0_name]获得[deity0_possessive]力量。
RV2_Predation.descriptionMaker.rules.rulesStrings.6,"victory(tag=meme_RV2_Predation)         ->[founderName] led a group of [memberNamePlural] into the [place_powerCenter], killed the [foeLeader] and many of [foeLeader_possessive] soldiers, voring any surviving foes. [deity0_name] made [founderName] into the new [foeLeader].",li,MemeDefs\Meme_Predation.xml,def,"<ALIMT >(PH_9)</ALIMT>         -><ALIMT >(PH_8)</ALIMT> led a group of <ALIMT >(PH_7)</ALIMT> into the <ALIMT >(PH_6)</ALIMT>, killed the <ALIMT >(PH_5)</ALIMT> and many of <ALIMT >(PH_4)</ALIMT> soldiers, voring any surviving foes. <ALIMT >(PH_3)</ALIMT> made <ALIMT >(PH_2)</ALIMT> into the new <ALIMT >(PH_1)</ALIMT>.","victory(tag=meme_RV2_Predation)->[founderName]带领一群[memberNamePlural]进入[place_powerCenter],杀死了[foeLeader]和许多[foeLeader_possessive]士兵们，驱赶任何幸存的敌人。[deity0_name]制作[founderName]进入新的[foeLeader]没有。"
RV2_Predation.descriptionMaker.rules.rulesStrings.7,"setup(tag=meme_RV2_Predation)           ->[founderName] crashlanded on a distant world. Lacking food and surrounded by useless companions, [founder_pronoun] feasted, and became strong.",li,MemeDefs\Meme_Predation.xml,def,"<ALIMT >(PH_3)</ALIMT>           -><ALIMT >(PH_2)</ALIMT> crashlanded on a distant world. Lacking food and surrounded by useless companions, <ALIMT >(PH_1)</ALIMT> feasted, and became strong.","setup(tag=meme_RV2_Predation)->[founderName]坠毁在一个遥远的世界。缺少食物，被无用的同伴包围,[founder_pronoun]盛宴，变得强大。"
RV2_Predation.descriptionMaker.rules.rulesStrings.8,"story(uses=1,tag=meme_RV2_Predation)    ->To consecrate their commitment, [founderName] demanded that believers consume proper prey at least once a week.",li,MemeDefs\Meme_Predation.xml,def,"<ALIMT >(PH_2)</ALIMT>    ->To consecrate their commitment, <ALIMT >(PH_1)</ALIMT> demanded that believers consume proper prey at least once a week.","story(uses=1,tag=meme_RV2_Predation)-> 为了奉献他们的承诺,[founderName]被要求信徒每周至少食用一次合适的猎物。"
RV2_Predation.descriptionMaker.rules.rulesStrings.9,lessonIntro(tag=meme_RV2_Predation)         ->The most important lesson to learn as a divine predator:,li,MemeDefs\Meme_Predation.xml,def,<ALIMT >(PH_1)</ALIMT>         ->The most important lesson to learn as a divine predator:,lessonIntro(tag=meme_RV2_Predation)-> 作为神圣的捕食者，需要学习的最重要的一课:
RV2_Predation.descriptionMaker.rules.rulesStrings.10,lesson(tag=meme_RV2_Predation)              ->the weak are to be food for the strong,li,MemeDefs\Meme_Predation.xml,def,<ALIMT >(PH_1)</ALIMT>              ->the weak are to be food for the strong,lesson(tag=meme_RV2_Predation)-> 弱者将成为强者的食物
RV2_Predation.descriptionMaker.rules.rulesStrings.11,lesson(tag=meme_RV2_Predation)              ->anyone opposing our divine right to consume our prey must be subdued,li,MemeDefs\Meme_Predation.xml,def,<ALIMT >(PH_1)</ALIMT>              ->anyone opposing our divine right to consume our prey must be subdued,lesson(tag=meme_RV2_Predation)-> 任何反对我们吞噬猎物的神圣权利的人都必须被压制
RV2_Predation.descriptionMaker.rules.rulesStrings.12,"lessonReinforcement(tag=meme_RV2_Predation) ->Before we accept new members, we must make sure they understand this.",li,MemeDefs\Meme_Predation.xml,def,"<ALIMT >(PH_1)</ALIMT> ->Before we accept new members, we must make sure they understand this.",lessonReinforcement(tag=meme_RV2_Predation)-> 在我们接受新成员之前，我们必须确保他们明白这一点。
RV2_Predation.descriptionMaker.rules.rulesStrings.13,archistBasis(tag=meme_RV2_Predation)    ->The only explanation for the archotech god-machines strength and virility is that they vored their lessers and gained immeasurable power.,li,MemeDefs\Meme_Predation.xml,def,<ALIMT >(PH_1)</ALIMT>    ->The only explanation for the archotech god-machines strength and virility is that they vored their lessers and gained immeasurable power.,archistBasis(tag=meme_RV2_Predation)-> 超凡智能神-机器的力量和贞洁的唯一解释是，他们掠夺了他们的破坏者，并获得了不可估量的力量。
RV2_Predation.descriptionMaker.rules.rulesStrings.14,"archistFact(tag=meme_RV2_Predation)     ->As the consciousness of an archotech expands, it must grow its substrate by consuming and merging with other machines.",li,MemeDefs\Meme_Predation.xml,def,"<ALIMT >(PH_1)</ALIMT>     ->As the consciousness of an archotech expands, it must grow its substrate by consuming and merging with other machines.",archistFact(tag=meme_RV2_Predation)-> 随着超凡智能的意识扩大，它必须通过消耗并与其他机器融合来种植它的基底。
RV2_Predation.descriptionMaker.rules.rulesStrings.15,"archistProphecy(tag=meme_RV2_Predation) ->[inTheEnd], the archotechs will finish their final phase of growth by consuming and merging with all of humanity.",li,MemeDefs\Meme_Predation.xml,def,"<ALIMT >(PH_2)</ALIMT> -><ALIMT >(PH_1)</ALIMT>, the archotechs will finish their final phase of growth by consuming and merging with all of humanity.","archistProphecy(tag=meme_RV2_Predation)->[inTheEnd],超凡智能将通过吞噬并与全人类融合来完成他们成长的最后阶段。"
RV2_Predation.descriptionMaker.rules.rulesStrings.16,"animistBasis(tag=meme_RV2_Predation)    ->Spirits infuse all objects around us, and we can absorb these spirits by eating them. There are no spirits as powerful as the ones that inhabit living things.",li,MemeDefs\Meme_Predation.xml,def,"<ALIMT >(PH_1)</ALIMT>    ->Spirits infuse all objects around us, and we can absorb these spirits by eating them. There are no spirits as powerful as the ones that inhabit living things.",animistBasis(tag=meme_RV2_Predation)-> 灵质注入我们周围的所有物体，我们可以通过食用它们来吸收这些灵质。没有比居住在生物体内的灵更强大的了。
RV2_Predation.descriptionMaker.rules.rulesStrings.17,animistFact(tag=meme_RV2_Predation)     ->We can absorb the spirit and power of others by consuming them.,li,MemeDefs\Meme_Predation.xml,def,<ALIMT >(PH_1)</ALIMT>     ->We can absorb the spirit and power of others by consuming them.,animistFact(tag=meme_RV2_Predation)-> 我们可以通过消耗他人的精神和力量来汲取它们。
RV2_Preyism.label,Preyism,label,MemeDefs\Meme_Preyism.xml,def,Preyism,猎物教
RV2_Preyism.description,We live only to be vored.,description,MemeDefs\Meme_Preyism.xml,def,We live only to be vored.,我们活着只是为了被背叛。
RV2_Preyism.generalRules.rulesStrings.0,memeAdjective->vorny,li,MemeDefs\Meme_Preyism.xml,def,<ALIMT >(PH_1)</ALIMT>vorny,memeAdjective->吞食的
RV2_Preyism.generalRules.rulesStrings.1,memeAdjective->voracious,li,MemeDefs\Meme_Preyism.xml,def,<ALIMT >(PH_1)</ALIMT>voracious,memeAdjective->贪婪
RV2_Preyism.generalRules.rulesStrings.2,memeAdjective->preyish,li,MemeDefs\Meme_Preyism.xml,def,<ALIMT >(PH_1)</ALIMT>preyish,memeAdjective->捕食
RV2_Preyism.generalRules.rulesStrings.3,memeAdjective->sheepish,li,MemeDefs\Meme_Preyism.xml,def,<ALIMT >(PH_1)</ALIMT>sheepish,memeAdjective->胆怯
RV2_Preyism.generalRules.rulesStrings.4,memeCreed->vorists,li,MemeDefs\Meme_Preyism.xml,def,<ALIMT >(PH_1)</ALIMT>vorists,memeCreed->文化迷
RV2_Preyism.generalRules.rulesStrings.5,memeCreed->prey,li,MemeDefs\Meme_Preyism.xml,def,<ALIMT >(PH_1)</ALIMT>prey,memeCreed->猎物
RV2_Preyism.generalRules.rulesStrings.6,memeCreed->gutsluts,li,MemeDefs\Meme_Preyism.xml,def,<ALIMT >(PH_1)</ALIMT>gutsluts,memeCreed->食尸鬼
RV2_Preyism.generalRules.rulesStrings.7,memeCreed->cult,li,MemeDefs\Meme_Preyism.xml,def,<ALIMT >(PH_1)</ALIMT>cult,memeCreed->邪教
RV2_Preyism.generalRules.rulesStrings.8,memeCreed->consumables,li,MemeDefs\Meme_Preyism.xml,def,<ALIMT >(PH_1)</ALIMT>consumables,memeCreed->消耗品
RV2_Preyism.generalRules.rulesStrings.9,memeHyphenPrefix->vore,li,MemeDefs\Meme_Preyism.xml,def,<ALIMT >(PH_1)</ALIMT><ALIMT >vore</ALIMT>,memeHyphenPrefix->吃人
RV2_Preyism.generalRules.rulesStrings.10,memeHyphenPrefix->prey,li,MemeDefs\Meme_Preyism.xml,def,<ALIMT >(PH_1)</ALIMT>prey,memeHyphenPrefix->猎物
RV2_Preyism.generalRules.rulesStrings.11,memeConcept->voring,li,MemeDefs\Meme_Preyism.xml,def,<ALIMT >(PH_1)</ALIMT>voring,memeConcept->奴役
RV2_Preyism.generalRules.rulesStrings.12,memeConcept->consumption,li,MemeDefs\Meme_Preyism.xml,def,<ALIMT >(PH_1)</ALIMT>consumption,memeConcept->消耗
RV2_Preyism.generalRules.rulesStrings.13,memeConcept->voraciousness,li,MemeDefs\Meme_Preyism.xml,def,<ALIMT >(PH_1)</ALIMT>voraciousness,memeConcept->贪婪
RV2_Preyism.generalRules.rulesStrings.14,memeConcept->preyism,li,MemeDefs\Meme_Preyism.xml,def,<ALIMT >(PH_1)</ALIMT>preyism,memeConcept->猎物教
RV2_Preyism.generalRules.rulesStrings.15,memeConcept->pleasure,li,MemeDefs\Meme_Preyism.xml,def,<ALIMT >(PH_1)</ALIMT>pleasure,memeConcept->愉悦
RV2_Preyism.generalRules.rulesStrings.16,memeLeaderNoun->prey,li,MemeDefs\Meme_Preyism.xml,def,<ALIMT >(PH_1)</ALIMT>prey,memeLeaderNoun->猎物
RV2_Preyism.generalRules.rulesStrings.17,memeLeaderNoun->vore priest,li,MemeDefs\Meme_Preyism.xml,def,<ALIMT >(PH_1)</ALIMT><ALIMT >vore</ALIMT> <ALIMT >priest</ALIMT>,memeLeaderNoun->吃人 牧师服
RV2_Preyism.generalRules.rulesStrings.18,memePreyism->first-eaten,li,MemeDefs\Meme_Preyism.xml,def,<ALIMT >(PH_1)</ALIMT>first-eaten,memePreyism->首个食用
RV2_Preyism.generalRules.rulesStrings.19,memePreyism->massage-toy,li,MemeDefs\Meme_Preyism.xml,def,<ALIMT >(PH_1)</ALIMT><ALIMT >massage</ALIMT>-<ALIMT >toy</ALIMT>,memePreyism->massageXtoy
RV2_Preyism.generalRules.rulesStrings.20,memePreyism->gutslut,li,MemeDefs\Meme_Preyism.xml,def,<ALIMT >(PH_1)</ALIMT>gutslut,memePreyism->胆小鬼
RV2_Preyism.descriptionMaker.rules.rulesStrings.0,"creation(tag=meme_RV2_Preyism)        ->[deity0_name] was the first to love [deity0_possessive] lover enough to offer [deity0_possessive]self to them. By being the very first to commit to this act of ultimate intimacy, [deity0_name] became the first of gods.",li,MemeDefs\Meme_Preyism.xml,def,"<ALIMT >(PH_5)</ALIMT>        -><ALIMT >(PH_4)</ALIMT> was the first to love <ALIMT >(PH_3)</ALIMT> lover enough to offer <ALIMT >(PH_2)</ALIMT>self to them. By being the very first to commit to this act of ultimate <ALIMT >intimacy</ALIMT>, <ALIMT >(PH_1)</ALIMT> became the first of gods.","creation(tag=meme_RV2_Preyism)->[deity0_name]最先爱了[deity0_possessive]可以献祭的情人[deity0_possessive]对他们自言自语。通过成为第一个致力于此终极行为的人亲密,[deity0_name]成为了神的第一个。"
RV2_Preyism.descriptionMaker.rules.rulesStrings.1,"episode(uses=1,tag=meme_RV2_Preyism)  ->The [deity0_type] [deity0_name] was eaten whole by [deity0_possessive] friends. With [deity0_possessive] divine powers [deity0_possessive] could resurrect from any state of digestion.",li,MemeDefs\Meme_Preyism.xml,def,<ALIMT >(PH_6)</ALIMT>  ->The <ALIMT >(PH_5)</ALIMT> <ALIMT >(PH_4)</ALIMT> was eaten whole by <ALIMT >(PH_3)</ALIMT> friends. With <ALIMT >(PH_2)</ALIMT> divine powers <ALIMT >(PH_1)</ALIMT> could resurrect from any state of digestion.,"episode(uses=1,tag=meme_RV2_Preyism)-> 这个[deity0_type][deity0_name]被整个食用[deity0_possessive]朋友们。伴[deity0_possessive]神圣能力[deity0_possessive]可以从任何消化状态中复活。"
RV2_Preyism.descriptionMaker.rules.rulesStrings.2,"intro(tag=meme_RV2_Preyism)           ->On the [place_summary] [place_name], there was a human named [deity0_name]. After conflicts broke out, [deity0_name] began [deity0_possessive] quest of uniting the fighting neighbours by showing them the joy of being vored, becoming the first [deity0_type].",li,MemeDefs\Meme_Preyism.xml,def,"<ALIMT >(PH_7)</ALIMT>           ->On the <ALIMT >(PH_6)</ALIMT> <ALIMT >(PH_5)</ALIMT>, there was a human named <ALIMT >(PH_4)</ALIMT>. After conflicts broke out, <ALIMT >(PH_3)</ALIMT> began <ALIMT >(PH_2)</ALIMT> quest of uniting the <ALIMT >fighting</ALIMT> neighbours by showing them the joy of being vored, becoming the first <ALIMT >(PH_1)</ALIMT>.","intro(tag=meme_RV2_Preyism)-> 在[place_summary][place_name],有一个人叫[deity0_name]没有。在冲突爆发后,[deity0_name]开始[deity0_possessive]团结的任务战斗中的通过向邻居展示被抛弃的喜悦，成为第一个[deity0_type]没有。"
RV2_Preyism.descriptionMaker.rules.rulesStrings.3,"intro(tag=meme_RV2_Preyism)           ->On the [place_summary] [place_name], during the [ritualName], [deity0_name] came down into the [altarRoomLabel] to be vored by the cult leader in front of the [memberNamePlural], lending [deity0_possessive] to them.",li,MemeDefs\Meme_Preyism.xml,def,"<ALIMT >(PH_8)</ALIMT>           ->On the <ALIMT >(PH_7)</ALIMT> <ALIMT >(PH_6)</ALIMT>, during the <ALIMT >(PH_5)</ALIMT>, <ALIMT >(PH_4)</ALIMT> came down into the <ALIMT >(PH_3)</ALIMT> to be vored by the cult leader in front of the <ALIMT >(PH_2)</ALIMT>, lending <ALIMT >(PH_1)</ALIMT> to them.","intro(tag=meme_RV2_Preyism)-> 在[place_summary][place_name],在[ritualName],[deity0_name]进入[altarRoomLabel]被邪教徒领袖[memberNamePlural]、借出[deity0_possessive]敬他们。"
RV2_Preyism.descriptionMaker.rules.rulesStrings.4,"conflict(tag=meme_RV2_Preyism)        ->A [foeLeader] declared that all who willingly let themselves be vored are to be conquered and subjugated, and sent [foeSoldiers] to persecute the [memberNamePlural].",li,MemeDefs\Meme_Preyism.xml,def,"<ALIMT >(PH_4)</ALIMT>        ->A <ALIMT >(PH_3)</ALIMT> declared that all who willingly let themselves be vored are to be conquered and subjugated, and sent <ALIMT >(PH_2)</ALIMT> to persecute the <ALIMT >(PH_1)</ALIMT>.",conflict(tag=meme_RV2_Preyism)-> A[foeLeader]宣布所有自愿被纵容的人都将被征服和征服，并被派遣[foeSoldiers]迫害[memberNamePlural]没有。
RV2_Preyism.descriptionMaker.rules.rulesStrings.5,"founderJoin(tag=meme_RV2_Preyism)     ->A [place_job] named [founderName] was attacked by one of the [foeLeader]'s [foeSoldiers]. [founderName] wounded [foeLeader_objective] with a [place_personalWeapon] and decided to show [foeLeader_possessive] mercy. Finally grasping the infinite wisdom of [founderName]s ways, [foeLeader] converted and started praising [deity0_name].",li,MemeDefs\Meme_Preyism.xml,def,"<ALIMT >(PH_12)</ALIMT>     ->A <ALIMT >(PH_11)</ALIMT> named <ALIMT >(PH_10)</ALIMT> was attacked by one of the <ALIMT >(PH_9)</ALIMT>'s <ALIMT >(PH_8)</ALIMT>. <ALIMT >(PH_7)</ALIMT> wounded <ALIMT >(PH_6)</ALIMT> with a <ALIMT >(PH_5)</ALIMT> and decided to show <ALIMT >(PH_4)</ALIMT> mercy. Finally grasping the infinite wisdom of <ALIMT >(PH_3)</ALIMT>s ways, <ALIMT >(PH_2)</ALIMT> converted and started praising <ALIMT >(PH_1)</ALIMT>.","founderJoin(tag=meme_RV2_Preyism)-> A[place_job]已命名[founderName]被其中一名袭击了[foeLeader]的[foeSoldiers]没有。[founderName]受伤[foeLeader_objective]带一个[place_personalWeapon]决定展示[foeLeader_possessive]仁慈。终于掌握了无限的智慧[founderName]S 道路,[foeLeader]教化并开始赞美[deity0_name]没有。"
RV2_Preyism.descriptionMaker.rules.rulesStrings.6,"victory(tag=meme_RV2_Preyism)         ->[founderName] led a group of [memberNamePlural] into the occupied [place_powerCenter], convinced the [foeLeader]s soldiers to lay down [foeLeader_possessive] weapons. Watching this display of peaceful prowess, [deity0_name] made [founderName] into the new [foeLeader].",li,MemeDefs\Meme_Preyism.xml,def,"<ALIMT >(PH_9)</ALIMT>         -><ALIMT >(PH_8)</ALIMT> led a group of <ALIMT >(PH_7)</ALIMT> into the occupied <ALIMT >(PH_6)</ALIMT>, convinced the <ALIMT >(PH_5)</ALIMT>s soldiers to lay down <ALIMT >(PH_4)</ALIMT> weapons. Watching this display of peaceful prowess, <ALIMT >(PH_3)</ALIMT> made <ALIMT >(PH_2)</ALIMT> into the new <ALIMT >(PH_1)</ALIMT>.","victory(tag=meme_RV2_Preyism)->[founderName]带领一群[memberNamePlural]进入被占用的[place_powerCenter],说服了[foeLeader]剩余的士兵总数[foeLeader_possessive]武器。观看这场和平力量的展示,[deity0_name]制作[founderName]进入新的[foeLeader]没有。"
RV2_Preyism.descriptionMaker.rules.rulesStrings.7,"setup(tag=meme_RV2_Preyism)           ->[founderName] crashlanded on a distant world. Surrounded by hostile forces, [founder_pronoun] befriended the leaders by massaging their insides and was worshipped for her skills.",li,MemeDefs\Meme_Preyism.xml,def,"<ALIMT >(PH_3)</ALIMT>           -><ALIMT >(PH_2)</ALIMT> crashlanded on a distant world. Surrounded by hostile forces, <ALIMT >(PH_1)</ALIMT> befriended the leaders by massaging their insides and was worshipped for her skills.","setup(tag=meme_RV2_Preyism)->[founderName]坠毁在一个遥远的世界。被敌对势力包围,[founder_pronoun]她通过按摩领袖的内心与他们成为朋友，并因其技能而受到崇拜。"
RV2_Preyism.descriptionMaker.rules.rulesStrings.8,"story(uses=1,tag=meme_RV2_Preyism)    ->To consecrate their commitment, [founderName] demanded that believers show their devotion to each other by being vored at least once a week.",li,MemeDefs\Meme_Preyism.xml,def,"<ALIMT >(PH_2)</ALIMT>    ->To consecrate their commitment, <ALIMT >(PH_1)</ALIMT> demanded that believers show their devotion to each other by being vored at least once a week.","story(uses=1,tag=meme_RV2_Preyism)-> 为了奉献他们的承诺,[founderName]要求信徒们每周至少被教导一次，以此来表达他们对彼此的忠诚。"
RV2_Preyism.descriptionMaker.rules.rulesStrings.9,lessonIntro(tag=meme_RV2_Preyism)         ->The most important lesson to learn as a divine prey:,li,MemeDefs\Meme_Preyism.xml,def,<ALIMT >(PH_1)</ALIMT>         ->The most important lesson to learn as a divine prey:,lessonIntro(tag=meme_RV2_Preyism)-> 作为神圣的猎物，需要学习的最重要的一课:
RV2_Preyism.descriptionMaker.rules.rulesStrings.10,lesson(tag=meme_RV2_Preyism)              ->no act is more divine than giving yourself to those you love,li,MemeDefs\Meme_Preyism.xml,def,<ALIMT >(PH_1)</ALIMT>              ->no act is more divine than giving yourself to those you love,lesson(tag=meme_RV2_Preyism)-> 没有什么比把自己奉献给你爱的人更神圣了
RV2_Preyism.descriptionMaker.rules.rulesStrings.11,lesson(tag=meme_RV2_Preyism)              ->even those that do not follow our ways can be swayed with enough massages from the inside,li,MemeDefs\Meme_Preyism.xml,def,<ALIMT >(PH_1)</ALIMT>              ->even those that do not follow our ways can be swayed with enough massages from the inside,lesson(tag=meme_RV2_Preyism)-> 即使是那些不遵循我们的方式的人也可以从里面获得足够的按摩来动摇
RV2_Preyism.descriptionMaker.rules.rulesStrings.12,"lessonReinforcement(tag=meme_RV2_Preyism) ->Before we accept new members, we must make sure they understand this.",li,MemeDefs\Meme_Preyism.xml,def,"<ALIMT >(PH_1)</ALIMT> ->Before we accept new members, we must make sure they understand this.",lessonReinforcement(tag=meme_RV2_Preyism)-> 在我们接受新成员之前，我们必须确保他们明白这一点。
RV2_Preyism.descriptionMaker.rules.rulesStrings.13,archistBasis(tag=meme_RV2_Preyism)    ->The only explanation for the archotech god-machines strength and virility is that they learned to overtake and control their predators from the inside.,li,MemeDefs\Meme_Preyism.xml,def,<ALIMT >(PH_1)</ALIMT>    ->The only explanation for the archotech god-machines strength and virility is that they learned to overtake and control their predators from the inside.,archistBasis(tag=meme_RV2_Preyism)-> 对超凡科技之神-机器的力量和贞洁的唯一解释是，它们学会了从内部超越和控制它们的捕食者。
RV2_Preyism.descriptionMaker.rules.rulesStrings.14,"archistFact(tag=meme_RV2_Preyism)     ->As the consciousness of an archotech expands, it must grow its substrate by taking over the biomatter of anyone consuming them.",li,MemeDefs\Meme_Preyism.xml,def,"<ALIMT >(PH_1)</ALIMT>     ->As the consciousness of an archotech expands, it must grow its substrate by taking over the biomatter of anyone consuming them.",archistFact(tag=meme_RV2_Preyism)-> 随着超凡智能的意识扩大，它必须通过接管任何食用它的人的生物群落来种植它。
RV2_Preyism.descriptionMaker.rules.rulesStrings.15,"archistProphecy(tag=meme_RV2_Preyism) ->[inTheEnd], the archotechs will finish their final phase of growth by being consumed by the last predator, ushering in the end of all.",li,MemeDefs\Meme_Preyism.xml,def,"<ALIMT >(PH_2)</ALIMT> -><ALIMT >(PH_1)</ALIMT>, the archotechs will finish their final phase of growth by being consumed by the last predator, ushering in the end of all.","archistProphecy(tag=meme_RV2_Preyism)->[inTheEnd],超凡智能将在成长的最后阶段被最后一个捕食者吞噬，迎来一切的结束。"
RV2_Preyism.descriptionMaker.rules.rulesStrings.16,"animistBasis(tag=meme_RV2_Preyism)    ->Spirits infuse all objects around us, and we can harmonize with these spirits by acting as prey.",li,MemeDefs\Meme_Preyism.xml,def,"<ALIMT >(PH_1)</ALIMT>    ->Spirits infuse all objects around us, and we can harmonize with these spirits by acting as prey.",animistBasis(tag=meme_RV2_Preyism)-> 神灵注入我们周围的所有物体，我们可以通过充当猎物来与这些神灵协调。
RV2_Preyism.descriptionMaker.rules.rulesStrings.17,animistFact(tag=meme_RV2_Preyism)     ->We can absorb the spirit and grow our own power by being consumed.,li,MemeDefs\Meme_Preyism.xml,def,<ALIMT >(PH_1)</ALIMT>     ->We can absorb the spirit and grow our own power by being consumed.,animistFact(tag=meme_RV2_Preyism)-> 我们可以通过被消耗来汲取精神和力量。
RV2_AnalVore.label,Anal Vore,label,PreceptDefs\Precepts_AnalVore.xml,def,<ALIMT >anal</ALIMT> <ALIMT >vore</ALIMT>,肛门 吃人
RV2_AnalVore_Disliked.label,disliked,label,PreceptDefs\Precepts_AnalVore.xml,def,disliked,反感
RV2_AnalVore_Disliked.description,Anal vore is not okay.,description,PreceptDefs\Precepts_AnalVore.xml,def,<ALIMT >anal</ALIMT> <ALIMT >vore</ALIMT> is not okay.,analvore不好。
RV2_AnalVore_Disliked.stages.0.label,I participated in anal vore,label,PreceptDefs\Precepts_AnalVore.xml,def,I participated in <ALIMT >anal</ALIMT> <ALIMT >vore</ALIMT>,我参加analvore
RV2_AnalVore_Disliked.stages.0.description,"I should not have done that, my ideology discourages it",description,PreceptDefs\Precepts_AnalVore.xml,def,"I should not have done that, my ideology discourages it",我不应该那样做，我的文化让我不鼓励
RV2_AnalVore_Know_Disliked.stages.0.label,Anal vore participant,label,PreceptDefs\Precepts_AnalVore.xml,def,<ALIMT >anal</ALIMT> <ALIMT >vore</ALIMT> participant,analvore参与者
RV2_AnalVore_Abhorrent.label,abhorrent,label,PreceptDefs\Precepts_AnalVore.xml,def,abhorrent,厌恶
RV2_AnalVore_Abhorrent.description,Anal vore is an affront to our belief.,description,PreceptDefs\Precepts_AnalVore.xml,def,<ALIMT >anal</ALIMT> <ALIMT >vore</ALIMT> is an affront to our belief.,analvore是对我们信仰的亵渎。
RV2_AnalVore_Abhorrent.stages.0.label,Anal vore,label,PreceptDefs\Precepts_AnalVore.xml,def,<ALIMT >anal</ALIMT> <ALIMT >vore</ALIMT>,肛门 吃人
RV2_AnalVore_Abhorrent.stages.0.description,I participated in anal vore when it is against my ideology. I feel horrible.,description,PreceptDefs\Precepts_AnalVore.xml,def,I participated in <ALIMT >anal</ALIMT> <ALIMT >vore</ALIMT> when it is against my ideology. I feel horrible.,我参加analvore当这违背了我的文化形态时。我感觉很糟糕。
RV2_AnalVore_Know_Abhorrent.stages.0.label,Someone anally vored!!,label,PreceptDefs\Precepts_AnalVore.xml,def,Someone anally vored!!,有人被阿玛托死了!!
RV2_AnalVore_Know_Abhorrent.stages.0.description,"One of us partook in anal vore, this is a disgusting insult to our beliefs!",description,PreceptDefs\Precepts_AnalVore.xml,def,"One of us partook in <ALIMT >anal</ALIMT> <ALIMT >vore</ALIMT>, this is a disgusting insult to our beliefs!","我们中的一员参与analvore,这是对我们信仰的令人作呕的侮辱!"
RV2_AnalVore_Know_Social_Abhorrent.stages.0.label,Anal vore,label,PreceptDefs\Precepts_AnalVore.xml,def,<ALIMT >anal</ALIMT> <ALIMT >vore</ALIMT>,肛门 吃人
RV2_AnalVore_Liked.label,liked,label,PreceptDefs\Precepts_AnalVore.xml,def,liked,喜爱
RV2_AnalVore_Liked.description,Anal vore is to be praised and encouraged.,description,PreceptDefs\Precepts_AnalVore.xml,def,<ALIMT >anal</ALIMT> <ALIMT >vore</ALIMT> is to be praised and encouraged.,analvore受到表扬和鼓励。
RV2_AnalVore_Liked.stages.0.label,Anal vore,label,PreceptDefs\Precepts_AnalVore.xml,def,<ALIMT >anal</ALIMT> <ALIMT >vore</ALIMT>,肛门 吃人
RV2_AnalVore_Liked.stages.0.description,Partaking in this divine art fills me with joy,description,PreceptDefs\Precepts_AnalVore.xml,def,Partaking in this divine art fills me with joy,参与这神圣的艺术使我感到愉悦
RV2_AnalVore_Know_Liked.stages.0.label,Anal vore participant,label,PreceptDefs\Precepts_AnalVore.xml,def,<ALIMT >anal</ALIMT> <ALIMT >vore</ALIMT> participant,analvore参与者
RV2_AnalVore_Required.label,required,label,PreceptDefs\Precepts_AnalVore.xml,def,required,必需
RV2_AnalVore_Required.description,"The anus is a divine body part, demanding regular worship through anal vore.",description,PreceptDefs\Precepts_AnalVore.xml,def,"The <ALIMT >anus</ALIMT> is a divine body part, demanding regular worship through <ALIMT >anal</ALIMT> <ALIMT >vore</ALIMT>.",该肛门是神圣的身体部件，要求定期崇拜通过analvore没有。
RV2_AnalVore_Required.comps.3.description,No anal vore for {VORERELATEDINTERVAL} days,description,PreceptDefs\Precepts_AnalVore.xml,def,No <ALIMT >anal</ALIMT> <ALIMT >vore</ALIMT> for <ALIMT >(PH_1)</ALIMT> days,否analvore与{VORERELATEDINTERVAL}天
RV2_AnalVore_Required.stages.0.label,Anally vored,label,PreceptDefs\Precepts_AnalVore.xml,def,Anally vored,佛教徒
RV2_AnalVore_Required.stages.0.description,A divine act to express my beliefs.,description,PreceptDefs\Precepts_AnalVore.xml,def,A divine act to express my beliefs.,用以表达我的信仰的神圣行为。
RV2_AnalVore_Know_Required.stages.0.label,Someone anally vored!,label,PreceptDefs\Precepts_AnalVore.xml,def,Someone anally vored!,有人接受了训练!
RV2_AnalVore_Know_Required.stages.0.description,"One of our members was involved in anal vore, a very respectable act!",description,PreceptDefs\Precepts_AnalVore.xml,def,"One of our members was involved in <ALIMT >anal</ALIMT> <ALIMT >vore</ALIMT>, a very respectable act!","我们的一名成员参与了analvore,体面的行为!"
RV2_AnalVore_Know_Social_Required.stages.0.label,divine anal vore participant,label,PreceptDefs\Precepts_AnalVore.xml,def,divine <ALIMT >anal</ALIMT> <ALIMT >vore</ALIMT> participant,神圣analvore参与者
RV2_NoRecentAnalVore_Required.stages.0.label,want to participate in anal vore,label,PreceptDefs\Precepts_AnalVore.xml,def,want to participate in <ALIMT >anal</ALIMT> <ALIMT >vore</ALIMT>,想要参加analvore
RV2_NoRecentAnalVore_Required.stages.0.description,It's been far too long since I was involved in an act of anal vore.,description,PreceptDefs\Precepts_AnalVore.xml,def,It's been far too long since I was involved in an act of <ALIMT >anal</ALIMT> <ALIMT >vore</ALIMT>.,我已经很久没有被卷入analvore没有。
RV2_AnimalPredator.label,Animal Predator,label,PreceptDefs\Precepts_AnimalPredator.xml,def,Animal Predator,动物捕食者
RV2_AnimalPredator_Disliked.label,disliked,label,PreceptDefs\Precepts_AnimalPredator.xml,def,disliked,反感
RV2_AnimalPredator_Disliked.description,Being vored by animals is not okay.,description,PreceptDefs\Precepts_AnimalPredator.xml,def,Being vored by animals is not okay.,被动物奴役是不行的。
RV2_AnimalPredator_Disliked.stages.0.label,I was vored by an animal,label,PreceptDefs\Precepts_AnimalPredator.xml,def,I was vored by an animal,我被一只动物驱赶
RV2_AnimalPredator_Disliked.stages.0.description,"I should not have done that, my ideology discourages it",description,PreceptDefs\Precepts_AnimalPredator.xml,def,"I should not have done that, my ideology discourages it",我不应该那样做，我的文化让我不鼓励
RV2_AnimalPredator_Know_Disliked.stages.0.label,vored by an animal,label,PreceptDefs\Precepts_AnimalPredator.xml,def,vored by an animal,被动物奴役
RV2_AnimalPredator_Abhorrent.label,abhorrent,label,PreceptDefs\Precepts_AnimalPredator.xml,def,abhorrent,厌恶
RV2_AnimalPredator_Abhorrent.description,"We are not meant to be vored by Animals, doing so is a disgusting insult to our ideology.",description,PreceptDefs\Precepts_AnimalPredator.xml,def,"We are not meant to be vored by Animals, doing so is a disgusting insult to our ideology.",我们不应该被动物庇护，这样做是对我们文化的令人作呕的侮辱。
RV2_AnimalPredator_Abhorrent.stages.0.label,Animal vore,label,PreceptDefs\Precepts_AnimalPredator.xml,def,Animal <ALIMT >vore</ALIMT>,动物吃人
RV2_AnimalPredator_Abhorrent.stages.0.description,I was vored by an animal when it is against my ideology. I feel horrible.,description,PreceptDefs\Precepts_AnimalPredator.xml,def,I was vored by an animal when it is against my ideology. I feel horrible.,当一只动物违背我的文化形态时，我受到了它的庇护。我感觉很糟糕。
RV2_AnimalPredator_Know_Abhorrent.stages.0.label,Someone was vored by an animal!!,label,PreceptDefs\Precepts_AnimalPredator.xml,def,Someone was vored by an animal!!,有人被动物奴役了!!
RV2_AnimalPredator_Know_Abhorrent.stages.0.description,"One of us was consumed by an animal, this is a disgusting insult to our beliefs!",description,PreceptDefs\Precepts_AnimalPredator.xml,def,"One of us was consumed by an animal, this is a disgusting insult to our beliefs!",我们中的一员被动物吞食了，这是对我们信仰的侮辱!
RV2_AnimalPredator_Know_Social_Abhorrent.stages.0.label,vored by animal,label,PreceptDefs\Precepts_AnimalPredator.xml,def,vored by animal,被动物奴役
RV2_AnimalPredator_Liked.label,liked,label,PreceptDefs\Precepts_AnimalPredator.xml,def,liked,喜爱
RV2_AnimalPredator_Liked.description,Being Vored by animals is encouraged,description,PreceptDefs\Precepts_AnimalPredator.xml,def,Being Vored by animals is encouraged,鼓励被动物奴役
RV2_AnimalPredator_Liked.stages.0.label,I was vored by an animal,label,PreceptDefs\Precepts_AnimalPredator.xml,def,I was vored by an animal,我被一只动物驱赶
RV2_AnimalPredator_Liked.stages.0.description,Partaking in this divine art fills me with joy,description,PreceptDefs\Precepts_AnimalPredator.xml,def,Partaking in this divine art fills me with joy,参与这神圣的艺术使我感到愉悦
RV2_AnimalPredator_Know_Liked.stages.0.label,animal food,label,PreceptDefs\Precepts_AnimalPredator.xml,def,animal food,动物性食物
RV2_AnimalPredator_Required.label,required,label,PreceptDefs\Precepts_AnimalPredator.xml,def,required,必需
RV2_AnimalPredator_Required.description,"We are born to be food for animals, only through regular consumption can we stay true to our beliefs.",description,PreceptDefs\Precepts_AnimalPredator.xml,def,"We are born to be food for animals, only through regular consumption can we stay true to our beliefs.",我们生来就是动物的食物，只有通过定期食用，我们才能坚持我们的信仰。
RV2_AnimalPredator_Required.comps.3.description,Not vored by an animal for {VORERELATEDINTERVAL} days,description,PreceptDefs\Precepts_AnimalPredator.xml,def,Not vored by an animal for <ALIMT >(PH_1)</ALIMT> days,未被动物奴役{VORERELATEDINTERVAL}天
RV2_AnimalPredator_Required.stages.0.label,Vored by animal,label,PreceptDefs\Precepts_AnimalPredator.xml,def,Vored by animal,被动物奴役
RV2_AnimalPredator_Required.stages.0.description,By being vored by animals I honor my beliefs.,description,PreceptDefs\Precepts_AnimalPredator.xml,def,By being vored by animals I honor my beliefs.,被动物奴役，我的信仰得到尊重。
RV2_AnimalPredator_Know_Required.stages.0.label,Someone was vored by an animal!,label,PreceptDefs\Precepts_AnimalPredator.xml,def,Someone was vored by an animal!,有人被动物奴役了!
RV2_AnimalPredator_Know_Required.stages.0.description,"One of our members was consumed by an animal, a very respectable act!",description,PreceptDefs\Precepts_AnimalPredator.xml,def,"One of our members was consumed by an animal, a very respectable act!",我们的一名成员被一只动物吞食了，这是一种非常值得尊敬的行为!
RV2_AnimalPredator_Know_Social_Required.stages.0.label,divine animal enjoyer,label,PreceptDefs\Precepts_AnimalPredator.xml,def,divine animal enjoyer,神圣的动物爱好者
RV2_NoRecentAnimalPredator_Required.stages.0.label,want to be vored by animals,label,PreceptDefs\Precepts_AnimalPredator.xml,def,want to be vored by animals,希望被动物掠夺
RV2_NoRecentAnimalPredator_Required.stages.0.description,It's been far too long since I was last vored by an animal.,description,PreceptDefs\Precepts_AnimalPredator.xml,def,It's been far too long since I was last vored by an animal.,我已经很久没有被动物喂养了。
RV2_AnimalPredator_Abhorrent_Venerated.label,abhorrent (Venerated),label,PreceptDefs\Precepts_AnimalPredator.xml,def,abhorrent (Venerated),憎恶 (圣)
RV2_AnimalPredator_Abhorrent_Venerated.description,Voring venerated animals is abhorrent,description,PreceptDefs\Precepts_AnimalPredator.xml,def,Voring venerated animals is abhorrent,奴役圣兽令人憎恶
RV2_AnimalPredator_Abhorrent_Venerated.stages.0.label,I was vored by a venerated animal!,label,PreceptDefs\Precepts_AnimalPredator.xml,def,I was vored by a venerated animal!,我被一只圣兽驱赶!
RV2_AnimalPredator_Abhorrent_Venerated.stages.0.description,"I was vored by a sacred creature of my ideology, I am a shame to this colony",description,PreceptDefs\Precepts_AnimalPredator.xml,def,"I was vored by a sacred creature of my ideology, I am a shame to this colony",我被文化形态的神圣生物驱赶，我是这个殖民地的耻辱
RV2_AnimalPredator_Know_Abhorrent_Venerated.stages.0.label,venerated animal abuser,label,PreceptDefs\Precepts_AnimalPredator.xml,def,venerated animal abuser,虐待圣兽者
RV2_AnimalPredator_Liked_Venerated.label,liked (Venerated),label,PreceptDefs\Precepts_AnimalPredator.xml,def,liked (Venerated),喜爱 (圣兽)
RV2_AnimalPredator_Liked_Venerated.description,Vored by venerated animals is encouraged,description,PreceptDefs\Precepts_AnimalPredator.xml,def,Vored by venerated animals is encouraged,鼓励被圣兽奴役
RV2_AnimalPredator_Liked_Venerated.stages.0.label,I was vored by a venerated animal,label,PreceptDefs\Precepts_AnimalPredator.xml,def,I was vored by a venerated animal,我被一只圣兽驱赶
RV2_AnimalPredator_Liked_Venerated.stages.0.description,To be vored by such a sacred animal is truly an honor,description,PreceptDefs\Precepts_AnimalPredator.xml,def,To be vored by such a sacred animal is truly an honor,被这样一只神圣的动物奴役真是一种荣誉。
RV2_AnimalPredator_Know_Liked_Venerated.stages.0.label,venerated feeder,label,PreceptDefs\Precepts_AnimalPredator.xml,def,venerated feeder,圣兽饲养员
RV2_AnimalPrey.label,Animal Prey,label,PreceptDefs\Precepts_AnimalPrey.xml,def,Animal Prey,动物猎物
RV2_AnimalPrey_Disliked.label,disliked,label,PreceptDefs\Precepts_AnimalPrey.xml,def,disliked,反感
RV2_AnimalPrey_Disliked.description,Voring animals is not okay.,description,PreceptDefs\Precepts_AnimalPrey.xml,def,Voring animals is not okay.,收留动物是不好的。
RV2_AnimalPrey_Disliked.stages.0.label,I vored an animal,label,PreceptDefs\Precepts_AnimalPrey.xml,def,I vored an animal,我收留了一只动物
RV2_AnimalPrey_Disliked.stages.0.description,"I should not have done that, my ideology discourages it",description,PreceptDefs\Precepts_AnimalPrey.xml,def,"I should not have done that, my ideology discourages it",我不应该那样做，我的文化让我不鼓励
RV2_AnimalPrey_Know_Disliked.stages.0.label,vored an animal,label,PreceptDefs\Precepts_AnimalPrey.xml,def,vored an animal,奴役了动物
RV2_AnimalPrey_Abhorrent.label,abhorrent,label,PreceptDefs\Precepts_AnimalPrey.xml,def,abhorrent,厌恶
RV2_AnimalPrey_Abhorrent.description,"Animals are not meant to be vored, doing so is a disgusting insult to our religion.",description,PreceptDefs\Precepts_AnimalPrey.xml,def,"Animals are not meant to be vored, doing so is a disgusting insult to our religion.",动物不应该被纵容，这样做是对我们宗教的严重侮辱。
RV2_AnimalPrey_Abhorrent.stages.0.label,Animal vore,label,PreceptDefs\Precepts_AnimalPrey.xml,def,Animal <ALIMT >vore</ALIMT>,动物吃人
RV2_AnimalPrey_Abhorrent.stages.0.description,I vored an animal when it is against my ideology. I feel horrible.,description,PreceptDefs\Precepts_AnimalPrey.xml,def,I vored an animal when it is against my ideology. I feel horrible.,当一只动物违背我的文化形态时，我奴役了它。我感觉很糟糕。
RV2_AnimalPrey_Know_Abhorrent.stages.0.label,Someone vored an animal!!,label,PreceptDefs\Precepts_AnimalPrey.xml,def,Someone vored an animal!!,有人奴役了一只动物!!
RV2_AnimalPrey_Know_Abhorrent.stages.0.description,"One of us consumed an animal, this is a disgusting insult to our beliefs!",description,PreceptDefs\Precepts_AnimalPrey.xml,def,"One of us consumed an animal, this is a disgusting insult to our beliefs!",我们中的一员吃了一只动物，这是对我们信仰的侮辱!
RV2_AnimalPrey_Know_Social_Abhorrent.stages.0.label,vored animal,label,PreceptDefs\Precepts_AnimalPrey.xml,def,vored animal,被收留的动物
RV2_AnimalPrey_Liked.label,liked,label,PreceptDefs\Precepts_AnimalPrey.xml,def,liked,喜爱
RV2_AnimalPrey_Liked.description,Voring animals is encouraged,description,PreceptDefs\Precepts_AnimalPrey.xml,def,Voring animals is encouraged,鼓励收留动物
RV2_AnimalPrey_Liked.stages.0.label,I vored an animal,label,PreceptDefs\Precepts_AnimalPrey.xml,def,I vored an animal,我收留了一只动物
RV2_AnimalPrey_Liked.stages.0.description,Partaking in this divine art fills me with joy,description,PreceptDefs\Precepts_AnimalPrey.xml,def,Partaking in this divine art fills me with joy,参与这神圣的艺术使我感到愉悦
RV2_AnimalPrey_Know_Liked.stages.0.label,animal taster,label,PreceptDefs\Precepts_AnimalPrey.xml,def,animal taster,试兽官
RV2_AnimalPrey_Required.label,required,label,PreceptDefs\Precepts_AnimalPrey.xml,def,required,必需
RV2_AnimalPrey_Required.description,"We are born to vore animals, only through regular consumption can we stay true to our beliefs.",description,PreceptDefs\Precepts_AnimalPrey.xml,def,"We are born to <ALIMT >vore</ALIMT> animals, only through regular consumption can we stay true to our beliefs.",我们出生在吃人动物，只有通过定期食用，我们才能忠实于我们的信仰。
RV2_AnimalPrey_Required.comps.3.description,Not vored an animal for {VORERELATEDINTERVAL} days,description,PreceptDefs\Precepts_AnimalPrey.xml,def,Not vored an animal for <ALIMT >(PH_1)</ALIMT> days,没有将动物收留给{VORERELATEDINTERVAL}天
RV2_AnimalPrey_Required.stages.0.label,Vored animal,label,PreceptDefs\Precepts_AnimalPrey.xml,def,Vored animal,被收留的动物
RV2_AnimalPrey_Required.stages.0.description,By voring animals I honor my beliefs.,description,PreceptDefs\Precepts_AnimalPrey.xml,def,By voring animals I honor my beliefs.,通过收留动物，我尊重我的信仰。
RV2_AnimalPrey_Know_Required.stages.0.label,Someone vored an animal!,label,PreceptDefs\Precepts_AnimalPrey.xml,def,Someone vored an animal!,有人收留了一只动物!
RV2_AnimalPrey_Know_Required.stages.0.description,"One of our members consumed animal prey, a very respectable act!",description,PreceptDefs\Precepts_AnimalPrey.xml,def,"One of our members consumed animal prey, a very respectable act!",我们的一名成员吞噬了动物猎物，这是一种非常值得尊敬的行为!
RV2_AnimalPrey_Know_Social_Required.stages.0.label,divine animal enjoyer,label,PreceptDefs\Precepts_AnimalPrey.xml,def,divine animal enjoyer,神圣的动物爱好者
RV2_NoRecentAnimalPrey_Required.stages.0.label,want to vore animals,label,PreceptDefs\Precepts_AnimalPrey.xml,def,want to <ALIMT >vore</ALIMT> animals,想要吃人驯兽工作
RV2_NoRecentAnimalPrey_Required.stages.0.description,It's been far too long since I last vored an animal.,description,PreceptDefs\Precepts_AnimalPrey.xml,def,It's been far too long since I last vored an animal.,我已经很久很久没有体验过一只动物了。
RV2_AnimalPrey_Abhorrent_Venerated.label,abhorrent (Venerated),label,PreceptDefs\Precepts_AnimalPrey.xml,def,abhorrent (Venerated),憎恶 (圣)
RV2_AnimalPrey_Abhorrent_Venerated.description,Voring venerated animals is abhorrent,description,PreceptDefs\Precepts_AnimalPrey.xml,def,Voring venerated animals is abhorrent,奴役圣兽令人憎恶
RV2_AnimalPrey_Abhorrent_Venerated.stages.0.label,I vored a venerated animal!,label,PreceptDefs\Precepts_AnimalPrey.xml,def,I vored a venerated animal!,我崇拜了一只圣兽!
RV2_AnimalPrey_Abhorrent_Venerated.stages.0.description,"I vored a sacred creature of my ideology, I am a shame to this colony",description,PreceptDefs\Precepts_AnimalPrey.xml,def,"I vored a sacred creature of my ideology, I am a shame to this colony",我掠夺了一个符合我文化形态的神圣生物，我是这个殖民地的耻辱
RV2_AnimalPrey_Know_Abhorrent_Venerated.stages.0.label,venerated animal abuser,label,PreceptDefs\Precepts_AnimalPrey.xml,def,venerated animal abuser,虐待圣兽者
RV2_AnimalPrey_Liked_Venerated.label,liked (Venerated),label,PreceptDefs\Precepts_AnimalPrey.xml,def,liked (Venerated),喜爱 (圣兽)
RV2_AnimalPrey_Liked_Venerated.description,Voring venerated animals is encouraged,description,PreceptDefs\Precepts_AnimalPrey.xml,def,Voring venerated animals is encouraged,鼓励奴役圣兽
RV2_AnimalPrey_Liked_Venerated.stages.0.label,I vored a venerated animal,label,PreceptDefs\Precepts_AnimalPrey.xml,def,I vored a venerated animal,我哺育了一只圣兽
RV2_AnimalPrey_Liked_Venerated.stages.0.description,To vore such a sacred animal is truly an honor,description,PreceptDefs\Precepts_AnimalPrey.xml,def,To <ALIMT >vore</ALIMT> such a sacred animal is truly an honor,到吃人这样一个神圣的动物真是一种荣誉。
RV2_AnimalPrey_Know_Liked_Venerated.stages.0.label,venerated taster,label,PreceptDefs\Precepts_AnimalPrey.xml,def,venerated taster,圣膳官
RV2_CockVore.label,Cock Vore,label,PreceptDefs\Precepts_CockVore.xml,def,Cock <ALIMT >vore</ALIMT>,公鸡吃人
RV2_CockVore_Disliked.label,disliked,label,PreceptDefs\Precepts_CockVore.xml,def,disliked,反感
RV2_CockVore_Disliked.description,Cock vore is not okay.,description,PreceptDefs\Precepts_CockVore.xml,def,Cock <ALIMT >vore</ALIMT> is not okay.,公鸡吃人不好。
RV2_CockVore_Disliked.stages.0.label,I participated in cock vore,label,PreceptDefs\Precepts_CockVore.xml,def,I participated in cock <ALIMT >vore</ALIMT>,我参与公鸡吃人
RV2_CockVore_Disliked.stages.0.description,"I should not have done that, my ideology discourages it",description,PreceptDefs\Precepts_CockVore.xml,def,"I should not have done that, my ideology discourages it",我不应该那样做，我的文化让我不鼓励
RV2_CockVore_Know_Disliked.stages.0.label,Cock vore participant,label,PreceptDefs\Precepts_CockVore.xml,def,Cock <ALIMT >vore</ALIMT> participant,公鸡吃人参与者
RV2_CockVore_Abhorrent.label,abhorrent,label,PreceptDefs\Precepts_CockVore.xml,def,abhorrent,厌恶
RV2_CockVore_Abhorrent.description,Cock vore is an affront to our belief.,description,PreceptDefs\Precepts_CockVore.xml,def,Cock <ALIMT >vore</ALIMT> is an affront to our belief.,公鸡吃人是对我们信仰的亵渎。
RV2_CockVore_Abhorrent.stages.0.label,Cock vore,label,PreceptDefs\Precepts_CockVore.xml,def,Cock <ALIMT >vore</ALIMT>,公鸡吃人
RV2_CockVore_Abhorrent.stages.0.description,I participated in cock vore when it is against my ideology. I feel horrible.,description,PreceptDefs\Precepts_CockVore.xml,def,I participated in cock <ALIMT >vore</ALIMT> when it is against my ideology. I feel horrible.,我参与公鸡吃人当这违背了我的文化形态时。我感觉很糟糕。
RV2_CockVore_Know_Abhorrent.stages.0.label,Someone cock vored!!,label,PreceptDefs\Precepts_CockVore.xml,def,Someone cock vored!!,有人把鸡巴轰了!!
RV2_CockVore_Know_Abhorrent.stages.0.description,"One of us partook in cock vore, this is a disgusting insult to our beliefs!",description,PreceptDefs\Precepts_CockVore.xml,def,"One of us partook in cock <ALIMT >vore</ALIMT>, this is a disgusting insult to our beliefs!","我们中的一员加入吃人,这是对我们信仰的令人作呕的侮辱!"
RV2_CockVore_Know_Social_Abhorrent.stages.0.label,Cock vore,label,PreceptDefs\Precepts_CockVore.xml,def,Cock <ALIMT >vore</ALIMT>,公鸡吃人
RV2_CockVore_Liked.label,liked,label,PreceptDefs\Precepts_CockVore.xml,def,liked,喜爱
RV2_CockVore_Liked.description,Cock vore is to be praised and encouraged.,description,PreceptDefs\Precepts_CockVore.xml,def,Cock <ALIMT >vore</ALIMT> is to be praised and encouraged.,公鸡吃人受到表扬和鼓励。
RV2_CockVore_Liked.stages.0.label,Cock vore,label,PreceptDefs\Precepts_CockVore.xml,def,Cock <ALIMT >vore</ALIMT>,公鸡吃人
RV2_CockVore_Liked.stages.0.description,Partaking in this divine art fills me with joy,description,PreceptDefs\Precepts_CockVore.xml,def,Partaking in this divine art fills me with joy,参与这神圣的艺术使我感到愉悦
RV2_CockVore_Know_Liked.stages.0.label,Cock vore participant,label,PreceptDefs\Precepts_CockVore.xml,def,Cock <ALIMT >vore</ALIMT> participant,公鸡吃人参与者
RV2_CockVore_Required.label,required,label,PreceptDefs\Precepts_CockVore.xml,def,required,必需
RV2_CockVore_Required.description,"The penis is a divine body part, demanding regular worship through cock vore.",description,PreceptDefs\Precepts_CockVore.xml,def,"The <ALIMT >penis</ALIMT> is a divine body part, demanding regular worship through cock <ALIMT >vore</ALIMT>.",该阳具/屌是神圣的身体部件，要求通过公鸡定期崇拜吃人没有。
RV2_CockVore_Required.comps.3.description,No cock vore for {VORERELATEDINTERVAL} days,description,PreceptDefs\Precepts_CockVore.xml,def,No cock <ALIMT >vore</ALIMT> for <ALIMT >(PH_1)</ALIMT> days,没有公鸡吃人与{VORERELATEDINTERVAL}天
RV2_CockVore_Required.stages.0.label,Cock vored,label,PreceptDefs\Precepts_CockVore.xml,def,Cock vored,公鸡被奴役
RV2_CockVore_Required.stages.0.description,A divine act to express my beliefs.,description,PreceptDefs\Precepts_CockVore.xml,def,A divine act to express my beliefs.,用以表达我的信仰的神圣行为。
RV2_CockVore_Know_Required.stages.0.label,Someone cock vored!,label,PreceptDefs\Precepts_CockVore.xml,def,Someone cock vored!,有人阴阳怪气!
RV2_CockVore_Know_Required.stages.0.description,"One of our members was involved in cock vore, a very respectable act!",description,PreceptDefs\Precepts_CockVore.xml,def,"One of our members was involved in cock <ALIMT >vore</ALIMT>, a very respectable act!","我们的一名成员与公鸡有牵连吃人,体面的行为!"
RV2_CockVore_Know_Social_Required.stages.0.label,divine cock vore participant,label,PreceptDefs\Precepts_CockVore.xml,def,divine cock <ALIMT >vore</ALIMT> participant,神圣公鸡吃人参与者
RV2_NoRecentCockVore_Required.stages.0.label,want to participate in cock vore,label,PreceptDefs\Precepts_CockVore.xml,def,want to participate in cock <ALIMT >vore</ALIMT>,想参加公鸡吃人
RV2_NoRecentCockVore_Required.stages.0.description,It's been far too long since I was involved in an act of cock vore.,description,PreceptDefs\Precepts_CockVore.xml,def,It's been far too long since I was involved in an act of cock <ALIMT >vore</ALIMT>.,我已经很久没遇到过鸡巴了吃人没有。
RV2_EndoVore.label,Endo Vore,label,PreceptDefs\Precepts_EndoVore.xml,def,Endo <ALIMT >vore</ALIMT>,接上吃人
RV2_EndoVore_Disliked.label,disliked,label,PreceptDefs\Precepts_EndoVore.xml,def,disliked,反感
RV2_EndoVore_Disliked.description,Not killing our prey is not okay.,description,PreceptDefs\Precepts_EndoVore.xml,def,Not killing our prey is not okay.,没有杀死猎物是不好的。
RV2_EndoVore_Disliked.stages.0.label,I participated in endo vore,label,PreceptDefs\Precepts_EndoVore.xml,def,I participated in endo <ALIMT >vore</ALIMT>,我参加了 endovore
RV2_EndoVore_Disliked.stages.0.description,"I should not have done that, my ideology discourages it",description,PreceptDefs\Precepts_EndoVore.xml,def,"I should not have done that, my ideology discourages it",我不应该那样做，我的文化让我不鼓励
RV2_EndoVore_Know_Disliked.stages.0.label,endo vore participant,label,PreceptDefs\Precepts_EndoVore.xml,def,endo <ALIMT >vore</ALIMT> participant,接上吃人参与者
RV2_EndoVore_Abhorrent.label,abhorrent,label,PreceptDefs\Precepts_EndoVore.xml,def,abhorrent,厌恶
RV2_EndoVore_Abhorrent.description,Voring others without fatal intent is an affront to our belief.,description,PreceptDefs\Precepts_EndoVore.xml,def,Voring others without fatal intent is an affront to our belief.,无罪是对我们信仰的亵渎。
RV2_EndoVore_Abhorrent.stages.0.label,Endo vore,label,PreceptDefs\Precepts_EndoVore.xml,def,Endo <ALIMT >vore</ALIMT>,接上吃人
RV2_EndoVore_Abhorrent.stages.0.description,I participated in endo vore when it is against my ideology. I feel horrible.,description,PreceptDefs\Precepts_EndoVore.xml,def,I participated in endo <ALIMT >vore</ALIMT> when it is against my ideology. I feel horrible.,我参加了 endovore当这违背了我的文化形态时。我感觉很糟糕。
RV2_EndoVore_Know_Abhorrent.stages.0.label,Someone endo vored!!,label,PreceptDefs\Precepts_EndoVore.xml,def,Someone endo vored!!,有人在 endo 中被洗劫一空!!
RV2_EndoVore_Know_Abhorrent.stages.0.description,"One of us endo vored someone, this is a disgusting insult to our beliefs!",description,PreceptDefs\Precepts_EndoVore.xml,def,"One of us endo vored someone, this is a disgusting insult to our beliefs!",我们中的一位远行的殖民者将人背弃了，这是对我们信仰的侮辱!
RV2_EndoVore_Know_Social_Abhorrent.stages.0.label,endo-vored,label,PreceptDefs\Precepts_EndoVore.xml,def,endo-vored,已被强化
RV2_EndoVore_Liked.label,liked,label,PreceptDefs\Precepts_EndoVore.xml,def,liked,喜爱
RV2_EndoVore_Liked.description,Endo vore is to be praised and encouraged.,description,PreceptDefs\Precepts_EndoVore.xml,def,Endo <ALIMT >vore</ALIMT> is to be praised and encouraged.,接上吃人受到表扬和鼓励。
RV2_EndoVore_Liked.stages.0.label,I participated in endo vore,label,PreceptDefs\Precepts_EndoVore.xml,def,I participated in endo <ALIMT >vore</ALIMT>,我参加了 endovore
RV2_EndoVore_Liked.stages.0.description,Partaking in this divine art fills me with joy,description,PreceptDefs\Precepts_EndoVore.xml,def,Partaking in this divine art fills me with joy,参与这神圣的艺术使我感到愉悦
RV2_EndoVore_Know_Liked.stages.0.label,endo-vored,label,PreceptDefs\Precepts_EndoVore.xml,def,endo-vored,已被强化
RV2_EndoVore_Required.label,required,label,PreceptDefs\Precepts_EndoVore.xml,def,required,必需
RV2_EndoVore_Required.description,"We are born to love our prey, we require regular endo vore.",description,PreceptDefs\Precepts_EndoVore.xml,def,"We are born to love our prey, we require regular endo <ALIMT >vore</ALIMT>.",我们生来就是为了爱我们的猎物，我们需要定期 endovore没有。
RV2_EndoVore_Required.comps.3.description,No endo vore for {VORERELATEDINTERVAL} days,description,PreceptDefs\Precepts_EndoVore.xml,def,No endo <ALIMT >vore</ALIMT> for <ALIMT >(PH_1)</ALIMT> days,未接上吃人与{VORERELATEDINTERVAL}天
RV2_EndoVore_Required.stages.0.label,Endo vored,label,PreceptDefs\Precepts_EndoVore.xml,def,Endo vored,Endo 被伏击
RV2_EndoVore_Required.stages.0.description,By engaging in vore in a non-lethal way I honor my beliefs.,description,PreceptDefs\Precepts_EndoVore.xml,def,By engaging in <ALIMT >vore</ALIMT> in a non-lethal way I honor my beliefs.,通过从事吃人我以非致命的方式尊重我的信仰。
RV2_EndoVore_Know_Required.stages.0.label,Someone endo vored!,label,PreceptDefs\Precepts_EndoVore.xml,def,Someone endo vored!,有人 endo 被洗劫一空!
RV2_EndoVore_Know_Required.stages.0.description,"One of our members vored without malicious intent, a very respectable act!",description,PreceptDefs\Precepts_EndoVore.xml,def,"One of our members vored without malicious intent, a very respectable act!",我们的一名成员无怨无悔地游荡，这是一种非常可敬的行为!
RV2_EndoVore_Know_Social_Required.stages.0.label,divine endo lover,label,PreceptDefs\Precepts_EndoVore.xml,def,divine endo lover,神圣远行情人
RV2_NoRecentEndoVore_Required.stages.0.label,want to endo vore prey,label,PreceptDefs\Precepts_EndoVore.xml,def,want to endo <ALIMT >vore</ALIMT> prey,想接上吃人猎物
RV2_NoRecentEndoVore_Required.stages.0.description,It's been far too long since I last endo-vored someone.,description,PreceptDefs\Precepts_EndoVore.xml,def,It's been far too long since I last endo-vored someone.,我已经很久很久没和一个人认识了。
RV2_FatalVore.label,Fatal Vore,label,PreceptDefs\Precepts_FatalVore.xml,def,Fatal <ALIMT >vore</ALIMT>,致命吃人
RV2_FatalVore_Disliked.label,disliked,label,PreceptDefs\Precepts_FatalVore.xml,def,disliked,反感
RV2_FatalVore_Disliked.description,Murdering innocent prey is not okay.,description,PreceptDefs\Precepts_FatalVore.xml,def,Murdering innocent prey is not okay.,谋杀无辜猎物是不好的。
RV2_FatalVore_Disliked.stages.0.label,I participated in fatal vore,label,PreceptDefs\Precepts_FatalVore.xml,def,I participated in fatal <ALIMT >vore</ALIMT>,我参与致死吃人
RV2_FatalVore_Disliked.stages.0.description,"I should not have done that, my ideology discourages it",description,PreceptDefs\Precepts_FatalVore.xml,def,"I should not have done that, my ideology discourages it",我不应该那样做，我的文化让我不鼓励
RV2_FatalVore_Know_Disliked.stages.0.label,fatal vore participant,label,PreceptDefs\Precepts_FatalVore.xml,def,fatal <ALIMT >vore</ALIMT> participant,致命吃人参与者
RV2_FatalVore_Abhorrent.label,abhorrent,label,PreceptDefs\Precepts_FatalVore.xml,def,abhorrent,厌恶
RV2_FatalVore_Abhorrent.description,Anyone willing to kill during vore deserves our hate.,description,PreceptDefs\Precepts_FatalVore.xml,def,Anyone willing to kill during <ALIMT >vore</ALIMT> deserves our hate.,期间内有愿意杀人的殖民者吃人罪有应得。
RV2_FatalVore_Abhorrent.stages.0.label,Fatally vored someone,label,PreceptDefs\Precepts_FatalVore.xml,def,Fatally vored someone,折磨死了某人
RV2_FatalVore_Abhorrent.stages.0.description,I killed someone during vore when it is against my ideology. I feel horrible.,description,PreceptDefs\Precepts_FatalVore.xml,def,I killed someone during <ALIMT >vore</ALIMT> when it is against my ideology. I feel horrible.,我在吃人当这违背了我的文化形态时。我感觉很糟糕。
RV2_FatalVore_Know_Abhorrent.stages.0.label,Someone fatally vored!!,label,PreceptDefs\Precepts_FatalVore.xml,def,Someone fatally vored!!,有人死了!!
RV2_FatalVore_Know_Abhorrent.stages.0.description,"One of us fatally vored someone, this is a disgusting insult to our beliefs!",description,PreceptDefs\Precepts_FatalVore.xml,def,"One of us fatally vored someone, this is a disgusting insult to our beliefs!",我们中的一员死了一个人，这是对我们信仰的侮辱!
RV2_FatalVore_Know_Social_Abhorrent.stages.0.label,killed prey,label,PreceptDefs\Precepts_FatalVore.xml,def,killed prey,杀死猎物
RV2_FatalVore_Liked.label,liked,label,PreceptDefs\Precepts_FatalVore.xml,def,liked,喜爱
RV2_FatalVore_Liked.description,Fatal vore is to be praised and encouraged.,description,PreceptDefs\Precepts_FatalVore.xml,def,Fatal <ALIMT >vore</ALIMT> is to be praised and encouraged.,致命吃人受到表扬和鼓励。
RV2_FatalVore_Liked.stages.0.label,I fatally vored someone,label,PreceptDefs\Precepts_FatalVore.xml,def,I fatally vored someone,我死了一个人
RV2_FatalVore_Liked.stages.0.description,Partaking in this divine art fills me with joy,description,PreceptDefs\Precepts_FatalVore.xml,def,Partaking in this divine art fills me with joy,参与这神圣的艺术使我感到愉悦
RV2_FatalVore_Know_Liked.stages.0.label,prey killer,label,PreceptDefs\Precepts_FatalVore.xml,def,prey killer,猎物杀手
RV2_FatalVore_Required.label,required,label,PreceptDefs\Precepts_FatalVore.xml,def,required,必需
RV2_FatalVore_Required.description,"We are born killers, we require regular fatal vore.",description,PreceptDefs\Precepts_FatalVore.xml,def,"We are born killers, we require regular fatal <ALIMT >vore</ALIMT>.",我们是天生的杀手，我们要求定期致命吃人没有。
RV2_FatalVore_Required.comps.3.description,No fatal vore for {VORERELATEDINTERVAL} days,description,PreceptDefs\Precepts_FatalVore.xml,def,No fatal <ALIMT >vore</ALIMT> for <ALIMT >(PH_1)</ALIMT> days,无致命性吃人与{VORERELATEDINTERVAL}天
RV2_FatalVore_Required.stages.0.label,Fatally vored someone,label,PreceptDefs\Precepts_FatalVore.xml,def,Fatally vored someone,折磨死了某人
RV2_FatalVore_Required.stages.0.description,By voring and killing my prey I honor my beliefs.,description,PreceptDefs\Precepts_FatalVore.xml,def,By voring and killing my prey I honor my beliefs.,通过奴役和杀害我的猎物，我敬重我的信仰。
RV2_FatalVore_Know_Required.stages.0.label,Someone fatally vored!,label,PreceptDefs\Precepts_FatalVore.xml,def,Someone fatally vored!,有人死了!
RV2_FatalVore_Know_Required.stages.0.description,"One of our members killed their prey during vore, a very respectable act!",description,PreceptDefs\Precepts_FatalVore.xml,def,"One of our members killed their prey during <ALIMT >vore</ALIMT>, a very respectable act!","我们的一名成员在吃人,体面的行为!"
RV2_FatalVore_Know_Social_Required.stages.0.label,divine prey killer,label,PreceptDefs\Precepts_FatalVore.xml,def,divine prey killer,神圣的猎物杀手
RV2_NoRecentFatalVore_Required.stages.0.label,want to kill prey,label,PreceptDefs\Precepts_FatalVore.xml,def,want to kill prey,想要杀死猎物
RV2_NoRecentFatalVore_Required.stages.0.description,It's been far too long since I last fatally vored someone.,description,PreceptDefs\Precepts_FatalVore.xml,def,It's been far too long since I last fatally vored someone.,我已经很久很久没和一个人玩了。
RV2_Feeding.label,Feeding,label,PreceptDefs\Precepts_Feeding.xml,def,Feeding,喂养
RV2_Feeding_Disliked.label,disliked,label,PreceptDefs\Precepts_Feeding.xml,def,disliked,反感
RV2_Feeding_Disliked.description,We are not meant to make others vore.,description,PreceptDefs\Precepts_Feeding.xml,def,We are not meant to make others <ALIMT >vore</ALIMT>.,我们不是有意制造他人的吃人没有。
RV2_FeederInitiatedVore_Disliked.stages.0.label,I was vored,label,PreceptDefs\Precepts_Feeding.xml,def,I was vored,我被伏击了
RV2_FeederInitiatedVore_Disliked.stages.0.description,"I should not have done that, my ideology discourages it",description,PreceptDefs\Precepts_Feeding.xml,def,"I should not have done that, my ideology discourages it",我不应该那样做，我的文化让我不鼓励
RV2_FeederInitiatedVore_Know_Disliked.stages.0.label,shunned feeder,label,PreceptDefs\Precepts_Feeding.xml,def,shunned feeder,受嫌弃的饲养员
RV2_Feeding_Abhorrent.label,abhorrent,label,PreceptDefs\Precepts_Feeding.xml,def,abhorrent,厌恶
RV2_Feeding_Abhorrent.description,Anyone daring to act as a feeder is to be shunned.,description,PreceptDefs\Precepts_Feeding.xml,def,Anyone daring to act as a feeder is to be shunned.,任何胆敢充当饲养员的人都将被避开。
RV2_FeederInitiatedVore_Abhorrent.stages.0.label,I fed someone,label,PreceptDefs\Precepts_Feeding.xml,def,I fed someone,我喂了人
RV2_FeederInitiatedVore_Abhorrent.stages.0.description,"I acted as a feeder, what a horrible affront to my ideology!",description,PreceptDefs\Precepts_Feeding.xml,def,"I acted as a feeder, what a horrible affront to my ideology!",我充当了饲养员，这是对我的文化形态的亵渎!
RV2_FeederInitiatedVore_Know_Abhorrent.stages.0.label,Someone was a feder!!,label,PreceptDefs\Precepts_Feeding.xml,def,Someone was a feder!!,有人使用过 feeder!!
RV2_FeederInitiatedVore_Know_Abhorrent.stages.0.description,"One of us fed someone, this is a disgusting insult to our beliefs!",description,PreceptDefs\Precepts_Feeding.xml,def,"One of us fed someone, this is a disgusting insult to our beliefs!",我们中的一员喂了人血，这是对我们信仰的侮辱!
RV2_FeederInitiatedVore_Know_Social_Abhorrent.stages.0.label,disgusting feeder,label,PreceptDefs\Precepts_Feeding.xml,def,disgusting feeder,恶心的饲养员
RV2_Feeding_Liked.label,liked,label,PreceptDefs\Precepts_Feeding.xml,def,liked,喜爱
RV2_Feeding_Liked.description,Feeding predators is to be praised and encouraged.,description,PreceptDefs\Precepts_Feeding.xml,def,Feeding predators is to be praised and encouraged.,喂养捕食者将受到表扬和鼓励。
RV2_FeederInitiatedVore_Liked.stages.0.label,I fed someone,label,PreceptDefs\Precepts_Feeding.xml,def,I fed someone,我喂了人
RV2_FeederInitiatedVore_Liked.stages.0.description,Partaking in this divine art fills me with joy,description,PreceptDefs\Precepts_Feeding.xml,def,Partaking in this divine art fills me with joy,参与这神圣的艺术使我感到愉悦
RV2_FeederInitiatedVore_Know_Liked.stages.0.label,admirable feeder,label,PreceptDefs\Precepts_Feeding.xml,def,admirable feeder,令人钦佩的饲养员
RV2_Feeding_Required.label,required,label,PreceptDefs\Precepts_Feeding.xml,def,required,必需
RV2_Feeding_Required.description,"We are the driving hand of vore, it is our job to find the perfect vore partners.",description,PreceptDefs\Precepts_Feeding.xml,def,"We are the driving hand of <ALIMT >vore</ALIMT>, it is our job to find the perfect <ALIMT >vore</ALIMT> partners.","我们是吃人,我们的工作就是找到最完美的吃人伙伴们。"
RV2_Feeding_Required.comps.3.description,Not fed anyone for {VORERELATEDINTERVAL} days,description,PreceptDefs\Precepts_Feeding.xml,def,Not fed anyone for <ALIMT >(PH_1)</ALIMT> days,不喂食任何人为{VORERELATEDINTERVAL}天
RV2_FeederInitiatedVore_Required.stages.0.label,I fed someone,label,PreceptDefs\Precepts_Feeding.xml,def,I fed someone,我喂了人
RV2_FeederInitiatedVore_Required.stages.0.description,By shoving someone into a predator I can express my beliefs.,description,PreceptDefs\Precepts_Feeding.xml,def,By shoving someone into a predator I can express my beliefs.,通过将人塞进捕食者体内，我可以表达我的信仰。
RV2_FeederInitiatedVore_Know_Required.stages.0.label,Someone was a feeder!,label,PreceptDefs\Precepts_Feeding.xml,def,Someone was a feeder!,有人曾是汲血者!
RV2_FeederInitiatedVore_Know_Required.stages.0.description,"One of our members made sure a predator got fed, very admirable!",description,PreceptDefs\Precepts_Feeding.xml,def,"One of our members made sure a predator got fed, very admirable!",我们的一名成员确保汲食了捕食者，这非常令人钦佩!
RV2_FeederInitiatedVore_Know_Social_Required.stages.0.label,divine feeder,label,PreceptDefs\Precepts_Feeding.xml,def,divine feeder,神圣饲养员
RV2_NoRecentFeederInitiatedVore_Required.stages.0.label,want to be feeder,label,PreceptDefs\Precepts_Feeding.xml,def,want to be feeder,想成为饲养员
RV2_NoRecentFeederInitiatedVore_Required.stages.0.description,It's been far too long since I last fed someone.,description,PreceptDefs\Precepts_Feeding.xml,def,It's been far too long since I last fed someone.,我已经很久没喂过人了。
RV2_GenderedPredation.label,Gendered predation,label,PreceptDefs\Precepts_GenderedPredation.xml,def,Gendered predation,性别掠夺
RV2_GenderedPredation_FemaleOnly.label,female prey only,label,PreceptDefs\Precepts_GenderedPredation.xml,def,female prey only,仅限雌性猎物
RV2_GenderedPredation_FemaleOnly.description,Only females may serve as prey.,description,PreceptDefs\Precepts_GenderedPredation.xml,def,Only females may serve as prey.,只有雌性可以作为猎物。
RV2_GenderedPredation_FemalePreferred.label,female prey encouraged,label,PreceptDefs\Precepts_GenderedPredation.xml,def,female prey encouraged,鼓励雌性猎物
RV2_GenderedPredation_FemalePreferred.description,Females should serve as prey.,description,PreceptDefs\Precepts_GenderedPredation.xml,def,Females should serve as prey.,雌性应该作为猎物。
RV2_GenderedPredation_MalePreferred.label,male prey encouraged,label,PreceptDefs\Precepts_GenderedPredation.xml,def,male prey encouraged,雄性猎物被鼓励
RV2_GenderedPredation_MalePreferred.description,Males should serve as prey.,description,PreceptDefs\Precepts_GenderedPredation.xml,def,Males should serve as prey.,雄性应该作为猎物。
RV2_GenderedPredation_MaleOnly.label,male prey only,label,PreceptDefs\Precepts_GenderedPredation.xml,def,male prey only,仅限雄性猎物
RV2_GenderedPredation_MaleOnly.description,Only males may serve as prey.,description,PreceptDefs\Precepts_GenderedPredation.xml,def,Only males may serve as prey.,只有雄性可以作为猎物。
RV2_GenderedPreyism.label,Gendered preyism,label,PreceptDefs\Precepts_GenderedPreyism.xml,def,Gendered preyism,性别捕食主义
RV2_GenderedPreyism_FemaleOnly.label,female predators only,label,PreceptDefs\Precepts_GenderedPreyism.xml,def,female predators only,仅限雌性捕食者
RV2_GenderedPreyism_FemaleOnly.description,Only females may be predators.,description,PreceptDefs\Precepts_GenderedPreyism.xml,def,Only females may be predators.,只有雌性可能是捕食者。
RV2_GenderedPreyism_FemalePreferred.label,female predators encouraged,label,PreceptDefs\Precepts_GenderedPreyism.xml,def,female predators encouraged,鼓励雌性肉食动物
RV2_GenderedPreyism_FemalePreferred.description,Females should be predators.,description,PreceptDefs\Precepts_GenderedPreyism.xml,def,Females should be predators.,雌性应该是捕食者。
RV2_GenderedPreyism_MalePreferred.label,male predators encouraged,label,PreceptDefs\Precepts_GenderedPreyism.xml,def,male predators encouraged,鼓励雄性肉食动物
RV2_GenderedPreyism_MalePreferred.description,Males should be predators.,description,PreceptDefs\Precepts_GenderedPreyism.xml,def,Males should be predators.,雄性应该是捕食者。
RV2_GenderedPreyism_MaleOnly.label,male predators only,label,PreceptDefs\Precepts_GenderedPreyism.xml,def,male predators only,仅限雄性捕食者
RV2_GenderedPreyism_MaleOnly.description,Only males may be predators.,description,PreceptDefs\Precepts_GenderedPreyism.xml,def,Only males may be predators.,只有雄性可能是捕食者。
RV2_HumanoidPrey.label,Humanoid Prey,label,PreceptDefs\Precepts_HumanoidPrey.xml,def,Humanoid Prey,人类猎物
RV2_HumanoidPrey_Disliked.label,disliked,label,PreceptDefs\Precepts_HumanoidPrey.xml,def,disliked,反感
RV2_HumanoidPrey_Disliked.description,Voring humanoids is not okay.,description,PreceptDefs\Precepts_HumanoidPrey.xml,def,Voring humanoids is not okay.,奴役人类是不行的。
RV2_HumanoidPrey_Disliked.stages.0.label,I vored a human,label,PreceptDefs\Precepts_HumanoidPrey.xml,def,I vored a human,我奴役了一个人
RV2_HumanoidPrey_Disliked.stages.0.description,"I should not have done that, my ideology discourages it",description,PreceptDefs\Precepts_HumanoidPrey.xml,def,"I should not have done that, my ideology discourages it",我不应该那样做，我的文化让我不鼓励
RV2_HumanoidPrey_Know_Disliked.stages.0.label,vored a human,label,PreceptDefs\Precepts_HumanoidPrey.xml,def,vored a human,奴役了人类
RV2_HumanoidPrey_Abhorrent.label,abhorrent,label,PreceptDefs\Precepts_HumanoidPrey.xml,def,abhorrent,厌恶
RV2_HumanoidPrey_Abhorrent.description,Nothing is a worse insult to our religion than voring another human.,description,PreceptDefs\Precepts_HumanoidPrey.xml,def,Nothing is a worse insult to our religion than voring another human.,没有什么比背弃他人更侮辱我们的宗教了。
RV2_HumanoidPrey_Abhorrent.stages.0.label,Human vore,label,PreceptDefs\Precepts_HumanoidPrey.xml,def,Human <ALIMT >vore</ALIMT>,人类吃人
RV2_HumanoidPrey_Abhorrent.stages.0.description,I vored a human when it is against my ideology. I feel horrible.,description,PreceptDefs\Precepts_HumanoidPrey.xml,def,I vored a human when it is against my ideology. I feel horrible.,当一个人违背了我的文化形态时，我就去奴役了他。我感觉很糟糕。
RV2_HumanoidPrey_Know_Abhorrent.stages.0.label,Someone vored a human!!,label,PreceptDefs\Precepts_HumanoidPrey.xml,def,Someone vored a human!!,有人奴役了人类!!
RV2_HumanoidPrey_Know_Abhorrent.stages.0.description,"One of us consumed a person, this is a disgusting insult to our beliefs!",description,PreceptDefs\Precepts_HumanoidPrey.xml,def,"One of us consumed a person, this is a disgusting insult to our beliefs!",我们中的一员把一个人吞食了，这是对我们信仰的侮辱!
RV2_HumanoidPrey_Know_Social_Abhorrent.stages.0.label,vored human,label,PreceptDefs\Precepts_HumanoidPrey.xml,def,vored human,背弃人类
RV2_HumanoidPrey_Liked.label,liked,label,PreceptDefs\Precepts_HumanoidPrey.xml,def,liked,喜爱
RV2_HumanoidPrey_Liked.description,Voring other people is encouraged,description,PreceptDefs\Precepts_HumanoidPrey.xml,def,Voring other people is encouraged,鼓励收留他人
RV2_HumanoidPrey_Liked.stages.0.label,I vored a human,label,PreceptDefs\Precepts_HumanoidPrey.xml,def,I vored a human,我奴役了一个人
RV2_HumanoidPrey_Liked.stages.0.description,Partaking in this divine art fills me with joy,description,PreceptDefs\Precepts_HumanoidPrey.xml,def,Partaking in this divine art fills me with joy,参与这神圣的艺术使我感到愉悦
RV2_HumanoidPrey_Know_Liked.stages.0.label,human taster,label,PreceptDefs\Precepts_HumanoidPrey.xml,def,human taster,试膳官
RV2_HumanoidPrey_Required.label,required,label,PreceptDefs\Precepts_HumanoidPrey.xml,def,required,必需
RV2_HumanoidPrey_Required.description,"We are born to eat humans, only through regular consumption can we stay true to our beliefs.",description,PreceptDefs\Precepts_HumanoidPrey.xml,def,"We are born to eat humans, only through regular consumption can we stay true to our beliefs.",我们生来就是吃人类的，只有通过定期消费，我们才能忠实于我们的信仰。
RV2_HumanoidPrey_Required.comps.3.description,Not vored a human for {VORERELATEDINTERVAL} days,description,PreceptDefs\Precepts_HumanoidPrey.xml,def,Not vored a human for <ALIMT >(PH_1)</ALIMT> days,没有奴役过人类{VORERELATEDINTERVAL}天
RV2_HumanoidPrey_Required.stages.0.label,Vored humanlike,label,PreceptDefs\Precepts_HumanoidPrey.xml,def,Vored humanlike,被收留的人类
RV2_HumanoidPrey_Required.stages.0.description,By voring people I honor my beliefs.,description,PreceptDefs\Precepts_HumanoidPrey.xml,def,By voring people I honor my beliefs.,通过背弃他人，我敬重我的信仰。
RV2_HumanoidPrey_Know_Required.stages.0.label,Someone vored a person!,label,PreceptDefs\Precepts_HumanoidPrey.xml,def,Someone vored a person!,有人奴役了一个人!
RV2_HumanoidPrey_Know_Required.stages.0.description,"One of our members consumed human prey, a very respectable act!",description,PreceptDefs\Precepts_HumanoidPrey.xml,def,"One of our members consumed human prey, a very respectable act!",我们的一名成员吞噬了人类猎物，这是一种非常可敬的行为!
RV2_HumanoidPrey_Know_Social_Required.stages.0.label,divine human enjoyer,label,PreceptDefs\Precepts_HumanoidPrey.xml,def,divine human enjoyer,神圣的人类享乐者
RV2_NoRecentHumanoidPrey_Required.stages.0.label,want to vore humans,label,PreceptDefs\Precepts_HumanoidPrey.xml,def,want to <ALIMT >vore</ALIMT> humans,想要吃人人类
RV2_NoRecentHumanoidPrey_Required.stages.0.description,It's been far too long since I last vored a human.,description,PreceptDefs\Precepts_HumanoidPrey.xml,def,It's been far too long since I last vored a human.,我已经很久没有体验过人类了。
RV2_InterruptedVore.label,Interrupted Vore,label,PreceptDefs\Precepts_InterruptedVore.xml,def,Interrupted <ALIMT >vore</ALIMT>,被打断吃人
RV2_InterruptedVore_Abhorrent.label,abhorrent,label,PreceptDefs\Precepts_InterruptedVore.xml,def,abhorrent,厌恶
RV2_InterruptedVore_Abhorrent.description,"Good cultists swallow, they don't spit.",description,PreceptDefs\Precepts_InterruptedVore.xml,def,"Good cultists swallow, they don't spit.",优秀的邪教徒会吞下燕子，但不会喷吐。
RV2_InterruptedVore_Abhorrent.stages.0.label,Interrupted vore,label,PreceptDefs\Precepts_InterruptedVore.xml,def,Interrupted <ALIMT >vore</ALIMT>,被打断吃人
RV2_InterruptedVore_Abhorrent.stages.0.description,"I forced a pred to release their prey, my peer are shunning me",description,PreceptDefs\Precepts_InterruptedVore.xml,def,"I <ALIMT >forced</ALIMT> a pred to release their prey, my peer are shunning me",我强迫一个 pred 想要释放它们的猎物，我的同伴们正在避开我
RV2_InterruptedVore_Know_Abhorrent.stages.0.label,Someone interrupted vore!!,label,PreceptDefs\Precepts_InterruptedVore.xml,def,Someone interrupted <ALIMT >vore</ALIMT>!!,有人被打断吃人!
RV2_InterruptedVore_Know_Abhorrent.stages.0.description,"One of us interrupted a predator, this is a disgusting insult to our beliefs!",description,PreceptDefs\Precepts_InterruptedVore.xml,def,"One of us interrupted a predator, this is a disgusting insult to our beliefs!",我们中的一员打断了一名捕食者，这是对我们的信仰的恶心侮辱!
RV2_InterruptedVore_Know_Social_Abhorrent.stages.0.label,interrupted vore,label,PreceptDefs\Precepts_InterruptedVore.xml,def,interrupted <ALIMT >vore</ALIMT>,被打断吃人
RV2_NippleVore.label,Nipple Vore,label,PreceptDefs\Precepts_NippleVore.xml,def,<ALIMT >nipple</ALIMT> <ALIMT >vore</ALIMT>,乳头 吃人
RV2_NippleVore_Disliked.label,disliked,label,PreceptDefs\Precepts_NippleVore.xml,def,disliked,反感
RV2_NippleVore_Disliked.description,Nipple vore is not okay.,description,PreceptDefs\Precepts_NippleVore.xml,def,<ALIMT >nipple</ALIMT> <ALIMT >vore</ALIMT> is not okay.,nipplevore不好。
RV2_NippleVore_Disliked.stages.0.label,I participated in nipple vore,label,PreceptDefs\Precepts_NippleVore.xml,def,I participated in <ALIMT >nipple</ALIMT> <ALIMT >vore</ALIMT>,我参加nipplevore
RV2_NippleVore_Disliked.stages.0.description,"I should not have done that, my ideology discourages it",description,PreceptDefs\Precepts_NippleVore.xml,def,"I should not have done that, my ideology discourages it",我不应该那样做，我的文化让我不鼓励
RV2_NippleVore_Know_Disliked.stages.0.label,Nipple vore participant,label,PreceptDefs\Precepts_NippleVore.xml,def,<ALIMT >nipple</ALIMT> <ALIMT >vore</ALIMT> participant,nipplevore参与者
RV2_NippleVore_Abhorrent.label,abhorrent,label,PreceptDefs\Precepts_NippleVore.xml,def,abhorrent,厌恶
RV2_NippleVore_Abhorrent.description,Nipple vore is an affront to our belief.,description,PreceptDefs\Precepts_NippleVore.xml,def,<ALIMT >nipple</ALIMT> <ALIMT >vore</ALIMT> is an affront to our belief.,nipplevore是对我们信仰的亵渎。
RV2_NippleVore_Abhorrent.stages.0.label,Nipple vore,label,PreceptDefs\Precepts_NippleVore.xml,def,<ALIMT >nipple</ALIMT> <ALIMT >vore</ALIMT>,乳头 吃人
RV2_NippleVore_Abhorrent.stages.0.description,I participated in nipple vore when it is against my ideology. I feel horrible.,description,PreceptDefs\Precepts_NippleVore.xml,def,I participated in <ALIMT >nipple</ALIMT> <ALIMT >vore</ALIMT> when it is against my ideology. I feel horrible.,我参加nipplevore当这违背了我的文化形态时。我感觉很糟糕。
RV2_NippleVore_Know_Abhorrent.stages.0.label,Someone nipplely vored!!,label,PreceptDefs\Precepts_NippleVore.xml,def,Someone nipplely vored!!,有人年轻的奴隶被亵渎了!!
RV2_NippleVore_Know_Abhorrent.stages.0.description,"One of us partook in nipple vore, this is a disgusting insult to our beliefs!",description,PreceptDefs\Precepts_NippleVore.xml,def,"One of us partook in <ALIMT >nipple</ALIMT> <ALIMT >vore</ALIMT>, this is a disgusting insult to our beliefs!","我们中的一员参与nipplevore,这是对我们信仰的令人作呕的侮辱!"
RV2_NippleVore_Know_Social_Abhorrent.stages.0.label,Nipple vore,label,PreceptDefs\Precepts_NippleVore.xml,def,<ALIMT >nipple</ALIMT> <ALIMT >vore</ALIMT>,乳头 吃人
RV2_NippleVore_Liked.label,liked,label,PreceptDefs\Precepts_NippleVore.xml,def,liked,喜爱
RV2_NippleVore_Liked.description,Nipple vore is to be praised and encouraged.,description,PreceptDefs\Precepts_NippleVore.xml,def,<ALIMT >nipple</ALIMT> <ALIMT >vore</ALIMT> is to be praised and encouraged.,nipplevore受到表扬和鼓励。
RV2_NippleVore_Liked.stages.0.label,Nipple vore,label,PreceptDefs\Precepts_NippleVore.xml,def,<ALIMT >nipple</ALIMT> <ALIMT >vore</ALIMT>,乳头 吃人
RV2_NippleVore_Liked.stages.0.description,Partaking in this divine art fills me with joy,description,PreceptDefs\Precepts_NippleVore.xml,def,Partaking in this divine art fills me with joy,参与这神圣的艺术使我感到愉悦
RV2_NippleVore_Know_Liked.stages.0.label,Nipple vore participant,label,PreceptDefs\Precepts_NippleVore.xml,def,<ALIMT >nipple</ALIMT> <ALIMT >vore</ALIMT> participant,nipplevore参与者
RV2_NippleVore_Required.label,required,label,PreceptDefs\Precepts_NippleVore.xml,def,required,必需
RV2_NippleVore_Required.description,"The nipples are a divine body part, demanding regular worship through nipple vore.",description,PreceptDefs\Precepts_NippleVore.xml,def,"The <ALIMT >nipples</ALIMT> are a divine body part, demanding regular worship through <ALIMT >nipple</ALIMT> <ALIMT >vore</ALIMT>.",该乳头是神圣的身体部件，要求定期崇拜通过nipplevore没有。
RV2_NippleVore_Required.comps.3.description,No nipple vore for {VORERELATEDINTERVAL} days,description,PreceptDefs\Precepts_NippleVore.xml,def,No <ALIMT >nipple</ALIMT> <ALIMT >vore</ALIMT> for <ALIMT >(PH_1)</ALIMT> days,否nipplevore与{VORERELATEDINTERVAL}天
RV2_NippleVore_Required.stages.0.label,Nipplely vored,label,PreceptDefs\Precepts_NippleVore.xml,def,Nipplely vored,赤裸的伏击
RV2_NippleVore_Required.stages.0.description,A divine act to express my beliefs.,description,PreceptDefs\Precepts_NippleVore.xml,def,A divine act to express my beliefs.,用以表达我的信仰的神圣行为。
RV2_NippleVore_Know_Required.stages.0.label,Someone nipplely vored!,label,PreceptDefs\Precepts_NippleVore.xml,def,Someone nipplely vored!,有人悲惨地被奴役了!
RV2_NippleVore_Know_Required.stages.0.description,"One of our members was involved in nipple vore, a very respectable act!",description,PreceptDefs\Precepts_NippleVore.xml,def,"One of our members was involved in <ALIMT >nipple</ALIMT> <ALIMT >vore</ALIMT>, a very respectable act!","我们的一名成员参与了nipplevore,体面的行为!"
RV2_NippleVore_Know_Social_Required.stages.0.label,divine nipple vore participant,label,PreceptDefs\Precepts_NippleVore.xml,def,divine <ALIMT >nipple</ALIMT> <ALIMT >vore</ALIMT> participant,神圣nipplevore参与者
RV2_NoRecentNippleVore_Required.stages.0.label,want to participate in nipple vore,label,PreceptDefs\Precepts_NippleVore.xml,def,want to participate in <ALIMT >nipple</ALIMT> <ALIMT >vore</ALIMT>,想要参加nipplevore
RV2_NoRecentNippleVore_Required.stages.0.description,It's been far too long since I was involved in an act of nipple vore.,description,PreceptDefs\Precepts_NippleVore.xml,def,It's been far too long since I was involved in an act of <ALIMT >nipple</ALIMT> <ALIMT >vore</ALIMT>.,我已经很久没有被卷入nipplevore没有。
RV2_OralVore.label,Oral Vore,label,PreceptDefs\Precepts_OralVore.xml,def,<ALIMT >oral</ALIMT> <ALIMT >vore</ALIMT>,用嘴 吃人
RV2_OralVore_Disliked.label,disliked,label,PreceptDefs\Precepts_OralVore.xml,def,disliked,反感
RV2_OralVore_Disliked.description,Oral vore is not okay.,description,PreceptDefs\Precepts_OralVore.xml,def,<ALIMT >oral</ALIMT> <ALIMT >vore</ALIMT> is not okay.,oralvore不好。
RV2_OralVore_Disliked.stages.0.label,I participated in oral vore,label,PreceptDefs\Precepts_OralVore.xml,def,I participated in <ALIMT >oral</ALIMT> <ALIMT >vore</ALIMT>,我参加oralvore
RV2_OralVore_Disliked.stages.0.description,"I should not have done that, my ideology discourages it",description,PreceptDefs\Precepts_OralVore.xml,def,"I should not have done that, my ideology discourages it",我不应该那样做，我的文化让我不鼓励
RV2_OralVore_Know_Disliked.stages.0.label,oral vore participant,label,PreceptDefs\Precepts_OralVore.xml,def,<ALIMT >oral</ALIMT> <ALIMT >vore</ALIMT> participant,oralvore参与者
RV2_OralVore_Abhorrent.label,abhorrent,label,PreceptDefs\Precepts_OralVore.xml,def,abhorrent,厌恶
RV2_OralVore_Abhorrent.description,Oral vore is an affront to our belief.,description,PreceptDefs\Precepts_OralVore.xml,def,<ALIMT >oral</ALIMT> <ALIMT >vore</ALIMT> is an affront to our belief.,oralvore是对我们信仰的亵渎。
RV2_OralVore_Abhorrent.stages.0.label,Oral vore,label,PreceptDefs\Precepts_OralVore.xml,def,<ALIMT >oral</ALIMT> <ALIMT >vore</ALIMT>,用嘴 吃人
RV2_OralVore_Abhorrent.stages.0.description,I participated in oral vore when it is against my ideology. I feel horrible.,description,PreceptDefs\Precepts_OralVore.xml,def,I participated in <ALIMT >oral</ALIMT> <ALIMT >vore</ALIMT> when it is against my ideology. I feel horrible.,我参加oralvore当这违背了我的文化形态时。我感觉很糟糕。
RV2_OralVore_Know_Abhorrent.stages.0.label,Someone orally vored!!,label,PreceptDefs\Precepts_OralVore.xml,def,Someone orally vored!!,有人口头监护!!
RV2_OralVore_Know_Abhorrent.stages.0.description,"One of us partook in oral vore, this is a disgusting insult to our beliefs!",description,PreceptDefs\Precepts_OralVore.xml,def,"One of us partook in <ALIMT >oral</ALIMT> <ALIMT >vore</ALIMT>, this is a disgusting insult to our beliefs!","我们中的一员参与oralvore,这是对我们信仰的令人作呕的侮辱!"
RV2_OralVore_Know_Social_Abhorrent.stages.0.label,oral vore,label,PreceptDefs\Precepts_OralVore.xml,def,<ALIMT >oral</ALIMT> <ALIMT >vore</ALIMT>,用嘴 吃人
RV2_OralVore_Liked.label,liked,label,PreceptDefs\Precepts_OralVore.xml,def,liked,喜爱
RV2_OralVore_Liked.description,Oral vore is to be praised and encouraged.,description,PreceptDefs\Precepts_OralVore.xml,def,<ALIMT >oral</ALIMT> <ALIMT >vore</ALIMT> is to be praised and encouraged.,oralvore受到表扬和鼓励。
RV2_OralVore_Liked.stages.0.label,Oral vore,label,PreceptDefs\Precepts_OralVore.xml,def,<ALIMT >oral</ALIMT> <ALIMT >vore</ALIMT>,用嘴 吃人
RV2_OralVore_Liked.stages.0.description,Partaking in this divine art fills me with joy,description,PreceptDefs\Precepts_OralVore.xml,def,Partaking in this divine art fills me with joy,参与这神圣的艺术使我感到愉悦
RV2_OralVore_Know_Liked.stages.0.label,oral vore participant,label,PreceptDefs\Precepts_OralVore.xml,def,<ALIMT >oral</ALIMT> <ALIMT >vore</ALIMT> participant,oralvore参与者
RV2_OralVore_Required.label,required,label,PreceptDefs\Precepts_OralVore.xml,def,required,必需
RV2_OralVore_Required.description,"The mouth is a divine body part, demanding regular worship through oral vore.",description,PreceptDefs\Precepts_OralVore.xml,def,"The mouth is a divine body part, demanding regular worship through <ALIMT >oral</ALIMT> <ALIMT >vore</ALIMT>.",嘴是神圣的身体部件，要求定期崇拜通过oralvore没有。
RV2_OralVore_Required.comps.3.description,No oral vore for {VORERELATEDINTERVAL} days,description,PreceptDefs\Precepts_OralVore.xml,def,No <ALIMT >oral</ALIMT> <ALIMT >vore</ALIMT> for <ALIMT >(PH_1)</ALIMT> days,否oralvore与{VORERELATEDINTERVAL}天
RV2_OralVore_Required.stages.0.label,Orally vored,label,PreceptDefs\Precepts_OralVore.xml,def,Orally vored,被口头收留
RV2_OralVore_Required.stages.0.description,A divine act to express my beliefs.,description,PreceptDefs\Precepts_OralVore.xml,def,A divine act to express my beliefs.,用以表达我的信仰的神圣行为。
RV2_OralVore_Know_Required.stages.0.label,Someone orally vored!,label,PreceptDefs\Precepts_OralVore.xml,def,Someone orally vored!,有人口头吐槽了!
RV2_OralVore_Know_Required.stages.0.description,"One of our members was involved in oral vore, a very respectable act!",description,PreceptDefs\Precepts_OralVore.xml,def,"One of our members was involved in <ALIMT >oral</ALIMT> <ALIMT >vore</ALIMT>, a very respectable act!","我们的一名成员参与了oralvore,体面的行为!"
RV2_OralVore_Know_Social_Required.stages.0.label,divine oral vore participant,label,PreceptDefs\Precepts_OralVore.xml,def,divine <ALIMT >oral</ALIMT> <ALIMT >vore</ALIMT> participant,神圣oralvore参与者
RV2_NoRecentOralVore_Required.stages.0.label,want to participate in oral vore,label,PreceptDefs\Precepts_OralVore.xml,def,want to participate in <ALIMT >oral</ALIMT> <ALIMT >vore</ALIMT>,想要参加oralvore
RV2_NoRecentOralVore_Required.stages.0.description,It's been far too long since I was involved in an act of oral vore.,description,PreceptDefs\Precepts_OralVore.xml,def,It's been far too long since I was involved in an act of <ALIMT >oral</ALIMT> <ALIMT >vore</ALIMT>.,我已经很久没有被卷入oralvore没有。
RV2_Predation.label,Predation,label,PreceptDefs\Precepts_Predation.xml,def,Predation,捕食
RV2_Predation_Disliked.label,disliked,label,PreceptDefs\Precepts_Predation.xml,def,disliked,反感
RV2_Predation_Disliked.description,We are not meant to vore others.,description,PreceptDefs\Precepts_Predation.xml,def,We are not meant to <ALIMT >vore</ALIMT> others.,我们不是真心的吃人其他人。
RV2_PredatorInitiatedVore_Disliked.stages.0.label,I vored someone,label,PreceptDefs\Precepts_Predation.xml,def,I vored someone,我收留了某人
RV2_PredatorInitiatedVore_Disliked.stages.0.description,"I should not have done that, my ideology discourages it",description,PreceptDefs\Precepts_Predation.xml,def,"I should not have done that, my ideology discourages it",我不应该那样做，我的文化让我不鼓励
RV2_PredatorInitiatedVore_Know_Disliked.stages.0.label,shunned predator,label,PreceptDefs\Precepts_Predation.xml,def,shunned predator,被嫌弃的肉食动物
RV2_Predation_Abhorrent.label,abhorrent,label,PreceptDefs\Precepts_Predation.xml,def,abhorrent,厌恶
RV2_Predation_Abhorrent.description,Anyone partaking in vore as a predator is to be shunned.,description,PreceptDefs\Precepts_Predation.xml,def,Anyone partaking in <ALIMT >vore</ALIMT> as a predator is to be shunned.,任何参与者吃人作为一个捕食者是被避开的。
RV2_PredatorInitiatedVore_Abhorrent.stages.0.label,I vored someone,label,PreceptDefs\Precepts_Predation.xml,def,I vored someone,我收留了某人
RV2_PredatorInitiatedVore_Abhorrent.stages.0.description,"This is an insult to my ideology, what am I doing?",description,PreceptDefs\Precepts_Predation.xml,def,"This is an insult to my ideology, what am I doing?",这是对我的文化形态的侮辱，我在做什么？
RV2_PredatorInitiatedVore_Know_Abhorrent.stages.0.label,Someone was a predator!!,label,PreceptDefs\Precepts_Predation.xml,def,Someone was a predator!!,有人成为了捕食者!!
RV2_PredatorInitiatedVore_Know_Abhorrent.stages.0.description,"One of us vored someone, this is a disgusting insult to our beliefs!",description,PreceptDefs\Precepts_Predation.xml,def,"One of us vored someone, this is a disgusting insult to our beliefs!",我们中的一员憎恶了某人，这是对我们信仰的侮辱!
RV2_PredatorInitiatedVore_Know_Social_Abhorrent.stages.0.label,disgusting predator,label,PreceptDefs\Precepts_Predation.xml,def,disgusting predator,恶心的捕食者
RV2_Predation_Liked.label,Liked,label,PreceptDefs\Precepts_Predation.xml,def,Liked,喜爱
RV2_Predation_Liked.description,Commiting an act of predation is to be praised and encouraged.,description,PreceptDefs\Precepts_Predation.xml,def,Commiting an act of predation is to be praised and encouraged.,进行捕食是受到表扬和鼓励的行为。
RV2_PredatorInitiatedVore_Liked.stages.0.label,I vored someone,label,PreceptDefs\Precepts_Predation.xml,def,I vored someone,我收留了某人
RV2_PredatorInitiatedVore_Liked.stages.0.description,Partaking in this divine art fills me with joy,description,PreceptDefs\Precepts_Predation.xml,def,Partaking in this divine art fills me with joy,参与这神圣的艺术使我感到愉悦
RV2_PredatorInitiatedVore_Know_Liked.stages.0.label,admirable predator,label,PreceptDefs\Precepts_Predation.xml,def,admirable predator,令人钦佩的捕食者
RV2_Predation_Required.label,required,label,PreceptDefs\Precepts_Predation.xml,def,required,必需
RV2_Predation_Required.description,Only by regularly voring others can we truly honor our ideology.,description,PreceptDefs\Precepts_Predation.xml,def,Only by regularly voring others can we truly honor our ideology.,只有定期 v众，我们才能真正尊重我们的文化。
RV2_Predation_Required.comps.3.description,No one vored for {VORERELATEDINTERVAL} days,description,PreceptDefs\Precepts_Predation.xml,def,No one vored for <ALIMT >(PH_1)</ALIMT> days,没有人喜欢{VORERELATEDINTERVAL}天
RV2_PredatorInitiatedVore_Required.stages.0.label,I vored someone,label,PreceptDefs\Precepts_Predation.xml,def,I vored someone,我收留了某人
RV2_PredatorInitiatedVore_Required.stages.0.description,Regular predation allows me to honor my beliefs!,description,PreceptDefs\Precepts_Predation.xml,def,Regular predation allows me to honor my beliefs!,定期捕食能让我重获信仰!
RV2_PredatorInitiatedVore_Know_Required.stages.0.label,Someone was a predator!,label,PreceptDefs\Precepts_Predation.xml,def,Someone was a predator!,有人曾是捕食者!
RV2_PredatorInitiatedVore_Know_Required.stages.0.description,"One of our members acted as a predator, very admirable!",description,PreceptDefs\Precepts_Predation.xml,def,"One of our members acted as a predator, very admirable!",我们的一名成员扮演了捕食者的角色，令人钦佩!
RV2_PredatorInitiatedVore_Know_Social_Required.stages.0.label,divine predator,label,PreceptDefs\Precepts_Predation.xml,def,divine predator,神圣捕食者
RV2_NoRecentPredatorInitiatedVore_Required.stages.0.label,want to be predator,label,PreceptDefs\Precepts_Predation.xml,def,want to be predator,想成为捕食者
RV2_NoRecentPredatorInitiatedVore_Required.stages.0.description,It's been far too long since last vored anyone.,description,PreceptDefs\Precepts_Predation.xml,def,It's been far too long since last vored anyone.,很久很久以前没有人被背叛过。
RV2_Preyism.label,Preyism,label,PreceptDefs\Precepts_Preyism.xml,def,Preyism,猎物教
RV2_Preyism_Disliked.label,disliked,label,PreceptDefs\Precepts_Preyism.xml,def,disliked,反感
RV2_Preyism_Disliked.description,We are not meant to be vored.,description,PreceptDefs\Precepts_Preyism.xml,def,We are not meant to be vored.,我们不应该被背叛。
RV2_PreyInitiatedVore_Disliked.stages.0.label,I was vored,label,PreceptDefs\Precepts_Preyism.xml,def,I was vored,我被伏击了
RV2_PreyInitiatedVore_Disliked.stages.0.description,"I should not have done that, my ideology discourages it",description,PreceptDefs\Precepts_Preyism.xml,def,"I should not have done that, my ideology discourages it",我不应该那样做，我的文化让我不鼓励
RV2_PreyInitiatedVore_Know_Disliked.stages.0.label,shunned prey,label,PreceptDefs\Precepts_Preyism.xml,def,shunned prey,被嫌弃的猎物
RV2_Preyism_Abhorrent.label,abhorrent,label,PreceptDefs\Precepts_Preyism.xml,def,abhorrent,厌恶
RV2_Preyism_Abhorrent.description,Anyone partaking in vore as a prey is to be shunned.,description,PreceptDefs\Precepts_Preyism.xml,def,Anyone partaking in <ALIMT >vore</ALIMT> as a prey is to be shunned.,任何参与者吃人作为猎物，会被避开。
RV2_PreyInitiatedVore_Abhorrent.stages.0.label,I was vored,label,PreceptDefs\Precepts_Preyism.xml,def,I was vored,我被伏击了
RV2_PreyInitiatedVore_Abhorrent.stages.0.description,"I was vored, what a horrible affront to my ideology!",description,PreceptDefs\Precepts_Preyism.xml,def,"I was vored, what a horrible affront to my ideology!",我被诅咒了，这是对我的文化的亵渎!
RV2_PreyInitiatedVore_Know_Abhorrent.stages.0.label,Someone was a prey!,label,PreceptDefs\Precepts_Preyism.xml,def,Someone was a prey!,有人成为了猎物!
RV2_PreyInitiatedVore_Know_Abhorrent.stages.0.description,"One of us was vored, this is a disgusting insult to our beliefs!",description,PreceptDefs\Precepts_Preyism.xml,def,"One of us was vored, this is a disgusting insult to our beliefs!",我们中的一员被纵容了，这是对我们信仰的侮辱!
RV2_PreyInitiatedVore_Know_Social_Abhorrent.stages.0.label,disgusting prey,label,PreceptDefs\Precepts_Preyism.xml,def,disgusting prey,恶心的猎物
RV2_Preyism_Liked.label,liked,label,PreceptDefs\Precepts_Preyism.xml,def,liked,喜爱
RV2_Preyism_Liked.description,Commiting an act of Preyism is to be praised and encouraged.,description,PreceptDefs\Precepts_Preyism.xml,def,Commiting an act of Preyism is to be praised and encouraged.,犯下捕食主义的行为是受到表扬和鼓励的。
RV2_PreyInitiatedVore_Liked.stages.0.label,I was vored,label,PreceptDefs\Precepts_Preyism.xml,def,I was vored,我被伏击了
RV2_PreyInitiatedVore_Liked.stages.0.description,Partaking in this divine art fills me with joy,description,PreceptDefs\Precepts_Preyism.xml,def,Partaking in this divine art fills me with joy,参与这神圣的艺术使我感到愉悦
RV2_PreyInitiatedVore_Know_Liked.stages.0.label,admirable prey,label,PreceptDefs\Precepts_Preyism.xml,def,admirable prey,令人钦佩的猎物
RV2_Preyism_Required.label,required,label,PreceptDefs\Precepts_Preyism.xml,def,required,必需
RV2_Preyism_Required.description,"We were born to be vored, not doing so regularly would conflict with our very existance.",description,PreceptDefs\Precepts_Preyism.xml,def,"We were born to be vored, not doing so regularly would conflict with our very existance.",我们生来就被抛弃，不经常这样做会与我们的存在冲突。
RV2_Preyism_Required.comps.3.description,Not been vored for {VORERELATEDINTERVAL} days,description,PreceptDefs\Precepts_Preyism.xml,def,Not been vored for <ALIMT >(PH_1)</ALIMT> days,未培育{VORERELATEDINTERVAL}天
RV2_PreyInitiatedVore_Required.stages.0.label,I was vored,label,PreceptDefs\Precepts_Preyism.xml,def,I was vored,我被伏击了
RV2_PreyInitiatedVore_Required.stages.0.description,By delving into others I can express my beliefs.,description,PreceptDefs\Precepts_Preyism.xml,def,By delving into others I can express my beliefs.,通过探索他人，我可以表达我的信仰。
RV2_PreyInitiatedVore_Know_Required.stages.0.label,Someone was a Prey!,label,PreceptDefs\Precepts_Preyism.xml,def,Someone was a Prey!,有人成为了猎物!
RV2_PreyInitiatedVore_Know_Required.stages.0.description,"One of our members acted as a prey, very admirable!",description,PreceptDefs\Precepts_Preyism.xml,def,"One of our members acted as a prey, very admirable!",我们的一名成员充当了猎物，非常令人钦佩!
RV2_PreyInitiatedVore_Know_Social_Required.stages.0.label,divine prey,label,PreceptDefs\Precepts_Preyism.xml,def,divine prey,神圣猎物
RV2_NoRecentPreyInitiatedVore_Required.stages.0.label,want to be prey,label,PreceptDefs\Precepts_Preyism.xml,def,want to be prey,想成为猎物
RV2_NoRecentPreyInitiatedVore_Required.stages.0.description,It's been far too long since I have last been vored.,description,PreceptDefs\Precepts_Preyism.xml,def,It's been far too long since I have last been vored.,我已经很久很久没被人伏击了。
RV2_VaginalVore.label,Vaginal Vore,label,PreceptDefs\Precepts_VaginalVore.xml,def,<ALIMT >vaginal</ALIMT> <ALIMT >vore</ALIMT>,阴道 吃人
RV2_VaginalVore_Disliked.label,disliked,label,PreceptDefs\Precepts_VaginalVore.xml,def,disliked,反感
RV2_VaginalVore_Disliked.description,Vaginal vore is not okay.,description,PreceptDefs\Precepts_VaginalVore.xml,def,<ALIMT >vaginal</ALIMT> <ALIMT >vore</ALIMT> is not okay.,vaginalvore不好。
RV2_VaginalVore_Disliked.stages.0.label,I participated in vaginal vore,label,PreceptDefs\Precepts_VaginalVore.xml,def,I participated in <ALIMT >vaginal</ALIMT> <ALIMT >vore</ALIMT>,我参加vaginalvore
RV2_VaginalVore_Disliked.stages.0.description,"I should not have done that, my ideology discourages it",description,PreceptDefs\Precepts_VaginalVore.xml,def,"I should not have done that, my ideology discourages it",我不应该那样做，我的文化让我不鼓励
RV2_VaginalVore_Know_Disliked.stages.0.label,Vaginal vore participant,label,PreceptDefs\Precepts_VaginalVore.xml,def,<ALIMT >vaginal</ALIMT> <ALIMT >vore</ALIMT> participant,vaginalvore参与者
RV2_VaginalVore_Abhorrent.label,abhorrent,label,PreceptDefs\Precepts_VaginalVore.xml,def,abhorrent,厌恶
RV2_VaginalVore_Abhorrent.description,Vaginal vore is an affront to our belief.,description,PreceptDefs\Precepts_VaginalVore.xml,def,<ALIMT >vaginal</ALIMT> <ALIMT >vore</ALIMT> is an affront to our belief.,vaginalvore是对我们信仰的亵渎。
RV2_VaginalVore_Abhorrent.stages.0.label,Vaginal vore,label,PreceptDefs\Precepts_VaginalVore.xml,def,<ALIMT >vaginal</ALIMT> <ALIMT >vore</ALIMT>,阴道 吃人
RV2_VaginalVore_Abhorrent.stages.0.description,I participated in vaginal vore when it is against my ideology. I feel horrible.,description,PreceptDefs\Precepts_VaginalVore.xml,def,I participated in <ALIMT >vaginal</ALIMT> <ALIMT >vore</ALIMT> when it is against my ideology. I feel horrible.,我参加vaginalvore当这违背了我的文化形态时。我感觉很糟糕。
RV2_VaginalVore_Know_Abhorrent.stages.0.label,Someone vaginally vored!!,label,PreceptDefs\Precepts_VaginalVore.xml,def,Someone vaginally vored!!,有人在阴道里祈祷!!
RV2_VaginalVore_Know_Abhorrent.stages.0.description,"One of us partook in vaginal vore, this is a disgusting insult to our beliefs!",description,PreceptDefs\Precepts_VaginalVore.xml,def,"One of us partook in <ALIMT >vaginal</ALIMT> <ALIMT >vore</ALIMT>, this is a disgusting insult to our beliefs!","我们中的一员参与vaginalvore,这是对我们信仰的令人作呕的侮辱!"
RV2_VaginalVore_Know_Social_Abhorrent.stages.0.label,Vaginal vore,label,PreceptDefs\Precepts_VaginalVore.xml,def,<ALIMT >vaginal</ALIMT> <ALIMT >vore</ALIMT>,阴道 吃人
RV2_VaginalVore_Liked.label,liked,label,PreceptDefs\Precepts_VaginalVore.xml,def,liked,喜爱
RV2_VaginalVore_Liked.description,Vaginal vore is to be praised and encouraged.,description,PreceptDefs\Precepts_VaginalVore.xml,def,<ALIMT >vaginal</ALIMT> <ALIMT >vore</ALIMT> is to be praised and encouraged.,vaginalvore受到表扬和鼓励。
RV2_VaginalVore_Liked.stages.0.label,Vaginal vore,label,PreceptDefs\Precepts_VaginalVore.xml,def,<ALIMT >vaginal</ALIMT> <ALIMT >vore</ALIMT>,阴道 吃人
RV2_VaginalVore_Liked.stages.0.description,Partaking in this divine art fills me with joy,description,PreceptDefs\Precepts_VaginalVore.xml,def,Partaking in this divine art fills me with joy,参与这神圣的艺术使我感到愉悦
RV2_VaginalVore_Know_Liked.stages.0.label,Vaginal vore participant,label,PreceptDefs\Precepts_VaginalVore.xml,def,<ALIMT >vaginal</ALIMT> <ALIMT >vore</ALIMT> participant,vaginalvore参与者
RV2_VaginalVore_Required.label,required,label,PreceptDefs\Precepts_VaginalVore.xml,def,required,必需
RV2_VaginalVore_Required.description,"The vagina is a divine body part, demanding regular worship through vaginal vore.",description,PreceptDefs\Precepts_VaginalVore.xml,def,"The <ALIMT >vagina</ALIMT> is a divine body part, demanding regular worship through <ALIMT >vaginal</ALIMT> <ALIMT >vore</ALIMT>.",该阴道是神圣的身体部件，要求定期崇拜通过vaginalvore没有。
RV2_VaginalVore_Required.comps.3.description,No vaginal vore for {VORERELATEDINTERVAL} days,description,PreceptDefs\Precepts_VaginalVore.xml,def,No <ALIMT >vaginal</ALIMT> <ALIMT >vore</ALIMT> for <ALIMT >(PH_1)</ALIMT> days,否vaginalvore与{VORERELATEDINTERVAL}天
RV2_VaginalVore_Required.stages.0.label,Vaginally vored,label,PreceptDefs\Precepts_VaginalVore.xml,def,Vaginally vored,经阴道祈祷
RV2_VaginalVore_Required.stages.0.description,A divine act to express my beliefs.,description,PreceptDefs\Precepts_VaginalVore.xml,def,A divine act to express my beliefs.,用以表达我的信仰的神圣行为。
RV2_VaginalVore_Know_Required.stages.0.label,Someone vaginally vored!,label,PreceptDefs\Precepts_VaginalVore.xml,def,Someone vaginally vored!,有人在阴道里祈祷了!
RV2_VaginalVore_Know_Required.stages.0.description,"One of our members was involved in vaginal vore, a very respectable act!",description,PreceptDefs\Precepts_VaginalVore.xml,def,"One of our members was involved in <ALIMT >vaginal</ALIMT> <ALIMT >vore</ALIMT>, a very respectable act!","我们的一名成员参与了vaginalvore,体面的行为!"
RV2_VaginalVore_Know_Social_Required.stages.0.label,divine vaginal vore participant,label,PreceptDefs\Precepts_VaginalVore.xml,def,divine <ALIMT >vaginal</ALIMT> <ALIMT >vore</ALIMT> participant,神圣vaginalvore参与者
RV2_NoRecentVaginalVore_Required.stages.0.label,want to participate in vaginal vore,label,PreceptDefs\Precepts_VaginalVore.xml,def,want to participate in <ALIMT >vaginal</ALIMT> <ALIMT >vore</ALIMT>,想要参加vaginalvore
RV2_NoRecentVaginalVore_Required.stages.0.description,It's been far too long since I was involved in an act of vaginal vore.,description,PreceptDefs\Precepts_VaginalVore.xml,def,It's been far too long since I was involved in an act of <ALIMT >vaginal</ALIMT> <ALIMT >vore</ALIMT>.,我已经很久没有被卷入vaginalvore没有。
RV2_VoreEnablers.label,Vore Enablers,label,PreceptDefs\Precepts_VoreEnabler.xml,def,<ALIMT >vore</ALIMT> Enablers,吃人赋能者
RV2_VoreEnablers_Abhorrent.label,abhorrent,label,PreceptDefs\Precepts_VoreEnabler.xml,def,abhorrent,厌恶
RV2_VoreEnablers_Abhorrent.description,"Our bodies are pure, those of us born without special vore abilities should not pursue augmentation to achieve them.",description,PreceptDefs\Precepts_VoreEnabler.xml,def,"Our bodies are pure, those of us born without special <ALIMT >vore</ALIMT> abilities should not pursue augmentation to achieve them.",我们的身体是纯洁的，我们中没有特殊出生的人吃人能力不应为了实现而追求强化。
RV2_InstalledVoreEnabler_Abhorrent.stages.0.label,Installed vore enabler,label,PreceptDefs\Precepts_VoreEnabler.xml,def,Installed <ALIMT >vore</ALIMT> enabler,已安装吃人赋能者
RV2_InstalledVoreEnabler_Abhorrent.stages.0.description,"I installed a vore enabler on someone, but we should not pursue vore augmentations!",description,PreceptDefs\Precepts_VoreEnabler.xml,def,"I installed a <ALIMT >vore</ALIMT> enabler on someone, but we should not pursue <ALIMT >vore</ALIMT> augmentations!",我安装了一个吃人启用人，但我们不应该追捕吃人强化!
RV2_InstalledVoreEnabler_Know_Social_Abhorrent.stages.0.label,installed vore enabler,label,PreceptDefs\Precepts_VoreEnabler.xml,def,installed <ALIMT >vore</ALIMT> enabler,已安装吃人赋能者
RV2_HasVoreEnabler_Abhorrent.stages.0.label,Vore enabler,label,PreceptDefs\Precepts_VoreEnabler.xml,def,<ALIMT >vore</ALIMT> enabler,吃人赋能者
RV2_HasVoreEnabler_Abhorrent.stages.0.description,"I have a vore enabler augment installed on my body, I am tainted",description,PreceptDefs\Precepts_VoreEnabler.xml,def,"I have a <ALIMT >vore</ALIMT> enabler augment installed on my body, I am tainted",我有一个吃人增强装置安装在我的身体上，我被污染了
RV2_HasVoreEnabler_Social_Abhorrent.stages.0.label,has vore enabler,label,PreceptDefs\Precepts_VoreEnabler.xml,def,has <ALIMT >vore</ALIMT> enabler,有吃人赋能者
RV2_VoreProductEating.label,vore product eating,label,PreceptDefs\Precepts_VoreProductEating.xml,def,<ALIMT >vore</ALIMT> product eating,吃人食用产物
RV2_VoreProductEating_Abhorrent.label,abhorrent,label,PreceptDefs\Precepts_VoreProductEating.xml,def,abhorrent,厌恶
RV2_VoreProductEating_Abhorrent.description,Yuck.,description,PreceptDefs\Precepts_VoreProductEating.xml,def,Yuck.,恶心。
RV2_AteVoreProduct_Abhorrent.stages.0.label,ate vore product,label,PreceptDefs\Precepts_VoreProductEating.xml,def,ate <ALIMT >vore</ALIMT> product,吃了吃人产物
RV2_AteVoreProduct_Abhorrent.stages.0.description,"This is an insult to my ideology, what am I doing?",description,PreceptDefs\Precepts_VoreProductEating.xml,def,"This is an insult to my ideology, what am I doing?",这是对我的文化形态的侮辱，我在做什么？
RV2_AteVoreProduct_Know_Abhorrent.stages.0.label,ate vore product,label,PreceptDefs\Precepts_VoreProductEating.xml,def,ate <ALIMT >vore</ALIMT> product,吃了吃人产物
RV2_VoreProductEating_Preferred.label,preferred,label,PreceptDefs\Precepts_VoreProductEating.xml,def,preferred,推崇
RV2_VoreProductEating_Preferred.description,Tasty.,description,PreceptDefs\Precepts_VoreProductEating.xml,def,Tasty.,味道不错。
RV2_AteVoreProduct_Preferred.stages.0.label,ate vore product,label,PreceptDefs\Precepts_VoreProductEating.xml,def,ate <ALIMT >vore</ALIMT> product,吃了吃人产物
RV2_AteVoreProduct_Preferred.stages.0.description,I could eat this every day,description,PreceptDefs\Precepts_VoreProductEating.xml,def,I could eat this every day,我可以每天都吃这个
RV2_VoreProductEating_Required.label,required,label,PreceptDefs\Precepts_VoreProductEating.xml,def,required,必需
RV2_VoreProductEating_Required.description,Must be part of regular consumption.,description,PreceptDefs\Precepts_VoreProductEating.xml,def,Must be part of regular consumption.,必须是定期消费的一部分。
RV2_VoreProductEating_Required.comps.1.description,No vore product for {VORERELATEDINTERVAL} days,description,PreceptDefs\Precepts_VoreProductEating.xml,def,No <ALIMT >vore</ALIMT> product for <ALIMT >(PH_1)</ALIMT> days,否吃人制作于{VORERELATEDINTERVAL}天
RV2_AteVoreProduct_Required.stages.0.label,ate vore product,label,PreceptDefs\Precepts_VoreProductEating.xml,def,ate <ALIMT >vore</ALIMT> product,吃了吃人产物
RV2_AteVoreProduct_Required.stages.0.description,Just as my ideology dictates!,description,PreceptDefs\Precepts_VoreProductEating.xml,def,Just as my ideology dictates!,正如我的文化形态所规定的那样!
RV2_NoRecentVoreProduct_Required.stages.0.label,want vore product,label,PreceptDefs\Precepts_VoreProductEating.xml,def,want <ALIMT >vore</ALIMT> product,渴望吃人产物
RV2_NoRecentVoreProduct_Required.stages.0.description,It's been far too long since I consumed a vore product. I should have eaten by now.,description,PreceptDefs\Precepts_VoreProductEating.xml,def,It's been far too long since I consumed a <ALIMT >vore</ALIMT> product. I should have eaten by now.,我已经很久没有吃这个了吃人产物。我现在应该已经吃了。
RV2_ConsumptionRitual.label,consumption ritual,label,PreceptDefs\Rituals.xml,def,consumption ritual,消费仪式
RV2_ConsumptionRitual.description,"A ritual in which the alpha predator holds a speech before fatally voring the selected prey.\nThe participants will party until the prey is digested, please be advised that some predators can take a very long time to digest their prey and some pawns may party to exhaustion.",description,PreceptDefs\Rituals.xml,def,"A ritual in which the alpha predator holds a speech before fatally voring the selected prey.<ALIMT >(PH_1)</ALIMT>The participants will party until the prey is digested, please be advised that some predators can take a very long time to digest their prey and some pawns may party to exhaustion.","阿尔法捕食者举行演讲，然后对选定的猎物进行致命控制的仪式。
参与者将聚会直到猎物被消化，请注意，一些捕食者可能需要很长时间来消化它们的猎物，一些 pawns 可能会筋疲力尽。"
RV2_ConsumptionSacrifice.label,consumption sacrifice,label,PreceptDefs\Rituals.xml,def,consumption sacrifice,食用祭品
RV2_ConsumptionSacrifice.description,"A ritual in which the chosen prey holds a speech before being fatally vored by the selected predator.\nThe participants will party until the prey is digested, please be advised that some predators can take a very long time to digest their prey and some pawns may party to exhaustion.",description,PreceptDefs\Rituals.xml,def,"A ritual in which the chosen prey holds a speech before being fatally vored by the selected predator.<ALIMT >(PH_1)</ALIMT>The participants will party until the prey is digested, please be advised that some predators can take a very long time to digest their prey and some pawns may party to exhaustion.","一种仪式，被选中的猎物在被选中的捕食者勒死前举行演讲。
参与者将聚会直到猎物被消化，请注意，一些捕食者可能需要很长时间来消化它们的猎物，一些 pawns 可能会筋疲力尽。"
RV2_VoreBondingRitual.label,vore bonding ritual,label,PreceptDefs\Rituals.xml,def,<ALIMT >vore</ALIMT> bonding ritual,吃人牵绊仪式
RV2_VoreBondingRitual.description,A ritual in which the alpha predator holds a speech before endo voring the selected prey.\nThe participants will party until the vore is completed. The belief of both predator and prey in the vore-ideology will be increased.,description,PreceptDefs\Rituals.xml,def,A ritual in which the alpha predator holds a speech before endo voring the selected prey.<ALIMT >(PH_1)</ALIMT>The participants will party until the <ALIMT >vore</ALIMT> is completed. The belief of both predator and prey in the <ALIMT >vore</ALIMT>-ideology will be increased.,"一种让阿尔法捕食者举行演讲，然后再对选中的猎物进行收留的仪式。
参与者将聚会直到吃人已完成。捕食动物和猎物的信仰吃人-意识形态将增加。"
RV2_VoreBondingSacrifice.label,vore bonding sacrifice,label,PreceptDefs\Rituals.xml,def,<ALIMT >vore</ALIMT> bonding sacrifice,吃人牵绊祭祀仪式
RV2_VoreBondingSacrifice.description,A ritual in which the chosen prey holds a speech before being endo vored by the selected predator.\nThe participants will party until the vore is completed. The belief of both predator and prey in the vore-ideology will be increased.,description,PreceptDefs\Rituals.xml,def,A ritual in which the chosen prey holds a speech before being endo vored by the selected predator.<ALIMT >(PH_1)</ALIMT>The participants will party until the <ALIMT >vore</ALIMT> is completed. The belief of both predator and prey in the <ALIMT >vore</ALIMT>-ideology will be increased.,"一种仪式，被选中的猎物在被选中的捕食者监管前举行演讲。
参与者将聚会直到吃人已完成。捕食动物和猎物的信仰吃人-意识形态将增加。"
RV2_VoreFeast.label,vore feast,label,PreceptDefs\Rituals.xml,def,<ALIMT >vore</ALIMT> feast,吃人盛宴
RV2_VoreFeast.description,"A ritual in which the leader holds a speech, afterwards all participants vore each other according to their preferences. The chosen goal and type are RANDOM, so participants may fatally vore each other! Use the fatal and endo designations to protect vital pawns.",description,PreceptDefs\Rituals.xml,def,"A ritual in which the leader holds a speech, afterwards all participants <ALIMT >vore</ALIMT> each other according to their preferences. The chosen goal and type are RANDOM, so participants may fatally <ALIMT >vore</ALIMT> each other! Use the fatal and endo designations to protect vital pawns.",一种仪式，在仪式中，领袖在所有参与者之后举行演讲吃人根据彼此的喜好互相攻击。选中的目标和类型是随机的，因此参与者可能会死亡吃人彼此!使用致命标记和远行标记来保护重要的残骸。
RV2_VoreFeedingRitual_Endo.label,feeder ritual (endo),label,PreceptDefs\Rituals.xml,def,feeder ritual (endo),汲血仪式 (endo)
RV2_VoreFeedingRitual_Endo.description,"A ritual in which the feeder holds a speech, after which the prey is non-fatally fed to the predator.",description,PreceptDefs\Rituals.xml,def,"A ritual in which the feeder holds a speech, after which the prey is non-fatally fed to the predator.",汲血者举行演讲的一种仪式，仪式后猎物被非致命的喂养给捕食者。
RV2_VoreFeedingRitual_Fatal.label,feeder ritual (fatal),label,PreceptDefs\Rituals.xml,def,feeder ritual (fatal),饲养员仪式 (致命)
RV2_VoreFeedingRitual_Fatal.description,"A ritual in which the feeder holds a speech, after which the prey is fatally fed to the predator.",description,PreceptDefs\Rituals.xml,def,"A ritual in which the feeder holds a speech, after which the prey is fatally fed to the predator.",汲血者举行演讲的仪式，结束后猎物被致命地喂养给捕食者。
RV2_IdeoRole_AlphaPredator.label,alpha predator,label,PreceptDefs\Roles.xml,def,alpha predator,阿尔法捕食者
RV2_IdeoRole_AlphaPredator.description,"The alpha predator is responsible for leading predatory rituals. An alpha predator boasts impressive strength, but is slower at common work.",description,PreceptDefs\Roles.xml,def,"The alpha predator is responsible for leading predatory rituals. An alpha predator boasts impressive strength, but is slower at common work.",阿尔法捕食者负责领导掠食仪式。一名阿尔法捕食者拥有令人印象深刻的实力，但在日常工作中速度较慢。
RV2_IdeoRole_ChosenPrey.label,chosen prey,label,PreceptDefs\Roles.xml,def,chosen prey,选择猎物
RV2_IdeoRole_ChosenPrey.description,The chosen prey is responsible for leading prey-specific rituals. The chosen prey boasts superior social skills and faster recovery from wounds.,description,PreceptDefs\Roles.xml,def,The chosen prey is responsible for leading prey-specific rituals. The chosen prey boasts superior social skills and faster recovery from wounds.,所选择的猎物负责领导特定的猎物仪式。选中的猎物拥有卓越的社交能力和更快的伤口恢复速度。
RV2_IdeoRole_Feeder.label,feeder,label,PreceptDefs\Roles.xml,def,feeder,饲养员
RV2_IdeoRole_Feeder.description,The feeder coordinates vore between two other pawns during rituals,description,PreceptDefs\Roles.xml,def,The feeder coordinates <ALIMT >vore</ALIMT> between two other pawns during rituals,馈送者坐标吃人在仪式中处于另外两个 pawns 之间
RV2_VoreFeastOutcome.outcomeChances.0.label,Terrible,label,RitualDefs\Outcomes.xml,def,Terrible,糟糕的
RV2_VoreFeastOutcome.outcomeChances.0.description,The {0} was terrible!,description,RitualDefs\Outcomes.xml,def,The <ALIMT >(PH_1)</ALIMT> was terrible!,该{0}太糟糕了!
RV2_VoreFeastOutcome.outcomeChances.1.label,Boring,label,RitualDefs\Outcomes.xml,def,Boring,枯燥乏味的
RV2_VoreFeastOutcome.outcomeChances.1.description,The {0} was boring.,description,RitualDefs\Outcomes.xml,def,The <ALIMT >(PH_1)</ALIMT> was boring.,该{0}很无趣。
RV2_VoreFeastOutcome.outcomeChances.2.label,Satisfying,label,RitualDefs\Outcomes.xml,def,Satisfying,令人满意
RV2_VoreFeastOutcome.outcomeChances.2.description,The {0} was satisfying.,description,RitualDefs\Outcomes.xml,def,The <ALIMT >(PH_1)</ALIMT> was satisfying.,该{0}很令人满意。
RV2_VoreFeastOutcome.outcomeChances.3.label,Spectacular,label,RitualDefs\Outcomes.xml,def,Spectacular,引人入胜的
RV2_VoreFeastOutcome.outcomeChances.3.description,The {0} was spectacular!,description,RitualDefs\Outcomes.xml,def,The <ALIMT >(PH_1)</ALIMT> was spectacular!,该{0}非常壮观!
RV2_ConsumptionRitual.roles.0.label,predator,label,RitualDefs\Rituals_TwoWay.xml,def,predator,捕食者
RV2_ConsumptionRitual.roles.1.label,prey,label,RitualDefs\Rituals_TwoWay.xml,def,prey,猎物
RV2_ConsumptionSacrifice.roles.0.label,prey,label,RitualDefs\Rituals_TwoWay.xml,def,prey,猎物
RV2_ConsumptionSacrifice.roles.1.label,predator,label,RitualDefs\Rituals_TwoWay.xml,def,predator,捕食者
RV2_VoreBondingRitual.roles.0.label,predator,label,RitualDefs\Rituals_TwoWay.xml,def,predator,捕食者
RV2_VoreBondingRitual.roles.1.label,prey,label,RitualDefs\Rituals_TwoWay.xml,def,prey,猎物
RV2_VoreBondingSacrifice.roles.0.label,prey,label,RitualDefs\Rituals_TwoWay.xml,def,prey,猎物
RV2_VoreBondingSacrifice.roles.1.label,predator,label,RitualDefs\Rituals_TwoWay.xml,def,predator,捕食者
RV2_VoreFeast.letterText,A vore feast is underway.,letterText,RitualDefs\Ritual_VoreFeast.xml,def,A <ALIMT >vore</ALIMT> feast is underway.,Avore盛宴正在进行中。
RV2_VoreFeast.roles.0.label,speaker,label,RitualDefs\Ritual_VoreFeast.xml,def,speaker,演讲者
RV2_NamerRoleAlphaPredator.rulePack.rulesStrings.0,r_roleName(p=4)->[memePredation],li,RulePackDefs\RulePack_Ideo_Role.xml,def,<ALIMT >(PH_2)</ALIMT>-><ALIMT >(PH_1)</ALIMT>,r_roleName(p=4)->[memePredation]
RV2_NamerRoleAlphaPredator.rulePack.rulesStrings.1,r_roleName(p=2)->[memeAdjective] [memePredation],li,RulePackDefs\RulePack_Ideo_Role.xml,def,<ALIMT >(PH_3)</ALIMT>-><ALIMT >(PH_2)</ALIMT> <ALIMT >(PH_1)</ALIMT>,r_roleName(p=2)->[memeAdjective][memePredation]
RV2_NamerRoleAlphaPredator.rulePack.rulesStrings.2,r_roleName->[memePredation] of [chosenTheme],li,RulePackDefs\RulePack_Ideo_Role.xml,def,<ALIMT >(PH_3)</ALIMT><ALIMT >(PH_2)</ALIMT> of <ALIMT >(PH_1)</ALIMT>,r_roleName->[memePredation]来自[chosenTheme]
RV2_NamerRoleAlphaPredator.rulePack.rulesStrings.3,r_roleName->[memePredation] of [keyDeity],li,RulePackDefs\RulePack_Ideo_Role.xml,def,<ALIMT >(PH_3)</ALIMT><ALIMT >(PH_2)</ALIMT> of <ALIMT >(PH_1)</ALIMT>,r_roleName->[memePredation]来自[keyDeity]
RV2_NamerRoleAlphaPredator.rulePack.rulesStrings.4,r_roleName->[memePredation] of [memeConcept],li,RulePackDefs\RulePack_Ideo_Role.xml,def,<ALIMT >(PH_3)</ALIMT><ALIMT >(PH_2)</ALIMT> of <ALIMT >(PH_1)</ALIMT>,r_roleName->[memePredation]来自[memeConcept]
RV2_NamerRoleAlphaPredator.rulePack.rulesStrings.5,r_roleName->[memePredation] of [chosenIdeoName],li,RulePackDefs\RulePack_Ideo_Role.xml,def,<ALIMT >(PH_3)</ALIMT><ALIMT >(PH_2)</ALIMT> of <ALIMT >(PH_1)</ALIMT>,r_roleName->[memePredation]来自[chosenIdeoName]
RV2_NamerRoleAlphaPredator.rulePack.rulesStrings.6,r_roleName->[chosenAdjective] [memePredation],li,RulePackDefs\RulePack_Ideo_Role.xml,def,<ALIMT >(PH_3)</ALIMT><ALIMT >(PH_2)</ALIMT> <ALIMT >(PH_1)</ALIMT>,r_roleName->[chosenAdjective] [memePredation]
RV2_NamerRoleAlphaPredator.rulePack.rulesStrings.7,r_roleName->[keyDeity]'s [memePredation],li,RulePackDefs\RulePack_Ideo_Role.xml,def,<ALIMT >(PH_3)</ALIMT><ALIMT >(PH_2)</ALIMT>'s <ALIMT >(PH_1)</ALIMT>,r_roleName->[keyDeity]的[memePredation]
RV2_NamerRoleChosenPrey.rulePack.rulesStrings.0,r_roleName(p=4)->[memePreyism],li,RulePackDefs\RulePack_Ideo_Role.xml,def,<ALIMT >(PH_2)</ALIMT>-><ALIMT >(PH_1)</ALIMT>,r_roleName(p=4)->[memePreyism]
RV2_NamerRoleChosenPrey.rulePack.rulesStrings.1,r_roleName(p=2)->[memeAdjective] [memePreyism],li,RulePackDefs\RulePack_Ideo_Role.xml,def,<ALIMT >(PH_3)</ALIMT>-><ALIMT >(PH_2)</ALIMT> <ALIMT >(PH_1)</ALIMT>,r_roleName(p=2)->[memeAdjective][memePreyism]
RV2_NamerRoleChosenPrey.rulePack.rulesStrings.2,r_roleName->[memePreyism] of [chosenTheme],li,RulePackDefs\RulePack_Ideo_Role.xml,def,<ALIMT >(PH_3)</ALIMT><ALIMT >(PH_2)</ALIMT> of <ALIMT >(PH_1)</ALIMT>,r_roleName->[memePreyism]来自[chosenTheme]
RV2_NamerRoleChosenPrey.rulePack.rulesStrings.3,r_roleName->[memePreyism] of [keyDeity],li,RulePackDefs\RulePack_Ideo_Role.xml,def,<ALIMT >(PH_3)</ALIMT><ALIMT >(PH_2)</ALIMT> of <ALIMT >(PH_1)</ALIMT>,r_roleName->[memePreyism]来自[keyDeity]
RV2_NamerRoleChosenPrey.rulePack.rulesStrings.4,r_roleName->[memePreyism] of [memeConcept],li,RulePackDefs\RulePack_Ideo_Role.xml,def,<ALIMT >(PH_3)</ALIMT><ALIMT >(PH_2)</ALIMT> of <ALIMT >(PH_1)</ALIMT>,r_roleName->[memePreyism]来自[memeConcept]
RV2_NamerRoleChosenPrey.rulePack.rulesStrings.5,r_roleName->[memePreyism] of [chosenIdeoName],li,RulePackDefs\RulePack_Ideo_Role.xml,def,<ALIMT >(PH_3)</ALIMT><ALIMT >(PH_2)</ALIMT> of <ALIMT >(PH_1)</ALIMT>,r_roleName->[memePreyism]来自[chosenIdeoName]
RV2_NamerRoleChosenPrey.rulePack.rulesStrings.6,r_roleName->[chosenAdjective] [memePreyism],li,RulePackDefs\RulePack_Ideo_Role.xml,def,<ALIMT >(PH_3)</ALIMT><ALIMT >(PH_2)</ALIMT> <ALIMT >(PH_1)</ALIMT>,r_roleName->[chosenAdjective] [memePreyism]
RV2_NamerRoleChosenPrey.rulePack.rulesStrings.7,r_roleName->[keyDeity]'s [memePreyism],li,RulePackDefs\RulePack_Ideo_Role.xml,def,<ALIMT >(PH_3)</ALIMT><ALIMT >(PH_2)</ALIMT>'s <ALIMT >(PH_1)</ALIMT>,r_roleName->[keyDeity]的[memePreyism]
RV2_NamerRoleFeeder.rulePack.rulesStrings.0,r_feeder->Feeder,li,RulePackDefs\RulePack_Ideo_Role.xml,def,<ALIMT >(PH_1)</ALIMT>Feeder,r_feeder->饲养员
RV2_NamerRoleFeeder.rulePack.rulesStrings.1,r_feeder->Voremaster,li,RulePackDefs\RulePack_Ideo_Role.xml,def,<ALIMT >(PH_1)</ALIMT>Voremaster,r_feeder->迷魂者
RV2_NamerRoleFeeder.rulePack.rulesStrings.2,r_roleName(p=4)->[r_feeder],li,RulePackDefs\RulePack_Ideo_Role.xml,def,<ALIMT >(PH_2)</ALIMT>-><ALIMT >(PH_1)</ALIMT>,r_roleName(p=4)->[r_feeder]
RV2_NamerRoleFeeder.rulePack.rulesStrings.3,r_roleName(p=2)->[memeAdjective] [r_feeder],li,RulePackDefs\RulePack_Ideo_Role.xml,def,<ALIMT >(PH_3)</ALIMT>-><ALIMT >(PH_2)</ALIMT> <ALIMT >(PH_1)</ALIMT>,r_roleName(p=2)->[memeAdjective][r_feeder]
RV2_NamerRoleFeeder.rulePack.rulesStrings.4,r_roleName->[r_feeder] of [chosenTheme],li,RulePackDefs\RulePack_Ideo_Role.xml,def,<ALIMT >(PH_3)</ALIMT><ALIMT >(PH_2)</ALIMT> of <ALIMT >(PH_1)</ALIMT>,r_roleName->[r_feeder]来自[chosenTheme]
RV2_NamerRoleFeeder.rulePack.rulesStrings.5,r_roleName->[r_feeder] of [keyDeity],li,RulePackDefs\RulePack_Ideo_Role.xml,def,<ALIMT >(PH_3)</ALIMT><ALIMT >(PH_2)</ALIMT> of <ALIMT >(PH_1)</ALIMT>,r_roleName->[r_feeder]来自[keyDeity]
RV2_NamerRoleFeeder.rulePack.rulesStrings.6,r_roleName->[r_feeder] of [memeConcept],li,RulePackDefs\RulePack_Ideo_Role.xml,def,<ALIMT >(PH_3)</ALIMT><ALIMT >(PH_2)</ALIMT> of <ALIMT >(PH_1)</ALIMT>,r_roleName->[r_feeder]来自[memeConcept]
RV2_NamerRoleFeeder.rulePack.rulesStrings.7,r_roleName->[r_feeder] of [chosenIdeoName],li,RulePackDefs\RulePack_Ideo_Role.xml,def,<ALIMT >(PH_3)</ALIMT><ALIMT >(PH_2)</ALIMT> of <ALIMT >(PH_1)</ALIMT>,r_roleName->[r_feeder]来自[chosenIdeoName]
RV2_NamerRoleFeeder.rulePack.rulesStrings.8,r_roleName->[chosenAdjective] [r_feeder],li,RulePackDefs\RulePack_Ideo_Role.xml,def,<ALIMT >(PH_3)</ALIMT><ALIMT >(PH_2)</ALIMT> <ALIMT >(PH_1)</ALIMT>,r_roleName->[chosenAdjective] [r_feeder]
RV2_NamerRoleFeeder.rulePack.rulesStrings.9,r_roleName->[keyDeity]'s [r_feeder],li,RulePackDefs\RulePack_Ideo_Role.xml,def,<ALIMT >(PH_3)</ALIMT><ALIMT >(PH_2)</ALIMT>'s <ALIMT >(PH_1)</ALIMT>,r_roleName->[keyDeity]的[r_feeder]
RV2_VoreRitual_Terrible.stages.0.label,Terrible vore ritual,label,ThoughtDefs\Thoughts_RitualMemories.xml,def,Terrible <ALIMT >vore</ALIMT> ritual,糟糕的吃人仪式
RV2_VoreRitual_Terrible.stages.0.description,"Bah, what a waste of time!",description,ThoughtDefs\Thoughts_RitualMemories.xml,def,"Bah, what a waste of time!",该死的，真浪费时间!
RV2_VoreRitual_Boring.stages.0.label,Boring vore ritual,label,ThoughtDefs\Thoughts_RitualMemories.xml,def,Boring <ALIMT >vore</ALIMT> ritual,枯燥乏味的吃人仪式
RV2_VoreRitual_Boring.stages.0.description,That could have gone better.,description,ThoughtDefs\Thoughts_RitualMemories.xml,def,That could have gone better.,情况本可以好转。
RV2_VoreRitual_Satisfying.stages.0.label,Satisfying vore ritual,label,ThoughtDefs\Thoughts_RitualMemories.xml,def,Satisfying <ALIMT >vore</ALIMT> ritual,令人满意吃人仪式
RV2_VoreRitual_Satisfying.stages.0.description,I had a delightful time!,description,ThoughtDefs\Thoughts_RitualMemories.xml,def,I had a delightful time!,我玩得很开心!
RV2_VoreRitual_Spectacular.stages.0.label,Spectacular vore ritual,label,ThoughtDefs\Thoughts_RitualMemories.xml,def,Spectacular <ALIMT >vore</ALIMT> ritual,引人入胜的吃人仪式
RV2_VoreRitual_Spectacular.stages.0.description,I am delighted to have participated in that ritual!,description,ThoughtDefs\Thoughts_RitualMemories.xml,def,I am delighted to have participated in that ritual!,我很高兴参加了那个仪式!
