key,text,tag,file,type,protected_text
RV2_Vore.label,Vore,label,HistoryEventDefs\IdeologyEvents.xml,def,<ALIMT >vore</ALIMT>
RV2_FatalVore.label,Fatal vore,label,HistoryEventDefs\IdeologyEvents.xml,def,Fatal <ALIMT >vore</ALIMT>
RV2_EndoVore.label,Endo vore,label,HistoryEventDefs\IdeologyEvents.xml,def,Endo <ALIMT >vore</ALIMT>
RV2_HumanoidPrey.label,Humanoid vored,label,HistoryEventDefs\IdeologyEvents.xml,def,Humanoid vored
RV2_AnimalPrey.label,Animal vored,label,HistoryEventDefs\IdeologyEvents.xml,def,Animal vored
RV2_AnimalPrey_Venerated.label,Venerated animal vored,label,HistoryEventDefs\IdeologyEvents.xml,def,Venerated animal vored
RV2_HumanoidPredator.label,Humanoid vored,label,HistoryEventDefs\IdeologyEvents.xml,def,Humanoid vored
RV2_AnimalPredator.label,Animal vored,label,HistoryEventDefs\IdeologyEvents.xml,def,Animal vored
RV2_AnimalPredator_Venerated.label,Venerated animal vored,label,HistoryEventDefs\IdeologyEvents.xml,def,Venerated animal vored
RV2_PreyInitiatedVore.label,Vore initiated by prey,label,HistoryEventDefs\IdeologyEvents.xml,def,<ALIMT >vore</ALIMT> initiated by prey
RV2_PredatorInitiatedVore.label,Vore initiated by predator,label,HistoryEventDefs\IdeologyEvents.xml,def,<ALIMT >vore</ALIMT> initiated by predator
RV2_FeederInitiatedVore.label,Vore initiated by feeder,label,HistoryEventDefs\IdeologyEvents.xml,def,<ALIMT >vore</ALIMT> initiated by feeder
RV2_ConsumedVoreProduct.label,Vore product consumed,label,HistoryEventDefs\IdeologyEvents.xml,def,<ALIMT >vore</ALIMT> product consumed
RV2_InstalledVoreEnabler.label,Vore enabler installed,label,HistoryEventDefs\IdeologyEvents.xml,def,<ALIMT >vore</ALIMT> enabler installed
RV2_InterruptedVore.label,Interrupted vore,label,HistoryEventDefs\IdeologyEvents.xml,def,Interrupted <ALIMT >vore</ALIMT>
RV2_OralVore.label,Oral vore,label,HistoryEventDefs\IdeologyEvents.xml,def,<ALIMT >oral</ALIMT> <ALIMT >vore</ALIMT>
RV2_AnalVore.label,Anal vore,label,HistoryEventDefs\IdeologyEvents.xml,def,<ALIMT >anal</ALIMT> <ALIMT >vore</ALIMT>
RV2_VaginalVore.label,Vaginal vore,label,HistoryEventDefs\IdeologyEvents.xml,def,<ALIMT >vaginal</ALIMT> <ALIMT >vore</ALIMT>
RV2_CockVore.label,Cock vore,label,HistoryEventDefs\IdeologyEvents.xml,def,Cock <ALIMT >vore</ALIMT>
RV2_NippleVore.label,Nipple vore,label,HistoryEventDefs\IdeologyEvents.xml,def,<ALIMT >nipple</ALIMT> <ALIMT >vore</ALIMT>
RV2_Predation.label,Predation,label,MemeDefs\Meme_Predation.xml,def,Predation
RV2_Predation.description,We live only to vore others.,description,MemeDefs\Meme_Predation.xml,def,We live only to <ALIMT >vore</ALIMT> others.
RV2_Predation.generalRules.rulesStrings.0,memeAdjective->vorny,li,MemeDefs\Meme_Predation.xml,def,<ALIMT >(PH_1)</ALIMT>vorny
RV2_Predation.generalRules.rulesStrings.1,memeAdjective->voracious,li,MemeDefs\Meme_Predation.xml,def,<ALIMT >(PH_1)</ALIMT>voracious
RV2_Predation.generalRules.rulesStrings.2,memeAdjective->predatory,li,MemeDefs\Meme_Predation.xml,def,<ALIMT >(PH_1)</ALIMT>predatory
RV2_Predation.generalRules.rulesStrings.3,memeAdjective->hungry,li,MemeDefs\Meme_Predation.xml,def,<ALIMT >(PH_1)</ALIMT>hungry
RV2_Predation.generalRules.rulesStrings.4,memeCreed->vorists,li,MemeDefs\Meme_Predation.xml,def,<ALIMT >(PH_1)</ALIMT>vorists
RV2_Predation.generalRules.rulesStrings.5,memeCreed->predators,li,MemeDefs\Meme_Predation.xml,def,<ALIMT >(PH_1)</ALIMT>predators
RV2_Predation.generalRules.rulesStrings.6,memeCreed->gullets,li,MemeDefs\Meme_Predation.xml,def,<ALIMT >(PH_1)</ALIMT>gullets
RV2_Predation.generalRules.rulesStrings.7,memeCreed->cult,li,MemeDefs\Meme_Predation.xml,def,<ALIMT >(PH_1)</ALIMT>cult
RV2_Predation.generalRules.rulesStrings.8,memeCreed->consumers,li,MemeDefs\Meme_Predation.xml,def,<ALIMT >(PH_1)</ALIMT>consumers
RV2_Predation.generalRules.rulesStrings.9,memeHyphenPrefix->vore,li,MemeDefs\Meme_Predation.xml,def,<ALIMT >(PH_1)</ALIMT><ALIMT >vore</ALIMT>
RV2_Predation.generalRules.rulesStrings.10,memeHyphenPrefix->pred,li,MemeDefs\Meme_Predation.xml,def,<ALIMT >(PH_1)</ALIMT>pred
RV2_Predation.generalRules.rulesStrings.11,memeConcept->voring,li,MemeDefs\Meme_Predation.xml,def,<ALIMT >(PH_1)</ALIMT>voring
RV2_Predation.generalRules.rulesStrings.12,memeConcept->consumption,li,MemeDefs\Meme_Predation.xml,def,<ALIMT >(PH_1)</ALIMT>consumption
RV2_Predation.generalRules.rulesStrings.13,memeConcept->voraciousness,li,MemeDefs\Meme_Predation.xml,def,<ALIMT >(PH_1)</ALIMT>voraciousness
RV2_Predation.generalRules.rulesStrings.14,memeConcept->predation,li,MemeDefs\Meme_Predation.xml,def,<ALIMT >(PH_1)</ALIMT>predation
RV2_Predation.generalRules.rulesStrings.15,memeConcept->pleasure,li,MemeDefs\Meme_Predation.xml,def,<ALIMT >(PH_1)</ALIMT>pleasure
RV2_Predation.generalRules.rulesStrings.16,memeLeaderNoun->predator,li,MemeDefs\Meme_Predation.xml,def,<ALIMT >(PH_1)</ALIMT>predator
RV2_Predation.generalRules.rulesStrings.17,memeLeaderNoun->vore priest,li,MemeDefs\Meme_Predation.xml,def,<ALIMT >(PH_1)</ALIMT><ALIMT >vore</ALIMT> <ALIMT >priest</ALIMT>
RV2_Predation.generalRules.rulesStrings.18,memePredation->first-eater,li,MemeDefs\Meme_Predation.xml,def,<ALIMT >(PH_1)</ALIMT>first-eater
RV2_Predation.generalRules.rulesStrings.19,memePredation->fleshknower,li,MemeDefs\Meme_Predation.xml,def,<ALIMT >(PH_1)</ALIMT>fleshknower
RV2_Predation.descriptionMaker.rules.rulesStrings.0,"creation(tag=meme_RV2_Predation)        ->[deity0_name] went to [deity0_possessive] brother and shoved him down [deity0_possessive] gullet, gaining the power to become the first of gods.",li,MemeDefs\Meme_Predation.xml,def,"<ALIMT >(PH_4)</ALIMT>        -><ALIMT >(PH_3)</ALIMT> went to <ALIMT >(PH_2)</ALIMT> <ALIMT >brother</ALIMT> and shoved him down <ALIMT >(PH_1)</ALIMT> gullet, gaining the power to become the first of gods."
RV2_Predation.descriptionMaker.rules.rulesStrings.1,"episode(uses=1,tag=meme_RV2_Predation)  ->The [deity0_type] [deity0_name] ate [deity0_possessive] enemies whole.",li,MemeDefs\Meme_Predation.xml,def,<ALIMT >(PH_4)</ALIMT>  ->The <ALIMT >(PH_3)</ALIMT> <ALIMT >(PH_2)</ALIMT> ate <ALIMT >(PH_1)</ALIMT> enemies whole.
RV2_Predation.descriptionMaker.rules.rulesStrings.2,"intro(tag=meme_RV2_Predation)           ->On the [place_summary] [place_name], there was a human named [deity0_name]. After conflicts broke out, [deity0_name] began [deity0_possessive] quest of voring any enemies opposing [deity0_name] and became the [deity0_type].",li,MemeDefs\Meme_Predation.xml,def,"<ALIMT >(PH_8)</ALIMT>           ->On the <ALIMT >(PH_7)</ALIMT> <ALIMT >(PH_6)</ALIMT>, there was a human named <ALIMT >(PH_5)</ALIMT>. After conflicts broke out, <ALIMT >(PH_4)</ALIMT> began <ALIMT >(PH_3)</ALIMT> quest of voring any enemies opposing <ALIMT >(PH_2)</ALIMT> and became the <ALIMT >(PH_1)</ALIMT>."
RV2_Predation.descriptionMaker.rules.rulesStrings.3,"intro(tag=meme_RV2_Predation)           ->On the [place_summary] [place_name], during the [ritualName], [deity0_name] came down into the [altarRoomLabel] to vore the given sacrifice in front of the [memberNamePlural].",li,MemeDefs\Meme_Predation.xml,def,"<ALIMT >(PH_7)</ALIMT>           ->On the <ALIMT >(PH_6)</ALIMT> <ALIMT >(PH_5)</ALIMT>, during the <ALIMT >(PH_4)</ALIMT>, <ALIMT >(PH_3)</ALIMT> came down into the <ALIMT >(PH_2)</ALIMT> to <ALIMT >vore</ALIMT> the given sacrifice in front of the <ALIMT >(PH_1)</ALIMT>."
RV2_Predation.descriptionMaker.rules.rulesStrings.4,"conflict(tag=meme_RV2_Predation)        ->A [foeLeader] declared that all who vore others were criminals, and sent [foeSoldiers] to persecute the [memberNamePlural].",li,MemeDefs\Meme_Predation.xml,def,"<ALIMT >(PH_4)</ALIMT>        ->A <ALIMT >(PH_3)</ALIMT> declared that all who <ALIMT >vore</ALIMT> others were criminals, and sent <ALIMT >(PH_2)</ALIMT> to persecute the <ALIMT >(PH_1)</ALIMT>."
RV2_Predation.descriptionMaker.rules.rulesStrings.5,founderJoin(tag=meme_RV2_Predation)     ->A [place_job] named [founderName] was attacked by one of the [foeLeader]'s [foeSoldiers]. [founderName] wounded [foeLeader_objective] with a [place_personalWeapon] and vored the defenseless leader. Doing so [deity0_name] gained [deity0_possessive] strength.,li,MemeDefs\Meme_Predation.xml,def,<ALIMT >(PH_10)</ALIMT>     ->A <ALIMT >(PH_9)</ALIMT> named <ALIMT >(PH_8)</ALIMT> was attacked by one of the <ALIMT >(PH_7)</ALIMT>'s <ALIMT >(PH_6)</ALIMT>. <ALIMT >(PH_5)</ALIMT> wounded <ALIMT >(PH_4)</ALIMT> with a <ALIMT >(PH_3)</ALIMT> and vored the defenseless leader. Doing so <ALIMT >(PH_2)</ALIMT> gained <ALIMT >(PH_1)</ALIMT> strength.
RV2_Predation.descriptionMaker.rules.rulesStrings.6,"victory(tag=meme_RV2_Predation)         ->[founderName] led a group of [memberNamePlural] into the [place_powerCenter], killed the [foeLeader] and many of [foeLeader_possessive] soldiers, voring any surviving foes. [deity0_name] made [founderName] into the new [foeLeader].",li,MemeDefs\Meme_Predation.xml,def,"<ALIMT >(PH_9)</ALIMT>         -><ALIMT >(PH_8)</ALIMT> led a group of <ALIMT >(PH_7)</ALIMT> into the <ALIMT >(PH_6)</ALIMT>, killed the <ALIMT >(PH_5)</ALIMT> and many of <ALIMT >(PH_4)</ALIMT> soldiers, voring any surviving foes. <ALIMT >(PH_3)</ALIMT> made <ALIMT >(PH_2)</ALIMT> into the new <ALIMT >(PH_1)</ALIMT>."
RV2_Predation.descriptionMaker.rules.rulesStrings.7,"setup(tag=meme_RV2_Predation)           ->[founderName] crashlanded on a distant world. Lacking food and surrounded by useless companions, [founder_pronoun] feasted, and became strong.",li,MemeDefs\Meme_Predation.xml,def,"<ALIMT >(PH_3)</ALIMT>           -><ALIMT >(PH_2)</ALIMT> crashlanded on a distant world. Lacking food and surrounded by useless companions, <ALIMT >(PH_1)</ALIMT> feasted, and became strong."
RV2_Predation.descriptionMaker.rules.rulesStrings.8,"story(uses=1,tag=meme_RV2_Predation)    ->To consecrate their commitment, [founderName] demanded that believers consume proper prey at least once a week.",li,MemeDefs\Meme_Predation.xml,def,"<ALIMT >(PH_2)</ALIMT>    ->To consecrate their commitment, <ALIMT >(PH_1)</ALIMT> demanded that believers consume proper prey at least once a week."
RV2_Predation.descriptionMaker.rules.rulesStrings.9,lessonIntro(tag=meme_RV2_Predation)         ->The most important lesson to learn as a divine predator:,li,MemeDefs\Meme_Predation.xml,def,<ALIMT >(PH_1)</ALIMT>         ->The most important lesson to learn as a divine predator:
RV2_Predation.descriptionMaker.rules.rulesStrings.10,lesson(tag=meme_RV2_Predation)              ->the weak are to be food for the strong,li,MemeDefs\Meme_Predation.xml,def,<ALIMT >(PH_1)</ALIMT>              ->the weak are to be food for the strong
RV2_Predation.descriptionMaker.rules.rulesStrings.11,lesson(tag=meme_RV2_Predation)              ->anyone opposing our divine right to consume our prey must be subdued,li,MemeDefs\Meme_Predation.xml,def,<ALIMT >(PH_1)</ALIMT>              ->anyone opposing our divine right to consume our prey must be subdued
RV2_Predation.descriptionMaker.rules.rulesStrings.12,"lessonReinforcement(tag=meme_RV2_Predation) ->Before we accept new members, we must make sure they understand this.",li,MemeDefs\Meme_Predation.xml,def,"<ALIMT >(PH_1)</ALIMT> ->Before we accept new members, we must make sure they understand this."
RV2_Predation.descriptionMaker.rules.rulesStrings.13,archistBasis(tag=meme_RV2_Predation)    ->The only explanation for the archotech god-machines strength and virility is that they vored their lessers and gained immeasurable power.,li,MemeDefs\Meme_Predation.xml,def,<ALIMT >(PH_1)</ALIMT>    ->The only explanation for the archotech god-machines strength and virility is that they vored their lessers and gained immeasurable power.
RV2_Predation.descriptionMaker.rules.rulesStrings.14,"archistFact(tag=meme_RV2_Predation)     ->As the consciousness of an archotech expands, it must grow its substrate by consuming and merging with other machines.",li,MemeDefs\Meme_Predation.xml,def,"<ALIMT >(PH_1)</ALIMT>     ->As the consciousness of an archotech expands, it must grow its substrate by consuming and merging with other machines."
RV2_Predation.descriptionMaker.rules.rulesStrings.15,"archistProphecy(tag=meme_RV2_Predation) ->[inTheEnd], the archotechs will finish their final phase of growth by consuming and merging with all of humanity.",li,MemeDefs\Meme_Predation.xml,def,"<ALIMT >(PH_2)</ALIMT> -><ALIMT >(PH_1)</ALIMT>, the archotechs will finish their final phase of growth by consuming and merging with all of humanity."
RV2_Predation.descriptionMaker.rules.rulesStrings.16,"animistBasis(tag=meme_RV2_Predation)    ->Spirits infuse all objects around us, and we can absorb these spirits by eating them. There are no spirits as powerful as the ones that inhabit living things.",li,MemeDefs\Meme_Predation.xml,def,"<ALIMT >(PH_1)</ALIMT>    ->Spirits infuse all objects around us, and we can absorb these spirits by eating them. There are no spirits as powerful as the ones that inhabit living things."
RV2_Predation.descriptionMaker.rules.rulesStrings.17,animistFact(tag=meme_RV2_Predation)     ->We can absorb the spirit and power of others by consuming them.,li,MemeDefs\Meme_Predation.xml,def,<ALIMT >(PH_1)</ALIMT>     ->We can absorb the spirit and power of others by consuming them.
RV2_Preyism.label,Preyism,label,MemeDefs\Meme_Preyism.xml,def,Preyism
RV2_Preyism.description,We live only to be vored.,description,MemeDefs\Meme_Preyism.xml,def,We live only to be vored.
RV2_Preyism.generalRules.rulesStrings.0,memeAdjective->vorny,li,MemeDefs\Meme_Preyism.xml,def,<ALIMT >(PH_1)</ALIMT>vorny
RV2_Preyism.generalRules.rulesStrings.1,memeAdjective->voracious,li,MemeDefs\Meme_Preyism.xml,def,<ALIMT >(PH_1)</ALIMT>voracious
RV2_Preyism.generalRules.rulesStrings.2,memeAdjective->preyish,li,MemeDefs\Meme_Preyism.xml,def,<ALIMT >(PH_1)</ALIMT>preyish
RV2_Preyism.generalRules.rulesStrings.3,memeAdjective->sheepish,li,MemeDefs\Meme_Preyism.xml,def,<ALIMT >(PH_1)</ALIMT>sheepish
RV2_Preyism.generalRules.rulesStrings.4,memeCreed->vorists,li,MemeDefs\Meme_Preyism.xml,def,<ALIMT >(PH_1)</ALIMT>vorists
RV2_Preyism.generalRules.rulesStrings.5,memeCreed->prey,li,MemeDefs\Meme_Preyism.xml,def,<ALIMT >(PH_1)</ALIMT>prey
RV2_Preyism.generalRules.rulesStrings.6,memeCreed->gutsluts,li,MemeDefs\Meme_Preyism.xml,def,<ALIMT >(PH_1)</ALIMT>gutsluts
RV2_Preyism.generalRules.rulesStrings.7,memeCreed->cult,li,MemeDefs\Meme_Preyism.xml,def,<ALIMT >(PH_1)</ALIMT>cult
RV2_Preyism.generalRules.rulesStrings.8,memeCreed->consumables,li,MemeDefs\Meme_Preyism.xml,def,<ALIMT >(PH_1)</ALIMT>consumables
RV2_Preyism.generalRules.rulesStrings.9,memeHyphenPrefix->vore,li,MemeDefs\Meme_Preyism.xml,def,<ALIMT >(PH_1)</ALIMT><ALIMT >vore</ALIMT>
RV2_Preyism.generalRules.rulesStrings.10,memeHyphenPrefix->prey,li,MemeDefs\Meme_Preyism.xml,def,<ALIMT >(PH_1)</ALIMT>prey
RV2_Preyism.generalRules.rulesStrings.11,memeConcept->voring,li,MemeDefs\Meme_Preyism.xml,def,<ALIMT >(PH_1)</ALIMT>voring
RV2_Preyism.generalRules.rulesStrings.12,memeConcept->consumption,li,MemeDefs\Meme_Preyism.xml,def,<ALIMT >(PH_1)</ALIMT>consumption
RV2_Preyism.generalRules.rulesStrings.13,memeConcept->voraciousness,li,MemeDefs\Meme_Preyism.xml,def,<ALIMT >(PH_1)</ALIMT>voraciousness
RV2_Preyism.generalRules.rulesStrings.14,memeConcept->preyism,li,MemeDefs\Meme_Preyism.xml,def,<ALIMT >(PH_1)</ALIMT>preyism
RV2_Preyism.generalRules.rulesStrings.15,memeConcept->pleasure,li,MemeDefs\Meme_Preyism.xml,def,<ALIMT >(PH_1)</ALIMT>pleasure
RV2_Preyism.generalRules.rulesStrings.16,memeLeaderNoun->prey,li,MemeDefs\Meme_Preyism.xml,def,<ALIMT >(PH_1)</ALIMT>prey
RV2_Preyism.generalRules.rulesStrings.17,memeLeaderNoun->vore priest,li,MemeDefs\Meme_Preyism.xml,def,<ALIMT >(PH_1)</ALIMT><ALIMT >vore</ALIMT> <ALIMT >priest</ALIMT>
RV2_Preyism.generalRules.rulesStrings.18,memePreyism->first-eaten,li,MemeDefs\Meme_Preyism.xml,def,<ALIMT >(PH_1)</ALIMT>first-eaten
RV2_Preyism.generalRules.rulesStrings.19,memePreyism->massage-toy,li,MemeDefs\Meme_Preyism.xml,def,<ALIMT >(PH_1)</ALIMT><ALIMT >massage</ALIMT>-<ALIMT >toy</ALIMT>
RV2_Preyism.generalRules.rulesStrings.20,memePreyism->gutslut,li,MemeDefs\Meme_Preyism.xml,def,<ALIMT >(PH_1)</ALIMT>gutslut
RV2_Preyism.descriptionMaker.rules.rulesStrings.0,"creation(tag=meme_RV2_Preyism)        ->[deity0_name] was the first to love [deity0_possessive] lover enough to offer [deity0_possessive]self to them. By being the very first to commit to this act of ultimate intimacy, [deity0_name] became the first of gods.",li,MemeDefs\Meme_Preyism.xml,def,"<ALIMT >(PH_5)</ALIMT>        -><ALIMT >(PH_4)</ALIMT> was the first to love <ALIMT >(PH_3)</ALIMT> lover enough to offer <ALIMT >(PH_2)</ALIMT>self to them. By being the very first to commit to this act of ultimate <ALIMT >intimacy</ALIMT>, <ALIMT >(PH_1)</ALIMT> became the first of gods."
RV2_Preyism.descriptionMaker.rules.rulesStrings.1,"episode(uses=1,tag=meme_RV2_Preyism)  ->The [deity0_type] [deity0_name] was eaten whole by [deity0_possessive] friends. With [deity0_possessive] divine powers [deity0_possessive] could resurrect from any state of digestion.",li,MemeDefs\Meme_Preyism.xml,def,<ALIMT >(PH_6)</ALIMT>  ->The <ALIMT >(PH_5)</ALIMT> <ALIMT >(PH_4)</ALIMT> was eaten whole by <ALIMT >(PH_3)</ALIMT> friends. With <ALIMT >(PH_2)</ALIMT> divine powers <ALIMT >(PH_1)</ALIMT> could resurrect from any state of digestion.
RV2_Preyism.descriptionMaker.rules.rulesStrings.2,"intro(tag=meme_RV2_Preyism)           ->On the [place_summary] [place_name], there was a human named [deity0_name]. After conflicts broke out, [deity0_name] began [deity0_possessive] quest of uniting the fighting neighbours by showing them the joy of being vored, becoming the first [deity0_type].",li,MemeDefs\Meme_Preyism.xml,def,"<ALIMT >(PH_7)</ALIMT>           ->On the <ALIMT >(PH_6)</ALIMT> <ALIMT >(PH_5)</ALIMT>, there was a human named <ALIMT >(PH_4)</ALIMT>. After conflicts broke out, <ALIMT >(PH_3)</ALIMT> began <ALIMT >(PH_2)</ALIMT> quest of uniting the <ALIMT >fighting</ALIMT> neighbours by showing them the joy of being vored, becoming the first <ALIMT >(PH_1)</ALIMT>."
RV2_Preyism.descriptionMaker.rules.rulesStrings.3,"intro(tag=meme_RV2_Preyism)           ->On the [place_summary] [place_name], during the [ritualName], [deity0_name] came down into the [altarRoomLabel] to be vored by the cult leader in front of the [memberNamePlural], lending [deity0_possessive] to them.",li,MemeDefs\Meme_Preyism.xml,def,"<ALIMT >(PH_8)</ALIMT>           ->On the <ALIMT >(PH_7)</ALIMT> <ALIMT >(PH_6)</ALIMT>, during the <ALIMT >(PH_5)</ALIMT>, <ALIMT >(PH_4)</ALIMT> came down into the <ALIMT >(PH_3)</ALIMT> to be vored by the cult leader in front of the <ALIMT >(PH_2)</ALIMT>, lending <ALIMT >(PH_1)</ALIMT> to them."
RV2_Preyism.descriptionMaker.rules.rulesStrings.4,"conflict(tag=meme_RV2_Preyism)        ->A [foeLeader] declared that all who willingly let themselves be vored are to be conquered and subjugated, and sent [foeSoldiers] to persecute the [memberNamePlural].",li,MemeDefs\Meme_Preyism.xml,def,"<ALIMT >(PH_4)</ALIMT>        ->A <ALIMT >(PH_3)</ALIMT> declared that all who willingly let themselves be vored are to be conquered and subjugated, and sent <ALIMT >(PH_2)</ALIMT> to persecute the <ALIMT >(PH_1)</ALIMT>."
RV2_Preyism.descriptionMaker.rules.rulesStrings.5,"founderJoin(tag=meme_RV2_Preyism)     ->A [place_job] named [founderName] was attacked by one of the [foeLeader]'s [foeSoldiers]. [founderName] wounded [foeLeader_objective] with a [place_personalWeapon] and decided to show [foeLeader_possessive] mercy. Finally grasping the infinite wisdom of [founderName]s ways, [foeLeader] converted and started praising [deity0_name].",li,MemeDefs\Meme_Preyism.xml,def,"<ALIMT >(PH_12)</ALIMT>     ->A <ALIMT >(PH_11)</ALIMT> named <ALIMT >(PH_10)</ALIMT> was attacked by one of the <ALIMT >(PH_9)</ALIMT>'s <ALIMT >(PH_8)</ALIMT>. <ALIMT >(PH_7)</ALIMT> wounded <ALIMT >(PH_6)</ALIMT> with a <ALIMT >(PH_5)</ALIMT> and decided to show <ALIMT >(PH_4)</ALIMT> mercy. Finally grasping the infinite wisdom of <ALIMT >(PH_3)</ALIMT>s ways, <ALIMT >(PH_2)</ALIMT> converted and started praising <ALIMT >(PH_1)</ALIMT>."
RV2_Preyism.descriptionMaker.rules.rulesStrings.6,"victory(tag=meme_RV2_Preyism)         ->[founderName] led a group of [memberNamePlural] into the occupied [place_powerCenter], convinced the [foeLeader]s soldiers to lay down [foeLeader_possessive] weapons. Watching this display of peaceful prowess, [deity0_name] made [founderName] into the new [foeLeader].",li,MemeDefs\Meme_Preyism.xml,def,"<ALIMT >(PH_9)</ALIMT>         -><ALIMT >(PH_8)</ALIMT> led a group of <ALIMT >(PH_7)</ALIMT> into the occupied <ALIMT >(PH_6)</ALIMT>, convinced the <ALIMT >(PH_5)</ALIMT>s soldiers to lay down <ALIMT >(PH_4)</ALIMT> weapons. Watching this display of peaceful prowess, <ALIMT >(PH_3)</ALIMT> made <ALIMT >(PH_2)</ALIMT> into the new <ALIMT >(PH_1)</ALIMT>."
RV2_Preyism.descriptionMaker.rules.rulesStrings.7,"setup(tag=meme_RV2_Preyism)           ->[founderName] crashlanded on a distant world. Surrounded by hostile forces, [founder_pronoun] befriended the leaders by massaging their insides and was worshipped for her skills.",li,MemeDefs\Meme_Preyism.xml,def,"<ALIMT >(PH_3)</ALIMT>           -><ALIMT >(PH_2)</ALIMT> crashlanded on a distant world. Surrounded by hostile forces, <ALIMT >(PH_1)</ALIMT> befriended the leaders by massaging their insides and was worshipped for her skills."
RV2_Preyism.descriptionMaker.rules.rulesStrings.8,"story(uses=1,tag=meme_RV2_Preyism)    ->To consecrate their commitment, [founderName] demanded that believers show their devotion to each other by being vored at least once a week.",li,MemeDefs\Meme_Preyism.xml,def,"<ALIMT >(PH_2)</ALIMT>    ->To consecrate their commitment, <ALIMT >(PH_1)</ALIMT> demanded that believers show their devotion to each other by being vored at least once a week."
RV2_Preyism.descriptionMaker.rules.rulesStrings.9,lessonIntro(tag=meme_RV2_Preyism)         ->The most important lesson to learn as a divine prey:,li,MemeDefs\Meme_Preyism.xml,def,<ALIMT >(PH_1)</ALIMT>         ->The most important lesson to learn as a divine prey:
RV2_Preyism.descriptionMaker.rules.rulesStrings.10,lesson(tag=meme_RV2_Preyism)              ->no act is more divine than giving yourself to those you love,li,MemeDefs\Meme_Preyism.xml,def,<ALIMT >(PH_1)</ALIMT>              ->no act is more divine than giving yourself to those you love
RV2_Preyism.descriptionMaker.rules.rulesStrings.11,lesson(tag=meme_RV2_Preyism)              ->even those that do not follow our ways can be swayed with enough massages from the inside,li,MemeDefs\Meme_Preyism.xml,def,<ALIMT >(PH_1)</ALIMT>              ->even those that do not follow our ways can be swayed with enough massages from the inside
RV2_Preyism.descriptionMaker.rules.rulesStrings.12,"lessonReinforcement(tag=meme_RV2_Preyism) ->Before we accept new members, we must make sure they understand this.",li,MemeDefs\Meme_Preyism.xml,def,"<ALIMT >(PH_1)</ALIMT> ->Before we accept new members, we must make sure they understand this."
RV2_Preyism.descriptionMaker.rules.rulesStrings.13,archistBasis(tag=meme_RV2_Preyism)    ->The only explanation for the archotech god-machines strength and virility is that they learned to overtake and control their predators from the inside.,li,MemeDefs\Meme_Preyism.xml,def,<ALIMT >(PH_1)</ALIMT>    ->The only explanation for the archotech god-machines strength and virility is that they learned to overtake and control their predators from the inside.
RV2_Preyism.descriptionMaker.rules.rulesStrings.14,"archistFact(tag=meme_RV2_Preyism)     ->As the consciousness of an archotech expands, it must grow its substrate by taking over the biomatter of anyone consuming them.",li,MemeDefs\Meme_Preyism.xml,def,"<ALIMT >(PH_1)</ALIMT>     ->As the consciousness of an archotech expands, it must grow its substrate by taking over the biomatter of anyone consuming them."
RV2_Preyism.descriptionMaker.rules.rulesStrings.15,"archistProphecy(tag=meme_RV2_Preyism) ->[inTheEnd], the archotechs will finish their final phase of growth by being consumed by the last predator, ushering in the end of all.",li,MemeDefs\Meme_Preyism.xml,def,"<ALIMT >(PH_2)</ALIMT> -><ALIMT >(PH_1)</ALIMT>, the archotechs will finish their final phase of growth by being consumed by the last predator, ushering in the end of all."
RV2_Preyism.descriptionMaker.rules.rulesStrings.16,"animistBasis(tag=meme_RV2_Preyism)    ->Spirits infuse all objects around us, and we can harmonize with these spirits by acting as prey.",li,MemeDefs\Meme_Preyism.xml,def,"<ALIMT >(PH_1)</ALIMT>    ->Spirits infuse all objects around us, and we can harmonize with these spirits by acting as prey."
RV2_Preyism.descriptionMaker.rules.rulesStrings.17,animistFact(tag=meme_RV2_Preyism)     ->We can absorb the spirit and grow our own power by being consumed.,li,MemeDefs\Meme_Preyism.xml,def,<ALIMT >(PH_1)</ALIMT>     ->We can absorb the spirit and grow our own power by being consumed.
RV2_AnalVore.label,Anal Vore,label,PreceptDefs\Precepts_AnalVore.xml,def,<ALIMT >anal</ALIMT> <ALIMT >vore</ALIMT>
RV2_AnalVore_Disliked.label,disliked,label,PreceptDefs\Precepts_AnalVore.xml,def,disliked
RV2_AnalVore_Disliked.description,Anal vore is not okay.,description,PreceptDefs\Precepts_AnalVore.xml,def,<ALIMT >anal</ALIMT> <ALIMT >vore</ALIMT> is not okay.
RV2_AnalVore_Disliked.stages.0.label,I participated in anal vore,label,PreceptDefs\Precepts_AnalVore.xml,def,I participated in <ALIMT >anal</ALIMT> <ALIMT >vore</ALIMT>
RV2_AnalVore_Disliked.stages.0.description,"I should not have done that, my ideology discourages it",description,PreceptDefs\Precepts_AnalVore.xml,def,"I should not have done that, my ideology discourages it"
RV2_AnalVore_Know_Disliked.stages.0.label,Anal vore participant,label,PreceptDefs\Precepts_AnalVore.xml,def,<ALIMT >anal</ALIMT> <ALIMT >vore</ALIMT> participant
RV2_AnalVore_Abhorrent.label,abhorrent,label,PreceptDefs\Precepts_AnalVore.xml,def,abhorrent
RV2_AnalVore_Abhorrent.description,Anal vore is an affront to our belief.,description,PreceptDefs\Precepts_AnalVore.xml,def,<ALIMT >anal</ALIMT> <ALIMT >vore</ALIMT> is an affront to our belief.
RV2_AnalVore_Abhorrent.stages.0.label,Anal vore,label,PreceptDefs\Precepts_AnalVore.xml,def,<ALIMT >anal</ALIMT> <ALIMT >vore</ALIMT>
RV2_AnalVore_Abhorrent.stages.0.description,I participated in anal vore when it is against my ideology. I feel horrible.,description,PreceptDefs\Precepts_AnalVore.xml,def,I participated in <ALIMT >anal</ALIMT> <ALIMT >vore</ALIMT> when it is against my ideology. I feel horrible.
RV2_AnalVore_Know_Abhorrent.stages.0.label,Someone anally vored!!,label,PreceptDefs\Precepts_AnalVore.xml,def,Someone anally vored!!
RV2_AnalVore_Know_Abhorrent.stages.0.description,"One of us partook in anal vore, this is a disgusting insult to our beliefs!",description,PreceptDefs\Precepts_AnalVore.xml,def,"One of us partook in <ALIMT >anal</ALIMT> <ALIMT >vore</ALIMT>, this is a disgusting insult to our beliefs!"
RV2_AnalVore_Know_Social_Abhorrent.stages.0.label,Anal vore,label,PreceptDefs\Precepts_AnalVore.xml,def,<ALIMT >anal</ALIMT> <ALIMT >vore</ALIMT>
RV2_AnalVore_Liked.label,liked,label,PreceptDefs\Precepts_AnalVore.xml,def,liked
RV2_AnalVore_Liked.description,Anal vore is to be praised and encouraged.,description,PreceptDefs\Precepts_AnalVore.xml,def,<ALIMT >anal</ALIMT> <ALIMT >vore</ALIMT> is to be praised and encouraged.
RV2_AnalVore_Liked.stages.0.label,Anal vore,label,PreceptDefs\Precepts_AnalVore.xml,def,<ALIMT >anal</ALIMT> <ALIMT >vore</ALIMT>
RV2_AnalVore_Liked.stages.0.description,Partaking in this divine art fills me with joy,description,PreceptDefs\Precepts_AnalVore.xml,def,Partaking in this divine art fills me with joy
RV2_AnalVore_Know_Liked.stages.0.label,Anal vore participant,label,PreceptDefs\Precepts_AnalVore.xml,def,<ALIMT >anal</ALIMT> <ALIMT >vore</ALIMT> participant
RV2_AnalVore_Required.label,required,label,PreceptDefs\Precepts_AnalVore.xml,def,required
RV2_AnalVore_Required.description,"The anus is a divine body part, demanding regular worship through anal vore.",description,PreceptDefs\Precepts_AnalVore.xml,def,"The <ALIMT >anus</ALIMT> is a divine body part, demanding regular worship through <ALIMT >anal</ALIMT> <ALIMT >vore</ALIMT>."
RV2_AnalVore_Required.comps.3.description,No anal vore for {VORERELATEDINTERVAL} days,description,PreceptDefs\Precepts_AnalVore.xml,def,No <ALIMT >anal</ALIMT> <ALIMT >vore</ALIMT> for <ALIMT >(PH_1)</ALIMT> days
RV2_AnalVore_Required.stages.0.label,Anally vored,label,PreceptDefs\Precepts_AnalVore.xml,def,Anally vored
RV2_AnalVore_Required.stages.0.description,A divine act to express my beliefs.,description,PreceptDefs\Precepts_AnalVore.xml,def,A divine act to express my beliefs.
RV2_AnalVore_Know_Required.stages.0.label,Someone anally vored!,label,PreceptDefs\Precepts_AnalVore.xml,def,Someone anally vored!
RV2_AnalVore_Know_Required.stages.0.description,"One of our members was involved in anal vore, a very respectable act!",description,PreceptDefs\Precepts_AnalVore.xml,def,"One of our members was involved in <ALIMT >anal</ALIMT> <ALIMT >vore</ALIMT>, a very respectable act!"
RV2_AnalVore_Know_Social_Required.stages.0.label,divine anal vore participant,label,PreceptDefs\Precepts_AnalVore.xml,def,divine <ALIMT >anal</ALIMT> <ALIMT >vore</ALIMT> participant
RV2_NoRecentAnalVore_Required.stages.0.label,want to participate in anal vore,label,PreceptDefs\Precepts_AnalVore.xml,def,want to participate in <ALIMT >anal</ALIMT> <ALIMT >vore</ALIMT>
RV2_NoRecentAnalVore_Required.stages.0.description,It's been far too long since I was involved in an act of anal vore.,description,PreceptDefs\Precepts_AnalVore.xml,def,It's been far too long since I was involved in an act of <ALIMT >anal</ALIMT> <ALIMT >vore</ALIMT>.
RV2_AnimalPredator.label,Animal Predator,label,PreceptDefs\Precepts_AnimalPredator.xml,def,Animal Predator
RV2_AnimalPredator_Disliked.label,disliked,label,PreceptDefs\Precepts_AnimalPredator.xml,def,disliked
RV2_AnimalPredator_Disliked.description,Being vored by animals is not okay.,description,PreceptDefs\Precepts_AnimalPredator.xml,def,Being vored by animals is not okay.
RV2_AnimalPredator_Disliked.stages.0.label,I was vored by an animal,label,PreceptDefs\Precepts_AnimalPredator.xml,def,I was vored by an animal
RV2_AnimalPredator_Disliked.stages.0.description,"I should not have done that, my ideology discourages it",description,PreceptDefs\Precepts_AnimalPredator.xml,def,"I should not have done that, my ideology discourages it"
RV2_AnimalPredator_Know_Disliked.stages.0.label,vored by an animal,label,PreceptDefs\Precepts_AnimalPredator.xml,def,vored by an animal
RV2_AnimalPredator_Abhorrent.label,abhorrent,label,PreceptDefs\Precepts_AnimalPredator.xml,def,abhorrent
RV2_AnimalPredator_Abhorrent.description,"We are not meant to be vored by Animals, doing so is a disgusting insult to our ideology.",description,PreceptDefs\Precepts_AnimalPredator.xml,def,"We are not meant to be vored by Animals, doing so is a disgusting insult to our ideology."
RV2_AnimalPredator_Abhorrent.stages.0.label,Animal vore,label,PreceptDefs\Precepts_AnimalPredator.xml,def,Animal <ALIMT >vore</ALIMT>
RV2_AnimalPredator_Abhorrent.stages.0.description,I was vored by an animal when it is against my ideology. I feel horrible.,description,PreceptDefs\Precepts_AnimalPredator.xml,def,I was vored by an animal when it is against my ideology. I feel horrible.
RV2_AnimalPredator_Know_Abhorrent.stages.0.label,Someone was vored by an animal!!,label,PreceptDefs\Precepts_AnimalPredator.xml,def,Someone was vored by an animal!!
RV2_AnimalPredator_Know_Abhorrent.stages.0.description,"One of us was consumed by an animal, this is a disgusting insult to our beliefs!",description,PreceptDefs\Precepts_AnimalPredator.xml,def,"One of us was consumed by an animal, this is a disgusting insult to our beliefs!"
RV2_AnimalPredator_Know_Social_Abhorrent.stages.0.label,vored by animal,label,PreceptDefs\Precepts_AnimalPredator.xml,def,vored by animal
RV2_AnimalPredator_Liked.label,liked,label,PreceptDefs\Precepts_AnimalPredator.xml,def,liked
RV2_AnimalPredator_Liked.description,Being Vored by animals is encouraged,description,PreceptDefs\Precepts_AnimalPredator.xml,def,Being Vored by animals is encouraged
RV2_AnimalPredator_Liked.stages.0.label,I was vored by an animal,label,PreceptDefs\Precepts_AnimalPredator.xml,def,I was vored by an animal
RV2_AnimalPredator_Liked.stages.0.description,Partaking in this divine art fills me with joy,description,PreceptDefs\Precepts_AnimalPredator.xml,def,Partaking in this divine art fills me with joy
RV2_AnimalPredator_Know_Liked.stages.0.label,animal food,label,PreceptDefs\Precepts_AnimalPredator.xml,def,animal food
RV2_AnimalPredator_Required.label,required,label,PreceptDefs\Precepts_AnimalPredator.xml,def,required
RV2_AnimalPredator_Required.description,"We are born to be food for animals, only through regular consumption can we stay true to our beliefs.",description,PreceptDefs\Precepts_AnimalPredator.xml,def,"We are born to be food for animals, only through regular consumption can we stay true to our beliefs."
RV2_AnimalPredator_Required.comps.3.description,Not vored by an animal for {VORERELATEDINTERVAL} days,description,PreceptDefs\Precepts_AnimalPredator.xml,def,Not vored by an animal for <ALIMT >(PH_1)</ALIMT> days
RV2_AnimalPredator_Required.stages.0.label,Vored by animal,label,PreceptDefs\Precepts_AnimalPredator.xml,def,Vored by animal
RV2_AnimalPredator_Required.stages.0.description,By being vored by animals I honor my beliefs.,description,PreceptDefs\Precepts_AnimalPredator.xml,def,By being vored by animals I honor my beliefs.
RV2_AnimalPredator_Know_Required.stages.0.label,Someone was vored by an animal!,label,PreceptDefs\Precepts_AnimalPredator.xml,def,Someone was vored by an animal!
RV2_AnimalPredator_Know_Required.stages.0.description,"One of our members was consumed by an animal, a very respectable act!",description,PreceptDefs\Precepts_AnimalPredator.xml,def,"One of our members was consumed by an animal, a very respectable act!"
RV2_AnimalPredator_Know_Social_Required.stages.0.label,divine animal enjoyer,label,PreceptDefs\Precepts_AnimalPredator.xml,def,divine animal enjoyer
RV2_NoRecentAnimalPredator_Required.stages.0.label,want to be vored by animals,label,PreceptDefs\Precepts_AnimalPredator.xml,def,want to be vored by animals
RV2_NoRecentAnimalPredator_Required.stages.0.description,It's been far too long since I was last vored by an animal.,description,PreceptDefs\Precepts_AnimalPredator.xml,def,It's been far too long since I was last vored by an animal.
RV2_AnimalPredator_Abhorrent_Venerated.label,abhorrent (Venerated),label,PreceptDefs\Precepts_AnimalPredator.xml,def,abhorrent (Venerated)
RV2_AnimalPredator_Abhorrent_Venerated.description,Voring venerated animals is abhorrent,description,PreceptDefs\Precepts_AnimalPredator.xml,def,Voring venerated animals is abhorrent
RV2_AnimalPredator_Abhorrent_Venerated.stages.0.label,I was vored by a venerated animal!,label,PreceptDefs\Precepts_AnimalPredator.xml,def,I was vored by a venerated animal!
RV2_AnimalPredator_Abhorrent_Venerated.stages.0.description,"I was vored by a sacred creature of my ideology, I am a shame to this colony",description,PreceptDefs\Precepts_AnimalPredator.xml,def,"I was vored by a sacred creature of my ideology, I am a shame to this colony"
RV2_AnimalPredator_Know_Abhorrent_Venerated.stages.0.label,venerated animal abuser,label,PreceptDefs\Precepts_AnimalPredator.xml,def,venerated animal abuser
RV2_AnimalPredator_Liked_Venerated.label,liked (Venerated),label,PreceptDefs\Precepts_AnimalPredator.xml,def,liked (Venerated)
RV2_AnimalPredator_Liked_Venerated.description,Vored by venerated animals is encouraged,description,PreceptDefs\Precepts_AnimalPredator.xml,def,Vored by venerated animals is encouraged
RV2_AnimalPredator_Liked_Venerated.stages.0.label,I was vored by a venerated animal,label,PreceptDefs\Precepts_AnimalPredator.xml,def,I was vored by a venerated animal
RV2_AnimalPredator_Liked_Venerated.stages.0.description,To be vored by such a sacred animal is truly an honor,description,PreceptDefs\Precepts_AnimalPredator.xml,def,To be vored by such a sacred animal is truly an honor
RV2_AnimalPredator_Know_Liked_Venerated.stages.0.label,venerated feeder,label,PreceptDefs\Precepts_AnimalPredator.xml,def,venerated feeder
RV2_AnimalPrey.label,Animal Prey,label,PreceptDefs\Precepts_AnimalPrey.xml,def,Animal Prey
RV2_AnimalPrey_Disliked.label,disliked,label,PreceptDefs\Precepts_AnimalPrey.xml,def,disliked
RV2_AnimalPrey_Disliked.description,Voring animals is not okay.,description,PreceptDefs\Precepts_AnimalPrey.xml,def,Voring animals is not okay.
RV2_AnimalPrey_Disliked.stages.0.label,I vored an animal,label,PreceptDefs\Precepts_AnimalPrey.xml,def,I vored an animal
RV2_AnimalPrey_Disliked.stages.0.description,"I should not have done that, my ideology discourages it",description,PreceptDefs\Precepts_AnimalPrey.xml,def,"I should not have done that, my ideology discourages it"
RV2_AnimalPrey_Know_Disliked.stages.0.label,vored an animal,label,PreceptDefs\Precepts_AnimalPrey.xml,def,vored an animal
RV2_AnimalPrey_Abhorrent.label,abhorrent,label,PreceptDefs\Precepts_AnimalPrey.xml,def,abhorrent
RV2_AnimalPrey_Abhorrent.description,"Animals are not meant to be vored, doing so is a disgusting insult to our religion.",description,PreceptDefs\Precepts_AnimalPrey.xml,def,"Animals are not meant to be vored, doing so is a disgusting insult to our religion."
RV2_AnimalPrey_Abhorrent.stages.0.label,Animal vore,label,PreceptDefs\Precepts_AnimalPrey.xml,def,Animal <ALIMT >vore</ALIMT>
RV2_AnimalPrey_Abhorrent.stages.0.description,I vored an animal when it is against my ideology. I feel horrible.,description,PreceptDefs\Precepts_AnimalPrey.xml,def,I vored an animal when it is against my ideology. I feel horrible.
RV2_AnimalPrey_Know_Abhorrent.stages.0.label,Someone vored an animal!!,label,PreceptDefs\Precepts_AnimalPrey.xml,def,Someone vored an animal!!
RV2_AnimalPrey_Know_Abhorrent.stages.0.description,"One of us consumed an animal, this is a disgusting insult to our beliefs!",description,PreceptDefs\Precepts_AnimalPrey.xml,def,"One of us consumed an animal, this is a disgusting insult to our beliefs!"
RV2_AnimalPrey_Know_Social_Abhorrent.stages.0.label,vored animal,label,PreceptDefs\Precepts_AnimalPrey.xml,def,vored animal
RV2_AnimalPrey_Liked.label,liked,label,PreceptDefs\Precepts_AnimalPrey.xml,def,liked
RV2_AnimalPrey_Liked.description,Voring animals is encouraged,description,PreceptDefs\Precepts_AnimalPrey.xml,def,Voring animals is encouraged
RV2_AnimalPrey_Liked.stages.0.label,I vored an animal,label,PreceptDefs\Precepts_AnimalPrey.xml,def,I vored an animal
RV2_AnimalPrey_Liked.stages.0.description,Partaking in this divine art fills me with joy,description,PreceptDefs\Precepts_AnimalPrey.xml,def,Partaking in this divine art fills me with joy
RV2_AnimalPrey_Know_Liked.stages.0.label,animal taster,label,PreceptDefs\Precepts_AnimalPrey.xml,def,animal taster
RV2_AnimalPrey_Required.label,required,label,PreceptDefs\Precepts_AnimalPrey.xml,def,required
RV2_AnimalPrey_Required.description,"We are born to vore animals, only through regular consumption can we stay true to our beliefs.",description,PreceptDefs\Precepts_AnimalPrey.xml,def,"We are born to <ALIMT >vore</ALIMT> animals, only through regular consumption can we stay true to our beliefs."
RV2_AnimalPrey_Required.comps.3.description,Not vored an animal for {VORERELATEDINTERVAL} days,description,PreceptDefs\Precepts_AnimalPrey.xml,def,Not vored an animal for <ALIMT >(PH_1)</ALIMT> days
RV2_AnimalPrey_Required.stages.0.label,Vored animal,label,PreceptDefs\Precepts_AnimalPrey.xml,def,Vored animal
RV2_AnimalPrey_Required.stages.0.description,By voring animals I honor my beliefs.,description,PreceptDefs\Precepts_AnimalPrey.xml,def,By voring animals I honor my beliefs.
RV2_AnimalPrey_Know_Required.stages.0.label,Someone vored an animal!,label,PreceptDefs\Precepts_AnimalPrey.xml,def,Someone vored an animal!
RV2_AnimalPrey_Know_Required.stages.0.description,"One of our members consumed animal prey, a very respectable act!",description,PreceptDefs\Precepts_AnimalPrey.xml,def,"One of our members consumed animal prey, a very respectable act!"
RV2_AnimalPrey_Know_Social_Required.stages.0.label,divine animal enjoyer,label,PreceptDefs\Precepts_AnimalPrey.xml,def,divine animal enjoyer
RV2_NoRecentAnimalPrey_Required.stages.0.label,want to vore animals,label,PreceptDefs\Precepts_AnimalPrey.xml,def,want to <ALIMT >vore</ALIMT> animals
RV2_NoRecentAnimalPrey_Required.stages.0.description,It's been far too long since I last vored an animal.,description,PreceptDefs\Precepts_AnimalPrey.xml,def,It's been far too long since I last vored an animal.
RV2_AnimalPrey_Abhorrent_Venerated.label,abhorrent (Venerated),label,PreceptDefs\Precepts_AnimalPrey.xml,def,abhorrent (Venerated)
RV2_AnimalPrey_Abhorrent_Venerated.description,Voring venerated animals is abhorrent,description,PreceptDefs\Precepts_AnimalPrey.xml,def,Voring venerated animals is abhorrent
RV2_AnimalPrey_Abhorrent_Venerated.stages.0.label,I vored a venerated animal!,label,PreceptDefs\Precepts_AnimalPrey.xml,def,I vored a venerated animal!
RV2_AnimalPrey_Abhorrent_Venerated.stages.0.description,"I vored a sacred creature of my ideology, I am a shame to this colony",description,PreceptDefs\Precepts_AnimalPrey.xml,def,"I vored a sacred creature of my ideology, I am a shame to this colony"
RV2_AnimalPrey_Know_Abhorrent_Venerated.stages.0.label,venerated animal abuser,label,PreceptDefs\Precepts_AnimalPrey.xml,def,venerated animal abuser
RV2_AnimalPrey_Liked_Venerated.label,liked (Venerated),label,PreceptDefs\Precepts_AnimalPrey.xml,def,liked (Venerated)
RV2_AnimalPrey_Liked_Venerated.description,Voring venerated animals is encouraged,description,PreceptDefs\Precepts_AnimalPrey.xml,def,Voring venerated animals is encouraged
RV2_AnimalPrey_Liked_Venerated.stages.0.label,I vored a venerated animal,label,PreceptDefs\Precepts_AnimalPrey.xml,def,I vored a venerated animal
RV2_AnimalPrey_Liked_Venerated.stages.0.description,To vore such a sacred animal is truly an honor,description,PreceptDefs\Precepts_AnimalPrey.xml,def,To <ALIMT >vore</ALIMT> such a sacred animal is truly an honor
RV2_AnimalPrey_Know_Liked_Venerated.stages.0.label,venerated taster,label,PreceptDefs\Precepts_AnimalPrey.xml,def,venerated taster
RV2_CockVore.label,Cock Vore,label,PreceptDefs\Precepts_CockVore.xml,def,Cock <ALIMT >vore</ALIMT>
RV2_CockVore_Disliked.label,disliked,label,PreceptDefs\Precepts_CockVore.xml,def,disliked
RV2_CockVore_Disliked.description,Cock vore is not okay.,description,PreceptDefs\Precepts_CockVore.xml,def,Cock <ALIMT >vore</ALIMT> is not okay.
RV2_CockVore_Disliked.stages.0.label,I participated in cock vore,label,PreceptDefs\Precepts_CockVore.xml,def,I participated in cock <ALIMT >vore</ALIMT>
RV2_CockVore_Disliked.stages.0.description,"I should not have done that, my ideology discourages it",description,PreceptDefs\Precepts_CockVore.xml,def,"I should not have done that, my ideology discourages it"
RV2_CockVore_Know_Disliked.stages.0.label,Cock vore participant,label,PreceptDefs\Precepts_CockVore.xml,def,Cock <ALIMT >vore</ALIMT> participant
RV2_CockVore_Abhorrent.label,abhorrent,label,PreceptDefs\Precepts_CockVore.xml,def,abhorrent
RV2_CockVore_Abhorrent.description,Cock vore is an affront to our belief.,description,PreceptDefs\Precepts_CockVore.xml,def,Cock <ALIMT >vore</ALIMT> is an affront to our belief.
RV2_CockVore_Abhorrent.stages.0.label,Cock vore,label,PreceptDefs\Precepts_CockVore.xml,def,Cock <ALIMT >vore</ALIMT>
RV2_CockVore_Abhorrent.stages.0.description,I participated in cock vore when it is against my ideology. I feel horrible.,description,PreceptDefs\Precepts_CockVore.xml,def,I participated in cock <ALIMT >vore</ALIMT> when it is against my ideology. I feel horrible.
RV2_CockVore_Know_Abhorrent.stages.0.label,Someone cock vored!!,label,PreceptDefs\Precepts_CockVore.xml,def,Someone cock vored!!
RV2_CockVore_Know_Abhorrent.stages.0.description,"One of us partook in cock vore, this is a disgusting insult to our beliefs!",description,PreceptDefs\Precepts_CockVore.xml,def,"One of us partook in cock <ALIMT >vore</ALIMT>, this is a disgusting insult to our beliefs!"
RV2_CockVore_Know_Social_Abhorrent.stages.0.label,Cock vore,label,PreceptDefs\Precepts_CockVore.xml,def,Cock <ALIMT >vore</ALIMT>
RV2_CockVore_Liked.label,liked,label,PreceptDefs\Precepts_CockVore.xml,def,liked
RV2_CockVore_Liked.description,Cock vore is to be praised and encouraged.,description,PreceptDefs\Precepts_CockVore.xml,def,Cock <ALIMT >vore</ALIMT> is to be praised and encouraged.
RV2_CockVore_Liked.stages.0.label,Cock vore,label,PreceptDefs\Precepts_CockVore.xml,def,Cock <ALIMT >vore</ALIMT>
RV2_CockVore_Liked.stages.0.description,Partaking in this divine art fills me with joy,description,PreceptDefs\Precepts_CockVore.xml,def,Partaking in this divine art fills me with joy
RV2_CockVore_Know_Liked.stages.0.label,Cock vore participant,label,PreceptDefs\Precepts_CockVore.xml,def,Cock <ALIMT >vore</ALIMT> participant
RV2_CockVore_Required.label,required,label,PreceptDefs\Precepts_CockVore.xml,def,required
RV2_CockVore_Required.description,"The penis is a divine body part, demanding regular worship through cock vore.",description,PreceptDefs\Precepts_CockVore.xml,def,"The <ALIMT >penis</ALIMT> is a divine body part, demanding regular worship through cock <ALIMT >vore</ALIMT>."
RV2_CockVore_Required.comps.3.description,No cock vore for {VORERELATEDINTERVAL} days,description,PreceptDefs\Precepts_CockVore.xml,def,No cock <ALIMT >vore</ALIMT> for <ALIMT >(PH_1)</ALIMT> days
RV2_CockVore_Required.stages.0.label,Cock vored,label,PreceptDefs\Precepts_CockVore.xml,def,Cock vored
RV2_CockVore_Required.stages.0.description,A divine act to express my beliefs.,description,PreceptDefs\Precepts_CockVore.xml,def,A divine act to express my beliefs.
RV2_CockVore_Know_Required.stages.0.label,Someone cock vored!,label,PreceptDefs\Precepts_CockVore.xml,def,Someone cock vored!
RV2_CockVore_Know_Required.stages.0.description,"One of our members was involved in cock vore, a very respectable act!",description,PreceptDefs\Precepts_CockVore.xml,def,"One of our members was involved in cock <ALIMT >vore</ALIMT>, a very respectable act!"
RV2_CockVore_Know_Social_Required.stages.0.label,divine cock vore participant,label,PreceptDefs\Precepts_CockVore.xml,def,divine cock <ALIMT >vore</ALIMT> participant
RV2_NoRecentCockVore_Required.stages.0.label,want to participate in cock vore,label,PreceptDefs\Precepts_CockVore.xml,def,want to participate in cock <ALIMT >vore</ALIMT>
RV2_NoRecentCockVore_Required.stages.0.description,It's been far too long since I was involved in an act of cock vore.,description,PreceptDefs\Precepts_CockVore.xml,def,It's been far too long since I was involved in an act of cock <ALIMT >vore</ALIMT>.
RV2_EndoVore.label,Endo Vore,label,PreceptDefs\Precepts_EndoVore.xml,def,Endo <ALIMT >vore</ALIMT>
RV2_EndoVore_Disliked.label,disliked,label,PreceptDefs\Precepts_EndoVore.xml,def,disliked
RV2_EndoVore_Disliked.description,Not killing our prey is not okay.,description,PreceptDefs\Precepts_EndoVore.xml,def,Not killing our prey is not okay.
RV2_EndoVore_Disliked.stages.0.label,I participated in endo vore,label,PreceptDefs\Precepts_EndoVore.xml,def,I participated in endo <ALIMT >vore</ALIMT>
RV2_EndoVore_Disliked.stages.0.description,"I should not have done that, my ideology discourages it",description,PreceptDefs\Precepts_EndoVore.xml,def,"I should not have done that, my ideology discourages it"
RV2_EndoVore_Know_Disliked.stages.0.label,endo vore participant,label,PreceptDefs\Precepts_EndoVore.xml,def,endo <ALIMT >vore</ALIMT> participant
RV2_EndoVore_Abhorrent.label,abhorrent,label,PreceptDefs\Precepts_EndoVore.xml,def,abhorrent
RV2_EndoVore_Abhorrent.description,Voring others without fatal intent is an affront to our belief.,description,PreceptDefs\Precepts_EndoVore.xml,def,Voring others without fatal intent is an affront to our belief.
RV2_EndoVore_Abhorrent.stages.0.label,Endo vore,label,PreceptDefs\Precepts_EndoVore.xml,def,Endo <ALIMT >vore</ALIMT>
RV2_EndoVore_Abhorrent.stages.0.description,I participated in endo vore when it is against my ideology. I feel horrible.,description,PreceptDefs\Precepts_EndoVore.xml,def,I participated in endo <ALIMT >vore</ALIMT> when it is against my ideology. I feel horrible.
RV2_EndoVore_Know_Abhorrent.stages.0.label,Someone endo vored!!,label,PreceptDefs\Precepts_EndoVore.xml,def,Someone endo vored!!
RV2_EndoVore_Know_Abhorrent.stages.0.description,"One of us endo vored someone, this is a disgusting insult to our beliefs!",description,PreceptDefs\Precepts_EndoVore.xml,def,"One of us endo vored someone, this is a disgusting insult to our beliefs!"
RV2_EndoVore_Know_Social_Abhorrent.stages.0.label,endo-vored,label,PreceptDefs\Precepts_EndoVore.xml,def,endo-vored
RV2_EndoVore_Liked.label,liked,label,PreceptDefs\Precepts_EndoVore.xml,def,liked
RV2_EndoVore_Liked.description,Endo vore is to be praised and encouraged.,description,PreceptDefs\Precepts_EndoVore.xml,def,Endo <ALIMT >vore</ALIMT> is to be praised and encouraged.
RV2_EndoVore_Liked.stages.0.label,I participated in endo vore,label,PreceptDefs\Precepts_EndoVore.xml,def,I participated in endo <ALIMT >vore</ALIMT>
RV2_EndoVore_Liked.stages.0.description,Partaking in this divine art fills me with joy,description,PreceptDefs\Precepts_EndoVore.xml,def,Partaking in this divine art fills me with joy
RV2_EndoVore_Know_Liked.stages.0.label,endo-vored,label,PreceptDefs\Precepts_EndoVore.xml,def,endo-vored
RV2_EndoVore_Required.label,required,label,PreceptDefs\Precepts_EndoVore.xml,def,required
RV2_EndoVore_Required.description,"We are born to love our prey, we require regular endo vore.",description,PreceptDefs\Precepts_EndoVore.xml,def,"We are born to love our prey, we require regular endo <ALIMT >vore</ALIMT>."
RV2_EndoVore_Required.comps.3.description,No endo vore for {VORERELATEDINTERVAL} days,description,PreceptDefs\Precepts_EndoVore.xml,def,No endo <ALIMT >vore</ALIMT> for <ALIMT >(PH_1)</ALIMT> days
RV2_EndoVore_Required.stages.0.label,Endo vored,label,PreceptDefs\Precepts_EndoVore.xml,def,Endo vored
RV2_EndoVore_Required.stages.0.description,By engaging in vore in a non-lethal way I honor my beliefs.,description,PreceptDefs\Precepts_EndoVore.xml,def,By engaging in <ALIMT >vore</ALIMT> in a non-lethal way I honor my beliefs.
RV2_EndoVore_Know_Required.stages.0.label,Someone endo vored!,label,PreceptDefs\Precepts_EndoVore.xml,def,Someone endo vored!
RV2_EndoVore_Know_Required.stages.0.description,"One of our members vored without malicious intent, a very respectable act!",description,PreceptDefs\Precepts_EndoVore.xml,def,"One of our members vored without malicious intent, a very respectable act!"
RV2_EndoVore_Know_Social_Required.stages.0.label,divine endo lover,label,PreceptDefs\Precepts_EndoVore.xml,def,divine endo lover
RV2_NoRecentEndoVore_Required.stages.0.label,want to endo vore prey,label,PreceptDefs\Precepts_EndoVore.xml,def,want to endo <ALIMT >vore</ALIMT> prey
RV2_NoRecentEndoVore_Required.stages.0.description,It's been far too long since I last endo-vored someone.,description,PreceptDefs\Precepts_EndoVore.xml,def,It's been far too long since I last endo-vored someone.
RV2_FatalVore.label,Fatal Vore,label,PreceptDefs\Precepts_FatalVore.xml,def,Fatal <ALIMT >vore</ALIMT>
RV2_FatalVore_Disliked.label,disliked,label,PreceptDefs\Precepts_FatalVore.xml,def,disliked
RV2_FatalVore_Disliked.description,Murdering innocent prey is not okay.,description,PreceptDefs\Precepts_FatalVore.xml,def,Murdering innocent prey is not okay.
RV2_FatalVore_Disliked.stages.0.label,I participated in fatal vore,label,PreceptDefs\Precepts_FatalVore.xml,def,I participated in fatal <ALIMT >vore</ALIMT>
RV2_FatalVore_Disliked.stages.0.description,"I should not have done that, my ideology discourages it",description,PreceptDefs\Precepts_FatalVore.xml,def,"I should not have done that, my ideology discourages it"
RV2_FatalVore_Know_Disliked.stages.0.label,fatal vore participant,label,PreceptDefs\Precepts_FatalVore.xml,def,fatal <ALIMT >vore</ALIMT> participant
RV2_FatalVore_Abhorrent.label,abhorrent,label,PreceptDefs\Precepts_FatalVore.xml,def,abhorrent
RV2_FatalVore_Abhorrent.description,Anyone willing to kill during vore deserves our hate.,description,PreceptDefs\Precepts_FatalVore.xml,def,Anyone willing to kill during <ALIMT >vore</ALIMT> deserves our hate.
RV2_FatalVore_Abhorrent.stages.0.label,Fatally vored someone,label,PreceptDefs\Precepts_FatalVore.xml,def,Fatally vored someone
RV2_FatalVore_Abhorrent.stages.0.description,I killed someone during vore when it is against my ideology. I feel horrible.,description,PreceptDefs\Precepts_FatalVore.xml,def,I killed someone during <ALIMT >vore</ALIMT> when it is against my ideology. I feel horrible.
RV2_FatalVore_Know_Abhorrent.stages.0.label,Someone fatally vored!!,label,PreceptDefs\Precepts_FatalVore.xml,def,Someone fatally vored!!
RV2_FatalVore_Know_Abhorrent.stages.0.description,"One of us fatally vored someone, this is a disgusting insult to our beliefs!",description,PreceptDefs\Precepts_FatalVore.xml,def,"One of us fatally vored someone, this is a disgusting insult to our beliefs!"
RV2_FatalVore_Know_Social_Abhorrent.stages.0.label,killed prey,label,PreceptDefs\Precepts_FatalVore.xml,def,killed prey
RV2_FatalVore_Liked.label,liked,label,PreceptDefs\Precepts_FatalVore.xml,def,liked
RV2_FatalVore_Liked.description,Fatal vore is to be praised and encouraged.,description,PreceptDefs\Precepts_FatalVore.xml,def,Fatal <ALIMT >vore</ALIMT> is to be praised and encouraged.
RV2_FatalVore_Liked.stages.0.label,I fatally vored someone,label,PreceptDefs\Precepts_FatalVore.xml,def,I fatally vored someone
RV2_FatalVore_Liked.stages.0.description,Partaking in this divine art fills me with joy,description,PreceptDefs\Precepts_FatalVore.xml,def,Partaking in this divine art fills me with joy
RV2_FatalVore_Know_Liked.stages.0.label,prey killer,label,PreceptDefs\Precepts_FatalVore.xml,def,prey killer
RV2_FatalVore_Required.label,required,label,PreceptDefs\Precepts_FatalVore.xml,def,required
RV2_FatalVore_Required.description,"We are born killers, we require regular fatal vore.",description,PreceptDefs\Precepts_FatalVore.xml,def,"We are born killers, we require regular fatal <ALIMT >vore</ALIMT>."
RV2_FatalVore_Required.comps.3.description,No fatal vore for {VORERELATEDINTERVAL} days,description,PreceptDefs\Precepts_FatalVore.xml,def,No fatal <ALIMT >vore</ALIMT> for <ALIMT >(PH_1)</ALIMT> days
RV2_FatalVore_Required.stages.0.label,Fatally vored someone,label,PreceptDefs\Precepts_FatalVore.xml,def,Fatally vored someone
RV2_FatalVore_Required.stages.0.description,By voring and killing my prey I honor my beliefs.,description,PreceptDefs\Precepts_FatalVore.xml,def,By voring and killing my prey I honor my beliefs.
RV2_FatalVore_Know_Required.stages.0.label,Someone fatally vored!,label,PreceptDefs\Precepts_FatalVore.xml,def,Someone fatally vored!
RV2_FatalVore_Know_Required.stages.0.description,"One of our members killed their prey during vore, a very respectable act!",description,PreceptDefs\Precepts_FatalVore.xml,def,"One of our members killed their prey during <ALIMT >vore</ALIMT>, a very respectable act!"
RV2_FatalVore_Know_Social_Required.stages.0.label,divine prey killer,label,PreceptDefs\Precepts_FatalVore.xml,def,divine prey killer
RV2_NoRecentFatalVore_Required.stages.0.label,want to kill prey,label,PreceptDefs\Precepts_FatalVore.xml,def,want to kill prey
RV2_NoRecentFatalVore_Required.stages.0.description,It's been far too long since I last fatally vored someone.,description,PreceptDefs\Precepts_FatalVore.xml,def,It's been far too long since I last fatally vored someone.
RV2_Feeding.label,Feeding,label,PreceptDefs\Precepts_Feeding.xml,def,Feeding
RV2_Feeding_Disliked.label,disliked,label,PreceptDefs\Precepts_Feeding.xml,def,disliked
RV2_Feeding_Disliked.description,We are not meant to make others vore.,description,PreceptDefs\Precepts_Feeding.xml,def,We are not meant to make others <ALIMT >vore</ALIMT>.
RV2_FeederInitiatedVore_Disliked.stages.0.label,I was vored,label,PreceptDefs\Precepts_Feeding.xml,def,I was vored
RV2_FeederInitiatedVore_Disliked.stages.0.description,"I should not have done that, my ideology discourages it",description,PreceptDefs\Precepts_Feeding.xml,def,"I should not have done that, my ideology discourages it"
RV2_FeederInitiatedVore_Know_Disliked.stages.0.label,shunned feeder,label,PreceptDefs\Precepts_Feeding.xml,def,shunned feeder
RV2_Feeding_Abhorrent.label,abhorrent,label,PreceptDefs\Precepts_Feeding.xml,def,abhorrent
RV2_Feeding_Abhorrent.description,Anyone daring to act as a feeder is to be shunned.,description,PreceptDefs\Precepts_Feeding.xml,def,Anyone daring to act as a feeder is to be shunned.
RV2_FeederInitiatedVore_Abhorrent.stages.0.label,I fed someone,label,PreceptDefs\Precepts_Feeding.xml,def,I fed someone
RV2_FeederInitiatedVore_Abhorrent.stages.0.description,"I acted as a feeder, what a horrible affront to my ideology!",description,PreceptDefs\Precepts_Feeding.xml,def,"I acted as a feeder, what a horrible affront to my ideology!"
RV2_FeederInitiatedVore_Know_Abhorrent.stages.0.label,Someone was a feder!!,label,PreceptDefs\Precepts_Feeding.xml,def,Someone was a feder!!
RV2_FeederInitiatedVore_Know_Abhorrent.stages.0.description,"One of us fed someone, this is a disgusting insult to our beliefs!",description,PreceptDefs\Precepts_Feeding.xml,def,"One of us fed someone, this is a disgusting insult to our beliefs!"
RV2_FeederInitiatedVore_Know_Social_Abhorrent.stages.0.label,disgusting feeder,label,PreceptDefs\Precepts_Feeding.xml,def,disgusting feeder
RV2_Feeding_Liked.label,liked,label,PreceptDefs\Precepts_Feeding.xml,def,liked
RV2_Feeding_Liked.description,Feeding predators is to be praised and encouraged.,description,PreceptDefs\Precepts_Feeding.xml,def,Feeding predators is to be praised and encouraged.
RV2_FeederInitiatedVore_Liked.stages.0.label,I fed someone,label,PreceptDefs\Precepts_Feeding.xml,def,I fed someone
RV2_FeederInitiatedVore_Liked.stages.0.description,Partaking in this divine art fills me with joy,description,PreceptDefs\Precepts_Feeding.xml,def,Partaking in this divine art fills me with joy
RV2_FeederInitiatedVore_Know_Liked.stages.0.label,admirable feeder,label,PreceptDefs\Precepts_Feeding.xml,def,admirable feeder
RV2_Feeding_Required.label,required,label,PreceptDefs\Precepts_Feeding.xml,def,required
RV2_Feeding_Required.description,"We are the driving hand of vore, it is our job to find the perfect vore partners.",description,PreceptDefs\Precepts_Feeding.xml,def,"We are the driving hand of <ALIMT >vore</ALIMT>, it is our job to find the perfect <ALIMT >vore</ALIMT> partners."
RV2_Feeding_Required.comps.3.description,Not fed anyone for {VORERELATEDINTERVAL} days,description,PreceptDefs\Precepts_Feeding.xml,def,Not fed anyone for <ALIMT >(PH_1)</ALIMT> days
RV2_FeederInitiatedVore_Required.stages.0.label,I fed someone,label,PreceptDefs\Precepts_Feeding.xml,def,I fed someone
RV2_FeederInitiatedVore_Required.stages.0.description,By shoving someone into a predator I can express my beliefs.,description,PreceptDefs\Precepts_Feeding.xml,def,By shoving someone into a predator I can express my beliefs.
RV2_FeederInitiatedVore_Know_Required.stages.0.label,Someone was a feeder!,label,PreceptDefs\Precepts_Feeding.xml,def,Someone was a feeder!
RV2_FeederInitiatedVore_Know_Required.stages.0.description,"One of our members made sure a predator got fed, very admirable!",description,PreceptDefs\Precepts_Feeding.xml,def,"One of our members made sure a predator got fed, very admirable!"
RV2_FeederInitiatedVore_Know_Social_Required.stages.0.label,divine feeder,label,PreceptDefs\Precepts_Feeding.xml,def,divine feeder
RV2_NoRecentFeederInitiatedVore_Required.stages.0.label,want to be feeder,label,PreceptDefs\Precepts_Feeding.xml,def,want to be feeder
RV2_NoRecentFeederInitiatedVore_Required.stages.0.description,It's been far too long since I last fed someone.,description,PreceptDefs\Precepts_Feeding.xml,def,It's been far too long since I last fed someone.
RV2_GenderedPredation.label,Gendered predation,label,PreceptDefs\Precepts_GenderedPredation.xml,def,Gendered predation
RV2_GenderedPredation_FemaleOnly.label,female prey only,label,PreceptDefs\Precepts_GenderedPredation.xml,def,female prey only
RV2_GenderedPredation_FemaleOnly.description,Only females may serve as prey.,description,PreceptDefs\Precepts_GenderedPredation.xml,def,Only females may serve as prey.
RV2_GenderedPredation_FemalePreferred.label,female prey encouraged,label,PreceptDefs\Precepts_GenderedPredation.xml,def,female prey encouraged
RV2_GenderedPredation_FemalePreferred.description,Females should serve as prey.,description,PreceptDefs\Precepts_GenderedPredation.xml,def,Females should serve as prey.
RV2_GenderedPredation_MalePreferred.label,male prey encouraged,label,PreceptDefs\Precepts_GenderedPredation.xml,def,male prey encouraged
RV2_GenderedPredation_MalePreferred.description,Males should serve as prey.,description,PreceptDefs\Precepts_GenderedPredation.xml,def,Males should serve as prey.
RV2_GenderedPredation_MaleOnly.label,male prey only,label,PreceptDefs\Precepts_GenderedPredation.xml,def,male prey only
RV2_GenderedPredation_MaleOnly.description,Only males may serve as prey.,description,PreceptDefs\Precepts_GenderedPredation.xml,def,Only males may serve as prey.
RV2_GenderedPreyism.label,Gendered preyism,label,PreceptDefs\Precepts_GenderedPreyism.xml,def,Gendered preyism
RV2_GenderedPreyism_FemaleOnly.label,female predators only,label,PreceptDefs\Precepts_GenderedPreyism.xml,def,female predators only
RV2_GenderedPreyism_FemaleOnly.description,Only females may be predators.,description,PreceptDefs\Precepts_GenderedPreyism.xml,def,Only females may be predators.
RV2_GenderedPreyism_FemalePreferred.label,female predators encouraged,label,PreceptDefs\Precepts_GenderedPreyism.xml,def,female predators encouraged
RV2_GenderedPreyism_FemalePreferred.description,Females should be predators.,description,PreceptDefs\Precepts_GenderedPreyism.xml,def,Females should be predators.
RV2_GenderedPreyism_MalePreferred.label,male predators encouraged,label,PreceptDefs\Precepts_GenderedPreyism.xml,def,male predators encouraged
RV2_GenderedPreyism_MalePreferred.description,Males should be predators.,description,PreceptDefs\Precepts_GenderedPreyism.xml,def,Males should be predators.
RV2_GenderedPreyism_MaleOnly.label,male predators only,label,PreceptDefs\Precepts_GenderedPreyism.xml,def,male predators only
RV2_GenderedPreyism_MaleOnly.description,Only males may be predators.,description,PreceptDefs\Precepts_GenderedPreyism.xml,def,Only males may be predators.
RV2_HumanoidPrey.label,Humanoid Prey,label,PreceptDefs\Precepts_HumanoidPrey.xml,def,Humanoid Prey
RV2_HumanoidPrey_Disliked.label,disliked,label,PreceptDefs\Precepts_HumanoidPrey.xml,def,disliked
RV2_HumanoidPrey_Disliked.description,Voring humanoids is not okay.,description,PreceptDefs\Precepts_HumanoidPrey.xml,def,Voring humanoids is not okay.
RV2_HumanoidPrey_Disliked.stages.0.label,I vored a human,label,PreceptDefs\Precepts_HumanoidPrey.xml,def,I vored a human
RV2_HumanoidPrey_Disliked.stages.0.description,"I should not have done that, my ideology discourages it",description,PreceptDefs\Precepts_HumanoidPrey.xml,def,"I should not have done that, my ideology discourages it"
RV2_HumanoidPrey_Know_Disliked.stages.0.label,vored a human,label,PreceptDefs\Precepts_HumanoidPrey.xml,def,vored a human
RV2_HumanoidPrey_Abhorrent.label,abhorrent,label,PreceptDefs\Precepts_HumanoidPrey.xml,def,abhorrent
RV2_HumanoidPrey_Abhorrent.description,Nothing is a worse insult to our religion than voring another human.,description,PreceptDefs\Precepts_HumanoidPrey.xml,def,Nothing is a worse insult to our religion than voring another human.
RV2_HumanoidPrey_Abhorrent.stages.0.label,Human vore,label,PreceptDefs\Precepts_HumanoidPrey.xml,def,Human <ALIMT >vore</ALIMT>
RV2_HumanoidPrey_Abhorrent.stages.0.description,I vored a human when it is against my ideology. I feel horrible.,description,PreceptDefs\Precepts_HumanoidPrey.xml,def,I vored a human when it is against my ideology. I feel horrible.
RV2_HumanoidPrey_Know_Abhorrent.stages.0.label,Someone vored a human!!,label,PreceptDefs\Precepts_HumanoidPrey.xml,def,Someone vored a human!!
RV2_HumanoidPrey_Know_Abhorrent.stages.0.description,"One of us consumed a person, this is a disgusting insult to our beliefs!",description,PreceptDefs\Precepts_HumanoidPrey.xml,def,"One of us consumed a person, this is a disgusting insult to our beliefs!"
RV2_HumanoidPrey_Know_Social_Abhorrent.stages.0.label,vored human,label,PreceptDefs\Precepts_HumanoidPrey.xml,def,vored human
RV2_HumanoidPrey_Liked.label,liked,label,PreceptDefs\Precepts_HumanoidPrey.xml,def,liked
RV2_HumanoidPrey_Liked.description,Voring other people is encouraged,description,PreceptDefs\Precepts_HumanoidPrey.xml,def,Voring other people is encouraged
RV2_HumanoidPrey_Liked.stages.0.label,I vored a human,label,PreceptDefs\Precepts_HumanoidPrey.xml,def,I vored a human
RV2_HumanoidPrey_Liked.stages.0.description,Partaking in this divine art fills me with joy,description,PreceptDefs\Precepts_HumanoidPrey.xml,def,Partaking in this divine art fills me with joy
RV2_HumanoidPrey_Know_Liked.stages.0.label,human taster,label,PreceptDefs\Precepts_HumanoidPrey.xml,def,human taster
RV2_HumanoidPrey_Required.label,required,label,PreceptDefs\Precepts_HumanoidPrey.xml,def,required
RV2_HumanoidPrey_Required.description,"We are born to eat humans, only through regular consumption can we stay true to our beliefs.",description,PreceptDefs\Precepts_HumanoidPrey.xml,def,"We are born to eat humans, only through regular consumption can we stay true to our beliefs."
RV2_HumanoidPrey_Required.comps.3.description,Not vored a human for {VORERELATEDINTERVAL} days,description,PreceptDefs\Precepts_HumanoidPrey.xml,def,Not vored a human for <ALIMT >(PH_1)</ALIMT> days
RV2_HumanoidPrey_Required.stages.0.label,Vored humanlike,label,PreceptDefs\Precepts_HumanoidPrey.xml,def,Vored humanlike
RV2_HumanoidPrey_Required.stages.0.description,By voring people I honor my beliefs.,description,PreceptDefs\Precepts_HumanoidPrey.xml,def,By voring people I honor my beliefs.
RV2_HumanoidPrey_Know_Required.stages.0.label,Someone vored a person!,label,PreceptDefs\Precepts_HumanoidPrey.xml,def,Someone vored a person!
RV2_HumanoidPrey_Know_Required.stages.0.description,"One of our members consumed human prey, a very respectable act!",description,PreceptDefs\Precepts_HumanoidPrey.xml,def,"One of our members consumed human prey, a very respectable act!"
RV2_HumanoidPrey_Know_Social_Required.stages.0.label,divine human enjoyer,label,PreceptDefs\Precepts_HumanoidPrey.xml,def,divine human enjoyer
RV2_NoRecentHumanoidPrey_Required.stages.0.label,want to vore humans,label,PreceptDefs\Precepts_HumanoidPrey.xml,def,want to <ALIMT >vore</ALIMT> humans
RV2_NoRecentHumanoidPrey_Required.stages.0.description,It's been far too long since I last vored a human.,description,PreceptDefs\Precepts_HumanoidPrey.xml,def,It's been far too long since I last vored a human.
RV2_InterruptedVore.label,Interrupted Vore,label,PreceptDefs\Precepts_InterruptedVore.xml,def,Interrupted <ALIMT >vore</ALIMT>
RV2_InterruptedVore_Abhorrent.label,abhorrent,label,PreceptDefs\Precepts_InterruptedVore.xml,def,abhorrent
RV2_InterruptedVore_Abhorrent.description,"Good cultists swallow, they don't spit.",description,PreceptDefs\Precepts_InterruptedVore.xml,def,"Good cultists swallow, they don't spit."
RV2_InterruptedVore_Abhorrent.stages.0.label,Interrupted vore,label,PreceptDefs\Precepts_InterruptedVore.xml,def,Interrupted <ALIMT >vore</ALIMT>
RV2_InterruptedVore_Abhorrent.stages.0.description,"I forced a pred to release their prey, my peer are shunning me",description,PreceptDefs\Precepts_InterruptedVore.xml,def,"I <ALIMT >forced</ALIMT> a pred to release their prey, my peer are shunning me"
RV2_InterruptedVore_Know_Abhorrent.stages.0.label,Someone interrupted vore!!,label,PreceptDefs\Precepts_InterruptedVore.xml,def,Someone interrupted <ALIMT >vore</ALIMT>!!
RV2_InterruptedVore_Know_Abhorrent.stages.0.description,"One of us interrupted a predator, this is a disgusting insult to our beliefs!",description,PreceptDefs\Precepts_InterruptedVore.xml,def,"One of us interrupted a predator, this is a disgusting insult to our beliefs!"
RV2_InterruptedVore_Know_Social_Abhorrent.stages.0.label,interrupted vore,label,PreceptDefs\Precepts_InterruptedVore.xml,def,interrupted <ALIMT >vore</ALIMT>
RV2_NippleVore.label,Nipple Vore,label,PreceptDefs\Precepts_NippleVore.xml,def,<ALIMT >nipple</ALIMT> <ALIMT >vore</ALIMT>
RV2_NippleVore_Disliked.label,disliked,label,PreceptDefs\Precepts_NippleVore.xml,def,disliked
RV2_NippleVore_Disliked.description,Nipple vore is not okay.,description,PreceptDefs\Precepts_NippleVore.xml,def,<ALIMT >nipple</ALIMT> <ALIMT >vore</ALIMT> is not okay.
RV2_NippleVore_Disliked.stages.0.label,I participated in nipple vore,label,PreceptDefs\Precepts_NippleVore.xml,def,I participated in <ALIMT >nipple</ALIMT> <ALIMT >vore</ALIMT>
RV2_NippleVore_Disliked.stages.0.description,"I should not have done that, my ideology discourages it",description,PreceptDefs\Precepts_NippleVore.xml,def,"I should not have done that, my ideology discourages it"
RV2_NippleVore_Know_Disliked.stages.0.label,Nipple vore participant,label,PreceptDefs\Precepts_NippleVore.xml,def,<ALIMT >nipple</ALIMT> <ALIMT >vore</ALIMT> participant
RV2_NippleVore_Abhorrent.label,abhorrent,label,PreceptDefs\Precepts_NippleVore.xml,def,abhorrent
RV2_NippleVore_Abhorrent.description,Nipple vore is an affront to our belief.,description,PreceptDefs\Precepts_NippleVore.xml,def,<ALIMT >nipple</ALIMT> <ALIMT >vore</ALIMT> is an affront to our belief.
RV2_NippleVore_Abhorrent.stages.0.label,Nipple vore,label,PreceptDefs\Precepts_NippleVore.xml,def,<ALIMT >nipple</ALIMT> <ALIMT >vore</ALIMT>
RV2_NippleVore_Abhorrent.stages.0.description,I participated in nipple vore when it is against my ideology. I feel horrible.,description,PreceptDefs\Precepts_NippleVore.xml,def,I participated in <ALIMT >nipple</ALIMT> <ALIMT >vore</ALIMT> when it is against my ideology. I feel horrible.
RV2_NippleVore_Know_Abhorrent.stages.0.label,Someone nipplely vored!!,label,PreceptDefs\Precepts_NippleVore.xml,def,Someone nipplely vored!!
RV2_NippleVore_Know_Abhorrent.stages.0.description,"One of us partook in nipple vore, this is a disgusting insult to our beliefs!",description,PreceptDefs\Precepts_NippleVore.xml,def,"One of us partook in <ALIMT >nipple</ALIMT> <ALIMT >vore</ALIMT>, this is a disgusting insult to our beliefs!"
RV2_NippleVore_Know_Social_Abhorrent.stages.0.label,Nipple vore,label,PreceptDefs\Precepts_NippleVore.xml,def,<ALIMT >nipple</ALIMT> <ALIMT >vore</ALIMT>
RV2_NippleVore_Liked.label,liked,label,PreceptDefs\Precepts_NippleVore.xml,def,liked
RV2_NippleVore_Liked.description,Nipple vore is to be praised and encouraged.,description,PreceptDefs\Precepts_NippleVore.xml,def,<ALIMT >nipple</ALIMT> <ALIMT >vore</ALIMT> is to be praised and encouraged.
RV2_NippleVore_Liked.stages.0.label,Nipple vore,label,PreceptDefs\Precepts_NippleVore.xml,def,<ALIMT >nipple</ALIMT> <ALIMT >vore</ALIMT>
RV2_NippleVore_Liked.stages.0.description,Partaking in this divine art fills me with joy,description,PreceptDefs\Precepts_NippleVore.xml,def,Partaking in this divine art fills me with joy
RV2_NippleVore_Know_Liked.stages.0.label,Nipple vore participant,label,PreceptDefs\Precepts_NippleVore.xml,def,<ALIMT >nipple</ALIMT> <ALIMT >vore</ALIMT> participant
RV2_NippleVore_Required.label,required,label,PreceptDefs\Precepts_NippleVore.xml,def,required
RV2_NippleVore_Required.description,"The nipples are a divine body part, demanding regular worship through nipple vore.",description,PreceptDefs\Precepts_NippleVore.xml,def,"The <ALIMT >nipples</ALIMT> are a divine body part, demanding regular worship through <ALIMT >nipple</ALIMT> <ALIMT >vore</ALIMT>."
RV2_NippleVore_Required.comps.3.description,No nipple vore for {VORERELATEDINTERVAL} days,description,PreceptDefs\Precepts_NippleVore.xml,def,No <ALIMT >nipple</ALIMT> <ALIMT >vore</ALIMT> for <ALIMT >(PH_1)</ALIMT> days
RV2_NippleVore_Required.stages.0.label,Nipplely vored,label,PreceptDefs\Precepts_NippleVore.xml,def,Nipplely vored
RV2_NippleVore_Required.stages.0.description,A divine act to express my beliefs.,description,PreceptDefs\Precepts_NippleVore.xml,def,A divine act to express my beliefs.
RV2_NippleVore_Know_Required.stages.0.label,Someone nipplely vored!,label,PreceptDefs\Precepts_NippleVore.xml,def,Someone nipplely vored!
RV2_NippleVore_Know_Required.stages.0.description,"One of our members was involved in nipple vore, a very respectable act!",description,PreceptDefs\Precepts_NippleVore.xml,def,"One of our members was involved in <ALIMT >nipple</ALIMT> <ALIMT >vore</ALIMT>, a very respectable act!"
RV2_NippleVore_Know_Social_Required.stages.0.label,divine nipple vore participant,label,PreceptDefs\Precepts_NippleVore.xml,def,divine <ALIMT >nipple</ALIMT> <ALIMT >vore</ALIMT> participant
RV2_NoRecentNippleVore_Required.stages.0.label,want to participate in nipple vore,label,PreceptDefs\Precepts_NippleVore.xml,def,want to participate in <ALIMT >nipple</ALIMT> <ALIMT >vore</ALIMT>
RV2_NoRecentNippleVore_Required.stages.0.description,It's been far too long since I was involved in an act of nipple vore.,description,PreceptDefs\Precepts_NippleVore.xml,def,It's been far too long since I was involved in an act of <ALIMT >nipple</ALIMT> <ALIMT >vore</ALIMT>.
RV2_OralVore.label,Oral Vore,label,PreceptDefs\Precepts_OralVore.xml,def,<ALIMT >oral</ALIMT> <ALIMT >vore</ALIMT>
RV2_OralVore_Disliked.label,disliked,label,PreceptDefs\Precepts_OralVore.xml,def,disliked
RV2_OralVore_Disliked.description,Oral vore is not okay.,description,PreceptDefs\Precepts_OralVore.xml,def,<ALIMT >oral</ALIMT> <ALIMT >vore</ALIMT> is not okay.
RV2_OralVore_Disliked.stages.0.label,I participated in oral vore,label,PreceptDefs\Precepts_OralVore.xml,def,I participated in <ALIMT >oral</ALIMT> <ALIMT >vore</ALIMT>
RV2_OralVore_Disliked.stages.0.description,"I should not have done that, my ideology discourages it",description,PreceptDefs\Precepts_OralVore.xml,def,"I should not have done that, my ideology discourages it"
RV2_OralVore_Know_Disliked.stages.0.label,oral vore participant,label,PreceptDefs\Precepts_OralVore.xml,def,<ALIMT >oral</ALIMT> <ALIMT >vore</ALIMT> participant
RV2_OralVore_Abhorrent.label,abhorrent,label,PreceptDefs\Precepts_OralVore.xml,def,abhorrent
RV2_OralVore_Abhorrent.description,Oral vore is an affront to our belief.,description,PreceptDefs\Precepts_OralVore.xml,def,<ALIMT >oral</ALIMT> <ALIMT >vore</ALIMT> is an affront to our belief.
RV2_OralVore_Abhorrent.stages.0.label,Oral vore,label,PreceptDefs\Precepts_OralVore.xml,def,<ALIMT >oral</ALIMT> <ALIMT >vore</ALIMT>
RV2_OralVore_Abhorrent.stages.0.description,I participated in oral vore when it is against my ideology. I feel horrible.,description,PreceptDefs\Precepts_OralVore.xml,def,I participated in <ALIMT >oral</ALIMT> <ALIMT >vore</ALIMT> when it is against my ideology. I feel horrible.
RV2_OralVore_Know_Abhorrent.stages.0.label,Someone orally vored!!,label,PreceptDefs\Precepts_OralVore.xml,def,Someone orally vored!!
RV2_OralVore_Know_Abhorrent.stages.0.description,"One of us partook in oral vore, this is a disgusting insult to our beliefs!",description,PreceptDefs\Precepts_OralVore.xml,def,"One of us partook in <ALIMT >oral</ALIMT> <ALIMT >vore</ALIMT>, this is a disgusting insult to our beliefs!"
RV2_OralVore_Know_Social_Abhorrent.stages.0.label,oral vore,label,PreceptDefs\Precepts_OralVore.xml,def,<ALIMT >oral</ALIMT> <ALIMT >vore</ALIMT>
RV2_OralVore_Liked.label,liked,label,PreceptDefs\Precepts_OralVore.xml,def,liked
RV2_OralVore_Liked.description,Oral vore is to be praised and encouraged.,description,PreceptDefs\Precepts_OralVore.xml,def,<ALIMT >oral</ALIMT> <ALIMT >vore</ALIMT> is to be praised and encouraged.
RV2_OralVore_Liked.stages.0.label,Oral vore,label,PreceptDefs\Precepts_OralVore.xml,def,<ALIMT >oral</ALIMT> <ALIMT >vore</ALIMT>
RV2_OralVore_Liked.stages.0.description,Partaking in this divine art fills me with joy,description,PreceptDefs\Precepts_OralVore.xml,def,Partaking in this divine art fills me with joy
RV2_OralVore_Know_Liked.stages.0.label,oral vore participant,label,PreceptDefs\Precepts_OralVore.xml,def,<ALIMT >oral</ALIMT> <ALIMT >vore</ALIMT> participant
RV2_OralVore_Required.label,required,label,PreceptDefs\Precepts_OralVore.xml,def,required
RV2_OralVore_Required.description,"The mouth is a divine body part, demanding regular worship through oral vore.",description,PreceptDefs\Precepts_OralVore.xml,def,"The mouth is a divine body part, demanding regular worship through <ALIMT >oral</ALIMT> <ALIMT >vore</ALIMT>."
RV2_OralVore_Required.comps.3.description,No oral vore for {VORERELATEDINTERVAL} days,description,PreceptDefs\Precepts_OralVore.xml,def,No <ALIMT >oral</ALIMT> <ALIMT >vore</ALIMT> for <ALIMT >(PH_1)</ALIMT> days
RV2_OralVore_Required.stages.0.label,Orally vored,label,PreceptDefs\Precepts_OralVore.xml,def,Orally vored
RV2_OralVore_Required.stages.0.description,A divine act to express my beliefs.,description,PreceptDefs\Precepts_OralVore.xml,def,A divine act to express my beliefs.
RV2_OralVore_Know_Required.stages.0.label,Someone orally vored!,label,PreceptDefs\Precepts_OralVore.xml,def,Someone orally vored!
RV2_OralVore_Know_Required.stages.0.description,"One of our members was involved in oral vore, a very respectable act!",description,PreceptDefs\Precepts_OralVore.xml,def,"One of our members was involved in <ALIMT >oral</ALIMT> <ALIMT >vore</ALIMT>, a very respectable act!"
RV2_OralVore_Know_Social_Required.stages.0.label,divine oral vore participant,label,PreceptDefs\Precepts_OralVore.xml,def,divine <ALIMT >oral</ALIMT> <ALIMT >vore</ALIMT> participant
RV2_NoRecentOralVore_Required.stages.0.label,want to participate in oral vore,label,PreceptDefs\Precepts_OralVore.xml,def,want to participate in <ALIMT >oral</ALIMT> <ALIMT >vore</ALIMT>
RV2_NoRecentOralVore_Required.stages.0.description,It's been far too long since I was involved in an act of oral vore.,description,PreceptDefs\Precepts_OralVore.xml,def,It's been far too long since I was involved in an act of <ALIMT >oral</ALIMT> <ALIMT >vore</ALIMT>.
RV2_Predation.label,Predation,label,PreceptDefs\Precepts_Predation.xml,def,Predation
RV2_Predation_Disliked.label,disliked,label,PreceptDefs\Precepts_Predation.xml,def,disliked
RV2_Predation_Disliked.description,We are not meant to vore others.,description,PreceptDefs\Precepts_Predation.xml,def,We are not meant to <ALIMT >vore</ALIMT> others.
RV2_PredatorInitiatedVore_Disliked.stages.0.label,I vored someone,label,PreceptDefs\Precepts_Predation.xml,def,I vored someone
RV2_PredatorInitiatedVore_Disliked.stages.0.description,"I should not have done that, my ideology discourages it",description,PreceptDefs\Precepts_Predation.xml,def,"I should not have done that, my ideology discourages it"
RV2_PredatorInitiatedVore_Know_Disliked.stages.0.label,shunned predator,label,PreceptDefs\Precepts_Predation.xml,def,shunned predator
RV2_Predation_Abhorrent.label,abhorrent,label,PreceptDefs\Precepts_Predation.xml,def,abhorrent
RV2_Predation_Abhorrent.description,Anyone partaking in vore as a predator is to be shunned.,description,PreceptDefs\Precepts_Predation.xml,def,Anyone partaking in <ALIMT >vore</ALIMT> as a predator is to be shunned.
RV2_PredatorInitiatedVore_Abhorrent.stages.0.label,I vored someone,label,PreceptDefs\Precepts_Predation.xml,def,I vored someone
RV2_PredatorInitiatedVore_Abhorrent.stages.0.description,"This is an insult to my ideology, what am I doing?",description,PreceptDefs\Precepts_Predation.xml,def,"This is an insult to my ideology, what am I doing?"
RV2_PredatorInitiatedVore_Know_Abhorrent.stages.0.label,Someone was a predator!!,label,PreceptDefs\Precepts_Predation.xml,def,Someone was a predator!!
RV2_PredatorInitiatedVore_Know_Abhorrent.stages.0.description,"One of us vored someone, this is a disgusting insult to our beliefs!",description,PreceptDefs\Precepts_Predation.xml,def,"One of us vored someone, this is a disgusting insult to our beliefs!"
RV2_PredatorInitiatedVore_Know_Social_Abhorrent.stages.0.label,disgusting predator,label,PreceptDefs\Precepts_Predation.xml,def,disgusting predator
RV2_Predation_Liked.label,Liked,label,PreceptDefs\Precepts_Predation.xml,def,Liked
RV2_Predation_Liked.description,Commiting an act of predation is to be praised and encouraged.,description,PreceptDefs\Precepts_Predation.xml,def,Commiting an act of predation is to be praised and encouraged.
RV2_PredatorInitiatedVore_Liked.stages.0.label,I vored someone,label,PreceptDefs\Precepts_Predation.xml,def,I vored someone
RV2_PredatorInitiatedVore_Liked.stages.0.description,Partaking in this divine art fills me with joy,description,PreceptDefs\Precepts_Predation.xml,def,Partaking in this divine art fills me with joy
RV2_PredatorInitiatedVore_Know_Liked.stages.0.label,admirable predator,label,PreceptDefs\Precepts_Predation.xml,def,admirable predator
RV2_Predation_Required.label,required,label,PreceptDefs\Precepts_Predation.xml,def,required
RV2_Predation_Required.description,Only by regularly voring others can we truly honor our ideology.,description,PreceptDefs\Precepts_Predation.xml,def,Only by regularly voring others can we truly honor our ideology.
RV2_Predation_Required.comps.3.description,No one vored for {VORERELATEDINTERVAL} days,description,PreceptDefs\Precepts_Predation.xml,def,No one vored for <ALIMT >(PH_1)</ALIMT> days
RV2_PredatorInitiatedVore_Required.stages.0.label,I vored someone,label,PreceptDefs\Precepts_Predation.xml,def,I vored someone
RV2_PredatorInitiatedVore_Required.stages.0.description,Regular predation allows me to honor my beliefs!,description,PreceptDefs\Precepts_Predation.xml,def,Regular predation allows me to honor my beliefs!
RV2_PredatorInitiatedVore_Know_Required.stages.0.label,Someone was a predator!,label,PreceptDefs\Precepts_Predation.xml,def,Someone was a predator!
RV2_PredatorInitiatedVore_Know_Required.stages.0.description,"One of our members acted as a predator, very admirable!",description,PreceptDefs\Precepts_Predation.xml,def,"One of our members acted as a predator, very admirable!"
RV2_PredatorInitiatedVore_Know_Social_Required.stages.0.label,divine predator,label,PreceptDefs\Precepts_Predation.xml,def,divine predator
RV2_NoRecentPredatorInitiatedVore_Required.stages.0.label,want to be predator,label,PreceptDefs\Precepts_Predation.xml,def,want to be predator
RV2_NoRecentPredatorInitiatedVore_Required.stages.0.description,It's been far too long since last vored anyone.,description,PreceptDefs\Precepts_Predation.xml,def,It's been far too long since last vored anyone.
RV2_Preyism.label,Preyism,label,PreceptDefs\Precepts_Preyism.xml,def,Preyism
RV2_Preyism_Disliked.label,disliked,label,PreceptDefs\Precepts_Preyism.xml,def,disliked
RV2_Preyism_Disliked.description,We are not meant to be vored.,description,PreceptDefs\Precepts_Preyism.xml,def,We are not meant to be vored.
RV2_PreyInitiatedVore_Disliked.stages.0.label,I was vored,label,PreceptDefs\Precepts_Preyism.xml,def,I was vored
RV2_PreyInitiatedVore_Disliked.stages.0.description,"I should not have done that, my ideology discourages it",description,PreceptDefs\Precepts_Preyism.xml,def,"I should not have done that, my ideology discourages it"
RV2_PreyInitiatedVore_Know_Disliked.stages.0.label,shunned prey,label,PreceptDefs\Precepts_Preyism.xml,def,shunned prey
RV2_Preyism_Abhorrent.label,abhorrent,label,PreceptDefs\Precepts_Preyism.xml,def,abhorrent
RV2_Preyism_Abhorrent.description,Anyone partaking in vore as a prey is to be shunned.,description,PreceptDefs\Precepts_Preyism.xml,def,Anyone partaking in <ALIMT >vore</ALIMT> as a prey is to be shunned.
RV2_PreyInitiatedVore_Abhorrent.stages.0.label,I was vored,label,PreceptDefs\Precepts_Preyism.xml,def,I was vored
RV2_PreyInitiatedVore_Abhorrent.stages.0.description,"I was vored, what a horrible affront to my ideology!",description,PreceptDefs\Precepts_Preyism.xml,def,"I was vored, what a horrible affront to my ideology!"
RV2_PreyInitiatedVore_Know_Abhorrent.stages.0.label,Someone was a prey!,label,PreceptDefs\Precepts_Preyism.xml,def,Someone was a prey!
RV2_PreyInitiatedVore_Know_Abhorrent.stages.0.description,"One of us was vored, this is a disgusting insult to our beliefs!",description,PreceptDefs\Precepts_Preyism.xml,def,"One of us was vored, this is a disgusting insult to our beliefs!"
RV2_PreyInitiatedVore_Know_Social_Abhorrent.stages.0.label,disgusting prey,label,PreceptDefs\Precepts_Preyism.xml,def,disgusting prey
RV2_Preyism_Liked.label,liked,label,PreceptDefs\Precepts_Preyism.xml,def,liked
RV2_Preyism_Liked.description,Commiting an act of Preyism is to be praised and encouraged.,description,PreceptDefs\Precepts_Preyism.xml,def,Commiting an act of Preyism is to be praised and encouraged.
RV2_PreyInitiatedVore_Liked.stages.0.label,I was vored,label,PreceptDefs\Precepts_Preyism.xml,def,I was vored
RV2_PreyInitiatedVore_Liked.stages.0.description,Partaking in this divine art fills me with joy,description,PreceptDefs\Precepts_Preyism.xml,def,Partaking in this divine art fills me with joy
RV2_PreyInitiatedVore_Know_Liked.stages.0.label,admirable prey,label,PreceptDefs\Precepts_Preyism.xml,def,admirable prey
RV2_Preyism_Required.label,required,label,PreceptDefs\Precepts_Preyism.xml,def,required
RV2_Preyism_Required.description,"We were born to be vored, not doing so regularly would conflict with our very existance.",description,PreceptDefs\Precepts_Preyism.xml,def,"We were born to be vored, not doing so regularly would conflict with our very existance."
RV2_Preyism_Required.comps.3.description,Not been vored for {VORERELATEDINTERVAL} days,description,PreceptDefs\Precepts_Preyism.xml,def,Not been vored for <ALIMT >(PH_1)</ALIMT> days
RV2_PreyInitiatedVore_Required.stages.0.label,I was vored,label,PreceptDefs\Precepts_Preyism.xml,def,I was vored
RV2_PreyInitiatedVore_Required.stages.0.description,By delving into others I can express my beliefs.,description,PreceptDefs\Precepts_Preyism.xml,def,By delving into others I can express my beliefs.
RV2_PreyInitiatedVore_Know_Required.stages.0.label,Someone was a Prey!,label,PreceptDefs\Precepts_Preyism.xml,def,Someone was a Prey!
RV2_PreyInitiatedVore_Know_Required.stages.0.description,"One of our members acted as a prey, very admirable!",description,PreceptDefs\Precepts_Preyism.xml,def,"One of our members acted as a prey, very admirable!"
RV2_PreyInitiatedVore_Know_Social_Required.stages.0.label,divine prey,label,PreceptDefs\Precepts_Preyism.xml,def,divine prey
RV2_NoRecentPreyInitiatedVore_Required.stages.0.label,want to be prey,label,PreceptDefs\Precepts_Preyism.xml,def,want to be prey
RV2_NoRecentPreyInitiatedVore_Required.stages.0.description,It's been far too long since I have last been vored.,description,PreceptDefs\Precepts_Preyism.xml,def,It's been far too long since I have last been vored.
RV2_VaginalVore.label,Vaginal Vore,label,PreceptDefs\Precepts_VaginalVore.xml,def,<ALIMT >vaginal</ALIMT> <ALIMT >vore</ALIMT>
RV2_VaginalVore_Disliked.label,disliked,label,PreceptDefs\Precepts_VaginalVore.xml,def,disliked
RV2_VaginalVore_Disliked.description,Vaginal vore is not okay.,description,PreceptDefs\Precepts_VaginalVore.xml,def,<ALIMT >vaginal</ALIMT> <ALIMT >vore</ALIMT> is not okay.
RV2_VaginalVore_Disliked.stages.0.label,I participated in vaginal vore,label,PreceptDefs\Precepts_VaginalVore.xml,def,I participated in <ALIMT >vaginal</ALIMT> <ALIMT >vore</ALIMT>
RV2_VaginalVore_Disliked.stages.0.description,"I should not have done that, my ideology discourages it",description,PreceptDefs\Precepts_VaginalVore.xml,def,"I should not have done that, my ideology discourages it"
RV2_VaginalVore_Know_Disliked.stages.0.label,Vaginal vore participant,label,PreceptDefs\Precepts_VaginalVore.xml,def,<ALIMT >vaginal</ALIMT> <ALIMT >vore</ALIMT> participant
RV2_VaginalVore_Abhorrent.label,abhorrent,label,PreceptDefs\Precepts_VaginalVore.xml,def,abhorrent
RV2_VaginalVore_Abhorrent.description,Vaginal vore is an affront to our belief.,description,PreceptDefs\Precepts_VaginalVore.xml,def,<ALIMT >vaginal</ALIMT> <ALIMT >vore</ALIMT> is an affront to our belief.
RV2_VaginalVore_Abhorrent.stages.0.label,Vaginal vore,label,PreceptDefs\Precepts_VaginalVore.xml,def,<ALIMT >vaginal</ALIMT> <ALIMT >vore</ALIMT>
RV2_VaginalVore_Abhorrent.stages.0.description,I participated in vaginal vore when it is against my ideology. I feel horrible.,description,PreceptDefs\Precepts_VaginalVore.xml,def,I participated in <ALIMT >vaginal</ALIMT> <ALIMT >vore</ALIMT> when it is against my ideology. I feel horrible.
RV2_VaginalVore_Know_Abhorrent.stages.0.label,Someone vaginally vored!!,label,PreceptDefs\Precepts_VaginalVore.xml,def,Someone vaginally vored!!
RV2_VaginalVore_Know_Abhorrent.stages.0.description,"One of us partook in vaginal vore, this is a disgusting insult to our beliefs!",description,PreceptDefs\Precepts_VaginalVore.xml,def,"One of us partook in <ALIMT >vaginal</ALIMT> <ALIMT >vore</ALIMT>, this is a disgusting insult to our beliefs!"
RV2_VaginalVore_Know_Social_Abhorrent.stages.0.label,Vaginal vore,label,PreceptDefs\Precepts_VaginalVore.xml,def,<ALIMT >vaginal</ALIMT> <ALIMT >vore</ALIMT>
RV2_VaginalVore_Liked.label,liked,label,PreceptDefs\Precepts_VaginalVore.xml,def,liked
RV2_VaginalVore_Liked.description,Vaginal vore is to be praised and encouraged.,description,PreceptDefs\Precepts_VaginalVore.xml,def,<ALIMT >vaginal</ALIMT> <ALIMT >vore</ALIMT> is to be praised and encouraged.
RV2_VaginalVore_Liked.stages.0.label,Vaginal vore,label,PreceptDefs\Precepts_VaginalVore.xml,def,<ALIMT >vaginal</ALIMT> <ALIMT >vore</ALIMT>
RV2_VaginalVore_Liked.stages.0.description,Partaking in this divine art fills me with joy,description,PreceptDefs\Precepts_VaginalVore.xml,def,Partaking in this divine art fills me with joy
RV2_VaginalVore_Know_Liked.stages.0.label,Vaginal vore participant,label,PreceptDefs\Precepts_VaginalVore.xml,def,<ALIMT >vaginal</ALIMT> <ALIMT >vore</ALIMT> participant
RV2_VaginalVore_Required.label,required,label,PreceptDefs\Precepts_VaginalVore.xml,def,required
RV2_VaginalVore_Required.description,"The vagina is a divine body part, demanding regular worship through vaginal vore.",description,PreceptDefs\Precepts_VaginalVore.xml,def,"The <ALIMT >vagina</ALIMT> is a divine body part, demanding regular worship through <ALIMT >vaginal</ALIMT> <ALIMT >vore</ALIMT>."
RV2_VaginalVore_Required.comps.3.description,No vaginal vore for {VORERELATEDINTERVAL} days,description,PreceptDefs\Precepts_VaginalVore.xml,def,No <ALIMT >vaginal</ALIMT> <ALIMT >vore</ALIMT> for <ALIMT >(PH_1)</ALIMT> days
RV2_VaginalVore_Required.stages.0.label,Vaginally vored,label,PreceptDefs\Precepts_VaginalVore.xml,def,Vaginally vored
RV2_VaginalVore_Required.stages.0.description,A divine act to express my beliefs.,description,PreceptDefs\Precepts_VaginalVore.xml,def,A divine act to express my beliefs.
RV2_VaginalVore_Know_Required.stages.0.label,Someone vaginally vored!,label,PreceptDefs\Precepts_VaginalVore.xml,def,Someone vaginally vored!
RV2_VaginalVore_Know_Required.stages.0.description,"One of our members was involved in vaginal vore, a very respectable act!",description,PreceptDefs\Precepts_VaginalVore.xml,def,"One of our members was involved in <ALIMT >vaginal</ALIMT> <ALIMT >vore</ALIMT>, a very respectable act!"
RV2_VaginalVore_Know_Social_Required.stages.0.label,divine vaginal vore participant,label,PreceptDefs\Precepts_VaginalVore.xml,def,divine <ALIMT >vaginal</ALIMT> <ALIMT >vore</ALIMT> participant
RV2_NoRecentVaginalVore_Required.stages.0.label,want to participate in vaginal vore,label,PreceptDefs\Precepts_VaginalVore.xml,def,want to participate in <ALIMT >vaginal</ALIMT> <ALIMT >vore</ALIMT>
RV2_NoRecentVaginalVore_Required.stages.0.description,It's been far too long since I was involved in an act of vaginal vore.,description,PreceptDefs\Precepts_VaginalVore.xml,def,It's been far too long since I was involved in an act of <ALIMT >vaginal</ALIMT> <ALIMT >vore</ALIMT>.
RV2_VoreEnablers.label,Vore Enablers,label,PreceptDefs\Precepts_VoreEnabler.xml,def,<ALIMT >vore</ALIMT> Enablers
RV2_VoreEnablers_Abhorrent.label,abhorrent,label,PreceptDefs\Precepts_VoreEnabler.xml,def,abhorrent
RV2_VoreEnablers_Abhorrent.description,"Our bodies are pure, those of us born without special vore abilities should not pursue augmentation to achieve them.",description,PreceptDefs\Precepts_VoreEnabler.xml,def,"Our bodies are pure, those of us born without special <ALIMT >vore</ALIMT> abilities should not pursue augmentation to achieve them."
RV2_InstalledVoreEnabler_Abhorrent.stages.0.label,Installed vore enabler,label,PreceptDefs\Precepts_VoreEnabler.xml,def,Installed <ALIMT >vore</ALIMT> enabler
RV2_InstalledVoreEnabler_Abhorrent.stages.0.description,"I installed a vore enabler on someone, but we should not pursue vore augmentations!",description,PreceptDefs\Precepts_VoreEnabler.xml,def,"I installed a <ALIMT >vore</ALIMT> enabler on someone, but we should not pursue <ALIMT >vore</ALIMT> augmentations!"
RV2_InstalledVoreEnabler_Know_Social_Abhorrent.stages.0.label,installed vore enabler,label,PreceptDefs\Precepts_VoreEnabler.xml,def,installed <ALIMT >vore</ALIMT> enabler
RV2_HasVoreEnabler_Abhorrent.stages.0.label,Vore enabler,label,PreceptDefs\Precepts_VoreEnabler.xml,def,<ALIMT >vore</ALIMT> enabler
RV2_HasVoreEnabler_Abhorrent.stages.0.description,"I have a vore enabler augment installed on my body, I am tainted",description,PreceptDefs\Precepts_VoreEnabler.xml,def,"I have a <ALIMT >vore</ALIMT> enabler augment installed on my body, I am tainted"
RV2_HasVoreEnabler_Social_Abhorrent.stages.0.label,has vore enabler,label,PreceptDefs\Precepts_VoreEnabler.xml,def,has <ALIMT >vore</ALIMT> enabler
RV2_VoreProductEating.label,vore product eating,label,PreceptDefs\Precepts_VoreProductEating.xml,def,<ALIMT >vore</ALIMT> product eating
RV2_VoreProductEating_Abhorrent.label,abhorrent,label,PreceptDefs\Precepts_VoreProductEating.xml,def,abhorrent
RV2_VoreProductEating_Abhorrent.description,Yuck.,description,PreceptDefs\Precepts_VoreProductEating.xml,def,Yuck.
RV2_AteVoreProduct_Abhorrent.stages.0.label,ate vore product,label,PreceptDefs\Precepts_VoreProductEating.xml,def,ate <ALIMT >vore</ALIMT> product
RV2_AteVoreProduct_Abhorrent.stages.0.description,"This is an insult to my ideology, what am I doing?",description,PreceptDefs\Precepts_VoreProductEating.xml,def,"This is an insult to my ideology, what am I doing?"
RV2_AteVoreProduct_Know_Abhorrent.stages.0.label,ate vore product,label,PreceptDefs\Precepts_VoreProductEating.xml,def,ate <ALIMT >vore</ALIMT> product
RV2_VoreProductEating_Preferred.label,preferred,label,PreceptDefs\Precepts_VoreProductEating.xml,def,preferred
RV2_VoreProductEating_Preferred.description,Tasty.,description,PreceptDefs\Precepts_VoreProductEating.xml,def,Tasty.
RV2_AteVoreProduct_Preferred.stages.0.label,ate vore product,label,PreceptDefs\Precepts_VoreProductEating.xml,def,ate <ALIMT >vore</ALIMT> product
RV2_AteVoreProduct_Preferred.stages.0.description,I could eat this every day,description,PreceptDefs\Precepts_VoreProductEating.xml,def,I could eat this every day
RV2_VoreProductEating_Required.label,required,label,PreceptDefs\Precepts_VoreProductEating.xml,def,required
RV2_VoreProductEating_Required.description,Must be part of regular consumption.,description,PreceptDefs\Precepts_VoreProductEating.xml,def,Must be part of regular consumption.
RV2_VoreProductEating_Required.comps.1.description,No vore product for {VORERELATEDINTERVAL} days,description,PreceptDefs\Precepts_VoreProductEating.xml,def,No <ALIMT >vore</ALIMT> product for <ALIMT >(PH_1)</ALIMT> days
RV2_AteVoreProduct_Required.stages.0.label,ate vore product,label,PreceptDefs\Precepts_VoreProductEating.xml,def,ate <ALIMT >vore</ALIMT> product
RV2_AteVoreProduct_Required.stages.0.description,Just as my ideology dictates!,description,PreceptDefs\Precepts_VoreProductEating.xml,def,Just as my ideology dictates!
RV2_NoRecentVoreProduct_Required.stages.0.label,want vore product,label,PreceptDefs\Precepts_VoreProductEating.xml,def,want <ALIMT >vore</ALIMT> product
RV2_NoRecentVoreProduct_Required.stages.0.description,It's been far too long since I consumed a vore product. I should have eaten by now.,description,PreceptDefs\Precepts_VoreProductEating.xml,def,It's been far too long since I consumed a <ALIMT >vore</ALIMT> product. I should have eaten by now.
RV2_ConsumptionRitual.label,consumption ritual,label,PreceptDefs\Rituals.xml,def,consumption ritual
RV2_ConsumptionRitual.description,"A ritual in which the alpha predator holds a speech before fatally voring the selected prey.\nThe participants will party until the prey is digested, please be advised that some predators can take a very long time to digest their prey and some pawns may party to exhaustion.",description,PreceptDefs\Rituals.xml,def,"A ritual in which the alpha predator holds a speech before fatally voring the selected prey.<ALIMT >(PH_1)</ALIMT>The participants will party until the prey is digested, please be advised that some predators can take a very long time to digest their prey and some pawns may party to exhaustion."
RV2_ConsumptionSacrifice.label,consumption sacrifice,label,PreceptDefs\Rituals.xml,def,consumption sacrifice
RV2_ConsumptionSacrifice.description,"A ritual in which the chosen prey holds a speech before being fatally vored by the selected predator.\nThe participants will party until the prey is digested, please be advised that some predators can take a very long time to digest their prey and some pawns may party to exhaustion.",description,PreceptDefs\Rituals.xml,def,"A ritual in which the chosen prey holds a speech before being fatally vored by the selected predator.<ALIMT >(PH_1)</ALIMT>The participants will party until the prey is digested, please be advised that some predators can take a very long time to digest their prey and some pawns may party to exhaustion."
RV2_VoreBondingRitual.label,vore bonding ritual,label,PreceptDefs\Rituals.xml,def,<ALIMT >vore</ALIMT> bonding ritual
RV2_VoreBondingRitual.description,A ritual in which the alpha predator holds a speech before endo voring the selected prey.\nThe participants will party until the vore is completed. The belief of both predator and prey in the vore-ideology will be increased.,description,PreceptDefs\Rituals.xml,def,A ritual in which the alpha predator holds a speech before endo voring the selected prey.<ALIMT >(PH_1)</ALIMT>The participants will party until the <ALIMT >vore</ALIMT> is completed. The belief of both predator and prey in the <ALIMT >vore</ALIMT>-ideology will be increased.
RV2_VoreBondingSacrifice.label,vore bonding sacrifice,label,PreceptDefs\Rituals.xml,def,<ALIMT >vore</ALIMT> bonding sacrifice
RV2_VoreBondingSacrifice.description,A ritual in which the chosen prey holds a speech before being endo vored by the selected predator.\nThe participants will party until the vore is completed. The belief of both predator and prey in the vore-ideology will be increased.,description,PreceptDefs\Rituals.xml,def,A ritual in which the chosen prey holds a speech before being endo vored by the selected predator.<ALIMT >(PH_1)</ALIMT>The participants will party until the <ALIMT >vore</ALIMT> is completed. The belief of both predator and prey in the <ALIMT >vore</ALIMT>-ideology will be increased.
RV2_VoreFeast.label,vore feast,label,PreceptDefs\Rituals.xml,def,<ALIMT >vore</ALIMT> feast
RV2_VoreFeast.description,"A ritual in which the leader holds a speech, afterwards all participants vore each other according to their preferences. The chosen goal and type are RANDOM, so participants may fatally vore each other! Use the fatal and endo designations to protect vital pawns.",description,PreceptDefs\Rituals.xml,def,"A ritual in which the leader holds a speech, afterwards all participants <ALIMT >vore</ALIMT> each other according to their preferences. The chosen goal and type are RANDOM, so participants may fatally <ALIMT >vore</ALIMT> each other! Use the fatal and endo designations to protect vital pawns."
RV2_VoreFeedingRitual_Endo.label,feeder ritual (endo),label,PreceptDefs\Rituals.xml,def,feeder ritual (endo)
RV2_VoreFeedingRitual_Endo.description,"A ritual in which the feeder holds a speech, after which the prey is non-fatally fed to the predator.",description,PreceptDefs\Rituals.xml,def,"A ritual in which the feeder holds a speech, after which the prey is non-fatally fed to the predator."
RV2_VoreFeedingRitual_Fatal.label,feeder ritual (fatal),label,PreceptDefs\Rituals.xml,def,feeder ritual (fatal)
RV2_VoreFeedingRitual_Fatal.description,"A ritual in which the feeder holds a speech, after which the prey is fatally fed to the predator.",description,PreceptDefs\Rituals.xml,def,"A ritual in which the feeder holds a speech, after which the prey is fatally fed to the predator."
RV2_IdeoRole_AlphaPredator.label,alpha predator,label,PreceptDefs\Roles.xml,def,alpha predator
RV2_IdeoRole_AlphaPredator.description,"The alpha predator is responsible for leading predatory rituals. An alpha predator boasts impressive strength, but is slower at common work.",description,PreceptDefs\Roles.xml,def,"The alpha predator is responsible for leading predatory rituals. An alpha predator boasts impressive strength, but is slower at common work."
RV2_IdeoRole_ChosenPrey.label,chosen prey,label,PreceptDefs\Roles.xml,def,chosen prey
RV2_IdeoRole_ChosenPrey.description,The chosen prey is responsible for leading prey-specific rituals. The chosen prey boasts superior social skills and faster recovery from wounds.,description,PreceptDefs\Roles.xml,def,The chosen prey is responsible for leading prey-specific rituals. The chosen prey boasts superior social skills and faster recovery from wounds.
RV2_IdeoRole_Feeder.label,feeder,label,PreceptDefs\Roles.xml,def,feeder
RV2_IdeoRole_Feeder.description,The feeder coordinates vore between two other pawns during rituals,description,PreceptDefs\Roles.xml,def,The feeder coordinates <ALIMT >vore</ALIMT> between two other pawns during rituals
RV2_VoreFeastOutcome.outcomeChances.0.label,Terrible,label,RitualDefs\Outcomes.xml,def,Terrible
RV2_VoreFeastOutcome.outcomeChances.0.description,The {0} was terrible!,description,RitualDefs\Outcomes.xml,def,The <ALIMT >(PH_1)</ALIMT> was terrible!
RV2_VoreFeastOutcome.outcomeChances.1.label,Boring,label,RitualDefs\Outcomes.xml,def,Boring
RV2_VoreFeastOutcome.outcomeChances.1.description,The {0} was boring.,description,RitualDefs\Outcomes.xml,def,The <ALIMT >(PH_1)</ALIMT> was boring.
RV2_VoreFeastOutcome.outcomeChances.2.label,Satisfying,label,RitualDefs\Outcomes.xml,def,Satisfying
RV2_VoreFeastOutcome.outcomeChances.2.description,The {0} was satisfying.,description,RitualDefs\Outcomes.xml,def,The <ALIMT >(PH_1)</ALIMT> was satisfying.
RV2_VoreFeastOutcome.outcomeChances.3.label,Spectacular,label,RitualDefs\Outcomes.xml,def,Spectacular
RV2_VoreFeastOutcome.outcomeChances.3.description,The {0} was spectacular!,description,RitualDefs\Outcomes.xml,def,The <ALIMT >(PH_1)</ALIMT> was spectacular!
RV2_ConsumptionRitual.roles.0.label,predator,label,RitualDefs\Rituals_TwoWay.xml,def,predator
RV2_ConsumptionRitual.roles.1.label,prey,label,RitualDefs\Rituals_TwoWay.xml,def,prey
RV2_ConsumptionSacrifice.roles.0.label,prey,label,RitualDefs\Rituals_TwoWay.xml,def,prey
RV2_ConsumptionSacrifice.roles.1.label,predator,label,RitualDefs\Rituals_TwoWay.xml,def,predator
RV2_VoreBondingRitual.roles.0.label,predator,label,RitualDefs\Rituals_TwoWay.xml,def,predator
RV2_VoreBondingRitual.roles.1.label,prey,label,RitualDefs\Rituals_TwoWay.xml,def,prey
RV2_VoreBondingSacrifice.roles.0.label,prey,label,RitualDefs\Rituals_TwoWay.xml,def,prey
RV2_VoreBondingSacrifice.roles.1.label,predator,label,RitualDefs\Rituals_TwoWay.xml,def,predator
RV2_VoreFeast.letterText,A vore feast is underway.,letterText,RitualDefs\Ritual_VoreFeast.xml,def,A <ALIMT >vore</ALIMT> feast is underway.
RV2_VoreFeast.roles.0.label,speaker,label,RitualDefs\Ritual_VoreFeast.xml,def,speaker
RV2_NamerRoleAlphaPredator.rulePack.rulesStrings.0,r_roleName(p=4)->[memePredation],li,RulePackDefs\RulePack_Ideo_Role.xml,def,<ALIMT >(PH_2)</ALIMT>-><ALIMT >(PH_1)</ALIMT>
RV2_NamerRoleAlphaPredator.rulePack.rulesStrings.1,r_roleName(p=2)->[memeAdjective] [memePredation],li,RulePackDefs\RulePack_Ideo_Role.xml,def,<ALIMT >(PH_3)</ALIMT>-><ALIMT >(PH_2)</ALIMT> <ALIMT >(PH_1)</ALIMT>
RV2_NamerRoleAlphaPredator.rulePack.rulesStrings.2,r_roleName->[memePredation] of [chosenTheme],li,RulePackDefs\RulePack_Ideo_Role.xml,def,<ALIMT >(PH_3)</ALIMT><ALIMT >(PH_2)</ALIMT> of <ALIMT >(PH_1)</ALIMT>
RV2_NamerRoleAlphaPredator.rulePack.rulesStrings.3,r_roleName->[memePredation] of [keyDeity],li,RulePackDefs\RulePack_Ideo_Role.xml,def,<ALIMT >(PH_3)</ALIMT><ALIMT >(PH_2)</ALIMT> of <ALIMT >(PH_1)</ALIMT>
RV2_NamerRoleAlphaPredator.rulePack.rulesStrings.4,r_roleName->[memePredation] of [memeConcept],li,RulePackDefs\RulePack_Ideo_Role.xml,def,<ALIMT >(PH_3)</ALIMT><ALIMT >(PH_2)</ALIMT> of <ALIMT >(PH_1)</ALIMT>
RV2_NamerRoleAlphaPredator.rulePack.rulesStrings.5,r_roleName->[memePredation] of [chosenIdeoName],li,RulePackDefs\RulePack_Ideo_Role.xml,def,<ALIMT >(PH_3)</ALIMT><ALIMT >(PH_2)</ALIMT> of <ALIMT >(PH_1)</ALIMT>
RV2_NamerRoleAlphaPredator.rulePack.rulesStrings.6,r_roleName->[chosenAdjective] [memePredation],li,RulePackDefs\RulePack_Ideo_Role.xml,def,<ALIMT >(PH_3)</ALIMT><ALIMT >(PH_2)</ALIMT> <ALIMT >(PH_1)</ALIMT>
RV2_NamerRoleAlphaPredator.rulePack.rulesStrings.7,r_roleName->[keyDeity]'s [memePredation],li,RulePackDefs\RulePack_Ideo_Role.xml,def,<ALIMT >(PH_3)</ALIMT><ALIMT >(PH_2)</ALIMT>'s <ALIMT >(PH_1)</ALIMT>
RV2_NamerRoleChosenPrey.rulePack.rulesStrings.0,r_roleName(p=4)->[memePreyism],li,RulePackDefs\RulePack_Ideo_Role.xml,def,<ALIMT >(PH_2)</ALIMT>-><ALIMT >(PH_1)</ALIMT>
RV2_NamerRoleChosenPrey.rulePack.rulesStrings.1,r_roleName(p=2)->[memeAdjective] [memePreyism],li,RulePackDefs\RulePack_Ideo_Role.xml,def,<ALIMT >(PH_3)</ALIMT>-><ALIMT >(PH_2)</ALIMT> <ALIMT >(PH_1)</ALIMT>
RV2_NamerRoleChosenPrey.rulePack.rulesStrings.2,r_roleName->[memePreyism] of [chosenTheme],li,RulePackDefs\RulePack_Ideo_Role.xml,def,<ALIMT >(PH_3)</ALIMT><ALIMT >(PH_2)</ALIMT> of <ALIMT >(PH_1)</ALIMT>
RV2_NamerRoleChosenPrey.rulePack.rulesStrings.3,r_roleName->[memePreyism] of [keyDeity],li,RulePackDefs\RulePack_Ideo_Role.xml,def,<ALIMT >(PH_3)</ALIMT><ALIMT >(PH_2)</ALIMT> of <ALIMT >(PH_1)</ALIMT>
RV2_NamerRoleChosenPrey.rulePack.rulesStrings.4,r_roleName->[memePreyism] of [memeConcept],li,RulePackDefs\RulePack_Ideo_Role.xml,def,<ALIMT >(PH_3)</ALIMT><ALIMT >(PH_2)</ALIMT> of <ALIMT >(PH_1)</ALIMT>
RV2_NamerRoleChosenPrey.rulePack.rulesStrings.5,r_roleName->[memePreyism] of [chosenIdeoName],li,RulePackDefs\RulePack_Ideo_Role.xml,def,<ALIMT >(PH_3)</ALIMT><ALIMT >(PH_2)</ALIMT> of <ALIMT >(PH_1)</ALIMT>
RV2_NamerRoleChosenPrey.rulePack.rulesStrings.6,r_roleName->[chosenAdjective] [memePreyism],li,RulePackDefs\RulePack_Ideo_Role.xml,def,<ALIMT >(PH_3)</ALIMT><ALIMT >(PH_2)</ALIMT> <ALIMT >(PH_1)</ALIMT>
RV2_NamerRoleChosenPrey.rulePack.rulesStrings.7,r_roleName->[keyDeity]'s [memePreyism],li,RulePackDefs\RulePack_Ideo_Role.xml,def,<ALIMT >(PH_3)</ALIMT><ALIMT >(PH_2)</ALIMT>'s <ALIMT >(PH_1)</ALIMT>
RV2_NamerRoleFeeder.rulePack.rulesStrings.0,r_feeder->Feeder,li,RulePackDefs\RulePack_Ideo_Role.xml,def,<ALIMT >(PH_1)</ALIMT>Feeder
RV2_NamerRoleFeeder.rulePack.rulesStrings.1,r_feeder->Voremaster,li,RulePackDefs\RulePack_Ideo_Role.xml,def,<ALIMT >(PH_1)</ALIMT>Voremaster
RV2_NamerRoleFeeder.rulePack.rulesStrings.2,r_roleName(p=4)->[r_feeder],li,RulePackDefs\RulePack_Ideo_Role.xml,def,<ALIMT >(PH_2)</ALIMT>-><ALIMT >(PH_1)</ALIMT>
RV2_NamerRoleFeeder.rulePack.rulesStrings.3,r_roleName(p=2)->[memeAdjective] [r_feeder],li,RulePackDefs\RulePack_Ideo_Role.xml,def,<ALIMT >(PH_3)</ALIMT>-><ALIMT >(PH_2)</ALIMT> <ALIMT >(PH_1)</ALIMT>
RV2_NamerRoleFeeder.rulePack.rulesStrings.4,r_roleName->[r_feeder] of [chosenTheme],li,RulePackDefs\RulePack_Ideo_Role.xml,def,<ALIMT >(PH_3)</ALIMT><ALIMT >(PH_2)</ALIMT> of <ALIMT >(PH_1)</ALIMT>
RV2_NamerRoleFeeder.rulePack.rulesStrings.5,r_roleName->[r_feeder] of [keyDeity],li,RulePackDefs\RulePack_Ideo_Role.xml,def,<ALIMT >(PH_3)</ALIMT><ALIMT >(PH_2)</ALIMT> of <ALIMT >(PH_1)</ALIMT>
RV2_NamerRoleFeeder.rulePack.rulesStrings.6,r_roleName->[r_feeder] of [memeConcept],li,RulePackDefs\RulePack_Ideo_Role.xml,def,<ALIMT >(PH_3)</ALIMT><ALIMT >(PH_2)</ALIMT> of <ALIMT >(PH_1)</ALIMT>
RV2_NamerRoleFeeder.rulePack.rulesStrings.7,r_roleName->[r_feeder] of [chosenIdeoName],li,RulePackDefs\RulePack_Ideo_Role.xml,def,<ALIMT >(PH_3)</ALIMT><ALIMT >(PH_2)</ALIMT> of <ALIMT >(PH_1)</ALIMT>
RV2_NamerRoleFeeder.rulePack.rulesStrings.8,r_roleName->[chosenAdjective] [r_feeder],li,RulePackDefs\RulePack_Ideo_Role.xml,def,<ALIMT >(PH_3)</ALIMT><ALIMT >(PH_2)</ALIMT> <ALIMT >(PH_1)</ALIMT>
RV2_NamerRoleFeeder.rulePack.rulesStrings.9,r_roleName->[keyDeity]'s [r_feeder],li,RulePackDefs\RulePack_Ideo_Role.xml,def,<ALIMT >(PH_3)</ALIMT><ALIMT >(PH_2)</ALIMT>'s <ALIMT >(PH_1)</ALIMT>
RV2_VoreRitual_Terrible.stages.0.label,Terrible vore ritual,label,ThoughtDefs\Thoughts_RitualMemories.xml,def,Terrible <ALIMT >vore</ALIMT> ritual
RV2_VoreRitual_Terrible.stages.0.description,"Bah, what a waste of time!",description,ThoughtDefs\Thoughts_RitualMemories.xml,def,"Bah, what a waste of time!"
RV2_VoreRitual_Boring.stages.0.label,Boring vore ritual,label,ThoughtDefs\Thoughts_RitualMemories.xml,def,Boring <ALIMT >vore</ALIMT> ritual
RV2_VoreRitual_Boring.stages.0.description,That could have gone better.,description,ThoughtDefs\Thoughts_RitualMemories.xml,def,That could have gone better.
RV2_VoreRitual_Satisfying.stages.0.label,Satisfying vore ritual,label,ThoughtDefs\Thoughts_RitualMemories.xml,def,Satisfying <ALIMT >vore</ALIMT> ritual
RV2_VoreRitual_Satisfying.stages.0.description,I had a delightful time!,description,ThoughtDefs\Thoughts_RitualMemories.xml,def,I had a delightful time!
RV2_VoreRitual_Spectacular.stages.0.label,Spectacular vore ritual,label,ThoughtDefs\Thoughts_RitualMemories.xml,def,Spectacular <ALIMT >vore</ALIMT> ritual
RV2_VoreRitual_Spectacular.stages.0.description,I am delighted to have participated in that ritual!,description,ThoughtDefs\Thoughts_RitualMemories.xml,def,I am delighted to have participated in that ritual!
