key,text,tag,file,type
Anal_Breed_Reply.label,analbreed — react to,label,InteractionDef/InteractionDef.xml,def
Anal_Breed_Reply.logRulesInitiator.rulesStrings.0,zoophile_n->[exclaim_low]! [fuck] my [ass] with that [animal_penis_recipient]!,li,InteractionDef/InteractionDef.xml,def
Anal_Breed_Reply.logRulesInitiator.rulesStrings.1,human_react_n->What the fuck! Get off! [exclaim_high]!,li,InteractionDef/InteractionDef.xml,def
Anal_Breed_Reply.logRulesInitiator.rulesStrings.2,human_react_n->[exclaim_high]! Get your [derogadj] [animal_penis_recipient] out of my [ass]!,li,InteractionDef/InteractionDef.xml,def
Anal_Breed_Reply.logRulesInitiator.rulesStrings.3,human_react_n->[exclaim_high]! Get your [animal_penis_recipient] out of my [ass]!,li,InteractionDef/InteractionDef.xml,def
Anal_Breed_Reply_Reverse.label,analbreed — react to,label,InteractionDef/InteractionDef.xml,def
Anal_Breed_Reply_Reverse.logRulesInitiator.rulesStrings.0,"zoophile_n->If you insist, [animal_noun]!",li,InteractionDef/InteractionDef.xml,def
Anal_Breed_Reply_Reverse.logRulesInitiator.rulesStrings.1,zoophile_n->I'll never turn down a [RECIPIENT_kind] [ass]!,li,InteractionDef/InteractionDef.xml,def
Anal_Breed_Reply_Reverse.logRulesInitiator.rulesStrings.2,human_react_n->Oh...I shouldn't do this!,li,InteractionDef/InteractionDef.xml,def
Anal_Breed_Reply_Reverse.logRulesInitiator.rulesStrings.3,"human_react_n->Oh...I shouldn't, but your [animal_ass_recipient]...",li,InteractionDef/InteractionDef.xml,def
Anal_Breed_Reply_Reverse.logRulesInitiator.rulesStrings.4,"human_react_n->This is so wrong, [animal_noun], but your [animal_ass_recipient] is irresistable!",li,InteractionDef/InteractionDef.xml,def
Anal_Breed_Reply_Reverse.logRulesInitiator.rulesStrings.5,"human_react_n->Your [animal_ass_recipient] shouldn't feel this good, [animal_noun]!",li,InteractionDef/InteractionDef.xml,def
Vaginal_Breed_Reply.label,vaginalbreed — react to,label,InteractionDef/InteractionDef.xml,def
Vaginal_Breed_Reply.logRulesInitiator.rulesStrings.0,"zoophile_n->[exclaim_low]! [fuck] my [vagina] with that [animal_penis_recipient], [animal_noun]!",li,InteractionDef/InteractionDef.xml,def
Vaginal_Breed_Reply.logRulesInitiator.rulesStrings.1,human_react_n->What the fuck! Get off!,li,InteractionDef/InteractionDef.xml,def
Vaginal_Breed_Reply.logRulesInitiator.rulesStrings.2,human_react_n->[exclaim_high]! Get your [animal_penis_recipient] out of my [vagina]!,li,InteractionDef/InteractionDef.xml,def
Vaginal_Breed_Reply.logRulesInitiator.rulesStrings.3,human_react_n->[exclaim_high]! Get your [derogadj] [animal_penis_recipient] out of my [vagina]!,li,InteractionDef/InteractionDef.xml,def
Vaginal_Breed_Reply_Reverse.label,vaginalbreed — react to,label,InteractionDef/InteractionDef.xml,def
Vaginal_Breed_Reply_Reverse.logRulesInitiator.rulesStrings.0,"zoophile_n->If you insist, [animal_noun]!",li,InteractionDef/InteractionDef.xml,def
Vaginal_Breed_Reply_Reverse.logRulesInitiator.rulesStrings.1,zoophile_n->I'll never turn down a [animal_vagina_recipient]!,li,InteractionDef/InteractionDef.xml,def
Vaginal_Breed_Reply_Reverse.logRulesInitiator.rulesStrings.2,human_react_n->Oh...I shouldn't do this!,li,InteractionDef/InteractionDef.xml,def
Vaginal_Breed_Reply_Reverse.logRulesInitiator.rulesStrings.3,"human_react_n->Oh...I shouldn't, but your [animal_vagina_recipient]...",li,InteractionDef/InteractionDef.xml,def
Vaginal_Breed_Reply_Reverse.logRulesInitiator.rulesStrings.4,"human_react_n->This is so wrong, [animal_noun], but your [animal_vagina_recipient] is irresistable!",li,InteractionDef/InteractionDef.xml,def
Vaginal_Breed_Reply_Reverse.logRulesInitiator.rulesStrings.5,"human_react_n->Your [animal_vagina_recipient] shouldn't feel this good, [animal_noun]!",li,InteractionDef/InteractionDef.xml,def
Orally_Breed_Reply.label,oralbreed — react to,label,InteractionDef/InteractionDef.xml,def
Orally_Breed_Reply.logRulesInitiator.rulesStrings.0,"zoophile_n->*[exclaim_oral]* yoor [animal_penis_recipient] tasds *[exclaim_oral]* so good, [animal_noun]!",li,InteractionDef/InteractionDef.xml,def
Orally_Breed_Reply.logRulesInitiator.rulesStrings.1,zoophile_n->*[exclaim_oral]* *[exclaim_oral]* *[exclaim_oral]*,li,InteractionDef/InteractionDef.xml,def
Orally_Breed_Reply.logRulesInitiator.rulesStrings.2,zoophile_n->*[exclaim_oral]* good *[exclaim_oral]* [animal_noun]! *[exclaim_oral]*,li,InteractionDef/InteractionDef.xml,def
Orally_Breed_Reply.logRulesInitiator.rulesStrings.3,zoophile_n->*[exclaim_oral]* cum *[exclaim_oral]* in my mouf *[exclaim_oral]* [animal_noun]!,li,InteractionDef/InteractionDef.xml,def
Orally_Breed_Reply.logRulesInitiator.rulesStrings.4,zoophile_n->*[exclaim_oral]* feed me *[exclaim_oral]* [cum] *[exclaim_oral]* [animal_noun]!,li,InteractionDef/InteractionDef.xml,def
Orally_Breed_Reply.logRulesInitiator.rulesStrings.5,"human_react_n->*[exclaim_oral]* Ged oor [animal_penis_recipient] out of *[exclaim_oral]* my mouf, [animal_noun]!",li,InteractionDef/InteractionDef.xml,def
Orally_Breed_Reply.logRulesInitiator.rulesStrings.6,human_react_n->*[exclaim_oral]* *[exclaim_oral]* *[exclaim_oral]*,li,InteractionDef/InteractionDef.xml,def
Orally_Breed_Reply.logRulesInitiator.rulesStrings.7,human_react_n->*[exclaim_oral]* bad *[exclaim_oral]* [animal_noun]! *[exclaim_oral]*,li,InteractionDef/InteractionDef.xml,def
Orally_Breed_Reply_Reverse.label,oralbreed — react to,label,InteractionDef/InteractionDef.xml,def
Orally_Breed_Reply_Reverse.logRulesInitiator.rulesStrings.0,"zoophile_n->[exclaim_low]! Good [animal_noun], just like that!",li,InteractionDef/InteractionDef.xml,def
Orally_Breed_Reply_Reverse.logRulesInitiator.rulesStrings.1,zoophile_n->[exclaim_low]! You're mouth feels so good!,li,InteractionDef/InteractionDef.xml,def
Orally_Breed_Reply_Reverse.logRulesInitiator.rulesStrings.2,"zoophile_n->[exclaim_low]... How's that taste, [animal_noun]?",li,InteractionDef/InteractionDef.xml,def
Orally_Breed_Reply_Reverse.logRulesInitiator.rulesStrings.3,"zoophile_n->You're good with your tongue, [animal_noun]!",li,InteractionDef/InteractionDef.xml,def
Orally_Breed_Reply_Reverse.logRulesInitiator.rulesStrings.4,human_react_n->Get your mouth away from my...[exclaim_low]...,li,InteractionDef/InteractionDef.xml,def
Orally_Breed_Reply_Reverse.logRulesInitiator.rulesStrings.5,"human_react_n->[exclaim_low]! Your mouth shouldn't feel this good, [animal_noun]...",li,InteractionDef/InteractionDef.xml,def
Orally_Breed_Reply_Reverse.logRulesInitiator.rulesStrings.6,human_react_n->When you offer up your mouth like that...[exclaim_low]...,li,InteractionDef/InteractionDef.xml,def
Orally_Breed_Reply_Reverse.logRulesInitiator.rulesStrings.7,human_react_n->[exclaim_low]...this is so wrong...,li,InteractionDef/InteractionDef.xml,def
Orally_Service_Reply.label,oralbreed — react to,label,InteractionDef/InteractionDef.xml,def
Orally_Service_Reply.logRulesInitiator.rulesStrings.0,zoophile_n->[exclaim_low]! Hey there [animal_noun]!,li,InteractionDef/InteractionDef.xml,def
Orally_Service_Reply.logRulesInitiator.rulesStrings.1,"zoophile_n->[exclaim_low]! Good [animal_noun], just like that!",li,InteractionDef/InteractionDef.xml,def
Orally_Service_Reply.logRulesInitiator.rulesStrings.2,"zoophile_n->[exclaim_low]! Good [animal_noun], right there!",li,InteractionDef/InteractionDef.xml,def
Orally_Service_Reply.logRulesInitiator.rulesStrings.3,"zoophile_n->[exclaim_low]... How's that taste, [animal_noun]?",li,InteractionDef/InteractionDef.xml,def
Orally_Service_Reply.logRulesInitiator.rulesStrings.4,"zoophile_n->You're good with your tongue, [animal_noun]!",li,InteractionDef/InteractionDef.xml,def
Orally_Service_Reply.logRulesInitiator.rulesStrings.5,human_react_n->Get your mouth away from my...[exclaim_low]...,li,InteractionDef/InteractionDef.xml,def
Orally_Service_Reply.logRulesInitiator.rulesStrings.6,human_react_n->Get your tongue off of my...[exclaim_low]...,li,InteractionDef/InteractionDef.xml,def
Orally_Service_Reply.logRulesInitiator.rulesStrings.7,"human_react_n->[exclaim_low]...stop licking there, [animal_noun]...[exclaim_low]...",li,InteractionDef/InteractionDef.xml,def
Orally_Service_Reply.logRulesInitiator.rulesStrings.8,human_react_n->[exclaim_low]...this is so wrong...,li,InteractionDef/InteractionDef.xml,def
Orally_Service_Reply.logRulesInitiator.rulesStrings.9,human_react_n->[exclaim_low]! Bad [animal_noun]! Don't lick there! [exclaim_low]...,li,InteractionDef/InteractionDef.xml,def
Handjob_Service_Reply.label,oralbreed — react to,label,InteractionDef/InteractionDef.xml,def
Handjob_Service_Reply.logRulesInitiator.rulesStrings.0,zoophile_n->[exclaim_low]!,li,InteractionDef/InteractionDef.xml,def
Handjob_Service_Reply.logRulesInitiator.rulesStrings.1,human_react_n->[exclaim_low]!,li,InteractionDef/InteractionDef.xml,def
DP_Breed_Reply.label,analbreed — react to,label,InteractionDef/InteractionDef.xml,def
DP_Breed_Reply.logRulesInitiator.rulesStrings.0,zoophile_n->[exclaim_low]! [fuck] me with those [penis]s!,li,InteractionDef/InteractionDef.xml,def
DP_Breed_Reply.logRulesInitiator.rulesStrings.1,human_react_n->What the fuck! Get off! [exclaim_high]!,li,InteractionDef/InteractionDef.xml,def
DP_Breed_Reply.logRulesInitiator.rulesStrings.2,"human_react_n->[exclaim_high]! Get your [penis]s out of me, [animal_noun]!",li,InteractionDef/InteractionDef.xml,def
DP_Breed_Reply_Reverse.label,analbreed — react to,label,InteractionDef/InteractionDef.xml,def
DP_Breed_Reply_Reverse.logRulesInitiator.rulesStrings.0,"zoophile_n->If you insist, [animal_noun]!",li,InteractionDef/InteractionDef.xml,def
DP_Breed_Reply_Reverse.logRulesInitiator.rulesStrings.1,"zoophile_n->[exclaim_low]! You like these [penis]s, [animal_noun]? [exclaim_low]!",li,InteractionDef/InteractionDef.xml,def
DP_Breed_Reply_Reverse.logRulesInitiator.rulesStrings.2,human_react_n->Oh...I shouldn't do this!,li,InteractionDef/InteractionDef.xml,def
DP_Breed_Reply_Reverse.logRulesInitiator.rulesStrings.3,"human_react_n->Oh...I shouldn't, but...[exclaim_low]!",li,InteractionDef/InteractionDef.xml,def
DP_Breed_Reply_Reverse.logRulesInitiator.rulesStrings.4,"human_react_n->This is so wrong, [animal_noun], but you're irresistable!",li,InteractionDef/InteractionDef.xml,def
DP_Breed_Reply_Reverse.logRulesInitiator.rulesStrings.5,"human_react_n->You shouldn't make my [penis]s feel this good, [animal_noun]! [exclaim_low]!",li,InteractionDef/InteractionDef.xml,def
Sexlife_Generic_Good.label,sexlife-generic-good,label,InteractionDef/InteractionDef.xml,def
Sexlife_Generic_Good.logRulesInitiator.rulesStrings.0,"r_logentry(INITIATOR_opinion<-25, priority=1)->[bad_opinion]",li,InteractionDef/InteractionDef.xml,def
Sexlife_Generic_Good.logRulesInitiator.rulesStrings.1,"bad_opinion(INITIATOR_thoughtDefName==GotRaped, RECIPIENT_trait==rapist, priority=2)->[bad_opinion_rapist]",li,InteractionDef/InteractionDef.xml,def
Sexlife_Generic_Good.logRulesInitiator.rulesStrings.2,"bad_opinion(INITIATOR_thoughtDefName==GotRaped, RECIPIENT_thoughtLabel==stole some lovin’, priority=2)->[bad_opinion_rapist]",li,InteractionDef/InteractionDef.xml,def
Sexlife_Generic_Good.logRulesInitiator.rulesStrings.3,"bad_opinion_rapist(INITIATOR_trait==masochist, priority=1)->[bad_opinion2]",li,InteractionDef/InteractionDef.xml,def
Sexlife_Generic_Good.logRulesInitiator.rulesStrings.4,"bad_opinion_rapist(INITIATOR_trait==rapist, priority=1)->[bad_opinion2]",li,InteractionDef/InteractionDef.xml,def
Sexlife_Generic_Good.logRulesInitiator.rulesStrings.5,"bad_opinion_rapist->Fuck off, rapist!",li,InteractionDef/InteractionDef.xml,def
Sexlife_Generic_Good.logRulesInitiator.rulesStrings.6,"bad_opinion_rapist->Leave me alone, rapist!",li,InteractionDef/InteractionDef.xml,def
Sexlife_Generic_Good.logRulesInitiator.rulesStrings.7,"bad_opinion_rapist->Fuck off, you raping cunt!",li,InteractionDef/InteractionDef.xml,def
Sexlife_Generic_Good.logRulesInitiator.rulesStrings.8,"bad_opinion_rapist->You make me sick, [RECIPIENT_nameDef]!",li,InteractionDef/InteractionDef.xml,def
Sexlife_Generic_Good.logRulesInitiator.rulesStrings.9,"bad_opinion->None of your business, [counterpart].",li,InteractionDef/InteractionDef.xml,def
Sexlife_Generic_Good.logRulesInitiator.rulesStrings.10,"bad_opinion->Fuck off, [counterpart].",li,InteractionDef/InteractionDef.xml,def
Sexlife_Generic_Good.logRulesInitiator.rulesStrings.11,bad_opinion->...ugh...,li,InteractionDef/InteractionDef.xml,def
Sexlife_Generic_Good.logRulesInitiator.rulesStrings.12,"bad_opinion2->None of your business, [counterpart].",li,InteractionDef/InteractionDef.xml,def
Sexlife_Generic_Good.logRulesInitiator.rulesStrings.13,"bad_opinion2->Fuck off, [counterpart].",li,InteractionDef/InteractionDef.xml,def
Sexlife_Generic_Good.logRulesInitiator.rulesStrings.14,bad_opinion2->...ugh...,li,InteractionDef/InteractionDef.xml,def
Sexlife_Generic_Good.logRulesInitiator.rulesStrings.15,r_logentry->[neutral_opinion],li,InteractionDef/InteractionDef.xml,def
Sexlife_Generic_Good.logRulesInitiator.rulesStrings.16,neutral_opinion->I don't really feel comfortable talking about that.,li,InteractionDef/InteractionDef.xml,def
Sexlife_Generic_Good.logRulesInitiator.rulesStrings.17,neutral_opinion->I'd rather not talk to you about it.,li,InteractionDef/InteractionDef.xml,def
Sexlife_Generic_Good.logRulesInitiator.rulesStrings.18,"r_logentry(INITIATOR_opinion>=25, priority=1)->[good_opinion]",li,InteractionDef/InteractionDef.xml,def
Sexlife_Generic_Good.logRulesInitiator.rulesStrings.19,"good_opinion(INITIATOR_thoughtLabel==sexually frustrated, tag=Colonist_Horny, priority=1)->[good_opinion_frustrated]",li,InteractionDef/InteractionDef.xml,def
Sexlife_Generic_Good.logRulesInitiator.rulesStrings.20,"good_opinion_frustrated->Nonexistent, unfortunately!",li,InteractionDef/InteractionDef.xml,def
Sexlife_Generic_Good.logRulesInitiator.rulesStrings.21,good_opinion_frustrated->I'm so [expletive_adj] horny!,li,InteractionDef/InteractionDef.xml,def
Sexlife_Generic_Good.logRulesInitiator.rulesStrings.22,good_opinion_frustrated(INITIATOR_gender==Male)->My [expletive_adj] balls are gonna explode!,li,InteractionDef/InteractionDef.xml,def
Sexlife_Generic_Good.logRulesInitiator.rulesStrings.23,"good_opinion(INITIATOR_thoughtLabel==horny, tag=Colonist_Horny, priority=1)->[good_opinion_horny]",li,InteractionDef/InteractionDef.xml,def
Sexlife_Generic_Good.logRulesInitiator.rulesStrings.24,good_opinion_horny->Not much going on lately...,li,InteractionDef/InteractionDef.xml,def
Sexlife_Generic_Good.logRulesInitiator.rulesStrings.25,good_opinion_horny->Could be better...,li,InteractionDef/InteractionDef.xml,def
Sexlife_Generic_Good.logRulesInitiator.rulesStrings.26,"good_opinion(INITIATOR_thoughtLabel==sexually satisfied, priority=1)->[good_opinion_satisfied]",li,InteractionDef/InteractionDef.xml,def
Sexlife_Generic_Good.logRulesInitiator.rulesStrings.27,good_opinion_satisfied->I'm doing pretty well for myself.,li,InteractionDef/InteractionDef.xml,def
Sexlife_Generic_Good.logRulesInitiator.rulesStrings.28,good_opinion_satisfied->No complaints!,li,InteractionDef/InteractionDef.xml,def
Sexlife_Generic_Good.logRulesInitiator.rulesStrings.29,"good_opinion(INITIATOR_thoughtLabel==ahegao, priority=1)->[good_opinion_ahegao]",li,InteractionDef/InteractionDef.xml,def
Sexlife_Generic_Good.logRulesInitiator.rulesStrings.30,good_opinion_ahegao->Phenomenal!,li,InteractionDef/InteractionDef.xml,def
Sexlife_Generic_Good.logRulesInitiator.rulesStrings.31,good_opinion_ahegao->Hehe...I feel numb all over...,li,InteractionDef/InteractionDef.xml,def
Sexlife_Generic_Good.logRulesInitiator.rulesStrings.32,"good_opinion(INITIATOR_thoughtLabel==got some lovin', priority=0.5)->[good_opinion_loved]",li,InteractionDef/InteractionDef.xml,def
Sexlife_Generic_Good.logRulesInitiator.rulesStrings.33,good_opinion_loved->I'm doing pretty well for myself.,li,InteractionDef/InteractionDef.xml,def
Sexlife_Generic_Good.logRulesInitiator.rulesStrings.34,good_opinion_loved->Not bad.,li,InteractionDef/InteractionDef.xml,def
Sexlife_Generic_Good.logRulesInitiator.rulesStrings.35,good_opinion->Meh...,li,InteractionDef/InteractionDef.xml,def
Sexlife_Generic_Good.logRulesInitiator.rulesStrings.36,"good_opinion(tag=Sexlife_Generic_Good_Raped, INITIATOR_thoughtDefName==GotAnalRaped, INITIATOR_trait!=masochist, INITIATOR_thoughtLabel!=begging for more, priority=2)->[good_opinion_analraped]",li,InteractionDef/InteractionDef.xml,def
Sexlife_Generic_Good.logRulesInitiator.rulesStrings.37,"good_opinion_analraped->[RECIPIENT_nameDef], I...was raped...in the ass...*sobs*",li,InteractionDef/InteractionDef.xml,def
Sexlife_Generic_Good.logRulesInitiator.rulesStrings.38,good_opinion_analraped->My asshole...*sniffles*...was violated...,li,InteractionDef/InteractionDef.xml,def
Sexlife_Generic_Good.logRulesInitiator.rulesStrings.39,good_opinion_analraped->I've been raped in the ass...I feel so dirty...*sobs*,li,InteractionDef/InteractionDef.xml,def
Sexlife_Generic_Good.logRulesInitiator.rulesStrings.40,"good_opinion(tag=Sexlife_Generic_Good_Raped, INITIATOR_thoughtDefName==GotAnalRapedByFemale, INITIATOR_trait!=masochist, INITIATOR_thoughtLabel!=begging for more, priority=2)->[good_opinion_analraped]",li,InteractionDef/InteractionDef.xml,def
Sexlife_Generic_Good.logRulesInitiator.rulesStrings.41,"good_opinion_analraped->[RECIPIENT_nameDef], I was raped...in the ass...by a girl...*sobs*",li,InteractionDef/InteractionDef.xml,def
Sexlife_Generic_Good.logRulesInitiator.rulesStrings.42,good_opinion_analraped->My asshole...*sniffles*...was violated...,li,InteractionDef/InteractionDef.xml,def
Sexlife_Generic_Good.logRulesInitiator.rulesStrings.43,good_opinion_analraped->I've been raped in the ass...I feel so dirty...*sobs*,li,InteractionDef/InteractionDef.xml,def
Sexlife_Generic_Good.logRulesInitiator.rulesStrings.44,"good_opinion(tag=Sexlife_Generic_Good_Raped, INITIATOR_thoughtDefName==GotRaped, INITIATOR_trait!=masochist, INITIATOR_thoughtLabel!=begging for more, priority=2)->[good_opinion_raped]",li,InteractionDef/InteractionDef.xml,def
Sexlife_Generic_Good.logRulesInitiator.rulesStrings.45,"good_opinion_raped->[RECIPIENT_nameDef], I...I was raped...*sobs*",li,InteractionDef/InteractionDef.xml,def
Sexlife_Generic_Good.logRulesInitiator.rulesStrings.46,good_opinion_raped->I...*sniffles*...was taken advantage of...,li,InteractionDef/InteractionDef.xml,def
Sexlife_Generic_Good.logRulesInitiator.rulesStrings.47,good_opinion_raped->I've been raped...I feel so helpless and used...*sobs*,li,InteractionDef/InteractionDef.xml,def
Sexlife_Generic_Good.logRulesInitiator.rulesStrings.48,"good_opinion(tag=Sexlife_Generic_Good_Raped, INITIATOR_thoughtDefName==GotRapedUnconscious, INITIATOR_trait!=masochist, INITIATOR_thoughtLabel!=begging for more, priority=2)->[good_opinion_ucraped]",li,InteractionDef/InteractionDef.xml,def
Sexlife_Generic_Good.logRulesInitiator.rulesStrings.49,"good_opinion_ucraped->[RECIPIENT_nameDef], I...I was raped...*sobs*",li,InteractionDef/InteractionDef.xml,def
Sexlife_Generic_Good.logRulesInitiator.rulesStrings.50,good_opinion_ucraped->I...was taken advantage of...while I was unconscious...*sobs*,li,InteractionDef/InteractionDef.xml,def
Sexlife_Generic_Good.logRulesInitiator.rulesStrings.51,good_opinion_ucraped->I was raped...and I didn't even have a chance to defend myself...*sobs*,li,InteractionDef/InteractionDef.xml,def
Sexlife_Generic_Good.logRulesInitiator.rulesStrings.52,"good_opinion(tag=Sexlife_Generic_Good_Raped_Masochist, INITIATOR_thoughtDefName==MasochistGotAnalRaped, INITIATOR_trait==masochist, priority=2)->[good_opinion_analraped_masochist]",li,InteractionDef/InteractionDef.xml,def
Sexlife_Generic_Good.logRulesInitiator.rulesStrings.53,"good_opinion_analraped_masochist->[RECIPIENT_nameDef], I was raped...in the ass...it was [masochist_amazing]!",li,InteractionDef/InteractionDef.xml,def
Sexlife_Generic_Good.logRulesInitiator.rulesStrings.54,good_opinion_analraped_masochist->My asshole...*sniffles*...was violated...,li,InteractionDef/InteractionDef.xml,def
Sexlife_Generic_Good.logRulesInitiator.rulesStrings.55,good_opinion_analraped_masochist->I've been raped in the ass...I feel so dirty...it was [masochist_amazing]!,li,InteractionDef/InteractionDef.xml,def
Sexlife_Generic_Good.logRulesInitiator.rulesStrings.56,"good_opinion(tag=Sexlife_Generic_Good_Raped_Masochist, INITIATOR_thoughtDefName==MasochistGotAnalRapedByFemale, INITIATOR_trait==masochist, priority=2)->[good_opinion_analraped_masochist]",li,InteractionDef/InteractionDef.xml,def
Sexlife_Generic_Good.logRulesInitiator.rulesStrings.57,"good_opinion_analraped_masochist->[RECIPIENT_nameDef], I was raped...in the ass...by a girl...it was [masochist_amazing]!",li,InteractionDef/InteractionDef.xml,def
Sexlife_Generic_Good.logRulesInitiator.rulesStrings.58,good_opinion_analraped_masochist->My asshole...*sniffles*...was violated...,li,InteractionDef/InteractionDef.xml,def
Sexlife_Generic_Good.logRulesInitiator.rulesStrings.59,good_opinion_analraped_masochist->I've been raped in the ass...I feel so dirty...it was [masochist_amazing]!,li,InteractionDef/InteractionDef.xml,def
Sexlife_Generic_Good.logRulesInitiator.rulesStrings.60,"good_opinion(tag=Sexlife_Generic_Good_Raped_Masochist, INITIATOR_thoughtDefName==MasochistGotRaped, INITIATOR_trait==masochist, priority=2)->[good_opinion_raped_masochist]",li,InteractionDef/InteractionDef.xml,def
Sexlife_Generic_Good.logRulesInitiator.rulesStrings.61,"good_opinion_raped_masochist->[RECIPIENT_nameDef], I was raped...it was [masochist_amazing]!",li,InteractionDef/InteractionDef.xml,def
Sexlife_Generic_Good.logRulesInitiator.rulesStrings.62,good_opinion_raped_masochist->I got raped. They just pinned me down and used me...[masochist_amazing]!,li,InteractionDef/InteractionDef.xml,def
Sexlife_Generic_Good.logRulesInitiator.rulesStrings.63,good_opinion_raped_masochist->I got thrown around like a piece of meat. Loved it!,li,InteractionDef/InteractionDef.xml,def
Sexlife_Generic_Good.logRulesInitiator.rulesStrings.64,"good_opinion(tag=Sexlife_Generic_Good_Raped_Masochist, INITIATOR_thoughtDefName==MasochistGotRapedUnconscious, INITIATOR_trait==masochist, priority=2)->[good_opinion_ucraped_masochist]",li,InteractionDef/InteractionDef.xml,def
Sexlife_Generic_Good.logRulesInitiator.rulesStrings.65,"good_opinion_ucraped_masochist->[RECIPIENT_nameDef], I was raped...it's kinda hot but I didn't get to feel anything.",li,InteractionDef/InteractionDef.xml,def
Sexlife_Generic_Good.logRulesInitiator.rulesStrings.66,good_opinion_ucraped_masochist->I...was taken advantage of while I was unconscious...too bad I missed the fun.,li,InteractionDef/InteractionDef.xml,def
Sexlife_Generic_Good.logRulesInitiator.rulesStrings.67,good_opinion_ucraped_masochist->I was raped...and I didn't even get to enjoy it...,li,InteractionDef/InteractionDef.xml,def
Sexlife_Generic_Good.logRulesInitiator.rulesStrings.68,"good_opinion(tag=Sexlife_Generic_Good_Rapist, INITIATOR_thoughtLabel==stole some lovin', priority=2)->[good_opinion_rapist]",li,InteractionDef/InteractionDef.xml,def
Sexlife_Generic_Good.logRulesInitiator.rulesStrings.69,"good_opinion_rapist->Well, I forced myself on some bitch...",li,InteractionDef/InteractionDef.xml,def
Sexlife_Generic_Good.logRulesInitiator.rulesStrings.70,good_opinion_rapist->I've raped when I needed to.,li,InteractionDef/InteractionDef.xml,def
Sexlife_Generic_Good.logRulesInitiator.rulesStrings.71,"good_opinion(tag=Sexlife_Generic_Good_Zoophile, INITIATOR_trait==zoophile, INITIATOR_thoughtLabel==sexually satisfied, priority=1)->[good_opinion_zoophile]",li,InteractionDef/InteractionDef.xml,def
Sexlife_Generic_Good.logRulesInitiator.rulesStrings.72,"good_opinion(tag=Sexlife_Generic_Good_Zoophile, INITIATOR_trait==zoophile, INITIATOR_thoughtLabel==horny, priority=1)->[good_opinion_zoophile]",li,InteractionDef/InteractionDef.xml,def
Sexlife_Generic_Good.logRulesInitiator.rulesStrings.73,good_opinion_zoophile->I've been having a good time with the animals!,li,InteractionDef/InteractionDef.xml,def
Sexlife_Generic_Good.logRulesInitiator.rulesStrings.74,good_opinion_zoophile->The animals have been treating me well!,li,InteractionDef/InteractionDef.xml,def
Sexlife_Generic_Good.logRulesInitiator.rulesStrings.75,masochist_amazing->amazing,li,InteractionDef/InteractionDef.xml,def
Sexlife_Generic_Good.logRulesInitiator.rulesStrings.76,masochist_amazing->so hot,li,InteractionDef/InteractionDef.xml,def
Sexlife_Generic_Good.logRulesInitiator.rulesStrings.77,masochist_amazing->great,li,InteractionDef/InteractionDef.xml,def
Sexlife_Generic_Good.logRulesInitiator.rulesStrings.78,masochist_amazing->fantastic,li,InteractionDef/InteractionDef.xml,def
Sexlife_Generic_Good_Raped.label,sexlife-generic-good-raped,label,InteractionDef/InteractionDef.xml,def
Sexlife_Generic_Good_Raped.logRulesInitiator.rulesStrings.0,"r_logentry(INITIATOR_trait!=rapist, priority=1)->[not_rapist]",li,InteractionDef/InteractionDef.xml,def
Sexlife_Generic_Good_Raped.logRulesInitiator.rulesStrings.1,"r_logentry(INITIATOR_thoughtLabel!=stole some lovin’, priority=1)->[not_rapist]",li,InteractionDef/InteractionDef.xml,def
Sexlife_Generic_Good_Raped.logRulesInitiator.rulesStrings.2,"not_rapist(INITIATOR_thoughtDefName==GotRaped, INITIATOR_trait!=masochist, priority=2)->[also_raped]",li,InteractionDef/InteractionDef.xml,def
Sexlife_Generic_Good_Raped.logRulesInitiator.rulesStrings.3,also_raped->I know what you're going through...,li,InteractionDef/InteractionDef.xml,def
Sexlife_Generic_Good_Raped.logRulesInitiator.rulesStrings.4,also_raped->I know how it feels...how terrible...,li,InteractionDef/InteractionDef.xml,def
Sexlife_Generic_Good_Raped.logRulesInitiator.rulesStrings.5,"also_raped->We'll get through it together, [RECIPIENT_nameDef]...",li,InteractionDef/InteractionDef.xml,def
Sexlife_Generic_Good_Raped.logRulesInitiator.rulesStrings.6,"not_rapist(INITIATOR_shooting_passion!=None, priority=1)->[violent_reaction]",li,InteractionDef/InteractionDef.xml,def
Sexlife_Generic_Good_Raped.logRulesInitiator.rulesStrings.7,"not_rapist(INITIATOR_melee_passion!=None, priority=1)->[violent_reaction]",li,InteractionDef/InteractionDef.xml,def
Sexlife_Generic_Good_Raped.logRulesInitiator.rulesStrings.8,violent_reaction->What!? Where is the [insult]!?,li,InteractionDef/InteractionDef.xml,def
Sexlife_Generic_Good_Raped.logRulesInitiator.rulesStrings.9,violent_reaction->What!? I'll kill the [insult]!,li,InteractionDef/InteractionDef.xml,def
Sexlife_Generic_Good_Raped.logRulesInitiator.rulesStrings.10,"not_rapist(INITIATOR_trait==masochist, priority=2)->[masochist_reaction]",li,InteractionDef/InteractionDef.xml,def
Sexlife_Generic_Good_Raped.logRulesInitiator.rulesStrings.11,"not_rapist(INITIATOR_thoughtLabel==begging for more, priority=2)->[masochist_reaction]",li,InteractionDef/InteractionDef.xml,def
Sexlife_Generic_Good_Raped.logRulesInitiator.rulesStrings.12,"masochist_reaction(INITIATOR_thoughtLabel!=sexually satisfied, INITIATOR_thoughtLabel!=ahegao)->Lucky!",li,InteractionDef/InteractionDef.xml,def
Sexlife_Generic_Good_Raped.logRulesInitiator.rulesStrings.13,masochist_reaction->Sounds hot!,li,InteractionDef/InteractionDef.xml,def
Sexlife_Generic_Good_Raped.logRulesInitiator.rulesStrings.14,masochist_reaction->Wow...any chance I could get their name?,li,InteractionDef/InteractionDef.xml,def
Sexlife_Generic_Good_Raped.logRulesInitiator.rulesStrings.15,"not_rapist->Oh, you poor thing!",li,InteractionDef/InteractionDef.xml,def
Sexlife_Generic_Good_Raped.logRulesInitiator.rulesStrings.16,not_rapist->I can't believe it! Are you okay?,li,InteractionDef/InteractionDef.xml,def
Sexlife_Generic_Good_Raped.logRulesInitiator.rulesStrings.17,not_rapist->Oh my...Are you alright?,li,InteractionDef/InteractionDef.xml,def
Sexlife_Generic_Good_Raped.logRulesInitiator.rulesStrings.18,r_logentry->[rapist],li,InteractionDef/InteractionDef.xml,def
Sexlife_Generic_Good_Raped.logRulesInitiator.rulesStrings.19,rapist->...,li,InteractionDef/InteractionDef.xml,def
Sexlife_Generic_Good_Raped.logRulesInitiator.rulesStrings.20,rapist->Oh...,li,InteractionDef/InteractionDef.xml,def
Sexlife_Generic_Good_Raped_Masochist.label,sexlife-generic-good-raped-masochist,label,InteractionDef/InteractionDef.xml,def
Sexlife_Generic_Good_Raped_Masochist.logRulesInitiator.rulesStrings.0,r_logentry->[masochist_react],li,InteractionDef/InteractionDef.xml,def
Sexlife_Generic_Good_Raped_Masochist.logRulesInitiator.rulesStrings.1,"masochist_react(INITIATOR_trait!=masochist, priority=2)->[also_masochist]",li,InteractionDef/InteractionDef.xml,def
Sexlife_Generic_Good_Raped_Masochist.logRulesInitiator.rulesStrings.2,"also_masochist(INITIATOR_thoughtLabel=horny, priority=1)->Lucky!",li,InteractionDef/InteractionDef.xml,def
Sexlife_Generic_Good_Raped_Masochist.logRulesInitiator.rulesStrings.3,"also_masochist(INITIATOR_thoughtLabel=horny, priority=1)->[expletive], I wish that were me...",li,InteractionDef/InteractionDef.xml,def
Sexlife_Generic_Good_Raped_Masochist.logRulesInitiator.rulesStrings.4,"also_masochist(INITIATOR_thoughtLabel=sexually frustrated, priority=1)->Lucky!",li,InteractionDef/InteractionDef.xml,def
Sexlife_Generic_Good_Raped_Masochist.logRulesInitiator.rulesStrings.5,"also_masochist(INITIATOR_thoughtLabel=sexually frustrated, priority=1)->[expletive], I wish that were me...",li,InteractionDef/InteractionDef.xml,def
Sexlife_Generic_Good_Raped_Masochist.logRulesInitiator.rulesStrings.6,"also_masochist->[expletive], I love getting used like that!",li,InteractionDef/InteractionDef.xml,def
Sexlife_Generic_Good_Raped_Masochist.logRulesInitiator.rulesStrings.7,"also_masochist->[expletive], I love when that happens!",li,InteractionDef/InteractionDef.xml,def
Sexlife_Generic_Good_Raped_Masochist.logRulesInitiator.rulesStrings.8,also_masochist->That sounds so [expletive_adj] hot!,li,InteractionDef/InteractionDef.xml,def
Sexlife_Generic_Good_Raped_Masochist.logRulesInitiator.rulesStrings.9,"masochist_react(INITIATOR_trait==kind, priority=1)->You shouldn't be okay with people treating you like that!",li,InteractionDef/InteractionDef.xml,def
Sexlife_Generic_Good_Raped_Masochist.logRulesInitiator.rulesStrings.10,"masochist_react(INITIATOR_trait==kind, priority=1)->That's not okay!",li,InteractionDef/InteractionDef.xml,def
Sexlife_Generic_Good_Raped_Masochist.logRulesInitiator.rulesStrings.11,masochist_react->...Good for you.,li,InteractionDef/InteractionDef.xml,def
Sexlife_Generic_Good_Raped_Masochist.logRulesInitiator.rulesStrings.12,"masochist_react->Oh, geez...",li,InteractionDef/InteractionDef.xml,def
Sexlife_Generic_Good_Raped_Masochist.logRulesInitiator.rulesStrings.13,"masochist_react(INITIATOR_trait==rapist, priority=2)->[rapist]",li,InteractionDef/InteractionDef.xml,def
Sexlife_Generic_Good_Raped_Masochist.logRulesInitiator.rulesStrings.14,rapist->Maybe I'll use you later...,li,InteractionDef/InteractionDef.xml,def
Sexlife_Generic_Good_Raped_Masochist.logRulesInitiator.rulesStrings.15,rapist->Maybe I'll take a turn in a bit...,li,InteractionDef/InteractionDef.xml,def
Sexlife_Generic_Good_Rapist.label,sexlife-generic-good-rapist,label,InteractionDef/InteractionDef.xml,def
Sexlife_Generic_Good_Rapist.logRulesInitiator.rulesStrings.0,"r_logentry(INITIATOR_trait==rapist, priority=2)->[also_rapist]",li,InteractionDef/InteractionDef.xml,def
Sexlife_Generic_Good_Rapist.logRulesInitiator.rulesStrings.1,also_rapist->Nice!,li,InteractionDef/InteractionDef.xml,def
Sexlife_Generic_Good_Rapist.logRulesInitiator.rulesStrings.2,"r_logentry(INITIATOR_trait==masochist, priority=2)->[masochist]",li,InteractionDef/InteractionDef.xml,def
Sexlife_Generic_Good_Rapist.logRulesInitiator.rulesStrings.3,masochist->Hot!,li,InteractionDef/InteractionDef.xml,def
Sexlife_Generic_Good_Rapist.logRulesInitiator.rulesStrings.4,masochist->Sounds hot!,li,InteractionDef/InteractionDef.xml,def
Sexlife_Generic_Good_Rapist.logRulesInitiator.rulesStrings.5,masochist->Do me next!,li,InteractionDef/InteractionDef.xml,def
Sexlife_Generic_Good_Rapist.logRulesInitiator.rulesStrings.6,"r_logentry(tag=Sexlife_Generic_Good_Rapistb)->That is not okay, [RECIPIENT_nameDef]!",li,InteractionDef/InteractionDef.xml,def
Sexlife_Generic_Good_Zoophile.label,sexlife-generic-good-zoophile,label,InteractionDef/InteractionDef.xml,def
Sexlife_Generic_Good_Zoophile.logRulesInitiator.rulesStrings.0,"r_logentry(INITIATOR_trait==zoophile, priority=2)->[also_zoophile]",li,InteractionDef/InteractionDef.xml,def
Sexlife_Generic_Good_Zoophile.logRulesInitiator.rulesStrings.1,also_zoophile->Nice!,li,InteractionDef/InteractionDef.xml,def
Sexlife_Generic_Good_Zoophile.logRulesInitiator.rulesStrings.2,also_zoophile->Hot!,li,InteractionDef/InteractionDef.xml,def
Sexlife_Generic_Good_Zoophile.logRulesInitiator.rulesStrings.3,also_zoophile->Sounds hot!,li,InteractionDef/InteractionDef.xml,def
Sexlife_Generic_Good_Zoophile.logRulesInitiator.rulesStrings.4,"r_logentry(tag=Sexlife_Generic_Good_Zoophileb)->That is not okay, [RECIPIENT_nameDef]!",li,InteractionDef/InteractionDef.xml,def
Sexlife_Generic_Good_Zoophileb.label,sexlife-generic-good-zoophile,label,InteractionDef/InteractionDef.xml,def
Sexlife_Generic_Good_Zoophileb.logRulesInitiator.rulesStrings.0,"r_logentry(INITIATOR_trait==zoophile, priority=2)->[also_zoophile]",li,InteractionDef/InteractionDef.xml,def
Sexlife_Generic_Good_Zoophileb.logRulesInitiator.rulesStrings.1,also_zoophile->Why not?,li,InteractionDef/InteractionDef.xml,def
Sexlife_Generic_Good_Zoophileb.logRulesInitiator.rulesStrings.2,also_zoophile->The animal had a good time too!,li,InteractionDef/InteractionDef.xml,def
Sexlife_Generic_Good_Rapistb.label,sexlife-generic-good-rapistb,label,InteractionDef/InteractionDef.xml,def
Sexlife_Generic_Good_Rapistb.logRulesInitiator.rulesStrings.0,"r_logentry(INITIATOR_trait==rapist, priority=2)->[rapist]",li,InteractionDef/InteractionDef.xml,def
Sexlife_Generic_Good_Rapistb.logRulesInitiator.rulesStrings.1,rapist->Deal with it!,li,InteractionDef/InteractionDef.xml,def
Sexlife_Generic_Good_Rapistb.logRulesInitiator.rulesStrings.2,r_logentry->I know...,li,InteractionDef/InteractionDef.xml,def
Getting_Raped_React.label,getting-raped-react,label,InteractionDef/InteractionDef.xml,def
Getting_Raped_React.logRulesInitiator.rulesStrings.0,"r_logentry(INITIATOR_trait==masochist, priority=3)->[masochist]",li,InteractionDef/InteractionDef.xml,def
Getting_Raped_React.logRulesInitiator.rulesStrings.1,masochist->[exclaim]! I love when master treats me like this! [exclaim]!,li,InteractionDef/InteractionDef.xml,def
Getting_Raped_React.logRulesInitiator.rulesStrings.2,"r_logentry(RECIPIENT_trait==rapist, priority=2)->[rapist]",li,InteractionDef/InteractionDef.xml,def
Getting_Raped_React.logRulesInitiator.rulesStrings.3,"rapist(INITIATOR_opinion>=25)->How could you, [RECIPIENT_nameDef]!?",li,InteractionDef/InteractionDef.xml,def
Getting_Raped_React.logRulesInitiator.rulesStrings.4,"rapist->Fuck you, [RECIPIENT_nameDef]!",li,InteractionDef/InteractionDef.xml,def
Getting_Raped_React.logRulesInitiator.rulesStrings.5,r_logentry(RECIPIENT_moving==Yes)->Don't just walk away! Help me!,li,InteractionDef/InteractionDef.xml,def
Getting_Raped_React.logRulesInitiator.rulesStrings.6,r_logentry->Don't just stand there! Do something!,li,InteractionDef/InteractionDef.xml,def
New_Colony_Masochist.label,new-colony-masochist,label,InteractionDef/InteractionDef.xml,def
New_Colony_Masochist.logRulesInitiator.rulesStrings.0,"r_logentry(INITIATOR_trait==masochist, priority=1)->Just thinking about it gets me weak in the knees!",li,InteractionDef/InteractionDef.xml,def
New_Colony_Masochist.logRulesInitiator.rulesStrings.1,"r_logentry(INITIATOR_trait==masochist, priority=1)->Yeah...hehe...that would be ""terrible!""",li,InteractionDef/InteractionDef.xml,def
New_Colony_Masochist.logRulesInitiator.rulesStrings.2,"r_logentry(INITIATOR_trait==abrasive, tag=New_Colony_Masochistb)->Why do you say it like that? Are you some kind of pervert?",li,InteractionDef/InteractionDef.xml,def
New_Colony_Masochist.logRulesInitiator.rulesStrings.3,"r_logentry(INITIATOR_opinion<-25, tag=New_Colony_Masochistb)->Why do you say it like that? Are you some kind of pervert?",li,InteractionDef/InteractionDef.xml,def
New_Colony_Masochist.logRulesInitiator.rulesStrings.4,"r_logentry(INITIATOR_intellectual_level<3, priority=0.5)->Yeah, that wouldn't be good!",li,InteractionDef/InteractionDef.xml,def
New_Colony_Masochist.logRulesInitiator.rulesStrings.5,r_logentry->Um...yeah...,li,InteractionDef/InteractionDef.xml,def
New_Colony_Masochist.logRulesInitiator.rulesStrings.6,r_logentry->...yeah...,li,InteractionDef/InteractionDef.xml,def
New_Colony_Masochistb.label,new-colony-masochist,label,InteractionDef/InteractionDef.xml,def
New_Colony_Masochistb.logRulesInitiator.rulesStrings.0,r_logentry->Why? Are you gonna *blushes* do something about it?,li,InteractionDef/InteractionDef.xml,def
New_Colony_Masochistb.logRulesInitiator.rulesStrings.1,"r_logentry->*shivers* You're right, I am a pervert. Punish me!",li,InteractionDef/InteractionDef.xml,def
New_Colony_Masochistb.logRulesInitiator.rulesStrings.2,r_logentry->*blushes* What would you do to me if I was?,li,InteractionDef/InteractionDef.xml,def
New_Colony_Zoophile.label,new-colony-zoophile,label,InteractionDef/InteractionDef.xml,def
New_Colony_Zoophile.logRulesInitiator.rulesStrings.0,"r_logentry(INITIATOR_trait==zoophile, priority=1)->Me too!",li,InteractionDef/InteractionDef.xml,def
New_Colony_Zoophile.logRulesInitiator.rulesStrings.1,"r_logentry(INITIATOR_trait==zoophile, priority=1)->Same!",li,InteractionDef/InteractionDef.xml,def
New_Colony_Zoophile.logRulesInitiator.rulesStrings.2,r_logentry->...excuse me?,li,InteractionDef/InteractionDef.xml,def
New_Colony_Zoophile.logRulesInitiator.rulesStrings.3,r_logentry->...what was that?,li,InteractionDef/InteractionDef.xml,def
New_Colony_Zoophile.logRulesInitiator.rulesStrings.4,r_logentry->...did I just hear that right?,li,InteractionDef/InteractionDef.xml,def
Colonist_Horny.label,colonist-horny,label,InteractionDef/InteractionDef.xml,def
Colonist_Horny.logRulesInitiator.rulesStrings.0,"r_logentry(INITIATOR_opinion<-25, priority=1)->[bad_opinion]",li,InteractionDef/InteractionDef.xml,def
Colonist_Horny.logRulesInitiator.rulesStrings.1,bad_opinion->...gross,li,InteractionDef/InteractionDef.xml,def
Colonist_Horny.logRulesInitiator.rulesStrings.2,bad_opinion->...ew...,li,InteractionDef/InteractionDef.xml,def
Colonist_Horny.logRulesInitiator.rulesStrings.3,bad_opinion->...ugh...,li,InteractionDef/InteractionDef.xml,def
Colonist_Horny.logRulesInitiator.rulesStrings.4,"bad_opinion->Not my problem, [counterpart].",li,InteractionDef/InteractionDef.xml,def
Colonist_Horny.logRulesInitiator.rulesStrings.5,r_logentry->[neutral_opinion],li,InteractionDef/InteractionDef.xml,def
Colonist_Horny.logRulesInitiator.rulesStrings.6,"neutral_opinion->Didn't need to know that, [counterpart].",li,InteractionDef/InteractionDef.xml,def
Colonist_Horny.logRulesInitiator.rulesStrings.7,"neutral_opinion->Can't help you with that, [counterpart].",li,InteractionDef/InteractionDef.xml,def
Colonist_Horny.logRulesInitiator.rulesStrings.8,"r_logentry(INITIATOR_opinion>=25, priority=1)->[good_opinion]",li,InteractionDef/InteractionDef.xml,def
Colonist_Horny.logRulesInitiator.rulesStrings.9,"good_opinion(INITIATOR_thoughtLabel==sexually frustrated, priority=1)->[good_opinion_horny]",li,InteractionDef/InteractionDef.xml,def
Colonist_Horny.logRulesInitiator.rulesStrings.10,"good_opinion(INITIATOR_thoughtLabel==horny, priority=1)->[good_opinion_horny]",li,InteractionDef/InteractionDef.xml,def
Colonist_Horny.logRulesInitiator.rulesStrings.11,"good_opinion_horny(INITIATOR_gender==Male, RECIPIENT_gender==Male, INITIATOR_opinion>=50, INITIATOR_trait==gay)->Maybe we can figure something out...*winks*",li,InteractionDef/InteractionDef.xml,def
Colonist_Horny.logRulesInitiator.rulesStrings.12,"good_opinion_horny(INITIATOR_gender==Female, RECIPIENT_gender==Female, INITIATOR_opinion>=50, INITIATOR_trait==gay)->Maybe we can figure something out...*winks*",li,InteractionDef/InteractionDef.xml,def
Colonist_Horny.logRulesInitiator.rulesStrings.13,"good_opinion_horny(INITIATOR_gender==Female, RECIPIENT_gender==Male, INITIATOR_opinion>=50, INITIATOR_trait!=gay)->Maybe we can figure something out...*winks*",li,InteractionDef/InteractionDef.xml,def
Colonist_Horny.logRulesInitiator.rulesStrings.14,"good_opinion_horny(INITIATOR_gender==Male, RECIPIENT_gender==Female, INITIATOR_opinion>=50, INITIATOR_trait!=gay)->Maybe we can figure something out...*winks*",li,InteractionDef/InteractionDef.xml,def
Colonist_Horny.logRulesInitiator.rulesStrings.15,"good_opinion_horny->I'm right there with you, [counterpart].",li,InteractionDef/InteractionDef.xml,def
Colonist_Horny.logRulesInitiator.rulesStrings.16,"good_opinion(RECIPIENT_gender==Male)->Just go jack off or something, [counterpart].",li,InteractionDef/InteractionDef.xml,def
Colonist_Horny.logRulesInitiator.rulesStrings.17,"good_opinion->I'm sure you'll figure it out, [counterpart].",li,InteractionDef/InteractionDef.xml,def
Milking_Question.label,milking-question,label,InteractionDef/InteractionDef.xml,def
Milking_Question.logRulesInitiator.rulesStrings.0,"r_logentry(INITIATOR_thoughtLabel==producing milk, tag=Milking_Questiona, priority=1)->[is_milkproducing]",li,InteractionDef/InteractionDef.xml,def
Milking_Question.logRulesInitiator.rulesStrings.1,"r_logentry(INITIATOR_thoughtLabel==producing milk, tag=Milking_Questiona, priority=1)->[is_milkproducing]",li,InteractionDef/InteractionDef.xml,def
Milking_Question.logRulesInitiator.rulesStrings.2,"is_milkproducing(INITIATOR_opinion>=25)->They're [milkproducing] wonderfully, [counterpart]!",li,InteractionDef/InteractionDef.xml,def
Milking_Question.logRulesInitiator.rulesStrings.3,"is_milkproducing(INITIATOR_opinion>=25)->They're [milkproducing] wonderfully, thank you!",li,InteractionDef/InteractionDef.xml,def
Milking_Question.logRulesInitiator.rulesStrings.4,"is_milkproducing(INITIATOR_opinion<=-25)->They're [milkproducing] more than your [boobs] possibly could, [counterpart]!",li,InteractionDef/InteractionDef.xml,def
Milking_Question.logRulesInitiator.rulesStrings.5,"is_milkproducing->They're [milkproducing] well, [counterpart].",li,InteractionDef/InteractionDef.xml,def
Milking_Question.logRulesInitiator.rulesStrings.6,"is_milkproducing->These [boobs] are [milkproducing] well, it feels great!",li,InteractionDef/InteractionDef.xml,def
Milking_Question.logRulesInitiator.rulesStrings.7,"is_milkproducing->The [milkproduction] is coming along nicely, [counterpart].",li,InteractionDef/InteractionDef.xml,def
Milking_Question.logRulesInitiator.rulesStrings.8,"r_logentry(INITIATOR_thoughtLabel==not producing milk, tag=Milking_Questionb, priority=1)->[not_milkproducing]",li,InteractionDef/InteractionDef.xml,def
Milking_Question.logRulesInitiator.rulesStrings.9,"not_milkproducing(INITIATOR_opinion>=25)->They're not [milkproducing] at all, [counterpart]! It's [milkterrible]!",li,InteractionDef/InteractionDef.xml,def
Milking_Question.logRulesInitiator.rulesStrings.10,not_milkproducing(INITIATOR_opinion>=25)->My [boobs] just can't compare to your [breastcompliment] [boobs]!,li,InteractionDef/InteractionDef.xml,def
Milking_Question.logRulesInitiator.rulesStrings.11,"not_milkproducing(INITIATOR_opinion<=-25)->They aren't [milkproducing] at all and you know it, [counterpart]!",li,InteractionDef/InteractionDef.xml,def
Milking_Question.logRulesInitiator.rulesStrings.12,"not_milkproducing->They're not [milkproducing] at all, [counterpart]! It's [milkterrible]!",li,InteractionDef/InteractionDef.xml,def
Milking_Question.logRulesInitiator.rulesStrings.13,not_milkproducing->There's no milk coming out at all! It's [milkterrible]!,li,InteractionDef/InteractionDef.xml,def
Milking_Question.logRulesInitiator.rulesStrings.14,r_logentry->...,li,InteractionDef/InteractionDef.xml,def
Milking_Questiona.label,milking-question,label,InteractionDef/InteractionDef.xml,def
Milking_Questiona.logRulesInitiator.rulesStrings.0,"r_logentry(INITIATOR_thoughtLabel==producing milk, priority=1)->[is_milkproducing]",li,InteractionDef/InteractionDef.xml,def
Milking_Questiona.logRulesInitiator.rulesStrings.1,is_milkproducing(INITIATOR_opinion>=25)->That's great! My [boobs] are [milkproducing] nicely too!,li,InteractionDef/InteractionDef.xml,def
Milking_Questiona.logRulesInitiator.rulesStrings.2,is_milkproducing(INITIATOR_opinion<=-25)->I should hope so...,li,InteractionDef/InteractionDef.xml,def
Milking_Questiona.logRulesInitiator.rulesStrings.3,"is_milkproducing->That's good, [counterpart]. Mine are too.",li,InteractionDef/InteractionDef.xml,def
Milking_Questiona.logRulesInitiator.rulesStrings.4,"is_milkproducing->My [boobs] are [milkproducing] well too, doesn't it feel nice?",li,InteractionDef/InteractionDef.xml,def
Milking_Questiona.logRulesInitiator.rulesStrings.5,"r_logentry(INITIATOR_thoughtLabel==not producing milk, priority=1)->[not_milkproducing]",li,InteractionDef/InteractionDef.xml,def
Milking_Questiona.logRulesInitiator.rulesStrings.6,not_milkproducing(INITIATOR_opinion>=25)->My [boobs] just can't compare to your [breastcompliment] [boobs]!,li,InteractionDef/InteractionDef.xml,def
Milking_Questiona.logRulesInitiator.rulesStrings.7,not_milkproducing(INITIATOR_opinion<=-25)->Your [boobs] are [milkproducing] better than mine? [milkterrible]!,li,InteractionDef/InteractionDef.xml,def
Milking_Questiona.logRulesInitiator.rulesStrings.8,not_milkproducing->I'm jealous!,li,InteractionDef/InteractionDef.xml,def
Milking_Questiona.logRulesInitiator.rulesStrings.9,r_logentry->...,li,InteractionDef/InteractionDef.xml,def
Milking_Questionb.label,milking-question,label,InteractionDef/InteractionDef.xml,def
Milking_Questionb.logRulesInitiator.rulesStrings.0,"r_logentry(INITIATOR_thoughtLabel==producing milk, priority=1)->[is_milkproducing]",li,InteractionDef/InteractionDef.xml,def
Milking_Questionb.logRulesInitiator.rulesStrings.1,"is_milkproducing(INITIATOR_opinion>=25)->Your [breastcompliment] [boobs] will give us plenty of tasty milk soon enough, [counterpart]!",li,InteractionDef/InteractionDef.xml,def
Milking_Questionb.logRulesInitiator.rulesStrings.2,"is_milkproducing(INITIATOR_opinion<=-25)->You should be ashamed, [counterpart]!",li,InteractionDef/InteractionDef.xml,def
Milking_Questionb.logRulesInitiator.rulesStrings.3,"is_milkproducing->I'm sure your [boobs] will get there, [counterpart].",li,InteractionDef/InteractionDef.xml,def
Milking_Questionb.logRulesInitiator.rulesStrings.4,"r_logentry(INITIATOR_thoughtLabel==not producing milk, priority=1)->[not_milkproducing]",li,InteractionDef/InteractionDef.xml,def
Milking_Questionb.logRulesInitiator.rulesStrings.5,"not_milkproducing(INITIATOR_opinion>=25)->My [boobs] are dry too, [counterpart]! It is [milkterrible]!",li,InteractionDef/InteractionDef.xml,def
Milking_Questionb.logRulesInitiator.rulesStrings.6,not_milkproducing(INITIATOR_opinion<=-25)->At least you're not [milkproducing] better than me...,li,InteractionDef/InteractionDef.xml,def
Milking_Questionb.logRulesInitiator.rulesStrings.7,"not_milkproducing->I'm in the same boat, [counterpart]!",li,InteractionDef/InteractionDef.xml,def
Milking_Questionb.logRulesInitiator.rulesStrings.8,r_logentry->...,li,InteractionDef/InteractionDef.xml,def
OrgyChat.label,orgy-chat,label,InteractionDef/InteractionDef.xml,def
OrgyChat.logRulesInitiator.rulesStrings.0,"r_logentry(INITIATOR_opinion<-25, priority=1)->[bad_opinion]",li,InteractionDef/InteractionDef.xml,def
OrgyChat.logRulesInitiator.rulesStrings.1,bad_opinion(RECIPIENT_gender==Male)->It would've been much better without your nasty [penis] involved.,li,InteractionDef/InteractionDef.xml,def
OrgyChat.logRulesInitiator.rulesStrings.2,bad_opinion(RECIPIENT_gender==Female)->It would've been much better without your nasty [vagina] involved.,li,InteractionDef/InteractionDef.xml,def
OrgyChat.logRulesInitiator.rulesStrings.3,bad_opinion->It would've been much better without your nasty ass involved.,li,InteractionDef/InteractionDef.xml,def
OrgyChat.logRulesInitiator.rulesStrings.4,r_logentry->[neutral_opinion],li,InteractionDef/InteractionDef.xml,def
OrgyChat.logRulesInitiator.rulesStrings.5,"neutral_opinion->Yeah, I had a good time, [counterpart].",li,InteractionDef/InteractionDef.xml,def
OrgyChat.logRulesInitiator.rulesStrings.6,"r_logentry(INITIATOR_opinion>=25, priority=1)->[good_opinion]",li,InteractionDef/InteractionDef.xml,def
OrgyChat.logRulesInitiator.rulesStrings.7,"good_opinion(INITIATOR_thoughtLabel==sexually frustrated, priority=1)->[good_opinion_horny]",li,InteractionDef/InteractionDef.xml,def
OrgyChat.logRulesInitiator.rulesStrings.8,"good_opinion(INITIATOR_thoughtLabel==horny, priority=1)->[good_opinion_horny]",li,InteractionDef/InteractionDef.xml,def
OrgyChat.logRulesInitiator.rulesStrings.9,"good_opinion_horny(INITIATOR_gender==Male, RECIPIENT_gender==Male, INITIATOR_opinion>=50, INITIATOR_trait==gay)->It was even better with you involved, [counterpart]!",li,InteractionDef/InteractionDef.xml,def
OrgyChat.logRulesInitiator.rulesStrings.10,"good_opinion_horny(INITIATOR_gender==Female, RECIPIENT_gender==Female, INITIATOR_opinion>=50, INITIATOR_trait==gay)->It was even better with you involved, [counterpart]!",li,InteractionDef/InteractionDef.xml,def
OrgyChat.logRulesInitiator.rulesStrings.11,"good_opinion_horny(INITIATOR_gender==Female, RECIPIENT_gender==Male, INITIATOR_opinion>=50, INITIATOR_trait!=gay)->It was even better with you involved, [counterpart]!",li,InteractionDef/InteractionDef.xml,def
OrgyChat.logRulesInitiator.rulesStrings.12,"good_opinion_horny(INITIATOR_gender==Male, RECIPIENT_gender==Female, INITIATOR_opinion>=50, INITIATOR_trait!=gay)->It was even better with you involved, [counterpart]!",li,InteractionDef/InteractionDef.xml,def
OrgyChat.logRulesInitiator.rulesStrings.13,good_opinion_horny->Just thinking about it makes me want to touch myself...,li,InteractionDef/InteractionDef.xml,def
OrgyChat.logRulesInitiator.rulesStrings.14,"good_opinion->Yeah, we should do it again sometime!",li,InteractionDef/InteractionDef.xml,def
Anal_Rape_Reply.label,analrape — react to,label,InteractionDef/InteractionDef.xml,def
Anal_Rape_Reply.logRulesInitiator.rulesStrings.0,"masochist_n->[exclaim_high]! [fuck] my [ass], [rapist]!",li,InteractionDef/InteractionDef.xml,def
Anal_Rape_Reply.logRulesInitiator.rulesStrings.1,"masochist_n->[exclaim_high]! Fill my [ass] with your [cum], [rapist]! [exclaim_high]!",li,InteractionDef/InteractionDef.xml,def
Anal_Rape_Reply.logRulesInitiator.rulesStrings.2,masochist_n->[exclaim_high]! [fuck] my [exclaim_high] [ass] [exclaim_high]!,li,InteractionDef/InteractionDef.xml,def
Anal_Rape_Reply.logRulesInitiator.rulesStrings.3,"masochist_n->[exclaim_high]! Pump me full of [cum], [rapist]!",li,InteractionDef/InteractionDef.xml,def
Anal_Rape_Reply.logRulesInitiator.rulesStrings.4,broken2_n->[exclaim_low]...[penis]s-[exclaim_low]...[cum]...,li,InteractionDef/InteractionDef.xml,def
Anal_Rape_Reply.logRulesInitiator.rulesStrings.5,broken2_n->[exclaim_low]...more [penis]...my [ass]...,li,InteractionDef/InteractionDef.xml,def
Anal_Rape_Reply.logRulesInitiator.rulesStrings.6,broken2_n->[exclaim_low]...[penis]...in my-[exclaim_low]...[ass]...,li,InteractionDef/InteractionDef.xml,def
Anal_Rape_Reply.logRulesInitiator.rulesStrings.7,broken2_n->[exclaim_low]...Wha...? [penis]?...[exclaim_low]...,li,InteractionDef/InteractionDef.xml,def
Anal_Rape_Reply.logRulesInitiator.rulesStrings.8,broken2_n->[exclaim_low]...I don't-[exclaim_low]...,li,InteractionDef/InteractionDef.xml,def
Anal_Rape_Reply.logRulesInitiator.rulesStrings.9,broken2_n->[exclaim_low]...where...? My [ass]...[exclaim_low]...,li,InteractionDef/InteractionDef.xml,def
Anal_Rape_Reply.logRulesInitiator.rulesStrings.10,broken2_n->[exclaim_low]...my...body-[exclaim_low]...,li,InteractionDef/InteractionDef.xml,def
Anal_Rape_Reply.logRulesInitiator.rulesStrings.11,broken2_n->[exclaim_low]...my...[ass]-[exclaim_low]...,li,InteractionDef/InteractionDef.xml,def
Anal_Rape_Reply.logRulesInitiator.rulesStrings.12,broken2_n->[exclaim_low]...I can't-[exclaim_low]...,li,InteractionDef/InteractionDef.xml,def
Anal_Rape_Reply.logRulesInitiator.rulesStrings.13,broken2_n->[exclaim_low]...Please...[exclaim_low]...,li,InteractionDef/InteractionDef.xml,def
Anal_Rape_Reply.logRulesInitiator.rulesStrings.14,broken2_n->[exclaim_low]...No more-[exclaim_low]...,li,InteractionDef/InteractionDef.xml,def
Anal_Rape_Reply.logRulesInitiator.rulesStrings.15,broken2_n->[exclaim_low]...It feels-[exclaim_low]...,li,InteractionDef/InteractionDef.xml,def
Anal_Rape_Reply.logRulesInitiator.rulesStrings.16,"broken1_n->[exclaim_high]! Please, [exclaim_high] my [ass] can't handle anymore [penis]!",li,InteractionDef/InteractionDef.xml,def
Anal_Rape_Reply.logRulesInitiator.rulesStrings.17,broken1_n->[exclaim_high]! How many times has my [ass]...[exclaim_high]!,li,InteractionDef/InteractionDef.xml,def
Anal_Rape_Reply.logRulesInitiator.rulesStrings.18,broken1_n->How many times...[exclaim_high]!,li,InteractionDef/InteractionDef.xml,def
Anal_Rape_Reply.logRulesInitiator.rulesStrings.19,"broken1_n->[exclaim_high]! When will you...[exclaim_high]...give me a break, [rapist]! [exclaim_high]!",li,InteractionDef/InteractionDef.xml,def
Anal_Rape_Reply.logRulesInitiator.rulesStrings.20,"broken1_n->[exclaim_high]! Hasn't my [ass] been pumped full of enough [cum], [rapist]? [exclaim_high]!",li,InteractionDef/InteractionDef.xml,def
Anal_Rape_Reply.logRulesInitiator.rulesStrings.21,"broken1_n->No, my [ass] is too sore already! [exclaim_high]!",li,InteractionDef/InteractionDef.xml,def
Anal_Rape_Reply.logRulesInitiator.rulesStrings.22,rape_react_n->Hey sto- [exclaim_high]!,li,InteractionDef/InteractionDef.xml,def
Anal_Rape_Reply.logRulesInitiator.rulesStrings.23,rape_react_n->Wait no! [exclaim_high]!,li,InteractionDef/InteractionDef.xml,def
Anal_Rape_Reply.logRulesInitiator.rulesStrings.24,rape_react_n->Please don't! [exclaim_high]!,li,InteractionDef/InteractionDef.xml,def
Anal_Rape_Reply.logRulesInitiator.rulesStrings.25,rape_react_n->[exclaim_high]! Get off of me!,li,InteractionDef/InteractionDef.xml,def
Anal_Rape_Reply.logRulesInitiator.rulesStrings.26,rape_react_n->[exclaim_high]! Get it out!,li,InteractionDef/InteractionDef.xml,def
Anal_Rape_Reply.logRulesInitiator.rulesStrings.27,rape_react_n->[exclaim_high]! It hurts!,li,InteractionDef/InteractionDef.xml,def
Anal_Rape_Reply.logRulesInitiator.rulesStrings.28,rape_react_n->[exclaim_high]! Pull out!,li,InteractionDef/InteractionDef.xml,def
Anal_Rape_Reply.logRulesInitiator.rulesStrings.29,rape_react_n->Not my assho- [exclaim_high]!,li,InteractionDef/InteractionDef.xml,def
Anal_Rape_Reply.logRulesInitiator.rulesStrings.30,rape_react_n->[exclaim_high]! Not my asshole!,li,InteractionDef/InteractionDef.xml,def
Anal_Rape_Reply.logRulesInitiator.rulesStrings.31,rape_react_n->[exclaim_high]! Not there!,li,InteractionDef/InteractionDef.xml,def
Anal_Rape_Reply.logRulesInitiator.rulesStrings.32,"rape_react_n->[RECIPIENT_nameDef], please don't- [exclaim_high]!",li,InteractionDef/InteractionDef.xml,def
Anal_Rape_Reply.logRulesInitiator.rulesStrings.33,"rape_react_n->Not my asshole, [rapist]! [exclaim_high]!",li,InteractionDef/InteractionDef.xml,def
Anal_Rape_Reply.logRulesInitiator.rulesStrings.34,"rape_react_n->[exclaim_high]! Get out of my asshole, [rapist]!",li,InteractionDef/InteractionDef.xml,def
Anal_Rape_Reply.logRulesInitiator.rulesStrings.35,"rape_react_n->[exclaim_high]! Pull it out, [rapist]!",li,InteractionDef/InteractionDef.xml,def
Anal_Rape_Reply.logRulesInitiator.rulesStrings.36,"rape_react_n->[exclaim_high]! Get off me, [rapist]!",li,InteractionDef/InteractionDef.xml,def
Anal_Rape_Reply.logRulesInitiator.rulesStrings.37,"rape_react_n->Stop, [rapist]! [exclaim_high]!",li,InteractionDef/InteractionDef.xml,def
Anal_Rape_Reply_Reverse.label,analrape — react to,label,InteractionDef/InteractionDef.xml,def
Anal_Rape_Reply_Reverse.logRulesInitiator.rulesStrings.0,"masochist_n->[exclaim_f]! I'm your dildo, [rapist]!",li,InteractionDef/InteractionDef.xml,def
Anal_Rape_Reply_Reverse.logRulesInitiator.rulesStrings.1,"masochist_n->[exclaim_f]! Please, [fuck] my [penis] with your [ass], [rapist]! [exclaim_f]!",li,InteractionDef/InteractionDef.xml,def
Anal_Rape_Reply_Reverse.logRulesInitiator.rulesStrings.2,broken2_n->[exclaim_low]...[ass]-[exclaim_low]...[cum]...,li,InteractionDef/InteractionDef.xml,def
Anal_Rape_Reply_Reverse.logRulesInitiator.rulesStrings.3,broken2_n->[exclaim_low]...[ass]...on my-[exclaim_low]...[penis]...,li,InteractionDef/InteractionDef.xml,def
Anal_Rape_Reply_Reverse.logRulesInitiator.rulesStrings.4,broken2_n->[exclaim_low]...Wha...? [ass]?...[exclaim_low]...,li,InteractionDef/InteractionDef.xml,def
Anal_Rape_Reply_Reverse.logRulesInitiator.rulesStrings.5,broken2_n->[exclaim_low]...I don't-[exclaim_low]...,li,InteractionDef/InteractionDef.xml,def
Anal_Rape_Reply_Reverse.logRulesInitiator.rulesStrings.6,broken2_n->[exclaim_low]...where...? My [penis]...[exclaim_low]...,li,InteractionDef/InteractionDef.xml,def
Anal_Rape_Reply_Reverse.logRulesInitiator.rulesStrings.7,broken2_n->[exclaim_low]...my...body-[exclaim_low]...,li,InteractionDef/InteractionDef.xml,def
Anal_Rape_Reply_Reverse.logRulesInitiator.rulesStrings.8,broken2_n->[exclaim_low]...my...[penis]-[exclaim_low]...,li,InteractionDef/InteractionDef.xml,def
Anal_Rape_Reply_Reverse.logRulesInitiator.rulesStrings.9,broken2_n->[exclaim_low]...I can't-[exclaim_low]...,li,InteractionDef/InteractionDef.xml,def
Anal_Rape_Reply_Reverse.logRulesInitiator.rulesStrings.10,broken2_n->[exclaim_low]...Please...[exclaim_low]...,li,InteractionDef/InteractionDef.xml,def
Anal_Rape_Reply_Reverse.logRulesInitiator.rulesStrings.11,broken2_n->[exclaim_low]...No more-[exclaim_low]...,li,InteractionDef/InteractionDef.xml,def
Anal_Rape_Reply_Reverse.logRulesInitiator.rulesStrings.12,broken2_n->[exclaim_low]...It feels-[exclaim_low]...,li,InteractionDef/InteractionDef.xml,def
Anal_Rape_Reply_Reverse.logRulesInitiator.rulesStrings.13,"broken1_n->[exclaim_low]! Please, [exclaim_low] I can't handle anymore [ass]!",li,InteractionDef/InteractionDef.xml,def
Anal_Rape_Reply_Reverse.logRulesInitiator.rulesStrings.14,broken1_n->[exclaim_low]! How many times has my [penis]...[exclaim_low]!,li,InteractionDef/InteractionDef.xml,def
Anal_Rape_Reply_Reverse.logRulesInitiator.rulesStrings.15,broken1_n->How many times...[exclaim_low]!,li,InteractionDef/InteractionDef.xml,def
Anal_Rape_Reply_Reverse.logRulesInitiator.rulesStrings.16,"broken1_n->[exclaim_low]! When will you...[exclaim_low]...give me a break, [rapist!] [exclaim_low]!",li,InteractionDef/InteractionDef.xml,def
Anal_Rape_Reply_Reverse.logRulesInitiator.rulesStrings.17,"broken1_n->[exclaim_low]! My balls are totally drained, [rapist]! [exclaim_low]!",li,InteractionDef/InteractionDef.xml,def
Anal_Rape_Reply_Reverse.logRulesInitiator.rulesStrings.18,"broken1_n->No, my [penis] is sore! [exclaim_high]!",li,InteractionDef/InteractionDef.xml,def
Anal_Rape_Reply_Reverse.logRulesInitiator.rulesStrings.19,rape_react_n->Hey sto- [exclaim_low]!,li,InteractionDef/InteractionDef.xml,def
Anal_Rape_Reply_Reverse.logRulesInitiator.rulesStrings.20,rape_react_n->Wait no! [exclaim_low]!,li,InteractionDef/InteractionDef.xml,def
Anal_Rape_Reply_Reverse.logRulesInitiator.rulesStrings.21,rape_react_n->Please don't! [exclaim_low]!,li,InteractionDef/InteractionDef.xml,def
Anal_Rape_Reply_Reverse.logRulesInitiator.rulesStrings.22,rape_react_n->[exclaim_low]! Get it out!,li,InteractionDef/InteractionDef.xml,def
Anal_Rape_Reply_Reverse.logRulesInitiator.rulesStrings.23,rape_react_n->[exclaim_low]! Pull out!,li,InteractionDef/InteractionDef.xml,def
Anal_Rape_Reply_Reverse.logRulesInitiator.rulesStrings.24,"rape_react_n->[RECIPIENT_nameDef], please don't- [exclaim_low]!",li,InteractionDef/InteractionDef.xml,def
Anal_Rape_Reply_Reverse.logRulesInitiator.rulesStrings.25,"rape_react_n->[exclaim_low]! Get your asshole off of me, [rapist]!",li,InteractionDef/InteractionDef.xml,def
Anal_Rape_Reply_Reverse.logRulesInitiator.rulesStrings.26,"rape_react_n->[exclaim_low]! Get off me, [rapist]!",li,InteractionDef/InteractionDef.xml,def
Anal_Rape_Reply_Reverse.logRulesInitiator.rulesStrings.27,"rape_react_n->Stop, [rapist]! [exclaim_low]!",li,InteractionDef/InteractionDef.xml,def
Vaginal_Rape_Reply.label,vaginalrape — react to,label,InteractionDef/InteractionDef.xml,def
Vaginal_Rape_Reply.logRulesInitiator.rulesStrings.0,"masochist_n->[exclaim_high]! [fuck] my [vagina], [rapist]!",li,InteractionDef/InteractionDef.xml,def
Vaginal_Rape_Reply.logRulesInitiator.rulesStrings.1,"masochist_n->[exclaim_high]! Fill my [vagina] with your [cum], [rapist]! [exclaim_high]!",li,InteractionDef/InteractionDef.xml,def
Vaginal_Rape_Reply.logRulesInitiator.rulesStrings.2,masochist_n->[exclaim_high]! [fuck] my [exclaim_high] [vagina] [exclaim_high]!,li,InteractionDef/InteractionDef.xml,def
Vaginal_Rape_Reply.logRulesInitiator.rulesStrings.3,"masochist_n->[exclaim_high]! Pump me full of [cum], [rapist]!",li,InteractionDef/InteractionDef.xml,def
Vaginal_Rape_Reply.logRulesInitiator.rulesStrings.4,masochist_n->[exclaim_high]! Impregnate me! [exclaim_high]!,li,InteractionDef/InteractionDef.xml,def
Vaginal_Rape_Reply.logRulesInitiator.rulesStrings.5,broken2_n->[exclaim_low]...[penis]s-[exclaim_low]...[cum]...,li,InteractionDef/InteractionDef.xml,def
Vaginal_Rape_Reply.logRulesInitiator.rulesStrings.6,broken2_n->[exclaim_low]...more [penis]...my [vagina]...,li,InteractionDef/InteractionDef.xml,def
Vaginal_Rape_Reply.logRulesInitiator.rulesStrings.7,broken2_n->[exclaim_low]...[penis]...in my-[exclaim_low]...[vagina]...,li,InteractionDef/InteractionDef.xml,def
Vaginal_Rape_Reply.logRulesInitiator.rulesStrings.8,broken2_n->[exclaim_low]...Wha...? [penis]?...[exclaim_low]...,li,InteractionDef/InteractionDef.xml,def
Vaginal_Rape_Reply.logRulesInitiator.rulesStrings.9,broken2_n->[exclaim_low]...I don't-[exclaim_low]...,li,InteractionDef/InteractionDef.xml,def
Vaginal_Rape_Reply.logRulesInitiator.rulesStrings.10,broken2_n->[exclaim_low]...where...? My [vagina]...[exclaim_low]...,li,InteractionDef/InteractionDef.xml,def
Vaginal_Rape_Reply.logRulesInitiator.rulesStrings.11,broken2_n->[exclaim_low]...my...body-[exclaim_low]...,li,InteractionDef/InteractionDef.xml,def
Vaginal_Rape_Reply.logRulesInitiator.rulesStrings.12,broken2_n->[exclaim_low]...my...[vagina]-[exclaim_low]...,li,InteractionDef/InteractionDef.xml,def
Vaginal_Rape_Reply.logRulesInitiator.rulesStrings.13,broken2_n->[exclaim_low]...I can't-[exclaim_low]...,li,InteractionDef/InteractionDef.xml,def
Vaginal_Rape_Reply.logRulesInitiator.rulesStrings.14,broken2_n->[exclaim_low]...Please...[exclaim_low]...,li,InteractionDef/InteractionDef.xml,def
Vaginal_Rape_Reply.logRulesInitiator.rulesStrings.15,broken2_n->[exclaim_low]...No more-[exclaim_low]...,li,InteractionDef/InteractionDef.xml,def
Vaginal_Rape_Reply.logRulesInitiator.rulesStrings.16,broken2_n->[exclaim_low]...It feels-[exclaim_low]...,li,InteractionDef/InteractionDef.xml,def
Vaginal_Rape_Reply.logRulesInitiator.rulesStrings.17,broken2_n->[exclaim_low]...cum...[exclaim_low]...inside...,li,InteractionDef/InteractionDef.xml,def
Vaginal_Rape_Reply.logRulesInitiator.rulesStrings.18,"broken1_n->[exclaim_high]! Please, [exclaim_high] my [vagina] can't take one more [penis]!",li,InteractionDef/InteractionDef.xml,def
Vaginal_Rape_Reply.logRulesInitiator.rulesStrings.19,broken1_n->[exclaim_high]! How many times has my [vagina] been [fuck]-[exclaim_high]!,li,InteractionDef/InteractionDef.xml,def
Vaginal_Rape_Reply.logRulesInitiator.rulesStrings.20,broken1_n->How many times...[exclaim_high]!,li,InteractionDef/InteractionDef.xml,def
Vaginal_Rape_Reply.logRulesInitiator.rulesStrings.21,"broken1_n->[exclaim_high]! When will you...[exclaim_high]...give me a break, [rapist]! [exclaim_high]!",li,InteractionDef/InteractionDef.xml,def
Vaginal_Rape_Reply.logRulesInitiator.rulesStrings.22,"broken1_n->[exclaim_high]! Hasn't my [vagina] been pumped full of enough [cum], [rapist]? [exclaim_high]!",li,InteractionDef/InteractionDef.xml,def
Vaginal_Rape_Reply.logRulesInitiator.rulesStrings.23,"broken1_n->No, my [vagina] is too sore already! [exclaim_high]!",li,InteractionDef/InteractionDef.xml,def
Vaginal_Rape_Reply.logRulesInitiator.rulesStrings.24,rape_react_n->Hey sto- [exclaim_high]!,li,InteractionDef/InteractionDef.xml,def
Vaginal_Rape_Reply.logRulesInitiator.rulesStrings.25,rape_react_n->Wait no! [exclaim_high]!,li,InteractionDef/InteractionDef.xml,def
Vaginal_Rape_Reply.logRulesInitiator.rulesStrings.26,rape_react_n->Please don't! [exclaim_high]!,li,InteractionDef/InteractionDef.xml,def
Vaginal_Rape_Reply.logRulesInitiator.rulesStrings.27,rape_react_n->[exclaim_high]! Get off of me!,li,InteractionDef/InteractionDef.xml,def
Vaginal_Rape_Reply.logRulesInitiator.rulesStrings.28,rape_react_n->[exclaim_high]! Get it out!,li,InteractionDef/InteractionDef.xml,def
Vaginal_Rape_Reply.logRulesInitiator.rulesStrings.29,rape_react_n->[exclaim_high]! It hurts!,li,InteractionDef/InteractionDef.xml,def
Vaginal_Rape_Reply.logRulesInitiator.rulesStrings.30,rape_react_n->[exclaim_high]! Pull out!,li,InteractionDef/InteractionDef.xml,def
Vaginal_Rape_Reply.logRulesInitiator.rulesStrings.31,rape_react_n->Not my pus- [exclaim_high]!,li,InteractionDef/InteractionDef.xml,def
Vaginal_Rape_Reply.logRulesInitiator.rulesStrings.32,rape_react_n->[exclaim_high]! Not my pussy!,li,InteractionDef/InteractionDef.xml,def
Vaginal_Rape_Reply.logRulesInitiator.rulesStrings.33,"rape_react_n->[exclaim_high]! You'll get me pregnant, [rapist]!",li,InteractionDef/InteractionDef.xml,def
Vaginal_Rape_Reply.logRulesInitiator.rulesStrings.34,"rape_react_n->[RECIPIENT_nameDef], please don't- [exclaim_high]!",li,InteractionDef/InteractionDef.xml,def
Vaginal_Rape_Reply.logRulesInitiator.rulesStrings.35,"rape_react_n->Oh please don't cum inside, [RECIPIENT_nameDef]! [exclaim_high]!",li,InteractionDef/InteractionDef.xml,def
Vaginal_Rape_Reply.logRulesInitiator.rulesStrings.36,"rape_react_n->[exclaim_high]! Get out of my [vagina], [rapist]!",li,InteractionDef/InteractionDef.xml,def
Vaginal_Rape_Reply.logRulesInitiator.rulesStrings.37,"rape_react_n->[exclaim_high]! Pull it out, [rapist]!",li,InteractionDef/InteractionDef.xml,def
Vaginal_Rape_Reply.logRulesInitiator.rulesStrings.38,"rape_react_n->[exclaim_high]! Get off me, [rapist]!",li,InteractionDef/InteractionDef.xml,def
Vaginal_Rape_Reply.logRulesInitiator.rulesStrings.39,"rape_react_n->Stop, [rapist]! [exclaim_high]!",li,InteractionDef/InteractionDef.xml,def
Vaginal_Rape_Reply_Reverse.label,vaginalrape — react to,label,InteractionDef/InteractionDef.xml,def
Vaginal_Rape_Reply_Reverse.logRulesInitiator.rulesStrings.0,"masochist_n->[exclaim_low]! I'm your dildo, [rapist]!",li,InteractionDef/InteractionDef.xml,def
Vaginal_Rape_Reply_Reverse.logRulesInitiator.rulesStrings.1,"masochist_n->[exclaim_low]! Please, [fuck] my [penis] with your [vagina], [rapist]! [exclaim_low]!",li,InteractionDef/InteractionDef.xml,def
Vaginal_Rape_Reply_Reverse.logRulesInitiator.rulesStrings.2,broken2_n->[exclaim_low]...[vagina]...on my-[exclaim_low]...[penis]...,li,InteractionDef/InteractionDef.xml,def
Vaginal_Rape_Reply_Reverse.logRulesInitiator.rulesStrings.3,broken2_n->[exclaim_low]...Wha...? [vagina]?...[exclaim_low]...,li,InteractionDef/InteractionDef.xml,def
Vaginal_Rape_Reply_Reverse.logRulesInitiator.rulesStrings.4,broken2_n->[exclaim_low]...I don't-[exclaim_low]...,li,InteractionDef/InteractionDef.xml,def
Vaginal_Rape_Reply_Reverse.logRulesInitiator.rulesStrings.5,broken2_n->[exclaim_low]...where...? My [penis]...[exclaim_low]...,li,InteractionDef/InteractionDef.xml,def
Vaginal_Rape_Reply_Reverse.logRulesInitiator.rulesStrings.6,broken2_n->[exclaim_low]...my...body-[exclaim_low]...,li,InteractionDef/InteractionDef.xml,def
Vaginal_Rape_Reply_Reverse.logRulesInitiator.rulesStrings.7,broken2_n->[exclaim_low]...my...[penis]-[exclaim_low]...,li,InteractionDef/InteractionDef.xml,def
Vaginal_Rape_Reply_Reverse.logRulesInitiator.rulesStrings.8,broken2_n->[exclaim_low]...I can't-[exclaim_low]...,li,InteractionDef/InteractionDef.xml,def
Vaginal_Rape_Reply_Reverse.logRulesInitiator.rulesStrings.9,broken2_n->[exclaim_low]...Please...[exclaim_low]...,li,InteractionDef/InteractionDef.xml,def
Vaginal_Rape_Reply_Reverse.logRulesInitiator.rulesStrings.10,broken2_n->[exclaim_low]...No more-[exclaim_low]...,li,InteractionDef/InteractionDef.xml,def
Vaginal_Rape_Reply_Reverse.logRulesInitiator.rulesStrings.11,broken2_n->[exclaim_low]...It feels-[exclaim_low]...,li,InteractionDef/InteractionDef.xml,def
Vaginal_Rape_Reply_Reverse.logRulesInitiator.rulesStrings.12,"broken1_n->[exclaim_low]! Please, [exclaim_low] I can't handle anymore [vagina]!",li,InteractionDef/InteractionDef.xml,def
Vaginal_Rape_Reply_Reverse.logRulesInitiator.rulesStrings.13,broken1_n->[exclaim_low]! How many times has my [penis]...[exclaim_low]!,li,InteractionDef/InteractionDef.xml,def
Vaginal_Rape_Reply_Reverse.logRulesInitiator.rulesStrings.14,broken1_n->How many times...[exclaim_low]!,li,InteractionDef/InteractionDef.xml,def
Vaginal_Rape_Reply_Reverse.logRulesInitiator.rulesStrings.15,"broken1_n->[exclaim_low]! When will you...[exclaim_low]...give me a break, [rapist!] [exclaim_low]!",li,InteractionDef/InteractionDef.xml,def
Vaginal_Rape_Reply_Reverse.logRulesInitiator.rulesStrings.16,"broken1_n->[exclaim_low]! My balls are totally drained, [rapist]! [exclaim_low]!",li,InteractionDef/InteractionDef.xml,def
Vaginal_Rape_Reply_Reverse.logRulesInitiator.rulesStrings.17,rape_react_n->Hey sto- [exclaim_low]!,li,InteractionDef/InteractionDef.xml,def
Vaginal_Rape_Reply_Reverse.logRulesInitiator.rulesStrings.18,rape_react_n->Wait no! [exclaim_low]!,li,InteractionDef/InteractionDef.xml,def
Vaginal_Rape_Reply_Reverse.logRulesInitiator.rulesStrings.19,rape_react_n->Please don't! [exclaim_low]!,li,InteractionDef/InteractionDef.xml,def
Vaginal_Rape_Reply_Reverse.logRulesInitiator.rulesStrings.20,"rape_react_n->[RECIPIENT_nameDef], please don't... I'll cum inside! [exclaim_low]!",li,InteractionDef/InteractionDef.xml,def
Vaginal_Rape_Reply_Reverse.logRulesInitiator.rulesStrings.21,"rape_react_n->[exclaim_low]! Get off of my [penis], [rapist]!",li,InteractionDef/InteractionDef.xml,def
Vaginal_Rape_Reply_Reverse.logRulesInitiator.rulesStrings.22,"rape_react_n->[exclaim_low]! Get off me, [rapist]!",li,InteractionDef/InteractionDef.xml,def
Vaginal_Rape_Reply_Reverse.logRulesInitiator.rulesStrings.23,"rape_react_n->Stop, [rapist]! [exclaim_low]!",li,InteractionDef/InteractionDef.xml,def
Handjob_Rape_Reply.label,handjobrape — react to,label,InteractionDef/InteractionDef.xml,def
Handjob_Rape_Reply.logRulesInitiator.rulesStrings.0,"masochist_n->[exclaim_low]! [rapist], cover my face in your [cum]!",li,InteractionDef/InteractionDef.xml,def
Handjob_Rape_Reply.logRulesInitiator.rulesStrings.1,"masochist_n->[exclaim_low]! Use my hands however you want, [rapist]!",li,InteractionDef/InteractionDef.xml,def
Handjob_Rape_Reply.logRulesInitiator.rulesStrings.2,"masochist_n->[exclaim_low]! Does this feel good, [rapist]?",li,InteractionDef/InteractionDef.xml,def
Handjob_Rape_Reply.logRulesInitiator.rulesStrings.3,masochist_n->Shoot your [cum] all over me [rapist]!,li,InteractionDef/InteractionDef.xml,def
Handjob_Rape_Reply.logRulesInitiator.rulesStrings.4,broken2_n->[exclaim_low]...[penis]s-[exclaim_low]...[cum]...,li,InteractionDef/InteractionDef.xml,def
Handjob_Rape_Reply.logRulesInitiator.rulesStrings.5,broken2_n->More [penis]s...[exclaim_low],li,InteractionDef/InteractionDef.xml,def
Handjob_Rape_Reply.logRulesInitiator.rulesStrings.6,broken2_n->[exclaim_low]...Wha...? [penis]?...[exclaim_low]...,li,InteractionDef/InteractionDef.xml,def
Handjob_Rape_Reply.logRulesInitiator.rulesStrings.7,broken2_n->[exclaim_low]...I don't-[exclaim_low]...,li,InteractionDef/InteractionDef.xml,def
Handjob_Rape_Reply.logRulesInitiator.rulesStrings.8,broken2_n->[exclaim_low]...my hands...? Like this?...[exclaim_low]...,li,InteractionDef/InteractionDef.xml,def
Handjob_Rape_Reply.logRulesInitiator.rulesStrings.9,broken2_n->[exclaim_low]...my...body-[exclaim_low]...,li,InteractionDef/InteractionDef.xml,def
Handjob_Rape_Reply.logRulesInitiator.rulesStrings.10,broken2_n->[exclaim_low]...my...hands? [exclaim_low]...,li,InteractionDef/InteractionDef.xml,def
Handjob_Rape_Reply.logRulesInitiator.rulesStrings.11,broken2_n->[exclaim_low]...I can't-[exclaim_low]...,li,InteractionDef/InteractionDef.xml,def
Handjob_Rape_Reply.logRulesInitiator.rulesStrings.12,broken2_n->[exclaim_low]...Please...[exclaim_low]...,li,InteractionDef/InteractionDef.xml,def
Handjob_Rape_Reply.logRulesInitiator.rulesStrings.13,broken2_n->[exclaim_low]...No more-[exclaim_low]...,li,InteractionDef/InteractionDef.xml,def
Handjob_Rape_Reply.logRulesInitiator.rulesStrings.14,broken2_n->[exclaim_low]...It feels-[exclaim_low]...,li,InteractionDef/InteractionDef.xml,def
Handjob_Rape_Reply.logRulesInitiator.rulesStrings.15,broken2_n->[exclaim_low]...[cum]...[exclaim_low]...for me?...,li,InteractionDef/InteractionDef.xml,def
Handjob_Rape_Reply.logRulesInitiator.rulesStrings.16,"broken1_n->[exclaim_low]! Please, I don't think I can handle one more [penis]!",li,InteractionDef/InteractionDef.xml,def
Handjob_Rape_Reply.logRulesInitiator.rulesStrings.17,broken1_n->[exclaim_low]! How many [penis]s have I-[exclaim_low]!,li,InteractionDef/InteractionDef.xml,def
Handjob_Rape_Reply.logRulesInitiator.rulesStrings.18,broken1_n->How many times...[exclaim_low]!,li,InteractionDef/InteractionDef.xml,def
Handjob_Rape_Reply.logRulesInitiator.rulesStrings.19,"broken1_n->[exclaim_low]! When will you...[exclaim_low]...give me a break, [rapist]! [exclaim_low]!",li,InteractionDef/InteractionDef.xml,def
Handjob_Rape_Reply.logRulesInitiator.rulesStrings.20,broken1_n->[exclaim_low]! Please don't cover me in more [cum]...[exclaim_low]!,li,InteractionDef/InteractionDef.xml,def
Handjob_Rape_Reply.logRulesInitiator.rulesStrings.21,"broken1_n->Haven't I jacked off enough [penis]s, [rapist]? [exclaim_low]!",li,InteractionDef/InteractionDef.xml,def
Handjob_Rape_Reply.logRulesInitiator.rulesStrings.22,rape_react_n->Hey sto- [exclaim_low]!,li,InteractionDef/InteractionDef.xml,def
Handjob_Rape_Reply.logRulesInitiator.rulesStrings.23,rape_react_n->Wait no! [exclaim_low]!,li,InteractionDef/InteractionDef.xml,def
Handjob_Rape_Reply.logRulesInitiator.rulesStrings.24,rape_react_n->Please don't! [exclaim_low]!,li,InteractionDef/InteractionDef.xml,def
Handjob_Rape_Reply.logRulesInitiator.rulesStrings.25,"rape_react_n->Oh just leave me alone, [RECIPIENT_nameDef]...[exclaim_low]!",li,InteractionDef/InteractionDef.xml,def
Handjob_Rape_Reply.logRulesInitiator.rulesStrings.26,"rape_react_n->[exclaim_low]! Get off me, [rapist]!",li,InteractionDef/InteractionDef.xml,def
Handjob_Rape_Reply.logRulesInitiator.rulesStrings.27,"rape_react_n->[exclaim_low]! Get your stinking [penis] away from me, [rapist]!",li,InteractionDef/InteractionDef.xml,def
Handjob_Rape_Reply_Reverse.label,handjobrape — react to,label,InteractionDef/InteractionDef.xml,def
Handjob_Rape_Reply_Reverse.logRulesInitiator.rulesStrings.0,"masochist_n->[exclaim_low]! My [penis] is yours, [rapist]!",li,InteractionDef/InteractionDef.xml,def
Handjob_Rape_Reply_Reverse.logRulesInitiator.rulesStrings.1,"masochist_n->[exclaim_low]! Please, [rapist], you're too good to me! [exclaim_low]!",li,InteractionDef/InteractionDef.xml,def
Handjob_Rape_Reply_Reverse.logRulesInitiator.rulesStrings.2,"masochist_n->[exclaim_low]! [rapist], I'm gonna shoot my [cum]! [exclaim_low]!",li,InteractionDef/InteractionDef.xml,def
Handjob_Rape_Reply_Reverse.logRulesInitiator.rulesStrings.3,broken2_n->[exclaim_low]...your hands...on my-[exclaim_low]...[penis]...,li,InteractionDef/InteractionDef.xml,def
Handjob_Rape_Reply_Reverse.logRulesInitiator.rulesStrings.4,broken2_n->[exclaim_low]...Wha...? Hands?...[exclaim_low]...,li,InteractionDef/InteractionDef.xml,def
Handjob_Rape_Reply_Reverse.logRulesInitiator.rulesStrings.5,broken2_n->[exclaim_low]...I don't-[exclaim_low]...,li,InteractionDef/InteractionDef.xml,def
Handjob_Rape_Reply_Reverse.logRulesInitiator.rulesStrings.6,broken2_n->[exclaim_low]...where...? My [penis]...[exclaim_low]...,li,InteractionDef/InteractionDef.xml,def
Handjob_Rape_Reply_Reverse.logRulesInitiator.rulesStrings.7,broken2_n->[exclaim_low]...my...body-[exclaim_low]...,li,InteractionDef/InteractionDef.xml,def
Handjob_Rape_Reply_Reverse.logRulesInitiator.rulesStrings.8,broken2_n->[exclaim_low]...my...[penis]-[exclaim_low]...,li,InteractionDef/InteractionDef.xml,def
Handjob_Rape_Reply_Reverse.logRulesInitiator.rulesStrings.9,broken2_n->[exclaim_low]...I can't-[exclaim_low]...,li,InteractionDef/InteractionDef.xml,def
Handjob_Rape_Reply_Reverse.logRulesInitiator.rulesStrings.10,broken2_n->[exclaim_low]...Please...[exclaim_low]...,li,InteractionDef/InteractionDef.xml,def
Handjob_Rape_Reply_Reverse.logRulesInitiator.rulesStrings.11,broken2_n->[exclaim_low]...No more-[exclaim_low]...,li,InteractionDef/InteractionDef.xml,def
Handjob_Rape_Reply_Reverse.logRulesInitiator.rulesStrings.12,broken2_n->[exclaim_low]...It feels-[exclaim_low]...,li,InteractionDef/InteractionDef.xml,def
Handjob_Rape_Reply_Reverse.logRulesInitiator.rulesStrings.13,"broken1_n->[exclaim_low]! Please, [exclaim_low] I can't handle anymore!",li,InteractionDef/InteractionDef.xml,def
Handjob_Rape_Reply_Reverse.logRulesInitiator.rulesStrings.14,broken1_n->[exclaim_low]! How many times has my [penis]...[exclaim_low]!,li,InteractionDef/InteractionDef.xml,def
Handjob_Rape_Reply_Reverse.logRulesInitiator.rulesStrings.15,broken1_n->How many times...[exclaim_low]!,li,InteractionDef/InteractionDef.xml,def
Handjob_Rape_Reply_Reverse.logRulesInitiator.rulesStrings.16,"broken1_n->[exclaim_low]! When will you...[exclaim_low]...give me a break, [rapist!] [exclaim_low]!",li,InteractionDef/InteractionDef.xml,def
Handjob_Rape_Reply_Reverse.logRulesInitiator.rulesStrings.17,"broken1_n->[exclaim_low]! My balls are totally drained, [rapist]! [exclaim_low]!",li,InteractionDef/InteractionDef.xml,def
Handjob_Rape_Reply_Reverse.logRulesInitiator.rulesStrings.18,rape_react_n->Hey sto- [exclaim_low]!,li,InteractionDef/InteractionDef.xml,def
Handjob_Rape_Reply_Reverse.logRulesInitiator.rulesStrings.19,rape_react_n->Wait no! [exclaim_low]!,li,InteractionDef/InteractionDef.xml,def
Handjob_Rape_Reply_Reverse.logRulesInitiator.rulesStrings.20,rape_react_n->Please don't! [exclaim_low]!,li,InteractionDef/InteractionDef.xml,def
Handjob_Rape_Reply_Reverse.logRulesInitiator.rulesStrings.21,"rape_react_n->Oh just leave me alone, [RECIPIENT_nameDef]...[exclaim_low]!",li,InteractionDef/InteractionDef.xml,def
Handjob_Rape_Reply_Reverse.logRulesInitiator.rulesStrings.22,"rape_react_n->[exclaim_low]! [exclaim_low]! Get your hands off me, [rapist]!",li,InteractionDef/InteractionDef.xml,def
Handjob_Rape_Reply_Reverse.logRulesInitiator.rulesStrings.23,"rape_react_n->[exclaim_low]! Get off me, [rapist]!",li,InteractionDef/InteractionDef.xml,def
Handjob_Rape_Reply_Reverse.logRulesInitiator.rulesStrings.24,"rape_react_n->Stop, [rapist]! [exclaim_low]!",li,InteractionDef/InteractionDef.xml,def
Footjob_Rape_Reply.label,footjobrape — react to,label,InteractionDef/InteractionDef.xml,def
Footjob_Rape_Reply.logRulesInitiator.rulesStrings.0,"masochist_n->[exclaim_low]! Please, [rapist], cover my feet with your [cum]!",li,InteractionDef/InteractionDef.xml,def
Footjob_Rape_Reply.logRulesInitiator.rulesStrings.1,"masochist_n->[exclaim_low]! These feet are yours, [rapist]!",li,InteractionDef/InteractionDef.xml,def
Footjob_Rape_Reply.logRulesInitiator.rulesStrings.2,"masochist_n->[exclaim_low]! Does this feel good, [rapist]?",li,InteractionDef/InteractionDef.xml,def
Footjob_Rape_Reply.logRulesInitiator.rulesStrings.3,broken2_n->More [penis]s...[exclaim_low],li,InteractionDef/InteractionDef.xml,def
Footjob_Rape_Reply.logRulesInitiator.rulesStrings.4,broken2_n->[exclaim_low]...Wha...? [exclaim_low]...,li,InteractionDef/InteractionDef.xml,def
Footjob_Rape_Reply.logRulesInitiator.rulesStrings.5,broken2_n->[exclaim_low]...I don't-[exclaim_low]...,li,InteractionDef/InteractionDef.xml,def
Footjob_Rape_Reply.logRulesInitiator.rulesStrings.6,broken2_n->[exclaim_low]...my feet...? Like this?...[exclaim_low]...,li,InteractionDef/InteractionDef.xml,def
Footjob_Rape_Reply.logRulesInitiator.rulesStrings.7,broken2_n->[exclaim_low]...my...body-[exclaim_low]...,li,InteractionDef/InteractionDef.xml,def
Footjob_Rape_Reply.logRulesInitiator.rulesStrings.8,broken2_n->[exclaim_low]...my...feet? [exclaim_low]...,li,InteractionDef/InteractionDef.xml,def
Footjob_Rape_Reply.logRulesInitiator.rulesStrings.9,broken2_n->[exclaim_low]...I can't-[exclaim_low]...,li,InteractionDef/InteractionDef.xml,def
Footjob_Rape_Reply.logRulesInitiator.rulesStrings.10,broken2_n->[exclaim_low]...Please...[exclaim_low]...,li,InteractionDef/InteractionDef.xml,def
Footjob_Rape_Reply.logRulesInitiator.rulesStrings.11,broken2_n->[exclaim_low]...No more-[exclaim_low]...,li,InteractionDef/InteractionDef.xml,def
Footjob_Rape_Reply.logRulesInitiator.rulesStrings.12,broken2_n->[exclaim_low]...It feels-[exclaim_low]...,li,InteractionDef/InteractionDef.xml,def
Footjob_Rape_Reply.logRulesInitiator.rulesStrings.13,"broken1_n->[exclaim_low]! Please, I don't want one more stinking [penis] touching my feet!",li,InteractionDef/InteractionDef.xml,def
Footjob_Rape_Reply.logRulesInitiator.rulesStrings.14,broken1_n->[exclaim_low]! How many [penis]s have I-[exclaim_low]!,li,InteractionDef/InteractionDef.xml,def
Footjob_Rape_Reply.logRulesInitiator.rulesStrings.15,broken1_n->How many times...[exclaim_low]!,li,InteractionDef/InteractionDef.xml,def
Footjob_Rape_Reply.logRulesInitiator.rulesStrings.16,"broken1_n->[exclaim_low]! When will you give me a break, [rapist]! [exclaim_low]!",li,InteractionDef/InteractionDef.xml,def
Footjob_Rape_Reply.logRulesInitiator.rulesStrings.17,broken1_n->Please don't get [cum] all over my feet again...[exclaim_low]!,li,InteractionDef/InteractionDef.xml,def
Footjob_Rape_Reply.logRulesInitiator.rulesStrings.18,"broken1_n->Can't I at least just use my hands, [rapist]? [exclaim_low]!",li,InteractionDef/InteractionDef.xml,def
Footjob_Rape_Reply.logRulesInitiator.rulesStrings.19,rape_react_n->Hey sto- [exclaim_low]!,li,InteractionDef/InteractionDef.xml,def
Footjob_Rape_Reply.logRulesInitiator.rulesStrings.20,rape_react_n->Wait no! [exclaim_low]!,li,InteractionDef/InteractionDef.xml,def
Footjob_Rape_Reply.logRulesInitiator.rulesStrings.21,rape_react_n->Please don't! [exclaim_low]!,li,InteractionDef/InteractionDef.xml,def
Footjob_Rape_Reply.logRulesInitiator.rulesStrings.22,"rape_react_n->Oh just leave me alone, [RECIPIENT_nameDef]...[exclaim_low]!",li,InteractionDef/InteractionDef.xml,def
Footjob_Rape_Reply.logRulesInitiator.rulesStrings.23,"rape_react_n->[exclaim_low]! Get off me, [rapist]!",li,InteractionDef/InteractionDef.xml,def
Footjob_Rape_Reply.logRulesInitiator.rulesStrings.24,"rape_react_n->[exclaim_low]! Get your stinking [penis] away from my feet, [rapist]!",li,InteractionDef/InteractionDef.xml,def
Footjob_Rape_Reply_Reverse.label,footjobrape — react to,label,InteractionDef/InteractionDef.xml,def
Footjob_Rape_Reply_Reverse.logRulesInitiator.rulesStrings.0,"masochist_n->[exclaim_low]! My [penis] is yours, [rapist]!",li,InteractionDef/InteractionDef.xml,def
Footjob_Rape_Reply_Reverse.logRulesInitiator.rulesStrings.1,"masochist_n->[exclaim_low]! [rapist], I'm gonna shoot my [cum]! [exclaim_low]!",li,InteractionDef/InteractionDef.xml,def
Footjob_Rape_Reply_Reverse.logRulesInitiator.rulesStrings.2,"masochist_n->[exclaim_low]! Punish my [penis], [rapist]! [exclaim_low]!",li,InteractionDef/InteractionDef.xml,def
Footjob_Rape_Reply_Reverse.logRulesInitiator.rulesStrings.3,broken2_n->[exclaim_low]...your feet...on my-[exclaim_low]...[penis]...,li,InteractionDef/InteractionDef.xml,def
Footjob_Rape_Reply_Reverse.logRulesInitiator.rulesStrings.4,broken2_n->[exclaim_low]...Wha...? Feet?...[exclaim_low]...,li,InteractionDef/InteractionDef.xml,def
Footjob_Rape_Reply_Reverse.logRulesInitiator.rulesStrings.5,broken2_n->[exclaim_low]...I don't-[exclaim_low]...,li,InteractionDef/InteractionDef.xml,def
Footjob_Rape_Reply_Reverse.logRulesInitiator.rulesStrings.6,broken2_n->Just lie down here?...[exclaim_low]...,li,InteractionDef/InteractionDef.xml,def
Footjob_Rape_Reply_Reverse.logRulesInitiator.rulesStrings.7,broken2_n->[exclaim_low]...where...? My [penis]...[exclaim_low]...,li,InteractionDef/InteractionDef.xml,def
Footjob_Rape_Reply_Reverse.logRulesInitiator.rulesStrings.8,broken2_n->[exclaim_low]...my...body-[exclaim_low]...,li,InteractionDef/InteractionDef.xml,def
Footjob_Rape_Reply_Reverse.logRulesInitiator.rulesStrings.9,broken2_n->[exclaim_low]...my...[penis]-[exclaim_low]...,li,InteractionDef/InteractionDef.xml,def
Footjob_Rape_Reply_Reverse.logRulesInitiator.rulesStrings.10,broken2_n->[exclaim_low]...I can't-[exclaim_low]...,li,InteractionDef/InteractionDef.xml,def
Footjob_Rape_Reply_Reverse.logRulesInitiator.rulesStrings.11,broken2_n->[exclaim_low]...Please...[exclaim_low]...,li,InteractionDef/InteractionDef.xml,def
Footjob_Rape_Reply_Reverse.logRulesInitiator.rulesStrings.12,broken2_n->[exclaim_low]...No more-[exclaim_low]...,li,InteractionDef/InteractionDef.xml,def
Footjob_Rape_Reply_Reverse.logRulesInitiator.rulesStrings.13,broken2_n->[exclaim_low]...It feels-[exclaim_low]...,li,InteractionDef/InteractionDef.xml,def
Footjob_Rape_Reply_Reverse.logRulesInitiator.rulesStrings.14,"broken1_n->[exclaim_low]! Please, [exclaim_low] I can't handle anymore!",li,InteractionDef/InteractionDef.xml,def
Footjob_Rape_Reply_Reverse.logRulesInitiator.rulesStrings.15,broken1_n->[exclaim_low]! How many times has my [penis]...[exclaim_low]!,li,InteractionDef/InteractionDef.xml,def
Footjob_Rape_Reply_Reverse.logRulesInitiator.rulesStrings.16,broken1_n->How many times...[exclaim_low]!,li,InteractionDef/InteractionDef.xml,def
Footjob_Rape_Reply_Reverse.logRulesInitiator.rulesStrings.17,"broken1_n->[exclaim_low]! When will you...[exclaim_low]...give me a break, [rapist!] [exclaim_low]!",li,InteractionDef/InteractionDef.xml,def
Footjob_Rape_Reply_Reverse.logRulesInitiator.rulesStrings.18,"broken1_n->[exclaim_low]! My balls are totally drained, [rapist]! [exclaim_low]!",li,InteractionDef/InteractionDef.xml,def
Footjob_Rape_Reply_Reverse.logRulesInitiator.rulesStrings.19,rape_react_n->Hey sto- [exclaim_low]!,li,InteractionDef/InteractionDef.xml,def
Footjob_Rape_Reply_Reverse.logRulesInitiator.rulesStrings.20,rape_react_n->Wait no! [exclaim_low]!,li,InteractionDef/InteractionDef.xml,def
Footjob_Rape_Reply_Reverse.logRulesInitiator.rulesStrings.21,rape_react_n->Please don't! [exclaim_low]!,li,InteractionDef/InteractionDef.xml,def
Footjob_Rape_Reply_Reverse.logRulesInitiator.rulesStrings.22,"rape_react_n->Oh just leave me alone, [RECIPIENT_nameDef]...[exclaim_low]!",li,InteractionDef/InteractionDef.xml,def
Footjob_Rape_Reply_Reverse.logRulesInitiator.rulesStrings.23,"rape_react_n->[exclaim_low]! [exclaim_low]! Get your feet off me, [rapist]!",li,InteractionDef/InteractionDef.xml,def
Footjob_Rape_Reply_Reverse.logRulesInitiator.rulesStrings.24,"rape_react_n->[exclaim_low]! Step off, [rapist]!",li,InteractionDef/InteractionDef.xml,def
Footjob_Rape_Reply_Reverse.logRulesInitiator.rulesStrings.25,"rape_react_n->Stop, [rapist]! [exclaim_low]!",li,InteractionDef/InteractionDef.xml,def
Fingering_Rape_Reply.label,fingeringrape — react to,label,InteractionDef/InteractionDef.xml,def
Fingering_Rape_Reply.logRulesInitiator.rulesStrings.0,"masochist_n->[exclaim_low]! My fingers are yours, [rapist]!",li,InteractionDef/InteractionDef.xml,def
Fingering_Rape_Reply.logRulesInitiator.rulesStrings.1,"masochist_n->[exclaim_low]! [rapist], you're so wet! [exclaim_low]!",li,InteractionDef/InteractionDef.xml,def
Fingering_Rape_Reply.logRulesInitiator.rulesStrings.2,"masochist_n->[exclaim_low]! Is this good, [rapist]?",li,InteractionDef/InteractionDef.xml,def
Fingering_Rape_Reply.logRulesInitiator.rulesStrings.3,broken2_n->[exclaim_low]...your [vagina]-[exclaim_low]...so wet...,li,InteractionDef/InteractionDef.xml,def
Fingering_Rape_Reply.logRulesInitiator.rulesStrings.4,broken2_n->[exclaim_low]...Wha...? My fingers?...[exclaim_low]...,li,InteractionDef/InteractionDef.xml,def
Fingering_Rape_Reply.logRulesInitiator.rulesStrings.5,broken2_n->[exclaim_low]...I don't-[exclaim_low]...,li,InteractionDef/InteractionDef.xml,def
Fingering_Rape_Reply.logRulesInitiator.rulesStrings.6,broken2_n->Just like this?...[exclaim_low]...,li,InteractionDef/InteractionDef.xml,def
Fingering_Rape_Reply.logRulesInitiator.rulesStrings.7,broken2_n->[exclaim_low]...where...? Your [vagina]...[exclaim_low]...,li,InteractionDef/InteractionDef.xml,def
Fingering_Rape_Reply.logRulesInitiator.rulesStrings.8,broken2_n->[exclaim_low]...my...body-[exclaim_low]...,li,InteractionDef/InteractionDef.xml,def
Fingering_Rape_Reply.logRulesInitiator.rulesStrings.9,broken2_n->[exclaim_low]...I can't-[exclaim_low]...,li,InteractionDef/InteractionDef.xml,def
Fingering_Rape_Reply.logRulesInitiator.rulesStrings.10,broken2_n->[exclaim_low]...Please...[exclaim_low]...,li,InteractionDef/InteractionDef.xml,def
Fingering_Rape_Reply.logRulesInitiator.rulesStrings.11,broken2_n->[exclaim_low]...No more-[exclaim_low]...,li,InteractionDef/InteractionDef.xml,def
Fingering_Rape_Reply.logRulesInitiator.rulesStrings.12,broken2_n->[exclaim_low]...It feels-[exclaim_low]...,li,InteractionDef/InteractionDef.xml,def
Fingering_Rape_Reply.logRulesInitiator.rulesStrings.13,"broken1_n->[exclaim_low]! Please, [exclaim_low] I can't handle anymore!",li,InteractionDef/InteractionDef.xml,def
Fingering_Rape_Reply.logRulesInitiator.rulesStrings.14,broken1_n->[exclaim_low]! How many times have I...[exclaim_low]!,li,InteractionDef/InteractionDef.xml,def
Fingering_Rape_Reply.logRulesInitiator.rulesStrings.15,broken1_n->How many times...[exclaim_low]!,li,InteractionDef/InteractionDef.xml,def
Fingering_Rape_Reply.logRulesInitiator.rulesStrings.16,"broken1_n->[exclaim_low]! When will you...[exclaim_low]...give me a break, [rapist!] [exclaim_low]!",li,InteractionDef/InteractionDef.xml,def
Fingering_Rape_Reply.logRulesInitiator.rulesStrings.17,"broken1_n->[exclaim_low]! My hands are tired, [rapist]! [exclaim_low]!",li,InteractionDef/InteractionDef.xml,def
Fingering_Rape_Reply.logRulesInitiator.rulesStrings.18,rape_react_n->Hey sto- [exclaim_low]!,li,InteractionDef/InteractionDef.xml,def
Fingering_Rape_Reply.logRulesInitiator.rulesStrings.19,rape_react_n->Wait no! [exclaim_low]!,li,InteractionDef/InteractionDef.xml,def
Fingering_Rape_Reply.logRulesInitiator.rulesStrings.20,rape_react_n->Let go! [exclaim_low]!,li,InteractionDef/InteractionDef.xml,def
Fingering_Rape_Reply.logRulesInitiator.rulesStrings.21,"rape_react_n->Oh just leave me alone, [rapist]...[exclaim_low]!",li,InteractionDef/InteractionDef.xml,def
Fingering_Rape_Reply.logRulesInitiator.rulesStrings.22,"rape_react_n->[exclaim_low]! Get my fingers out of your stinking hole, [rapist]!",li,InteractionDef/InteractionDef.xml,def
Fingering_Rape_Reply.logRulesInitiator.rulesStrings.23,"rape_react_n->Stop, [rapist]! [exclaim_low]!",li,InteractionDef/InteractionDef.xml,def
Fingering_Rape_Reply_Reverse.label,fingeringrape — react to,label,InteractionDef/InteractionDef.xml,def
Fingering_Rape_Reply_Reverse.logRulesInitiator.rulesStrings.0,"masochist_n->[exclaim_low]! [rapist], you're too good to me! [exclaim_low]!",li,InteractionDef/InteractionDef.xml,def
Fingering_Rape_Reply_Reverse.logRulesInitiator.rulesStrings.1,"masochist_n->[exclaim_low]! This hole is yours, [rapist]!",li,InteractionDef/InteractionDef.xml,def
Fingering_Rape_Reply_Reverse.logRulesInitiator.rulesStrings.2,"masochist_n->[exclaim_low]! [rapist], [fuck] me with those fingers!",li,InteractionDef/InteractionDef.xml,def
Fingering_Rape_Reply_Reverse.logRulesInitiator.rulesStrings.3,broken2_n->[exclaim_low]...Wha...? [exclaim_low]...,li,InteractionDef/InteractionDef.xml,def
Fingering_Rape_Reply_Reverse.logRulesInitiator.rulesStrings.4,broken2_n->[exclaim_low]...your fingers...[exclaim_low]!,li,InteractionDef/InteractionDef.xml,def
Fingering_Rape_Reply_Reverse.logRulesInitiator.rulesStrings.5,broken2_n->[exclaim_low]...I don't-[exclaim_low]...,li,InteractionDef/InteractionDef.xml,def
Fingering_Rape_Reply_Reverse.logRulesInitiator.rulesStrings.6,broken2_n->[exclaim_low]...my [vagina]-[exclaim_low]...so wet...,li,InteractionDef/InteractionDef.xml,def
Fingering_Rape_Reply_Reverse.logRulesInitiator.rulesStrings.7,broken2_n->[exclaim_low]...my...body-[exclaim_low]...,li,InteractionDef/InteractionDef.xml,def
Fingering_Rape_Reply_Reverse.logRulesInitiator.rulesStrings.8,broken2_n->[exclaim_low]...my...[vagina]? [exclaim_low]...,li,InteractionDef/InteractionDef.xml,def
Fingering_Rape_Reply_Reverse.logRulesInitiator.rulesStrings.9,broken2_n->[exclaim_low]...I can't-[exclaim_low]...,li,InteractionDef/InteractionDef.xml,def
Fingering_Rape_Reply_Reverse.logRulesInitiator.rulesStrings.10,broken2_n->[exclaim_low]...Please...[exclaim_low]...,li,InteractionDef/InteractionDef.xml,def
Fingering_Rape_Reply_Reverse.logRulesInitiator.rulesStrings.11,broken2_n->[exclaim_low]...No more-[exclaim_low]...,li,InteractionDef/InteractionDef.xml,def
Fingering_Rape_Reply_Reverse.logRulesInitiator.rulesStrings.12,broken2_n->[exclaim_low]...It feels-[exclaim_low]...,li,InteractionDef/InteractionDef.xml,def
Fingering_Rape_Reply_Reverse.logRulesInitiator.rulesStrings.13,"broken1_n->[exclaim_low]! Please, I don't want any more fingers digging around in my [vagina]!",li,InteractionDef/InteractionDef.xml,def
Fingering_Rape_Reply_Reverse.logRulesInitiator.rulesStrings.14,broken1_n->[exclaim_low]! How many times has this made me-[exclaim_low]!,li,InteractionDef/InteractionDef.xml,def
Fingering_Rape_Reply_Reverse.logRulesInitiator.rulesStrings.15,broken1_n->How many times...[exclaim_low]!,li,InteractionDef/InteractionDef.xml,def
Fingering_Rape_Reply_Reverse.logRulesInitiator.rulesStrings.16,"broken1_n->[exclaim_low]! When will you give me a break, [rapist]! [exclaim_low]!",li,InteractionDef/InteractionDef.xml,def
Fingering_Rape_Reply_Reverse.logRulesInitiator.rulesStrings.17,broken1_n->[exclaim_low]! Just because I'm wet doesn't mean I...[exclaim_low]!,li,InteractionDef/InteractionDef.xml,def
Fingering_Rape_Reply_Reverse.logRulesInitiator.rulesStrings.18,"broken1_n->Won't you ever leave me alone, [rapist]? [exclaim_low]!",li,InteractionDef/InteractionDef.xml,def
Fingering_Rape_Reply_Reverse.logRulesInitiator.rulesStrings.19,rape_react_n->Hey sto- [exclaim_low]!,li,InteractionDef/InteractionDef.xml,def
Fingering_Rape_Reply_Reverse.logRulesInitiator.rulesStrings.20,rape_react_n->Wait no! [exclaim_low]!,li,InteractionDef/InteractionDef.xml,def
Fingering_Rape_Reply_Reverse.logRulesInitiator.rulesStrings.21,rape_react_n->Please don't! [exclaim_low]!,li,InteractionDef/InteractionDef.xml,def
Fingering_Rape_Reply_Reverse.logRulesInitiator.rulesStrings.22,"rape_react_n->Oh just leave me alone, [RECIPIENT_nameDef]...[exclaim_low]!",li,InteractionDef/InteractionDef.xml,def
Fingering_Rape_Reply_Reverse.logRulesInitiator.rulesStrings.23,"rape_react_n->[exclaim_low]! Get your fingers off me, [rapist]!",li,InteractionDef/InteractionDef.xml,def
Fingering_Rape_Reply_Reverse.logRulesInitiator.rulesStrings.24,"rape_react_n->[exclaim]! Get those out of me, [rapist]!!",li,InteractionDef/InteractionDef.xml,def
Fisting_Rape_Reply.label,fistingrape — react to,label,InteractionDef/InteractionDef.xml,def
Fisting_Rape_Reply.logRulesInitiator.rulesStrings.0,"masochist_n->[exclaim_high]! [fuck] me with that fist, [rapist]!",li,InteractionDef/InteractionDef.xml,def
Fisting_Rape_Reply.logRulesInitiator.rulesStrings.1,masochist_n->[exclaim_high]! [rapist]! [exclaim_high]!,li,InteractionDef/InteractionDef.xml,def
Fisting_Rape_Reply.logRulesInitiator.rulesStrings.2,broken2_n->[exclaim_low]...Wha...? [exclaim_low]...,li,InteractionDef/InteractionDef.xml,def
Fisting_Rape_Reply.logRulesInitiator.rulesStrings.3,broken2_n->[exclaim_low]...your fist...[exclaim_low]!,li,InteractionDef/InteractionDef.xml,def
Fisting_Rape_Reply.logRulesInitiator.rulesStrings.4,broken2_n->[exclaim_low]...I don't-[exclaim_low]...,li,InteractionDef/InteractionDef.xml,def
Fisting_Rape_Reply.logRulesInitiator.rulesStrings.5,broken2_n->[exclaim_low]...my [ass]-[exclaim_low]...,li,InteractionDef/InteractionDef.xml,def
Fisting_Rape_Reply.logRulesInitiator.rulesStrings.6,broken2_n->[exclaim_low]...my...body-[exclaim_low]...,li,InteractionDef/InteractionDef.xml,def
Fisting_Rape_Reply.logRulesInitiator.rulesStrings.7,broken2_n->[exclaim_low]...whole fist...[exclaim_low]...in there?,li,InteractionDef/InteractionDef.xml,def
Fisting_Rape_Reply.logRulesInitiator.rulesStrings.8,broken2_n->[exclaim_low]...I can't-[exclaim_low]...,li,InteractionDef/InteractionDef.xml,def
Fisting_Rape_Reply.logRulesInitiator.rulesStrings.9,broken2_n->[exclaim_low]...Please...[exclaim_low]...,li,InteractionDef/InteractionDef.xml,def
Fisting_Rape_Reply.logRulesInitiator.rulesStrings.10,broken2_n->[exclaim_low]...No more-[exclaim_low]...,li,InteractionDef/InteractionDef.xml,def
Fisting_Rape_Reply.logRulesInitiator.rulesStrings.11,broken2_n->[exclaim_low]...It feels-[exclaim_low]...,li,InteractionDef/InteractionDef.xml,def
Fisting_Rape_Reply.logRulesInitiator.rulesStrings.12,"broken1_n->No please, another fist will destroy my [ass]! [exclaim_high]!",li,InteractionDef/InteractionDef.xml,def
Fisting_Rape_Reply.logRulesInitiator.rulesStrings.13,broken1_n->How many fists have I taken up my-[exclaim_high]!,li,InteractionDef/InteractionDef.xml,def
Fisting_Rape_Reply.logRulesInitiator.rulesStrings.14,broken1_n->How many times...[exclaim_high]!,li,InteractionDef/InteractionDef.xml,def
Fisting_Rape_Reply.logRulesInitiator.rulesStrings.15,"broken1_n->[exclaim_high]! When will you give me a break, [rapist]! [exclaim_high]!",li,InteractionDef/InteractionDef.xml,def
Fisting_Rape_Reply.logRulesInitiator.rulesStrings.16,broken1_n->[exclaim_high]! How many fists do I need to take? [exclaim_high]!,li,InteractionDef/InteractionDef.xml,def
Fisting_Rape_Reply.logRulesInitiator.rulesStrings.17,"broken1_n->Won't you ever leave me alone, [rapist]? [exclaim_high]!",li,InteractionDef/InteractionDef.xml,def
Fisting_Rape_Reply.logRulesInitiator.rulesStrings.18,rape_react_n->Hey sto- [exclaim_high]!,li,InteractionDef/InteractionDef.xml,def
Fisting_Rape_Reply.logRulesInitiator.rulesStrings.19,rape_react_n->Wait no! [exclaim_high]!,li,InteractionDef/InteractionDef.xml,def
Fisting_Rape_Reply.logRulesInitiator.rulesStrings.20,rape_react_n->Please don't! [exclaim_high]!,li,InteractionDef/InteractionDef.xml,def
Fisting_Rape_Reply.logRulesInitiator.rulesStrings.21,"rape_react_n->Oh just leave me alone, [RECIPIENT_nameDef]...[exclaim_high]!",li,InteractionDef/InteractionDef.xml,def
Fisting_Rape_Reply.logRulesInitiator.rulesStrings.22,"rape_react_n->[exclaim_high]! Get your fucking fist out of me, [rapist]!",li,InteractionDef/InteractionDef.xml,def
Fisting_Rape_Reply_Reverse.label,fistingrape — react to,label,InteractionDef/InteractionDef.xml,def
Fisting_Rape_Reply_Reverse.logRulesInitiator.rulesStrings.0,"masochist_n->[exclaim_low]! My fist is yours, [rapist]! [exclaim_low]!",li,InteractionDef/InteractionDef.xml,def
Fisting_Rape_Reply_Reverse.logRulesInitiator.rulesStrings.1,masochist_n->[exclaim_low]! [rapist]! [exclaim_low]!,li,InteractionDef/InteractionDef.xml,def
Fisting_Rape_Reply_Reverse.logRulesInitiator.rulesStrings.2,broken2_n->[exclaim_low]...Wha...? [exclaim_low]...,li,InteractionDef/InteractionDef.xml,def
Fisting_Rape_Reply_Reverse.logRulesInitiator.rulesStrings.3,broken2_n->[exclaim_low]...my fist...[exclaim_low]!,li,InteractionDef/InteractionDef.xml,def
Fisting_Rape_Reply_Reverse.logRulesInitiator.rulesStrings.4,broken2_n->[exclaim_low]...I don't-[exclaim_low]...,li,InteractionDef/InteractionDef.xml,def
Fisting_Rape_Reply_Reverse.logRulesInitiator.rulesStrings.5,broken2_n->[exclaim_low]...your [ass]-[exclaim_low]...,li,InteractionDef/InteractionDef.xml,def
Fisting_Rape_Reply_Reverse.logRulesInitiator.rulesStrings.6,broken2_n->[exclaim_low]...my...body-[exclaim_low]...,li,InteractionDef/InteractionDef.xml,def
Fisting_Rape_Reply_Reverse.logRulesInitiator.rulesStrings.7,broken2_n->[exclaim_low]...whole fist...[exclaim_low]...in there?,li,InteractionDef/InteractionDef.xml,def
Fisting_Rape_Reply_Reverse.logRulesInitiator.rulesStrings.8,broken2_n->[exclaim_low]...I can't-[exclaim_low]...,li,InteractionDef/InteractionDef.xml,def
Fisting_Rape_Reply_Reverse.logRulesInitiator.rulesStrings.9,broken2_n->[exclaim_low]...Please...[exclaim_low]...,li,InteractionDef/InteractionDef.xml,def
Fisting_Rape_Reply_Reverse.logRulesInitiator.rulesStrings.10,broken2_n->[exclaim_low]...No more-[exclaim_low]...,li,InteractionDef/InteractionDef.xml,def
Fisting_Rape_Reply_Reverse.logRulesInitiator.rulesStrings.11,broken2_n->[exclaim_low]...It feels-[exclaim_low]...,li,InteractionDef/InteractionDef.xml,def
Fisting_Rape_Reply_Reverse.logRulesInitiator.rulesStrings.12,broken1_n->How many times...[exclaim_high]!,li,InteractionDef/InteractionDef.xml,def
Fisting_Rape_Reply_Reverse.logRulesInitiator.rulesStrings.13,"broken1_n->[exclaim_low]! When will you give me a break, [rapist]! [exclaim_low]!",li,InteractionDef/InteractionDef.xml,def
Fisting_Rape_Reply_Reverse.logRulesInitiator.rulesStrings.14,"broken1_n->Won't you ever leave me alone, [rapist]? [exclaim_low]!",li,InteractionDef/InteractionDef.xml,def
Fisting_Rape_Reply_Reverse.logRulesInitiator.rulesStrings.15,rape_react_n->Hey sto- [exclaim_low]!,li,InteractionDef/InteractionDef.xml,def
Fisting_Rape_Reply_Reverse.logRulesInitiator.rulesStrings.16,rape_react_n->Wait no! [exclaim_low]!,li,InteractionDef/InteractionDef.xml,def
Fisting_Rape_Reply_Reverse.logRulesInitiator.rulesStrings.17,rape_react_n->Please don't! [exclaim_low]!,li,InteractionDef/InteractionDef.xml,def
Fisting_Rape_Reply_Reverse.logRulesInitiator.rulesStrings.18,"rape_react_n->Oh just leave me alone, [RECIPIENT_nameDef]...[exclaim_low]!",li,InteractionDef/InteractionDef.xml,def
Fisting_Rape_Reply_Reverse.logRulesInitiator.rulesStrings.19,"rape_react_n->[exclaim_low]! Get your fucking ass away from me, [rapist]!",li,InteractionDef/InteractionDef.xml,def
Breastjob_Rape_Reply.label,breastjobrape — react to,label,InteractionDef/InteractionDef.xml,def
Breastjob_Rape_Reply.logRulesInitiator.rulesStrings.0,"masochist_n->[exclaim_low]! these [boobs] are yours, [rapist]!",li,InteractionDef/InteractionDef.xml,def
Breastjob_Rape_Reply.logRulesInitiator.rulesStrings.1,"masochist_n->[exclaim_low]! [fuck] my [boobs], [rapist]! [exclaim_low]!",li,InteractionDef/InteractionDef.xml,def
Breastjob_Rape_Reply.logRulesInitiator.rulesStrings.2,"masochist_n->[exclaim_low]! [rapist], cover my [boobs] with your [cum]! [exclaim_low]!",li,InteractionDef/InteractionDef.xml,def
Breastjob_Rape_Reply.logRulesInitiator.rulesStrings.3,broken2_n->[exclaim_low]...Wha...? More [penis]?...[exclaim_low]...,li,InteractionDef/InteractionDef.xml,def
Breastjob_Rape_Reply.logRulesInitiator.rulesStrings.4,broken2_n->[exclaim_low]...My [boobs]?...Like this?...[exclaim_low]...,li,InteractionDef/InteractionDef.xml,def
Breastjob_Rape_Reply.logRulesInitiator.rulesStrings.5,broken2_n->[exclaim_low]...I don't-[exclaim_low]...,li,InteractionDef/InteractionDef.xml,def
Breastjob_Rape_Reply.logRulesInitiator.rulesStrings.6,broken2_n->[exclaim_low]...you want to use these?...[exclaim_low]...,li,InteractionDef/InteractionDef.xml,def
Breastjob_Rape_Reply.logRulesInitiator.rulesStrings.7,broken2_n->[exclaim_low]...[penis]...[exclaim_low]...,li,InteractionDef/InteractionDef.xml,def
Breastjob_Rape_Reply.logRulesInitiator.rulesStrings.8,broken2_n->[exclaim_low]...I can't-[exclaim_low]...,li,InteractionDef/InteractionDef.xml,def
Breastjob_Rape_Reply.logRulesInitiator.rulesStrings.9,broken2_n->[exclaim_low]...Please...[exclaim_low]...,li,InteractionDef/InteractionDef.xml,def
Breastjob_Rape_Reply.logRulesInitiator.rulesStrings.10,broken2_n->[exclaim_low]...No more-[exclaim_low]...,li,InteractionDef/InteractionDef.xml,def
Breastjob_Rape_Reply.logRulesInitiator.rulesStrings.11,broken2_n->[exclaim_low]...It feels-[exclaim_low]...,li,InteractionDef/InteractionDef.xml,def
Breastjob_Rape_Reply.logRulesInitiator.rulesStrings.12,"broken1_n->[exclaim_low], just use my [boobs] and get it over with...[exclaim_low]!",li,InteractionDef/InteractionDef.xml,def
Breastjob_Rape_Reply.logRulesInitiator.rulesStrings.13,broken1_n->How many [penis]s have I-[exclaim_low]!,li,InteractionDef/InteractionDef.xml,def
Breastjob_Rape_Reply.logRulesInitiator.rulesStrings.14,broken1_n->How many times...[exclaim_low]!,li,InteractionDef/InteractionDef.xml,def
Breastjob_Rape_Reply.logRulesInitiator.rulesStrings.15,"broken1_n->[exclaim_low]! When will you give me a break, [rapist]! [exclaim_low]!",li,InteractionDef/InteractionDef.xml,def
Breastjob_Rape_Reply.logRulesInitiator.rulesStrings.16,broken1_n->[exclaim_low]! Please don't get [cum] all over my [boobs] again...[exclaim_low]!,li,InteractionDef/InteractionDef.xml,def
Breastjob_Rape_Reply.logRulesInitiator.rulesStrings.17,"broken1_n->[exclaim_low]! Won't you ever leave me alone, [rapist]?",li,InteractionDef/InteractionDef.xml,def
Breastjob_Rape_Reply.logRulesInitiator.rulesStrings.18,rape_react_n->Hey sto- [exclaim_low]!,li,InteractionDef/InteractionDef.xml,def
Breastjob_Rape_Reply.logRulesInitiator.rulesStrings.19,rape_react_n->Wait no! [exclaim_low]!,li,InteractionDef/InteractionDef.xml,def
Breastjob_Rape_Reply.logRulesInitiator.rulesStrings.20,rape_react_n->Please don't! [exclaim_low]!,li,InteractionDef/InteractionDef.xml,def
Breastjob_Rape_Reply.logRulesInitiator.rulesStrings.21,"rape_react_n->Oh just leave me alone, [RECIPIENT_nameDef]...[exclaim_low]!",li,InteractionDef/InteractionDef.xml,def
Breastjob_Rape_Reply.logRulesInitiator.rulesStrings.22,"rape_react_n->[exclaim_low]! Get your [penis] out of my [boobs], [rapist]!",li,InteractionDef/InteractionDef.xml,def
Breastjob_Rape_Reply_Reverse.label,breastjobrape — react to,label,InteractionDef/InteractionDef.xml,def
Breastjob_Rape_Reply_Reverse.logRulesInitiator.rulesStrings.0,"masochist_n->[exclaim_low]! I don't deserve your [boobs], [rapist]!",li,InteractionDef/InteractionDef.xml,def
Breastjob_Rape_Reply_Reverse.logRulesInitiator.rulesStrings.1,"masochist_n->[exclaim_low]! [rapist], your [boobs] are so soft! [exclaim_low]!",li,InteractionDef/InteractionDef.xml,def
Breastjob_Rape_Reply_Reverse.logRulesInitiator.rulesStrings.2,"masochist_n->[exclaim_low]! [rapist], you're gonna make me cover your [boobs] in [cum]! [exclaim_low]!",li,InteractionDef/InteractionDef.xml,def
Breastjob_Rape_Reply_Reverse.logRulesInitiator.rulesStrings.3,broken2_n->[exclaim_low]...Wha...? [exclaim_low]...,li,InteractionDef/InteractionDef.xml,def
Breastjob_Rape_Reply_Reverse.logRulesInitiator.rulesStrings.4,broken2_n->[exclaim_low]...your [boobs]...[exclaim_low]!,li,InteractionDef/InteractionDef.xml,def
Breastjob_Rape_Reply_Reverse.logRulesInitiator.rulesStrings.5,broken2_n->[exclaim_low]...I don't-[exclaim_low]...,li,InteractionDef/InteractionDef.xml,def
Breastjob_Rape_Reply_Reverse.logRulesInitiator.rulesStrings.6,broken2_n->[exclaim_low]...my [penis]-[exclaim_low]...,li,InteractionDef/InteractionDef.xml,def
Breastjob_Rape_Reply_Reverse.logRulesInitiator.rulesStrings.7,broken2_n->[exclaim_low]...so soft...[exclaim_low]...,li,InteractionDef/InteractionDef.xml,def
Breastjob_Rape_Reply_Reverse.logRulesInitiator.rulesStrings.8,broken2_n->[exclaim_low]...my...body-[exclaim_low]...,li,InteractionDef/InteractionDef.xml,def
Breastjob_Rape_Reply_Reverse.logRulesInitiator.rulesStrings.9,broken2_n->[exclaim_low]...I can't-[exclaim_low]...,li,InteractionDef/InteractionDef.xml,def
Breastjob_Rape_Reply_Reverse.logRulesInitiator.rulesStrings.10,broken2_n->[exclaim_low]...Please...[exclaim_low]...,li,InteractionDef/InteractionDef.xml,def
Breastjob_Rape_Reply_Reverse.logRulesInitiator.rulesStrings.11,broken2_n->[exclaim_low]...No more-[exclaim_low]...,li,InteractionDef/InteractionDef.xml,def
Breastjob_Rape_Reply_Reverse.logRulesInitiator.rulesStrings.12,broken2_n->[exclaim_low]...It feels-[exclaim_low]...,li,InteractionDef/InteractionDef.xml,def
Breastjob_Rape_Reply_Reverse.logRulesInitiator.rulesStrings.13,broken1_n->[exclaim_low]! Just because I'm hard doesn't-[exclaim_low]!,li,InteractionDef/InteractionDef.xml,def
Breastjob_Rape_Reply_Reverse.logRulesInitiator.rulesStrings.14,broken1_n->How many times...[exclaim_low]!,li,InteractionDef/InteractionDef.xml,def
Breastjob_Rape_Reply_Reverse.logRulesInitiator.rulesStrings.15,"broken1_n->[exclaim_low]! When will you...[exclaim_low]...give me a break, [rapist!] [exclaim_low]!",li,InteractionDef/InteractionDef.xml,def
Breastjob_Rape_Reply_Reverse.logRulesInitiator.rulesStrings.16,"broken1_n->Won't you ever leave me alone, [rapist]? [exclaim_low]!",li,InteractionDef/InteractionDef.xml,def
Breastjob_Rape_Reply_Reverse.logRulesInitiator.rulesStrings.17,"broken1_n->[exclaim_low]! My balls are totally drained, [rapist]! [exclaim_low]!",li,InteractionDef/InteractionDef.xml,def
Breastjob_Rape_Reply_Reverse.logRulesInitiator.rulesStrings.18,rape_react_n->Hey sto- [exclaim_low]!,li,InteractionDef/InteractionDef.xml,def
Breastjob_Rape_Reply_Reverse.logRulesInitiator.rulesStrings.19,rape_react_n->Wait no! [exclaim_low]!,li,InteractionDef/InteractionDef.xml,def
Breastjob_Rape_Reply_Reverse.logRulesInitiator.rulesStrings.20,rape_react_n->Let go! [exclaim_low]!,li,InteractionDef/InteractionDef.xml,def
Breastjob_Rape_Reply_Reverse.logRulesInitiator.rulesStrings.21,"rape_react_n->Oh just leave me alone, [rapist]...[exclaim_low]!",li,InteractionDef/InteractionDef.xml,def
Breastjob_Rape_Reply_Reverse.logRulesInitiator.rulesStrings.22,"rape_react_n->[exclaim_low]! Get your [boobs] off me, [rapist]!",li,InteractionDef/InteractionDef.xml,def
Breastjob_Rape_Reply_Reverse.logRulesInitiator.rulesStrings.23,"rape_react_n->Stop, [rapist]! [exclaim_low]!",li,InteractionDef/InteractionDef.xml,def
Scissoring_Rape_Reply.label,scissoringrape — react to,label,InteractionDef/InteractionDef.xml,def
Scissoring_Rape_Reply.logRulesInitiator.rulesStrings.0,"masochist_n->[exclaim_low]! This [vagina] is yours, [rapist]!",li,InteractionDef/InteractionDef.xml,def
Scissoring_Rape_Reply.logRulesInitiator.rulesStrings.1,"masochist_n->[exclaim_low]! I don't deserve your [vagina], [rapist]! [exclaim_low]!",li,InteractionDef/InteractionDef.xml,def
Scissoring_Rape_Reply.logRulesInitiator.rulesStrings.2,broken2_n->[exclaim_low]...Wha...? [vagina]?...[exclaim_low]...,li,InteractionDef/InteractionDef.xml,def
Scissoring_Rape_Reply.logRulesInitiator.rulesStrings.3,broken2_n->[exclaim_low]...My hips...moving on their own...[exclaim_low]...,li,InteractionDef/InteractionDef.xml,def
Scissoring_Rape_Reply.logRulesInitiator.rulesStrings.4,broken2_n->[exclaim_low]...I don't-[exclaim_low]...,li,InteractionDef/InteractionDef.xml,def
Scissoring_Rape_Reply.logRulesInitiator.rulesStrings.5,broken2_n->Just lie down here?...[exclaim_low]...,li,InteractionDef/InteractionDef.xml,def
Scissoring_Rape_Reply.logRulesInitiator.rulesStrings.6,broken2_n->[exclaim_low]...[vagina]...[exclaim_low]...grinding...,li,InteractionDef/InteractionDef.xml,def
Scissoring_Rape_Reply.logRulesInitiator.rulesStrings.7,broken2_n->[exclaim_low]...I can't-[exclaim_low]...,li,InteractionDef/InteractionDef.xml,def
Scissoring_Rape_Reply.logRulesInitiator.rulesStrings.8,broken2_n->[exclaim_low]...Please...[exclaim_low]...,li,InteractionDef/InteractionDef.xml,def
Scissoring_Rape_Reply.logRulesInitiator.rulesStrings.9,broken2_n->[exclaim_low]...No more-[exclaim_low]...,li,InteractionDef/InteractionDef.xml,def
Scissoring_Rape_Reply.logRulesInitiator.rulesStrings.10,broken2_n->[exclaim_low]...It feels-[exclaim_low]...,li,InteractionDef/InteractionDef.xml,def
Scissoring_Rape_Reply.logRulesInitiator.rulesStrings.11,"broken1_n->[exclaim_low], just grind my [pussy] and get it over with...[exclaim_low]!",li,InteractionDef/InteractionDef.xml,def
Scissoring_Rape_Reply.logRulesInitiator.rulesStrings.12,broken1_n->How many times...[exclaim_low]!,li,InteractionDef/InteractionDef.xml,def
Scissoring_Rape_Reply.logRulesInitiator.rulesStrings.13,"broken1_n->[exclaim_low]! When will you give me a break, [rapist]! [exclaim_low]!",li,InteractionDef/InteractionDef.xml,def
Scissoring_Rape_Reply.logRulesInitiator.rulesStrings.14,"broken1_n->[exclaim_low]! Won't you ever leave me alone, [rapist]?",li,InteractionDef/InteractionDef.xml,def
Scissoring_Rape_Reply.logRulesInitiator.rulesStrings.15,rape_react_n->Hey sto- [exclaim_low]!,li,InteractionDef/InteractionDef.xml,def
Scissoring_Rape_Reply.logRulesInitiator.rulesStrings.16,rape_react_n->Please don't! [exclaim_low]!,li,InteractionDef/InteractionDef.xml,def
Scissoring_Rape_Reply.logRulesInitiator.rulesStrings.17,"rape_react_n->[RECIPIENT_nameDef], please don't- [exclaim_low]!",li,InteractionDef/InteractionDef.xml,def
Scissoring_Rape_Reply.logRulesInitiator.rulesStrings.18,"rape_react_n->[exclaim_low]...just leave me alone, [RECIPIENT_nameDef]...[exclaim_low]!",li,InteractionDef/InteractionDef.xml,def
Scissoring_Rape_Reply.logRulesInitiator.rulesStrings.19,"rape_react_n->[exclaim_low]! Get your stinking cunt off me, [rapist]!",li,InteractionDef/InteractionDef.xml,def
Scissoring_Rape_Reply.logRulesInitiator.rulesStrings.20,"rape_react_n->[exclaim_low]! Get off me, [rapist]!",li,InteractionDef/InteractionDef.xml,def
Scissoring_Rape_Reply.logRulesInitiator.rulesStrings.21,"rape_react_n->Stop, [rapist]...[exclaim_low]!",li,InteractionDef/InteractionDef.xml,def
Rimming_Rape_Reply.label,rimmingrape — react to,label,InteractionDef/InteractionDef.xml,def
Rimming_Rape_Reply.logRulesInitiator.rulesStrings.0,"masochist_n->*[exclaim_oral]* Dis tongue *[exclaim_oral]* ess euoors, [rapist]! *[exclaim_oral]*",li,InteractionDef/InteractionDef.xml,def
Rimming_Rape_Reply.logRulesInitiator.rulesStrings.1,masochist_n->*[exclaim_oral]* [rapist]! [fuck] my mouf *[exclaim_oral]* wiv euorr [ass]! *[exclaim_oral]*,li,InteractionDef/InteractionDef.xml,def
Rimming_Rape_Reply.logRulesInitiator.rulesStrings.2,broken2_n->*[exclaim_oral]*...Wha...? Your [ass]?...*[exclaim_oral]*...,li,InteractionDef/InteractionDef.xml,def
Rimming_Rape_Reply.logRulesInitiator.rulesStrings.3,broken2_n->*[exclaim_oral]*...I don't-*[exclaim_oral]*...,li,InteractionDef/InteractionDef.xml,def
Rimming_Rape_Reply.logRulesInitiator.rulesStrings.4,broken2_n->*[exclaim_oral]*...my tongue-*[exclaim_oral]*...,li,InteractionDef/InteractionDef.xml,def
Rimming_Rape_Reply.logRulesInitiator.rulesStrings.5,broken2_n->*[exclaim_oral]*...your [ass]...*[exclaim_oral]*,li,InteractionDef/InteractionDef.xml,def
Rimming_Rape_Reply.logRulesInitiator.rulesStrings.6,broken2_n->*[exclaim_oral]*...I can't-*[exclaim_oral]*...,li,InteractionDef/InteractionDef.xml,def
Rimming_Rape_Reply.logRulesInitiator.rulesStrings.7,broken2_n->*[exclaim_oral]*...Please...*[exclaim_oral]*...,li,InteractionDef/InteractionDef.xml,def
Rimming_Rape_Reply.logRulesInitiator.rulesStrings.8,broken2_n->*[exclaim_oral]*...No more-*[exclaim_oral]*...,li,InteractionDef/InteractionDef.xml,def
Rimming_Rape_Reply.logRulesInitiator.rulesStrings.9,broken2_n->*[exclaim_oral]*...It feels-*[exclaim_oral]*...,li,InteractionDef/InteractionDef.xml,def
Rimming_Rape_Reply.logRulesInitiator.rulesStrings.10,broken1_n->I don't want to taste another-*[exclaim_oral]* [ass]! *[exclaim_oral]*,li,InteractionDef/InteractionDef.xml,def
Rimming_Rape_Reply.logRulesInitiator.rulesStrings.11,broken1_n->How many times...*[exclaim_oral]*,li,InteractionDef/InteractionDef.xml,def
Rimming_Rape_Reply.logRulesInitiator.rulesStrings.12,broken1_n->*[exclaim_oral]* *[exclaim_oral]* *[exclaim_oral]*,li,InteractionDef/InteractionDef.xml,def
Rimming_Rape_Reply.logRulesInitiator.rulesStrings.13,rape_react_n->*[exclaim_oral]* Ged oour [derogadj] *[exclaim_oral]* [ass] oouv my mouph! *[exclaim_oral]*,li,InteractionDef/InteractionDef.xml,def
Rimming_Rape_Reply.logRulesInitiator.rulesStrings.14,"rape_react_n->*[exclaim_oral]* Phvuck *[exclaim_oral]* eoouh, [rapist] *[exclaim_oral]*",li,InteractionDef/InteractionDef.xml,def
Rimming_Rape_Reply.logRulesInitiator.rulesStrings.15,rape_react_n->*[exclaim_oral]* *[exclaim_oral]* *[exclaim_oral]*,li,InteractionDef/InteractionDef.xml,def
Rimming_Rape_Reply_Reverse.label,rimmingrapef — react to,label,InteractionDef/InteractionDef.xml,def
Rimming_Rape_Reply_Reverse.logRulesInitiator.rulesStrings.0,"masochist_n->[exclaim_low]! This [ass] is yours, [rapist]!",li,InteractionDef/InteractionDef.xml,def
Rimming_Rape_Reply_Reverse.logRulesInitiator.rulesStrings.1,"masochist_n->[exclaim_low], [rapist]! [fuck] my [ass] with that tongue! [exclaim_low]!",li,InteractionDef/InteractionDef.xml,def
Rimming_Rape_Reply_Reverse.logRulesInitiator.rulesStrings.2,broken2_n->[exclaim_low]...Wha...? Tongue on my-[exclaim_low]...,li,InteractionDef/InteractionDef.xml,def
Rimming_Rape_Reply_Reverse.logRulesInitiator.rulesStrings.3,broken2_n->[exclaim_low]...I don't-[exclaim_low]...,li,InteractionDef/InteractionDef.xml,def
Rimming_Rape_Reply_Reverse.logRulesInitiator.rulesStrings.4,broken2_n->[exclaim_low]...my [ass]-[exclaim_low]...wet...,li,InteractionDef/InteractionDef.xml,def
Rimming_Rape_Reply_Reverse.logRulesInitiator.rulesStrings.5,broken2_n->[exclaim_low]...your tongue...[exclaim_low],li,InteractionDef/InteractionDef.xml,def
Rimming_Rape_Reply_Reverse.logRulesInitiator.rulesStrings.6,broken2_n->[exclaim_low]...I can't-[exclaim_low]...,li,InteractionDef/InteractionDef.xml,def
Rimming_Rape_Reply_Reverse.logRulesInitiator.rulesStrings.7,broken2_n->[exclaim_low]...Please...[exclaim_low]...,li,InteractionDef/InteractionDef.xml,def
Rimming_Rape_Reply_Reverse.logRulesInitiator.rulesStrings.8,broken2_n->[exclaim_low]...No more-[exclaim_low]...,li,InteractionDef/InteractionDef.xml,def
Rimming_Rape_Reply_Reverse.logRulesInitiator.rulesStrings.9,broken2_n->[exclaim_low]...It feels-[exclaim_low]...,li,InteractionDef/InteractionDef.xml,def
Rimming_Rape_Reply_Reverse.logRulesInitiator.rulesStrings.10,"broken1_n->[exclaim_low], just get this over with...[exclaim_low]!",li,InteractionDef/InteractionDef.xml,def
Rimming_Rape_Reply_Reverse.logRulesInitiator.rulesStrings.11,broken1_n->How many times...[exclaim_low]!,li,InteractionDef/InteractionDef.xml,def
Rimming_Rape_Reply_Reverse.logRulesInitiator.rulesStrings.12,"broken1_n->[exclaim_low]! When will you give me a break, [rapist]! [exclaim_low]!",li,InteractionDef/InteractionDef.xml,def
Rimming_Rape_Reply_Reverse.logRulesInitiator.rulesStrings.13,broken1_n->My [ass] can't handle another tongue-fucking...[exclaim_low]!,li,InteractionDef/InteractionDef.xml,def
Rimming_Rape_Reply_Reverse.logRulesInitiator.rulesStrings.14,"broken1_n->[exclaim_low]! Won't you ever leave me alone, [rapist]?",li,InteractionDef/InteractionDef.xml,def
Rimming_Rape_Reply_Reverse.logRulesInitiator.rulesStrings.15,rape_react_n->Hey sto- [exclaim_low]!,li,InteractionDef/InteractionDef.xml,def
Rimming_Rape_Reply_Reverse.logRulesInitiator.rulesStrings.16,"rape_react_n->Get your-[exclaim_low]...[derogadj] tongue out of my-[exclaim_low]...[ass], [rapist]!",li,InteractionDef/InteractionDef.xml,def
Rimming_Rape_Reply_Reverse.logRulesInitiator.rulesStrings.17,"rape_react_n->Get your-[exclaim_low]...[derogadj] mouth away from my-[exclaim_low]...[ass], [rapist]!",li,InteractionDef/InteractionDef.xml,def
Cunnilingus_Rape_Reply.label,cunnilingusrape — react to,label,InteractionDef/InteractionDef.xml,def
Cunnilingus_Rape_Reply.logRulesInitiator.rulesStrings.0,"masochist_n->*[exclaim_oral]* My tongue *[exclaim_oral]* ess euoors, [rapist]!",li,InteractionDef/InteractionDef.xml,def
Cunnilingus_Rape_Reply.logRulesInitiator.rulesStrings.1,"masochist_n->*[exclaim_oral]* [rapist], I dund desurph *[exclaim_oral]* to tasd euoor [vagina] *[exclaim_oral]*",li,InteractionDef/InteractionDef.xml,def
Cunnilingus_Rape_Reply.logRulesInitiator.rulesStrings.2,broken2_n->...Wha...? [vagina]?...*[exclaim_oral]*...,li,InteractionDef/InteractionDef.xml,def
Cunnilingus_Rape_Reply.logRulesInitiator.rulesStrings.3,broken2_n->*[exclaim_oral]*...[vagina]...*[exclaim_oral]*...wet...,li,InteractionDef/InteractionDef.xml,def
Cunnilingus_Rape_Reply.logRulesInitiator.rulesStrings.4,broken2_n->[exclaim_low]...I don't-*[exclaim_oral]*...,li,InteractionDef/InteractionDef.xml,def
Cunnilingus_Rape_Reply.logRulesInitiator.rulesStrings.5,broken2_n->[exclaim_low]...my mouth...? Like this?...*[exclaim_oral]*...,li,InteractionDef/InteractionDef.xml,def
Cunnilingus_Rape_Reply.logRulesInitiator.rulesStrings.6,broken2_n->*[exclaim_oral]*...it...tastes-*[exclaim_oral]*...,li,InteractionDef/InteractionDef.xml,def
Cunnilingus_Rape_Reply.logRulesInitiator.rulesStrings.7,broken2_n->[exclaim_low]...my...body-[exclaim_low]...,li,InteractionDef/InteractionDef.xml,def
Cunnilingus_Rape_Reply.logRulesInitiator.rulesStrings.8,broken2_n->[exclaim_low]...I can't-[exclaim_low]...,li,InteractionDef/InteractionDef.xml,def
Cunnilingus_Rape_Reply.logRulesInitiator.rulesStrings.9,broken2_n->[exclaim_low]...Please...[exclaim_low]...,li,InteractionDef/InteractionDef.xml,def
Cunnilingus_Rape_Reply.logRulesInitiator.rulesStrings.10,broken2_n->[exclaim_low]...No more-[exclaim_low]...,li,InteractionDef/InteractionDef.xml,def
Cunnilingus_Rape_Reply.logRulesInitiator.rulesStrings.11,broken2_n->[exclaim_low]...It feels-[exclaim_low]...,li,InteractionDef/InteractionDef.xml,def
Cunnilingus_Rape_Reply.logRulesInitiator.rulesStrings.12,broken1_n->How many [vagina]s do I have to-*[exclaim_oral]*!,li,InteractionDef/InteractionDef.xml,def
Cunnilingus_Rape_Reply.logRulesInitiator.rulesStrings.13,broken1_n->How many times...*[exclaim_oral]*!,li,InteractionDef/InteractionDef.xml,def
Cunnilingus_Rape_Reply.logRulesInitiator.rulesStrings.14,broken1_n->*[exclaim_oral]* *[exclaim_oral]* *[exclaim_oral]*,li,InteractionDef/InteractionDef.xml,def
Cunnilingus_Rape_Reply.logRulesInitiator.rulesStrings.15,broken1_n->If I have to taste any more [vagina] I'm going to be sick! *[exclaim_oral]*,li,InteractionDef/InteractionDef.xml,def
Cunnilingus_Rape_Reply.logRulesInitiator.rulesStrings.16,rape_react_n->Hey sto- [exclaim_oral]!,li,InteractionDef/InteractionDef.xml,def
Cunnilingus_Rape_Reply.logRulesInitiator.rulesStrings.17,rape_react_n->*[exclaim_oral]* Ged oour [derogadj] *[exclaim_oral]* [vagina] oouv my mouph! *[exclaim_oral]*,li,InteractionDef/InteractionDef.xml,def
Cunnilingus_Rape_Reply.logRulesInitiator.rulesStrings.18,"rape_react_n->*[exclaim_oral]* Phvuck *[exclaim_oral]* eoouh, [rapist]! *[exclaim_oral]*",li,InteractionDef/InteractionDef.xml,def
Cunnilingus_Rape_Reply.logRulesInitiator.rulesStrings.19,rape_react_n->*[exclaim_oral]* *[exclaim_oral]* *[exclaim_oral]*,li,InteractionDef/InteractionDef.xml,def
Cunnilingus_Rape_Reply_Reverse.label,cunnilingusrape — react to,label,InteractionDef/InteractionDef.xml,def
Cunnilingus_Rape_Reply_Reverse.logRulesInitiator.rulesStrings.0,"masochist_n->[exclaim_low]! [fuck] my [vagina] with that tongue, [rapist]!",li,InteractionDef/InteractionDef.xml,def
Cunnilingus_Rape_Reply_Reverse.logRulesInitiator.rulesStrings.1,"masochist_n->[exclaim_low]! You're too good to me, [rapist]! [exclaim_low]!",li,InteractionDef/InteractionDef.xml,def
Cunnilingus_Rape_Reply_Reverse.logRulesInitiator.rulesStrings.2,"masochist_n->[exclaim_low]! [rapist], this [vagina] is yours! [exclaim_low]!",li,InteractionDef/InteractionDef.xml,def
Cunnilingus_Rape_Reply_Reverse.logRulesInitiator.rulesStrings.3,broken2_n->[exclaim_low]...Wha...? Tongue on my-[exclaim_low]...,li,InteractionDef/InteractionDef.xml,def
Cunnilingus_Rape_Reply_Reverse.logRulesInitiator.rulesStrings.4,broken2_n->[exclaim_low]...I don't-[exclaim_low]...,li,InteractionDef/InteractionDef.xml,def
Cunnilingus_Rape_Reply_Reverse.logRulesInitiator.rulesStrings.5,broken2_n->[exclaim_low]...my [vagina]-[exclaim_low]...so wet...,li,InteractionDef/InteractionDef.xml,def
Cunnilingus_Rape_Reply_Reverse.logRulesInitiator.rulesStrings.6,broken2_n->[exclaim_low]...your tongue...[exclaim_low],li,InteractionDef/InteractionDef.xml,def
Cunnilingus_Rape_Reply_Reverse.logRulesInitiator.rulesStrings.7,broken2_n->[exclaim_low]...I can't-[exclaim_low]...,li,InteractionDef/InteractionDef.xml,def
Cunnilingus_Rape_Reply_Reverse.logRulesInitiator.rulesStrings.8,broken2_n->[exclaim_low]...Please...[exclaim_low]...,li,InteractionDef/InteractionDef.xml,def
Cunnilingus_Rape_Reply_Reverse.logRulesInitiator.rulesStrings.9,broken2_n->[exclaim_low]...No more-[exclaim_low]...,li,InteractionDef/InteractionDef.xml,def
Cunnilingus_Rape_Reply_Reverse.logRulesInitiator.rulesStrings.10,"broken1_n->[exclaim_low], just because I'm wet doesn't mean I like it...[exclaim_low]!",li,InteractionDef/InteractionDef.xml,def
Cunnilingus_Rape_Reply_Reverse.logRulesInitiator.rulesStrings.11,broken1_n->How many times...[exclaim_low]!,li,InteractionDef/InteractionDef.xml,def
Cunnilingus_Rape_Reply_Reverse.logRulesInitiator.rulesStrings.12,"broken1_n->[exclaim_low]! When will you give me a break, [rapist]! [exclaim_low]!",li,InteractionDef/InteractionDef.xml,def
Cunnilingus_Rape_Reply_Reverse.logRulesInitiator.rulesStrings.13,"broken1_n->[exclaim_low]! Don't cover my [vagina] with your nasty slobber again, [rapist]! [exclaim_low]!",li,InteractionDef/InteractionDef.xml,def
Cunnilingus_Rape_Reply_Reverse.logRulesInitiator.rulesStrings.14,"broken1_n->[exclaim_low]! Won't you ever leave me alone, [rapist]?",li,InteractionDef/InteractionDef.xml,def
Cunnilingus_Rape_Reply_Reverse.logRulesInitiator.rulesStrings.15,rape_react_n->Hey sto- [exclaim_low]!,li,InteractionDef/InteractionDef.xml,def
Cunnilingus_Rape_Reply_Reverse.logRulesInitiator.rulesStrings.16,rape_react_n->Wait no! [exclaim_low]!,li,InteractionDef/InteractionDef.xml,def
Cunnilingus_Rape_Reply_Reverse.logRulesInitiator.rulesStrings.17,rape_react_n->Please don't! [exclaim_low]!,li,InteractionDef/InteractionDef.xml,def
Cunnilingus_Rape_Reply_Reverse.logRulesInitiator.rulesStrings.18,"rape_react_n->Get your-[exclaim_low]...[derogadj] tongue out of my-[exclaim_low]...[vagina], [rapist]!",li,InteractionDef/InteractionDef.xml,def
Cunnilingus_Rape_Reply_Reverse.logRulesInitiator.rulesStrings.19,"rape_react_n->Get your-[exclaim_low]...[derogadj] mouth away from my-[exclaim_low]...[vagina], [rapist]!",li,InteractionDef/InteractionDef.xml,def
Fellatio_Rape_Reply.label,fellatiorape — react to,label,InteractionDef/InteractionDef.xml,def
Fellatio_Rape_Reply.logRulesInitiator.rulesStrings.0,masochist_n->*[exclaim_oral]* *[exclaim_oral]* *[exclaim_oral]*,li,InteractionDef/InteractionDef.xml,def
Fellatio_Rape_Reply.logRulesInitiator.rulesStrings.1,masochist_n->*[exclaim_oral]* [fuck] my throat *[exclaim_oral]* wiv oour [penis]! *[exclaim_oral]*,li,InteractionDef/InteractionDef.xml,def
Fellatio_Rape_Reply.logRulesInitiator.rulesStrings.2,"masochist_n->*[exclaim_oral]* My mouf *[exclaim_oral]* is euoors, [rapist]! *[exclaim_oral]*",li,InteractionDef/InteractionDef.xml,def
Fellatio_Rape_Reply.logRulesInitiator.rulesStrings.3,"masochist_n->*[exclaim_oral]* I'll swalloow *[exclaim_oral]* euoor [cum], [rapist]! *[exclaim_oral]*",li,InteractionDef/InteractionDef.xml,def
Fellatio_Rape_Reply.logRulesInitiator.rulesStrings.4,broken2_n->*[exclaim_oral]*...[penis]s...*[exclaim_oral]*...[cum]...,li,InteractionDef/InteractionDef.xml,def
Fellatio_Rape_Reply.logRulesInitiator.rulesStrings.5,broken2_n->More [penis]s...*[exclaim_oral]*,li,InteractionDef/InteractionDef.xml,def
Fellatio_Rape_Reply.logRulesInitiator.rulesStrings.6,broken2_n->[exclaim_low]...Wha...? [penis]?...*[exclaim_oral]*...,li,InteractionDef/InteractionDef.xml,def
Fellatio_Rape_Reply.logRulesInitiator.rulesStrings.7,broken2_n->[exclaim_low]...I don't-*[exclaim_oral]*...,li,InteractionDef/InteractionDef.xml,def
Fellatio_Rape_Reply.logRulesInitiator.rulesStrings.8,broken2_n->[exclaim_low]...my mouth...? Like this?...*[exclaim_low]*...,li,InteractionDef/InteractionDef.xml,def
Fellatio_Rape_Reply.logRulesInitiator.rulesStrings.9,broken2_n->*[exclaim_oral]*...my...throat-*[exclaim_oral]*...,li,InteractionDef/InteractionDef.xml,def
Fellatio_Rape_Reply.logRulesInitiator.rulesStrings.10,broken2_n->[exclaim_low]...I can't-*[exclaim_oral]*...,li,InteractionDef/InteractionDef.xml,def
Fellatio_Rape_Reply.logRulesInitiator.rulesStrings.11,broken2_n->[exclaim_low]...Please...*[exclaim_oral]*...,li,InteractionDef/InteractionDef.xml,def
Fellatio_Rape_Reply.logRulesInitiator.rulesStrings.12,broken2_n->[exclaim_low]...No more-*[exclaim_oral]*...,li,InteractionDef/InteractionDef.xml,def
Fellatio_Rape_Reply.logRulesInitiator.rulesStrings.13,broken2_n->*[exclaim_oral]*...It's so-*[exclaim_oral]*...,li,InteractionDef/InteractionDef.xml,def
Fellatio_Rape_Reply.logRulesInitiator.rulesStrings.14,broken2_n->*[exclaim_oral]*...[cum]...*[exclaim_oral]*...for me?...,li,InteractionDef/InteractionDef.xml,def
Fellatio_Rape_Reply.logRulesInitiator.rulesStrings.15,broken1_n->How many [penis]s do I have to-*[exclaim_oral]*!,li,InteractionDef/InteractionDef.xml,def
Fellatio_Rape_Reply.logRulesInitiator.rulesStrings.16,broken1_n->How many times...*[exclaim_oral]*!,li,InteractionDef/InteractionDef.xml,def
Fellatio_Rape_Reply.logRulesInitiator.rulesStrings.17,broken1_n->*[exclaim_oral]* *[exclaim_oral]* *[exclaim_oral]*,li,InteractionDef/InteractionDef.xml,def
Fellatio_Rape_Reply.logRulesInitiator.rulesStrings.18,broken1_n->If I have to swallow any more [cum] I'm going to be sick! *[exclaim_oral]*,li,InteractionDef/InteractionDef.xml,def
Fellatio_Rape_Reply.logRulesInitiator.rulesStrings.19,rape_react_n->Hey sto- *[exclaim_oral]*!,li,InteractionDef/InteractionDef.xml,def
Fellatio_Rape_Reply.logRulesInitiator.rulesStrings.20,rape_react_n->*[exclaim_oral]* *[exclaim_oral]* *[exclaim_oral]*,li,InteractionDef/InteractionDef.xml,def
Fellatio_Rape_Reply.logRulesInitiator.rulesStrings.21,rape_react_n->*[exclaim_oral]* Ged oour [derogadj] *[exclaim_oral]* [penis] oouv my mouph! *[exclaim_oral]*,li,InteractionDef/InteractionDef.xml,def
Fellatio_Rape_Reply.logRulesInitiator.rulesStrings.22,"rape_react_n->*[exclaim_oral]* Phvuck *[exclaim_oral]* eoouh, [rapist]! *[exclaim_oral]*",li,InteractionDef/InteractionDef.xml,def
Fellatio_Rape_Reply_Reverse.label,fellatiorape — react to,label,InteractionDef/InteractionDef.xml,def
Fellatio_Rape_Reply_Reverse.logRulesInitiator.rulesStrings.0,"masochist_n->[exclaim_low]! My [penis] is yours, [rapist]!",li,InteractionDef/InteractionDef.xml,def
Fellatio_Rape_Reply_Reverse.logRulesInitiator.rulesStrings.1,"masochist_n->[exclaim_low]! Please, [rapist], you're too good to me! [exclaim_low]!",li,InteractionDef/InteractionDef.xml,def
Fellatio_Rape_Reply_Reverse.logRulesInitiator.rulesStrings.2,"masochist_n->[exclaim_low]! [rapist], I'm gonna shoot my [cum] down your throat! [exclaim_low]!",li,InteractionDef/InteractionDef.xml,def
Fellatio_Rape_Reply_Reverse.logRulesInitiator.rulesStrings.3,"masochist_n->[exclaim_low]! [rapist], Your mouth is too good! [exclaim_low]!",li,InteractionDef/InteractionDef.xml,def
Fellatio_Rape_Reply_Reverse.logRulesInitiator.rulesStrings.4,broken2_n->[exclaim_low]...Wha...? Mouth on my-[exclaim_low]...,li,InteractionDef/InteractionDef.xml,def
Fellatio_Rape_Reply_Reverse.logRulesInitiator.rulesStrings.5,broken2_n->[exclaim_low]...my [penis]-[exclaim_low]...,li,InteractionDef/InteractionDef.xml,def
Fellatio_Rape_Reply_Reverse.logRulesInitiator.rulesStrings.6,broken2_n->[exclaim_low]...I don't-*[exclaim_low]*...,li,InteractionDef/InteractionDef.xml,def
Fellatio_Rape_Reply_Reverse.logRulesInitiator.rulesStrings.7,broken2_n->[exclaim_low]...licking...[exclaim_low]...there...[exclaim_low],li,InteractionDef/InteractionDef.xml,def
Fellatio_Rape_Reply_Reverse.logRulesInitiator.rulesStrings.8,broken2_n->[exclaim_low]...your mouth...[exclaim_low]...,li,InteractionDef/InteractionDef.xml,def
Fellatio_Rape_Reply_Reverse.logRulesInitiator.rulesStrings.9,broken2_n->[exclaim_low]...my...body-[exclaim_low]...,li,InteractionDef/InteractionDef.xml,def
Fellatio_Rape_Reply_Reverse.logRulesInitiator.rulesStrings.10,broken2_n->[exclaim_low]...I can't-[exclaim_low]...,li,InteractionDef/InteractionDef.xml,def
Fellatio_Rape_Reply_Reverse.logRulesInitiator.rulesStrings.11,broken2_n->[exclaim_low]...Please...[exclaim_low]...,li,InteractionDef/InteractionDef.xml,def
Fellatio_Rape_Reply_Reverse.logRulesInitiator.rulesStrings.12,broken2_n->[exclaim_low]...No more-[exclaim_low]...,li,InteractionDef/InteractionDef.xml,def
Fellatio_Rape_Reply_Reverse.logRulesInitiator.rulesStrings.13,broken2_n->[exclaim_low]...It feels-[exclaim_low]...,li,InteractionDef/InteractionDef.xml,def
Fellatio_Rape_Reply_Reverse.logRulesInitiator.rulesStrings.14,"broken1_n->[exclaim_low], just because I'm hard doesn't mean I like it...[exclaim_low]!",li,InteractionDef/InteractionDef.xml,def
Fellatio_Rape_Reply_Reverse.logRulesInitiator.rulesStrings.15,broken1_n->How many times...[exclaim_low]!,li,InteractionDef/InteractionDef.xml,def
Fellatio_Rape_Reply_Reverse.logRulesInitiator.rulesStrings.16,"broken1_n->[exclaim_low]! When will you give me a break, [rapist]! [exclaim_low]!",li,InteractionDef/InteractionDef.xml,def
Fellatio_Rape_Reply_Reverse.logRulesInitiator.rulesStrings.17,"broken1_n->[exclaim_low]! Don't cover my [penis] with your nasty slobber again, [rapist]! [exclaim_low]!",li,InteractionDef/InteractionDef.xml,def
Fellatio_Rape_Reply_Reverse.logRulesInitiator.rulesStrings.18,"broken1_n->[exclaim_low]! Won't you ever leave me alone, [rapist]?",li,InteractionDef/InteractionDef.xml,def
Fellatio_Rape_Reply_Reverse.logRulesInitiator.rulesStrings.19,rape_react_n->Hey sto- [exclaim_low]!,li,InteractionDef/InteractionDef.xml,def
Fellatio_Rape_Reply_Reverse.logRulesInitiator.rulesStrings.20,"rape_react_n->Get your-[exclaim_low]...[derogadj] mouth off my-[exclaim_low]...[penis], [rapist]!",li,InteractionDef/InteractionDef.xml,def
Fellatio_Rape_Reply_Reverse.logRulesInitiator.rulesStrings.21,"rape_react_n->[exclaim_low]...Stop, [rapist], I'm [exclaim_low] gonna...[exclaim_low]!",li,InteractionDef/InteractionDef.xml,def
DoublePenetration_Rape_Reply.label,dprape — react to,label,InteractionDef/InteractionDef.xml,def
DoublePenetration_Rape_Reply.logRulesInitiator.rulesStrings.0,"masochist_n->[exclaim_high]! [fuck] my holes, [rapist]!",li,InteractionDef/InteractionDef.xml,def
DoublePenetration_Rape_Reply.logRulesInitiator.rulesStrings.1,"masochist_n->[exclaim_high]! Fill my [ass] and [vagina] with your [cum], [rapist]! [exclaim_high]!",li,InteractionDef/InteractionDef.xml,def
DoublePenetration_Rape_Reply.logRulesInitiator.rulesStrings.2,masochist_n->[exclaim_high]! [fuck] my [exclaim_high] holes! [exclaim_high]!,li,InteractionDef/InteractionDef.xml,def
DoublePenetration_Rape_Reply.logRulesInitiator.rulesStrings.3,"masochist_n->[exclaim_high]! Pump me full of [cum], [rapist]!",li,InteractionDef/InteractionDef.xml,def
DoublePenetration_Rape_Reply.logRulesInitiator.rulesStrings.4,"masochist_n->[exclaim_high]! Impregnate me, [rapist]! [exclaim_high]!",li,InteractionDef/InteractionDef.xml,def
DoublePenetration_Rape_Reply.logRulesInitiator.rulesStrings.5,broken2_n->[exclaim_low]...[penis]s-[exclaim_low]...[cum]...,li,InteractionDef/InteractionDef.xml,def
DoublePenetration_Rape_Reply.logRulesInitiator.rulesStrings.6,broken2_n->[exclaim_low]...more [penis]...my holes...,li,InteractionDef/InteractionDef.xml,def
DoublePenetration_Rape_Reply.logRulesInitiator.rulesStrings.7,broken2_n->[exclaim_low]...[penis]...in my-[exclaim_low]...holes...,li,InteractionDef/InteractionDef.xml,def
DoublePenetration_Rape_Reply.logRulesInitiator.rulesStrings.8,broken2_n->[exclaim_low]...Wha...? [penis]?...[exclaim_low]...,li,InteractionDef/InteractionDef.xml,def
DoublePenetration_Rape_Reply.logRulesInitiator.rulesStrings.9,broken2_n->[exclaim_low]...I don't-[exclaim_low]...,li,InteractionDef/InteractionDef.xml,def
DoublePenetration_Rape_Reply.logRulesInitiator.rulesStrings.10,broken2_n->[exclaim_low]...where...? My holes...[exclaim_low]...,li,InteractionDef/InteractionDef.xml,def
DoublePenetration_Rape_Reply.logRulesInitiator.rulesStrings.11,broken2_n->[exclaim_low]...my...body-[exclaim_low]...,li,InteractionDef/InteractionDef.xml,def
DoublePenetration_Rape_Reply.logRulesInitiator.rulesStrings.12,broken2_n->[exclaim_low]...my...[vagina] and [ass]-[exclaim_low]...,li,InteractionDef/InteractionDef.xml,def
DoublePenetration_Rape_Reply.logRulesInitiator.rulesStrings.13,broken2_n->[exclaim_low]...I can't-[exclaim_low]...,li,InteractionDef/InteractionDef.xml,def
DoublePenetration_Rape_Reply.logRulesInitiator.rulesStrings.14,broken2_n->[exclaim_low]...Please...[exclaim_low]...,li,InteractionDef/InteractionDef.xml,def
DoublePenetration_Rape_Reply.logRulesInitiator.rulesStrings.15,broken2_n->[exclaim_low]...No more-[exclaim_low]...,li,InteractionDef/InteractionDef.xml,def
DoublePenetration_Rape_Reply.logRulesInitiator.rulesStrings.16,broken2_n->[exclaim_low]...It feels-[exclaim_low]...,li,InteractionDef/InteractionDef.xml,def
DoublePenetration_Rape_Reply.logRulesInitiator.rulesStrings.17,broken2_n->[exclaim_low]...cum...[exclaim_low]...inside...,li,InteractionDef/InteractionDef.xml,def
DoublePenetration_Rape_Reply.logRulesInitiator.rulesStrings.18,"broken1_n->[exclaim_high]! Please, [exclaim_high] my holes can't take any more [penis]s!",li,InteractionDef/InteractionDef.xml,def
DoublePenetration_Rape_Reply.logRulesInitiator.rulesStrings.19,broken1_n->[exclaim_high]! How many times have my [vagina] and [ass] been [fuck]-[exclaim_high]!,li,InteractionDef/InteractionDef.xml,def
DoublePenetration_Rape_Reply.logRulesInitiator.rulesStrings.20,broken1_n->How many times...[exclaim_high]!,li,InteractionDef/InteractionDef.xml,def
DoublePenetration_Rape_Reply.logRulesInitiator.rulesStrings.21,"broken1_n->[exclaim_high]! When will you...[exclaim_high]...give me a break, [rapist]! [exclaim_high]!",li,InteractionDef/InteractionDef.xml,def
DoublePenetration_Rape_Reply.logRulesInitiator.rulesStrings.22,"broken1_n->[exclaim_high]! Haven't my holes been pumped full of enough [cum], [rapist]? [exclaim_high]!",li,InteractionDef/InteractionDef.xml,def
DoublePenetration_Rape_Reply.logRulesInitiator.rulesStrings.23,"broken1_n->No, my body is too sore already! [exclaim_high]!",li,InteractionDef/InteractionDef.xml,def
DoublePenetration_Rape_Reply.logRulesInitiator.rulesStrings.24,rape_react_n->Hey sto- [exclaim_high]!,li,InteractionDef/InteractionDef.xml,def
DoublePenetration_Rape_Reply.logRulesInitiator.rulesStrings.25,rape_react_n->Wait no! [exclaim_high]!,li,InteractionDef/InteractionDef.xml,def
DoublePenetration_Rape_Reply.logRulesInitiator.rulesStrings.26,rape_react_n->Please don't! [exclaim_high]!,li,InteractionDef/InteractionDef.xml,def
DoublePenetration_Rape_Reply.logRulesInitiator.rulesStrings.27,rape_react_n->[exclaim_high]! Get off of me!,li,InteractionDef/InteractionDef.xml,def
DoublePenetration_Rape_Reply.logRulesInitiator.rulesStrings.28,rape_react_n->[exclaim_high]! Get them out!,li,InteractionDef/InteractionDef.xml,def
DoublePenetration_Rape_Reply.logRulesInitiator.rulesStrings.29,rape_react_n->[exclaim_high]! It hurts!,li,InteractionDef/InteractionDef.xml,def
DoublePenetration_Rape_Reply.logRulesInitiator.rulesStrings.30,rape_react_n->[exclaim_high]! Pull out!,li,InteractionDef/InteractionDef.xml,def
DoublePenetration_Rape_Reply.logRulesInitiator.rulesStrings.31,rape_react_n->[exclaim_high]! Not both of my-[exclaim_high]!,li,InteractionDef/InteractionDef.xml,def
DoublePenetration_Rape_Reply.logRulesInitiator.rulesStrings.32,"rape_react_n->[exclaim_high]! You'll get me pregnant, [rapist]!",li,InteractionDef/InteractionDef.xml,def
DoublePenetration_Rape_Reply.logRulesInitiator.rulesStrings.33,"rape_react_n->[RECIPIENT_nameDef], please don't- [exclaim_high]!",li,InteractionDef/InteractionDef.xml,def
DoublePenetration_Rape_Reply.logRulesInitiator.rulesStrings.34,"rape_react_n->Oh please don't cum inside, [RECIPIENT_nameDef]! [exclaim_high]!",li,InteractionDef/InteractionDef.xml,def
DoublePenetration_Rape_Reply.logRulesInitiator.rulesStrings.35,"rape_react_n->[exclaim_high]! Get your cocks out of my [vagina] and [ass], [rapist]!",li,InteractionDef/InteractionDef.xml,def
DoublePenetration_Rape_Reply.logRulesInitiator.rulesStrings.36,"rape_react_n->[exclaim_high]! Pull your [penis]s out, [rapist]!",li,InteractionDef/InteractionDef.xml,def
DoublePenetration_Rape_Reply.logRulesInitiator.rulesStrings.37,"rape_react_n->[exclaim_high]! Get off me, [rapist]!",li,InteractionDef/InteractionDef.xml,def
DoublePenetration_Rape_Reply.logRulesInitiator.rulesStrings.38,"rape_react_n->Stop, [rapist]! [exclaim_high]!",li,InteractionDef/InteractionDef.xml,def
DoublePenetration_Rape_Reply_Reverse.label,dprape — react to,label,InteractionDef/InteractionDef.xml,def
DoublePenetration_Rape_Reply_Reverse.logRulesInitiator.rulesStrings.0,"masochist_n->[exclaim_low]! My [penis]s are yours, [rapist]!",li,InteractionDef/InteractionDef.xml,def
DoublePenetration_Rape_Reply_Reverse.logRulesInitiator.rulesStrings.1,"masochist_n->[exclaim_low]! [fuck] my [penis]s , [rapist]! [exclaim_low]!",li,InteractionDef/InteractionDef.xml,def
DoublePenetration_Rape_Reply_Reverse.logRulesInitiator.rulesStrings.2,broken2_n->[exclaim_low]...[vagina]...[ass]...on my-[exclaim_low]...[penis]...,li,InteractionDef/InteractionDef.xml,def
DoublePenetration_Rape_Reply_Reverse.logRulesInitiator.rulesStrings.3,broken2_n->[exclaim_low]...Wha...?...[exclaim_low]...,li,InteractionDef/InteractionDef.xml,def
DoublePenetration_Rape_Reply_Reverse.logRulesInitiator.rulesStrings.4,broken2_n->[exclaim_low]...I don't-[exclaim_low]...,li,InteractionDef/InteractionDef.xml,def
DoublePenetration_Rape_Reply_Reverse.logRulesInitiator.rulesStrings.5,broken2_n->[exclaim_low]...where...? My [penis]s...[exclaim_low]...,li,InteractionDef/InteractionDef.xml,def
DoublePenetration_Rape_Reply_Reverse.logRulesInitiator.rulesStrings.6,broken2_n->[exclaim_low]...my...body-[exclaim_low]...,li,InteractionDef/InteractionDef.xml,def
DoublePenetration_Rape_Reply_Reverse.logRulesInitiator.rulesStrings.7,broken2_n->[exclaim_low]...my...[penis]s-[exclaim_low]...,li,InteractionDef/InteractionDef.xml,def
DoublePenetration_Rape_Reply_Reverse.logRulesInitiator.rulesStrings.8,broken2_n->[exclaim_low]...I can't-[exclaim_low]...,li,InteractionDef/InteractionDef.xml,def
DoublePenetration_Rape_Reply_Reverse.logRulesInitiator.rulesStrings.9,broken2_n->[exclaim_low]...Please...[exclaim_low]...,li,InteractionDef/InteractionDef.xml,def
DoublePenetration_Rape_Reply_Reverse.logRulesInitiator.rulesStrings.10,broken2_n->[exclaim_low]...No more-[exclaim_low]...,li,InteractionDef/InteractionDef.xml,def
DoublePenetration_Rape_Reply_Reverse.logRulesInitiator.rulesStrings.11,broken2_n->[exclaim_low]...It feels-[exclaim_low]...,li,InteractionDef/InteractionDef.xml,def
DoublePenetration_Rape_Reply_Reverse.logRulesInitiator.rulesStrings.12,"broken1_n->[exclaim_low]! Please, [RECIPIENT_nameDef] My [penis]s can't handle anymore!",li,InteractionDef/InteractionDef.xml,def
DoublePenetration_Rape_Reply_Reverse.logRulesInitiator.rulesStrings.13,broken1_n->[exclaim_low]! How many times have my [penis]s...[exclaim_low]!,li,InteractionDef/InteractionDef.xml,def
DoublePenetration_Rape_Reply_Reverse.logRulesInitiator.rulesStrings.14,broken1_n->How many times...[exclaim_low]!,li,InteractionDef/InteractionDef.xml,def
DoublePenetration_Rape_Reply_Reverse.logRulesInitiator.rulesStrings.15,"broken1_n->[exclaim_low]! When will you...[exclaim_low]...give me a break, [rapist!] [exclaim_low]!",li,InteractionDef/InteractionDef.xml,def
DoublePenetration_Rape_Reply_Reverse.logRulesInitiator.rulesStrings.16,"broken1_n->[exclaim_low]! My balls are totally drained, [rapist]! [exclaim_low]!",li,InteractionDef/InteractionDef.xml,def
DoublePenetration_Rape_Reply_Reverse.logRulesInitiator.rulesStrings.17,rape_react_n->Hey sto- [exclaim_low]!,li,InteractionDef/InteractionDef.xml,def
DoublePenetration_Rape_Reply_Reverse.logRulesInitiator.rulesStrings.18,rape_react_n->Wait no! [exclaim_low]!,li,InteractionDef/InteractionDef.xml,def
DoublePenetration_Rape_Reply_Reverse.logRulesInitiator.rulesStrings.19,rape_react_n->Please don't! [exclaim_low]!,li,InteractionDef/InteractionDef.xml,def
DoublePenetration_Rape_Reply_Reverse.logRulesInitiator.rulesStrings.20,"rape_react_n->[RECIPIENT_nameDef], please don't... I'll cum inside! [exclaim_low]!",li,InteractionDef/InteractionDef.xml,def
DoublePenetration_Rape_Reply_Reverse.logRulesInitiator.rulesStrings.21,"rape_react_n->[exclaim_low]! Get off of my [penis]s, [rapist]!",li,InteractionDef/InteractionDef.xml,def
DoublePenetration_Rape_Reply_Reverse.logRulesInitiator.rulesStrings.22,"rape_react_n->[exclaim_low]! Get off me, [rapist]!",li,InteractionDef/InteractionDef.xml,def
DoublePenetration_Rape_Reply_Reverse.logRulesInitiator.rulesStrings.23,"rape_react_n->Stop, [rapist]! [exclaim_low]!",li,InteractionDef/InteractionDef.xml,def
Anal_Sex_Reply.label,analsex — react to,label,InteractionDef/InteractionDef.xml,def
Anal_Sex_Reply.logRulesInitiator.rulesStrings.0,sex_react_n->[exclaim_low]! [fuck] my [ass]! [exclaim_low]!,li,InteractionDef/InteractionDef.xml,def
Anal_Sex_Reply.logRulesInitiator.rulesStrings.1,"sex_react_n->[exclaim_low]! [lover], fill my [ass] with your [cum]!",li,InteractionDef/InteractionDef.xml,def
Anal_Sex_Reply.logRulesInitiator.rulesStrings.2,"sex_react_f->[exclaim_low]! [lover], fill my [ass] with your futa [penis]!",li,InteractionDef/InteractionDef.xml,def
Anal_Sex_Reply_Reverse.label,analsex — react to,label,InteractionDef/InteractionDef.xml,def
Anal_Sex_Reply_Reverse.logRulesInitiator.rulesStrings.0,"sex_react_n->[exclaim_low]! Your [ass] is so good, [lover]!",li,InteractionDef/InteractionDef.xml,def
Anal_Sex_Reply_Reverse.logRulesInitiator.rulesStrings.1,sex_react_n->[exclaim_low]! [lover] I'm gonna fill your [ass] with [cum]![exclaim_low]!,li,InteractionDef/InteractionDef.xml,def
Vaginal_Sex_Reply.label,vaginalsex — react to,label,InteractionDef/InteractionDef.xml,def
Vaginal_Sex_Reply.logRulesInitiator.rulesStrings.0,sex_react_n->[exclaim_low]! [fuck] my [vagina]!,li,InteractionDef/InteractionDef.xml,def
Vaginal_Sex_Reply.logRulesInitiator.rulesStrings.1,sex_react_n->[exclaim_low]! [exclaim_low]! [exclaim_low]!,li,InteractionDef/InteractionDef.xml,def
Vaginal_Sex_Reply.logRulesInitiator.rulesStrings.2,"sex_react_n->[exclaim_low]! Your [penis] is so good, [lover]! [exclaim_low]!",li,InteractionDef/InteractionDef.xml,def
Vaginal_Sex_Reply_Reverse.label,vaginalsex — react to,label,InteractionDef/InteractionDef.xml,def
Vaginal_Sex_Reply_Reverse.logRulesInitiator.rulesStrings.0,sex_react_n->[exclaim_low]! Your [vagina] is [wet]!,li,InteractionDef/InteractionDef.xml,def
Vaginal_Sex_Reply_Reverse.logRulesInitiator.rulesStrings.1,sex_react_n->[exclaim_low]! Your [vagina] is so good! [exclaim_low]!,li,InteractionDef/InteractionDef.xml,def
Vaginal_Sex_Reply_Reverse.logRulesInitiator.rulesStrings.2,"sex_react_n->[exclaim_low]! [lover], I'm gonna fill your [vagina] with [cum] [exclaim_low]!",li,InteractionDef/InteractionDef.xml,def
Hand_Job_Reply.label,handjob — react to,label,InteractionDef/InteractionDef.xml,def
Hand_Job_Reply.logRulesInitiator.rulesStrings.0,"sex_react_n->[exclaim_low]! Your [penis] is so nice, [lover]",li,InteractionDef/InteractionDef.xml,def
Hand_Job_Reply.logRulesInitiator.rulesStrings.1,"sex_react_n->Does this feel good, [lover]?",li,InteractionDef/InteractionDef.xml,def
Hand_Job_Reply.logRulesInitiator.rulesStrings.2,"sex_react_n->[exclaim_low]! [lover], cover my face in your [cum]! [exclaim_low]",li,InteractionDef/InteractionDef.xml,def
Hand_Job_Reply_Reverse.label,handjob — react to,label,InteractionDef/InteractionDef.xml,def
Hand_Job_Reply_Reverse.logRulesInitiator.rulesStrings.0,sex_react_n->[exclaim_low]! I'm gonna cum!,li,InteractionDef/InteractionDef.xml,def
Hand_Job_Reply_Reverse.logRulesInitiator.rulesStrings.1,"sex_react_n->[exclaim_low]! Just like that, [lover]! [exclaim_low]!",li,InteractionDef/InteractionDef.xml,def
Hand_Job_Reply_Reverse.logRulesInitiator.rulesStrings.2,"sex_react_n->[exclaim_low]! You know how to handle a [penis], [lover]!",li,InteractionDef/InteractionDef.xml,def
Foot_Job_Reply.label,footjob — react to,label,InteractionDef/InteractionDef.xml,def
Foot_Job_Reply.logRulesInitiator.rulesStrings.0,"sex_react_n->Does it feel good like this, [lover]?",li,InteractionDef/InteractionDef.xml,def
Foot_Job_Reply.logRulesInitiator.rulesStrings.1,"sex_react_n->[exclaim_low], You're this hard just from my feet, [lover]?",li,InteractionDef/InteractionDef.xml,def
Foot_Job_Reply.logRulesInitiator.rulesStrings.2,"sex_react_n->[exclaim_low], how's that, [lover]?",li,InteractionDef/InteractionDef.xml,def
Foot_Job_Reply_Reverse.label,footjob — react to,label,InteractionDef/InteractionDef.xml,def
Foot_Job_Reply_Reverse.logRulesInitiator.rulesStrings.0,"sex_react_n->[exclaim_low], you're good with your toes, [lover]!",li,InteractionDef/InteractionDef.xml,def
Foot_Job_Reply_Reverse.logRulesInitiator.rulesStrings.1,"sex_react_n->[exclaim_low]! [lover], your feet are gonna make me cum! [exclaim_low]!",li,InteractionDef/InteractionDef.xml,def
Fingering_Sex_Reply.label,fingering — react to,label,InteractionDef/InteractionDef.xml,def
Fingering_Sex_Reply.logRulesInitiator.rulesStrings.0,sex_react_n->[exclaim_low]! You're [wet]!,li,InteractionDef/InteractionDef.xml,def
Fingering_Sex_Reply.logRulesInitiator.rulesStrings.1,"sex_react_n->[exclaim_low], how's that?",li,InteractionDef/InteractionDef.xml,def
Fingering_Sex_Reply.logRulesInitiator.rulesStrings.2,sex_react_n->Does that feel good?,li,InteractionDef/InteractionDef.xml,def
Fingering_Sex_Reply_Reverse.label,fingering — react to,label,InteractionDef/InteractionDef.xml,def
Fingering_Sex_Reply_Reverse.logRulesInitiator.rulesStrings.0,"sex_react_n->[exclaim_low]! You're good with your fingers, [lover]!",li,InteractionDef/InteractionDef.xml,def
Fingering_Sex_Reply_Reverse.logRulesInitiator.rulesStrings.1,"sex_react_n->[exclaim_low]! [lover], I'm [wet] just from your fingers! [exclaim_low]!",li,InteractionDef/InteractionDef.xml,def
Fingering_Sex_Reply_Reverse.logRulesInitiator.rulesStrings.2,sex_react_n->[exclaim_low]! You're gonna make me cum! [exclaim_low]!,li,InteractionDef/InteractionDef.xml,def
Fisting_Sex_Reply.label,fisting — react to,label,InteractionDef/InteractionDef.xml,def
Fisting_Sex_Reply.logRulesInitiator.rulesStrings.0,"sex_react_n->[exclaim_low]! You like this fist, [lover]?",li,InteractionDef/InteractionDef.xml,def
Fisting_Sex_Reply.logRulesInitiator.rulesStrings.1,sex_react_n->[exclaim_low]! Does it hurt?,li,InteractionDef/InteractionDef.xml,def
Fisting_Sex_Reply.logRulesInitiator.rulesStrings.2,sex_react_n->[exclaim_low]!,li,InteractionDef/InteractionDef.xml,def
Fisting_Sex_Reply_Reverse.label,fisting — react to,label,InteractionDef/InteractionDef.xml,def
Fisting_Sex_Reply_Reverse.logRulesInitiator.rulesStrings.0,sex_react_n->[exclaim_low]! Fuck! [exclaim_low]!,li,InteractionDef/InteractionDef.xml,def
Fisting_Sex_Reply_Reverse.logRulesInitiator.rulesStrings.1,sex_react_n->[exclaim_low]! [exclaim_low]! [exclaim_high]!,li,InteractionDef/InteractionDef.xml,def
Breast_Job_Reply.label,breastjob — react to,label,InteractionDef/InteractionDef.xml,def
Breast_Job_Reply.logRulesInitiator.rulesStrings.0,"sex_react_n->[exclaim_low]! Does that feel good, [lover]?",li,InteractionDef/InteractionDef.xml,def
Breast_Job_Reply.logRulesInitiator.rulesStrings.1,"sex_react_n->[exclaim_low]! You like these [boobs], [lover]?",li,InteractionDef/InteractionDef.xml,def
Breast_Job_Reply.logRulesInitiator.rulesStrings.2,"sex_react_n->[exclaim_low]! [lover], your [penis] is throbbing between my [boobs]!",li,InteractionDef/InteractionDef.xml,def
Breast_Job_Reply_Reverse.label,breastjob — react to,label,InteractionDef/InteractionDef.xml,def
Breast_Job_Reply_Reverse.logRulesInitiator.rulesStrings.0,"sex_react_n->[exclaim_low]! Your [boobs] are amazing, [lover]!",li,InteractionDef/InteractionDef.xml,def
Breast_Job_Reply_Reverse.logRulesInitiator.rulesStrings.1,"sex_react_n->[exclaim_low]! They're so soft, [lover]! [exclaim_low]",li,InteractionDef/InteractionDef.xml,def
Breast_Job_Reply_Reverse.logRulesInitiator.rulesStrings.2,"sex_react_n->[exclaim_low]! I'm gonna cover your [boobs] in my [cum], [exclaim_low]!",li,InteractionDef/InteractionDef.xml,def
Scissoring_Sex_Reply.label,scissoring — react to,label,InteractionDef/InteractionDef.xml,def
Scissoring_Sex_Reply.logRulesInitiator.rulesStrings.0,"sex_react_n->[exclaim_low]! You know how to work your hips, [lover]!",li,InteractionDef/InteractionDef.xml,def
Scissoring_Sex_Reply.logRulesInitiator.rulesStrings.1,"sex_react_n->[exclaim_low]! [lover], your [wet] [vagina] feels amazing! [exclaim_low]!",li,InteractionDef/InteractionDef.xml,def
Scissoring_Sex_Reply.logRulesInitiator.rulesStrings.2,sex_react_n->[exclaim_low]!,li,InteractionDef/InteractionDef.xml,def
Mutual_Masturbation_Reply.label,mutualmasturbation — react to,label,InteractionDef/InteractionDef.xml,def
Mutual_Masturbation_Reply.logRulesInitiator.rulesStrings.0,"sex_react_n->[exclaim_low]! Watching you stroke yourself makes me so horny, [lover]!",li,InteractionDef/InteractionDef.xml,def
Mutual_Masturbation_Reply.logRulesInitiator.rulesStrings.1,"sex_react_n->[exclaim_low]! Now you, [lover], [exclaim_low]!",li,InteractionDef/InteractionDef.xml,def
Rimming_Sex_Reply.label,rimming — react to,label,InteractionDef/InteractionDef.xml,def
Rimming_Sex_Reply.logRulesInitiator.rulesStrings.0,sex_react_n->*[exclaim_oral]* Euoor [ass] taasde soo *[exclaim_oral]* guud!,li,InteractionDef/InteractionDef.xml,def
Rimming_Sex_Reply.logRulesInitiator.rulesStrings.1,sex_react_n->*[exclaim_oral]* I loov dis [ass] *[exclaim_oral]*!,li,InteractionDef/InteractionDef.xml,def
Rimming_Sex_Reply.logRulesInitiator.rulesStrings.2,sex_react_n->*[exclaim_oral]* *[exclaim_oral]* *[exclaim_oral]*!,li,InteractionDef/InteractionDef.xml,def
Rimming_Sex_Reply_Reverse.label,rimming — react to,label,InteractionDef/InteractionDef.xml,def
Rimming_Sex_Reply_Reverse.logRulesInitiator.rulesStrings.0,"sex_react_n->[exclaim_low]! You're good with your tongue, [lover]! [exclaim_low]!",li,InteractionDef/InteractionDef.xml,def
Rimming_Sex_Reply_Reverse.logRulesInitiator.rulesStrings.1,sex_react_n->[exclaim_low]! My [ass]! [exclaim_low]!,li,InteractionDef/InteractionDef.xml,def
Cunnilingus_Sex_Reply.label,cunnilingus — react to,label,InteractionDef/InteractionDef.xml,def
Cunnilingus_Sex_Reply.logRulesInitiator.rulesStrings.0,sex_react_n->*[exclaim_oral]* Euoor [vagina] taasde soo *[exclaim_oral]* guud!,li,InteractionDef/InteractionDef.xml,def
Cunnilingus_Sex_Reply.logRulesInitiator.rulesStrings.1,sex_react_n->*[exclaim_oral]* I loov dis [vagina] *[exclaim_oral]*!,li,InteractionDef/InteractionDef.xml,def
Cunnilingus_Sex_Reply_Reverse.label,cunnilingus — react to,label,InteractionDef/InteractionDef.xml,def
Cunnilingus_Sex_Reply_Reverse.logRulesInitiator.rulesStrings.0,"sex_react_n->[exclaim_low]! You're good with your tongue, [lover]! [exclaim_low]!",li,InteractionDef/InteractionDef.xml,def
Cunnilingus_Sex_Reply_Reverse.logRulesInitiator.rulesStrings.1,sex_react_n->[exclaim_low]! I'm gonna-[exclaim_low]!,li,InteractionDef/InteractionDef.xml,def
Cunnilingus_Sex_Reply_Reverse.logRulesInitiator.rulesStrings.2,sex_react_n->[exclaim_low]! [exclaim_low]! [exclaim_low]!,li,InteractionDef/InteractionDef.xml,def
Fellatio_Sex_Reply.label,fellatio — react to,label,InteractionDef/InteractionDef.xml,def
Fellatio_Sex_Reply.logRulesInitiator.rulesStrings.0,sex_react_n->*[exclaim_oral]* Euoor [penis] taadse soo *[exclaim_oral]* guud!,li,InteractionDef/InteractionDef.xml,def
Fellatio_Sex_Reply.logRulesInitiator.rulesStrings.1,sex_react_n->*[exclaim_oral]* *[exclaim_oral]* *[exclaim_oral]*,li,InteractionDef/InteractionDef.xml,def
Fellatio_Sex_Reply_Reverse.label,fellatio — react to,label,InteractionDef/InteractionDef.xml,def
Fellatio_Sex_Reply_Reverse.logRulesInitiator.rulesStrings.0,"sex_react_n->[exclaim_low]! I'm gonna shoot my [cum] down your throat, [lover]! [exclaim_low]!",li,InteractionDef/InteractionDef.xml,def
Fellatio_Sex_Reply_Reverse.logRulesInitiator.rulesStrings.1,"sex_react_n->[exclaim_low]! You're good with your mouth, [lover]! [exclaim_low]!",li,InteractionDef/InteractionDef.xml,def
Fellatio_Sex_Reply_Reverse.logRulesInitiator.rulesStrings.2,sex_react_n->[exclaim_low]! I'm gonna cum! [exclaim_low]!,li,InteractionDef/InteractionDef.xml,def
Sixtynine_Sex_Reply.label,sixtynine — react to,label,InteractionDef/InteractionDef.xml,def
Sixtynine_Sex_Reply.logRulesInitiator.rulesStrings.0,sex_react_n->*[exclaim_oral]* *[exclaim_oral]* *[exclaim_oral]*,li,InteractionDef/InteractionDef.xml,def
DoublePenetration_Sex_Reply.label,doublepenetration — react to,label,InteractionDef/InteractionDef.xml,def
DoublePenetration_Sex_Reply.logRulesInitiator.rulesStrings.0,sex_react_n->[exclaim_low]! [fuck] my holes!,li,InteractionDef/InteractionDef.xml,def
DoublePenetration_Sex_Reply.logRulesInitiator.rulesStrings.1,sex_react_n->[exclaim_low]! [exclaim_low]! [exclaim_low]!,li,InteractionDef/InteractionDef.xml,def
DoublePenetration_Sex_Reply.logRulesInitiator.rulesStrings.2,"sex_react_n->[exclaim_low]! Your [penis]s are so good, [lover]! [exclaim_low]!",li,InteractionDef/InteractionDef.xml,def
DoublePenetration_Sex_Reply_Reverse.label,doublepenetration — react to,label,InteractionDef/InteractionDef.xml,def
DoublePenetration_Sex_Reply_Reverse.logRulesInitiator.rulesStrings.0,sex_react_n->[exclaim_low]! Your holes feel so good! [exclaim_low]!,li,InteractionDef/InteractionDef.xml,def
DoublePenetration_Sex_Reply_Reverse.logRulesInitiator.rulesStrings.1,"sex_react_n->[exclaim_low]! [lover], I'm gonna fill your holes with [cum] [exclaim_low]!",li,InteractionDef/InteractionDef.xml,def
DoublePenetration_Sex_Reply_Reverse.logRulesInitiator.rulesStrings.2,"sex_react_n->[exclaim_low]! [lover], both of your holes...[exclaim_low]!",li,InteractionDef/InteractionDef.xml,def
SexualInteractionConstants.rulePack.rulesStrings.0,exclaim_low->ngh,li,RulePackDef/RulePackDef.xml,def
SexualInteractionConstants.rulePack.rulesStrings.1,exclaim_low->mph,li,RulePackDef/RulePackDef.xml,def
SexualInteractionConstants.rulePack.rulesStrings.2,exclaim_low->ah,li,RulePackDef/RulePackDef.xml,def
SexualInteractionConstants.rulePack.rulesStrings.3,exclaim_low->aah,li,RulePackDef/RulePackDef.xml,def
SexualInteractionConstants.rulePack.rulesStrings.4,exclaim_low->ooh,li,RulePackDef/RulePackDef.xml,def
SexualInteractionConstants.rulePack.rulesStrings.5,exclaim_high->ARGH,li,RulePackDef/RulePackDef.xml,def
SexualInteractionConstants.rulePack.rulesStrings.6,exclaim_high->AAH,li,RulePackDef/RulePackDef.xml,def
SexualInteractionConstants.rulePack.rulesStrings.7,exclaim_high->OH,li,RulePackDef/RulePackDef.xml,def
SexualInteractionConstants.rulePack.rulesStrings.8,exclaim_high->OGH,li,RulePackDef/RulePackDef.xml,def
SexualInteractionConstants.rulePack.rulesStrings.9,exclaim_high->EEK,li,RulePackDef/RulePackDef.xml,def
SexualInteractionConstants.rulePack.rulesStrings.10,exclaim_high->ERGH,li,RulePackDef/RulePackDef.xml,def
SexualInteractionConstants.rulePack.rulesStrings.11,exclaim_high->OOF,li,RulePackDef/RulePackDef.xml,def
SexualInteractionConstants.rulePack.rulesStrings.12,exclaim_high->UNG,li,RulePackDef/RulePackDef.xml,def
SexualInteractionConstants.rulePack.rulesStrings.13,exclaim_oral->ngh,li,RulePackDef/RulePackDef.xml,def
SexualInteractionConstants.rulePack.rulesStrings.14,exclaim_oral->mph,li,RulePackDef/RulePackDef.xml,def
SexualInteractionConstants.rulePack.rulesStrings.15,exclaim_oral->slurp,li,RulePackDef/RulePackDef.xml,def
SexualInteractionConstants.rulePack.rulesStrings.16,exclaim_oral->ung,li,RulePackDef/RulePackDef.xml,def
SexualInteractionConstants.rulePack.rulesStrings.17,exclaim_oral->slorp,li,RulePackDef/RulePackDef.xml,def
SexualInteractionConstants.rulePack.rulesStrings.18,suck->lick,li,RulePackDef/RulePackDef.xml,def
SexualInteractionConstants.rulePack.rulesStrings.19,suck->suck,li,RulePackDef/RulePackDef.xml,def
SexualInteractionConstants.rulePack.rulesStrings.20,forces->forces,li,RulePackDef/RulePackDef.xml,def
SexualInteractionConstants.rulePack.rulesStrings.21,forces->slides,li,RulePackDef/RulePackDef.xml,def
SexualInteractionConstants.rulePack.rulesStrings.22,forces->presses,li,RulePackDef/RulePackDef.xml,def
SexualInteractionConstants.rulePack.rulesStrings.23,forces->inserts,li,RulePackDef/RulePackDef.xml,def
SexualInteractionConstants.rulePack.rulesStrings.24,forces->pushes,li,RulePackDef/RulePackDef.xml,def
SexualInteractionConstants.rulePack.rulesStrings.25,forces->shoves,li,RulePackDef/RulePackDef.xml,def
SexualInteractionConstants.rulePack.rulesStrings.26,forces->jams,li,RulePackDef/RulePackDef.xml,def
SexualInteractionConstants.rulePack.rulesStrings.27,forces->stuffs,li,RulePackDef/RulePackDef.xml,def
SexualInteractionConstants.rulePack.rulesStrings.28,forces->rams,li,RulePackDef/RulePackDef.xml,def
SexualInteractionConstants.rulePack.rulesStrings.29,forces->thrusts,li,RulePackDef/RulePackDef.xml,def
SexualInteractionConstants.rulePack.rulesStrings.30,forces->sticks,li,RulePackDef/RulePackDef.xml,def
SexualInteractionConstants.rulePack.rulesStrings.31,forces->crams,li,RulePackDef/RulePackDef.xml,def
SexualInteractionConstants.rulePack.rulesStrings.32,forces->squeezes,li,RulePackDef/RulePackDef.xml,def
SexualInteractionConstants.rulePack.rulesStrings.33,forces->shoehorns,li,RulePackDef/RulePackDef.xml,def
SexualInteractionConstants.rulePack.rulesStrings.34,licks->licks,li,RulePackDef/RulePackDef.xml,def
SexualInteractionConstants.rulePack.rulesStrings.35,licks->tongues,li,RulePackDef/RulePackDef.xml,def
SexualInteractionConstants.rulePack.rulesStrings.36,fuck->fuck,li,RulePackDef/RulePackDef.xml,def
SexualInteractionConstants.rulePack.rulesStrings.37,fuck->pound,li,RulePackDef/RulePackDef.xml,def
SexualInteractionConstants.rulePack.rulesStrings.38,fuck->fuck,li,RulePackDef/RulePackDef.xml,def
SexualInteractionConstants.rulePack.rulesStrings.39,fuck->breed,li,RulePackDef/RulePackDef.xml,def
SexualInteractionConstants.rulePack.rulesStrings.40,fuck->pound,li,RulePackDef/RulePackDef.xml,def
SexualInteractionConstants.rulePack.rulesStrings.41,fuck->bang,li,RulePackDef/RulePackDef.xml,def
SexualInteractionConstants.rulePack.rulesStrings.42,fuck->screw,li,RulePackDef/RulePackDef.xml,def
SexualInteractionConstants.rulePack.rulesStrings.43,fuck->peg,li,RulePackDef/RulePackDef.xml,def
SexualInteractionConstants.rulePack.rulesStrings.44,fuck->bone,li,RulePackDef/RulePackDef.xml,def
SexualInteractionConstants.rulePack.rulesStrings.45,fuck->boink,li,RulePackDef/RulePackDef.xml,def
SexualInteractionConstants.rulePack.rulesStrings.46,fuck->bonk,li,RulePackDef/RulePackDef.xml,def
SexualInteractionConstants.rulePack.rulesStrings.47,fuck->nail,li,RulePackDef/RulePackDef.xml,def
SexualInteractionConstants.rulePack.rulesStrings.48,fuck->shag,li,RulePackDef/RulePackDef.xml,def
SexualInteractionConstants.rulePack.rulesStrings.49,fuck->tap,li,RulePackDef/RulePackDef.xml,def
SexualInteractionConstants.rulePack.rulesStrings.50,fuck->pork,li,RulePackDef/RulePackDef.xml,def
SexualInteractionConstants.rulePack.rulesStrings.51,fuck->shag,li,RulePackDef/RulePackDef.xml,def
SexualInteractionConstants.rulePack.rulesStrings.52,fuck->hump,li,RulePackDef/RulePackDef.xml,def
SexualInteractionConstants.rulePack.rulesStrings.53,fuck->root,li,RulePackDef/RulePackDef.xml,def
SexualInteractionConstants.rulePack.rulesStrings.54,fuck->ride,li,RulePackDef/RulePackDef.xml,def
SexualInteractionConstants.rulePack.rulesStrings.55,fuck->clap,li,RulePackDef/RulePackDef.xml,def
SexualInteractionConstants.rulePack.rulesStrings.56,fuck->smash,li,RulePackDef/RulePackDef.xml,def
SexualInteractionConstants.rulePack.rulesStrings.57,fuck->mash,li,RulePackDef/RulePackDef.xml,def
SexualInteractionConstants.rulePack.rulesStrings.58,fuck->bump,li,RulePackDef/RulePackDef.xml,def
SexualInteractionConstants.rulePack.rulesStrings.59,fuck->poke,li,RulePackDef/RulePackDef.xml,def
SexualInteractionConstants.rulePack.rulesStrings.60,fuck->dock,li,RulePackDef/RulePackDef.xml,def
SexualInteractionConstants.rulePack.rulesStrings.61,fuck->doink,li,RulePackDef/RulePackDef.xml,def
SexualInteractionConstants.rulePack.rulesStrings.62,fuck->dunk,li,RulePackDef/RulePackDef.xml,def
SexualInteractionConstants.rulePack.rulesStrings.63,fuck->slam-dunk,li,RulePackDef/RulePackDef.xml,def
SexualInteractionConstants.rulePack.rulesStrings.64,fuck->fork,li,RulePackDef/RulePackDef.xml,def
SexualInteractionConstants.rulePack.rulesStrings.65,fuck->pile-drive,li,RulePackDef/RulePackDef.xml,def
SexualInteractionConstants.rulePack.rulesStrings.66,fuck->tombstone,li,RulePackDef/RulePackDef.xml,def
SexualInteractionConstants.rulePack.rulesStrings.67,fuck->pogo,li,RulePackDef/RulePackDef.xml,def
SexualInteractionConstants.rulePack.rulesStrings.68,fuck->pump,li,RulePackDef/RulePackDef.xml,def
SexualInteractionConstants.rulePack.rulesStrings.69,fuck->rut,li,RulePackDef/RulePackDef.xml,def
SexualInteractionConstants.rulePack.rulesStrings.70,fuck->shuck,li,RulePackDef/RulePackDef.xml,def
SexualInteractionConstants.rulePack.rulesStrings.71,fuck->throttle,li,RulePackDef/RulePackDef.xml,def
SexualInteractionConstants.rulePack.rulesStrings.72,fuck->thump,li,RulePackDef/RulePackDef.xml,def
SexualInteractionConstants.rulePack.rulesStrings.73,fuck->drill,li,RulePackDef/RulePackDef.xml,def
SexualInteractionConstants.rulePack.rulesStrings.74,fuck->hammer,li,RulePackDef/RulePackDef.xml,def
SexualInteractionConstants.rulePack.rulesStrings.75,desire->need,li,RulePackDef/RulePackDef.xml,def
SexualInteractionConstants.rulePack.rulesStrings.76,desire->want,li,RulePackDef/RulePackDef.xml,def
SexualInteractionConstants.rulePack.rulesStrings.77,desire->crave,li,RulePackDef/RulePackDef.xml,def
SexualInteractionConstants.rulePack.rulesStrings.78,penis_adj_good->big,li,RulePackDef/RulePackDef.xml,def
SexualInteractionConstants.rulePack.rulesStrings.79,penis_adj_good->fat,li,RulePackDef/RulePackDef.xml,def
SexualInteractionConstants.rulePack.rulesStrings.80,penis_adj_good->hard,li,RulePackDef/RulePackDef.xml,def
SexualInteractionConstants.rulePack.rulesStrings.81,penis_adj_good->,li,RulePackDef/RulePackDef.xml,def
SexualInteractionConstants.rulePack.rulesStrings.82,boobs_adj_good->milky,li,RulePackDef/RulePackDef.xml,def
SexualInteractionConstants.rulePack.rulesStrings.83,boobs_adj_good->creamy,li,RulePackDef/RulePackDef.xml,def
SexualInteractionConstants.rulePack.rulesStrings.84,boobs_adj_good->perky,li,RulePackDef/RulePackDef.xml,def
SexualInteractionConstants.rulePack.rulesStrings.85,boobs_adj_good->little,li,RulePackDef/RulePackDef.xml,def
SexualInteractionConstants.rulePack.rulesStrings.86,boobs_adj_good->fat,li,RulePackDef/RulePackDef.xml,def
SexualInteractionConstants.rulePack.rulesStrings.87,boobs_adj_good->giant,li,RulePackDef/RulePackDef.xml,def
SexualInteractionConstants.rulePack.rulesStrings.88,boobs_adj_good->big-ass,li,RulePackDef/RulePackDef.xml,def
SexualInteractionConstants.rulePack.rulesStrings.89,boobs_adj_good->soft,li,RulePackDef/RulePackDef.xml,def
SexualInteractionConstants.rulePack.rulesStrings.90,boobs_adj_good->,li,RulePackDef/RulePackDef.xml,def
SexualInteractionConstants.rulePack.rulesStrings.91,vagina_adj_good->hot,li,RulePackDef/RulePackDef.xml,def
SexualInteractionConstants.rulePack.rulesStrings.92,vagina_adj_good->tight,li,RulePackDef/RulePackDef.xml,def
SexualInteractionConstants.rulePack.rulesStrings.93,vagina_adj_good->wet,li,RulePackDef/RulePackDef.xml,def
SexualInteractionConstants.rulePack.rulesStrings.94,vagina_adj_good->,li,RulePackDef/RulePackDef.xml,def
SexualInteractionConstants.rulePack.rulesStrings.95,ass_adj_good->big,li,RulePackDef/RulePackDef.xml,def
SexualInteractionConstants.rulePack.rulesStrings.96,ass_adj_good->fat,li,RulePackDef/RulePackDef.xml,def
SexualInteractionConstants.rulePack.rulesStrings.97,ass_adj_good->firm,li,RulePackDef/RulePackDef.xml,def
SexualInteractionConstants.rulePack.rulesStrings.98,ass_adj_good->round,li,RulePackDef/RulePackDef.xml,def
SexualInteractionConstants.rulePack.rulesStrings.99,ass_adj_good->cute,li,RulePackDef/RulePackDef.xml,def
SexualInteractionConstants.rulePack.rulesStrings.100,ass_adj_good->,li,RulePackDef/RulePackDef.xml,def
SexualInteractionConstants.rulePack.rulesStrings.101,asshole_adj_good->little,li,RulePackDef/RulePackDef.xml,def
SexualInteractionConstants.rulePack.rulesStrings.102,asshole_adj_good->tight,li,RulePackDef/RulePackDef.xml,def
SexualInteractionConstants.rulePack.rulesStrings.103,asshole_adj_good->,li,RulePackDef/RulePackDef.xml,def
SexualInteractionConstants.rulePack.rulesStrings.104,penis_adj_bad->filthy,li,RulePackDef/RulePackDef.xml,def
SexualInteractionConstants.rulePack.rulesStrings.105,penis_adj_bad->dirty,li,RulePackDef/RulePackDef.xml,def
SexualInteractionConstants.rulePack.rulesStrings.106,penis_adj_bad->hard,li,RulePackDef/RulePackDef.xml,def
SexualInteractionConstants.rulePack.rulesStrings.107,penis_adj_bad->fat,li,RulePackDef/RulePackDef.xml,def
SexualInteractionConstants.rulePack.rulesStrings.108,penis_adj_bad->big,li,RulePackDef/RulePackDef.xml,def
SexualInteractionConstants.rulePack.rulesStrings.109,penis_adj_bad->,li,RulePackDef/RulePackDef.xml,def
SexualInteractionConstants.rulePack.rulesStrings.110,vagina_adj_bad->hot,li,RulePackDef/RulePackDef.xml,def
SexualInteractionConstants.rulePack.rulesStrings.111,vagina_adj_bad->tight,li,RulePackDef/RulePackDef.xml,def
SexualInteractionConstants.rulePack.rulesStrings.112,vagina_adj_bad->wet,li,RulePackDef/RulePackDef.xml,def
SexualInteractionConstants.rulePack.rulesStrings.113,vagina_adj_bad->filthy,li,RulePackDef/RulePackDef.xml,def
SexualInteractionConstants.rulePack.rulesStrings.114,vagina_adj_bad->dirty,li,RulePackDef/RulePackDef.xml,def
SexualInteractionConstants.rulePack.rulesStrings.115,participant_adj_good->bad,li,RulePackDef/RulePackDef.xml,def
SexualInteractionConstants.rulePack.rulesStrings.116,participant_adj_good->good,li,RulePackDef/RulePackDef.xml,def
SexualInteractionConstants.rulePack.rulesStrings.117,participant_adj_good->horny,li,RulePackDef/RulePackDef.xml,def
SexualInteractionConstants.rulePack.rulesStrings.118,participant_adj_good->dirty,li,RulePackDef/RulePackDef.xml,def
SexualInteractionConstants.rulePack.rulesStrings.119,participant_adj_good->naughty,li,RulePackDef/RulePackDef.xml,def
SexualInteractionConstants.rulePack.rulesStrings.120,participant_adj_bad->bad,li,RulePackDef/RulePackDef.xml,def
SexualInteractionConstants.rulePack.rulesStrings.121,participant_adj_bad->horny,li,RulePackDef/RulePackDef.xml,def
SexualInteractionConstants.rulePack.rulesStrings.122,participant_adj_bad->dirty,li,RulePackDef/RulePackDef.xml,def
SexualInteractionConstants.rulePack.rulesStrings.123,participant_adj_bad->naughty,li,RulePackDef/RulePackDef.xml,def
SexualInteractionConstants.rulePack.rulesStrings.124,participant_adj_bad->nasty,li,RulePackDef/RulePackDef.xml,def
SexualInteractionConstants.rulePack.rulesStrings.125,counterpart_adj_age(RECIPIENT_age>=INITIATOR_age)->big,li,RulePackDef/RulePackDef.xml,def
SexualInteractionConstants.rulePack.rulesStrings.126,counterpart_adj_age(INITIATOR_age>=RECIPIENT_age)->little,li,RulePackDef/RulePackDef.xml,def
SexualInteractionConstants.rulePack.rulesStrings.127,counterpart_adj_age->,li,RulePackDef/RulePackDef.xml,def
SexualInteractionConstants.rulePack.rulesStrings.128,derogadj->nasty,li,RulePackDef/RulePackDef.xml,def
SexualInteractionConstants.rulePack.rulesStrings.129,derogadj->gross,li,RulePackDef/RulePackDef.xml,def
SexualInteractionConstants.rulePack.rulesStrings.130,derogadj->disgusting,li,RulePackDef/RulePackDef.xml,def
SexualInteractionConstants.rulePack.rulesStrings.131,penis->dick,li,RulePackDef/RulePackDef.xml,def
SexualInteractionConstants.rulePack.rulesStrings.132,penis->cock,li,RulePackDef/RulePackDef.xml,def
SexualInteractionConstants.rulePack.rulesStrings.133,penis->prick,li,RulePackDef/RulePackDef.xml,def
SexualInteractionConstants.rulePack.rulesStrings.134,penis->member,li,RulePackDef/RulePackDef.xml,def
SexualInteractionConstants.rulePack.rulesStrings.135,penis->weenie,li,RulePackDef/RulePackDef.xml,def
SexualInteractionConstants.rulePack.rulesStrings.136,penis->pecker,li,RulePackDef/RulePackDef.xml,def
SexualInteractionConstants.rulePack.rulesStrings.137,penis->peter,li,RulePackDef/RulePackDef.xml,def
SexualInteractionConstants.rulePack.rulesStrings.138,penis->shaft,li,RulePackDef/RulePackDef.xml,def
SexualInteractionConstants.rulePack.rulesStrings.139,penis->tool,li,RulePackDef/RulePackDef.xml,def
SexualInteractionConstants.rulePack.rulesStrings.140,penis->putz,li,RulePackDef/RulePackDef.xml,def
SexualInteractionConstants.rulePack.rulesStrings.141,penis->dong,li,RulePackDef/RulePackDef.xml,def
SexualInteractionConstants.rulePack.rulesStrings.142,penis->knob,li,RulePackDef/RulePackDef.xml,def
SexualInteractionConstants.rulePack.rulesStrings.143,penis->joystick,li,RulePackDef/RulePackDef.xml,def
SexualInteractionConstants.rulePack.rulesStrings.144,penis->whang,li,RulePackDef/RulePackDef.xml,def
SexualInteractionConstants.rulePack.rulesStrings.145,penis->tadger,li,RulePackDef/RulePackDef.xml,def
SexualInteractionConstants.rulePack.rulesStrings.146,penis->willie,li,RulePackDef/RulePackDef.xml,def
SexualInteractionConstants.rulePack.rulesStrings.147,penis->wang,li,RulePackDef/RulePackDef.xml,def
SexualInteractionConstants.rulePack.rulesStrings.148,penis->chopper,li,RulePackDef/RulePackDef.xml,def
SexualInteractionConstants.rulePack.rulesStrings.149,penis->plonker,li,RulePackDef/RulePackDef.xml,def
SexualInteractionConstants.rulePack.rulesStrings.150,penis->organ,li,RulePackDef/RulePackDef.xml,def
SexualInteractionConstants.rulePack.rulesStrings.151,penis->johnson,li,RulePackDef/RulePackDef.xml,def
SexualInteractionConstants.rulePack.rulesStrings.152,penis->manhood,li,RulePackDef/RulePackDef.xml,def
SexualInteractionConstants.rulePack.rulesStrings.153,penis->schlong,li,RulePackDef/RulePackDef.xml,def
SexualInteractionConstants.rulePack.rulesStrings.154,penis->willy,li,RulePackDef/RulePackDef.xml,def
SexualInteractionConstants.rulePack.rulesStrings.155,penis->wood,li,RulePackDef/RulePackDef.xml,def
SexualInteractionConstants.rulePack.rulesStrings.156,penis->winkle,li,RulePackDef/RulePackDef.xml,def
SexualInteractionConstants.rulePack.rulesStrings.157,penis->pizzle,li,RulePackDef/RulePackDef.xml,def
SexualInteractionConstants.rulePack.rulesStrings.158,penis->pecker,li,RulePackDef/RulePackDef.xml,def
SexualInteractionConstants.rulePack.rulesStrings.159,penis->trouser snake,li,RulePackDef/RulePackDef.xml,def
SexualInteractionConstants.rulePack.rulesStrings.160,penis->worm,li,RulePackDef/RulePackDef.xml,def
SexualInteractionConstants.rulePack.rulesStrings.161,penis->balogny-pony,li,RulePackDef/RulePackDef.xml,def
SexualInteractionConstants.rulePack.rulesStrings.162,penis->appendage,li,RulePackDef/RulePackDef.xml,def
SexualInteractionConstants.rulePack.rulesStrings.163,penis->eggplant,li,RulePackDef/RulePackDef.xml,def
SexualInteractionConstants.rulePack.rulesStrings.164,penis->third leg,li,RulePackDef/RulePackDef.xml,def
SexualInteractionConstants.rulePack.rulesStrings.165,penis->custard thruster,li,RulePackDef/RulePackDef.xml,def
SexualInteractionConstants.rulePack.rulesStrings.166,penis->sausage,li,RulePackDef/RulePackDef.xml,def
SexualInteractionConstants.rulePack.rulesStrings.167,penis->furless ferret,li,RulePackDef/RulePackDef.xml,def
SexualInteractionConstants.rulePack.rulesStrings.168,penis->one-eyed willy,li,RulePackDef/RulePackDef.xml,def
SexualInteractionConstants.rulePack.rulesStrings.169,penis->one-eyed willie,li,RulePackDef/RulePackDef.xml,def
SexualInteractionConstants.rulePack.rulesStrings.170,penis->babymaker,li,RulePackDef/RulePackDef.xml,def
SexualInteractionConstants.rulePack.rulesStrings.171,penis->banana,li,RulePackDef/RulePackDef.xml,def
SexualInteractionConstants.rulePack.rulesStrings.172,penis->beef whistle,li,RulePackDef/RulePackDef.xml,def
SexualInteractionConstants.rulePack.rulesStrings.173,penis->bald-headed giggle stick,li,RulePackDef/RulePackDef.xml,def
SexualInteractionConstants.rulePack.rulesStrings.174,penis->chub,li,RulePackDef/RulePackDef.xml,def
SexualInteractionConstants.rulePack.rulesStrings.175,penis->corndog,li,RulePackDef/RulePackDef.xml,def
SexualInteractionConstants.rulePack.rulesStrings.176,penis->creamer,li,RulePackDef/RulePackDef.xml,def
SexualInteractionConstants.rulePack.rulesStrings.177,penis->cucumber,li,RulePackDef/RulePackDef.xml,def
SexualInteractionConstants.rulePack.rulesStrings.178,penis->disco stick,li,RulePackDef/RulePackDef.xml,def
SexualInteractionConstants.rulePack.rulesStrings.179,penis->hose,li,RulePackDef/RulePackDef.xml,def
SexualInteractionConstants.rulePack.rulesStrings.180,penis->boner,li,RulePackDef/RulePackDef.xml,def
SexualInteractionConstants.rulePack.rulesStrings.181,penis->magic beanstalk,li,RulePackDef/RulePackDef.xml,def
SexualInteractionConstants.rulePack.rulesStrings.182,penis->jawbreaker,li,RulePackDef/RulePackDef.xml,def
SexualInteractionConstants.rulePack.rulesStrings.183,penis->jizz launcher,li,RulePackDef/RulePackDef.xml,def
SexualInteractionConstants.rulePack.rulesStrings.184,penis->John Handcock,li,RulePackDef/RulePackDef.xml,def
SexualInteractionConstants.rulePack.rulesStrings.185,penis->jizz injector,li,RulePackDef/RulePackDef.xml,def
SexualInteractionConstants.rulePack.rulesStrings.186,penis->leg of lamb,li,RulePackDef/RulePackDef.xml,def
SexualInteractionConstants.rulePack.rulesStrings.187,penis->cumspitter,li,RulePackDef/RulePackDef.xml,def
SexualInteractionConstants.rulePack.rulesStrings.188,penis->commitment stick,li,RulePackDef/RulePackDef.xml,def
SexualInteractionConstants.rulePack.rulesStrings.189,penis->meat scepter,li,RulePackDef/RulePackDef.xml,def
SexualInteractionConstants.rulePack.rulesStrings.190,penis->mushroom,li,RulePackDef/RulePackDef.xml,def
SexualInteractionConstants.rulePack.rulesStrings.191,penis->one-eyed wonder weasel,li,RulePackDef/RulePackDef.xml,def
SexualInteractionConstants.rulePack.rulesStrings.192,penis->one-eyed pete,li,RulePackDef/RulePackDef.xml,def
SexualInteractionConstants.rulePack.rulesStrings.193,penis->one-eyed snake,li,RulePackDef/RulePackDef.xml,def
SexualInteractionConstants.rulePack.rulesStrings.194,penis->one-eyed trouser snake,li,RulePackDef/RulePackDef.xml,def
SexualInteractionConstants.rulePack.rulesStrings.195,penis->package,li,RulePackDef/RulePackDef.xml,def
SexualInteractionConstants.rulePack.rulesStrings.196,penis->flesh oboe,li,RulePackDef/RulePackDef.xml,def
SexualInteractionConstants.rulePack.rulesStrings.197,penis->flesh flute,li,RulePackDef/RulePackDef.xml,def
SexualInteractionConstants.rulePack.rulesStrings.198,penis->pole,li,RulePackDef/RulePackDef.xml,def
SexualInteractionConstants.rulePack.rulesStrings.199,penis->rod,li,RulePackDef/RulePackDef.xml,def
SexualInteractionConstants.rulePack.rulesStrings.200,penis->spigot,li,RulePackDef/RulePackDef.xml,def
SexualInteractionConstants.rulePack.rulesStrings.201,penis->semen spigot,li,RulePackDef/RulePackDef.xml,def
SexualInteractionConstants.rulePack.rulesStrings.202,penis->love spigot,li,RulePackDef/RulePackDef.xml,def
SexualInteractionConstants.rulePack.rulesStrings.203,penis->spear,li,RulePackDef/RulePackDef.xml,def
SexualInteractionConstants.rulePack.rulesStrings.204,penis->spunk gun,li,RulePackDef/RulePackDef.xml,def
SexualInteractionConstants.rulePack.rulesStrings.205,penis->spurtgun,li,RulePackDef/RulePackDef.xml,def
SexualInteractionConstants.rulePack.rulesStrings.206,penis->stiffy,li,RulePackDef/RulePackDef.xml,def
SexualInteractionConstants.rulePack.rulesStrings.207,penis->sweetmeat,li,RulePackDef/RulePackDef.xml,def
SexualInteractionConstants.rulePack.rulesStrings.208,penis->tallywhacker,li,RulePackDef/RulePackDef.xml,def
SexualInteractionConstants.rulePack.rulesStrings.209,penis->yogurt gun,li,RulePackDef/RulePackDef.xml,def
SexualInteractionConstants.rulePack.rulesStrings.210,penis->yogurt cannon,li,RulePackDef/RulePackDef.xml,def
SexualInteractionConstants.rulePack.rulesStrings.211,penis->yogurt pistol,li,RulePackDef/RulePackDef.xml,def
SexualInteractionConstants.rulePack.rulesStrings.212,penis->yogurt hose,li,RulePackDef/RulePackDef.xml,def
SexualInteractionConstants.rulePack.rulesStrings.213,penis->yogurt slinger,li,RulePackDef/RulePackDef.xml,def
SexualInteractionConstants.rulePack.rulesStrings.214,penis->yogurt thrower,li,RulePackDef/RulePackDef.xml,def
SexualInteractionConstants.rulePack.rulesStrings.215,penis->semen slinger,li,RulePackDef/RulePackDef.xml,def
SexualInteractionConstants.rulePack.rulesStrings.216,penis->beanstalk,li,RulePackDef/RulePackDef.xml,def
SexualInteractionConstants.rulePack.rulesStrings.217,penis->babyblaster,li,RulePackDef/RulePackDef.xml,def
SexualInteractionConstants.rulePack.rulesStrings.218,penis->fleshneedle,li,RulePackDef/RulePackDef.xml,def
SexualInteractionConstants.rulePack.rulesStrings.219,penis->baby shotgun,li,RulePackDef/RulePackDef.xml,def
SexualInteractionConstants.rulePack.rulesStrings.220,penis->babytube,li,RulePackDef/RulePackDef.xml,def
SexualInteractionConstants.rulePack.rulesStrings.221,penis->babyfiller,li,RulePackDef/RulePackDef.xml,def
SexualInteractionConstants.rulePack.rulesStrings.222,penis->tube steak,li,RulePackDef/RulePackDef.xml,def
SexualInteractionConstants.rulePack.rulesStrings.223,ass->ass,li,RulePackDef/RulePackDef.xml,def
SexualInteractionConstants.rulePack.rulesStrings.224,ass->booty,li,RulePackDef/RulePackDef.xml,def
SexualInteractionConstants.rulePack.rulesStrings.225,ass->bootie,li,RulePackDef/RulePackDef.xml,def
SexualInteractionConstants.rulePack.rulesStrings.226,ass->butt,li,RulePackDef/RulePackDef.xml,def
SexualInteractionConstants.rulePack.rulesStrings.227,ass->bum,li,RulePackDef/RulePackDef.xml,def
SexualInteractionConstants.rulePack.rulesStrings.228,ass->backside,li,RulePackDef/RulePackDef.xml,def
SexualInteractionConstants.rulePack.rulesStrings.229,ass->behind,li,RulePackDef/RulePackDef.xml,def
SexualInteractionConstants.rulePack.rulesStrings.230,ass->bottom,li,RulePackDef/RulePackDef.xml,def
SexualInteractionConstants.rulePack.rulesStrings.231,ass->derriere,li,RulePackDef/RulePackDef.xml,def
SexualInteractionConstants.rulePack.rulesStrings.232,ass->tush,li,RulePackDef/RulePackDef.xml,def
SexualInteractionConstants.rulePack.rulesStrings.233,ass->posterior,li,RulePackDef/RulePackDef.xml,def
SexualInteractionConstants.rulePack.rulesStrings.234,ass->gluteus maximus,li,RulePackDef/RulePackDef.xml,def
SexualInteractionConstants.rulePack.rulesStrings.235,ass->keister,li,RulePackDef/RulePackDef.xml,def
SexualInteractionConstants.rulePack.rulesStrings.236,ass->rear,li,RulePackDef/RulePackDef.xml,def
SexualInteractionConstants.rulePack.rulesStrings.237,ass->rearend,li,RulePackDef/RulePackDef.xml,def
SexualInteractionConstants.rulePack.rulesStrings.238,ass->tail,li,RulePackDef/RulePackDef.xml,def
SexualInteractionConstants.rulePack.rulesStrings.239,ass->tushie,li,RulePackDef/RulePackDef.xml,def
SexualInteractionConstants.rulePack.rulesStrings.240,ass->hindquarters,li,RulePackDef/RulePackDef.xml,def
SexualInteractionConstants.rulePack.rulesStrings.241,ass->arse,li,RulePackDef/RulePackDef.xml,def
SexualInteractionConstants.rulePack.rulesStrings.242,ass->buns,li,RulePackDef/RulePackDef.xml,def
SexualInteractionConstants.rulePack.rulesStrings.243,ass->patootie,li,RulePackDef/RulePackDef.xml,def
SexualInteractionConstants.rulePack.rulesStrings.244,ass->dumptruck,li,RulePackDef/RulePackDef.xml,def
SexualInteractionConstants.rulePack.rulesStrings.245,ass->caboose,li,RulePackDef/RulePackDef.xml,def
SexualInteractionConstants.rulePack.rulesStrings.246,ass->bunghole,li,RulePackDef/RulePackDef.xml,def
SexualInteractionConstants.rulePack.rulesStrings.247,ass->tukkus,li,RulePackDef/RulePackDef.xml,def
SexualInteractionConstants.rulePack.rulesStrings.248,ass->badonkadonk,li,RulePackDef/RulePackDef.xml,def
SexualInteractionConstants.rulePack.rulesStrings.249,ass->rump,li,RulePackDef/RulePackDef.xml,def
SexualInteractionConstants.rulePack.rulesStrings.250,ass->haunches,li,RulePackDef/RulePackDef.xml,def
SexualInteractionConstants.rulePack.rulesStrings.251,ass->hams,li,RulePackDef/RulePackDef.xml,def
SexualInteractionConstants.rulePack.rulesStrings.252,ass->can,li,RulePackDef/RulePackDef.xml,def
SexualInteractionConstants.rulePack.rulesStrings.253,vagina->pussy,li,RulePackDef/RulePackDef.xml,def
SexualInteractionConstants.rulePack.rulesStrings.254,vagina->cunt,li,RulePackDef/RulePackDef.xml,def
SexualInteractionConstants.rulePack.rulesStrings.255,vagina->coochie,li,RulePackDef/RulePackDef.xml,def
SexualInteractionConstants.rulePack.rulesStrings.256,vagina->beaver,li,RulePackDef/RulePackDef.xml,def
SexualInteractionConstants.rulePack.rulesStrings.257,vagina->muff,li,RulePackDef/RulePackDef.xml,def
SexualInteractionConstants.rulePack.rulesStrings.258,vagina->beef curtains,li,RulePackDef/RulePackDef.xml,def
SexualInteractionConstants.rulePack.rulesStrings.259,vagina->fanny,li,RulePackDef/RulePackDef.xml,def
SexualInteractionConstants.rulePack.rulesStrings.260,vagina->box,li,RulePackDef/RulePackDef.xml,def
SexualInteractionConstants.rulePack.rulesStrings.261,vagina->hooha,li,RulePackDef/RulePackDef.xml,def
SexualInteractionConstants.rulePack.rulesStrings.262,vagina->lady bits,li,RulePackDef/RulePackDef.xml,def
SexualInteractionConstants.rulePack.rulesStrings.263,vagina->twat,li,RulePackDef/RulePackDef.xml,def
SexualInteractionConstants.rulePack.rulesStrings.264,vagina->minge,li,RulePackDef/RulePackDef.xml,def
SexualInteractionConstants.rulePack.rulesStrings.265,vagina->flower,li,RulePackDef/RulePackDef.xml,def
SexualInteractionConstants.rulePack.rulesStrings.266,vagina->bits,li,RulePackDef/RulePackDef.xml,def
SexualInteractionConstants.rulePack.rulesStrings.267,vagina->cookie,li,RulePackDef/RulePackDef.xml,def
SexualInteractionConstants.rulePack.rulesStrings.268,vagina->clam,li,RulePackDef/RulePackDef.xml,def
SexualInteractionConstants.rulePack.rulesStrings.269,vagina->vajayjay,li,RulePackDef/RulePackDef.xml,def
SexualInteractionConstants.rulePack.rulesStrings.270,vagina->foof,li,RulePackDef/RulePackDef.xml,def
SexualInteractionConstants.rulePack.rulesStrings.271,vagina->furburger,li,RulePackDef/RulePackDef.xml,def
SexualInteractionConstants.rulePack.rulesStrings.272,vagina->clunge,li,RulePackDef/RulePackDef.xml,def
SexualInteractionConstants.rulePack.rulesStrings.273,vagina->nunny,li,RulePackDef/RulePackDef.xml,def
SexualInteractionConstants.rulePack.rulesStrings.274,vagina->tuppence,li,RulePackDef/RulePackDef.xml,def
SexualInteractionConstants.rulePack.rulesStrings.275,vagina->vagina,li,RulePackDef/RulePackDef.xml,def
SexualInteractionConstants.rulePack.rulesStrings.276,vagina->scabbard,li,RulePackDef/RulePackDef.xml,def
SexualInteractionConstants.rulePack.rulesStrings.277,vagina->sheath,li,RulePackDef/RulePackDef.xml,def
SexualInteractionConstants.rulePack.rulesStrings.278,vagina->meat sheath,li,RulePackDef/RulePackDef.xml,def
SexualInteractionConstants.rulePack.rulesStrings.279,vagina->otter pocket,li,RulePackDef/RulePackDef.xml,def
SexualInteractionConstants.rulePack.rulesStrings.280,vagina->whisker biscuit,li,RulePackDef/RulePackDef.xml,def
SexualInteractionConstants.rulePack.rulesStrings.281,vagina->squish mitten,li,RulePackDef/RulePackDef.xml,def
SexualInteractionConstants.rulePack.rulesStrings.282,vagina->slit,li,RulePackDef/RulePackDef.xml,def
SexualInteractionConstants.rulePack.rulesStrings.283,vagina->vagoo,li,RulePackDef/RulePackDef.xml,def
SexualInteractionConstants.rulePack.rulesStrings.284,vagina->taco,li,RulePackDef/RulePackDef.xml,def
SexualInteractionConstants.rulePack.rulesStrings.285,vagina->cooter,li,RulePackDef/RulePackDef.xml,def
SexualInteractionConstants.rulePack.rulesStrings.286,vagina->bone hole,li,RulePackDef/RulePackDef.xml,def
SexualInteractionConstants.rulePack.rulesStrings.287,vagina->vertical smile,li,RulePackDef/RulePackDef.xml,def
SexualInteractionConstants.rulePack.rulesStrings.288,vagina->poontang,li,RulePackDef/RulePackDef.xml,def
SexualInteractionConstants.rulePack.rulesStrings.289,vagina->meat wallet,li,RulePackDef/RulePackDef.xml,def
SexualInteractionConstants.rulePack.rulesStrings.290,vagina->baby maker,li,RulePackDef/RulePackDef.xml,def
SexualInteractionConstants.rulePack.rulesStrings.291,vagina->fuckhole,li,RulePackDef/RulePackDef.xml,def
SexualInteractionConstants.rulePack.rulesStrings.292,vagina->ferret hole,li,RulePackDef/RulePackDef.xml,def
SexualInteractionConstants.rulePack.rulesStrings.293,vagina->cocksleeve,li,RulePackDef/RulePackDef.xml,def
SexualInteractionConstants.rulePack.rulesStrings.294,vagina->cockpit,li,RulePackDef/RulePackDef.xml,def
SexualInteractionConstants.rulePack.rulesStrings.295,vagina->coochie,li,RulePackDef/RulePackDef.xml,def
SexualInteractionConstants.rulePack.rulesStrings.296,vagina->bearded clam,li,RulePackDef/RulePackDef.xml,def
SexualInteractionConstants.rulePack.rulesStrings.297,vagina->cameltoe,li,RulePackDef/RulePackDef.xml,def
SexualInteractionConstants.rulePack.rulesStrings.298,vagina->cock socket,li,RulePackDef/RulePackDef.xml,def
SexualInteractionConstants.rulePack.rulesStrings.299,vagina->hot pocket,li,RulePackDef/RulePackDef.xml,def
SexualInteractionConstants.rulePack.rulesStrings.300,vagina->Hot Pocket™,li,RulePackDef/RulePackDef.xml,def
SexualInteractionConstants.rulePack.rulesStrings.301,vagina->snatch,li,RulePackDef/RulePackDef.xml,def
SexualInteractionConstants.rulePack.rulesStrings.302,vagina->south mouth,li,RulePackDef/RulePackDef.xml,def
SexualInteractionConstants.rulePack.rulesStrings.303,vagina->baby room,li,RulePackDef/RulePackDef.xml,def
SexualInteractionConstants.rulePack.rulesStrings.304,vagina->squeezebox,li,RulePackDef/RulePackDef.xml,def
SexualInteractionConstants.rulePack.rulesStrings.305,vagina->vajingo,li,RulePackDef/RulePackDef.xml,def
SexualInteractionConstants.rulePack.rulesStrings.306,vagina->lady garden,li,RulePackDef/RulePackDef.xml,def
SexualInteractionConstants.rulePack.rulesStrings.307,vagina->queef tunnel,li,RulePackDef/RulePackDef.xml,def
SexualInteractionConstants.rulePack.rulesStrings.308,boobs->tits,li,RulePackDef/RulePackDef.xml,def
SexualInteractionConstants.rulePack.rulesStrings.309,boobs->jugs,li,RulePackDef/RulePackDef.xml,def
SexualInteractionConstants.rulePack.rulesStrings.310,boobs->milkers,li,RulePackDef/RulePackDef.xml,def
SexualInteractionConstants.rulePack.rulesStrings.311,boobs->boobs,li,RulePackDef/RulePackDef.xml,def
SexualInteractionConstants.rulePack.rulesStrings.312,boobs->boobs,li,RulePackDef/RulePackDef.xml,def
SexualInteractionConstants.rulePack.rulesStrings.313,boobs->melons,li,RulePackDef/RulePackDef.xml,def
SexualInteractionConstants.rulePack.rulesStrings.314,boobs->funbags,li,RulePackDef/RulePackDef.xml,def
SexualInteractionConstants.rulePack.rulesStrings.315,boobs->hooters,li,RulePackDef/RulePackDef.xml,def
SexualInteractionConstants.rulePack.rulesStrings.316,boobs->knockers,li,RulePackDef/RulePackDef.xml,def
SexualInteractionConstants.rulePack.rulesStrings.317,boobs->mommy milkers,li,RulePackDef/RulePackDef.xml,def
SexualInteractionConstants.rulePack.rulesStrings.318,boobs->bosom,li,RulePackDef/RulePackDef.xml,def
SexualInteractionConstants.rulePack.rulesStrings.319,boobs->teats,li,RulePackDef/RulePackDef.xml,def
SexualInteractionConstants.rulePack.rulesStrings.320,boobs->cans,li,RulePackDef/RulePackDef.xml,def
SexualInteractionConstants.rulePack.rulesStrings.321,boobs->breasts,li,RulePackDef/RulePackDef.xml,def
SexualInteractionConstants.rulePack.rulesStrings.322,boobs->titties,li,RulePackDef/RulePackDef.xml,def
SexualInteractionConstants.rulePack.rulesStrings.323,boobs->bongos,li,RulePackDef/RulePackDef.xml,def
SexualInteractionConstants.rulePack.rulesStrings.324,boobs->tatas,li,RulePackDef/RulePackDef.xml,def
SexualInteractionConstants.rulePack.rulesStrings.325,boobs->chesticles,li,RulePackDef/RulePackDef.xml,def
SexualInteractionConstants.rulePack.rulesStrings.326,boobs->gazongas,li,RulePackDef/RulePackDef.xml,def
SexualInteractionConstants.rulePack.rulesStrings.327,boobs->kahunas,li,RulePackDef/RulePackDef.xml,def
SexualInteractionConstants.rulePack.rulesStrings.328,boobs->golden globes,li,RulePackDef/RulePackDef.xml,def
SexualInteractionConstants.rulePack.rulesStrings.329,boobs->honkers,li,RulePackDef/RulePackDef.xml,def
SexualInteractionConstants.rulePack.rulesStrings.330,boobs->headlamps,li,RulePackDef/RulePackDef.xml,def
SexualInteractionConstants.rulePack.rulesStrings.331,boobs->titays,li,RulePackDef/RulePackDef.xml,def
SexualInteractionConstants.rulePack.rulesStrings.332,boobs->lady bubbles,li,RulePackDef/RulePackDef.xml,def
SexualInteractionConstants.rulePack.rulesStrings.333,boobs->mankillers,li,RulePackDef/RulePackDef.xml,def
SexualInteractionConstants.rulePack.rulesStrings.334,boobs->sweater stretchers,li,RulePackDef/RulePackDef.xml,def
SexualInteractionConstants.rulePack.rulesStrings.335,boobs->sweater puppies,li,RulePackDef/RulePackDef.xml,def
SexualInteractionConstants.rulePack.rulesStrings.336,boobs->marshmallows,li,RulePackDef/RulePackDef.xml,def
SexualInteractionConstants.rulePack.rulesStrings.337,boobs->twin peaks,li,RulePackDef/RulePackDef.xml,def
SexualInteractionConstants.rulePack.rulesStrings.338,boobs->titter tots,li,RulePackDef/RulePackDef.xml,def
SexualInteractionConstants.rulePack.rulesStrings.339,boobs->shoulder boulders,li,RulePackDef/RulePackDef.xml,def
SexualInteractionConstants.rulePack.rulesStrings.340,boobs->party pillows,li,RulePackDef/RulePackDef.xml,def
SexualInteractionConstants.rulePack.rulesStrings.341,boobs->built-in stress balls,li,RulePackDef/RulePackDef.xml,def
SexualInteractionConstants.rulePack.rulesStrings.342,boobs->dumplings,li,RulePackDef/RulePackDef.xml,def
SexualInteractionConstants.rulePack.rulesStrings.343,cum->cum,li,RulePackDef/RulePackDef.xml,def
SexualInteractionConstants.rulePack.rulesStrings.344,cum->seed,li,RulePackDef/RulePackDef.xml,def
SexualInteractionConstants.rulePack.rulesStrings.345,cum->splooge,li,RulePackDef/RulePackDef.xml,def
SexualInteractionConstants.rulePack.rulesStrings.346,cum->jizz,li,RulePackDef/RulePackDef.xml,def
SexualInteractionConstants.rulePack.rulesStrings.347,cum->jizz,li,RulePackDef/RulePackDef.xml,def
SexualInteractionConstants.rulePack.rulesStrings.348,cum->baby batter,li,RulePackDef/RulePackDef.xml,def
SexualInteractionConstants.rulePack.rulesStrings.349,cum->little soldiers,li,RulePackDef/RulePackDef.xml,def
SexualInteractionConstants.rulePack.rulesStrings.350,cum->lil' soldiers,li,RulePackDef/RulePackDef.xml,def
SexualInteractionConstants.rulePack.rulesStrings.351,cum->semen,li,RulePackDef/RulePackDef.xml,def
SexualInteractionConstants.rulePack.rulesStrings.352,cum->sperm,li,RulePackDef/RulePackDef.xml,def
SexualInteractionConstants.rulePack.rulesStrings.353,cum->spunk,li,RulePackDef/RulePackDef.xml,def
SexualInteractionConstants.rulePack.rulesStrings.354,cum->custard,li,RulePackDef/RulePackDef.xml,def
SexualInteractionConstants.rulePack.rulesStrings.355,cum->cream,li,RulePackDef/RulePackDef.xml,def
SexualInteractionConstants.rulePack.rulesStrings.356,cum->yogurt,li,RulePackDef/RulePackDef.xml,def
SexualInteractionConstants.rulePack.rulesStrings.357,cum->GoGurt™,li,RulePackDef/RulePackDef.xml,def
SexualInteractionConstants.rulePack.rulesStrings.358,cum->commitment cream,li,RulePackDef/RulePackDef.xml,def
SexualInteractionConstants.rulePack.rulesStrings.359,cum->cream filling,li,RulePackDef/RulePackDef.xml,def
SexualInteractionConstants.rulePack.rulesStrings.360,cum->essence,li,RulePackDef/RulePackDef.xml,def
SexualInteractionConstants.rulePack.rulesStrings.361,cum->thigh cream,li,RulePackDef/RulePackDef.xml,def
SexualInteractionConstants.rulePack.rulesStrings.362,cum->gene juice,li,RulePackDef/RulePackDef.xml,def
SexualInteractionConstants.rulePack.rulesStrings.363,cum->gene jam,li,RulePackDef/RulePackDef.xml,def
SexualInteractionConstants.rulePack.rulesStrings.364,cum->gene jello,li,RulePackDef/RulePackDef.xml,def
SexualInteractionConstants.rulePack.rulesStrings.365,cum->swimmers,li,RulePackDef/RulePackDef.xml,def
SexualInteractionConstants.rulePack.rulesStrings.366,cum->future kids,li,RulePackDef/RulePackDef.xml,def
SexualInteractionConstants.rulePack.rulesStrings.367,cum->trouser snake venom,li,RulePackDef/RulePackDef.xml,def
SexualInteractionConstants.rulePack.rulesStrings.368,cum->CoolWhip™,li,RulePackDef/RulePackDef.xml,def
SexualInteractionConstants.rulePack.rulesStrings.369,cum->whipped cream,li,RulePackDef/RulePackDef.xml,def
SexualInteractionConstants.rulePack.rulesStrings.370,cum->nut,li,RulePackDef/RulePackDef.xml,def
SexualInteractionConstants.rulePack.rulesStrings.371,cum->nut butter,li,RulePackDef/RulePackDef.xml,def
SexualInteractionConstants.rulePack.rulesStrings.372,cum->cottage cheese,li,RulePackDef/RulePackDef.xml,def
SexualInteractionConstants.rulePack.rulesStrings.373,cum->babyfilling,li,RulePackDef/RulePackDef.xml,def
SexualInteractionConstants.rulePack.rulesStrings.374,cum->egg infiltrators,li,RulePackDef/RulePackDef.xml,def
SexualInteractionConstants.rulePack.rulesStrings.375,cum->egg invaders,li,RulePackDef/RulePackDef.xml,def
SexualInteractionConstants.rulePack.rulesStrings.376,cum->filthy fertilizer,li,RulePackDef/RulePackDef.xml,def
SexualInteractionConstants.rulePack.rulesStrings.377,cum->mommy makers,li,RulePackDef/RulePackDef.xml,def
SexualInteractionConstants.rulePack.rulesStrings.378,cum->schlong juice,li,RulePackDef/RulePackDef.xml,def
SexualChitchatConstants.rulePack.rulesStrings.0,normal_sex_reaction->wow,li,RulePackDef/RulePackDef.xml,def
SexualChitchatConstants.rulePack.rulesStrings.1,normal_sex_reaction->oh my,li,RulePackDef/RulePackDef.xml,def
SexualChitchatConstants.rulePack.rulesStrings.2,normal_sex_reaction->*gasp*,li,RulePackDef/RulePackDef.xml,def
SexualChitchatConstants.rulePack.rulesStrings.3,normal_sex_reaction->ah,li,RulePackDef/RulePackDef.xml,def
SexualChitchatConstants.rulePack.rulesStrings.4,horny_sex_reaction->wow,li,RulePackDef/RulePackDef.xml,def
SexualChitchatConstants.rulePack.rulesStrings.5,horny_sex_reaction->ooh,li,RulePackDef/RulePackDef.xml,def
SexualChitchatConstants.rulePack.rulesStrings.6,horny_sex_reaction->hot,li,RulePackDef/RulePackDef.xml,def
SexualChitchatConstants.rulePack.rulesStrings.7,gross_sex_reaction->ew,li,RulePackDef/RulePackDef.xml,def
SexualChitchatConstants.rulePack.rulesStrings.8,gross_sex_reaction->ugh,li,RulePackDef/RulePackDef.xml,def
SexualChitchatConstants.rulePack.rulesStrings.9,gross_sex_reaction->gross,li,RulePackDef/RulePackDef.xml,def
SexualChitchatConstants.rulePack.rulesStrings.10,gross_sex_reaction->yuck,li,RulePackDef/RulePackDef.xml,def
SexualChitchatConstants.rulePack.rulesStrings.11,cheer_sex_reaction->woo,li,RulePackDef/RulePackDef.xml,def
SexualChitchatConstants.rulePack.rulesStrings.12,cheer_sex_reaction->nice,li,RulePackDef/RulePackDef.xml,def
SexualChitchatConstants.rulePack.rulesStrings.13,leaving_sex_reaction->i'll get out of here,li,RulePackDef/RulePackDef.xml,def
SexualChitchatConstants.rulePack.rulesStrings.14,leaving_sex_reaction->i'll go,li,RulePackDef/RulePackDef.xml,def
SexualChitchatConstants.rulePack.rulesStrings.15,leaving_sex_reaction->i'll leave you to it,li,RulePackDef/RulePackDef.xml,def
SexualChitchatConstants.rulePack.rulesStrings.16,expletive_adj->fucking,li,RulePackDef/RulePackDef.xml,def
SexualChitchatConstants.rulePack.rulesStrings.17,expletive_adj->goddamn,li,RulePackDef/RulePackDef.xml,def
SexualChitchatConstants.rulePack.rulesStrings.18,expletive->god,li,RulePackDef/RulePackDef.xml,def
SexualChitchatConstants.rulePack.rulesStrings.19,expletive->goddamn,li,RulePackDef/RulePackDef.xml,def
SexualChitchatConstants.rulePack.rulesStrings.20,expletive->fuck,li,RulePackDef/RulePackDef.xml,def
SexualChitchatConstants.rulePack.rulesStrings.21,fuck->fuck,li,RulePackDef/RulePackDef.xml,def
SexualChitchatConstants.rulePack.rulesStrings.22,fuck->breed,li,RulePackDef/RulePackDef.xml,def
SexualChitchatConstants.rulePack.rulesStrings.23,fuck->pound,li,RulePackDef/RulePackDef.xml,def
SexualChitchatConstants.rulePack.rulesStrings.24,fuck->bang,li,RulePackDef/RulePackDef.xml,def
SexualChitchatConstants.rulePack.rulesStrings.25,fuck->screw,li,RulePackDef/RulePackDef.xml,def
SexualChitchatConstants.rulePack.rulesStrings.26,fuck->peg,li,RulePackDef/RulePackDef.xml,def
SexualChitchatConstants.rulePack.rulesStrings.27,fuck->bone,li,RulePackDef/RulePackDef.xml,def
SexualChitchatConstants.rulePack.rulesStrings.28,fuck->boink,li,RulePackDef/RulePackDef.xml,def
SexualChitchatConstants.rulePack.rulesStrings.29,fuck->bonk,li,RulePackDef/RulePackDef.xml,def
SexualChitchatConstants.rulePack.rulesStrings.30,fuck->nail,li,RulePackDef/RulePackDef.xml,def
SexualChitchatConstants.rulePack.rulesStrings.31,fuck->shag,li,RulePackDef/RulePackDef.xml,def
SexualChitchatConstants.rulePack.rulesStrings.32,fuck->tap,li,RulePackDef/RulePackDef.xml,def
SexualChitchatConstants.rulePack.rulesStrings.33,fuck->pork,li,RulePackDef/RulePackDef.xml,def
SexualChitchatConstants.rulePack.rulesStrings.34,fuck->shag,li,RulePackDef/RulePackDef.xml,def
SexualChitchatConstants.rulePack.rulesStrings.35,fuck->hump,li,RulePackDef/RulePackDef.xml,def
SexualChitchatConstants.rulePack.rulesStrings.36,fuck->root,li,RulePackDef/RulePackDef.xml,def
SexualChitchatConstants.rulePack.rulesStrings.37,fuck->ride,li,RulePackDef/RulePackDef.xml,def
SexualChitchatConstants.rulePack.rulesStrings.38,fuck->clap,li,RulePackDef/RulePackDef.xml,def
SexualChitchatConstants.rulePack.rulesStrings.39,fuck->smash,li,RulePackDef/RulePackDef.xml,def
SexualChitchatConstants.rulePack.rulesStrings.40,fuck->mash,li,RulePackDef/RulePackDef.xml,def
SexualChitchatConstants.rulePack.rulesStrings.41,fuck->bump,li,RulePackDef/RulePackDef.xml,def
SexualChitchatConstants.rulePack.rulesStrings.42,fuck->poke,li,RulePackDef/RulePackDef.xml,def
SexualChitchatConstants.rulePack.rulesStrings.43,fuck->dock,li,RulePackDef/RulePackDef.xml,def
SexualChitchatConstants.rulePack.rulesStrings.44,fuck->doink,li,RulePackDef/RulePackDef.xml,def
SexualChitchatConstants.rulePack.rulesStrings.45,fuck->dunk,li,RulePackDef/RulePackDef.xml,def
SexualChitchatConstants.rulePack.rulesStrings.46,fuck->slam-dunk,li,RulePackDef/RulePackDef.xml,def
SexualChitchatConstants.rulePack.rulesStrings.47,fuck->fork,li,RulePackDef/RulePackDef.xml,def
SexualChitchatConstants.rulePack.rulesStrings.48,fuck->pile-drive,li,RulePackDef/RulePackDef.xml,def
SexualChitchatConstants.rulePack.rulesStrings.49,fuck->tombstone,li,RulePackDef/RulePackDef.xml,def
SexualChitchatConstants.rulePack.rulesStrings.50,fuck->pogo,li,RulePackDef/RulePackDef.xml,def
SexualChitchatConstants.rulePack.rulesStrings.51,fuck->pump,li,RulePackDef/RulePackDef.xml,def
SexualChitchatConstants.rulePack.rulesStrings.52,fuck->rut,li,RulePackDef/RulePackDef.xml,def
SexualChitchatConstants.rulePack.rulesStrings.53,fuck->shuck,li,RulePackDef/RulePackDef.xml,def
SexualChitchatConstants.rulePack.rulesStrings.54,fuck->throttle,li,RulePackDef/RulePackDef.xml,def
SexualChitchatConstants.rulePack.rulesStrings.55,fuck->thump,li,RulePackDef/RulePackDef.xml,def
SexualChitchatConstants.rulePack.rulesStrings.56,fuck->drill,li,RulePackDef/RulePackDef.xml,def
SexualChitchatConstants.rulePack.rulesStrings.57,fuck->hammer,li,RulePackDef/RulePackDef.xml,def
SexualChitchatConstants.rulePack.rulesStrings.58,insult->fucker,li,RulePackDef/RulePackDef.xml,def
SexualChitchatConstants.rulePack.rulesStrings.59,insult->shitlord,li,RulePackDef/RulePackDef.xml,def
SexualChitchatConstants.rulePack.rulesStrings.60,insult->bastard,li,RulePackDef/RulePackDef.xml,def
SexualChitchatConstants.rulePack.rulesStrings.61,insult->motherfucker,li,RulePackDef/RulePackDef.xml,def
SexualChitchatConstants.rulePack.rulesStrings.62,insult->son of a bitch,li,RulePackDef/RulePackDef.xml,def
SexualChitchatConstants.rulePack.rulesStrings.63,insult->piece of shit,li,RulePackDef/RulePackDef.xml,def
SexualChitchatConstants.rulePack.rulesStrings.64,insult->fucker,li,RulePackDef/RulePackDef.xml,def
SexualChitchatConstants.rulePack.rulesStrings.65,laughs->AHAHAHA,li,RulePackDef/RulePackDef.xml,def
SexualChitchatConstants.rulePack.rulesStrings.66,laughs->HA HA,li,RulePackDef/RulePackDef.xml,def
SexualChitchatConstants.rulePack.rulesStrings.67,counterpart(INITIATOR_opinion>=25)->[friend],li,RulePackDef/RulePackDef.xml,def
SexualChitchatConstants.rulePack.rulesStrings.68,friend->friend,li,RulePackDef/RulePackDef.xml,def
SexualChitchatConstants.rulePack.rulesStrings.69,friend->pal,li,RulePackDef/RulePackDef.xml,def
SexualChitchatConstants.rulePack.rulesStrings.70,friend(RECIPIENT_gender==Female)->gal,li,RulePackDef/RulePackDef.xml,def
SexualChitchatConstants.rulePack.rulesStrings.71,friend(RECIPIENT_gender==Male)->dude,li,RulePackDef/RulePackDef.xml,def
SexualChitchatConstants.rulePack.rulesStrings.72,friend(RECIPIENT_gender==Male)->bud,li,RulePackDef/RulePackDef.xml,def
SexualChitchatConstants.rulePack.rulesStrings.73,"friend(RECIPIENT_gender==Male, INITIATOR_gender==Male)->bro",li,RulePackDef/RulePackDef.xml,def
SexualChitchatConstants.rulePack.rulesStrings.74,"friend(RECIPIENT_gender==Male, INITIATOR_gender==Male)->man",li,RulePackDef/RulePackDef.xml,def
SexualChitchatConstants.rulePack.rulesStrings.75,"friend(RECIPIENT_gender==Female, INITIATOR_gender==Female)->gurl",li,RulePackDef/RulePackDef.xml,def
SexualChitchatConstants.rulePack.rulesStrings.76,"friend(RECIPIENT_gender==Female, INITIATOR_gender==Female)->girlfriend",li,RulePackDef/RulePackDef.xml,def
SexualChitchatConstants.rulePack.rulesStrings.77,counterpart->[neutral],li,RulePackDef/RulePackDef.xml,def
SexualChitchatConstants.rulePack.rulesStrings.78,neutral->[RECIPIENT_nameDef],li,RulePackDef/RulePackDef.xml,def
SexualChitchatConstants.rulePack.rulesStrings.79,counterpart(INITIATOR_opinion<=-25)->[rival],li,RulePackDef/RulePackDef.xml,def
SexualChitchatConstants.rulePack.rulesStrings.80,"rival(RECIPIENT_trait==masochist, INITIATOR_trait!=masochist, priority=1)->[disapprove]",li,RulePackDef/RulePackDef.xml,def
SexualChitchatConstants.rulePack.rulesStrings.81,"disapprove(RECIPIENT_trait==zoophile, INITIATOR_trait!=zoophile)->animal fucker",li,RulePackDef/RulePackDef.xml,def
SexualChitchatConstants.rulePack.rulesStrings.82,"disapprove(RECIPIENT_trait==rapist, INITIATOR_trait!=rapist)->rapist",li,RulePackDef/RulePackDef.xml,def
SexualChitchatConstants.rulePack.rulesStrings.83,disapprove->degenerate,li,RulePackDef/RulePackDef.xml,def
SexualChitchatConstants.rulePack.rulesStrings.84,disapprove->freak,li,RulePackDef/RulePackDef.xml,def
SexualChitchatConstants.rulePack.rulesStrings.85,disapprove(INITIATOR_intellectual_level>=10)->profligate,li,RulePackDef/RulePackDef.xml,def
SexualChitchatConstants.rulePack.rulesStrings.86,rival->punk,li,RulePackDef/RulePackDef.xml,def
SexualChitchatConstants.rulePack.rulesStrings.87,rival(RECIPIENT_gender==Male)->asshole,li,RulePackDef/RulePackDef.xml,def
SexualChitchatConstants.rulePack.rulesStrings.88,rival(RECIPIENT_gender==Female)->bitch,li,RulePackDef/RulePackDef.xml,def
SexConstants.rulePack.rulesStrings.0,"sex(INITIATOR_gender==Male, priority=1)->[sex_m]",li,RulePackDef/RulePackDef.xml,def
SexConstants.rulePack.rulesStrings.1,"sex(INITIATOR_gender==Female, priority=1)->[sex_f]",li,RulePackDef/RulePackDef.xml,def
SexConstants.rulePack.rulesStrings.2,sex_m->[sex_n],li,RulePackDef/RulePackDef.xml,def
SexConstants.rulePack.rulesStrings.3,sex_f->[sex_n],li,RulePackDef/RulePackDef.xml,def
SexConstants.rulePack.rulesStrings.4,lover(INITIATOR_opinion>=85)->[best],li,RulePackDef/RulePackDef.xml,def
SexConstants.rulePack.rulesStrings.5,best->babe,li,RulePackDef/RulePackDef.xml,def
SexConstants.rulePack.rulesStrings.6,best->sweetheart,li,RulePackDef/RulePackDef.xml,def
SexConstants.rulePack.rulesStrings.7,best->love,li,RulePackDef/RulePackDef.xml,def
SexConstants.rulePack.rulesStrings.8,best->sweetie,li,RulePackDef/RulePackDef.xml,def
SexConstants.rulePack.rulesStrings.9,lover(INITIATOR_opinion>=25)->[friend],li,RulePackDef/RulePackDef.xml,def
SexConstants.rulePack.rulesStrings.10,friend->cutie,li,RulePackDef/RulePackDef.xml,def
SexConstants.rulePack.rulesStrings.11,friend->sweetcheeks,li,RulePackDef/RulePackDef.xml,def
SexConstants.rulePack.rulesStrings.12,friend->hun,li,RulePackDef/RulePackDef.xml,def
SexConstants.rulePack.rulesStrings.13,friend(RECIPIENT_gender==Female)->beautiful,li,RulePackDef/RulePackDef.xml,def
SexConstants.rulePack.rulesStrings.14,friend(RECIPIENT_gender==Male)->handsome,li,RulePackDef/RulePackDef.xml,def
SexConstants.rulePack.rulesStrings.15,lover->[neutral],li,RulePackDef/RulePackDef.xml,def
SexConstants.rulePack.rulesStrings.16,neutral->[RECIPIENT_nameDef],li,RulePackDef/RulePackDef.xml,def
SexConstants.rulePack.rulesStrings.17,lover(INITIATOR_opinion<=-25)->[rival],li,RulePackDef/RulePackDef.xml,def
SexConstants.rulePack.rulesStrings.18,rival(RECIPIENT_gender==Female)->skank,li,RulePackDef/RulePackDef.xml,def
SexConstants.rulePack.rulesStrings.19,rival(RECIPIENT_gender==Female)->slut,li,RulePackDef/RulePackDef.xml,def
SexConstants.rulePack.rulesStrings.20,rival(RECIPIENT_gender==Male)->fuckboy,li,RulePackDef/RulePackDef.xml,def
SexConstants.rulePack.rulesStrings.21,rival(RECIPIENT_gender==Male)->sleaze,li,RulePackDef/RulePackDef.xml,def
SexConstants.rulePack.rulesStrings.22,lover(INITIATOR_opinion<=-85)->[worst],li,RulePackDef/RulePackDef.xml,def
SexConstants.rulePack.rulesStrings.23,worst(RECIPIENT_gender==Female)->whore,li,RulePackDef/RulePackDef.xml,def
SexConstants.rulePack.rulesStrings.24,worst(RECIPIENT_gender==Female)->bitch,li,RulePackDef/RulePackDef.xml,def
SexConstants.rulePack.rulesStrings.25,worst(RECIPIENT_gender==Male)->scumbag,li,RulePackDef/RulePackDef.xml,def
SexReplyConstants.rulePack.rulesStrings.0,r_logentry->[sex_react],li,RulePackDef/RulePackDef.xml,def
SexReplyConstants.rulePack.rulesStrings.1,"sex_react(RECIPIENT_gender==Female, priority=1)->[sex_react_f]",li,RulePackDef/RulePackDef.xml,def
SexReplyConstants.rulePack.rulesStrings.2,"sex_react(RECIPIENT_gender==Male, priority=1)->[sex_react_m]",li,RulePackDef/RulePackDef.xml,def
SexReplyConstants.rulePack.rulesStrings.3,sex_react_f->[sex_react_n],li,RulePackDef/RulePackDef.xml,def
SexReplyConstants.rulePack.rulesStrings.4,sex_react_m->[sex_react_n],li,RulePackDef/RulePackDef.xml,def
SexReplyConstants.rulePack.rulesStrings.5,lover(INITIATOR_opinion>=85)->[best],li,RulePackDef/RulePackDef.xml,def
SexReplyConstants.rulePack.rulesStrings.6,best->babe,li,RulePackDef/RulePackDef.xml,def
SexReplyConstants.rulePack.rulesStrings.7,best->sweetheart,li,RulePackDef/RulePackDef.xml,def
SexReplyConstants.rulePack.rulesStrings.8,best->love,li,RulePackDef/RulePackDef.xml,def
SexReplyConstants.rulePack.rulesStrings.9,best->sweetie,li,RulePackDef/RulePackDef.xml,def
SexReplyConstants.rulePack.rulesStrings.10,lover(INITIATOR_opinion>=25)->[friend],li,RulePackDef/RulePackDef.xml,def
SexReplyConstants.rulePack.rulesStrings.11,friend->cutie,li,RulePackDef/RulePackDef.xml,def
SexReplyConstants.rulePack.rulesStrings.12,friend->sweetcheeks,li,RulePackDef/RulePackDef.xml,def
SexReplyConstants.rulePack.rulesStrings.13,friend->hun,li,RulePackDef/RulePackDef.xml,def
SexReplyConstants.rulePack.rulesStrings.14,friend(RECIPIENT_gender==Female)->beautiful,li,RulePackDef/RulePackDef.xml,def
SexReplyConstants.rulePack.rulesStrings.15,friend(RECIPIENT_gender==Male)->handsome,li,RulePackDef/RulePackDef.xml,def
SexReplyConstants.rulePack.rulesStrings.16,lover->[neutral],li,RulePackDef/RulePackDef.xml,def
SexReplyConstants.rulePack.rulesStrings.17,neutral->[RECIPIENT_nameDef],li,RulePackDef/RulePackDef.xml,def
SexReplyConstants.rulePack.rulesStrings.18,lover(INITIATOR_opinion<=-25)->[rival],li,RulePackDef/RulePackDef.xml,def
SexReplyConstants.rulePack.rulesStrings.19,rival(RECIPIENT_gender==Female)->skank,li,RulePackDef/RulePackDef.xml,def
SexReplyConstants.rulePack.rulesStrings.20,rival(RECIPIENT_gender==Female)->slut,li,RulePackDef/RulePackDef.xml,def
SexReplyConstants.rulePack.rulesStrings.21,rival(RECIPIENT_gender==Male)->fuckboy,li,RulePackDef/RulePackDef.xml,def
SexReplyConstants.rulePack.rulesStrings.22,rival(RECIPIENT_gender==Male)->sleaze,li,RulePackDef/RulePackDef.xml,def
SexReplyConstants.rulePack.rulesStrings.23,lover(INITIATOR_opinion<=-85)->[worst],li,RulePackDef/RulePackDef.xml,def
SexReplyConstants.rulePack.rulesStrings.24,worst(RECIPIENT_gender==Female)->whore,li,RulePackDef/RulePackDef.xml,def
SexReplyConstants.rulePack.rulesStrings.25,worst(RECIPIENT_gender==Female)->bitch,li,RulePackDef/RulePackDef.xml,def
SexReplyConstants.rulePack.rulesStrings.26,worst(RECIPIENT_gender==Male)->scumbag,li,RulePackDef/RulePackDef.xml,def
RapeConstants.rulePack.rulesStrings.0,"rape(INITIATOR_gender==Male, priority=1)->[rape_m]",li,RulePackDef/RulePackDef.xml,def
RapeConstants.rulePack.rulesStrings.1,"rape(INITIATOR_gender==Female, priority=1)->[rape_f]",li,RulePackDef/RulePackDef.xml,def
RapeConstants.rulePack.rulesStrings.2,rape_m->[rape_n],li,RulePackDef/RulePackDef.xml,def
RapeConstants.rulePack.rulesStrings.3,rape_f->[rape_n],li,RulePackDef/RulePackDef.xml,def
RapeConstants.rulePack.rulesStrings.4,victim->[RECIPIENT_nameDef],li,RulePackDef/RulePackDef.xml,def
RapeConstants.rulePack.rulesStrings.5,victim(RECIPIENT_gender==Female)->[victim_f],li,RulePackDef/RulePackDef.xml,def
RapeConstants.rulePack.rulesStrings.6,victim(RECIPIENT_gender==Male)->[victim_m],li,RulePackDef/RulePackDef.xml,def
RapeConstants.rulePack.rulesStrings.7,"victim_f(INITIATOR_opinion>=25,  priority=1)->[RECIPIENT_nameDef]",li,RulePackDef/RulePackDef.xml,def
RapeConstants.rulePack.rulesStrings.8,victim_f->bitch,li,RulePackDef/RulePackDef.xml,def
RapeConstants.rulePack.rulesStrings.9,victim_f->slut,li,RulePackDef/RulePackDef.xml,def
RapeConstants.rulePack.rulesStrings.10,victim_f->whore,li,RulePackDef/RulePackDef.xml,def
RapeConstants.rulePack.rulesStrings.11,"victim_m(INITIATOR_opinion>=25,  priority=1)->[RECIPIENT_nameDef]",li,RulePackDef/RulePackDef.xml,def
RapeConstants.rulePack.rulesStrings.12,victim_m->bitch,li,RulePackDef/RulePackDef.xml,def
RapeConstants.rulePack.rulesStrings.13,victim_m->pussy,li,RulePackDef/RulePackDef.xml,def
RapeConstants.rulePack.rulesStrings.14,victim_m->weakling,li,RulePackDef/RulePackDef.xml,def
RapeReplyConstants.rulePack.rulesStrings.0,r_logentry->[rape_react],li,RulePackDef/RulePackDef.xml,def
RapeReplyConstants.rulePack.rulesStrings.1,"rape_react(RECIPIENT_gender==Female, priority=1)->[rape_react_f]",li,RulePackDef/RulePackDef.xml,def
RapeReplyConstants.rulePack.rulesStrings.2,"rape_react_f(INITIATOR_trait==masochist, priority=2)->[masochist_f]",li,RulePackDef/RulePackDef.xml,def
RapeReplyConstants.rulePack.rulesStrings.3,"rape_react_f(INITIATOR_thoughtLabel==begging for more, priority=1)->[masochist_f]",li,RulePackDef/RulePackDef.xml,def
RapeReplyConstants.rulePack.rulesStrings.4,"rape_react_f(INITIATOR_thoughtLabel==my body feels broken, priority=1)->[broken2_f]",li,RulePackDef/RulePackDef.xml,def
RapeReplyConstants.rulePack.rulesStrings.5,"rape_react_f(INITIATOR_thoughtLabel==dizzy, priority=1)->[broken1_f]",li,RulePackDef/RulePackDef.xml,def
RapeReplyConstants.rulePack.rulesStrings.6,"rape_react(RECIPIENT_gender==Male, priority=1)->[rape_react_m]",li,RulePackDef/RulePackDef.xml,def
RapeReplyConstants.rulePack.rulesStrings.7,"rape_react_m(INITIATOR_trait==masochist, priority=2)->[masochist_m]",li,RulePackDef/RulePackDef.xml,def
RapeReplyConstants.rulePack.rulesStrings.8,"rape_react_m(INITIATOR_thoughtLabel==begging for more, priority=1)->[masochist_m]",li,RulePackDef/RulePackDef.xml,def
RapeReplyConstants.rulePack.rulesStrings.9,"rape_react_m(INITIATOR_thoughtLabel==my body feels broken, priority=1)->[broken2_m]",li,RulePackDef/RulePackDef.xml,def
RapeReplyConstants.rulePack.rulesStrings.10,"rape_react_m(INITIATOR_thoughtLabel==dizzy, priority=1)->[broken1_m]",li,RulePackDef/RulePackDef.xml,def
RapeReplyConstants.rulePack.rulesStrings.11,rape_react_m->[rape_react_n],li,RulePackDef/RulePackDef.xml,def
RapeReplyConstants.rulePack.rulesStrings.12,rape_react_f->[rape_react_n],li,RulePackDef/RulePackDef.xml,def
RapeReplyConstants.rulePack.rulesStrings.13,masochist_m->[masochist_n],li,RulePackDef/RulePackDef.xml,def
RapeReplyConstants.rulePack.rulesStrings.14,masochist_f->[masochist_n],li,RulePackDef/RulePackDef.xml,def
RapeReplyConstants.rulePack.rulesStrings.15,broken2_m->[broken2_n],li,RulePackDef/RulePackDef.xml,def
RapeReplyConstants.rulePack.rulesStrings.16,broken2_f->[broken2_n],li,RulePackDef/RulePackDef.xml,def
RapeReplyConstants.rulePack.rulesStrings.17,broken1_m->[broken2_n],li,RulePackDef/RulePackDef.xml,def
RapeReplyConstants.rulePack.rulesStrings.18,broken1_f->[broken2_n],li,RulePackDef/RulePackDef.xml,def
RapeReplyConstants.rulePack.rulesStrings.19,"rapist(INITIATOR_opinion>=25, priority=1)->[RECIPIENT_nameDef]",li,RulePackDef/RulePackDef.xml,def
RapeReplyConstants.rulePack.rulesStrings.20,"rapist(INITIATOR_trait==masochist, priority=2)->[master]",li,RulePackDef/RulePackDef.xml,def
RapeReplyConstants.rulePack.rulesStrings.21,master->master,li,RulePackDef/RulePackDef.xml,def
RapeReplyConstants.rulePack.rulesStrings.22,master(RECIPIENT_gender==Male)->daddy,li,RulePackDef/RulePackDef.xml,def
RapeReplyConstants.rulePack.rulesStrings.23,master->[RECIPIENT_nameDef],li,RulePackDef/RulePackDef.xml,def
RapeReplyConstants.rulePack.rulesStrings.24,rapist->[rapist_bad_opinion],li,RulePackDef/RulePackDef.xml,def
RapeReplyConstants.rulePack.rulesStrings.25,rapist_bad_opinion(RECIPIENT_gender==Female)->bitch,li,RulePackDef/RulePackDef.xml,def
RapeReplyConstants.rulePack.rulesStrings.26,rapist_bad_opinion(RECIPIENT_gender==Male)->creep,li,RulePackDef/RulePackDef.xml,def
RapeReplyConstants.rulePack.rulesStrings.27,rapist_bad_opinion->you fuck,li,RulePackDef/RulePackDef.xml,def
RapeReplyConstants.rulePack.rulesStrings.28,rapist_bad_opinion->fucker,li,RulePackDef/RulePackDef.xml,def
RapeReplyConstants.rulePack.rulesStrings.29,rapist_bad_opinion->you piece of shit,li,RulePackDef/RulePackDef.xml,def
RapeReplyConstants.rulePack.rulesStrings.30,rapist_bad_opinion->freak,li,RulePackDef/RulePackDef.xml,def
BestialityConstants.rulePack.rulesStrings.0,"r_logentry(INITIATOR_alienRace==Human, priority=2)->[human_breed]",li,RulePackDef/RulePackDef.xml,def
BestialityConstants.rulePack.rulesStrings.1,human_breed(INITIATOR_gender==Male)->[human_breed_m],li,RulePackDef/RulePackDef.xml,def
BestialityConstants.rulePack.rulesStrings.2,human_breed(INITIATOR_gender==Female)->[human_breed_f],li,RulePackDef/RulePackDef.xml,def
BestialityConstants.rulePack.rulesStrings.3,"human_breed_m(INITIATOR_trait==zoophile, priority=2)->[zoophile_m]",li,RulePackDef/RulePackDef.xml,def
BestialityConstants.rulePack.rulesStrings.4,"human_breed_f(INITIATOR_trait==zoophile, priority=2)->[zoophile_f]",li,RulePackDef/RulePackDef.xml,def
BestialityConstants.rulePack.rulesStrings.5,zoophile_f->[zoophile_n],li,RulePackDef/RulePackDef.xml,def
BestialityConstants.rulePack.rulesStrings.6,zoophile_m->[zoophile_n],li,RulePackDef/RulePackDef.xml,def
BestialityConstants.rulePack.rulesStrings.7,human_breed_m->[human_breed_n],li,RulePackDef/RulePackDef.xml,def
BestialityConstants.rulePack.rulesStrings.8,human_breed_f->[human_breed_n],li,RulePackDef/RulePackDef.xml,def
BestialityConstants.rulePack.rulesStrings.9,"r_logentry(INITIATOR_alienRace!=Human, RECIPIENT_alienRace==Human, priority=1)->[animal_breed_with_reply]",li,RulePackDef/RulePackDef.xml,def
BestialityConstants.rulePack.rulesStrings.10,"r_logentry(INITIATOR_alienRace!=Human, priority=0.5)->[animal_breed]",li,RulePackDef/RulePackDef.xml,def
BestialityConstants.rulePack.rulesStrings.11,animal_breed(INITIATOR_gender==Male)->[animal_breed_m],li,RulePackDef/RulePackDef.xml,def
BestialityConstants.rulePack.rulesStrings.12,animal_breed(INITIATOR_gender==Female)->[animal_breed_f],li,RulePackDef/RulePackDef.xml,def
BestialityConstants.rulePack.rulesStrings.13,animal_breed_m->[animal_breed_n],li,RulePackDef/RulePackDef.xml,def
BestialityConstants.rulePack.rulesStrings.14,animal_breed_f->[animal_breed_n],li,RulePackDef/RulePackDef.xml,def
BestialityConstants.rulePack.rulesStrings.15,fuck->breed,li,RulePackDef/RulePackDef.xml,def
BestialityConstants.rulePack.rulesStrings.16,animal_noun->[RECIPIENT_nameDef],li,RulePackDef/RulePackDef.xml,def
BestialityConstants.rulePack.rulesStrings.17,animal_noun(RECIPIENT_gender==Male)->boy,li,RulePackDef/RulePackDef.xml,def
BestialityConstants.rulePack.rulesStrings.18,animal_noun(RECIPIENT_gender==Female)->girl,li,RulePackDef/RulePackDef.xml,def
BestialityConstants.rulePack.rulesStrings.19,animal_noun(RECIPIENT_gender==Female)->lady,li,RulePackDef/RulePackDef.xml,def
BestialityConstants.rulePack.rulesStrings.20,"animal_genitals_initiator(INITIATOR_gender==Male, priority=5)->[animal_penis_initiator]",li,RulePackDef/RulePackDef.xml,def
BestialityConstants.rulePack.rulesStrings.21,"animal_genitals_initiator(INITIATOR_gender==Female, priority=5)->[animal_vagina_initiator]",li,RulePackDef/RulePackDef.xml,def
BestialityConstants.rulePack.rulesStrings.22,"animal_genitals_recipient(RECIPIENT_gender==Male, priority=5)->[animal_penis_recipient]",li,RulePackDef/RulePackDef.xml,def
BestialityConstants.rulePack.rulesStrings.23,"animal_genitals_recipient(RECIPIENT_gender==Female, priority=5)->[animal_vagina_recipient]",li,RulePackDef/RulePackDef.xml,def
BestialityConstants.rulePack.rulesStrings.24,"animal_penis_initiator(INITIATOR_alienRace==Human, priority=5)->[penis]",li,RulePackDef/RulePackDef.xml,def
BestialityConstants.rulePack.rulesStrings.25,animal_penis_initiator->[penis],li,RulePackDef/RulePackDef.xml,def
BestialityConstants.rulePack.rulesStrings.26,animal_penis_initiator->[INITIATOR_kind] [penis],li,RulePackDef/RulePackDef.xml,def
BestialityConstants.rulePack.rulesStrings.27,"animal_penis_recipient(RECIPIENT_alienRace==Human, priority=5)->[penis]",li,RulePackDef/RulePackDef.xml,def
BestialityConstants.rulePack.rulesStrings.28,animal_penis_recipient->[penis],li,RulePackDef/RulePackDef.xml,def
BestialityConstants.rulePack.rulesStrings.29,animal_penis_recipient->[RECIPIENT_kind] [penis],li,RulePackDef/RulePackDef.xml,def
BestialityConstants.rulePack.rulesStrings.30,"animal_vagina_initiator(INITIATOR_alienRace==Human, priority=5)->[vagina]",li,RulePackDef/RulePackDef.xml,def
BestialityConstants.rulePack.rulesStrings.31,animal_vagina_initiator->[vagina],li,RulePackDef/RulePackDef.xml,def
BestialityConstants.rulePack.rulesStrings.32,animal_vagina_initiator->[INITIATOR_kind] [vagina],li,RulePackDef/RulePackDef.xml,def
BestialityConstants.rulePack.rulesStrings.33,"animal_vagina_recipient(RECIPIENT_alienRace==Human, priority=5)->[vagina]",li,RulePackDef/RulePackDef.xml,def
BestialityConstants.rulePack.rulesStrings.34,animal_vagina_recipient->[vagina],li,RulePackDef/RulePackDef.xml,def
BestialityConstants.rulePack.rulesStrings.35,animal_vagina_recipient->[RECIPIENT_kind] [vagina],li,RulePackDef/RulePackDef.xml,def
BestialityConstants.rulePack.rulesStrings.36,"animal_ass_initiator(INITIATOR_alienRace==Human, priority=5)->[ass]",li,RulePackDef/RulePackDef.xml,def
BestialityConstants.rulePack.rulesStrings.37,animal_ass_initiator->[ass],li,RulePackDef/RulePackDef.xml,def
BestialityConstants.rulePack.rulesStrings.38,animal_ass_initiator->[INITIATOR_kind] [ass],li,RulePackDef/RulePackDef.xml,def
BestialityConstants.rulePack.rulesStrings.39,"animal_ass_recipient(RECIPIENT_alienRace==Human, priority=5)->[ass]",li,RulePackDef/RulePackDef.xml,def
BestialityConstants.rulePack.rulesStrings.40,animal_ass_recipient->[ass],li,RulePackDef/RulePackDef.xml,def
BestialityConstants.rulePack.rulesStrings.41,animal_ass_recipient->[RECIPIENT_kind] [ass],li,RulePackDef/RulePackDef.xml,def
BestialityConstants.rulePack.rulesStrings.42,"animal_penis_recipient(RECIPIENT_kind==husky, priority=1)->[canine_penis]",li,RulePackDef/RulePackDef.xml,def
BestialityConstants.rulePack.rulesStrings.43,"animal_penis_recipient(RECIPIENT_kind==labrador retriever, priority=1)->[canine_penis]",li,RulePackDef/RulePackDef.xml,def
BestialityConstants.rulePack.rulesStrings.44,"animal_penis_recipient(RECIPIENT_kind==yorkshire terrier, priority=1)->[canine_penis]",li,RulePackDef/RulePackDef.xml,def
BestialityConstants.rulePack.rulesStrings.45,"animal_penis_recipient(RECIPIENT_kind==warg, priority=1)->[canine_penis]",li,RulePackDef/RulePackDef.xml,def
BestialityConstants.rulePack.rulesStrings.46,"animal_penis_recipient(RECIPIENT_kind==timber wolf, priority=1)->[canine_penis]",li,RulePackDef/RulePackDef.xml,def
BestialityConstants.rulePack.rulesStrings.47,"animal_penis_recipient(RECIPIENT_kind==arctic wolf, priority=1)->[canine_penis]",li,RulePackDef/RulePackDef.xml,def
BestialityConstants.rulePack.rulesStrings.48,"animal_penis_recipient(RECIPIENT_kind==fennec fox, priority=1)->[canine_penis]",li,RulePackDef/RulePackDef.xml,def
BestialityConstants.rulePack.rulesStrings.49,"animal_penis_recipient(RECIPIENT_kind==red fox, priority=1)->[canine_penis]",li,RulePackDef/RulePackDef.xml,def
BestialityConstants.rulePack.rulesStrings.50,"animal_penis_recipient(RECIPIENT_kind==arctic fox, priority=1)->[canine_penis]",li,RulePackDef/RulePackDef.xml,def
BestialityConstants.rulePack.rulesStrings.51,"animal_penis_initiator(RECIPIENT_kind==husky, priority=1)->[canine_penis]",li,RulePackDef/RulePackDef.xml,def
BestialityConstants.rulePack.rulesStrings.52,"animal_penis_initiator(RECIPIENT_kind==labrador retriever, priority=1)->[canine_penis]",li,RulePackDef/RulePackDef.xml,def
BestialityConstants.rulePack.rulesStrings.53,"animal_penis_initiator(RECIPIENT_kind==yorkshire terrier, priority=1)->[canine_penis]",li,RulePackDef/RulePackDef.xml,def
BestialityConstants.rulePack.rulesStrings.54,"animal_penis_initiator(RECIPIENT_kind==warg, priority=1)->[canine_penis]",li,RulePackDef/RulePackDef.xml,def
BestialityConstants.rulePack.rulesStrings.55,"animal_penis_initiator(RECIPIENT_kind==timber wolf, priority=1)->[canine_penis]",li,RulePackDef/RulePackDef.xml,def
BestialityConstants.rulePack.rulesStrings.56,"animal_penis_initiator(RECIPIENT_kind==arctic wolf, priority=1)->[canine_penis]",li,RulePackDef/RulePackDef.xml,def
BestialityConstants.rulePack.rulesStrings.57,"animal_penis_initiator(RECIPIENT_kind==fennec fox, priority=1)->[canine_penis]",li,RulePackDef/RulePackDef.xml,def
BestialityConstants.rulePack.rulesStrings.58,"animal_penis_initiator(RECIPIENT_kind==red fox, priority=1)->[canine_penis]",li,RulePackDef/RulePackDef.xml,def
BestialityConstants.rulePack.rulesStrings.59,"animal_penis_initiator(RECIPIENT_kind==arctic fox, priority=1)->[canine_penis]",li,RulePackDef/RulePackDef.xml,def
BestialityConstants.rulePack.rulesStrings.60,canine_penis->red rocket,li,RulePackDef/RulePackDef.xml,def
BestialityConstants.rulePack.rulesStrings.61,canine_penis->knot,li,RulePackDef/RulePackDef.xml,def
BestialityConstants.rulePack.rulesStrings.62,canine_penis->[penis],li,RulePackDef/RulePackDef.xml,def
BestialityReplyConstants.rulePack.rulesStrings.0,"r_logentry(INITIATOR_alienRace==Human, priority=2)->[human_react]",li,RulePackDef/RulePackDef.xml,def
BestialityReplyConstants.rulePack.rulesStrings.1,human_react(RECIPIENT_gender==Male)->[human_react_m],li,RulePackDef/RulePackDef.xml,def
BestialityReplyConstants.rulePack.rulesStrings.2,"human_react_m(INITIATOR_trait==zoophile, priority=2)->[zoophile_m]",li,RulePackDef/RulePackDef.xml,def
BestialityReplyConstants.rulePack.rulesStrings.3,human_react(RECIPIENT_gender==Female)->[human_react_f],li,RulePackDef/RulePackDef.xml,def
BestialityReplyConstants.rulePack.rulesStrings.4,"human_react_f(INITIATOR_trait==zoophile, priority=2)->[zoophile_f]",li,RulePackDef/RulePackDef.xml,def
BestialityReplyConstants.rulePack.rulesStrings.5,"r_logentry(INITIATOR_alienRace!=Human, priority=1)->...",li,RulePackDef/RulePackDef.xml,def
BestialityReplyConstants.rulePack.rulesStrings.6,zoophile_f->[zoophile_n],li,RulePackDef/RulePackDef.xml,def
BestialityReplyConstants.rulePack.rulesStrings.7,zoophile_m->[zoophile_n],li,RulePackDef/RulePackDef.xml,def
BestialityReplyConstants.rulePack.rulesStrings.8,human_react_m->[human_react_n],li,RulePackDef/RulePackDef.xml,def
BestialityReplyConstants.rulePack.rulesStrings.9,human_react_f->[human_react_n],li,RulePackDef/RulePackDef.xml,def
BestialityReplyConstants.rulePack.rulesStrings.10,fuck->breed,li,RulePackDef/RulePackDef.xml,def
BestialityReplyConstants.rulePack.rulesStrings.11,animal_noun->[RECIPIENT_nameDef],li,RulePackDef/RulePackDef.xml,def
BestialityReplyConstants.rulePack.rulesStrings.12,animal_noun(RECIPIENT_gender==Male)->boy,li,RulePackDef/RulePackDef.xml,def
BestialityReplyConstants.rulePack.rulesStrings.13,animal_noun(RECIPIENT_gender==Female)->girl,li,RulePackDef/RulePackDef.xml,def
BestialityReplyConstants.rulePack.rulesStrings.14,animal_noun(RECIPIENT_gender==Female)->lady,li,RulePackDef/RulePackDef.xml,def
BestialityReplyConstants.rulePack.rulesStrings.15,"animal_genitals_initiator(INITIATOR_gender==Male, priority=5)->[animal_penis_initiator]",li,RulePackDef/RulePackDef.xml,def
BestialityReplyConstants.rulePack.rulesStrings.16,"animal_genitals_initiator(INITIATOR_gender==Female, priority=5)->[animal_vagina_initiator]",li,RulePackDef/RulePackDef.xml,def
BestialityReplyConstants.rulePack.rulesStrings.17,"animal_genitals_recipient(RECIPIENT_gender==Male, priority=5)->[animal_penis_recipient]",li,RulePackDef/RulePackDef.xml,def
BestialityReplyConstants.rulePack.rulesStrings.18,"animal_genitals_recipient(RECIPIENT_gender==Female, priority=5)->[animal_vagina_recipient]",li,RulePackDef/RulePackDef.xml,def
BestialityReplyConstants.rulePack.rulesStrings.19,"animal_penis_initiator(INITIATOR_alienRace==Human, priority=5)->[penis]",li,RulePackDef/RulePackDef.xml,def
BestialityReplyConstants.rulePack.rulesStrings.20,animal_penis_initiator->[penis],li,RulePackDef/RulePackDef.xml,def
BestialityReplyConstants.rulePack.rulesStrings.21,animal_penis_initiator->[INITIATOR_kind] [penis],li,RulePackDef/RulePackDef.xml,def
BestialityReplyConstants.rulePack.rulesStrings.22,"animal_penis_recipient(RECIPIENT_alienRace==Human, priority=5)->[penis]",li,RulePackDef/RulePackDef.xml,def
BestialityReplyConstants.rulePack.rulesStrings.23,animal_penis_recipient->[penis],li,RulePackDef/RulePackDef.xml,def
BestialityReplyConstants.rulePack.rulesStrings.24,animal_penis_recipient->[RECIPIENT_kind] [penis],li,RulePackDef/RulePackDef.xml,def
BestialityReplyConstants.rulePack.rulesStrings.25,"animal_vagina_initiator(INITIATOR_alienRace==Human, priority=5)->[vagina]",li,RulePackDef/RulePackDef.xml,def
BestialityReplyConstants.rulePack.rulesStrings.26,animal_vagina_initiator->[vagina],li,RulePackDef/RulePackDef.xml,def
BestialityReplyConstants.rulePack.rulesStrings.27,animal_vagina_initiator->[INITIATOR_kind] [vagina],li,RulePackDef/RulePackDef.xml,def
BestialityReplyConstants.rulePack.rulesStrings.28,"animal_vagina_recipient(RECIPIENT_alienRace==Human, priority=5)->[vagina]",li,RulePackDef/RulePackDef.xml,def
BestialityReplyConstants.rulePack.rulesStrings.29,animal_vagina_recipient->[vagina],li,RulePackDef/RulePackDef.xml,def
BestialityReplyConstants.rulePack.rulesStrings.30,animal_vagina_recipient->[RECIPIENT_kind] [vagina],li,RulePackDef/RulePackDef.xml,def
BestialityReplyConstants.rulePack.rulesStrings.31,"animal_ass_initiator(INITIATOR_alienRace==Human, priority=5)->[ass]",li,RulePackDef/RulePackDef.xml,def
BestialityReplyConstants.rulePack.rulesStrings.32,animal_ass_initiator->[ass],li,RulePackDef/RulePackDef.xml,def
BestialityReplyConstants.rulePack.rulesStrings.33,animal_ass_initiator->[INITIATOR_kind] [ass],li,RulePackDef/RulePackDef.xml,def
BestialityReplyConstants.rulePack.rulesStrings.34,"animal_ass_recipient(RECIPIENT_alienRace==Human, priority=5)->[ass]",li,RulePackDef/RulePackDef.xml,def
BestialityReplyConstants.rulePack.rulesStrings.35,animal_ass_recipient->[ass],li,RulePackDef/RulePackDef.xml,def
BestialityReplyConstants.rulePack.rulesStrings.36,animal_ass_recipient->[RECIPIENT_kind] [ass],li,RulePackDef/RulePackDef.xml,def
BestialityReplyConstants.rulePack.rulesStrings.37,"animal_penis_recipient(RECIPIENT_kind==husky, priority=1)->[canine_penis]",li,RulePackDef/RulePackDef.xml,def
BestialityReplyConstants.rulePack.rulesStrings.38,"animal_penis_recipient(RECIPIENT_kind==labrador retriever, priority=1)->[canine_penis]",li,RulePackDef/RulePackDef.xml,def
BestialityReplyConstants.rulePack.rulesStrings.39,"animal_penis_recipient(RECIPIENT_kind==yorkshire terrier, priority=1)->[canine_penis]",li,RulePackDef/RulePackDef.xml,def
BestialityReplyConstants.rulePack.rulesStrings.40,"animal_penis_recipient(RECIPIENT_kind==warg, priority=1)->[canine_penis]",li,RulePackDef/RulePackDef.xml,def
BestialityReplyConstants.rulePack.rulesStrings.41,"animal_penis_recipient(RECIPIENT_kind==timber wolf, priority=1)->[canine_penis]",li,RulePackDef/RulePackDef.xml,def
BestialityReplyConstants.rulePack.rulesStrings.42,"animal_penis_recipient(RECIPIENT_kind==arctic wolf, priority=1)->[canine_penis]",li,RulePackDef/RulePackDef.xml,def
BestialityReplyConstants.rulePack.rulesStrings.43,"animal_penis_recipient(RECIPIENT_kind==fennec fox, priority=1)->[canine_penis]",li,RulePackDef/RulePackDef.xml,def
BestialityReplyConstants.rulePack.rulesStrings.44,"animal_penis_recipient(RECIPIENT_kind==red fox, priority=1)->[canine_penis]",li,RulePackDef/RulePackDef.xml,def
BestialityReplyConstants.rulePack.rulesStrings.45,"animal_penis_recipient(RECIPIENT_kind==arctic fox, priority=1)->[canine_penis]",li,RulePackDef/RulePackDef.xml,def
BestialityReplyConstants.rulePack.rulesStrings.46,"animal_penis_initiator(RECIPIENT_kind==husky, priority=1)->[canine_penis]",li,RulePackDef/RulePackDef.xml,def
BestialityReplyConstants.rulePack.rulesStrings.47,"animal_penis_initiator(RECIPIENT_kind==labrador retriever, priority=1)->[canine_penis]",li,RulePackDef/RulePackDef.xml,def
BestialityReplyConstants.rulePack.rulesStrings.48,"animal_penis_initiator(RECIPIENT_kind==yorkshire terrier, priority=1)->[canine_penis]",li,RulePackDef/RulePackDef.xml,def
BestialityReplyConstants.rulePack.rulesStrings.49,"animal_penis_initiator(RECIPIENT_kind==warg, priority=1)->[canine_penis]",li,RulePackDef/RulePackDef.xml,def
BestialityReplyConstants.rulePack.rulesStrings.50,"animal_penis_initiator(RECIPIENT_kind==timber wolf, priority=1)->[canine_penis]",li,RulePackDef/RulePackDef.xml,def
BestialityReplyConstants.rulePack.rulesStrings.51,"animal_penis_initiator(RECIPIENT_kind==arctic wolf, priority=1)->[canine_penis]",li,RulePackDef/RulePackDef.xml,def
BestialityReplyConstants.rulePack.rulesStrings.52,"animal_penis_initiator(RECIPIENT_kind==fennec fox, priority=1)->[canine_penis]",li,RulePackDef/RulePackDef.xml,def
BestialityReplyConstants.rulePack.rulesStrings.53,"animal_penis_initiator(RECIPIENT_kind==red fox, priority=1)->[canine_penis]",li,RulePackDef/RulePackDef.xml,def
BestialityReplyConstants.rulePack.rulesStrings.54,"animal_penis_initiator(RECIPIENT_kind==arctic fox, priority=1)->[canine_penis]",li,RulePackDef/RulePackDef.xml,def
BestialityReplyConstants.rulePack.rulesStrings.55,canine_penis->red rocket,li,RulePackDef/RulePackDef.xml,def
BestialityReplyConstants.rulePack.rulesStrings.56,canine_penis->knot,li,RulePackDef/RulePackDef.xml,def
BestialityReplyConstants.rulePack.rulesStrings.57,canine_penis->[penis],li,RulePackDef/RulePackDef.xml,def
