key,text,tag,file,type,protected_text,translated
EctoFluid.label,ectoplasm fluid,label,Custom Sexfluids.xml,def,ectoplasm fluid,胞质液
FilthEctoFluid.label,ethereal splater,label,Custom Sexfluids.xml,def,ethereal splater,空灵碎布
DemonSpunk.label,demonic cum,label,Custom Sexfluids.xml,def,demonic <ALIMT >cum</ALIMT>,邪恶精液
FilthDemonSpunk.label,foul cum splater,label,Custom Sexfluids.xml,def,foul <ALIMT >cum</ALIMT> splater,难闻精液剪毛者
BioferriteCum.label,bioferrite cum,label,Custom Sexfluids.xml,def,bioferrite <ALIMT >cum</ALIMT>,活铁精液
FilthBioferriteCum.label,bioferrite splater,label,Custom Sexfluids.xml,def,bioferrite splater,活铁剥离器
BioferriteLube.label,bioferrite lubricant,label,Custom Sexfluids.xml,def,bioferrite <ALIMT >lubricant</ALIMT>,活铁润滑剂
FilthBioferriteLube.label,bioferrite lubricant splater,label,Custom Sexfluids.xml,def,bioferrite <ALIMT >lubricant</ALIMT> splater,活铁润滑剂剪毛者
BioferriteMilk.label,bioferrite milk,label,Custom Sexfluids.xml,def,bioferrite milk,活铁产物
FilthBioferriteMilk.label,bioferrite milk splatter,label,Custom Sexfluids.xml,def,bioferrite milk splatter,活铁产物泼洒
RJW_InsectLargeEgg.label,Egg,label,Eggs.xml,def,Egg,卵
RJW_InsectLargeEgg.description,"Enormous parasitic egg(s) that enter the host's body and feeds off their nutrients until ready to hatch.
Just be glad they don't hatch by bursting out of your chest.",description,Eggs.xml,def,Enormous parasitic <ALIMT >(PH_2)</ALIMT> that enter the host's body and feeds off their nutrients until ready to hatch.<ALIMT >(PH_1)</ALIMT>Just be glad they don't hatch by bursting out of your chest.,"巨大的寄生虫egg(s)它们进入宿主的身体，以它们的营养为食，直到可以孵化。
很高兴它们没有从你的胸膛里冒出来。"
BearPenis.label,bear penis,label,Items_BodyParts.xml,def,bear <ALIMT >penis</ALIMT>,熊阳具/屌
BearPenis.description,A small penis supported by a bone.,description,Items_BodyParts.xml,def,A <ALIMT >small <ALIMT >penis</ALIMT></ALIMT> supported by a bone.,Asmall <ALIMT >阳具/屌</ALIMT> 用一根骨头支撑。
BovinePenis.label,bovine penis,label,Items_BodyParts.xml,def,bovine <ALIMT >penis</ALIMT>,牛阳具/屌
BovinePenis.description,A rather long but thin penis with large testicles.,description,Items_BodyParts.xml,def,A rather long but thin <ALIMT >penis</ALIMT> with large <ALIMT >testicles</ALIMT>.,一个相当长但纤细的阳具/屌大睾丸/蛋蛋没有。
BovineVagina.label,bovine vagina,label,Items_BodyParts.xml,def,bovine <ALIMT >vagina</ALIMT>,牛阴道
BovineVagina.description,"A rather thin and deep vagina, likely belonging to a large mammal.",description,Items_BodyParts.xml,def,"A rather thin and deep <ALIMT >vagina</ALIMT>, likely belonging to a large mammal.","较薄和深阴道,很可能属于一种大型哺乳动物。"
DogAnus.label,dog anus,label,Items_BodyParts.xml,def,dog <ALIMT >anus</ALIMT>,狗肛门
DogAnus.description,A canine anus.,description,Items_BodyParts.xml,def,A canine <ALIMT >anus</ALIMT>.,犬科动物肛门没有。
DinoPenis.label,dino penis,label,Items_BodyParts.xml,def,dino <ALIMT >penis</ALIMT>,恐龙阳具/屌
DinoPenis.description,A large tapered penis that is slightly flattened at the top. It looks similar to a large tongue.,description,Items_BodyParts.xml,def,A large tapered <ALIMT >penis</ALIMT> that is slightly flattened at the top. It looks similar to a large tongue.,一个大的锥形的。阳具/屌顶部稍微压平了。它看起来就像一条大舌。
DinoVagina.label,dinosaur vagina,label,Items_BodyParts.xml,def,<ALIMT >dinosaur</ALIMT> <ALIMT >vagina</ALIMT>,恐龙🦕 阴道
DinoVagina.description,A egg-laying vagina with a tough hide on the outside.,description,Items_BodyParts.xml,def,A egg-laying <ALIMT >vagina</ALIMT> with a tough hide on the outside.,产卵阴道外面有一个坚固的兽皮。
DinoAnus.label,dinosaur anus,label,Items_BodyParts.xml,def,<ALIMT >dinosaur</ALIMT> <ALIMT >anus</ALIMT>,恐龙🦕 肛门
DinoAnus.description,An anus with a tough hide on the outside.,description,Items_BodyParts.xml,def,An <ALIMT >anus</ALIMT> with a tough hide on the outside.,一个肛门外面有一个坚固的兽皮。
DragonAnus.label,dragon anus,label,Items_BodyParts.xml,def,<ALIMT >dragon</ALIMT> <ALIMT >anus</ALIMT>,龙🐉 肛门
DragonAnus.description,"An somewhat elongated anus with unexpectedly soft scales covering it on the outside, found normaly under tails of draconoids.",description,Items_BodyParts.xml,def,"An somewhat elongated <ALIMT >anus</ALIMT> with unexpectedly soft scales covering it on the outside, found normaly under tails of draconoids.",有点细长肛门外面覆盖着意想不到的柔软鳞片，龙血石的一个突出的灵活附肢，是身体的一部分，通常从躯干的后部突出。不适用于没有腿的身体。下发现了正常。
ElephantPenis.label,elephant penis,label,Items_BodyParts.xml,def,elephant <ALIMT >penis</ALIMT>,象阳具/屌
ElephantPenis.description,A large and flexible prehensile penis.,description,Items_BodyParts.xml,def,A large and flexible prehensile <ALIMT >penis</ALIMT>.,一种大型的、灵活的可接受的武器阳具/屌没有。
ElephantVagina.label,elephant vagina,label,Items_BodyParts.xml,def,elephant <ALIMT >vagina</ALIMT>,象阴道
ElephantVagina.description,The deep vagina of a female elephant.,description,Items_BodyParts.xml,def,The deep <ALIMT >vagina</ALIMT> of a female elephant.,深邃的阴道母象的后代。
FelineAnus.label,feline anus,label,Items_BodyParts.xml,def,feline <ALIMT >anus</ALIMT>,猫科动物肛门
FelineAnus.description,A feline anus.,description,Items_BodyParts.xml,def,A feline <ALIMT >anus</ALIMT>.,一只猫科动物肛门没有。
MonkeyPenis.label,monkey penis,label,Items_BodyParts.xml,def,monkey <ALIMT >penis</ALIMT>,猴类阳具/屌
MonkeyPenis.description,"A very thin, but otherwise humanoid-looking penis.",description,Items_BodyParts.xml,def,"A very thin, but otherwise humanoid-looking <ALIMT >penis</ALIMT>.",一个非常纤细，但看起来像人形的人阳具/屌没有。
PigPenis.label,pig penis,label,Items_BodyParts.xml,def,<ALIMT >pig</ALIMT> <ALIMT >penis</ALIMT>,任何猪属动物。 阳具/屌
PigPenis.description,A corkscrew shaped penis.,description,Items_BodyParts.xml,def,A corkscrew shaped <ALIMT >penis</ALIMT>.,螺旋形阳具/屌没有。
PigVagina.label,pig vagina,label,Items_BodyParts.xml,def,<ALIMT >pig</ALIMT> <ALIMT >vagina</ALIMT>,任何猪属动物。 阴道
PigVagina.description,The foldy vagina of a female pig.,description,Items_BodyParts.xml,def,The foldy <ALIMT >vagina</ALIMT> of a female <ALIMT >pig</ALIMT>.,部落部落阴道雌性任何猪属动物。没有。
MammalPenis.label,mammal penis,label,Items_BodyParts.xml,def,mammal <ALIMT >penis</ALIMT>,哺乳动物阳具/屌
MammalPenis.description,A generic mammalian animal's penis.,description,Items_BodyParts.xml,def,A generic mammalian animal's <ALIMT >penis</ALIMT>.,一只普通的哺乳类动物阳具/屌没有。
MammalVagina.label,mammal vagina,label,Items_BodyParts.xml,def,mammal <ALIMT >vagina</ALIMT>,哺乳动物阴道
MammalVagina.description,A generic vagina that probably belongs to some mammal.,description,Items_BodyParts.xml,def,A generic <ALIMT >vagina</ALIMT> that probably belongs to some mammal.,一个通用的阴道那可能是属于某个哺乳动物的。
MammalAnus.label,mammal anus,label,Items_BodyParts.xml,def,mammal <ALIMT >anus</ALIMT>,哺乳动物肛门
MammalAnus.description,A generic mammalian animal's anus.,description,Items_BodyParts.xml,def,A generic mammalian animal's <ALIMT >anus</ALIMT>.,一只普通的哺乳类动物肛门没有。
CervineAnus.label,cervine anus,label,Items_BodyParts.xml,def,cervine <ALIMT >anus</ALIMT>,塞文肛门
CervineAnus.description,A deer's anus.,description,Items_BodyParts.xml,def,A <ALIMT >deer</ALIMT>'s <ALIMT >anus</ALIMT>.,Adeer的肛门没有。
HorseAnus.label,equine anus,label,Items_BodyParts.xml,def,equine <ALIMT >anus</ALIMT>,马肛门
HorseAnus.description,An anus shaped like a doughnut.,description,Items_BodyParts.xml,def,An <ALIMT >anus</ALIMT> shaped like a doughnut.,一个肛门甜甜圈的形状。
HyenaVagina.label,hyena pseudo-penis,label,Items_BodyParts.xml,def,hyena pseudo-<ALIMT >penis</ALIMT>,鬣狗超凡阳具/屌
HyenaVagina.description,"The clitoris of the female spotted hyena is enlarged into a pseudo-penis, through which the female urinates and reproduces. It can even get erect!",description,Items_BodyParts.xml,def,"The <ALIMT >clitoris</ALIMT> of the female spotted hyena is enlarged into a pseudo-<ALIMT >penis</ALIMT>, through which the female urinates and reproduces. It can even get erect!","该阴核有少量雌性斑点鬣狗被扩大成假阳具/屌,雌性动物通过它排泄和繁殖。它甚至会直立!"
MarinePenis.label,marine penis,label,Items_BodyParts.xml,def,marine <ALIMT >penis</ALIMT>,陆战队员阳具/屌
MarinePenis.description,"A girthy, retractable penis that tapers to a point; it likely belongs to a seal, walrus, or hippo.",description,Items_BodyParts.xml,def,"A girthy, <ALIMT >retractable <ALIMT >penis</ALIMT></ALIMT> that tapers to a point; it likely belongs to a seal, walrus, or hippo.","一个少女时代,retractable <ALIMT >阳具/屌</ALIMT> 它逐渐变细了一点; 它很可能是属于海豹、海象或河马的。"
MarineVagina.label,marine vagina,label,Items_BodyParts.xml,def,marine <ALIMT >vagina</ALIMT>,陆战队员阴道
MarineVagina.description,A slippery vagina.,description,Items_BodyParts.xml,def,A slippery <ALIMT >vagina</ALIMT>.,光滑的阴道没有。
CactoidPenis.label,cactoid penis,label,Items_BodyParts.xml,def,cactoid <ALIMT >penis</ALIMT>,喜好阳具/屌
CactoidPenis.description,"A rough plant-like penis, with thorns along the shaft.",description,Items_BodyParts.xml,def,"A rough plant-like <ALIMT >penis</ALIMT>, with thorns along the shaft.","粗糙的植物阳具/屌,伴随着长有荆棘的杆身。"
CactoidVagina.label,cactoid vagina,label,Items_BodyParts.xml,def,cactoid <ALIMT >vagina</ALIMT>,喜好阴道
CactoidVagina.description,"A rough plant-like vagina, with thorns lining the inner walls. The thorns grip male genitals during sex.",description,Items_BodyParts.xml,def,"A rough plant-like <ALIMT >vagina</ALIMT>, with thorns lining the inner walls. The thorns grip male genitals during <ALIMT >sex</ALIMT>.","粗糙的植物阴道,石壁两侧布满荆棘。荆棘荆棘在性交没有。"
CactoidAnus.label,cactoid anus,label,Items_BodyParts.xml,def,cactoid <ALIMT >anus</ALIMT>,喜好肛门
CactoidAnus.description,A rough plant-like anus. No thorns this time.,description,Items_BodyParts.xml,def,A rough plant-like <ALIMT >anus</ALIMT>. No thorns this time.,粗糙的植物肛门没有。这次没有刺。
TurtlePenis.label,turtle penis,label,Items_BodyParts.xml,def,turtle <ALIMT >penis</ALIMT>,龟阳具/屌
TurtlePenis.description,A large penis with a huge flare at the tip.,description,Items_BodyParts.xml,def,A large <ALIMT >penis</ALIMT> with a huge flare at the tip.,一个大阳具/屌尖端有巨大的照明弹。
ReptilePenis.label,reptile penis,label,Items_BodyParts.xml,def,reptile <ALIMT >penis</ALIMT>,爬行动物阳具/屌
ReptilePenis.description,"A smooth and tapering to point penis, hidden inside a cloacal slit when its owner are not aroused.",description,Items_BodyParts.xml,def,"A smooth and tapering to point <ALIMT >penis</ALIMT>, hidden inside a cloacal slit when its owner are not <ALIMT >aroused</ALIMT>.","有点光滑和逐渐变细。阳具/屌,当它的主人不在时隐藏在泄殖腔的狭缝中性兴奋的没有。"
AedeagusPenis.label,aedeagus,label,Items_BodyParts.xml,def,aedeagus,Aedeagus
AedeagusPenis.description,"The phallus of a male arthropod, for excreting a spermatophore to inseminate a female arthropod.",description,Items_BodyParts.xml,def,"The phallus of a male arthropod, for excreting a spermatophore to inseminate a female arthropod.",一种雄性节肢动物的阳具，用于排泄精囊使雌性节肢动物授精。
OviporeVagina.label,ovipore,label,Items_BodyParts.xml,def,ovipore,卵细胞
OviporeVagina.description,A pore-like sexual organ of a female arthropod for receiving a spermatophore. Very loosely comparable to a vagina.,description,Items_BodyParts.xml,def,A pore-like <ALIMT >sexual</ALIMT> organ of a female arthropod for receiving a spermatophore. Very loosely comparable to a <ALIMT >vagina</ALIMT>.,毛孔状的性的接受精囊的雌性节肢动物的器官。非常松散，可与阴道没有。
AntherPenis.label,anther,label,Items_BodyParts.xml,def,anther,另一个
AntherPenis.description,"A flower's male reproductive organ. A long and thin filament, with a large pollen-producing head in the tip.",description,Items_BodyParts.xml,def,"A flower's male reproductive organ. A long and thin filament, with a large pollen-producing head in the tip.",一朵花的男性生殖器官。一种细细的细丝植物，尖端有一个很大的产生花粉的头。
PistilVagina.label,pistil,label,Items_BodyParts.xml,def,pistil,雌蕊
PistilVagina.description,A flower's female reproductive organ. The sticky entrance is connected to the ovaries via a long tube-like structure.,description,Items_BodyParts.xml,def,A flower's female reproductive organ. The sticky entrance is connected to the ovaries via a long <ALIMT >tube</ALIMT>-like structure.,一朵花的雌性生殖器官。粘性入口通过一个长的与卵巢相连插管-像结构。
TentaclePenis.label,tentacles,label,Items_BodyParts.xml,def,tentacles,触手
TentaclePenis.description,"A mass of tentacle-like penises, capable of both restraining and pleasuring.",description,Items_BodyParts.xml,def,"A mass of <ALIMT >tentacle</ALIMT>-like penises, capable of both restraining and pleasuring.",大量的触手-比如阴茎，同时具有抑制和愉悦的能力。
VinePenis.label,vines,label,Items_BodyParts.xml,def,vines,藤蔓植物
VinePenis.description,A mass of vines where a penis would be.,description,Items_BodyParts.xml,def,A mass of vines where a <ALIMT >penis</ALIMT> would be.,一团藤蔓植物，其中一个阳具/屌是的。
NecroPenis.label,necro penis,label,Items_BodyParts.xml,def,necro <ALIMT >penis</ALIMT>,死灵阳具/屌
NecroPenis.description,"A disgusting, rotting penis that somehow still works.",description,Items_BodyParts.xml,def,"A disgusting, rotting <ALIMT >penis</ALIMT> that somehow still works.",腐烂的恶心生物阳具/屌这仍然有效。
NecroVagina.label,necro vagina,label,Items_BodyParts.xml,def,necro <ALIMT >vagina</ALIMT>,死灵阴道
NecroVagina.description,"A disgusting, rotting vagina. Its insides are as cold as a grave.",description,Items_BodyParts.xml,def,"A disgusting, rotting <ALIMT >vagina</ALIMT>. Its insides are as cold as a grave.",腐烂的恶心生物阴道没有。它的内部像坟墓一样冰冷。
NecroAnus.label,necro anus,label,Items_BodyParts.xml,def,necro <ALIMT >anus</ALIMT>,死灵肛门
NecroAnus.description,"A disgusting, rotting anus. Its insides are as cold as a grave.",description,Items_BodyParts.xml,def,"A disgusting, rotting <ALIMT >anus</ALIMT>. Its insides are as cold as a grave.",腐烂的恶心生物肛门没有。它的内部像坟墓一样冰冷。
ElfPenis.label,elf penis,label,Items_BodyParts.xml,def,<ALIMT >elf</ALIMT> <ALIMT >penis</ALIMT>,精灵🧝‍♀️ 阳具/屌
ElfPenis.description,A thinner and longer humanlike penis. Is that glitter?,description,Items_BodyParts.xml,def,A thinner and longer humanlike <ALIMT >penis</ALIMT>. Is that glitter?,更纤细、更健壮的人类阳具/屌没有。那是闪光吗？
ElfVagina.label,elf vagina,label,Items_BodyParts.xml,def,<ALIMT >elf</ALIMT> <ALIMT >vagina</ALIMT>,精灵🧝‍♀️ 阴道
ElfVagina.description,A tighter humanlike vagina. Tastes like oranges.,description,Items_BodyParts.xml,def,A tighter humanlike <ALIMT >vagina</ALIMT>. Tastes like oranges.,更紧密的人类阴道没有。尝起来像橘子。
ElfAnus.label,elf anus,label,Items_BodyParts.xml,def,<ALIMT >elf</ALIMT> <ALIMT >anus</ALIMT>,精灵🧝‍♀️ 肛门
ElfAnus.description,A tighter humanlike anus. Smells of flowers.,description,Items_BodyParts.xml,def,A tighter humanlike <ALIMT >anus</ALIMT>. Smells of flowers.,更紧密的人类肛门没有。花香。
GolemPenis.label,golem penis,label,Items_BodyParts.xml,def,golem <ALIMT >penis</ALIMT>,魔人阳具/屌
GolemPenis.description,A rough and jagged stone-like penis.,description,Items_BodyParts.xml,def,A rough and jagged stone-like <ALIMT >penis</ALIMT>.,粗糙锯齿状的岩石阳具/屌没有。
GhoulPenis.label,ghoul penis,label,Items_BodyParts.xml,def,ghoul <ALIMT >penis</ALIMT>,食尸鬼阳具/屌
GhoulPenis.description,A humanlike penis that glows slightly. It's very hot to the touch.,description,Items_BodyParts.xml,def,A humanlike <ALIMT >penis</ALIMT> that glows slightly. It's very <ALIMT >hot</ALIMT> to the <ALIMT >touch</ALIMT>.,人类penisGlslightly。非常漂亮性感的到触摸没有。
GhoulVagina.label,ghoul vagina,label,Items_BodyParts.xml,def,ghoul <ALIMT >vagina</ALIMT>,食尸鬼阴道
GhoulVagina.description,A humanlike vagina that glows slightly. It is uncomfortably hot inside.,description,Items_BodyParts.xml,def,A humanlike <ALIMT >vagina</ALIMT> that glows slightly. It is uncomfortably <ALIMT >hot</ALIMT> inside.,人类vaginaGlslightly。很不舒服性感的在里面。
GhoulAnus.label,ghoul anus,label,Items_BodyParts.xml,def,ghoul <ALIMT >anus</ALIMT>,食尸鬼肛门
GhoulAnus.description,An anus that glows slightly. It is uncomfortably hot inside.,description,Items_BodyParts.xml,def,An <ALIMT >anus</ALIMT> that glows slightly. It is uncomfortably <ALIMT >hot</ALIMT> inside.,一个anusGlslightly。很不舒服性感的在里面。
OrcPenis.label,orc penis,label,Items_BodyParts.xml,def,orc <ALIMT >penis</ALIMT>,兽人阳具/屌
OrcPenis.description,"A girthy penis with a preputial ring, but otherwise similar to a humanoid penis.",description,Items_BodyParts.xml,def,"A girthy <ALIMT >penis</ALIMT> with a preputial ring, but otherwise similar to a humanoid <ALIMT >penis</ALIMT>.",发狂阳具/屌带有包皮环，但在其他方面类似于人形阳具/屌没有。
OrcVagina.label,orc vagina,label,Items_BodyParts.xml,def,orc <ALIMT >vagina</ALIMT>,兽人阴道
OrcVagina.description,A loose humanlike vagina with very large lips.,description,Items_BodyParts.xml,def,A loose humanlike <ALIMT >vagina</ALIMT> with very large lips.,松散的人类阴道有非常大的嘴唇。
OrcAnus.label,orc anus,label,Items_BodyParts.xml,def,orc <ALIMT >anus</ALIMT>,兽人肛门
OrcAnus.description,An anus that looks like a mix between an humanlike anus and an equine anus.,description,Items_BodyParts.xml,def,An <ALIMT >anus</ALIMT> that looks like a mix between an humanlike <ALIMT >anus</ALIMT> and an equine <ALIMT >anus</ALIMT>.,一个肛门那似乎是人类的混合体肛门和一匹马肛门没有。
TreePenis.label,bark penis,label,Items_BodyParts.xml,def,bark <ALIMT >penis</ALIMT>,树皮阳具/屌
TreePenis.description,"A naturally grown wooden penis. The testicles are completely covered in hard, wooden bark, while the texture along the shaft is softer, leaving the tip uncovered.",description,Items_BodyParts.xml,def,"A naturally grown wooden <ALIMT >penis</ALIMT>. The <ALIMT >testicles</ALIMT> are completely covered in hard, wooden bark, while the texture along the shaft is softer, leaving the tip uncovered.",自然生长的木材阳具/屌没有。该睾丸/蛋蛋被坚硬的木树皮完全覆盖，而轴沿线的纹理更加柔软，使得尖头暴露在外。
TreeVagina.label,bark vagina,label,Items_BodyParts.xml,def,bark <ALIMT >vagina</ALIMT>,树皮阴道
TreeVagina.description,"A naturally grown wooden vagina. While the outside looks like bark, the inside is soft.",description,Items_BodyParts.xml,def,"A naturally grown wooden <ALIMT >vagina</ALIMT>. While the outside looks like bark, the inside is soft.",自然生长的木材阴道没有。虽然外面看起来像树皮，但里面是柔软的。
TreeAnus.label,bark anus,label,Items_BodyParts.xml,def,bark <ALIMT >anus</ALIMT>,树皮肛门
TreeAnus.description,"A naturally grown wooden anus. While the outside looks like bark, the inside is soft.",description,Items_BodyParts.xml,def,"A naturally grown wooden <ALIMT >anus</ALIMT>. While the outside looks like bark, the inside is soft.",自然生长的木材肛门没有。虽然外面看起来像树皮，但里面是柔软的。
MammalBreasts.label,mammal breasts,label,Items_BodyParts.xml,def,mammal <ALIMT >breasts</ALIMT>,哺乳动物乳房
MammalBreasts.description,A group of breasts/nipples that mammals use to suckle their young.,description,Items_BodyParts.xml,def,A group of <ALIMT >breasts</ALIMT>/<ALIMT >nipples</ALIMT> that mammals use to suckle their young.,A group of <ALIMT >乳房</ALIMT>/<ALIMT >乳头</ALIMT> that mammals use to suckle their young.
GhostBreasts.label,immaterial breasts,label,Items_BodyParts.xml,def,immaterial <ALIMT >breasts</ALIMT>,immaterial <ALIMT >乳房</ALIMT>
GhostBreasts.description,"A translucent, almost intangible pair of breasts. Touching them sends chills down the spine.",description,Items_BodyParts.xml,def,"A translucent, almost intangible pair of <ALIMT >breasts</ALIMT>. Touching them sends chills down the spine.","A translucent, almost intangible pair of <ALIMT >乳房</ALIMT>. Touching them sends chills down the spine."
CactoidBreasts.label,cactoid breasts,label,Items_BodyParts.xml,def,cactoid <ALIMT >breasts</ALIMT>,cactoid <ALIMT >乳房</ALIMT>
CactoidBreasts.description,"A pair of rough plant-like breasts, with thorns all around them, and flower-like nipples.",description,Items_BodyParts.xml,def,"A pair of rough plant-like <ALIMT >breasts</ALIMT>, with thorns all around them, and flower-like <ALIMT >nipples</ALIMT>.","A pair of rough plant-like <ALIMT >乳房</ALIMT>, with thorns all around them, and flower-like <ALIMT >乳头</ALIMT>."
GhoulBreasts.label,irradiated breasts,label,Items_BodyParts.xml,def,irradiated <ALIMT >breasts</ALIMT>,irradiated <ALIMT >乳房</ALIMT>
GhoulBreasts.description,A pair of humanlike breasts that glow slightly. They're very hot to the touch.,description,Items_BodyParts.xml,def,A pair of humanlike <ALIMT >breasts</ALIMT> that glow slightly. They're very <ALIMT >hot</ALIMT> to the <ALIMT >touch</ALIMT>.,A pair of humanlike <ALIMT >乳房</ALIMT> that glow slightly. They're very <ALIMT >性感的</ALIMT> to the <ALIMT >触摸</ALIMT>.
NecroBreasts.label,decayed breasts,label,Items_BodyParts.xml,def,decayed <ALIMT >breasts</ALIMT>,decayed <ALIMT >乳房</ALIMT>
NecroBreasts.description,"A disgusting, rotting pair of breasts.",description,Items_BodyParts.xml,def,"A disgusting, rotting pair of <ALIMT >breasts</ALIMT>.","A disgusting, rotting pair of <ALIMT >乳房</ALIMT>."
OrcBreasts.label,orc breasts,label,Items_BodyParts.xml,def,orc <ALIMT >breasts</ALIMT>,orc <ALIMT >乳房</ALIMT>
OrcBreasts.description,A pair of humanlike breasts that sag greatly.,description,Items_BodyParts.xml,def,A pair of humanlike <ALIMT >breasts</ALIMT> that sag greatly.,一对人类乳房大幅度地下垂。
ScaleBreasts.label,scaly breasts,label,Items_BodyParts.xml,def,scaly <ALIMT >breasts</ALIMT>,鳞片乳房
ScaleBreasts.description,"A pair of scale-covered breasts, without nipples.",description,Items_BodyParts.xml,def,"A pair of scale-covered <ALIMT >breasts</ALIMT>, without <ALIMT >nipples</ALIMT>.","一对覆盖有鳞片的乳房,不带乳头没有。"
TreeBreasts.label,bark breasts,label,Items_BodyParts.xml,def,bark <ALIMT >breasts</ALIMT>,树皮乳房
TreeBreasts.description,"A pair of naturally grown wooden breasts. Hard bark covers the entire outer portion, while leaving the nipples underneath exposed.",description,Items_BodyParts.xml,def,"A pair of naturally grown wooden <ALIMT >breasts</ALIMT>. Hard bark covers the entire outer portion, while leaving the <ALIMT >nipples</ALIMT> underneath <ALIMT >exposed</ALIMT>.",一对自然生长的木材乳房没有。坚硬的树皮覆盖了整个身体外部，同时乳头地下暴露没有。
GhostPenis.label,immaterial penis,label,Items_BodyParts.xml,def,immaterial <ALIMT >penis</ALIMT>,无形阳具/屌
GhostPenis.description,"A translucent, almost intangible penis. Touching it sends chills down the spine.",description,Items_BodyParts.xml,def,"A translucent, almost intangible <ALIMT >penis</ALIMT>. Touching it sends chills down the spine.",一个半一个透明人参与了性行为。的，几乎无形的阳具/屌没有。触摸它会让脊椎感到寒冷。
GhostVagina.label,immaterial vagina,label,Items_BodyParts.xml,def,immaterial <ALIMT >vagina</ALIMT>,无形阴道
GhostVagina.description,"A translucent, almost intangible vagina. Penetrating it sends chills down the spine.",description,Items_BodyParts.xml,def,"A translucent, almost intangible <ALIMT >vagina</ALIMT>. Penetrating it sends chills down the spine.",一个半一个透明人参与了性行为。的，几乎无形的阴道没有。穿透它会让脊椎感到寒冷。
GhostAnus.label,immaterial anus,label,Items_BodyParts.xml,def,immaterial <ALIMT >anus</ALIMT>,无形肛门
GhostAnus.description,"A translucent, almost intangible anus. Penetrating it sends chills down the spine.",description,Items_BodyParts.xml,def,"A translucent, almost intangible <ALIMT >anus</ALIMT>. Penetrating it sends chills down the spine.",一个半一个透明人参与了性行为。的，几乎无形的肛门没有。穿透它会让脊椎感到寒冷。
DemonTentaclesF.label,demon tentacle,label,Items_BodyParts.xml,def,demon <ALIMT >tentacle</ALIMT>,恶魔触手
DemonTentaclesF.description,"A long and flexible tentacle, capable of laying eggs.",description,Items_BodyParts.xml,def,"A long and flexible <ALIMT >tentacle</ALIMT>, capable of laying eggs.","一个长而柔韧的触手,能够产卵。"
BioferriteBreasts.label,bioferrite breasts,label,Items_BodyParts.xml,def,bioferrite <ALIMT >breasts</ALIMT>,活铁乳房
BioferriteBreasts.description,"A pair of breasts made of a strange, metallic-organic fibrous substance. They possess an unsettling shimmer and a subtle psychic resonance, feeling both firm and strangely yielding to the touch. Their surface might display faint, shifting patterns, hinting at the chaotic mechanite processes within.",description,Items_BodyParts.xml,def,"A pair of <ALIMT >breasts</ALIMT> made of a strange, metallic-organic fibrous substance. They possess an unsettling shimmer and a subtle psychic resonance, feeling both firm and strangely yielding to the <ALIMT >touch</ALIMT>. Their surface might display faint, shifting patterns, hinting at the chaotic mechanite processes within.",一对乳房由金属有机纤维物质制成。他们闪着令人不安的微光和微弱的心灵共鸣，对触摸没有。它们的表面可能显示出微弱的、不断变化的模式，暗示着内部混乱的机械过程。
BioferritePenis.label,bioferrite penis,label,Items_BodyParts.xml,def,bioferrite <ALIMT >penis</ALIMT>,活铁阳具/屌
BioferritePenis.description,"An exotic penis composed of bioferrite, a fibrous substance with both organic and metallic properties. Its shaft has a peculiar, almost segmented texture, and it feels strangely warm and cool to the touch. Subtle psychic flows can cause a faint, unsettling vibration during arousal, and its chaotic, cancer-like formation gives it an unnaturally perfect, yet alien, symmetry.",description,Items_BodyParts.xml,def,"An exotic <ALIMT >penis</ALIMT> composed of bioferrite, a fibrous substance with both organic and metallic properties. Its shaft has a peculiar, almost segmented texture, and it feels strangely warm and cool to the <ALIMT >touch</ALIMT>. Subtle psychic flows can cause a faint, unsettling vibration during <ALIMT >arousal</ALIMT>, and its chaotic, cancer-like formation gives it an unnaturally perfect, yet alien, symmetry.","异国情调的阳具/屌由活铁构成，活铁是一种兼具有机物和金属特性的纤维物质。它的杆身拥有一种奇特的、几乎是分段的质地，给人一种奇怪的温暖和凉爽的感觉触摸没有。微小的灵流会引起微弱的、不安的震动性兴奋,而它混乱的、癌症般的构造使它拥有了异常完美但又陌生的对称。"
BioferriteVagina.label,bioferrite vagina,label,Items_BodyParts.xml,def,bioferrite <ALIMT >vagina</ALIMT>,活铁阴道
BioferriteVagina.description,"An exotic vagina crafted from bioferrite, a unique material blending organic and metallic traits. Its inner folds possess a peculiar, almost shifting texture, and it seems to subtly resonate with psychic energies during penetration. The chaotic, cancer-like process of its creation by mechanites has resulted in a form that is both alien and alluring, providing an unnerving yet intense sensation.",description,Items_BodyParts.xml,def,"An exotic <ALIMT >vagina</ALIMT> crafted from bioferrite, a unique material blending organic and metallic traits. Its inner folds possess a peculiar, almost shifting texture, and it seems to subtly resonate with psychic energies during <ALIMT >penetration</ALIMT>. The chaotic, cancer-like process of its creation by mechanites has resulted in a form that is both alien and alluring, providing an unnerving yet intense sensation.",异国情调的阴道由活铁精心制作而成，活铁是一种融合了有机物与金属特性的独特材料。它的内部褶皱拥有一种奇特的、几乎在变的结构，它似乎与心灵能量巧妙地共鸣插入没有。由纳米机械创造的混乱的、类似癌症的过程导致了一种既陌生又诱人的形式，提供了一种紧张而强烈的感觉。
BioferriteAnus.label,bioferrite anus,label,Items_BodyParts.xml,def,bioferrite <ALIMT >anus</ALIMT>,活铁肛门
BioferriteAnus.description,"An exotic anus made of bioferrite, an unusual substance possessing both organic and metallic characteristics. Its sphincter is remarkably resilient yet surprisingly flexible, and it can feel unnervingly responsive to psychic influence. The chaotic growth patterns of mechanites during its formation have given it a distinct, almost crystalline structure, offering a unique and intense experience.",description,Items_BodyParts.xml,def,"An exotic <ALIMT >anus</ALIMT> made of bioferrite, an unusual substance possessing both organic and metallic characteristics. Its sphincter is remarkably resilient yet surprisingly flexible, and it can feel unnervingly responsive to psychic influence. The chaotic growth patterns of mechanites during its formation have given it a distinct, almost crystalline structure, offering a unique and intense experience.",异国情调的肛门由活铁 (一种兼具有机物和金属特性的异常物质) 制成。它的括约肌非常有弹性，但却出奇的柔韧，它能对心灵影响做出不稳定的反应。纳米机械在形成过程中混乱的生长模式使它获得了明显的、几乎是结晶的结构，提供了一种独特而强烈的体验。
MultiPenisBearPenis.label,add bear penis,label,Recipes_Surgery.xml,def,add bear <ALIMT >penis</ALIMT>,添加熊阳具/屌
MultiPenisBearPenis.description,Adds a bear penis,description,Recipes_Surgery.xml,def,Adds a bear <ALIMT >penis</ALIMT>,添加一只熊阳具/屌
MultiPenisBearPenis.jobString,Adding a bear penis,jobString,Recipes_Surgery.xml,def,Adding a bear <ALIMT >penis</ALIMT>,添加一只熊阳具/屌
SexReassignmentPBearPenis.label,attach bear penis,label,Recipes_Surgery.xml,def,attach bear <ALIMT >penis</ALIMT>,连接熊阳具/屌
SexReassignmentPBearPenis.description,Attaches a bear penis,description,Recipes_Surgery.xml,def,Attaches a bear <ALIMT >penis</ALIMT>,拴上一只熊阳具/屌
SexReassignmentPBearPenis.jobString,Attaching a bear penis,jobString,Recipes_Surgery.xml,def,Attaching a bear <ALIMT >penis</ALIMT>,拴上一只熊阳具/屌
MultiPenisBovinePenis.label,add bovine penis,label,Recipes_Surgery.xml,def,add bovine <ALIMT >penis</ALIMT>,添加牛阳具/屌
MultiPenisBovinePenis.description,Adds a bovine penis,description,Recipes_Surgery.xml,def,Adds a bovine <ALIMT >penis</ALIMT>,添加一只牛阳具/屌
MultiPenisBovinePenis.jobString,Adding a bovine penis,jobString,Recipes_Surgery.xml,def,Adding a bovine <ALIMT >penis</ALIMT>,添加牛阳具/屌
SexReassignmentPBovinePenis.label,attach bovine penis,label,Recipes_Surgery.xml,def,attach bovine <ALIMT >penis</ALIMT>,牵绊牛阳具/屌
SexReassignmentPBovinePenis.description,Attaches a bovine penis,description,Recipes_Surgery.xml,def,Attaches a bovine <ALIMT >penis</ALIMT>,附着一只牛阳具/屌
SexReassignmentPBovinePenis.jobString,Attaching a bovine penis,jobString,Recipes_Surgery.xml,def,Attaching a bovine <ALIMT >penis</ALIMT>,拴住牛阳具/屌
MultiVaginaBovineVagina.label,add bovine vagina,label,Recipes_Surgery.xml,def,add bovine <ALIMT >vagina</ALIMT>,添加牛阴道
MultiVaginaBovineVagina.description,Adds a bovine vagina,description,Recipes_Surgery.xml,def,Adds a bovine <ALIMT >vagina</ALIMT>,添加一只牛阴道
MultiVaginaBovineVagina.jobString,Adding a bovine vagina,jobString,Recipes_Surgery.xml,def,Adding a bovine <ALIMT >vagina</ALIMT>,添加牛阴道
SexReassignmentVBovineVagina.label,attach bovine vagina,label,Recipes_Surgery.xml,def,attach bovine <ALIMT >vagina</ALIMT>,牵绊牛阴道
SexReassignmentVBovineVagina.description,Attaches a bovine vagina,description,Recipes_Surgery.xml,def,Attaches a bovine <ALIMT >vagina</ALIMT>,附着一只牛阴道
SexReassignmentVBovineVagina.jobString,Attaching a bovine vagina,jobString,Recipes_Surgery.xml,def,Attaching a bovine <ALIMT >vagina</ALIMT>,拴住牛阴道
MultiAnusDogAnus.label,add dog anus,label,Recipes_Surgery.xml,def,add dog <ALIMT >anus</ALIMT>,添加狗肛门
MultiAnusDogAnus.description,Adds a dog anus,description,Recipes_Surgery.xml,def,Adds a dog <ALIMT >anus</ALIMT>,添加一条狗肛门
MultiAnusDogAnus.jobString,Adding a dog anus,jobString,Recipes_Surgery.xml,def,Adding a dog <ALIMT >anus</ALIMT>,添加一条狗肛门
AnalSurgeryDogAnus.label,attach dog anus,label,Recipes_Surgery.xml,def,attach dog <ALIMT >anus</ALIMT>,连接狗肛门
AnalSurgeryDogAnus.description,Attaches a dog anus,description,Recipes_Surgery.xml,def,Attaches a dog <ALIMT >anus</ALIMT>,绑定一条狗肛门
AnalSurgeryDogAnus.jobString,Attaching a dog anus,jobString,Recipes_Surgery.xml,def,Attaching a dog <ALIMT >anus</ALIMT>,附上一条狗肛门
MultiAnusDragonAnus.label,add dragon anus,label,Recipes_Surgery.xml,def,add <ALIMT >dragon</ALIMT> <ALIMT >anus</ALIMT>,添加dragonanus
MultiAnusDragonAnus.description,Adds a dragon anus,description,Recipes_Surgery.xml,def,Adds a <ALIMT >dragon</ALIMT> <ALIMT >anus</ALIMT>,添加一个dragonanus
MultiAnusDragonAnus.jobString,Adding a dragon anus,jobString,Recipes_Surgery.xml,def,Adding a <ALIMT >dragon</ALIMT> <ALIMT >anus</ALIMT>,添加一个dragonanus
AnalSurgeryDragonAnus.label,attach dragon anus,label,Recipes_Surgery.xml,def,attach <ALIMT >dragon</ALIMT> <ALIMT >anus</ALIMT>,附加dragonanus
AnalSurgeryDragonAnus.description,Attaches a dragon anus,description,Recipes_Surgery.xml,def,Attaches a <ALIMT >dragon</ALIMT> <ALIMT >anus</ALIMT>,附上一个dragonanus
AnalSurgeryDragonAnus.jobString,Attaching a dragon anus,jobString,Recipes_Surgery.xml,def,Attaching a <ALIMT >dragon</ALIMT> <ALIMT >anus</ALIMT>,附上一个dragonanus
MultiPenisDinoPenis.label,add dino penis,label,Recipes_Surgery.xml,def,add dino <ALIMT >penis</ALIMT>,添加恐龙阳具/屌
MultiPenisDinoPenis.description,Adds a dino penis,description,Recipes_Surgery.xml,def,Adds a dino <ALIMT >penis</ALIMT>,添加恐龙阳具/屌
MultiPenisDinoPenis.jobString,Adding a dino penis,jobString,Recipes_Surgery.xml,def,Adding a dino <ALIMT >penis</ALIMT>,添加恐龙阳具/屌
SexReassignmentPDinoPenis.label,attach dino penis,label,Recipes_Surgery.xml,def,attach dino <ALIMT >penis</ALIMT>,连接恐龙阳具/屌
SexReassignmentPDinoPenis.description,Attaches a dino penis,description,Recipes_Surgery.xml,def,Attaches a dino <ALIMT >penis</ALIMT>,发射恐龙阳具/屌
SexReassignmentPDinoPenis.jobString,Attaching a dino penis,jobString,Recipes_Surgery.xml,def,Attaching a dino <ALIMT >penis</ALIMT>,正在连接恐龙阳具/屌
MultiPenisElephantPenis.label,add elephant penis,label,Recipes_Surgery.xml,def,add elephant <ALIMT >penis</ALIMT>,添加大象阳具/屌
MultiPenisElephantPenis.description,Adds an elephant penis,description,Recipes_Surgery.xml,def,Adds an elephant <ALIMT >penis</ALIMT>,添加一头大象阳具/屌
MultiPenisElephantPenis.jobString,Adding an elephant penis,jobString,Recipes_Surgery.xml,def,Adding an elephant <ALIMT >penis</ALIMT>,添加一只大象阳具/屌
SexReassignmentPElephantPenis.label,attach elephant penis,label,Recipes_Surgery.xml,def,attach elephant <ALIMT >penis</ALIMT>,拴上大象阳具/屌
SexReassignmentPElephantPenis.description,Attaches an elephant penis,description,Recipes_Surgery.xml,def,Attaches an elephant <ALIMT >penis</ALIMT>,收容大象阳具/屌
SexReassignmentPElephantPenis.jobString,Attaching an elephant penis,jobString,Recipes_Surgery.xml,def,Attaching an elephant <ALIMT >penis</ALIMT>,拴上大象阳具/屌
MultiVaginaElephantVagina.label,add elephant vagina,label,Recipes_Surgery.xml,def,add elephant <ALIMT >vagina</ALIMT>,添加大象阴道
MultiVaginaElephantVagina.description,Adds an elephant vagina,description,Recipes_Surgery.xml,def,Adds an elephant <ALIMT >vagina</ALIMT>,添加一头大象阴道
MultiVaginaElephantVagina.jobString,Adding an elephant vagina,jobString,Recipes_Surgery.xml,def,Adding an elephant <ALIMT >vagina</ALIMT>,添加一只大象阴道
SexReassignmentVElephantVagina.label,attach elephant vagina,label,Recipes_Surgery.xml,def,attach elephant <ALIMT >vagina</ALIMT>,拴上大象阴道
SexReassignmentVElephantVagina.description,Attaches an elephant vagina,description,Recipes_Surgery.xml,def,Attaches an elephant <ALIMT >vagina</ALIMT>,收容大象阴道
SexReassignmentVElephantVagina.jobString,Attaching an elephant vagina,jobString,Recipes_Surgery.xml,def,Attaching an elephant <ALIMT >vagina</ALIMT>,拴上大象阴道
MultiAnusFelineAnus.label,add feline anus,label,Recipes_Surgery.xml,def,add feline <ALIMT >anus</ALIMT>,添加猫科动物肛门
MultiAnusFelineAnus.description,Adds a feline anus,description,Recipes_Surgery.xml,def,Adds a feline <ALIMT >anus</ALIMT>,添加猫科动物肛门
MultiAnusFelineAnus.jobString,Adding a feline anus,jobString,Recipes_Surgery.xml,def,Adding a feline <ALIMT >anus</ALIMT>,添加了一只猫科动物肛门
AnalSurgeryFelineAnus.label,attach feline anus,label,Recipes_Surgery.xml,def,attach feline <ALIMT >anus</ALIMT>,附着猫科动物肛门
AnalSurgeryFelineAnus.description,Attaches a feline anus,description,Recipes_Surgery.xml,def,Attaches a feline <ALIMT >anus</ALIMT>,连接猫科动物肛门
AnalSurgeryFelineAnus.jobString,Attaching a feline anus,jobString,Recipes_Surgery.xml,def,Attaching a feline <ALIMT >anus</ALIMT>,将猫科动物连接肛门
MultiPenisMonkeyPenis.label,add monkey penis,label,Recipes_Surgery.xml,def,add monkey <ALIMT >penis</ALIMT>,添加猴类阳具/屌
MultiPenisMonkeyPenis.description,Adds a monkey penis,description,Recipes_Surgery.xml,def,Adds a monkey <ALIMT >penis</ALIMT>,添加一只猴子阳具/屌
MultiPenisMonkeyPenis.jobString,Adding a monkey penis,jobString,Recipes_Surgery.xml,def,Adding a monkey <ALIMT >penis</ALIMT>,添加一只猴子阳具/屌
SexReassignmentPMonkeyPenis.label,attach monkey penis,label,Recipes_Surgery.xml,def,attach monkey <ALIMT >penis</ALIMT>,附上猴类阳具/屌
SexReassignmentPMonkeyPenis.description,Attaches a monkey penis,description,Recipes_Surgery.xml,def,Attaches a monkey <ALIMT >penis</ALIMT>,附上一只猴子阳具/屌
SexReassignmentPMonkeyPenis.jobString,Attaching a monkey penis,jobString,Recipes_Surgery.xml,def,Attaching a monkey <ALIMT >penis</ALIMT>,拴上一只猴子阳具/屌
MultiPenisPigPenis.label,add pig penis,label,Recipes_Surgery.xml,def,add <ALIMT >pig</ALIMT> <ALIMT >penis</ALIMT>,添加pigpenis
MultiPenisPigPenis.description,Adds a pig penis,description,Recipes_Surgery.xml,def,Adds a <ALIMT >pig</ALIMT> <ALIMT >penis</ALIMT>,添加一个pigpenis
MultiPenisPigPenis.jobString,Adding a pig penis,jobString,Recipes_Surgery.xml,def,Adding a <ALIMT >pig</ALIMT> <ALIMT >penis</ALIMT>,添加一个pigpenis
SexReassignmentPPigPenis.label,attach pig penis,label,Recipes_Surgery.xml,def,attach <ALIMT >pig</ALIMT> <ALIMT >penis</ALIMT>,附加pigpenis
SexReassignmentPPigPenis.description,Attaches a pig penis,description,Recipes_Surgery.xml,def,Attaches a <ALIMT >pig</ALIMT> <ALIMT >penis</ALIMT>,附上一个pigpenis
SexReassignmentPPigPenis.jobString,Attaching a pig penis,jobString,Recipes_Surgery.xml,def,Attaching a <ALIMT >pig</ALIMT> <ALIMT >penis</ALIMT>,附上一个pigpenis
MultiVaginaPigVagina.label,add pig vagina,label,Recipes_Surgery.xml,def,add <ALIMT >pig</ALIMT> <ALIMT >vagina</ALIMT>,添加pigvagina
MultiVaginaPigVagina.description,Adds a pig vagina,description,Recipes_Surgery.xml,def,Adds a <ALIMT >pig</ALIMT> <ALIMT >vagina</ALIMT>,添加一个pigvagina
MultiVaginaPigVagina.jobString,Adding a pig vagina,jobString,Recipes_Surgery.xml,def,Adding a <ALIMT >pig</ALIMT> <ALIMT >vagina</ALIMT>,添加一个pigvagina
SexReassignmentVPigVagina.label,attach pig vagina,label,Recipes_Surgery.xml,def,attach <ALIMT >pig</ALIMT> <ALIMT >vagina</ALIMT>,附加pigvagina
SexReassignmentVPigVagina.description,Attaches a pig vagina,description,Recipes_Surgery.xml,def,Attaches a <ALIMT >pig</ALIMT> <ALIMT >vagina</ALIMT>,附上一个pigvagina
SexReassignmentVPigVagina.jobString,Attaching a pig vagina,jobString,Recipes_Surgery.xml,def,Attaching a <ALIMT >pig</ALIMT> <ALIMT >vagina</ALIMT>,附上一个pigvagina
MultiPenisMammalPenis.label,add mammal penis,label,Recipes_Surgery.xml,def,add mammal <ALIMT >penis</ALIMT>,添加哺乳动物阳具/屌
MultiPenisMammalPenis.description,Adds a mammalian penis,description,Recipes_Surgery.xml,def,Adds a mammalian <ALIMT >penis</ALIMT>,添加一个哺乳类动物阳具/屌
MultiPenisMammalPenis.jobString,Adding a mammalian penis,jobString,Recipes_Surgery.xml,def,Adding a mammalian <ALIMT >penis</ALIMT>,添加一个哺乳类动物阳具/屌
SexReassignmentPMammalPenis.label,attach mammal penis,label,Recipes_Surgery.xml,def,attach mammal <ALIMT >penis</ALIMT>,附着哺乳动物阳具/屌
SexReassignmentPMammalPenis.description,Attaches a mammalian penis,description,Recipes_Surgery.xml,def,Attaches a mammalian <ALIMT >penis</ALIMT>,附着哺乳动物阳具/屌
SexReassignmentPMammalPenis.jobString,Attaching a mammalian penis,jobString,Recipes_Surgery.xml,def,Attaching a mammalian <ALIMT >penis</ALIMT>,将哺乳类动物连接起来阳具/屌
MultiVaginaMammalVagina.label,add mammal vagina,label,Recipes_Surgery.xml,def,add mammal <ALIMT >vagina</ALIMT>,添加哺乳动物阴道
MultiVaginaMammalVagina.description,Adds a mammalian vagina,description,Recipes_Surgery.xml,def,Adds a mammalian <ALIMT >vagina</ALIMT>,添加一个哺乳类动物阴道
MultiVaginaMammalVagina.jobString,Adding a mammalian vagina,jobString,Recipes_Surgery.xml,def,Adding a mammalian <ALIMT >vagina</ALIMT>,添加一个哺乳类动物阴道
SexReassignmentVMammalVagina.label,attach mammal vagina,label,Recipes_Surgery.xml,def,attach mammal <ALIMT >vagina</ALIMT>,附着哺乳动物阴道
SexReassignmentVMammalVagina.description,Attaches a mammalian vagina,description,Recipes_Surgery.xml,def,Attaches a mammalian <ALIMT >vagina</ALIMT>,附着哺乳动物阴道
SexReassignmentVMammalVagina.jobString,Attaching a mammalian vagina,jobString,Recipes_Surgery.xml,def,Attaching a mammalian <ALIMT >vagina</ALIMT>,将哺乳类动物连接起来阴道
MultiAnusMammalAnus.label,add mammal anus,label,Recipes_Surgery.xml,def,add mammal <ALIMT >anus</ALIMT>,添加哺乳动物肛门
MultiAnusMammalAnus.description,Adds a mammalian anus,description,Recipes_Surgery.xml,def,Adds a mammalian <ALIMT >anus</ALIMT>,添加一个哺乳类动物肛门
MultiAnusMammalAnus.jobString,Adding a mammalian anus,jobString,Recipes_Surgery.xml,def,Adding a mammalian <ALIMT >anus</ALIMT>,添加一个哺乳类动物肛门
AnalSurgeryMammalAnus.label,attach mammal anus,label,Recipes_Surgery.xml,def,attach mammal <ALIMT >anus</ALIMT>,附着哺乳动物肛门
AnalSurgeryMammalAnus.description,Attaches a mammalian anus,description,Recipes_Surgery.xml,def,Attaches a mammalian <ALIMT >anus</ALIMT>,附着哺乳动物肛门
AnalSurgeryMammalAnus.jobString,Attaching a mammalian anus,jobString,Recipes_Surgery.xml,def,Attaching a mammalian <ALIMT >anus</ALIMT>,将哺乳类动物连接起来肛门
MultiAnusCervineAnus.label,add cervine anus,label,Recipes_Surgery.xml,def,add cervine <ALIMT >anus</ALIMT>,添加塞文肛门
MultiAnusCervineAnus.description,Adds a deer anus,description,Recipes_Surgery.xml,def,Adds a <ALIMT >deer</ALIMT> <ALIMT >anus</ALIMT>,添加一个deeranus
MultiAnusCervineAnus.jobString,Adding a deer anus,jobString,Recipes_Surgery.xml,def,Adding a <ALIMT >deer</ALIMT> <ALIMT >anus</ALIMT>,添加一个deeranus
AnalSurgeryCervineAnus.label,attach cervine anus,label,Recipes_Surgery.xml,def,attach cervine <ALIMT >anus</ALIMT>,附上塞文肛门
AnalSurgeryCervineAnus.description,Attaches a deer anus,description,Recipes_Surgery.xml,def,Attaches a <ALIMT >deer</ALIMT> <ALIMT >anus</ALIMT>,附上一个deeranus
AnalSurgeryCervineAnus.jobString,Attaching a deer anus,jobString,Recipes_Surgery.xml,def,Attaching a <ALIMT >deer</ALIMT> <ALIMT >anus</ALIMT>,附上一个deeranus
MultiAnusHorseAnus.label,add equine anus,label,Recipes_Surgery.xml,def,add equine <ALIMT >anus</ALIMT>,添加马肛门
MultiAnusHorseAnus.description,Adds an quine anus,description,Recipes_Surgery.xml,def,Adds an quine <ALIMT >anus</ALIMT>,添加奎因肛门
MultiAnusHorseAnus.jobString,Adding an quine anus,jobString,Recipes_Surgery.xml,def,Adding an quine <ALIMT >anus</ALIMT>,加成肛门
AnalSurgeryHorseAnus.label,attach equine anus,label,Recipes_Surgery.xml,def,attach equine <ALIMT >anus</ALIMT>,牵绊马肛门
AnalSurgeryHorseAnus.description,Attaches an quine anus,description,Recipes_Surgery.xml,def,Attaches an quine <ALIMT >anus</ALIMT>,附上奎因肛门
AnalSurgeryHorseAnus.jobString,Attaching an quine anus,jobString,Recipes_Surgery.xml,def,Attaching an quine <ALIMT >anus</ALIMT>,附加奎因肛门
MultiVaginaHyenaVagina.label,add hyena pseudo-penis,label,Recipes_Surgery.xml,def,add hyena pseudo-<ALIMT >penis</ALIMT>,添加鬣狗阳具/屌
MultiVaginaHyenaVagina.description,Adds a hyena pseudo-penis,description,Recipes_Surgery.xml,def,Adds a hyena pseudo-<ALIMT >penis</ALIMT>,添加一个鬣狗伪-阳具/屌
MultiVaginaHyenaVagina.jobString,Adding a hyena pseudo-penis,jobString,Recipes_Surgery.xml,def,Adding a hyena pseudo-<ALIMT >penis</ALIMT>,添加一条鬣狗伪-阳具/屌
SexReassignmentVHyenaVagina.label,attach hyena pseudo-penis,label,Recipes_Surgery.xml,def,attach hyena pseudo-<ALIMT >penis</ALIMT>,附上鬣狗阳具/屌
SexReassignmentVHyenaVagina.description,Attaches a hyena pseudo-penis,description,Recipes_Surgery.xml,def,Attaches a hyena pseudo-<ALIMT >penis</ALIMT>,附上一个假鬣狗-阳具/屌
SexReassignmentVHyenaVagina.jobString,Attaching a hyena pseudo-penis,jobString,Recipes_Surgery.xml,def,Attaching a hyena pseudo-<ALIMT >penis</ALIMT>,附上一个假鬣狗阳具/屌
MultiPenisMarinePenis.label,add marine penis,label,Recipes_Surgery.xml,def,add marine <ALIMT >penis</ALIMT>,添加陆战队员阳具/屌
MultiPenisMarinePenis.description,Adds a marine mammal penis,description,Recipes_Surgery.xml,def,Adds a marine mammal <ALIMT >penis</ALIMT>,添加海洋哺乳动物阳具/屌
MultiPenisMarinePenis.jobString,Adding a marine mammal penis,jobString,Recipes_Surgery.xml,def,Adding a marine mammal <ALIMT >penis</ALIMT>,添加一只海洋哺乳动物阳具/屌
SexReassignmentPMarinePenis.label,attach marine penis,label,Recipes_Surgery.xml,def,attach marine <ALIMT >penis</ALIMT>,附上陆战队员阳具/屌
SexReassignmentPMarinePenis.description,Attaches a marine mammal penis,description,Recipes_Surgery.xml,def,Attaches a marine mammal <ALIMT >penis</ALIMT>,附着一只海洋哺乳动物阳具/屌
SexReassignmentPMarinePenis.jobString,Attaching a marine mammal penis,jobString,Recipes_Surgery.xml,def,Attaching a marine mammal <ALIMT >penis</ALIMT>,连接海洋哺乳动物阳具/屌
MultiVaginaMarineVagina.label,add marine vagina,label,Recipes_Surgery.xml,def,add marine <ALIMT >vagina</ALIMT>,添加陆战队员阴道
MultiVaginaMarineVagina.description,Adds a marine mammal vagina,description,Recipes_Surgery.xml,def,Adds a marine mammal <ALIMT >vagina</ALIMT>,添加海洋哺乳动物阴道
MultiVaginaMarineVagina.jobString,Adding a marine mammal vagina,jobString,Recipes_Surgery.xml,def,Adding a marine mammal <ALIMT >vagina</ALIMT>,添加一只海洋哺乳动物阴道
SexReassignmentVMarineVagina.label,attach marine vagina,label,Recipes_Surgery.xml,def,attach marine <ALIMT >vagina</ALIMT>,附上陆战队员阴道
SexReassignmentVMarineVagina.description,Attaches a marine mammal vagina,description,Recipes_Surgery.xml,def,Attaches a marine mammal <ALIMT >vagina</ALIMT>,附着一只海洋哺乳动物阴道
SexReassignmentVMarineVagina.jobString,Attaching a marine mammal vagina,jobString,Recipes_Surgery.xml,def,Attaching a marine mammal <ALIMT >vagina</ALIMT>,连接海洋哺乳动物阴道
MultiPenisCactoidPenis.label,add cactoid penis,label,Recipes_Surgery.xml,def,add cactoid <ALIMT >penis</ALIMT>,添加可可豆阳具/屌
MultiPenisCactoidPenis.description,Adds a cactoid penis,description,Recipes_Surgery.xml,def,Adds a cactoid <ALIMT >penis</ALIMT>,添加娱乐阳具/屌
MultiPenisCactoidPenis.jobString,Adding a cactoid penis,jobString,Recipes_Surgery.xml,def,Adding a cactoid <ALIMT >penis</ALIMT>,添加娱乐阳具/屌
SexReassignmentPCactoidPenis.label,attach cactoid penis,label,Recipes_Surgery.xml,def,attach cactoid <ALIMT >penis</ALIMT>,附上可可豆阳具/屌
SexReassignmentPCactoidPenis.description,Attaches a cactoid penis,description,Recipes_Surgery.xml,def,Attaches a cactoid <ALIMT >penis</ALIMT>,附上包裹阳具/屌
SexReassignmentPCactoidPenis.jobString,Attaching a cactoid penis,jobString,Recipes_Surgery.xml,def,Attaching a cactoid <ALIMT >penis</ALIMT>,附上包裹阳具/屌
MultiVaginaCactoidVagina.label,add cactoid vagina,label,Recipes_Surgery.xml,def,add cactoid <ALIMT >vagina</ALIMT>,添加可可豆阴道
MultiVaginaCactoidVagina.description,Adds a cactoid vagina,description,Recipes_Surgery.xml,def,Adds a cactoid <ALIMT >vagina</ALIMT>,添加娱乐阴道
MultiVaginaCactoidVagina.jobString,Adding a cactoid vagina,jobString,Recipes_Surgery.xml,def,Adding a cactoid <ALIMT >vagina</ALIMT>,添加娱乐阴道
SexReassignmentVCactoidVagina.label,attach cactoid vagina,label,Recipes_Surgery.xml,def,attach cactoid <ALIMT >vagina</ALIMT>,附上可可豆阴道
SexReassignmentVCactoidVagina.description,Attaches a cactoid vagina,description,Recipes_Surgery.xml,def,Attaches a cactoid <ALIMT >vagina</ALIMT>,附上包裹阴道
SexReassignmentVCactoidVagina.jobString,Attaching a cactoid vagina,jobString,Recipes_Surgery.xml,def,Attaching a cactoid <ALIMT >vagina</ALIMT>,附上包裹阴道
MultiAnusCactoidAnus.label,add cactoid anus,label,Recipes_Surgery.xml,def,add cactoid <ALIMT >anus</ALIMT>,添加可可豆肛门
MultiAnusCactoidAnus.description,Adds a cactoid anus,description,Recipes_Surgery.xml,def,Adds a cactoid <ALIMT >anus</ALIMT>,添加娱乐肛门
MultiAnusCactoidAnus.jobString,Adding a cactoid anus,jobString,Recipes_Surgery.xml,def,Adding a cactoid <ALIMT >anus</ALIMT>,添加娱乐肛门
AnalSurgeryCactoidAnus.label,attach cactoid anus,label,Recipes_Surgery.xml,def,attach cactoid <ALIMT >anus</ALIMT>,附上可可豆肛门
AnalSurgeryCactoidAnus.description,Attaches a cactoid anus,description,Recipes_Surgery.xml,def,Attaches a cactoid <ALIMT >anus</ALIMT>,附上包裹肛门
AnalSurgeryCactoidAnus.jobString,Attaching a cactoid anus,jobString,Recipes_Surgery.xml,def,Attaching a cactoid <ALIMT >anus</ALIMT>,附上包裹肛门
MultiPenisTurtlePenis.label,add turtle penis,label,Recipes_Surgery.xml,def,add turtle <ALIMT >penis</ALIMT>,添加龟阳具/屌
MultiPenisTurtlePenis.description,Adds a turtle penis,description,Recipes_Surgery.xml,def,Adds a turtle <ALIMT >penis</ALIMT>,添加一只龟阳具/屌
MultiPenisTurtlePenis.jobString,Adding a turtle penis,jobString,Recipes_Surgery.xml,def,Adding a turtle <ALIMT >penis</ALIMT>,添加一只龟阳具/屌
SexReassignmentPTurtlePenis.label,attach turtle penis,label,Recipes_Surgery.xml,def,attach turtle <ALIMT >penis</ALIMT>,拴上龟阳具/屌
SexReassignmentPTurtlePenis.description,Attaches a turtle penis,description,Recipes_Surgery.xml,def,Attaches a turtle <ALIMT >penis</ALIMT>,附着一只龟阳具/屌
SexReassignmentPTurtlePenis.jobString,Attaching a turtle penis,jobString,Recipes_Surgery.xml,def,Attaching a turtle <ALIMT >penis</ALIMT>,拴上一只龟阳具/屌
MultiPenisReptilePenis.label,add reptile penis,label,Recipes_Surgery.xml,def,add reptile <ALIMT >penis</ALIMT>,添加爬行动物阳具/屌
MultiPenisReptilePenis.description,Adds a reptile penis,description,Recipes_Surgery.xml,def,Adds a reptile <ALIMT >penis</ALIMT>,添加爬行动物阳具/屌
MultiPenisReptilePenis.jobString,Adding a reptile penis,jobString,Recipes_Surgery.xml,def,Adding a reptile <ALIMT >penis</ALIMT>,添加爬行动物阳具/屌
SexReassignmentPReptilePenis.label,attach reptile penis,label,Recipes_Surgery.xml,def,attach reptile <ALIMT >penis</ALIMT>,附着爬行动物阳具/屌
SexReassignmentPReptilePenis.description,Attaches a reptile penis,description,Recipes_Surgery.xml,def,Attaches a reptile <ALIMT >penis</ALIMT>,附着爬行动物阳具/屌
SexReassignmentPReptilePenis.jobString,Attaching a reptile penis,jobString,Recipes_Surgery.xml,def,Attaching a reptile <ALIMT >penis</ALIMT>,附着爬行动物阳具/屌
MultiPenisAedeagusPenis.label,add aedeagus,label,Recipes_Surgery.xml,def,add aedeagus,添加 aedeagus
MultiPenisAedeagusPenis.description,Adds an aedeagus,description,Recipes_Surgery.xml,def,Adds an aedeagus,添加一个 aedeagus
MultiPenisAedeagusPenis.jobString,Adding an aedeagus,jobString,Recipes_Surgery.xml,def,Adding an aedeagus,添加 aedeagus
SexReassignmentPAedeagusPenis.label,attach aedeagus,label,Recipes_Surgery.xml,def,attach aedeagus,附上 aedeagus
SexReassignmentPAedeagusPenis.description,Attaches an aedeagus,description,Recipes_Surgery.xml,def,Attaches an aedeagus,发射一枚 aedeagus
SexReassignmentPAedeagusPenis.jobString,Attaching an aedeagus,jobString,Recipes_Surgery.xml,def,Attaching an aedeagus,附上 aedeagus
MultiVaginaOviporeVagina.label,add ovipore,label,Recipes_Surgery.xml,def,add ovipore,添加卵细胞
MultiVaginaOviporeVagina.description,Adds an ovipore,description,Recipes_Surgery.xml,def,Adds an ovipore,添加卵细胞
MultiVaginaOviporeVagina.jobString,Adding an ovipore,jobString,Recipes_Surgery.xml,def,Adding an ovipore,添加卵细胞
SexReassignmentVOviporeVagina.label,attach ovipore,label,Recipes_Surgery.xml,def,attach ovipore,附着卵细胞
SexReassignmentVOviporeVagina.description,Attaches an ovipore,description,Recipes_Surgery.xml,def,Attaches an ovipore,附着卵细胞
SexReassignmentVOviporeVagina.jobString,Attaching an ovipore,jobString,Recipes_Surgery.xml,def,Attaching an ovipore,附着卵细胞
MultiPenisAntherPenis.label,add anther,label,Recipes_Surgery.xml,def,add anther,添加另一个
MultiPenisAntherPenis.description,Adds a flower's anther,description,Recipes_Surgery.xml,def,Adds a flower's anther,添加花的另一半
MultiPenisAntherPenis.jobString,Adding a flower's anther,jobString,Recipes_Surgery.xml,def,Adding a flower's anther,添加鲜花的另一半
SexReassignmentPAntherPenis.label,attach anther,label,Recipes_Surgery.xml,def,attach anther,连接另一个
SexReassignmentPAntherPenis.description,Attaches a flower's anther,description,Recipes_Surgery.xml,def,Attaches a flower's anther,将花植入
SexReassignmentPAntherPenis.jobString,Attaching a flower's anther,jobString,Recipes_Surgery.xml,def,Attaching a flower's anther,将花的另一半连接
MultiVaginaPistilVagina.label,add pistil,label,Recipes_Surgery.xml,def,add pistil,添加雌蕊
MultiVaginaPistilVagina.description,Adds a flower's pistil,description,Recipes_Surgery.xml,def,Adds a flower's pistil,添加花的雌蕊
MultiVaginaPistilVagina.jobString,Adding a flower's pistil,jobString,Recipes_Surgery.xml,def,Adding a flower's pistil,添加花的雌蕊
SexReassignmentVPistilVagina.label,attach pistil,label,Recipes_Surgery.xml,def,attach pistil,附着雌蕊
SexReassignmentVPistilVagina.description,Attaches a flower's pistil,description,Recipes_Surgery.xml,def,Attaches a flower's pistil,附着花的雌蕊
SexReassignmentVPistilVagina.jobString,Attaching a flower's pistil,jobString,Recipes_Surgery.xml,def,Attaching a flower's pistil,连接花的雌蕊
MultiPenisTentaclePenis.label,add tentacles,label,Recipes_Surgery.xml,def,add tentacles,添加触手
MultiPenisTentaclePenis.description,Adds reproductive tentacles,description,Recipes_Surgery.xml,def,Adds reproductive tentacles,添加了生殖触手
MultiPenisTentaclePenis.jobString,Adding reproductive tentacles,jobString,Recipes_Surgery.xml,def,Adding reproductive tentacles,添加生殖触手
SexReassignmentPTentaclePenis.label,attach tentacles,label,Recipes_Surgery.xml,def,attach tentacles,附上触手
SexReassignmentPTentaclePenis.description,Attaches reproductive tentacles,description,Recipes_Surgery.xml,def,Attaches reproductive tentacles,附着生殖触手
SexReassignmentPTentaclePenis.jobString,Attaching reproductive tentacles,jobString,Recipes_Surgery.xml,def,Attaching reproductive tentacles,附加生殖触手
MultiPenisVinePenis.label,add vines,label,Recipes_Surgery.xml,def,add vines,添加藤蔓植物
MultiPenisVinePenis.description,Adds a mass of vines,description,Recipes_Surgery.xml,def,Adds a mass of vines,添加葡萄树块
MultiPenisVinePenis.jobString,Adding a mass of vines,jobString,Recipes_Surgery.xml,def,Adding a mass of vines,添加大量藤蔓植物
SexReassignmentPVinePenis.label,attach vines,label,Recipes_Surgery.xml,def,attach vines,连接藤蔓植物
SexReassignmentPVinePenis.description,Attaches a mass of vines,description,Recipes_Surgery.xml,def,Attaches a mass of vines,附着一团藤蔓植物
SexReassignmentPVinePenis.jobString,Attaching a mass of vines,jobString,Recipes_Surgery.xml,def,Attaching a mass of vines,附着一团藤蔓植物
MultiPenisNecroPenis.label,add necro penis,label,Recipes_Surgery.xml,def,add necro <ALIMT >penis</ALIMT>,添加死灵胡阳具/屌
MultiPenisNecroPenis.description,Adds a necro penis,description,Recipes_Surgery.xml,def,Adds a necro <ALIMT >penis</ALIMT>,添加死灵阳具/屌
MultiPenisNecroPenis.jobString,Adding a necro penis,jobString,Recipes_Surgery.xml,def,Adding a necro <ALIMT >penis</ALIMT>,添加死灵阳具/屌
SexReassignmentPNecroPenis.label,attach necro penis,label,Recipes_Surgery.xml,def,attach necro <ALIMT >penis</ALIMT>,拴上死灵胡阳具/屌
SexReassignmentPNecroPenis.description,Attaches a necro penis,description,Recipes_Surgery.xml,def,Attaches a necro <ALIMT >penis</ALIMT>,绑定死灵阳具/屌
SexReassignmentPNecroPenis.jobString,Attaching a necro penis,jobString,Recipes_Surgery.xml,def,Attaching a necro <ALIMT >penis</ALIMT>,绑定死灵阳具/屌
MultiVaginaNecroVagina.label,add necro vagina,label,Recipes_Surgery.xml,def,add necro <ALIMT >vagina</ALIMT>,添加死灵胡阴道
MultiVaginaNecroVagina.description,Adds a necro vagina,description,Recipes_Surgery.xml,def,Adds a necro <ALIMT >vagina</ALIMT>,添加死灵阴道
MultiVaginaNecroVagina.jobString,Adding a necro vagina,jobString,Recipes_Surgery.xml,def,Adding a necro <ALIMT >vagina</ALIMT>,添加死灵阴道
SexReassignmentVNecroVagina.label,attach necro vagina,label,Recipes_Surgery.xml,def,attach necro <ALIMT >vagina</ALIMT>,拴上死灵胡阴道
SexReassignmentVNecroVagina.description,Attaches a necro vagina,description,Recipes_Surgery.xml,def,Attaches a necro <ALIMT >vagina</ALIMT>,绑定死灵阴道
SexReassignmentVNecroVagina.jobString,Attaching a necro vagina,jobString,Recipes_Surgery.xml,def,Attaching a necro <ALIMT >vagina</ALIMT>,绑定死灵阴道
MultiAnusNecroAnus.label,add necro anus,label,Recipes_Surgery.xml,def,add necro <ALIMT >anus</ALIMT>,添加死灵胡肛门
MultiAnusNecroAnus.description,Adds a necro anus,description,Recipes_Surgery.xml,def,Adds a necro <ALIMT >anus</ALIMT>,添加死灵肛门
MultiAnusNecroAnus.jobString,Adding a necro anus,jobString,Recipes_Surgery.xml,def,Adding a necro <ALIMT >anus</ALIMT>,添加死灵肛门
AnalSurgeryNecroAnus.label,attach necro anus,label,Recipes_Surgery.xml,def,attach necro <ALIMT >anus</ALIMT>,拴上死灵胡肛门
AnalSurgeryNecroAnus.description,Attaches a necro anus,description,Recipes_Surgery.xml,def,Attaches a necro <ALIMT >anus</ALIMT>,绑定死灵肛门
AnalSurgeryNecroAnus.jobString,Attaching a necro anus,jobString,Recipes_Surgery.xml,def,Attaching a necro <ALIMT >anus</ALIMT>,绑定死灵肛门
MultiPenisElfPenis.label,add elf penis,label,Recipes_Surgery.xml,def,add <ALIMT >elf</ALIMT> <ALIMT >penis</ALIMT>,添加elfpenis
MultiPenisElfPenis.description,Adds an elf penis,description,Recipes_Surgery.xml,def,Adds an <ALIMT >elf</ALIMT> <ALIMT >penis</ALIMT>,添加一个elfpenis
MultiPenisElfPenis.jobString,Adding an elf penis,jobString,Recipes_Surgery.xml,def,Adding an <ALIMT >elf</ALIMT> <ALIMT >penis</ALIMT>,添加elfpenis
SexReassignmentPElfPenis.label,attach elf penis,label,Recipes_Surgery.xml,def,attach <ALIMT >elf</ALIMT> <ALIMT >penis</ALIMT>,附加elfpenis
SexReassignmentPElfPenis.description,Attaches an elf penis,description,Recipes_Surgery.xml,def,Attaches an <ALIMT >elf</ALIMT> <ALIMT >penis</ALIMT>,附上elfpenis
SexReassignmentPElfPenis.jobString,Attaching an elf penis,jobString,Recipes_Surgery.xml,def,Attaching an <ALIMT >elf</ALIMT> <ALIMT >penis</ALIMT>,附加一个elfpenis
MultiVaginaElfVagina.label,add elf vagina,label,Recipes_Surgery.xml,def,add <ALIMT >elf</ALIMT> <ALIMT >vagina</ALIMT>,添加elfvagina
MultiVaginaElfVagina.description,Adds an elf vagina,description,Recipes_Surgery.xml,def,Adds an <ALIMT >elf</ALIMT> <ALIMT >vagina</ALIMT>,添加一个elfvagina
MultiVaginaElfVagina.jobString,Adding an elf vagina,jobString,Recipes_Surgery.xml,def,Adding an <ALIMT >elf</ALIMT> <ALIMT >vagina</ALIMT>,添加elfvagina
SexReassignmentVElfVagina.label,attach elf vagina,label,Recipes_Surgery.xml,def,attach <ALIMT >elf</ALIMT> <ALIMT >vagina</ALIMT>,附加elfvagina
SexReassignmentVElfVagina.description,Attaches an elf vagina,description,Recipes_Surgery.xml,def,Attaches an <ALIMT >elf</ALIMT> <ALIMT >vagina</ALIMT>,附上elfvagina
SexReassignmentVElfVagina.jobString,Attaching an elf vagina,jobString,Recipes_Surgery.xml,def,Attaching an <ALIMT >elf</ALIMT> <ALIMT >vagina</ALIMT>,附加一个elfvagina
MultiAnusElfAnus.label,add elf anus,label,Recipes_Surgery.xml,def,add <ALIMT >elf</ALIMT> <ALIMT >anus</ALIMT>,添加elfanus
MultiAnusElfAnus.description,Adds an elf anus,description,Recipes_Surgery.xml,def,Adds an <ALIMT >elf</ALIMT> <ALIMT >anus</ALIMT>,添加一个elfanus
MultiAnusElfAnus.jobString,Adding an elf anus,jobString,Recipes_Surgery.xml,def,Adding an <ALIMT >elf</ALIMT> <ALIMT >anus</ALIMT>,添加elfanus
AnalSurgeryElfAnus.label,attach elf anus,label,Recipes_Surgery.xml,def,attach <ALIMT >elf</ALIMT> <ALIMT >anus</ALIMT>,附加elfanus
AnalSurgeryElfAnus.description,Attaches an elf anus,description,Recipes_Surgery.xml,def,Attaches an <ALIMT >elf</ALIMT> <ALIMT >anus</ALIMT>,附上elfanus
AnalSurgeryElfAnus.jobString,Attaching an elf anus,jobString,Recipes_Surgery.xml,def,Attaching an <ALIMT >elf</ALIMT> <ALIMT >anus</ALIMT>,附加一个elfanus
MultiPenisGolemPenis.label,add golem penis,label,Recipes_Surgery.xml,def,add golem <ALIMT >penis</ALIMT>,添加傀儡阳具/屌
MultiPenisGolemPenis.description,Adds a golem penis,description,Recipes_Surgery.xml,def,Adds a golem <ALIMT >penis</ALIMT>,添加傀儡阳具/屌
MultiPenisGolemPenis.jobString,Adding a golem penis,jobString,Recipes_Surgery.xml,def,Adding a golem <ALIMT >penis</ALIMT>,添加一个傀儡阳具/屌
SexReassignmentPGolemPenis.label,attach golem penis,label,Recipes_Surgery.xml,def,attach golem <ALIMT >penis</ALIMT>,附上傀儡阳具/屌
SexReassignmentPGolemPenis.description,Attaches a golem penis,description,Recipes_Surgery.xml,def,Attaches a golem <ALIMT >penis</ALIMT>,绑定一个傀儡阳具/屌
SexReassignmentPGolemPenis.jobString,Attaching a golem penis,jobString,Recipes_Surgery.xml,def,Attaching a golem <ALIMT >penis</ALIMT>,绑定一个傀儡阳具/屌
MultiPenisGhoulPenis.label,add ghoul penis,label,Recipes_Surgery.xml,def,add ghoul <ALIMT >penis</ALIMT>,添加食尸鬼阳具/屌
MultiPenisGhoulPenis.description,Adds an ghoul penis,description,Recipes_Surgery.xml,def,Adds an ghoul <ALIMT >penis</ALIMT>,添加食尸鬼阳具/屌
MultiPenisGhoulPenis.jobString,Adding an ghoul penis,jobString,Recipes_Surgery.xml,def,Adding an ghoul <ALIMT >penis</ALIMT>,添加食尸鬼阳具/屌
SexReassignmentPGhoulPenis.label,attach ghoul penis,label,Recipes_Surgery.xml,def,attach ghoul <ALIMT >penis</ALIMT>,附着食尸鬼阳具/屌
SexReassignmentPGhoulPenis.description,Attaches an ghoul penis,description,Recipes_Surgery.xml,def,Attaches an ghoul <ALIMT >penis</ALIMT>,附着一个食尸鬼阳具/屌
SexReassignmentPGhoulPenis.jobString,Attaching an ghoul penis,jobString,Recipes_Surgery.xml,def,Attaching an ghoul <ALIMT >penis</ALIMT>,附上食尸鬼阳具/屌
MultiVaginaGhoulVagina.label,add ghoul vagina,label,Recipes_Surgery.xml,def,add ghoul <ALIMT >vagina</ALIMT>,添加食尸鬼阴道
MultiVaginaGhoulVagina.description,Adds a ghoul vagina,description,Recipes_Surgery.xml,def,Adds a ghoul <ALIMT >vagina</ALIMT>,添加食尸鬼阴道
MultiVaginaGhoulVagina.jobString,Adding a ghoul vagina,jobString,Recipes_Surgery.xml,def,Adding a ghoul <ALIMT >vagina</ALIMT>,添加食尸鬼阴道
SexReassignmentVGhoulVagina.label,attach ghoul vagina,label,Recipes_Surgery.xml,def,attach ghoul <ALIMT >vagina</ALIMT>,附着食尸鬼阴道
SexReassignmentVGhoulVagina.description,Attaches a ghoul vagina,description,Recipes_Surgery.xml,def,Attaches a ghoul <ALIMT >vagina</ALIMT>,附着一个食尸鬼阴道
SexReassignmentVGhoulVagina.jobString,Attaching a ghoul vagina,jobString,Recipes_Surgery.xml,def,Attaching a ghoul <ALIMT >vagina</ALIMT>,附上食尸鬼阴道
MultiAnusGhoulAnus.label,add ghoul anus,label,Recipes_Surgery.xml,def,add ghoul <ALIMT >anus</ALIMT>,添加食尸鬼肛门
MultiAnusGhoulAnus.description,Adds a ghoul anus,description,Recipes_Surgery.xml,def,Adds a ghoul <ALIMT >anus</ALIMT>,添加食尸鬼肛门
MultiAnusGhoulAnus.jobString,Adding a ghoul anus,jobString,Recipes_Surgery.xml,def,Adding a ghoul <ALIMT >anus</ALIMT>,添加食尸鬼肛门
AnalSurgeryGhoulAnus.label,attach ghoul anus,label,Recipes_Surgery.xml,def,attach ghoul <ALIMT >anus</ALIMT>,附着食尸鬼肛门
AnalSurgeryGhoulAnus.description,Attaches a ghoul anus,description,Recipes_Surgery.xml,def,Attaches a ghoul <ALIMT >anus</ALIMT>,附着一个食尸鬼肛门
AnalSurgeryGhoulAnus.jobString,Attaching a ghoul anus,jobString,Recipes_Surgery.xml,def,Attaching a ghoul <ALIMT >anus</ALIMT>,附上食尸鬼肛门
MultiPenisOrcPenis.label,add orc penis,label,Recipes_Surgery.xml,def,add orc <ALIMT >penis</ALIMT>,添加兽人阳具/屌
MultiPenisOrcPenis.description,Adds an orc penis,description,Recipes_Surgery.xml,def,Adds an orc <ALIMT >penis</ALIMT>,添加兽人阳具/屌
MultiPenisOrcPenis.jobString,Adding an orc penis,jobString,Recipes_Surgery.xml,def,Adding an orc <ALIMT >penis</ALIMT>,添加兽人阳具/屌
SexReassignmentPOrcPenis.label,attach orc penis,label,Recipes_Surgery.xml,def,attach orc <ALIMT >penis</ALIMT>,附上兽人阳具/屌
SexReassignmentPOrcPenis.description,Attaches an orc penis,description,Recipes_Surgery.xml,def,Attaches an orc <ALIMT >penis</ALIMT>,发射兽人阳具/屌
SexReassignmentPOrcPenis.jobString,Attaching an orc penis,jobString,Recipes_Surgery.xml,def,Attaching an orc <ALIMT >penis</ALIMT>,发射兽人阳具/屌
MultiVaginaOrcVagina.label,add orc vagina,label,Recipes_Surgery.xml,def,add orc <ALIMT >vagina</ALIMT>,添加兽人阴道
MultiVaginaOrcVagina.description,Adds an orc vagina,description,Recipes_Surgery.xml,def,Adds an orc <ALIMT >vagina</ALIMT>,添加兽人阴道
MultiVaginaOrcVagina.jobString,Adding an orc vagina,jobString,Recipes_Surgery.xml,def,Adding an orc <ALIMT >vagina</ALIMT>,添加兽人阴道
SexReassignmentVOrcVagina.label,attach orc vagina,label,Recipes_Surgery.xml,def,attach orc <ALIMT >vagina</ALIMT>,附上兽人阴道
SexReassignmentVOrcVagina.description,Attaches an orc vagina,description,Recipes_Surgery.xml,def,Attaches an orc <ALIMT >vagina</ALIMT>,发射兽人阴道
SexReassignmentVOrcVagina.jobString,Attaching an orc vagina,jobString,Recipes_Surgery.xml,def,Attaching an orc <ALIMT >vagina</ALIMT>,发射兽人阴道
MultiAnusOrcAnus.label,add orc anus,label,Recipes_Surgery.xml,def,add orc <ALIMT >anus</ALIMT>,添加兽人肛门
MultiAnusOrcAnus.description,Adds an orc anus,description,Recipes_Surgery.xml,def,Adds an orc <ALIMT >anus</ALIMT>,添加兽人肛门
MultiAnusOrcAnus.jobString,Adding an orc anus,jobString,Recipes_Surgery.xml,def,Adding an orc <ALIMT >anus</ALIMT>,添加兽人肛门
AnalSurgeryOrcAnus.label,attach orc anus,label,Recipes_Surgery.xml,def,attach orc <ALIMT >anus</ALIMT>,附上兽人肛门
AnalSurgeryOrcAnus.description,Attaches an orc anus,description,Recipes_Surgery.xml,def,Attaches an orc <ALIMT >anus</ALIMT>,发射兽人肛门
AnalSurgeryOrcAnus.jobString,Attaching an orc anus,jobString,Recipes_Surgery.xml,def,Attaching an orc <ALIMT >anus</ALIMT>,发射兽人肛门
MultiPenisTreePenis.label,add bark penis,label,Recipes_Surgery.xml,def,add bark <ALIMT >penis</ALIMT>,加入树皮阳具/屌
MultiPenisTreePenis.description,Adds a wooden penis,description,Recipes_Surgery.xml,def,Adds a wooden <ALIMT >penis</ALIMT>,添加木材阳具/屌
MultiPenisTreePenis.jobString,Adding a wooden penis,jobString,Recipes_Surgery.xml,def,Adding a wooden <ALIMT >penis</ALIMT>,添加木材阳具/屌
SexReassignmentPTreePenis.label,attach bark penis,label,Recipes_Surgery.xml,def,attach bark <ALIMT >penis</ALIMT>,附着树皮阳具/屌
SexReassignmentPTreePenis.description,Attaches a wooden penis,description,Recipes_Surgery.xml,def,Attaches a wooden <ALIMT >penis</ALIMT>,连接木阳具/屌
SexReassignmentPTreePenis.jobString,Attaching a wooden penis,jobString,Recipes_Surgery.xml,def,Attaching a wooden <ALIMT >penis</ALIMT>,连接木阳具/屌
MultiVaginaTreeVagina.label,add bark vagina,label,Recipes_Surgery.xml,def,add bark <ALIMT >vagina</ALIMT>,加入树皮阴道
MultiVaginaTreeVagina.description,Adds a wooden vagina,description,Recipes_Surgery.xml,def,Adds a wooden <ALIMT >vagina</ALIMT>,添加木材阴道
MultiVaginaTreeVagina.jobString,Adding a wooden vagina,jobString,Recipes_Surgery.xml,def,Adding a wooden <ALIMT >vagina</ALIMT>,添加木材阴道
SexReassignmentVTreeVagina.label,attach bark vagina,label,Recipes_Surgery.xml,def,attach bark <ALIMT >vagina</ALIMT>,附着树皮阴道
SexReassignmentVTreeVagina.description,Attaches a wooden vagina,description,Recipes_Surgery.xml,def,Attaches a wooden <ALIMT >vagina</ALIMT>,连接木阴道
SexReassignmentVTreeVagina.jobString,Attaching a wooden vagina,jobString,Recipes_Surgery.xml,def,Attaching a wooden <ALIMT >vagina</ALIMT>,连接木阴道
MultiAnusTreeAnus.label,add bark anus,label,Recipes_Surgery.xml,def,add bark <ALIMT >anus</ALIMT>,加入树皮肛门
MultiAnusTreeAnus.description,Adds a wooden anus,description,Recipes_Surgery.xml,def,Adds a wooden <ALIMT >anus</ALIMT>,添加木材肛门
MultiAnusTreeAnus.jobString,Adding a wooden anus,jobString,Recipes_Surgery.xml,def,Adding a wooden <ALIMT >anus</ALIMT>,添加木材肛门
AnalSurgeryTreeAnus.label,attach bark anus,label,Recipes_Surgery.xml,def,attach bark <ALIMT >anus</ALIMT>,附着树皮肛门
AnalSurgeryTreeAnus.description,Attaches a wooden anus,description,Recipes_Surgery.xml,def,Attaches a wooden <ALIMT >anus</ALIMT>,连接木肛门
AnalSurgeryTreeAnus.jobString,Attaching a wooden anus,jobString,Recipes_Surgery.xml,def,Attaching a wooden <ALIMT >anus</ALIMT>,连接木肛门
MultiBreastMammalBreasts.label,add mammal breasts,label,Recipes_Surgery.xml,def,add mammal <ALIMT >breasts</ALIMT>,添加哺乳动物乳房
MultiBreastMammalBreasts.description,Adds a pair of mammalian breasts,description,Recipes_Surgery.xml,def,Adds a pair of mammalian <ALIMT >breasts</ALIMT>,添加一对哺乳类动物乳房
MultiBreastMammalBreasts.jobString,Adding a pair of mammalian breasts,jobString,Recipes_Surgery.xml,def,Adding a pair of mammalian <ALIMT >breasts</ALIMT>,添加一对哺乳类动物乳房
BreastSurgeryMammalBreasts.label,attach mammal breasts,label,Recipes_Surgery.xml,def,attach mammal <ALIMT >breasts</ALIMT>,附着哺乳动物乳房
BreastSurgeryMammalBreasts.description,Attaches a pair of mammalian breasts,description,Recipes_Surgery.xml,def,Attaches a pair of mammalian <ALIMT >breasts</ALIMT>,拴上一对哺乳类动物乳房
BreastSurgeryMammalBreasts.jobString,Attaching a pair of mammalian breasts,jobString,Recipes_Surgery.xml,def,Attaching a pair of mammalian <ALIMT >breasts</ALIMT>,拴上一对哺乳类动物乳房
MultiBreastGhostBreasts.label,add immaterial breasts,label,Recipes_Surgery.xml,def,add immaterial <ALIMT >breasts</ALIMT>,添加无形的乳房
MultiBreastGhostBreasts.description,Adds a pair of immaterial breasts,description,Recipes_Surgery.xml,def,Adds a pair of immaterial <ALIMT >breasts</ALIMT>,添加了一对无形的乳房
MultiBreastGhostBreasts.jobString,Adding a pair of immaterial breasts,jobString,Recipes_Surgery.xml,def,Adding a pair of immaterial <ALIMT >breasts</ALIMT>,添加一对无形的乳房
BreastSurgeryGhostBreasts.label,attach immaterial breasts,label,Recipes_Surgery.xml,def,attach immaterial <ALIMT >breasts</ALIMT>,无形地附着乳房
BreastSurgeryGhostBreasts.description,Attaches a pair of immaterial breasts,description,Recipes_Surgery.xml,def,Attaches a pair of immaterial <ALIMT >breasts</ALIMT>,附上一对无形的乳房
BreastSurgeryGhostBreasts.jobString,Attaching a pair of immaterial breasts,jobString,Recipes_Surgery.xml,def,Attaching a pair of immaterial <ALIMT >breasts</ALIMT>,拴上一对无形的乳房
MultiBreastCactoidBreasts.label,add cactoid breasts,label,Recipes_Surgery.xml,def,add cactoid <ALIMT >breasts</ALIMT>,添加可可豆乳房
MultiBreastCactoidBreasts.description,Adds a pair of cactoid breasts,description,Recipes_Surgery.xml,def,Adds a pair of cactoid <ALIMT >breasts</ALIMT>,添加一对可可豆乳房
MultiBreastCactoidBreasts.jobString,Adding a pair of cactoid breasts,jobString,Recipes_Surgery.xml,def,Adding a pair of cactoid <ALIMT >breasts</ALIMT>,加成乳房
BreastSurgeryCactoidBreasts.label,attach cactoid breasts,label,Recipes_Surgery.xml,def,attach cactoid <ALIMT >breasts</ALIMT>,附上可可豆乳房
BreastSurgeryCactoidBreasts.description,Attaches a pair of cactoid breasts,description,Recipes_Surgery.xml,def,Attaches a pair of cactoid <ALIMT >breasts</ALIMT>,附上一对计算机乳房
BreastSurgeryCactoidBreasts.jobString,Attaching a pair of cactoid breasts,jobString,Recipes_Surgery.xml,def,Attaching a pair of cactoid <ALIMT >breasts</ALIMT>,连接一对计算机乳房
MultiBreastGhoulBreasts.label,add irradiated breasts,label,Recipes_Surgery.xml,def,add irradiated <ALIMT >breasts</ALIMT>,添加辐射乳房
MultiBreastGhoulBreasts.description,Adds a pair of irradiated breasts,description,Recipes_Surgery.xml,def,Adds a pair of irradiated <ALIMT >breasts</ALIMT>,添加一对辐照乳房
MultiBreastGhoulBreasts.jobString,Adding a pair of irradiated breasts,jobString,Recipes_Surgery.xml,def,Adding a pair of irradiated <ALIMT >breasts</ALIMT>,添加一对辐照乳房
BreastSurgeryGhoulBreasts.label,attach irradiated breasts,label,Recipes_Surgery.xml,def,attach irradiated <ALIMT >breasts</ALIMT>,附着射线乳房
BreastSurgeryGhoulBreasts.description,Attaches a pair of irradiated breasts,description,Recipes_Surgery.xml,def,Attaches a pair of irradiated <ALIMT >breasts</ALIMT>,附上一对受照射的乳房
BreastSurgeryGhoulBreasts.jobString,Attaching a pair of irradiated breasts,jobString,Recipes_Surgery.xml,def,Attaching a pair of irradiated <ALIMT >breasts</ALIMT>,附上一对已辐射的乳房
MultiBreastNecroBreasts.label,add decayed breasts,label,Recipes_Surgery.xml,def,add decayed <ALIMT >breasts</ALIMT>,添加衰竭乳房
MultiBreastNecroBreasts.description,Adds A pair of decayed breasts,description,Recipes_Surgery.xml,def,Adds A pair of decayed <ALIMT >breasts</ALIMT>,添加一对衰竭乳房
MultiBreastNecroBreasts.jobString,Adding A pair of decayed breasts,jobString,Recipes_Surgery.xml,def,Adding A pair of decayed <ALIMT >breasts</ALIMT>,添加一对衰竭乳房
BreastSurgeryNecroBreasts.label,attach decayed breasts,label,Recipes_Surgery.xml,def,attach decayed <ALIMT >breasts</ALIMT>,连接衰竭乳房
BreastSurgeryNecroBreasts.description,Attaches A pair of decayed breasts,description,Recipes_Surgery.xml,def,Attaches A pair of decayed <ALIMT >breasts</ALIMT>,附上一对衰竭乳房
BreastSurgeryNecroBreasts.jobString,Attaching A pair of decayed breasts,jobString,Recipes_Surgery.xml,def,Attaching A pair of decayed <ALIMT >breasts</ALIMT>,附上一对腐烂的乳房
MultiBreastOrcBreasts.label,add orc breasts,label,Recipes_Surgery.xml,def,add orc <ALIMT >breasts</ALIMT>,添加兽人乳房
MultiBreastOrcBreasts.description,Adds a pair of orc breasts,description,Recipes_Surgery.xml,def,Adds a pair of orc <ALIMT >breasts</ALIMT>,添加一对兽人乳房
MultiBreastOrcBreasts.jobString,Adding a pair of orc breasts,jobString,Recipes_Surgery.xml,def,Adding a pair of orc <ALIMT >breasts</ALIMT>,添加一对兽人乳房
BreastSurgeryOrcBreasts.label,attach orc breasts,label,Recipes_Surgery.xml,def,attach orc <ALIMT >breasts</ALIMT>,附上兽人乳房
BreastSurgeryOrcBreasts.description,Attaches a pair of orc breasts,description,Recipes_Surgery.xml,def,Attaches a pair of orc <ALIMT >breasts</ALIMT>,发射一对兽人乳房
BreastSurgeryOrcBreasts.jobString,Attaching a pair of orc breasts,jobString,Recipes_Surgery.xml,def,Attaching a pair of orc <ALIMT >breasts</ALIMT>,绑定一对兽人乳房
MultiBreastScaleBreasts.label,add scaly breasts,label,Recipes_Surgery.xml,def,add scaly <ALIMT >breasts</ALIMT>,添加鳞片乳房
MultiBreastScaleBreasts.description,Adds a pair of scaly breasts,description,Recipes_Surgery.xml,def,Adds a pair of scaly <ALIMT >breasts</ALIMT>,添加了一对有鳞片的乳房
MultiBreastScaleBreasts.jobString,Adding a pair of scaly breasts,jobString,Recipes_Surgery.xml,def,Adding a pair of scaly <ALIMT >breasts</ALIMT>,添加一对有鳞片的乳房
BreastSurgeryScaleBreasts.label,attach scaly breasts,label,Recipes_Surgery.xml,def,attach scaly <ALIMT >breasts</ALIMT>,附着有鳞片的乳房
BreastSurgeryScaleBreasts.description,Attaches a pair of scaly breasts,description,Recipes_Surgery.xml,def,Attaches a pair of scaly <ALIMT >breasts</ALIMT>,附有一对鳞片乳房
BreastSurgeryScaleBreasts.jobString,Attaching a pair of scaly breasts,jobString,Recipes_Surgery.xml,def,Attaching a pair of scaly <ALIMT >breasts</ALIMT>,拴上一对有鳞片的乳房
MultiBreastTreeBreasts.label,add bark breasts,label,Recipes_Surgery.xml,def,add bark <ALIMT >breasts</ALIMT>,加入树皮乳房
MultiBreastTreeBreasts.description,Adds a pair of wooden breasts,description,Recipes_Surgery.xml,def,Adds a pair of wooden <ALIMT >breasts</ALIMT>,添加一对木乳房
MultiBreastTreeBreasts.jobString,Adding a pair of wooden breasts,jobString,Recipes_Surgery.xml,def,Adding a pair of wooden <ALIMT >breasts</ALIMT>,添加一对木乳房
BreastSurgeryTreeBreasts.label,attach bark breasts,label,Recipes_Surgery.xml,def,attach bark <ALIMT >breasts</ALIMT>,附着树皮乳房
BreastSurgeryTreeBreasts.description,Attaches a pair of wooden breasts,description,Recipes_Surgery.xml,def,Attaches a pair of wooden <ALIMT >breasts</ALIMT>,拴上一对木乳房
BreastSurgeryTreeBreasts.jobString,Attaching a pair of wooden breasts,jobString,Recipes_Surgery.xml,def,Attaching a pair of wooden <ALIMT >breasts</ALIMT>,拴上一对木乳房
MultiPenisGhostPenis.label,add immaterial penis,label,Recipes_Surgery.xml,def,add immaterial <ALIMT >penis</ALIMT>,添加无形的阳具/屌
MultiPenisGhostPenis.description,Adds an immaterial penis,description,Recipes_Surgery.xml,def,Adds an immaterial <ALIMT >penis</ALIMT>,添加非物质阳具/屌
MultiPenisGhostPenis.jobString,Adding an immaterial penis,jobString,Recipes_Surgery.xml,def,Adding an immaterial <ALIMT >penis</ALIMT>,添加非物质阳具/屌
SexReassignmentPGhostPenis.label,attach immaterial penis,label,Recipes_Surgery.xml,def,attach immaterial <ALIMT >penis</ALIMT>,无形地附着阳具/屌
SexReassignmentPGhostPenis.description,Attaches an immaterial penis,description,Recipes_Surgery.xml,def,Attaches an immaterial <ALIMT >penis</ALIMT>,附加一个无形的阳具/屌
SexReassignmentPGhostPenis.jobString,Attaching an immaterial penis,jobString,Recipes_Surgery.xml,def,Attaching an immaterial <ALIMT >penis</ALIMT>,附加无形材料阳具/屌
MultiVaginaGhostVagina.label,add immaterial vagina,label,Recipes_Surgery.xml,def,add immaterial <ALIMT >vagina</ALIMT>,添加无形的阴道
MultiVaginaGhostVagina.description,Adds an immaterial vagina,description,Recipes_Surgery.xml,def,Adds an immaterial <ALIMT >vagina</ALIMT>,添加非物质阴道
MultiVaginaGhostVagina.jobString,Adding an immaterial vagina,jobString,Recipes_Surgery.xml,def,Adding an immaterial <ALIMT >vagina</ALIMT>,添加非物质阴道
SexReassignmentVGhostVagina.label,attach immaterial vagina,label,Recipes_Surgery.xml,def,attach immaterial <ALIMT >vagina</ALIMT>,无形地附着阴道
SexReassignmentVGhostVagina.description,Attaches an immaterial vagina,description,Recipes_Surgery.xml,def,Attaches an immaterial <ALIMT >vagina</ALIMT>,附加一个无形的阴道
SexReassignmentVGhostVagina.jobString,Attaching an immaterial vagina,jobString,Recipes_Surgery.xml,def,Attaching an immaterial <ALIMT >vagina</ALIMT>,附加无形材料阴道
MultiAnusGhostAnus.label,add immaterial anus,label,Recipes_Surgery.xml,def,add immaterial <ALIMT >anus</ALIMT>,添加无形的肛门
MultiAnusGhostAnus.description,Adds an immaterial anus,description,Recipes_Surgery.xml,def,Adds an immaterial <ALIMT >anus</ALIMT>,添加非物质肛门
MultiAnusGhostAnus.jobString,Adding an immaterial anus,jobString,Recipes_Surgery.xml,def,Adding an immaterial <ALIMT >anus</ALIMT>,添加非物质肛门
AnalSurgeryGhostAnus.label,attach immaterial anus,label,Recipes_Surgery.xml,def,attach immaterial <ALIMT >anus</ALIMT>,无形地附着肛门
AnalSurgeryGhostAnus.description,Attaches an immaterial anus,description,Recipes_Surgery.xml,def,Attaches an immaterial <ALIMT >anus</ALIMT>,附加一个无形的肛门
AnalSurgeryGhostAnus.jobString,Attaching an immaterial anus,jobString,Recipes_Surgery.xml,def,Attaching an immaterial <ALIMT >anus</ALIMT>,附加无形材料肛门
MultiVaginaDemonTentaclesF.label,add demon tentacle,label,Recipes_Surgery.xml,def,add demon <ALIMT >tentacle</ALIMT>,添加恶魔触手
MultiVaginaDemonTentaclesF.description,Adds a female demon tentacle,description,Recipes_Surgery.xml,def,Adds a female demon <ALIMT >tentacle</ALIMT>,添加一个母魔触手
MultiVaginaDemonTentaclesF.jobString,Adding a female demon tentacle,jobString,Recipes_Surgery.xml,def,Adding a female demon <ALIMT >tentacle</ALIMT>,添加一个母魔触手
SexReassignmentVDemonTentaclesF.label,attach demon tentacle,label,Recipes_Surgery.xml,def,attach demon <ALIMT >tentacle</ALIMT>,附着恶魔触手
SexReassignmentVDemonTentaclesF.description,Attaches a female demon tentacle,description,Recipes_Surgery.xml,def,Attaches a female demon <ALIMT >tentacle</ALIMT>,附上一个母魔触手
SexReassignmentVDemonTentaclesF.jobString,Attaching a female demon tentacle,jobString,Recipes_Surgery.xml,def,Attaching a female demon <ALIMT >tentacle</ALIMT>,附上一个母魔触手
MultiPenisBioferritePenis.label,add bioferrite penis,label,Recipes_Surgery.xml,def,add bioferrite <ALIMT >penis</ALIMT>,添加活铁阳具/屌
MultiPenisBioferritePenis.description,Adds a bioferrite penis,description,Recipes_Surgery.xml,def,Adds a bioferrite <ALIMT >penis</ALIMT>,添加活铁阳具/屌
MultiPenisBioferritePenis.jobString,Adding a bioferrite penis,jobString,Recipes_Surgery.xml,def,Adding a bioferrite <ALIMT >penis</ALIMT>,添加活铁阳具/屌
SexReassignmentPBioferritePenis.label,attach bioferrite penis,label,Recipes_Surgery.xml,def,attach bioferrite <ALIMT >penis</ALIMT>,附着活铁阳具/屌
SexReassignmentPBioferritePenis.description,Attaches a bioferrite penis,description,Recipes_Surgery.xml,def,Attaches a bioferrite <ALIMT >penis</ALIMT>,附着有活铁阳具/屌
SexReassignmentPBioferritePenis.jobString,Attaching a bioferrite penis,jobString,Recipes_Surgery.xml,def,Attaching a bioferrite <ALIMT >penis</ALIMT>,附着活铁阳具/屌
MultiVaginaBioferriteVagina.label,add bioferrite vagina,label,Recipes_Surgery.xml,def,add bioferrite <ALIMT >vagina</ALIMT>,添加活铁阴道
MultiVaginaBioferriteVagina.description,Adds a bioferrite vagina,description,Recipes_Surgery.xml,def,Adds a bioferrite <ALIMT >vagina</ALIMT>,添加活铁阴道
MultiVaginaBioferriteVagina.jobString,Adding a bioferrite vagina,jobString,Recipes_Surgery.xml,def,Adding a bioferrite <ALIMT >vagina</ALIMT>,添加活铁阴道
SexReassignmentVBioferriteVagina.label,attach bioferrite vagina,label,Recipes_Surgery.xml,def,attach bioferrite <ALIMT >vagina</ALIMT>,附着活铁阴道
SexReassignmentVBioferriteVagina.description,Attaches a bioferrite vagina,description,Recipes_Surgery.xml,def,Attaches a bioferrite <ALIMT >vagina</ALIMT>,附着有活铁阴道
SexReassignmentVBioferriteVagina.jobString,Attaching a bioferrite vagina,jobString,Recipes_Surgery.xml,def,Attaching a bioferrite <ALIMT >vagina</ALIMT>,附着活铁阴道
MultiAnusBioferriteAnus.label,add bioferrite anus,label,Recipes_Surgery.xml,def,add bioferrite <ALIMT >anus</ALIMT>,添加活铁肛门
MultiAnusBioferriteAnus.description,Adds a bioferrite anus,description,Recipes_Surgery.xml,def,Adds a bioferrite <ALIMT >anus</ALIMT>,添加活铁肛门
MultiAnusBioferriteAnus.jobString,Adding a bioferrite anus,jobString,Recipes_Surgery.xml,def,Adding a bioferrite <ALIMT >anus</ALIMT>,添加活铁肛门
AnalSurgeryBioferriteAnus.label,attach bioferrite anus,label,Recipes_Surgery.xml,def,attach bioferrite <ALIMT >anus</ALIMT>,附着活铁肛门
AnalSurgeryBioferriteAnus.description,Attaches a bioferrite anus,description,Recipes_Surgery.xml,def,Attaches a bioferrite <ALIMT >anus</ALIMT>,附着有活铁肛门
AnalSurgeryBioferriteAnus.jobString,Attaching a bioferrite anus,jobString,Recipes_Surgery.xml,def,Attaching a bioferrite <ALIMT >anus</ALIMT>,附着活铁肛门
BioferriteBreasts.label,bioferrite breasts,label,Hediffs_PrivateParts\Hediffs_Anomaly.xml,def,bioferrite <ALIMT >breasts</ALIMT>,活铁乳房
BioferriteBreasts.labelNoun,a pair of bioferrite breasts,labelNoun,Hediffs_PrivateParts\Hediffs_Anomaly.xml,def,a pair of bioferrite <ALIMT >breasts</ALIMT>,一对活铁乳房
BioferriteBreasts.description,"A pair of breasts made of a strange, metallic-organic fibrous substance. They possess an unsettling shimmer and a subtle psychic resonance, feeling both firm and strangely yielding to the touch. Their surface might display faint, shifting patterns, hinting at the chaotic mechanite processes within.",description,Hediffs_PrivateParts\Hediffs_Anomaly.xml,def,"A pair of <ALIMT >breasts</ALIMT> made of a strange, metallic-organic fibrous substance. They possess an unsettling shimmer and a subtle psychic resonance, feeling both firm and strangely yielding to the <ALIMT >touch</ALIMT>. Their surface might display faint, shifting patterns, hinting at the chaotic mechanite processes within.",一对乳房由金属有机纤维物质制成。他们闪着令人不安的微光和微弱的心灵共鸣，对触摸没有。它们的表面可能显示出微弱的、不断变化的模式，暗示着内部混乱的机械过程。
BioferritePenis.label,bioferrite penis,label,Hediffs_PrivateParts\Hediffs_Anomaly.xml,def,bioferrite <ALIMT >penis</ALIMT>,活铁阳具/屌
BioferritePenis.labelNoun,an bioferrite penis,labelNoun,Hediffs_PrivateParts\Hediffs_Anomaly.xml,def,an bioferrite <ALIMT >penis</ALIMT>,活铁阳具/屌
BioferritePenis.description,"An exotic penis composed of bioferrite, a fibrous substance with both organic and metallic properties. Its shaft has a peculiar, almost segmented texture, and it feels strangely warm and cool to the touch. Subtle psychic flows can cause a faint, unsettling vibration during arousal, and its chaotic, cancer-like formation gives it an unnaturally perfect, yet alien, symmetry.",description,Hediffs_PrivateParts\Hediffs_Anomaly.xml,def,"An exotic <ALIMT >penis</ALIMT> composed of bioferrite, a fibrous substance with both organic and metallic properties. Its shaft has a peculiar, almost segmented texture, and it feels strangely warm and cool to the <ALIMT >touch</ALIMT>. Subtle psychic flows can cause a faint, unsettling vibration during <ALIMT >arousal</ALIMT>, and its chaotic, cancer-like formation gives it an unnaturally perfect, yet alien, symmetry.","异国情调的阳具/屌由活铁构成，活铁是一种兼具有机物和金属特性的纤维物质。它的杆身拥有一种奇特的、几乎是分段的质地，给人一种奇怪的温暖和凉爽的感觉触摸没有。微小的灵流会引起微弱的、不安的震动性兴奋,而它混乱的、癌症般的构造使它拥有了异常完美但又陌生的对称。"
BioferriteVagina.label,bioferrite vagina,label,Hediffs_PrivateParts\Hediffs_Anomaly.xml,def,bioferrite <ALIMT >vagina</ALIMT>,活铁阴道
BioferriteVagina.labelNoun,an bioferrite vagina,labelNoun,Hediffs_PrivateParts\Hediffs_Anomaly.xml,def,an bioferrite <ALIMT >vagina</ALIMT>,活铁阴道
BioferriteVagina.description,"An exotic vagina crafted from bioferrite, a unique material blending organic and metallic traits. Its inner folds possess a peculiar, almost shifting texture, and it seems to subtly resonate with psychic energies during penetration. The chaotic, cancer-like process of its creation by mechanites has resulted in a form that is both alien and alluring, providing an unnerving yet intense sensation.",description,Hediffs_PrivateParts\Hediffs_Anomaly.xml,def,"An exotic <ALIMT >vagina</ALIMT> crafted from bioferrite, a unique material blending organic and metallic traits. Its inner folds possess a peculiar, almost shifting texture, and it seems to subtly resonate with psychic energies during <ALIMT >penetration</ALIMT>. The chaotic, cancer-like process of its creation by mechanites has resulted in a form that is both alien and alluring, providing an unnerving yet intense sensation.",异国情调的阴道由活铁精心制作而成，活铁是一种融合了有机物与金属特性的独特材料。它的内部褶皱拥有一种奇特的、几乎在变的结构，它似乎与心灵能量巧妙地共鸣插入没有。由纳米机械创造的混乱的、类似癌症的过程导致了一种既陌生又诱人的形式，提供了一种紧张而强烈的感觉。
BioferriteAnus.label,bioferrite anus,label,Hediffs_PrivateParts\Hediffs_Anomaly.xml,def,bioferrite <ALIMT >anus</ALIMT>,活铁肛门
BioferriteAnus.labelNoun,an bioferrite anus,labelNoun,Hediffs_PrivateParts\Hediffs_Anomaly.xml,def,an bioferrite <ALIMT >anus</ALIMT>,活铁肛门
BioferriteAnus.description,"An exotic anus made of bioferrite, an unusual substance possessing both organic and metallic characteristics. Its sphincter is remarkably resilient yet surprisingly flexible, and it can feel unnervingly responsive to psychic influence. The chaotic growth patterns of mechanites during its formation have given it a distinct, almost crystalline structure, offering a unique and intense experience.",description,Hediffs_PrivateParts\Hediffs_Anomaly.xml,def,"An exotic <ALIMT >anus</ALIMT> made of bioferrite, an unusual substance possessing both organic and metallic characteristics. Its sphincter is remarkably resilient yet surprisingly flexible, and it can feel unnervingly responsive to psychic influence. The chaotic growth patterns of mechanites during its formation have given it a distinct, almost crystalline structure, offering a unique and intense experience.",异国情调的肛门由活铁 (一种兼具有机物和金属特性的异常物质) 制成。它的括约肌非常有弹性，但却出奇的柔韧，它能对心灵影响做出不稳定的反应。纳米机械在形成过程中混乱的生长模式使它获得了明显的、几乎是结晶的结构，提供了一种独特而强烈的体验。
GenitalDud.label,genital dud,label,Hediffs_PrivateParts\Hediffs_Dud.xml,def,genital dud,生殖性哑巴
GenitalDud.labelNoun,genital dud,labelNoun,Hediffs_PrivateParts\Hediffs_Dud.xml,def,genital dud,生殖性哑巴
GenitalDud.description,"An fake genitals intended to dissapear from herm pawns swiftly after pawn generated to leave them either pure female or male, you also aren't supposed to see this, so turn off dev mode or don't pay attention.",description,Hediffs_PrivateParts\Hediffs_Dud.xml,def,"An fake genitals intended to dissapear from herm pawns swiftly after <ALIMT >(PH_1)</ALIMT> generated to leave them either pure female or male, you also aren't supposed to see this, so turn off dev mode or don't pay attention.",一个假生殖器，意图在其后迅速从巢卒身上消失。pawn为了让他们成为纯洁的女性或男性，你也不应该看到这一点，所以关闭开发模式或者不要注意。
GenitalDud.stages.0.label,Nan.,label,Hediffs_PrivateParts\Hediffs_Dud.xml,def,Nan.,南。
BearPenis.label,bear penis,label,Hediffs_PrivateParts\Hediffs_Earth_Animals.xml,def,bear <ALIMT >penis</ALIMT>,熊阳具/屌
BearPenis.labelNoun,a bear penis,labelNoun,Hediffs_PrivateParts\Hediffs_Earth_Animals.xml,def,a bear <ALIMT >penis</ALIMT>,一只熊阳具/屌
BearPenis.description,A small penis supported by a bone.,description,Hediffs_PrivateParts\Hediffs_Earth_Animals.xml,def,A <ALIMT >small <ALIMT >penis</ALIMT></ALIMT> supported by a bone.,Asmall <ALIMT >阳具/屌</ALIMT> 用一根骨头支撑。
BovinePenis.label,bovine penis,label,Hediffs_PrivateParts\Hediffs_Earth_Animals.xml,def,bovine <ALIMT >penis</ALIMT>,牛阳具/屌
BovinePenis.labelNoun,a bovine penis,labelNoun,Hediffs_PrivateParts\Hediffs_Earth_Animals.xml,def,a bovine <ALIMT >penis</ALIMT>,一只牛阳具/屌
BovinePenis.description,A rather long but thin penis with large testicles.,description,Hediffs_PrivateParts\Hediffs_Earth_Animals.xml,def,A rather long but thin <ALIMT >penis</ALIMT> with large <ALIMT >testicles</ALIMT>.,一个相当长但纤细的阳具/屌大睾丸/蛋蛋没有。
BovineVagina.label,bovine vagina,label,Hediffs_PrivateParts\Hediffs_Earth_Animals.xml,def,bovine <ALIMT >vagina</ALIMT>,牛阴道
BovineVagina.labelNoun,a bovine vagina,labelNoun,Hediffs_PrivateParts\Hediffs_Earth_Animals.xml,def,a bovine <ALIMT >vagina</ALIMT>,一只牛阴道
BovineVagina.description,"A rather thin and deep vagina, likely belonging to a large mammal.",description,Hediffs_PrivateParts\Hediffs_Earth_Animals.xml,def,"A rather thin and deep <ALIMT >vagina</ALIMT>, likely belonging to a large mammal.","较薄和深阴道,很可能属于一种大型哺乳动物。"
DogAnus.label,dog anus,label,Hediffs_PrivateParts\Hediffs_Earth_Animals.xml,def,dog <ALIMT >anus</ALIMT>,狗肛门
DogAnus.labelNoun,a dog anus,labelNoun,Hediffs_PrivateParts\Hediffs_Earth_Animals.xml,def,a dog <ALIMT >anus</ALIMT>,一只狗肛门
DogAnus.description,A canine anus.,description,Hediffs_PrivateParts\Hediffs_Earth_Animals.xml,def,A canine <ALIMT >anus</ALIMT>.,犬科动物肛门没有。
ElephantPenis.label,elephant penis,label,Hediffs_PrivateParts\Hediffs_Earth_Animals.xml,def,elephant <ALIMT >penis</ALIMT>,象阳具/屌
ElephantPenis.labelNoun,an elephant penis,labelNoun,Hediffs_PrivateParts\Hediffs_Earth_Animals.xml,def,an elephant <ALIMT >penis</ALIMT>,一只大象阳具/屌
ElephantPenis.description,A large and flexible prehensile penis.,description,Hediffs_PrivateParts\Hediffs_Earth_Animals.xml,def,A large and flexible prehensile <ALIMT >penis</ALIMT>.,一种大型的、灵活的可接受的武器阳具/屌没有。
ElephantVagina.label,elephant vagina,label,Hediffs_PrivateParts\Hediffs_Earth_Animals.xml,def,elephant <ALIMT >vagina</ALIMT>,象阴道
ElephantVagina.labelNoun,an elephant vagina,labelNoun,Hediffs_PrivateParts\Hediffs_Earth_Animals.xml,def,an elephant <ALIMT >vagina</ALIMT>,一只大象阴道
ElephantVagina.description,The deep vagina of a female elephant.,description,Hediffs_PrivateParts\Hediffs_Earth_Animals.xml,def,The deep <ALIMT >vagina</ALIMT> of a female elephant.,深邃的阴道母象的后代。
FelineAnus.label,feline anus,label,Hediffs_PrivateParts\Hediffs_Earth_Animals.xml,def,feline <ALIMT >anus</ALIMT>,猫科动物肛门
FelineAnus.labelNoun,a feline anus,labelNoun,Hediffs_PrivateParts\Hediffs_Earth_Animals.xml,def,a feline <ALIMT >anus</ALIMT>,一只猫科动物肛门
FelineAnus.description,A feline anus.,description,Hediffs_PrivateParts\Hediffs_Earth_Animals.xml,def,A feline <ALIMT >anus</ALIMT>.,一只猫科动物肛门没有。
MonkeyPenis.label,monkey penis,label,Hediffs_PrivateParts\Hediffs_Earth_Animals.xml,def,monkey <ALIMT >penis</ALIMT>,猴类阳具/屌
MonkeyPenis.labelNoun,a monkey penis,labelNoun,Hediffs_PrivateParts\Hediffs_Earth_Animals.xml,def,a monkey <ALIMT >penis</ALIMT>,一只猴子阳具/屌
MonkeyPenis.description,"A very thin, but otherwise humanoid-looking penis.",description,Hediffs_PrivateParts\Hediffs_Earth_Animals.xml,def,"A very thin, but otherwise humanoid-looking <ALIMT >penis</ALIMT>.",一个非常纤细，但看起来像人形的人阳具/屌没有。
PigPenis.label,pig penis,label,Hediffs_PrivateParts\Hediffs_Earth_Animals.xml,def,<ALIMT >pig</ALIMT> <ALIMT >penis</ALIMT>,任何猪属动物。 阳具/屌
PigPenis.labelNoun,a pig penis,labelNoun,Hediffs_PrivateParts\Hediffs_Earth_Animals.xml,def,a <ALIMT >pig</ALIMT> <ALIMT >penis</ALIMT>,apigpenis
PigPenis.description,A corkscrew shaped penis.,description,Hediffs_PrivateParts\Hediffs_Earth_Animals.xml,def,A corkscrew shaped <ALIMT >penis</ALIMT>.,螺旋形阳具/屌没有。
PigVagina.label,pig vagina,label,Hediffs_PrivateParts\Hediffs_Earth_Animals.xml,def,<ALIMT >pig</ALIMT> <ALIMT >vagina</ALIMT>,任何猪属动物。 阴道
PigVagina.labelNoun,a pig vagina,labelNoun,Hediffs_PrivateParts\Hediffs_Earth_Animals.xml,def,a <ALIMT >pig</ALIMT> <ALIMT >vagina</ALIMT>,apigvagina
PigVagina.description,The foldy vagina of a female pig.,description,Hediffs_PrivateParts\Hediffs_Earth_Animals.xml,def,The foldy <ALIMT >vagina</ALIMT> of a female <ALIMT >pig</ALIMT>.,部落部落阴道雌性任何猪属动物。没有。
CervineAnus.label,cervine anus,label,Hediffs_PrivateParts\Hediffs_Earth_Animals.xml,def,cervine <ALIMT >anus</ALIMT>,塞文肛门
CervineAnus.labelNoun,a deer anus,labelNoun,Hediffs_PrivateParts\Hediffs_Earth_Animals.xml,def,a <ALIMT >deer</ALIMT> <ALIMT >anus</ALIMT>,adeeranus
CervineAnus.description,A deer's anus.,description,Hediffs_PrivateParts\Hediffs_Earth_Animals.xml,def,A <ALIMT >deer</ALIMT>'s <ALIMT >anus</ALIMT>.,Adeer的肛门没有。
HorseAnus.label,equine anus,label,Hediffs_PrivateParts\Hediffs_Earth_Animals.xml,def,equine <ALIMT >anus</ALIMT>,马肛门
HorseAnus.labelNoun,an quine anus,labelNoun,Hediffs_PrivateParts\Hediffs_Earth_Animals.xml,def,an quine <ALIMT >anus</ALIMT>,一个 quanus
HorseAnus.description,An anus shaped like a doughnut.,description,Hediffs_PrivateParts\Hediffs_Earth_Animals.xml,def,An <ALIMT >anus</ALIMT> shaped like a doughnut.,一个肛门甜甜圈的形状。
HyenaVagina.label,hyena pseudo-penis,label,Hediffs_PrivateParts\Hediffs_Earth_Animals.xml,def,hyena pseudo-<ALIMT >penis</ALIMT>,鬣狗超凡阳具/屌
HyenaVagina.labelNoun,a hyena pseudo-penis,labelNoun,Hediffs_PrivateParts\Hediffs_Earth_Animals.xml,def,a hyena pseudo-<ALIMT >penis</ALIMT>,一个假鬣狗阳具/屌
HyenaVagina.description,"The clitoris of the female spotted hyena is enlarged into a pseudo-penis, through which the female urinates and reproduces. It can even get erect!",description,Hediffs_PrivateParts\Hediffs_Earth_Animals.xml,def,"The <ALIMT >clitoris</ALIMT> of the female spotted hyena is enlarged into a pseudo-<ALIMT >penis</ALIMT>, through which the female urinates and reproduces. It can even get erect!","该阴核有少量雌性斑点鬣狗被扩大成假阳具/屌,雌性动物通过它排泄和繁殖。它甚至会直立!"
MarinePenis.label,marine penis,label,Hediffs_PrivateParts\Hediffs_Earth_Animals.xml,def,marine <ALIMT >penis</ALIMT>,陆战队员阳具/屌
MarinePenis.labelNoun,a marine mammal penis,labelNoun,Hediffs_PrivateParts\Hediffs_Earth_Animals.xml,def,a marine mammal <ALIMT >penis</ALIMT>,一种海洋哺乳动物阳具/屌
MarinePenis.description,"A girthy, retractable penis that tapers to a point; it likely belongs to a seal, walrus, or hippo.",description,Hediffs_PrivateParts\Hediffs_Earth_Animals.xml,def,"A girthy, <ALIMT >retractable <ALIMT >penis</ALIMT></ALIMT> that tapers to a point; it likely belongs to a seal, walrus, or hippo.","一个少女时代,retractable <ALIMT >阳具/屌</ALIMT> 它逐渐变细了一点; 它很可能是属于海豹、海象或河马的。"
MarineVagina.label,marine vagina,label,Hediffs_PrivateParts\Hediffs_Earth_Animals.xml,def,marine <ALIMT >vagina</ALIMT>,陆战队员阴道
MarineVagina.labelNoun,a marine mammal vagina,labelNoun,Hediffs_PrivateParts\Hediffs_Earth_Animals.xml,def,a marine mammal <ALIMT >vagina</ALIMT>,一种海洋哺乳动物阴道
MarineVagina.description,A slippery vagina.,description,Hediffs_PrivateParts\Hediffs_Earth_Animals.xml,def,A slippery <ALIMT >vagina</ALIMT>.,光滑的阴道没有。
TurtlePenis.label,turtle penis,label,Hediffs_PrivateParts\Hediffs_Earth_Animals.xml,def,turtle <ALIMT >penis</ALIMT>,龟阳具/屌
TurtlePenis.labelNoun,a turtle penis,labelNoun,Hediffs_PrivateParts\Hediffs_Earth_Animals.xml,def,a turtle <ALIMT >penis</ALIMT>,一只龟阳具/屌
TurtlePenis.description,A large penis with a huge flare at the tip.,description,Hediffs_PrivateParts\Hediffs_Earth_Animals.xml,def,A large <ALIMT >penis</ALIMT> with a huge flare at the tip.,一个大阳具/屌尖端有巨大的照明弹。
TentaclePenis.label,tentacles,label,Hediffs_PrivateParts\Hediffs_Exotic.xml,def,tentacles,触手
TentaclePenis.labelNoun,reproductive tentacles,labelNoun,Hediffs_PrivateParts\Hediffs_Exotic.xml,def,reproductive tentacles,生殖触手
TentaclePenis.description,"A mass of tentacle-like penises, capable of both restraining and pleasuring.",description,Hediffs_PrivateParts\Hediffs_Exotic.xml,def,"A mass of <ALIMT >tentacle</ALIMT>-like penises, capable of both restraining and pleasuring.",大量的触手-比如阴茎，同时具有抑制和愉悦的能力。
DemonTentaclesF.label,demon tentacle,label,Hediffs_PrivateParts\Hediffs_Exotic.xml,def,demon <ALIMT >tentacle</ALIMT>,恶魔触手
DemonTentaclesF.labelNoun,a female demon tentacle,labelNoun,Hediffs_PrivateParts\Hediffs_Exotic.xml,def,a female demon <ALIMT >tentacle</ALIMT>,一个母魔触手
DemonTentaclesF.description,"A long and flexible tentacle, capable of laying eggs.",description,Hediffs_PrivateParts\Hediffs_Exotic.xml,def,"A long and flexible <ALIMT >tentacle</ALIMT>, capable of laying eggs.","一个长而柔韧的触手,能够产卵。"
GolemPenis.label,golem penis,label,Hediffs_PrivateParts\Hediffs_Exotic.xml,def,golem <ALIMT >penis</ALIMT>,魔人阳具/屌
GolemPenis.labelNoun,a golem penis,labelNoun,Hediffs_PrivateParts\Hediffs_Exotic.xml,def,a golem <ALIMT >penis</ALIMT>,一个傀儡阳具/屌
GolemPenis.description,A rough and jagged stone-like penis.,description,Hediffs_PrivateParts\Hediffs_Exotic.xml,def,A rough and jagged stone-like <ALIMT >penis</ALIMT>.,粗糙锯齿状的岩石阳具/屌没有。
MammalBreasts.label,mammal breasts,label,Hediffs_PrivateParts\Hediffs_Generic.xml,def,mammal <ALIMT >breasts</ALIMT>,哺乳动物乳房
MammalBreasts.labelNoun,a pair of mammalian breasts,labelNoun,Hediffs_PrivateParts\Hediffs_Generic.xml,def,a pair of mammalian <ALIMT >breasts</ALIMT>,一对哺乳类动物乳房
MammalBreasts.description,A group of breasts/nipples that mammals use to suckle their young.,description,Hediffs_PrivateParts\Hediffs_Generic.xml,def,A group of <ALIMT >breasts</ALIMT>/<ALIMT >nipples</ALIMT> that mammals use to suckle their young.,一群乳房/乳头哺乳动物用来哺育幼崽的工具。
MammalPenis.label,mammal penis,label,Hediffs_PrivateParts\Hediffs_Generic.xml,def,mammal <ALIMT >penis</ALIMT>,哺乳动物阳具/屌
MammalPenis.labelNoun,a mammalian penis,labelNoun,Hediffs_PrivateParts\Hediffs_Generic.xml,def,a mammalian <ALIMT >penis</ALIMT>,一只哺乳类动物阳具/屌
MammalPenis.description,A generic mammalian animal's penis.,description,Hediffs_PrivateParts\Hediffs_Generic.xml,def,A generic mammalian animal's <ALIMT >penis</ALIMT>.,一只普通的哺乳类动物阳具/屌没有。
MammalVagina.label,mammal vagina,label,Hediffs_PrivateParts\Hediffs_Generic.xml,def,mammal <ALIMT >vagina</ALIMT>,哺乳动物阴道
MammalVagina.labelNoun,a mammalian vagina,labelNoun,Hediffs_PrivateParts\Hediffs_Generic.xml,def,a mammalian <ALIMT >vagina</ALIMT>,一只哺乳类动物阴道
MammalVagina.description,A generic vagina that probably belongs to some mammal.,description,Hediffs_PrivateParts\Hediffs_Generic.xml,def,A generic <ALIMT >vagina</ALIMT> that probably belongs to some mammal.,一个通用的阴道那可能是属于某个哺乳动物的。
MammalAnus.label,mammal anus,label,Hediffs_PrivateParts\Hediffs_Generic.xml,def,mammal <ALIMT >anus</ALIMT>,哺乳动物肛门
MammalAnus.labelNoun,a mammalian anus,labelNoun,Hediffs_PrivateParts\Hediffs_Generic.xml,def,a mammalian <ALIMT >anus</ALIMT>,一只哺乳类动物肛门
MammalAnus.description,A generic mammalian animal's anus.,description,Hediffs_PrivateParts\Hediffs_Generic.xml,def,A generic mammalian animal's <ALIMT >anus</ALIMT>.,一只普通的哺乳类动物肛门没有。
ElfPenis.label,elf penis,label,Hediffs_PrivateParts\Hediffs_Humanlike.xml,def,<ALIMT >elf</ALIMT> <ALIMT >penis</ALIMT>,精灵🧝‍♀️ 阳具/屌
ElfPenis.labelNoun,an elf penis,labelNoun,Hediffs_PrivateParts\Hediffs_Humanlike.xml,def,an <ALIMT >elf</ALIMT> <ALIMT >penis</ALIMT>,一个elfpenis
ElfPenis.description,A thinner and longer humanlike penis. Is that glitter?,description,Hediffs_PrivateParts\Hediffs_Humanlike.xml,def,A thinner and longer humanlike <ALIMT >penis</ALIMT>. Is that glitter?,更纤细、更健壮的人类阳具/屌没有。那是闪光吗？
ElfVagina.label,elf vagina,label,Hediffs_PrivateParts\Hediffs_Humanlike.xml,def,<ALIMT >elf</ALIMT> <ALIMT >vagina</ALIMT>,精灵🧝‍♀️ 阴道
ElfVagina.labelNoun,an elf vagina,labelNoun,Hediffs_PrivateParts\Hediffs_Humanlike.xml,def,an <ALIMT >elf</ALIMT> <ALIMT >vagina</ALIMT>,一个elfvagina
ElfVagina.description,A tighter humanlike vagina. Tastes like oranges.,description,Hediffs_PrivateParts\Hediffs_Humanlike.xml,def,A tighter humanlike <ALIMT >vagina</ALIMT>. Tastes like oranges.,更紧密的人类阴道没有。尝起来像橘子。
ElfAnus.label,elf anus,label,Hediffs_PrivateParts\Hediffs_Humanlike.xml,def,<ALIMT >elf</ALIMT> <ALIMT >anus</ALIMT>,精灵🧝‍♀️ 肛门
ElfAnus.labelNoun,an elf anus,labelNoun,Hediffs_PrivateParts\Hediffs_Humanlike.xml,def,an <ALIMT >elf</ALIMT> <ALIMT >anus</ALIMT>,一个elfanus
ElfAnus.description,A tighter humanlike anus. Smells of flowers.,description,Hediffs_PrivateParts\Hediffs_Humanlike.xml,def,A tighter humanlike <ALIMT >anus</ALIMT>. Smells of flowers.,更紧密的人类肛门没有。花香。
OrcBreasts.label,orc breasts,label,Hediffs_PrivateParts\Hediffs_Humanlike.xml,def,orc <ALIMT >breasts</ALIMT>,兽人乳房
OrcBreasts.labelNoun,a pair of orc breasts,labelNoun,Hediffs_PrivateParts\Hediffs_Humanlike.xml,def,a pair of orc <ALIMT >breasts</ALIMT>,一对兽人乳房
OrcBreasts.description,A pair of humanlike breasts that sag greatly.,description,Hediffs_PrivateParts\Hediffs_Humanlike.xml,def,A pair of humanlike <ALIMT >breasts</ALIMT> that sag greatly.,一对人类乳房大幅度地下垂。
OrcPenis.label,orc penis,label,Hediffs_PrivateParts\Hediffs_Humanlike.xml,def,orc <ALIMT >penis</ALIMT>,兽人阳具/屌
OrcPenis.labelNoun,an orc penis,labelNoun,Hediffs_PrivateParts\Hediffs_Humanlike.xml,def,an orc <ALIMT >penis</ALIMT>,一个兽人阳具/屌
OrcPenis.description,"A girthy penis with a preputial ring, but otherwise similar to a humanoid penis.",description,Hediffs_PrivateParts\Hediffs_Humanlike.xml,def,"A girthy <ALIMT >penis</ALIMT> with a preputial ring, but otherwise similar to a humanoid <ALIMT >penis</ALIMT>.",发狂阳具/屌带有包皮环，但在其他方面类似于人形阳具/屌没有。
OrcVagina.label,orc vagina,label,Hediffs_PrivateParts\Hediffs_Humanlike.xml,def,orc <ALIMT >vagina</ALIMT>,兽人阴道
OrcVagina.labelNoun,an orc vagina,labelNoun,Hediffs_PrivateParts\Hediffs_Humanlike.xml,def,an orc <ALIMT >vagina</ALIMT>,一个兽人阴道
OrcVagina.description,A loose humanlike vagina with very large lips.,description,Hediffs_PrivateParts\Hediffs_Humanlike.xml,def,A loose humanlike <ALIMT >vagina</ALIMT> with very large lips.,松散的人类阴道有非常大的嘴唇。
OrcAnus.label,orc anus,label,Hediffs_PrivateParts\Hediffs_Humanlike.xml,def,orc <ALIMT >anus</ALIMT>,兽人肛门
OrcAnus.labelNoun,an orc anus,labelNoun,Hediffs_PrivateParts\Hediffs_Humanlike.xml,def,an orc <ALIMT >anus</ALIMT>,一个兽人肛门
OrcAnus.description,An anus that looks like a mix between an humanlike anus and an equine anus.,description,Hediffs_PrivateParts\Hediffs_Humanlike.xml,def,An <ALIMT >anus</ALIMT> that looks like a mix between an humanlike <ALIMT >anus</ALIMT> and an equine <ALIMT >anus</ALIMT>.,一个肛门那似乎是人类的混合体肛门和一匹马肛门没有。
AedeagusPenis.label,aedeagus,label,Hediffs_PrivateParts\Hediffs_Insect.xml,def,aedeagus,Aedeagus
AedeagusPenis.labelNoun,an aedeagus,labelNoun,Hediffs_PrivateParts\Hediffs_Insect.xml,def,an aedeagus,一只 aedeagus
AedeagusPenis.description,"The phallus of a male arthropod, for excreting a spermatophore to inseminate a female arthropod.",description,Hediffs_PrivateParts\Hediffs_Insect.xml,def,"The phallus of a male arthropod, for excreting a spermatophore to inseminate a female arthropod.",一种雄性节肢动物的阳具，用于排泄精囊使雌性节肢动物授精。
OviporeVagina.label,ovipore,label,Hediffs_PrivateParts\Hediffs_Insect.xml,def,ovipore,卵细胞
OviporeVagina.labelNoun,an ovipore,labelNoun,Hediffs_PrivateParts\Hediffs_Insect.xml,def,an ovipore,一个卵细胞
OviporeVagina.description,A pore-like sexual organ of a female arthropod for receiving a spermatophore. Very loosely comparable to a vagina.,description,Hediffs_PrivateParts\Hediffs_Insect.xml,def,A pore-like <ALIMT >sexual</ALIMT> organ of a female arthropod for receiving a spermatophore. Very loosely comparable to a <ALIMT >vagina</ALIMT>.,毛孔状的性的接受精囊的雌性节肢动物的器官。非常松散，可与阴道没有。
CactoidBreasts.label,cactoid breasts,label,Hediffs_PrivateParts\Hediffs_Plant.xml,def,cactoid <ALIMT >breasts</ALIMT>,喜好乳房
CactoidBreasts.labelNoun,a pair of cactoid breasts,labelNoun,Hediffs_PrivateParts\Hediffs_Plant.xml,def,a pair of cactoid <ALIMT >breasts</ALIMT>,一双可可豆乳房
CactoidBreasts.description,"A pair of rough plant-like breasts, with thorns all around them, and flower-like nipples.",description,Hediffs_PrivateParts\Hediffs_Plant.xml,def,"A pair of rough plant-like <ALIMT >breasts</ALIMT>, with thorns all around them, and flower-like <ALIMT >nipples</ALIMT>.","一对粗糙的植物乳房,四周布满了刺，如花一般乳头没有。"
CactoidPenis.label,cactoid penis,label,Hediffs_PrivateParts\Hediffs_Plant.xml,def,cactoid <ALIMT >penis</ALIMT>,喜好阳具/屌
CactoidPenis.labelNoun,a cactoid penis,labelNoun,Hediffs_PrivateParts\Hediffs_Plant.xml,def,a cactoid <ALIMT >penis</ALIMT>,一乘阳具/屌
CactoidPenis.description,"A rough plant-like penis, with thorns along the shaft.",description,Hediffs_PrivateParts\Hediffs_Plant.xml,def,"A rough plant-like <ALIMT >penis</ALIMT>, with thorns along the shaft.","粗糙的植物阳具/屌,伴随着长有荆棘的杆身。"
CactoidVagina.label,cactoid vagina,label,Hediffs_PrivateParts\Hediffs_Plant.xml,def,cactoid <ALIMT >vagina</ALIMT>,喜好阴道
CactoidVagina.labelNoun,a cactoid vagina,labelNoun,Hediffs_PrivateParts\Hediffs_Plant.xml,def,a cactoid <ALIMT >vagina</ALIMT>,一乘阴道
CactoidVagina.description,"A rough plant-like vagina, with thorns lining the inner walls. The thorns grip male genitals during sex.",description,Hediffs_PrivateParts\Hediffs_Plant.xml,def,"A rough plant-like <ALIMT >vagina</ALIMT>, with thorns lining the inner walls. The thorns grip male genitals during <ALIMT >sex</ALIMT>.","粗糙的植物阴道,石壁两侧布满荆棘。荆棘荆棘在性交没有。"
CactoidAnus.label,cactoid anus,label,Hediffs_PrivateParts\Hediffs_Plant.xml,def,cactoid <ALIMT >anus</ALIMT>,喜好肛门
CactoidAnus.labelNoun,a cactoid anus,labelNoun,Hediffs_PrivateParts\Hediffs_Plant.xml,def,a cactoid <ALIMT >anus</ALIMT>,一乘肛门
CactoidAnus.description,A rough plant-like anus. No thorns this time.,description,Hediffs_PrivateParts\Hediffs_Plant.xml,def,A rough plant-like <ALIMT >anus</ALIMT>. No thorns this time.,粗糙的植物肛门没有。这次没有刺。
AntherPenis.label,anther,label,Hediffs_PrivateParts\Hediffs_Plant.xml,def,anther,另一个
AntherPenis.labelNoun,a flower's anther,labelNoun,Hediffs_PrivateParts\Hediffs_Plant.xml,def,a flower's anther,另一朵花
AntherPenis.description,"A flower's male reproductive organ. A long and thin filament, with a large pollen-producing head in the tip.",description,Hediffs_PrivateParts\Hediffs_Plant.xml,def,"A flower's male reproductive organ. A long and thin filament, with a large pollen-producing head in the tip.",一朵花的男性生殖器官。一种细细的细丝植物，尖端有一个很大的产生花粉的头。
PistilVagina.label,pistil,label,Hediffs_PrivateParts\Hediffs_Plant.xml,def,pistil,雌蕊
PistilVagina.labelNoun,a flower's pistil,labelNoun,Hediffs_PrivateParts\Hediffs_Plant.xml,def,a flower's pistil,一颗鲜花的雌蕊
PistilVagina.description,A flower's female reproductive organ. The sticky entrance is connected to the ovaries via a long tube-like structure.,description,Hediffs_PrivateParts\Hediffs_Plant.xml,def,A flower's female reproductive organ. The sticky entrance is connected to the ovaries via a long <ALIMT >tube</ALIMT>-like structure.,一朵花的雌性生殖器官。粘性入口通过一个长的与卵巢相连插管-像结构。
VinePenis.label,vines,label,Hediffs_PrivateParts\Hediffs_Plant.xml,def,vines,藤蔓植物
VinePenis.labelNoun,a mass of vines,labelNoun,Hediffs_PrivateParts\Hediffs_Plant.xml,def,a mass of vines,一团藤蔓植物
VinePenis.description,A mass of vines where a penis would be.,description,Hediffs_PrivateParts\Hediffs_Plant.xml,def,A mass of vines where a <ALIMT >penis</ALIMT> would be.,一团藤蔓植物，其中一个阳具/屌是的。
TreeBreasts.label,bark breasts,label,Hediffs_PrivateParts\Hediffs_Plant.xml,def,bark <ALIMT >breasts</ALIMT>,树皮乳房
TreeBreasts.labelNoun,a pair of wooden breasts,labelNoun,Hediffs_PrivateParts\Hediffs_Plant.xml,def,a pair of wooden <ALIMT >breasts</ALIMT>,一对木乳房
TreeBreasts.description,"A pair of naturally grown wooden breasts. Hard bark covers the entire outer portion, while leaving the nipples underneath exposed.",description,Hediffs_PrivateParts\Hediffs_Plant.xml,def,"A pair of naturally grown wooden <ALIMT >breasts</ALIMT>. Hard bark covers the entire outer portion, while leaving the <ALIMT >nipples</ALIMT> underneath <ALIMT >exposed</ALIMT>.",一对自然生长的木材乳房没有。坚硬的树皮覆盖了整个身体外部，同时乳头地下暴露没有。
TreePenis.label,bark penis,label,Hediffs_PrivateParts\Hediffs_Plant.xml,def,bark <ALIMT >penis</ALIMT>,树皮阳具/屌
TreePenis.labelNoun,a wooden penis,labelNoun,Hediffs_PrivateParts\Hediffs_Plant.xml,def,a wooden <ALIMT >penis</ALIMT>,一个木阳具/屌
TreePenis.description,"A naturally grown wooden penis. The testicles are completely covered in hard, wooden bark, while the texture along the shaft is softer, leaving the tip uncovered.",description,Hediffs_PrivateParts\Hediffs_Plant.xml,def,"A naturally grown wooden <ALIMT >penis</ALIMT>. The <ALIMT >testicles</ALIMT> are completely covered in hard, wooden bark, while the texture along the shaft is softer, leaving the tip uncovered.",自然生长的木材阳具/屌没有。该睾丸/蛋蛋被坚硬的木树皮完全覆盖，而轴沿线的纹理更加柔软，使得尖头暴露在外。
TreeVagina.label,bark vagina,label,Hediffs_PrivateParts\Hediffs_Plant.xml,def,bark <ALIMT >vagina</ALIMT>,树皮阴道
TreeVagina.labelNoun,a wooden vagina,labelNoun,Hediffs_PrivateParts\Hediffs_Plant.xml,def,a wooden <ALIMT >vagina</ALIMT>,一个木阴道
TreeVagina.description,"A naturally grown wooden vagina. While the outside looks like bark, the inside is soft.",description,Hediffs_PrivateParts\Hediffs_Plant.xml,def,"A naturally grown wooden <ALIMT >vagina</ALIMT>. While the outside looks like bark, the inside is soft.",自然生长的木材阴道没有。虽然外面看起来像树皮，但里面是柔软的。
TreeAnus.label,bark anus,label,Hediffs_PrivateParts\Hediffs_Plant.xml,def,bark <ALIMT >anus</ALIMT>,树皮肛门
TreeAnus.labelNoun,a wooden anus,labelNoun,Hediffs_PrivateParts\Hediffs_Plant.xml,def,a wooden <ALIMT >anus</ALIMT>,一个木肛门
TreeAnus.description,"A naturally grown wooden anus. While the outside looks like bark, the inside is soft.",description,Hediffs_PrivateParts\Hediffs_Plant.xml,def,"A naturally grown wooden <ALIMT >anus</ALIMT>. While the outside looks like bark, the inside is soft.",自然生长的木材肛门没有。虽然外面看起来像树皮，但里面是柔软的。
ReptilePenis.label,reptile penis,label,Hediffs_PrivateParts\Hediffs_Scalie.xml,def,reptile <ALIMT >penis</ALIMT>,爬行动物阳具/屌
ReptilePenis.labelNoun,a reptilian penis,labelNoun,Hediffs_PrivateParts\Hediffs_Scalie.xml,def,a reptilian <ALIMT >penis</ALIMT>,一个爬行动物阳具/屌
ReptilePenis.description,"A smooth and tapering to point penis, hidden inside a cloacal slit when its owner are not aroused.",description,Hediffs_PrivateParts\Hediffs_Scalie.xml,def,"A smooth and tapering to point <ALIMT >penis</ALIMT>, hidden inside a cloacal slit when its owner are not <ALIMT >aroused</ALIMT>.","有点光滑和逐渐变细。阳具/屌,当它的主人不在时隐藏在泄殖腔的狭缝中性兴奋的没有。"
ScaleBreasts.label,scaly breasts,label,Hediffs_PrivateParts\Hediffs_Scalie.xml,def,scaly <ALIMT >breasts</ALIMT>,鳞片乳房
ScaleBreasts.labelNoun,a pair of scaly breasts,labelNoun,Hediffs_PrivateParts\Hediffs_Scalie.xml,def,a pair of scaly <ALIMT >breasts</ALIMT>,一对有鳞片的乳房
ScaleBreasts.description,"A pair of scale-covered breasts, without nipples.",description,Hediffs_PrivateParts\Hediffs_Scalie.xml,def,"A pair of scale-covered <ALIMT >breasts</ALIMT>, without <ALIMT >nipples</ALIMT>.","一对覆盖有鳞片的乳房,不带乳头没有。"
DinoPenis.label,dino penis,label,Hediffs_PrivateParts\Hediffs_Scalie.xml,def,dino <ALIMT >penis</ALIMT>,恐龙阳具/屌
DinoPenis.labelNoun,a dino penis,labelNoun,Hediffs_PrivateParts\Hediffs_Scalie.xml,def,a dino <ALIMT >penis</ALIMT>,一个恐龙阳具/屌
DinoPenis.description,A large tapered penis that is slightly flattened at the top. It looks similar to a large tongue.,description,Hediffs_PrivateParts\Hediffs_Scalie.xml,def,A large tapered <ALIMT >penis</ALIMT> that is slightly flattened at the top. It looks similar to a large tongue.,一个大的锥形的。阳具/屌顶部稍微压平了。它看起来就像一条大舌。
DinoVagina.label,dinosaur vagina,label,Hediffs_PrivateParts\Hediffs_Scalie.xml,def,<ALIMT >dinosaur</ALIMT> <ALIMT >vagina</ALIMT>,恐龙🦕 阴道
DinoVagina.labelNoun,a dinosaur's vagina,labelNoun,Hediffs_PrivateParts\Hediffs_Scalie.xml,def,a <ALIMT >dinosaur</ALIMT>'s <ALIMT >vagina</ALIMT>,adinosaur的阴道
DinoVagina.description,A vagina with a tough hide on the outside.,description,Hediffs_PrivateParts\Hediffs_Scalie.xml,def,A <ALIMT >vagina</ALIMT> with a tough hide on the outside.,Avagina外面有一个坚固的兽皮。
DinoAnus.label,dinosaur anus,label,Hediffs_PrivateParts\Hediffs_Scalie.xml,def,<ALIMT >dinosaur</ALIMT> <ALIMT >anus</ALIMT>,恐龙🦕 肛门
DinoAnus.labelNoun,a dinosaur's anus,labelNoun,Hediffs_PrivateParts\Hediffs_Scalie.xml,def,a <ALIMT >dinosaur</ALIMT>'s <ALIMT >anus</ALIMT>,adinosaur的肛门
DinoAnus.description,An anus with a tough hide on the outside.,description,Hediffs_PrivateParts\Hediffs_Scalie.xml,def,An <ALIMT >anus</ALIMT> with a tough hide on the outside.,一个肛门外面有一个坚固的兽皮。
DragonAnus.label,dragon anus,label,Hediffs_PrivateParts\Hediffs_Scalie.xml,def,<ALIMT >dragon</ALIMT> <ALIMT >anus</ALIMT>,龙🐉 肛门
DragonAnus.labelNoun,a scally anus,labelNoun,Hediffs_PrivateParts\Hediffs_Scalie.xml,def,a scally <ALIMT >anus</ALIMT>,骗子肛门
DragonAnus.description,"An somewhat elongated anus with unexpectedly soft scales covering it on the outside, found normaly under tails of draconoids.",description,Hediffs_PrivateParts\Hediffs_Scalie.xml,def,"An somewhat elongated <ALIMT >anus</ALIMT> with unexpectedly soft scales covering it on the outside, found normaly under tails of draconoids.",有点细长肛门外面覆盖着意想不到的柔软鳞片，龙血石的一个突出的灵活附肢，是身体的一部分，通常从躯干的后部突出。不适用于没有腿的身体。下发现了正常。
GhostBreasts.label,immaterial breasts,label,Hediffs_PrivateParts\Hediffs_Undead.xml,def,immaterial <ALIMT >breasts</ALIMT>,无形乳房
GhostBreasts.labelNoun,a pair of immaterial breasts,labelNoun,Hediffs_PrivateParts\Hediffs_Undead.xml,def,a pair of immaterial <ALIMT >breasts</ALIMT>,一对无形的乳房
GhostBreasts.description,"A translucent, almost intangible pair of breasts. Touching them sends chills down the spine.",description,Hediffs_PrivateParts\Hediffs_Undead.xml,def,"A translucent, almost intangible pair of <ALIMT >breasts</ALIMT>. Touching them sends chills down the spine.",半一个透明人参与了性行为。的、几乎无形的一对乳房没有。触摸它们会让脊椎感到寒冷。
GhostPenis.label,immaterial penis,label,Hediffs_PrivateParts\Hediffs_Undead.xml,def,immaterial <ALIMT >penis</ALIMT>,无形阳具/屌
GhostPenis.labelNoun,an immaterial penis,labelNoun,Hediffs_PrivateParts\Hediffs_Undead.xml,def,an immaterial <ALIMT >penis</ALIMT>,一个非物质的阳具/屌
GhostPenis.description,"A translucent, almost intangible penis. Touching it sends chills down the spine.",description,Hediffs_PrivateParts\Hediffs_Undead.xml,def,"A translucent, almost intangible <ALIMT >penis</ALIMT>. Touching it sends chills down the spine.",一个半一个透明人参与了性行为。的，几乎无形的阳具/屌没有。触摸它会让脊椎感到寒冷。
GhostVagina.label,immaterial vagina,label,Hediffs_PrivateParts\Hediffs_Undead.xml,def,immaterial <ALIMT >vagina</ALIMT>,无形阴道
GhostVagina.labelNoun,an immaterial vagina,labelNoun,Hediffs_PrivateParts\Hediffs_Undead.xml,def,an immaterial <ALIMT >vagina</ALIMT>,一个非物质的阴道
GhostVagina.description,"A translucent, almost intangible vagina. Penetrating it sends chills down the spine.",description,Hediffs_PrivateParts\Hediffs_Undead.xml,def,"A translucent, almost intangible <ALIMT >vagina</ALIMT>. Penetrating it sends chills down the spine.",一个半一个透明人参与了性行为。的，几乎无形的阴道没有。穿透它会让脊椎感到寒冷。
GhostAnus.label,immaterial anus,label,Hediffs_PrivateParts\Hediffs_Undead.xml,def,immaterial <ALIMT >anus</ALIMT>,无形肛门
GhostAnus.labelNoun,an immaterial anus,labelNoun,Hediffs_PrivateParts\Hediffs_Undead.xml,def,an immaterial <ALIMT >anus</ALIMT>,一个非物质的肛门
GhostAnus.description,"A translucent, almost intangible anus. Penetrating it sends chills down the spine.",description,Hediffs_PrivateParts\Hediffs_Undead.xml,def,"A translucent, almost intangible <ALIMT >anus</ALIMT>. Penetrating it sends chills down the spine.",一个半一个透明人参与了性行为。的，几乎无形的肛门没有。穿透它会让脊椎感到寒冷。
NecroBreasts.label,decayed breasts,label,Hediffs_PrivateParts\Hediffs_Undead.xml,def,decayed <ALIMT >breasts</ALIMT>,衰竭乳房
NecroBreasts.labelNoun,A pair of decayed breasts,labelNoun,Hediffs_PrivateParts\Hediffs_Undead.xml,def,A pair of decayed <ALIMT >breasts</ALIMT>,一对腐烂的乳房
NecroBreasts.description,"A disgusting, rotting pair of breasts.",description,Hediffs_PrivateParts\Hediffs_Undead.xml,def,"A disgusting, rotting pair of <ALIMT >breasts</ALIMT>.",一对腐烂的恶心生物乳房没有。
NecroPenis.label,necro penis,label,Hediffs_PrivateParts\Hediffs_Undead.xml,def,necro <ALIMT >penis</ALIMT>,死灵阳具/屌
NecroPenis.labelNoun,a necro penis,labelNoun,Hediffs_PrivateParts\Hediffs_Undead.xml,def,a necro <ALIMT >penis</ALIMT>,一名死灵阳具/屌
NecroPenis.description,"A disgusting, rotting penis that somehow still works.",description,Hediffs_PrivateParts\Hediffs_Undead.xml,def,"A disgusting, rotting <ALIMT >penis</ALIMT> that somehow still works.",腐烂的恶心生物阳具/屌这仍然有效。
NecroVagina.label,necro vagina,label,Hediffs_PrivateParts\Hediffs_Undead.xml,def,necro <ALIMT >vagina</ALIMT>,死灵阴道
NecroVagina.labelNoun,a necro vagina,labelNoun,Hediffs_PrivateParts\Hediffs_Undead.xml,def,a necro <ALIMT >vagina</ALIMT>,一名死灵阴道
NecroVagina.description,"A disgusting, rotting vagina. Its insides are as cold as a grave.",description,Hediffs_PrivateParts\Hediffs_Undead.xml,def,"A disgusting, rotting <ALIMT >vagina</ALIMT>. Its insides are as cold as a grave.",腐烂的恶心生物阴道没有。它的内部像坟墓一样冰冷。
NecroAnus.label,necro anus,label,Hediffs_PrivateParts\Hediffs_Undead.xml,def,necro <ALIMT >anus</ALIMT>,死灵肛门
NecroAnus.labelNoun,a necro anus,labelNoun,Hediffs_PrivateParts\Hediffs_Undead.xml,def,a necro <ALIMT >anus</ALIMT>,一名死灵肛门
NecroAnus.description,"A disgusting, rotting anus. Its insides are as cold as a grave.",description,Hediffs_PrivateParts\Hediffs_Undead.xml,def,"A disgusting, rotting <ALIMT >anus</ALIMT>. Its insides are as cold as a grave.",腐烂的恶心生物肛门没有。它的内部像坟墓一样冰冷。
GhoulBreasts.label,irradiated breasts,label,Hediffs_PrivateParts\Hediffs_Undead.xml,def,irradiated <ALIMT >breasts</ALIMT>,受到辐射乳房
GhoulBreasts.labelNoun,a pair of irradiated breasts,labelNoun,Hediffs_PrivateParts\Hediffs_Undead.xml,def,a pair of irradiated <ALIMT >breasts</ALIMT>,一对受照射的乳房
GhoulBreasts.description,A pair of humanlike breasts that glow slightly. They're very hot to the touch.,description,Hediffs_PrivateParts\Hediffs_Undead.xml,def,A pair of humanlike <ALIMT >breasts</ALIMT> that glow slightly. They're very <ALIMT >hot</ALIMT> to the <ALIMT >touch</ALIMT>.,一对人类乳房那微光。他们非常性感的到触摸没有。
GhoulPenis.label,ghoul penis,label,Hediffs_PrivateParts\Hediffs_Undead.xml,def,ghoul <ALIMT >penis</ALIMT>,食尸鬼阳具/屌
GhoulPenis.labelNoun,an ghoul penis,labelNoun,Hediffs_PrivateParts\Hediffs_Undead.xml,def,an ghoul <ALIMT >penis</ALIMT>,一个食尸鬼阳具/屌
GhoulPenis.description,A humanlike penis that glows slightly. It's very hot to the touch.,description,Hediffs_PrivateParts\Hediffs_Undead.xml,def,A humanlike <ALIMT >penis</ALIMT> that glows slightly. It's very <ALIMT >hot</ALIMT> to the <ALIMT >touch</ALIMT>.,人类penisGlslightly。非常漂亮性感的到触摸没有。
GhoulVagina.label,ghoul vagina,label,Hediffs_PrivateParts\Hediffs_Undead.xml,def,ghoul <ALIMT >vagina</ALIMT>,食尸鬼阴道
GhoulVagina.labelNoun,a ghoul vagina,labelNoun,Hediffs_PrivateParts\Hediffs_Undead.xml,def,a ghoul <ALIMT >vagina</ALIMT>,一个食尸鬼阴道
GhoulVagina.description,A humanlike vagina that glows slightly. It is uncomfortably hot inside.,description,Hediffs_PrivateParts\Hediffs_Undead.xml,def,A humanlike <ALIMT >vagina</ALIMT> that glows slightly. It is uncomfortably <ALIMT >hot</ALIMT> inside.,人类vaginaGlslightly。很不舒服性感的在里面。
GhoulAnus.label,ghoul anus,label,Hediffs_PrivateParts\Hediffs_Undead.xml,def,ghoul <ALIMT >anus</ALIMT>,食尸鬼肛门
GhoulAnus.labelNoun,a ghoul anus,labelNoun,Hediffs_PrivateParts\Hediffs_Undead.xml,def,a ghoul <ALIMT >anus</ALIMT>,一个食尸鬼肛门
GhoulAnus.description,An anus that glows slightly. It is uncomfortably hot inside.,description,Hediffs_PrivateParts\Hediffs_Undead.xml,def,An <ALIMT >anus</ALIMT> that glows slightly. It is uncomfortably <ALIMT >hot</ALIMT> inside.,一个anusGlslightly。很不舒服性感的在里面。
