Key,Original Text
AnalInsertableBondage.label,insertable
VaginalInsertableBondage.label,insertable
BeltsOnSkinBondage.label,Over skin
GagOuterBondage.label,headgear
ArmsOuterBondage.label,outer
LegsOuterBondage.label,outer
rjw_childC.baseDesc,[PAWN_nameDef] was born in civil settlement.
rjw_childC.title,Child
rjw_childC.titleShort,Child
rjw_childT.baseDesc,[PAWN_nameDef] was born in a tribe.
rjw_childT.title,Child
rjw_childT.titleShort,Child
rjw_vatgrown_sex_slave.baseDesc,"[PAWN_nameDef] was made to be a sex toy, rather than a human. During [PAWN_possessive] growing period, [PAWN_pronoun] was taught plenty of social and sex related skills to satisfy any demands of its owners."
rjw_vatgrown_sex_slave.title,Vat-Grown Sex Slave
rjw_vatgrown_sex_slave.titleShort,Sex Slave
rjw_feisty.baseDesc,"[PAWN_nameDef] is a conqueror by nature and will punch you in a face if you try to say ""No"" to [PAWN_possessive] advances."
rjw_feisty.title,Feisty Nymph
rjw_feisty.titleShort,Nymph
rjw_curious.baseDesc,"[PAWN_nameDef] loves crafting various things, especially things that provide new experiences."
rjw_curious.title,Curious Nymph
rjw_curious.titleShort,Nymph
rjw_tender.baseDesc,"[PAWN_nameDef] has a pair of charming eyes, and [PAWN_possessive] voice is soft and sweet. Due to [PAWN_possessive] previous nurse job, [PAWN_pronoun] tends people quite well."
rjw_tender.title,Tender Nymph
rjw_tender.titleShort,Nymph
rjw_chatty.baseDesc,"No one can be more loquacious than [PAWN_nameDef]. [PAWN_pronoun] has a flexible tongue, a sharp mind, and hot lips."
rjw_chatty.title,Chatty Nymph
rjw_chatty.titleShort,Nymph
rjw_broken.baseDesc,"[PAWN_nameDef] suffered some terrible things, [PAWN_pronoun] looks rather emaciated."
rjw_broken.title,Broken Nymph
rjw_broken.titleShort,Nymph
rjw_homekeeper.baseDesc,[PAWN_nameDef] was trained to be a housekeeper. Would you like dinner? A bath? Or perhaps...[PAWN_possessive]?.
rjw_homekeeper.title,Homekeeper Nymph
rjw_homekeeper.titleShort,Nymph
ChestBPG.label,chest
GenitalsBPG.label,genitals
AnusBPG.label,anus
Genitals.label,genitals
Chest.label,chest
Anus.label,anus
MechGenitals.label,mechanoid implanter
RJW_Fertility.label,fertility_source
RJW_Fertility.description,Necessary for reproduction
DefaultPenisSizes.label,standard penis size config
DefaultVaginaSizes.label,standard vagina size config
DefaultBreastSizes.label,standard breast size config
DefaultAnusSizes.label,standard anus size config
Aphrodisiac.label,aphrodisiac drug
Aphrodisiac.description,A smokable drug made from humpshroom.
RJW_Contraceptive.label,contraception pill
RJW_Contraceptive.description,Deliver severe hit to fertility for one quadrum.
RJW_Contraceptive.label,contraceptive
RJW_Contraceptive.description,Contraception pills deliver severe hit to fertility for one quadrum.
RJW_Contraceptive.stages.0.label,Contracepted
RJW_FertPill.label,hyperfertility pill
RJW_FertPill.description,Enhances fertility for 48 hours. Also works as a mild aphrodisiac.
RJW_FertPill.label,fertpill
RJW_FertPill.description,Enhanced fertility. A mild aphrodisiac.
RJW_FertPill.stages.0.label,Hyperfertility
PlantHumpShroom.label,humpshroom shroom
PlantHumpShroom.description,"Thick shroom with tough flesh, thick juice and smooth soft skin. Exhibits aphrodisiac effects when consumed, refills psyfocus."
HumpShroom.label,Hump shroom
HumpShroom.description,"A shroom with tough flesh, thick juice and smooth soft skin. Exhibits aphrodisiac effects when consumed, refills psyfocus."
HumpShroomEffect.label,induced libido
HumpShroomEffect.description,Hump shroom aphrodisiac effects.
HumpShroomEffect.stages.0.label,Humpshroom aftertaste
HumpShroomEffect.stages.0.description,Tastes funny.
HumpShroom.label,humpshroom
Chemical_HumpShroom.label,humpshroom
Chemical_HumpShroom.description,"Person is now hooked on shrooms. Without them, their bedroom performance may fall."
HumpShroomTolerance.label,humpshroom tolerance
HumpShroomTolerance.description,Hump shroom effects tolerance.
HumpShroomAddiction.label,humpshroom addiction
HumpShroomAddiction.description,Hump shroom effects addiction.
HumpShroomAddiction.stages.0.label,withdrawal
HumpShroomWithdrawal.stages.0.label,humpshroom withdrawal
HumpShroomWithdrawal.stages.1.description,I just feel nothing down there.
Chains.label,chains
Chains.labelNoun,chains
Chains.description,A series of chains that restrict its wearer.
BoundHands.label,bound hands
BoundHands.labelNoun,bound hands
BoundHands.description,Bound hands.
BoundLegs.label,bound legs
BoundLegs.labelNoun,bound legs
BoundLegs.description,Bound legs.
RJW_Restraints.label,Restraints
RJW_Restraints.labelNoun,restraints
RJW_Restraints.description,A set of restraints.
RJW_Cocoon.label,Cocoon
RJW_Cocoon.labelNoun,A cocoon
RJW_Cocoon.description,A cocoon that tends to its host until ready to procreate.
RJW_UnknownEgg.label,generic insect egg
RJW_InsectHiveEgg.label,insectoid egg
RJW_MechanoidImplant.label,implanted mechanoid
RJW_ImplantEgg.description,Parasitic egg(s) that enter the host's body and feeds off their nutrients until ready to hatch. Just be glad they don't hatch by bursting out of your chest.
RJW_ImplantMech.description,"A small computer that enters a host through one of their orifices. Can analyze vital signs and location data, and relay that information back to mechanoid ai."
FeelingBroken.label,Feeling broken
FeelingBroken.description,Mind broken. No longer capable of emotion.
FeelingBroken.stages.0.label,early-stage
FeelingBroken.stages.1.label,in a trance
FeelingBroken.stages.2.label,broken
FeelingBroken.stages.3.label,Extremely broken
RJW_IUD.label,IUD
RJW_IUD.description,A small silver device inserted into the womb that greatly reduces the chance of pregnancy.
IncreasedFertility.label,Fertile
IncreasedFertility.description,"Increased fertility, for baby making."
DecreasedFertility.label,Infertile
DecreasedFertility.description,"Low fertility, not for baby making."
ImpregnationBlocker.label,Archotech pregnancy blocker
ImpregnationBlocker.description,A complex device that prevents fertilization and pregnancy.
FertilityEnhancer.label,Archotech fertility enhancer
FertilityEnhancer.description,A complex device that increases the likelihood of pregnancy.
RJW_Orgasm.label,Orgasm
RJW_Orgasm.description,"""Ohh, yeahh, hah, hnnh, OH!"""
RJW_Orgasm.stages.0.label,Slightly
RJW_Orgasm.stages.1.label,Heavy
RJW_Orgasm.stages.2.label,Extremely
TransportCums.description,Cumming inside.
TransportEggs.description,Laying egg inside.
PegArm.label,peg arm
PegArm.labelNoun,a peg arm
PegArm.description,A peg arm.
Humanlike_Paraphilia.label,humanlike paraphilia
Humanlike_Paraphilia.labelNoun,humanlike paraphilia
Humanlike_Paraphilia.description,"Animal experiencing sexual attraction to Humanlikes. At some point, an animal might even refuse to mate with other animals"
Humanlike_Paraphilia.stages.0.label,Initial curiosity
Humanlike_Paraphilia.stages.1.label,Attracted
Humanlike_Paraphilia.stages.2.label,Focused
Humanlike_Paraphilia.stages.3.label,Fixated
Humanlike_Paraphilia.stages.4.label,Obsessed
RJW_pregnancy_template.label,Pregnant
RJW_pregnancy_template.description,Baby in the oven.
RJW_pregnancy_template.stages.0.label,early-stage
RJW_pregnancy_template.stages.1.label,middle-stage
RJW_pregnancy_template.stages.2.label,late-stage
RJW_pregnancy_template.stages.3.label,having contractions
RJW_BabyState.label,child is growing
RJW_BabyState.description,A growing child.
RJW_BabyState.stages.0.label,baby
RJW_BabyState.stages.1.label,toddler
RJW_BabyState.stages.2.label,child
RJW_NoManipulationFlag.label,Too young to work
RJW_NoManipulationFlag.description,Too young to work.
Sterilized.description,Unable to reproduce.
Sterilized.label,sterilized
Hediff_Submitting.label,Prostrating self
Hediff_Submitting.description,Submitting.
Hediff_RapeEnemyCD.label,rape enemy cooldown
Hediff_RapeEnemyCD.description,"""Who's next?"""
hediff_male2trap.label,male2trap
hediff_male2female.label,male2female
hediff_male2futa.label,male2futa
hediff_female2trap.label,female2trap
hediff_female2male.label,female2male
hediff_female2futa.label,female2futa
hediff_futa2trap.label,futa2trap
hediff_futa2male.label,futa2male
hediff_futa2female.label,futa2female
hediff_trap2futa.label,trap2futa
hediff_trap2male.label,trap2male
hediff_trap2female.label,trap2female
hediff_was_boy.label,was_boy
hediff_was_girl.label,was_girl
hediff_was_futa.label,was_futa
hediff_was_trap.label,was_trap
Sex_Change_Thoughts_Syndrome.description,Your description could be here.
Sex_Change_Thoughts_Syndrome.stages.0.label,ignorance
Sex_Change_Thoughts_Syndrome.stages.1.label,acceptance
Sex_Change_Thoughts_Syndrome.stages.2.label,saddness
Sex_Change_Thoughts_Syndrome.stages.3.label,anger
Sex_Change_Thoughts_Syndrome.stages.4.label,rejection
Sex_Change_Original_Sex.description,Changed gender
GenericPenis.label,generic penis
GenericPenis.labelNoun,a penis
GenericPenis.description,A penis. Generic placeholder part for unsuported race.
GenericVagina.label,generic vagina
GenericVagina.labelNoun,a vagina
GenericVagina.description,A vagina. Generic placeholder part for unsuported race.
GenericAnus.label,generic anus
GenericAnus.labelNoun,an anus
GenericAnus.description,An anus. Generic placeholder part for unsuported race.
GenericBreasts.label,generic breasts
GenericBreasts.labelNoun,breasts
GenericBreasts.description,A pair of breasts. Generic placeholder part for unsuported race.
NaturalPrivatePartPenis.stages.0.label,Micro
NaturalPrivatePartPenis.stages.1.label,Small
NaturalPrivatePartPenis.stages.2.label,Average
NaturalPrivatePartPenis.stages.3.label,Large
NaturalPrivatePartPenis.stages.4.label,Huge
NaturalPrivatePartPenis.stages.5.label,Towering
NaturalPrivatePartVagina.stages.0.label,Micro
NaturalPrivatePartVagina.stages.1.label,Tight
NaturalPrivatePartVagina.stages.2.label,Average
NaturalPrivatePartVagina.stages.3.label,Accommodating
NaturalPrivatePartVagina.stages.4.label,Cavernous
NaturalPrivatePartVagina.stages.5.label,Abyssal
NaturalPrivatePartBreast.stages.0.label,Nipples
NaturalPrivatePartBreast.stages.1.label,Tiny
NaturalPrivatePartBreast.stages.2.label,Small
NaturalPrivatePartBreast.stages.3.label,Average
NaturalPrivatePartBreast.stages.4.label,Large
NaturalPrivatePartBreast.stages.5.label,Huge
NaturalPrivatePartBreast.stages.6.label,Enormous
NaturalPrivatePartBreast.stages.7.label,Massive
NaturalPrivatePartBreast.stages.8.label,Gargantuan
NaturalPrivatePartBreast.stages.9.label,Colossal
NaturalPrivatePartBreast.stages.10.label,Titanic
NaturalPrivatePartBreast.stages.11.label,Astronomical
NaturalPrivatePartAnus.stages.0.label,Micro
NaturalPrivatePartAnus.stages.1.label,Tight
NaturalPrivatePartAnus.stages.2.label,Average
NaturalPrivatePartAnus.stages.3.label,Accommodating
NaturalPrivatePartAnus.stages.4.label,Cavernous
NaturalPrivatePartAnus.stages.5.label,Abyssal
HorsePenis.label,equine penis
HorsePenis.labelNoun,an equine penis
HorsePenis.description,A large horse penis. Flares out during sex.
HorseVagina.label,equine vagina
HorseVagina.labelNoun,an equine vagina
HorseVagina.description,A mare vagina.
CatPenis.label,feline penis
CatPenis.labelNoun,a feline penis
CatPenis.description,A spine-covered feline penis.
CatVagina.label,feline vagina
CatVagina.labelNoun,a feline vagina
CatVagina.description,A feline vagina.
DogPenis.label,canine penis
DogPenis.labelNoun,a dog penis
DogPenis.description,"A bright red dog penis. The knot will expand during sex, locking its lover to their partner for a long time."
DogVagina.label,canine vagina
DogVagina.labelNoun,a dog vagina
DogVagina.description,A dog vagina.
DragonPenis.label,dragon penis
DragonPenis.labelNoun,a dragon penis
DragonPenis.description,"A dragon penis. Has a knot that expands similarly to a dog's penis, but the ribbing on both sides takes its lover to greater heights of pleasure."
DragonVagina.label,dragon vagina
DragonVagina.labelNoun,a dragon vagina
DragonVagina.description,A dragon vagina. Has a similar texture to their outer hide.
RaccoonPenis.label,procyonine penis
RaccoonPenis.labelNoun,a procyonine penis
RaccoonPenis.description,A raccoon penis.
HemiPenis.label,hemipenis
HemiPenis.labelNoun,a hemipenis
HemiPenis.description,Twice the members for double the fun.
CrocodilianPenis.label,crocodilian penis
CrocodilianPenis.labelNoun,a crocodilian penis
CrocodilianPenis.description,A crocodilian penis. Large and permenantly erect.
UdderBreasts.label,udders
UdderBreasts.labelNoun,a set of udders
UdderBreasts.description,An animalistic breast with four nipples.
NarrowVagina.label,narrow vagina
NarrowVagina.labelNoun,a narrow vagina
NarrowVagina.description,"A tight, narrow vagina."
NeedlePenis.label,needle penis
NeedlePenis.labelNoun,a needle penis
NeedlePenis.description,A small and thin penis.
RodentVagina.label,rodent vagina
RodentVagina.labelNoun,a rodent vagina
RodentVagina.description,A rodent vagina.
RodentPenis.label,rodent penis
RodentPenis.labelNoun,a rodent penis
RodentPenis.description,A rodent penis.
CloacalPenis.label,cloacal penis
CloacalPenis.labelNoun,a cloacal penis
CloacalPenis.description,A cloacal penis.
CloacalVagina.label,cloacal vagina
CloacalVagina.labelNoun,a cloacal vagina
CloacalVagina.description,A cloacal vagina.
CloacalAnus.label,cloacal anus
CloacalAnus.labelNoun,cloacal anus
CloacalAnus.description,A cloacal anus.
DemonTentaclePenis.label,demon tentacles
DemonTentaclePenis.labelNoun,demon tentacles
DemonTentaclePenis.description,Tentacles capable of reaching corners of the body you never thought possible.
DemonPenis.label,demon penis
DemonPenis.labelNoun,a demon penis
DemonPenis.description,"A large, daunting mass that can cause its lovers to succumb to debauchery."
DemonVagina.label,demon vagina
DemonVagina.labelNoun,a demon vagina
DemonVagina.description,A tight vagina that can send its lovers to heaven.
DemonAnus.label,demon anus
DemonAnus.labelNoun,a demon anus
DemonAnus.description,A demon anus.
Penis.label,penis
Penis.labelNoun,a penis
Penis.description,A penis.
Vagina.label,vagina
Vagina.labelNoun,a vagina
Vagina.description,A vagina.
Anus.label,anus
Anus.labelNoun,an anus
Anus.description,A anus.
Breasts.label,breasts
Breasts.labelNoun,a pair of breasts
Breasts.description,A pair of breasts.
FeaturelessChest.label,featureless chest
FeaturelessChest.labelNoun,a featureless chest
FeaturelessChest.description,a flat chest without any nipples where there should be.
PegDick.label,peg dick
PegDick.labelNoun,a peg dick
PegDick.description,"A simple, static member."
PegDick.stages.0.label,Micro
PegDick.stages.1.label,Small
PegDick.stages.2.label,Average
PegDick.stages.3.label,Large
PegDick.stages.4.label,Huge
PegDick.stages.5.label,Towering
HydraulicPenis.label,hydraulic penis
HydraulicPenis.labelNoun,a hydraulic penis
HydraulicPenis.description,"Simulating a normal penis, it can enlarge itself with hydraulics."
HydraulicPenis.stages.0.label,Micro
HydraulicPenis.stages.1.label,Small
HydraulicPenis.stages.2.label,Average
HydraulicPenis.stages.3.label,Large
HydraulicPenis.stages.4.label,Huge
HydraulicPenis.stages.5.label,Towering
HydraulicVagina.label,hydraulic vagina
HydraulicVagina.labelNoun,a hydraulic vagina
HydraulicVagina.description,It uses simple hydraulics to simulate the tightness of a regular vagina.
HydraulicVagina.stages.0.label,Micro
HydraulicVagina.stages.1.label,Tight
HydraulicVagina.stages.2.label,Average
HydraulicVagina.stages.3.label,Accommodating
HydraulicVagina.stages.4.label,Cavernous
HydraulicVagina.stages.5.label,Abyssal
HydraulicBreasts.label,hydraulic breasts
HydraulicBreasts.labelNoun,a pair of hydraulic breasts
HydraulicBreasts.description,A pair obviously unnatural implants.
HydraulicBreasts.stages.0.label,Nipples
HydraulicBreasts.stages.1.label,Tiny
HydraulicBreasts.stages.2.label,Small
HydraulicBreasts.stages.3.label,Average
HydraulicBreasts.stages.4.label,Large
HydraulicBreasts.stages.5.label,Huge
HydraulicBreasts.stages.6.label,Enormous
HydraulicBreasts.stages.7.label,Massive
HydraulicBreasts.stages.8.label,Gargantuan
HydraulicBreasts.stages.9.label,Colossal
HydraulicBreasts.stages.10.label,Titanic
HydraulicBreasts.stages.11.label,Astronomical
HydraulicAnus.label,hydraulic anus
HydraulicAnus.labelNoun,a hydraulic anus
HydraulicAnus.description,An anus that uses simple hydraulics to tighten.
HydraulicAnus.stages.0.label,Micro
HydraulicAnus.stages.1.label,Tight
HydraulicAnus.stages.2.label,Average
HydraulicAnus.stages.3.label,Accommodating
HydraulicAnus.stages.4.label,Cavernous
HydraulicAnus.stages.5.label,Abyssal
BionicPenis.label,bionic penis
BionicPenis.labelNoun,a bionic penis
BionicPenis.description,"An advanced artificial penis. It uses fine-tuned pressure sensors and PID control loops to analyze its lover's contractions. It can expand, contract and even vibrate to adapt to its lover's preferences."
BionicPenis.stages.0.label,Micro
BionicPenis.stages.1.label,Small
BionicPenis.stages.2.label,Average
BionicPenis.stages.3.label,Large
BionicPenis.stages.4.label,Huge
BionicPenis.stages.5.label,Towering
BionicVagina.label,bionic vagina
BionicVagina.labelNoun,a bionic vagina
BionicVagina.description,"An advanced bionic vagina. It uses internal pressure sensors to accommodate its user's size, speed."
BionicVagina.stages.0.label,Micro
BionicVagina.stages.1.label,Tight
BionicVagina.stages.2.label,Average
BionicVagina.stages.3.label,Accommodating
BionicVagina.stages.4.label,Cavernous
BionicVagina.stages.5.label,Abyssal
BionicBreasts.label,bionic breasts
BionicBreasts.labelNoun,a bionic breasts
BionicBreasts.description,An advanced bionic breasts.
BionicBreasts.stages.0.label,Nipples
BionicBreasts.stages.1.label,Tiny
BionicBreasts.stages.2.label,Small
BionicBreasts.stages.3.label,Average
BionicBreasts.stages.4.label,Large
BionicBreasts.stages.5.label,Huge
BionicBreasts.stages.6.label,Enormous
BionicBreasts.stages.7.label,Massive
BionicBreasts.stages.8.label,Gargantuan
BionicBreasts.stages.9.label,Colossal
BionicBreasts.stages.10.label,Titanic
BionicBreasts.stages.11.label,Astronomical
BionicAnus.label,bionic anus
BionicAnus.labelNoun,an bionic anus
BionicAnus.description,An advanced bionic anus.
BionicAnus.stages.0.label,Micro
BionicAnus.stages.1.label,Tight
BionicAnus.stages.2.label,Average
BionicAnus.stages.3.label,Accommodating
BionicAnus.stages.4.label,Cavernous
BionicAnus.stages.5.label,Abyssal
ArchotechPenis.label,archotech penis
ArchotechPenis.description,An archotech penis.
ArchotechPenis.stages.0.label,Micro
ArchotechPenis.stages.1.label,Small
ArchotechPenis.stages.2.label,Average
ArchotechPenis.stages.3.label,Large
ArchotechPenis.stages.4.label,Huge
ArchotechPenis.stages.5.label,Towering
ArchotechVagina.label,archotech vagina
ArchotechVagina.description,An archotech vagina.
ArchotechVagina.stages.0.label,Micro
ArchotechVagina.stages.1.label,Tight
ArchotechVagina.stages.2.label,Average
ArchotechVagina.stages.3.label,Accommodating
ArchotechVagina.stages.4.label,Cavernous
ArchotechVagina.stages.5.label,Abyssal
ArchotechBreasts.label,archotech breasts
ArchotechBreasts.description,A pair of archotech breasts.
ArchotechBreasts.stages.0.label,Nipples
ArchotechBreasts.stages.1.label,Tiny
ArchotechBreasts.stages.2.label,Small
ArchotechBreasts.stages.3.label,Average
ArchotechBreasts.stages.4.label,Large
ArchotechBreasts.stages.5.label,Huge
ArchotechBreasts.stages.6.label,Enormous
ArchotechBreasts.stages.7.label,Massive
ArchotechBreasts.stages.8.label,Gargantuan
ArchotechBreasts.stages.9.label,Colossal
ArchotechBreasts.stages.10.label,Titanic
ArchotechBreasts.stages.11.label,Astronomical
ArchotechAnus.label,archotech anus
ArchotechAnus.description,An archotech anus.
ArchotechAnus.stages.0.label,Micro
ArchotechAnus.stages.1.label,Tight
ArchotechAnus.stages.2.label,Average
ArchotechAnus.stages.3.label,Accommodating
ArchotechAnus.stages.4.label,Cavernous
ArchotechAnus.stages.5.label,Abyssal
OvipositorF.label,ovipositor (Female)
OvipositorF.labelNoun,an ovipositor
OvipositorF.description,An ovipositor. Lays eggs inside host.
OvipositorM.label,ovipositor (Male)
OvipositorM.labelNoun,an ovipositor
OvipositorM.description,An ovipositor. Fertilizes eggs inside host.
InsectAnus.label,insect anus
InsectAnus.labelNoun,an insect anus
InsectAnus.description,An insect anus.
ResinPenis.label,resin protrusion
ResinPenis.labelNoun,a resin protrusion
ResinPenis.description,"Hardened mass of resin, its hard enough."
ResinVagina.label,resin hole
ResinVagina.labelNoun,a resin hole
ResinVagina.description,A slick hole covered with viscous organic liquids.
ResinAnus.label,resin hole
ResinAnus.labelNoun,a resin hole
ResinAnus.description,A slick hole covered with viscous organic liquids.
ResinBreasts.label,resin blobs
ResinBreasts.labelNoun,a pair of resin blobs
ResinBreasts.description,A pair resin blobs filled with viscous organic liquids.
SlimeTentacles.label,slime tentacles
SlimeTentacles.labelNoun,slime tentacles
SlimeTentacles.description,"Slick, translucent tentacles that can conform into any shape desired."
SlimeVagina.label,slime vagina
SlimeVagina.labelNoun,slime vagina
SlimeVagina.description,"A slick, translucent vagina that can grow or shrink to accommodate any penis."
SlimeAnus.label,slime anus
SlimeAnus.labelNoun,a slime anus
SlimeAnus.description,"A slick, translucent anus that can tighten and conform to fit anything."
SlimeBreasts.label,slime breasts
SlimeBreasts.labelNoun,a pair of slime breasts
SlimeBreasts.description,"A pair of slick, translucent breasts that can grow or shrink to any desired size."
GoodwillChangedReason_RemovedBodyPart.label,Removed BodyPart
NymphJoins.label,nymph joins
NymphVisitor.label,nymph visitor
NymphVisitorGroupEasy.label,nymph raid(easy)
NymphVisitorGroupHard.label,nymph raid(hard)
AnimalSexChat.label,animal chat
rjw_interaction_template.label,rjw_interaction_template
Bestiality_Anal.label,anal breeding
Bestiality_Double_Penetration_M.label,double penetration
Bestiality_Oral.label,MouthFuck
Bestiality_Vaginal.label,vaginal breeding
Bestiality_Reverse_Anal.label,anal breeding
Bestiality_Reverse_Double_Penetration_M.label,double penetration
Bestiality_Reverse_Handjob.label,Handjob
Bestiality_Reverse_Oral.label,MouthFuck
Bestiality_Reverse_Oral_Service.label,MouthFuck
Bestiality_Reverse_Vaginal.label,vaginal breeding
Masturbation_AutoBreastjob.label,masturbation_autobreastjob
Masturbation_AutoFellatio.label,masturbation_autofellatio
Masturbation_Breastjob.label,masturbation_breastjob
Masturbation_HandjobA.label,masturbation_handjoba
Masturbation_HandjobP.label,masturbation_handjobp
Masturbation_HandjobV.label,masturbation_handjobv
Rape_Anal.label,anal
Rape_Beakjob.label,beakjob
Rape_Breastjob.label,breastjob
Rape_Cunnilingus.label,cunnilingus
Rape_DoublePenetration.label,double-penetration
Rape_DoublePenetrationM.label,double-penetration
Rape_Fellatio.label,fellatio
Rape_Fingering.label,fingering
Rape_Fisting.label,fisting
Rape_Footjob.label,footjob
Rape_Handjob.label,handjob
Rape_Oral.label,MouthFuck
Rape_Rimming.label,rimming
Rape_Scissoring.label,scissoring
Rape_Vaginal.label,vaginal
Necro_Anal.label,anal
Necro_DoublePenetration.label,double-penetration
Necro_DoublePenetrationM.label,double-penetration
Necro_Vaginal.label,vaginal
Necro_Reverse_Anal.label,anal
Necro_Reverse_DoublePenetration.label,double-penetration
Necro_Reverse_DoublePenetrationM.label,double-penetration
Necro_Reverse_Vaginal.label,vaginal
Rape_MechImplant.label,mechanoid implanting
Rape_Reverse_Anal.label,anal
Rape_Reverse_Breastjob.label,breastjob
Rape_Reverse_Cunnilingus.label,cunnilingus
Rape_Reverse_DoublePenetration.label,double-penetration
Rape_Reverse_DoublePenetrationM.label,double-penetration
Rape_Reverse_Fellatio.label,fellatio
Rape_Reverse_Fingering.label,fingering
Rape_Reverse_Fisting.label,fisting
Rape_Reverse_Footjob.label,footjob
Rape_Reverse_Handjob.label,handjob
Rape_Reverse_Rimming.label,rimming
Rape_Reverse_Scissoring.label,scissoring
Rape_Reverse_Vaginal.label,vaginal
Sex_Anal.label,anal
Sex_Beakjob.label,beakjob
Sex_Breastjob.label,breastjob
Sex_Cunnilingus.label,cunnilingus
Sex_DoublePenetration.label,double-penetration
Sex_DoublePenetrationM.label,double-penetration
Sex_Fellatio.label,fellatio
Sex_Fingering.label,fingering
Sex_Fisting.label,fisting
Sex_Footjob.label,footjob
Sex_Handjob.label,handjob
Sex_MutualMasturbation.label,mutual masturbation
Sex_Rimming.label,rimming
Sex_Scissoring.label,scissoring
Sex_Sixtynine.label,69ing
Sex_Vaginal.label,vaginal
Sex_Reverse_Anal.label,anal
Sex_Reverse_Beakjob.label,beakjob
Sex_Reverse_Breastjob.label,breastjob
Sex_Reverse_Cunnilingus.label,cunnilingus
Sex_Reverse_DoublePenetration.label,double-penetration
Sex_Reverse_DoublePenetrationM.label,double-penetration
Sex_Reverse_Fellatio.label,fellatio
Sex_Reverse_Fingering.label,fingering
Sex_Reverse_Fisting.label,fisting
Sex_Reverse_Footjob.label,footjob
Sex_Reverse_Handjob.label,handjob
Sex_Reverse_Rimming.label,rimming
Sex_Reverse_Vaginal.label,vaginal
GettinBred.reportString,gettin' bred.
Breed.reportString,breeding
RJW_Mate.reportString,mating
Bestiality.reportString,lovin' animal
BestialityForFemale.reportString,lovin' animal
RJW_HackMechPregnancy.reportString,hacking implanted mech of TargetA.
StruggleInBondageGear.reportString,struggling
UnlockBondageGear.reportString,unlocking
GiveBondageGear.reportString,equipping
RJW_Knotted.reportString,Knotted.
RJW_Masturbate.reportString,masturbatin'.
ViolateCorpse.reportString,violating corpse
Quickie.reportString,doing quickie with TargetA.
GettingQuickie.reportString,lovin'.
GettinRaped.reportString,gettin' raped.
RapeComfortPawn.reportString,rapin' CP
RandomRape.reportString,raping.
RapeEnemy.reportString,rapin' enemy
RapeEnemyByInsect.reportString,rapin' enemy
RapeEnemyByAnimal.reportString,rapin' enemy
RapeEnemyByMech.reportString,rapin' enemy
RapeEnemyToParasite.reportString,rapin' enemy
JoinInBed.reportString,joining TargetA in bed.
GettinLoved.reportString,lovin'.
GettinLicked.reportString,gettin' licked.
GettinSucked.reportString,gettin' sucked.
Sex.label,Sex
RandomRape.label,random rape
RJW_OriginalPartOwner.label,ownership
rjw_vatgrown_sex_slave.label,Vat-Grown Sex Slave
rjw_vatgrown_sex_slave.description,"[PAWN_nameDef] was made to be a sex toy, rather than a human. During [PAWN_possessive] growing period, [PAWN_pronoun] was taught plenty of social and sex related skills to satisfy any demands of its owners."
rjw_feisty.label,Feisty Nymph
rjw_feisty.description,"[PAWN_nameDef] is a conqueror by nature and will punch you in a face if you try to say ""No"" to [PAWN_possessive] advances."
rjw_curious.label,Curious Nymph
rjw_curious.description,"[PAWN_nameDef] loves crafting various things, especially things that provide new experiences."
rjw_tender.label,Tender Nymph
rjw_tender.description,"[PAWN_nameDef] has a pair of charming eyes, and [PAWN_possessive] voice is soft and sweet. Due to [PAWN_possessive] previous nurse job, [PAWN_pronoun] tends people quite well."
rjw_chatty.label,Chatty Nymph
rjw_chatty.description,"No one can be more loquacious than [PAWN_nameDef]. [PAWN_pronoun] has a flexible tongue, a sharp mind, and hot lips."
rjw_broken.label,Broken Nymph
rjw_broken.description,"[PAWN_nameDef] suffered some terrible things, [PAWN_pronoun] looks rather emaciated."
Sex.label,sex
Sex.description,"Represents fulfillment of sexual need, which is gained by doing sexual related activities and declined by time & turn-ons."
RJW_Fertility.label,fertility
Nymph.label,nymph
Nymph.label,nymph
RJW_Sire.label,father
RJW_Pup.label,son
Child_Beast.label,son
Sibling_Beast.label,brother
HalfSibling_Beast.label,brother
Grandparent_Beast.label,grandfather
Grandchild_Beast.label,grandson
NephewOrNiece_Beast.label,nephew
UncleOrAunt_Beast.label,uncle
Cousin_Beast.label,cousin
GreatGrandparent_Beast.label,great grandfather
GreatGrandchild_Beast.label,great grandson
GranduncleOrGrandaunt_Beast.label,granduncle
GrandnephewOrGrandniece_Beast.label,grandnephew
CousinOnceRemoved_Beast.label,cousin once removed
SecondCousin_Beast.label,second cousin
Honey.label,honey
RJW_AbortionMech.label,Neutralize mechanoid
RJW_AbortionMech.description,Safely neutralize mechanoid nanites.
RJW_HackMech.label,Hack mechanoid
RJW_HackMech.description,"Hack mechanoid AI, cutting it from global mechanoid AI, results docile(unless provoked) mechanoid."
RJW_Abortion.label,Abort pregnancy
RJW_Abortion.description,Removes an unwanted pregnancy.
claimChild.label,Claim child
claimChild.description,Makes the child belong to the colony.
DeterminePaternity.label,check Paternity
DeterminePaternity.description,Try to figure out who is the father.
DeterminePregnancy.label,check for pregnancy
DeterminePregnancy.description,Determines if a colonist is pregnant or not and if there any abnormalities with pregnancy.
MakeHololock.label,make hololock
MakeHololock.description,Make a hololock.
MakePrisonerChains.label,make chains
MakePrisonerChains.description,Make a restricvive chains.
MakePegDick.label,carve peg dick
MakePegDick.description,Carves a dildo from a piece of wood.
MakeHydraulicPenis.label,craft hydraulic penis
MakeHydraulicPenis.description,Crafts a hydraulic penis from steel and components.
MakeBionicPenis.label,craft bionic penis
MakeBionicPenis.description,"Crafts a bionic penis from hyperweave, plasteel, and components."
MakeHydraulicVagina.label,craft hydraulic vagina
MakeHydraulicVagina.description,Crafts a hydraulic vagina from steel and components.
MakeBionicVagina.label,craft bionic vagina
MakeBionicVagina.description,"Crafts a bionic vagina from hyperweave, plasteel, and components."
MakeHydraulicBreasts.label,craft hydraulic breasts
MakeHydraulicBreasts.description,Crafts a pair of hydraulic breasts from steel and components.
MakeBionicBreasts.label,craft bionic breasts
MakeBionicBreasts.description,"Crafts a pair of bionic breasts from hyperweave, plasteel, and components."
MakeHydraulicAnus.label,craft hydraulic anus
MakeHydraulicAnus.description,Crafts a hydraulic anus from steel and components.
MakeBionicAnus.label,craft bionic anus
MakeBionicAnus.description,"Crafts a bionic anus from hyperweave, plasteel, and components."
RJW_RemoveRestraints.label,remove restraints
RJW_RemoveRestraints.description,Removes restraints.
RJW_RemoveCocoon.label,remove cocoon
RJW_RemoveCocoon.description,Removes cocoon.
RJW_RemoveInsectEgg.label,remove egg
RJW_RemoveInsectEgg.description,Removes egg.
RJW_RemoveInsectEggx10.label,remove eggs(x10)
RJW_RemoveInsectEggx10.description,Removes eggs.
SexReassignment.description,Install genital part.
SexReassignmentV.description,"Installs a vagina, replaces other bodyparts if present."
SexReassignmentP.description,"Attaches a penis, replaces other bodyparts if present."
BreastSurgery.description,"Attaches a pair of breasts, replaces other bodyparts if present."
AnalSurgery.description,"Installs an anus, replaces other bodyparts if present."
InstallHydraulicPenis.label,install hydraulic penis
InstallHydraulicPenis.description,"Installs a hydraulic penis, replaces other bodyparts if present."
InstallHydraulicVagina.label,install hydraulic vagina
InstallHydraulicVagina.description,"Installs a hydraulic vagina, replaces other bodyparts if present."
InstallHydraulicBreasts.label,install hydraulic breasts
InstallHydraulicBreasts.description,"Installs a pair of hydraulic breasts, replaces other bodyparts if present."
InstallHydraulicAnus.label,install hydraulic anus
InstallHydraulicAnus.description,"Installs a hydraulic anus, replaces other bodyparts if present."
InstallBionicVagina.label,install bionic vagina
InstallBionicVagina.description,"Installs a bionic vagina, replaces other bodyparts if present."
InstallBionicPenis.label,install bionic penis
InstallBionicPenis.description,"Attaches a bionic penis, replaces other bodyparts if present."
InstallBionicBreasts.label,install bionic breasts
InstallBionicBreasts.description,"Installs a pair of bionic breasts, replaces other bodyparts if present."
InstallBionicAnus.label,install bionic anus
InstallBionicAnus.description,"Installs a bionic anus, replaces other bodyparts if present."
InstallArchotechPenis.label,install archotech penis
InstallArchotechPenis.description,"Attaches a archotech penis, replaces other bodyparts if present."
InstallArchotechVagina.label,install archotech vagina
InstallArchotechVagina.description,"Installs a archotech vagina, replaces other bodyparts if present."
InstallArchotechAnus.label,install archotech anus
InstallArchotechAnus.description,"Installs a archotech anus, replaces other bodyparts if present."
InstallArchotechBreasts.label,install archotech breasts
InstallArchotechBreasts.description,"Installs a pair of archotech breasts, replaces other bodyparts if present."
AddMultiArchotechVagina.label,add archotech vagina
AddMultiArchotechPenis.label,add archotech penis
AddMultiArchotechAnus.label,add archotech anus
AddMultiArchotechBreasts.label,add archotech breasts
AddMultiHydraulicVagina.label,add hydraulic vagina
AddMultiHydraulicAnus.label,add hydraulic anus
AddMultiHydraulicBreasts.label,add hydraulic breasts
AddMultiBionicVagina.label,add bionic vagina
AddMultiBionicPenis.label,add bionic penis
AddMultiBionicAnus.label,add bionic anus
AddMultiBionicBreasts.label,add bionic breasts
Sterilization.label,sterilize
Sterilization.description,Prevents reproduction without removing genitals.
RJW_InstallIUD.label,install IUD
RJW_InstallIUD.description,Greatly reduces the chance of pregnancy. Reversible anytime.
RJW_RemovelIUD.label,remove IUD
RJW_RemovelIUD.description,"Remove an installed IUD, restoring fertility."
InstallPegArm.label,install peg arm
InstallPegArm.description,Install a peg arm.
AttachPenis.label,attach penis
InstallVagina.label,install vagina
InstallCatVagina.label,install feline vagina
InstallDogVagina.label,install canine vagina
InstallHorseVagina.label,install equine vagina
InstallDragonVagina.label,install dragon vagina
InstallNarrowVagina.label,install narrow vagina
InstallCloacalVagina.label,install cloacal vagina
InstallRodentVagina.label,install rodent vagina
InstallOvipositorF.label,install female Ovipositor
InstallOvipositorF.description,Installs a female Ovipositor.
AttachHorsePenis.label,attach equine penis
AttachRaccoonPenis.label,attach procyonine penis
AttachCatPenis.label,attach feline penis
AttachDogPenis.label,attach canine penis
AttachDragonPenis.label,attach dragon penis
AttachHemiPenis.label,attach hemipenis
AttachHemiPenis.description,Attaches a dual-shafted hemipenis.
AttachCrocodilianPenis.label,attach crocodilian penis
AttachNeedlePenis.label,attach needle penis
AttachCloacalPenis.label,attach cloacal penis
AttachRodentPenis.label,attach rodent penis
AttachOvipositorM.label,attach male Ovipositor
AttachOvipositorM.description,"Attaches a male Ovipositor, replaces other bodyparts if present."
AttachBreasts.label,attach breasts
AttachFeaturelesschest.label,attach featureless chest
AttachFeaturelesschest.description,"Attaches a smooth, non-mammalian chest, replaces other bodyparts if present."
InstallAnus.label,install average anus
InstallCloacalAnus.label,install cloacal anus
InstallInsectAnus.label,install Insect anus
InstallInsectAnus.description,"Installs a Insect anus, replaces other bodyparts if present."
AddMultiVagina.label,add vagina
AddMultiHorseVagina.label,add equine vagina
AddMultiCatVagina.label,add feline vagina
AddMultiDogVagina.label,add canine vagina
AddMultiDragonVagina.label,add dragon vagina
AddMultiOvipositorF.label,add female ovipositor
AddMultiOvipositorF.description,Adds additional female ovipositor.
AddMultiPenis.label,add penis
AddMultiHorsePenis.label,add equine penis
AddMultiCatPenis.label,add feline penis
AddMultiDogPenis.label,add canine penis
AddMultiDragonPenis.label,add dragon penis
AddMultiRaccoonPenis.label,add procyonine penis
AddMultiHemiPenis.label,add hemipenis
AddMultiCrocodilianPenis.label,add crocodilian penis
AddMultiOvipositorM.label,add male ovipositor
AddMultiOvipositorM.description,Adds additional male ovipositor.
AddMultiBreasts.label,add breasts
AddMultiAnus.label,add anus
AddMultiInsectAnus.label,add insect anus
MultiVagina.description,Adds additional vagina.
MultiPenis.description,Adds additional penis.
MultiBreast.description,Adds additional breast row.
MultiAnus.description,Adds additional anus.
RemoveGenitals.label,remove genitals
RemoveGenitals.description,Removes sex organs.
RemoveBreasts.label,remove breasts
RemoveBreasts.description,Removes breasts.
RemoveAnus.label,remove anus
RemoveAnus.description,Removes anus.
CountOfFappin.label,masturbating done
CountOfFappin.description,The number of times I masturbated.
CountOfSex.label,total sex had
CountOfSex.description,The number of times I had sex.
CountOfSexWithHumanlikes.label,sex with humanlikes
CountOfSexWithHumanlikes.description,The number of times I had sex with humanlikes.
CountOfSexWithAnimals.label,sex with animals
CountOfSexWithAnimals.description,The number of times I had sex with animals.
CountOfSexWithInsects.label,sex with insects
CountOfSexWithInsects.description,The number of times I had sex with insects.
CountOfSexWithOthers.label,sex with other
CountOfSexWithOthers.description,The number of times I had sex with weird stuff.
CountOfRapedHumanlikes.label,raped humanlikes
CountOfRapedHumanlikes.description,The number of times I raped humanlikes.
CountOfRapedAnimals.label,raped animals
CountOfRapedAnimals.description,The number of times I raped animals.
CountOfRapedInsects.label,raped insects
CountOfRapedInsects.description,The number of times I raped insects.
CountOfRapedOthers.label,raped other
CountOfRapedOthers.description,The number of times I raped weird stuff.
CountOfSexWithCorpse.label,raped corpses
CountOfSexWithCorpse.description,The number of times I raped corpses.
CountOfBeenRapedByHumanlikes.label,raped by humanlikes
CountOfBeenRapedByHumanlikes.description,The number of times I was raped by humanlikes.
CountOfBeenRapedByAnimals.label,raped by animals
CountOfBeenRapedByAnimals.description,The number of times I was raped by animals.
CountOfBeenRapedByInsects.label,raped by insects
CountOfBeenRapedByInsects.description,The number of times I was raped by insects.
CountOfBeenRapedByOthers.label,raped by other
CountOfBeenRapedByOthers.description,The number of times I was raped by weird stuff.
GetRapedAsComfortPrisoner.label,raped as a comfort
GetRapedAsComfortPrisoner.description,The number of times I was used to comfort someone.
CountOfBirthHuman.label,birthed humanlikes
CountOfBirthHuman.description,How many humanlikes I have birthed.
CountOfBirthAnimal.label,birthed animals
CountOfBirthAnimal.description,How many animals I have birthed.
CountOfBirthEgg.label,birthed eggs
CountOfBirthEgg.description,How many eggs I have birthed.
CountOfCondomsUsed.label,condoms used
CountOfCondomsUsed.description,The number of condoms I've used.
RJW_MainButton.label,RJW
RJW_MainButton.description,Rjw containment area.
RJW_PawnTable_Humanlikes.label,Humanlikes
RJW_PawnTable_Animals.label,Animals
RJW_PawnTable_Colonists.label,Colonists
RJW_PawnTable_Property.label,Property
Cum.label,cum
GirlCum.label,girlcum
InsectSpunk.label,insect spunk
Milk.label,milk
Resin.label,resin
SexSatisfaction.label,sex satisfaction
SexSatisfaction.description,Determines how much satisfaction a pawn receives from sex.
Vulnerability.label,vulnerability
Vulnerability.description,Measures how likely a pawn is to be taken advantage of sexually
SexFrequency.label,sex drive
SexFrequency.description,Measures how sexually active the pawn is.
Bondage.label,Bondage gear
Condom.label,Condom
Condom.description,Prevents a single case of pregnancy. Hint: Auto used from pawn inventory or stack next to bed.
UsedCondom.label,Used Condom
UsedCondom.description,A condom filled with sperm. MMMM So good and tasty!
MakeCondom.label,make condom x10
MakeCondom.description,Craft 10 condoms.
SexWithCondom.stages.0.label,Had to wear condom
SexWithCondom.stages.0.description,Had to wear condom
FilthInsectCum.label,bugspunk
ResinCum.label,resin
BaseCumFilth.label,cum
Hololock.label,Hololock
Hololock.description,"A high-tech locking mechanism. Features include:
- Extremely hardy, plasteel-reinforced build
- Key and lock paired using a cryptographic UID holographically embedded in a jade substrate, ensuring counterfeit keys are impossible to produce
- Self-destruct failsafe triggers when the lock is tampered with, ensuring that the protected item is destroyed rather than captured by the enemy

Originally designed for military use, the hololock has since become popular in the BDSM community, where it is customary to engrave a key and lock pair with matching names so they are easier to identify."
Holokey.label,Holokey
Holokey.description,A high-tech key. Releases the lock on an item with a matching cryptographic stamp.
PrisonerChains.label,chains
PrisonerChains.description,"Chains with cuffs. Useful for restricting someone's movement and manipulation freedom. Prevents* hand-to-hand fighting attempts.
*gag is advised for complete neutralization"
RJW_EggUnfertilized.label,egg (unfert.)
RJW_EggUnfertilized.description,An unfertilized egg.
RJW_EggFertilized.label,egg (fert.)
RJW_EggFertilized.description,A fertilized egg.
RJW_EggInsectUnfertilized.label,egg (unfert.)
RJW_EggInsectUnfertilized.description,An unfertilized insect egg.
RJW_EggInsectFertilized.label,egg (fert.)
RJW_EggInsectFertilized.description,A fertilized insect egg.
RJW_EggUnfertilized.label,egg (unfert.)
RJW_EggUnfertilized.description,An unfertilized egg.
RJW_EggFertilized.label,egg (fert.)
RJW_EggFertilized.description,A fertilized egg.
HorsePenis.label,equine penis
HorsePenis.description,A equine penis. Huge for a human.
HorseVagina.label,equine vagina
HorseVagina.description,A equine vagina. Gaping vagina just begs Studs to plow it.
CatPenis.label,feline penis
CatPenis.description,"A feline penis. Long, thin and barbed."
CatVagina.label,feline vagina
CatVagina.description,"A feline vagina. Long and thin vagina with clitoris inside, perfect for barbed feline cocks."
DogPenis.label,canine penis
DogPenis.description,A canine penis. Thick and knotted.
DogVagina.label,canine vagina
DogVagina.description,A canine vagina. Has enough strength to keep cock inside for 20 minutes.
DragonPenis.label,dragon penis
DragonPenis.description,A dragon penis. Thick and HARD.
DragonVagina.label,dragon vagina
DragonVagina.description,"A dragon vagina. It's gaping, probably good for laying eggs."
RaccoonPenis.label,procyonine penis
RaccoonPenis.description,"A procyonine penis. Impressive length, but very thin and inflexible."
HemiPenis.label,hemipenis
HemiPenis.description,A reptilian hemipenis. Two knobbly shafts with flexible barbs.
CrocodilianPenis.label,crocodilian penis
CrocodilianPenis.description,"A crocodilian penis. Very rigid and has a thick bulbous base, but otherwise similar to a humanoid penis."
NarrowVagina.label,narrow vagina
NarrowVagina.description,"A narrow vagina. A deep, but particularly thin vagina."
NeedlePenis.label,needle-like penis
NeedlePenis.description,"A needle-like penis. A rather long, but exceptionally thin penis."
RodentVagina.label,rodent vagina
RodentVagina.description,A rodent vagina. A vagina barely even large enough to fit a human finger.
RodentPenis.label,rodent penis
RodentPenis.description,"A rodent penis. A truly tiny penis, built for the bare minimum of function."
CloacalPenis.label,cloacal penis
CloacalPenis.description,A cloacal penis. A male sex organ tucked away inside a slit.
CloacalVagina.label,cloacal vagina
CloacalVagina.description,"A cloacal vagina. A female, egg-laying sex organ."
UdderBreasts.label,udder
UdderBreasts.description,"A large udder, possibly from a muffalo or similar animal. May be attached to humanoids for a literal cowgirl look."
CloacalAnus.label,cloacal anus
CloacalAnus.description,"A cloacal anus. An anus hidden within a common port for the reproductive organs, known as a cloaca."
DemonTentaclePenis.label,demon tentacles
DemonTentaclePenis.description,"A demon tentacle. Long and flexible, constantly leaking demonic fluids. Useless for humans."
DemonPenis.label,demon penis
DemonPenis.description,"A demon penis. It's average humanlike size, constantly leaking demonic fluids. Useless for humans."
DemonVagina.label,demon vagina
DemonVagina.description,"A demon vagina, full of small tentacles, constantly leaking demonic fluids. Useless for humans."
DemonAnus.label,demon anus
DemonAnus.description,A demon anus... full of tentacles. Useless for humans.
Penis.label,penis
Penis.description,A penis.
Vagina.label,vagina
Vagina.description,A vagina.
Breasts.label,breasts
Breasts.description,A pair of breasts.
Anus.label,anus
Anus.description,An anus.
FeaturelessChest.label,featureless chest
FeaturelessChest.description,"Smooth, featureless chest. Primarily found on non-mammalian creatures."
PegDick.label,peg dick
PegDick.description,A wooden dildo designed to replace a missing penis. Be careful of splinters.
HydraulicPenis.label,hydraulic penis
HydraulicPenis.description,A prosthetic penis. Cold metal phallus. Has built in fluid delivery system.
HydraulicVagina.label,hydraulic vagina
HydraulicVagina.description,A prosthetic vagina. Its cold metal grip is uncomfortable but it has great suction power.
HydraulicBreasts.label,hydraulic breasts
HydraulicBreasts.description,Prosthetic breasts. Conical metal.
HydraulicAnus.label,hydraulic anus
HydraulicAnus.description,A prosthetic anus. Its cold metal grip is uncomfortable but it has great suction power.
BionicPenis.label,bionic penis
BionicPenis.description,"A high-tech prosthetic penis. Features include:
- Adjustable size allows you to fit in any vagina.
- Over 50 different vibration modes, including 10 of the most stimulating waveforms known to science
- State-of-the-art neural interface activates neural pathways you didn't even know you had to make you feel things you never even imagined."
BionicVagina.label,bionic vagina
BionicVagina.description,"A high-tech prosthetic vagina. Features include:
- Interior lined with 150 million micro-g-spots
- Resizes to fit any penis
- Auto-lubrication with boro-graphitic pseudofluid, smooth but never slimy (includes toggleable sliminess in case you're into that)"
BionicBreasts.label,bionic breasts
BionicBreasts.description,"High-tech prosthetic breasts. Features include:
- Resizes to any desired size"
BionicAnus.label,bionic anus
BionicAnus.description,"A high-tech prosthetic anus. Features include:
- Resizes to any desired size
- Auto-lubrication with boro-graphitic pseudofluid, smooth but never slimy (includes toggleable sliminess in case you're into that)"
ArchotechPenis.label,archotech penis
ArchotechPenis.description,"An artificial penis built by an archotech. It's stimulating capabilities are unmatched in every kind of sexual situation. Not only is it able to change color, texture, length and shape to provide the perfect stimulation for every kind of orifice, it's also stronger than plasteel and self-repairing. It attaches seamlessly to the body and directly connects to the nervous system to greatly enhance the owner's stamina and virility to keep the pleasure going for as long as possible. AI-controlled vibrations combined with custom pheromones make sure to make every sex-act into an unforgettable experience. Its internal workings are a mystery to all human minds."
ArchotechVagina.label,archotech vagina
ArchotechVagina.description,"An artificial vagina built by an archotech. It looks exactly like its fleshy original, but its properties make it the perfect replacement for its weaker, organic counterpart. Advanced lubrication, flexibility in addition to its self-repairing mechanisms enables it to endure any type of inserted object with ease and allows any kind of offspring to pass through without complications. It seamlessly attaches to the hosting body and maintains immunity of most known STDs. Exceptional sensitivity, warmth regulation as well as pheromones will satisfy any kind of partner. Its internal workings are a mystery to all human minds."
ArchotechBreasts.label,archotech breasts
ArchotechBreasts.description,"A pair of artificial breasts built by an archotech. They can change shape into any desired appearance, at any time and wont interfere in the wearers activities. Their surface is smoother than any natural skin, while beeing harder to damage than plasteel and beeing able to heal themselves. Its internal workings are a mystery to all human minds."
ArchotechAnus.label,archotech anus
ArchotechAnus.description,An artificial anus built by an archotech. It's indistinguishable from a normal anus. Unmatched strength and self-repairing properties make it almost impossible to destroy. Its internal workings are a mystery to all human minds.
OvipositorM.label,ovipositor (Male)
OvipositorM.description,Ovipositor used to fertilize eggs.
OvipositorF.label,ovipositor (Female)
OvipositorF.description,Ovipositor used to lay eggs.
InsectAnus.label,insect anus
InsectAnus.description,Insect anus.
ResinGlob.label,resin
ResinGlob.description,A mixture of highly viscous organic compounds typically harvested from plants.
SlimeGlob.label,slime glob
SlimeGlob.description,An oozy slime glob. Useless for humans.
GotBredByAnimal.stages.0.label,raped by animal
GotBredByAnimal.stages.0.description,Oh God... I was raped by an animal. The sheer humiliation of it...How can I look anybody in the eye now? I think I can still smell it on me...
GotAnalBredByAnimal.stages.0.label,bred anally by animal
GotAnalBredByAnimal.stages.0.description,"I was raped...anally... by an animal. I can't get any lower than this; I just want to crawl in a hole and die. Please, nobody look at me..."
MasochistGotBredByAnimal.stages.0.label,raped by animal
MasochistGotBredByAnimal.stages.0.description,"An animal raped me. It makes me feel so dirty and deviant, like a filthy sow being bred...not bad."
MasochistGotAnalBredByAnimal.stages.0.label,bred anally by animal
MasochistGotAnalBredByAnimal.stages.0.description,I was raped...anally... by an animal. The way it utterly humiliated me by rutting on me mindlessly like I was just some pig who deserved nothing better...I could get used to this.
ZoophileGotBredByAnimal.stages.0.label,bred by animal
ZoophileGotBredByAnimal.stages.0.description,"An animal made love to me, just like I was one too...It's so much more better than with a human.."
ZoophileGotAnalBredByAnimal.stages.0.label,bred anally by animal
ZoophileGotAnalBredByAnimal.stages.0.description,That animal just took me anally and made me its bitch...The way it mounted me...it just makes me want to touch myself all over again just thinking about it.
AllowedAnimalToBreed.stages.0.label,bred by animal
AllowedAnimalToBreed.stages.0.description,I was so horny that I let an animal mount me. I feel ashamed for enjoying it...
GotLickedByAnimal.stages.0.label,raped by animal
GotLickedByAnimal.stages.0.description,An animal forced their tongue inside me.
MasochistGotLickedByAnimal.stages.0.label,raped by animal
MasochistGotLickedByAnimal.stages.0.description,An animal forced their tongue inside me. I kinda liked it...
ZoophileGotLickedByAnimal.stages.0.label,ravished by animal
ZoophileGotLickedByAnimal.stages.0.description,An animal ravished me.
AllowedAnimalToLick.stages.0.label,licked by animal
AllowedAnimalToLick.stages.0.description,"I let an animal lick me. I feel ashamed, but kinda liked it..."
GotGropedByAnimal.stages.0.label,molested by animal
GotGropedByAnimal.stages.0.description,An animal molested me. I feel dirty.
MasochistGotGropedByAnimal.stages.0.label,molested by animal (Masochist)
MasochistGotGropedByAnimal.stages.0.description,An animal molested me. I kinda liked it...
ZoophileGotGropedByAnimal.stages.0.label,molested by animal (Zoophile)
ZoophileGotGropedByAnimal.stages.0.description,An animal ravished me.
AllowedAnimalToGrope.stages.0.label,groped by animal
AllowedAnimalToGrope.stages.0.description,I was so horny that I let an animal grope me. I feel ashamed...
Bound.stages.0.label,bound
Bound.stages.0.description,This thing is seriously annoying. I wish I could take it off.
Bound.stages.1.label,gagged
Bound.stages.1.description,Ish shnn ish shrrrrsh uhnnninnn
Bound.stages.2.label,bound and gagged
Bound.stages.2.description,Ufff ish hhhh shrrrnnn shhhrrr! hhhek shi thfffff!
MasochistBound.stages.0.label,masochist bound
MasochistBound.stages.0.description,Heh... heh heh...
MasochistBound.stages.1.label,masochist gagged
MasochistBound.stages.1.description,Nnnn shsh hhhch uhnnn
MasochistBound.stages.2.label,masochist bound and gagged
MasochistBound.stages.2.description,Shnnn ihhh shrrr fff shnnn... shsh chhhnnn uhfsh~!
MyPupDied.stages.0.label,my son {0} died
MyPupDied.stages.0.description,My son is dead. My own flesh and blood...
MyPupDiedFemale.stages.0.label,my daughter {0} died
MyPupDiedFemale.stages.0.description,My daughter is dead. My own flesh and blood...
KilledMyPup.stages.0.label,killed my son
KilledMyPupFemale.stages.0.label,killed my daughter
SoldMyPup.stages.0.label,loved one sold
SoldMyPup.stages.0.description,My child was sold!
ViolatedCorpse.stages.0.label,had sex with a corpse
ViolatedCorpse.stages.0.description,{0} wasn't the only thing that was stiff if you know what I mean...
ThatsMyFetish.stages.0.label,Thats my fetish
ThatsMyFetish.stages.0.description,I just had sex that satisfied one of my quirks.
FeelingBroken.stages.0.label,dizzy
FeelingBroken.stages.0.description,Huh...wha...how many times was I...?
FeelingBroken.stages.1.label,my body feels broken
FeelingBroken.stages.1.description,No...I don't want...aah...ahhh...my body feels...broken...please...no more...
FeelingBroken.stages.2.label,begging for more
FeelingBroken.stages.2.description,"Masters, please violate me more, I only exist to be used by you. Please fuck me and fill me with your cum again, and again, and again..."
GotRaped.stages.0.label,raped
GotRaped.stages.0.description,I was raped...I feel so helpless and used.
GotAnalRaped.stages.0.label,anally raped
GotAnalRaped.stages.0.description,I was raped anally...I feel so violated and filthy.
GotAnalRapedByFemale.stages.0.label,anally raped by a girl
GotAnalRapedByFemale.stages.0.description,I was raped anally by a girl...It's so humiliating. I probably deserved it for being so weak...
GotRapedUnconscious.stages.0.label,raped (Unconscious)
GotRapedUnconscious.stages.0.description,"Oh God, someone or something raped me while I was unconscious. I feel so violated and dirty."
MasochistGotRapedUnconscious.stages.0.label,raped (Unconscious)
MasochistGotRapedUnconscious.stages.0.description,Some one used my body while I was unconscious and the worst part was that I missed out and didn't feel anything!
MasochistGotRaped.stages.0.label,raped
MasochistGotRaped.stages.0.description,"I was used and thrown around like a piece of meat. God, I love it when they rape me."
MasochistGotAnalRaped.stages.0.label,anally raped
MasochistGotAnalRaped.stages.0.description,I was raped anally...it was so intense. They held me down and pounded like a piledriver...mmm...
MasochistGotAnalRapedByFemale.stages.0.label,anally raped by a girl
MasochistGotAnalRapedByFemale.stages.0.description,I was raped anally by a girl...God it was hot. There's just something about a woman having so much power over you as she makes you her bitch...
HateMyRapist.stages.0.label,raped me
HateMyRapist.stages.0.description,I was raped by {0}. I'll never forgive them.
KindaLikeMyRapist.stages.0.label,raped me
KindaLikeMyRapist.stages.0.description,{0} forced themselves on me roughly. Wish they'd do it more often...
AllowedMeToGetRaped.stages.0.label,allowed me to get raped
AllowedMeToGetRaped.stages.0.description,I got raped while that piece of shit {0} just looked the other way...
StoleSomeLovin.stages.0.label,stole some lovin’
StoleSomeLovin.stages.0.description,"I forced myself on some bitch. The sex was pretty shit, but it's better than nothing."
MadeSomeLovin.stages.0.label,made some lovin’
MadeSomeLovin.stages.0.description,Spent some good time rolling in the hay.
BloodlustStoleSomeLovin.stages.0.label,stole some lovin’
BloodlustStoleSomeLovin.stages.0.description,I raped some cunt who deserved it. The way they screamed and cried was so fucking good.
NeedSex.stages.0.label,sexually frustrated
NeedSex.stages.0.description,I NEED IT!!!
NeedSex.stages.1.label,horny
NeedSex.stages.1.description,It's been too long. I can't stop thinking about sex.
NeedSex.stages.2.label,sexually satisfied
NeedSex.stages.2.description,I had a good roll in the hay.
RJW_Ahegao.stages.0.label,ahegao
RJW_Ahegao.stages.0.description,"My legs are numb, my tongue's flopped out, and my eyes have rolled back in my head."
Fapped.stages.0.label,just fapped
Fapped.stages.0.description,I just fapped. Alone.
male2trap.stages.0.label,Happy with new self
male2trap.stages.0.description,"Tee hee hee... Traps are gay, you know."
male2trap.stages.1.label,Acceptance of sex changes
male2trap.stages.1.description,"Well, at least I'm pretty now."
male2trap.stages.2.label,Mild discontent with new gender
male2trap.stages.2.description,But I'm a boy!
male2trap.stages.3.label,Furious about transgender surgery
male2trap.stages.3.description,What are you doing to me!
male2female.stages.0.label,Happy with new self
male2female.stages.0.description,"Although I was a boy before, I kinda like being a girl now."
male2female.stages.1.label,Acceptance of sex changes
male2female.stages.1.description,"Well, I guess I will have to live with that now."
male2female.stages.2.label,Mild discontent with new gender
male2female.stages.2.description,But I'm a boy!
male2female.stages.3.label,Furious about transgender surgery
male2female.stages.3.description,"Aah, I'm not your toy! Sew it back!"
male2futa.stages.0.label,Happy with a vagina
male2futa.stages.0.description,Whoa... This thing is awesome! How could I live without it before!
male2futa.stages.1.label,Acceptance of vagina
male2futa.stages.1.description,"Well, I guess I will have to live with that now.."
male2futa.stages.2.label,Mild discontent with vagina
male2futa.stages.2.description,This thing is horrible! Take it away from meee!
male2futa.stages.3.label,Furious about vagina attached
male2futa.stages.3.description,I'm a monster now! Aaah!
female2trap.stages.0.label,Happy with new self
female2trap.stages.0.description,Tee hee hee... Now I have a built-in strap-on!
female2trap.stages.1.label,Acceptance of sex changes 1
female2trap.stages.1.description,"Well, at least I'm still pretty."
female2trap.stages.2.label,Mild discontent with new gender 2
female2trap.stages.2.description,But I'm a girl!
female2trap.stages.3.label,Furious about transgender surgery 3
female2trap.stages.3.description,What are you doing to me!
female2male.stages.0.label,Happy with new self
female2male.stages.0.description,I'm so happy now with all my masculinity unleashed.
female2male.stages.1.label,Acceptance of sex changes
female2male.stages.1.description,"Well, I've got to live with this."
female2male.stages.2.label,Mild discontent with new gender
female2male.stages.2.description,But I'm a girl!
female2male.stages.3.label,Furious about transgender surgery
female2male.stages.3.description,What are you doing to me!
female2futa.stages.0.label,Happy with a dick
female2futa.stages.0.description,Whoa... This thing is awesome! How could I live without it before!
female2futa.stages.1.label,Acceptance of penis
female2futa.stages.1.description,"Well, at least I can pee standing now."
female2futa.stages.2.label,Mild discontent with penis
female2futa.stages.2.description,This thing is horrible! Take it away from meee!
female2futa.stages.3.label,Furious about penis attached
female2futa.stages.3.description,I'm a monster now! Aaah!
futa2trap.stages.0.label,Happy with new self
futa2trap.stages.0.description,Tee hee hee... I still have another hole!
futa2trap.stages.1.label,Acceptance of sex changes
futa2trap.stages.1.description,"Well, at least I'm still pretty."
futa2trap.stages.2.label,Mild discontent with new gender
futa2trap.stages.2.description,Come on! Don't be a pussy! Give mine back!
futa2trap.stages.3.label,Furious about transgender surgery
futa2trap.stages.3.description,Hey! Give it back!
futa2male.stages.0.label,Happy without a vagina
futa2male.stages.0.description,It was an interesting experience. Let's not do that again.
futa2male.stages.1.label,Sad without a vagina
futa2male.stages.1.description,"Oh well, it was fun while it lasted."
futa2male.stages.2.label,Unhappy without a vagina
futa2male.stages.2.description,"Seriously, it is mine now. I want it back."
futa2male.stages.3.label,Furious about vagina removal
futa2male.stages.3.description,Aww come on! Give it back!
futa2female.stages.0.label,Happy without a dick
futa2female.stages.0.description,It was an interesting experience. Let's not do that again.
futa2female.stages.1.label,Sad without a dick
futa2female.stages.1.description,"Oh well, it was fun while it lasted."
futa2female.stages.2.label,Unhappy without a dick
futa2female.stages.2.description,"Seriously, it is mine! I want it back!"
futa2female.stages.3.label,Furious about dick removal
futa2female.stages.3.description,Aww come on! Give it back!
trap2futa.stages.0.label,Happy with new self
trap2futa.stages.0.description,"Hey, now I have best of both worlds!"
trap2futa.stages.1.label,Acceptance of sex changes
trap2futa.stages.1.description,"Well, now I know both sides."
trap2futa.stages.2.label,Mild discontent with new gender
trap2futa.stages.2.description,But I was fine the way I was!
trap2futa.stages.3.label,Furious about transgender surgery
trap2futa.stages.3.description,What are you doing to me!
trap2male.stages.0.label,Happy without a breast
trap2male.stages.0.description,It was an interesting experience. Let's not do that again.
trap2male.stages.1.label,Sad without a breast
trap2male.stages.1.description,"Oh well, it was fun while it lasted."
trap2male.stages.2.label,Unhappy without a breast
trap2male.stages.2.description,"Seriously, they're mine now. I want them back."
trap2male.stages.3.label,Furious about breast removal
trap2male.stages.3.description,Aww come on! Give them back!
trap2female.stages.0.label,Happy without a dick
trap2female.stages.0.description,It was an interesting experience. Let's not do that again.
trap2female.stages.1.label,Sad without a dick
trap2female.stages.1.description,"Oh well, time to learn to sit when I pee."
trap2female.stages.2.label,Unhappy without a dick
trap2female.stages.2.description,"Seriously, it is mine. I want it back."
trap2female.stages.3.label,Furious about dick removal
trap2female.stages.3.description,Aww come on! Give it back!
FortunateGaveVirginity.stages.0.label,Gave virginity
FortunateGaveVirginity.stages.0.description,I gave my virginity.
UnfortunateLostVirginity.stages.0.label,Lost virginity
UnfortunateLostVirginity.stages.0.description,I lost my virginity and I'll never get it back.
TookVirginity.stages.0.label,Took virginity
TookVirginity.stages.0.description,I've taken someone's virginity.
MySonDied_Beast.stages.0.label,my son {0} died
MySonDied_Beast.stages.0.description,My son is dead. My own flesh and blood...
MyDaughterDied_Beast.stages.0.label,my daughter {0} died
MyDaughterDied_Beast.stages.0.description,My daughter is dead. My own flesh and blood...
MyBrotherDied_Beast.stages.0.label,my brother {0} died
MyBrotherDied_Beast.stages.0.description,My brother died. My own flesh and blood...
MySisterDied_Beast.stages.0.label,my sister {0} died
MySisterDied_Beast.stages.0.description,My sister died. My own flesh and blood...
MyGrandchildDied_Beast.stages.0.label,my grandchild {0} died
MyGrandchildDied_Beast.stages.0.description,My grandchild died. My own flesh and blood...
MyNieceDied_Beast.stages.0.label,my niece {0} died
MyNieceDied_Beast.stages.0.description,My niece died. Such a wonderful child.
MyNephewDied_Beast.stages.0.label,my nephew {0} died
MyNephewDied_Beast.stages.0.description,My nephew died. Such a wonderful child.
MyHalfSiblingDied_Beast.stages.0.label,my half-sibling {0} died
MyHalfSiblingDied_Beast.stages.0.description,My half-sibling died. My own flesh and blood...
MyAuntDied_Beast.stages.0.label,my aunt {0} died
MyAuntDied_Beast.stages.0.description,My aunt died.
MyUncleDied_Beast.stages.0.label,my uncle {0} died
MyUncleDied_Beast.stages.0.description,My uncle died.
MyGrandparentDied_Beast.stages.0.label,my grandparent {0} died
MyGrandparentDied_Beast.stages.0.description,My grandparent died.
MyCousinDied_Beast.stages.0.label,my cousin {0} died
MyCousinDied_Beast.stages.0.description,My cousin died. My own flesh and blood...
MyKinDied_Beast.stages.0.label,my kin {0} died
MyKinDied_Beast.stages.0.description,My kin died.
MySonLost_Beast.stages.0.label,my son {0} lost
MySonLost_Beast.stages.0.description,My son has gone lost. I hope he will get back to us someday.
MyDaughterLost_Beast.stages.0.label,my daughter {0} lost
MyDaughterLost_Beast.stages.0.description,My daughter has gone lost. I hope she will get back to us someday.
MyBrotherLost_Beast.stages.0.label,my brother {0} lost
MyBrotherLost_Beast.stages.0.description,My brother has gone lost. I hope he will get back to us someday.
MySisterLost_Beast.stages.0.label,my sister {0} lost
MySisterLost_Beast.stages.0.description,My sister has gone lost. I hope she will get back to us someday.
MyGrandchildLost_Beast.stages.0.label,my grandchild {0} lost
MyGrandchildLost_Beast.stages.0.description,My grandchild has gone lost. I hope they will get back to us someday.
MyNieceLost_Beast.stages.0.label,my niece {0} lost
MyNieceLost_Beast.stages.0.description,My niece has gone lost. I hope she will get back to us someday.
MyNephewLost_Beast.stages.0.label,my nephew {0} lost
MyNephewLost_Beast.stages.0.description,My nephew has gone lost. I hope he will get back to us someday.
MyHalfSiblingLost_Beast.stages.0.label,my half-sibling {0} lost
MyHalfSiblingLost_Beast.stages.0.description,My half-sibling has gone lost.
MyAuntLost_Beast.stages.0.label,my aunt {0} lost
MyAuntLost_Beast.stages.0.description,My aunt has gone lost. I hope she will get back to us someday.
MyUncleLost_Beast.stages.0.label,my uncle {0} lost
MyUncleLost_Beast.stages.0.description,My uncle has gone lost. I hope he will get back to us someday.
MyGrandparentLost_Beast.stages.0.label,my grandparent {0} lost
MyGrandparentLost_Beast.stages.0.description,My grandparent has gone lost.
MyCousinLost_Beast.stages.0.label,my cousin {0} lost
MyCousinLost_Beast.stages.0.description,My cousin has gone lost.
MyKinLost_Beast.stages.0.label,my kin {0} lost
MyKinLost_Beast.stages.0.description,My kin has gone lost.
KilledMyFather_Beast.stages.0.label,killed my father
KilledMyMother_Beast.stages.0.label,killed my mother
KilledMySon_Beast.stages.0.label,killed my son
KilledMyDaughter_Beast.stages.0.label,killed my daughter
KilledMyBrother_Beast.stages.0.label,killed my brother
KilledMySister_Beast.stages.0.label,killed my sister
KilledMyKin_Beast.stages.0.label,killed my kin
SoldMyLovedOne_Beast.stages.0.label,sold my kin
Rapist.label,rapist
Rapist.description,"[PAWN_nameDef] doesn't take ""No"" as an answer."
Necrophiliac.label,necrophile
Necrophiliac.description,"Dead people can't say no, can they?"
Zoophile.label,zoophile
Zoophile.description,[PAWN_nameDef] likes to walk on the wild side.
Nymphomaniac.label,hypersexual
Nymphomaniac.description,[PAWN_nameDef] loves sex and always wants more. Can regain psyfocus only through sex.
FootSlut.label,Footslut
FootSlut.description,[PAWN_nameDef] really likes feet and prefers sex acts involving them.
CumSlut.label,Cumslut
CumSlut.description,[PAWN_nameDef] really likes cum and prefers fellatio sex acts.
ButtSlut.label,Buttslut
ButtSlut.description,[PAWN_nameDef] really likes getting fucked in the butt and prefers anal sex acts.
Hediff_InsectEgg_egg,egg
Hediff_InsectEgg_small,Small egg
Hediff_InsectEgg_medium,Medium egg
Hediff_InsectEgg_big,Big egg
Hediff_InsectEgg_huge,Huge egg
Hediff_InsectEgg_fertilized,Fertilized
Hediff_InsectEgg_unfertilized,Unfertilized
PawnCantRapeCP,The target isn't healthy enough or is in a forbidden location.
PawnCantRapeCP0,"The pawn doesn't need sex, is not healthy, or cannot rape."
PawnCantRapeCP1,The pawn is not single or their partner is nearby.
PawnCantRapeCP2,The pawn is not a zoophile so they can't rape animals.
CommandSubmit,Submit
CommandSubmitDesc,Lay down and accept whatever is to cum.
RJW_PregnantTitle,{0} is pregnant.
RJW_PregnantText,"{0} is pregnant and is going to be a mother soon. Be aware, starvation and trauma may result in loss of child."
RJW_Contractions,{0} is having contractions! Baby(ies) is(are) on the way!
RJW_GaveBirthTitle,Birthing done.
RJW_GaveBirthText,{0} has successfully given birth to
RJW_ABaby,her baby.
RJW_NBabies,her {0} babies.
RJW_PregnantNormal,Have a healthy baby...
RJW_PregnantStrange,Something is unusual about the baby...
RJW_PregnantMechStrange,Something is very strange about the baby...
RJW_GaveBirthEggTitle,Birthed egg.
RJW_GaveBirthEggText,{0} laid eggs
RJW_EggContractions,{0} is having contractions! Eggs are on the way!
RJW_AlertRape,{RAPIST} is trying to rape {TARGET}.
RJW_AlertAssault,{RAPIST} is trying to assault {TARGET}.
RJW_AlertBreed,{RAPIST} is trying to breed {TARGET}.
RJW_AlertRapeRelated,"{RAPIST} is trying to rape {TARGET}, {RAPIST_possessive} {RELATION}."
RJW_AlertAssaultRelated,"{RAPIST} is trying to assault {TARGET}, {RAPIST_possessive} {RELATION}."
RJW_AlertBreedRelated,"{RAPIST} is trying to breed {TARGET}, {RAPIST_possessive} {RELATION}."
RJW_AlertBeeingRaped,{TARGET} is getting raped.
GoToModSettings,This space is reserved for optional RJW features that are either turned off or unavailable for the selected pawn/animal.\nCheck the fucking mod options and stop asking if THIS is normal.
ForComfort,Use for comfort
ForComfortDesc,Mark for comforting sex
ForComfortRefuseDesc,Won't agree to be used for comfort\nReq: masochist trait
ForService,Assign to whorin'
ForServiceDesc,"Mark for whoring
- Will try to hook up with visitors.
- Entertains other colonists if not busy.
- Tries to refrain from masturbation while on the job, may cause frustration."
ForServiceRefuseDesc,Won't agree to be a whore
ForBreeding,For animals
ForBreedingDesc,Mark for animal breeding
ForBreedingRefuseDesc,Won't agree to be mounted by animals\nReq: zoophile trait
ForBreedingAnimalDesc,Allow this animal to mount designated breeders
BreedMessage,is trying to breed
ForMilking,Designate dairy
ForMilkingDesc,Harvest biological materials from this being
ForHero,Designate Hero
ForHeroDesc,"Set pawn as player character
-Can only be set once.
-Can't be turned off."
ForHeroRefuse1Desc,This is hero of other player
ForHeroRefuse2Desc,You have no right to change designation
ForHeroRefuseHCDesc,Non hero colonist in HC mode
RJW_PartInfo_braCup,Bra cup: {0}
RJW_PartInfo_braSizeNone,Bra size: -
RJW_PartInfo_eggs,Eggs: {0}
RJW_PartInfo_fluidTypeFluidAmount,{0}: {1}
RJW_PartInfo_braSize,Bra size: {0}:{1}
RJW_PartInfo_overbust,Overbust: {0}
RJW_PartInfo_underbust,Underbust: {0}
RJW_PartInfo_weight,Weight: {0}
RJW_PartInfo_properties,Properties: {0}
RJW_PartInfo_severity,Severity: {0}
RJW_PartInfo_fluidMultiplier,Fluid Multiplier: {0}
RJW_PartInfo_girth,Girth: {0}
RJW_PartInfo_length,Length: {0}
RJW_PartInfo_depth,Depth: {0}
RJW_PartInfo_maxGirth,Max Girth: {0}
RJW_PartInfo_maxLength,Max Length: {0}
RJW_PartInfo_fluidTypeFluidAmountHeading,Fluid: {0} ({1}ml)
RJW_PartInfo_unknownSpecies,Unknown species
RJW_PartInfo_unknownOwner,Unknown
RJW_StatEntry_PreviousOwner,previous owner
RJW_StatEntry_OriginalOwnerRace,original race
RJW_StatEntry_OriginalOwnerSize,original size
RJW_StatEntry_PartSize,size
RJW_StatEntry_PartCupSize,cup size
RJW_StatEntry_PartLength,length
RJW_StatEntry_PartGirth,girth
RJW_StatEntry_PartMaxGirth,max girth
RJW_StatEntry_PartDepth,depth
RJW_StatEntry_PartWeight,weight
RJW_StatEntry_PartTags,properties
RJW_StatEntry_Fluid,fluid
RJW_StatEntry_FluidAmount,fluid amount
RJW_StatEntry_FluidAmount_ejaculation,ejaculation amount
RJW_StatEntry_FluidAmount_wetness,wetness
AgeImpactor,Age:
VanillaFertilityImpactor,Fertility stat: {VALUE}%
RJW_nymph_incident_raid_title,Nymphs!!!
RJW_nymph_incident_raid_description,A group of nymphs has wandered into your settlement.
RJW_nymph_incident_wander_title,Nymph!
RJW_nymph_incident_wander_description,A wandering nymph has decided to visit your settlement.
RJW_nymph_incident_join_title,Nymph Joins
RJW_nymph_incident_join_description,A wandering nymph has decided to join your settlement.
PawnLacksFunctionalGenitals,{PAWN} has no working genitals.
PawnLacksVagina,{PAWN} does not have a vagina.
PawnLacksFunctionalPenis,{PAWN} does not have a functional penis.
VaginalWeight,vaginal sex chance
LetterLabelGainedTraitFromSex,Trait gained : {PAWN}
GainedTraitFromSex,A sexual experience has caused {PAWN} to gain the {TRAIT} trait.
GainedTraitFromSexNymphomaniac,Aphrodisiac-assisted overstimulation has permanently rewired {PAWN}'s brain. {PAWN_pronoun} has gained the {TRAIT} trait.
GainedTraitFromSexFootSlut,The feat of feasting on the feel of feet is feeding a fiendish new fetish in {PAWN}. {PAWN} is now a {TRAIT}
LetterLabelGainedMultipleTraitsFromSex,Traits gained: {PAWN}
GainedMultipleTraitsFromSex,A powerful sexual experience has caused {PAWN} to gain the following traits:
GainedMultipleTraitsFromSexListItem,- {0}
PawnColumnWorker_RJWGender_IsHerm,Herm
PawnColumnWorker_IsSlave,Is pawn Slave?
PawnColumnWorker_IsPrisoner,Is pawn Prisoner?
PawnColumnWorker_IsComfort,Is pawn Comfort Pawn?
PawnColumnWorker_IsBreeder,Is pawn Breeder?
MainTabWindow_Designators,Designators
RJW_RMB,Interact
RJW_RMB_NoSex,refuses to have sex with
RJW_RMB_Social,Socialize with {0_labelShort}
RJW_RMB_Masturbate,Masturbate
RJW_RMB_Sex,Have sex with {0_labelShort}
RJW_RMB_Bestiality,Bestiality {0_labelShort}
RJW_RMB_Sex_Reverse,(Reverse)Sex {0_labelShort}
RJW_RMB_Bestiality_Reverse,(Reverse)Bestiality {0_labelShort}
RJW_RMB_Insult,Insult
RJW_RMB_SocialFight,Start a fight
RJW_RMB_Chat,Chat
RJW_RMB_DeepTalk,Deep talk
RJW_RMB_RomanceAttempt,Attempt romance
RJW_RMB_MarriageProposal,Make marriage proposal
RJW_RMB_Masturbate_Bed,Masturbate on chair or bed
RJW_RMB_Masturbate_At,Masturbate at
RJW_RMB_Masturbate_Here,Masturbate here
RJW_RMB_Masturbate_With,Masturbate with
RJW_RMB_Rape,Rape {0_labelShort}
RJW_RMB_Rape_Reverse,(Reverse)Rape {0_labelShort}
RJW_RMB_RapeCorpse,Violate corpse of {0_labelShort}
RJW_RMB_RapeCorpse_Reverse,(Reverse)Violate corpse of {0_labelShort}
RJW_RMB_RapeAnimal,Breed {0_labelShort}
RJW_RMB_RapeAnimal_Reverse,(Reverse)Be Bred by {0_labelShort}
RJW_RMB_HackMechPregnancy,Hack implanted mech
RJW_RMB_ReasonLowOpinionOfTarget,Low opinion of target
RJW_RMB_ReasonUnappealingTarget,Not sexually attracted to target
RJW_RMB_ReasonLowOpinionOfPawn,Low opinion of me
RJW_RMB_ReasonUnappealingPawn,Not sexually attracted to me
RJW_RMB_ReasonNeedBed,Need assigned bed
RJW_RMB_ReasonCantReachBed,Can't reach assigned bed
RJWSettingsOne,RimJobWorld - Basic Settings
NymphTamed,Nymphomaniac Join
NymphTamed_desc,Spawns pawn with ('Hypersexual' trait) to join the colony.
NymphWild,Nymphomaniac Wild
NymphWild_desc,Spawns wild pawn with ('Hypersexual' trait) to attack the colony.
NymphRaidEasy,Nymphomaniacs raid(easy)
NymphRaidEasy_desc,Nymphomaniacs decided to visit your colony.\nbaseChance is 0.1.
NymphRaidHard,Nymphomaniacs raid(hard)
NymphRaidHard_desc,Nymphomaniacs decided it is now their colony.\n(Game Over).\nbaseChance is 0.01.
NymphRaidRP,Limp nymph raids
NymphRaidRP_desc,Switches nymph raids to use raid points for those who are too weak for intended nymph raids difficulty.
NymphPermanentManhunter,Permanent manhunter nymphs
NymphPermanentManhunter_desc,Permanent manhunter mentalstate.
NymphSappers,Nymph Sappers
NymphSappers_desc,Knock-knock! Horny can smell you behind that door! You can run but you cant hide.
NymphFrustratedRape,Nypmhs rape when frustrated.
NymphFrustratedRape_desc,"When Nympths are frustrated, and no partners are available, they will randomly rape someone/something"
FemaleFuta,Enable futas
FemaleFuta_desc,Spawn females as futas(+ penis)
MaleTrap,Enable traps
MaleTrap_desc,Spawn males as traps(+ breasts)
male_nymph_chance,Male nymph spawn chance
male_nymph_chance_desc,Male nymph spawn chance \n\nValid range: 0 - 100\nDefault: 0
futa_nymph_chance,Futa/Trap nymph spawn chance
futa_nymph_chance_desc,Futa/Trap nymph spawn chance \n\nValid range: 0 - 100\nDefault: 0
futa_natives_chance,Futa/Trap natives spawn chance
futa_natives_chance_desc,Futa/Trap natives spawn chance \n(industrial techlevel and below) \n\nValid range: 0 - 100\nDefault: 0
futa_spacers_chance,Futa/Trap spacers spawn chance
futa_spacers_chance_desc,Futa/Trap spacers spawn chance \n\nValid range: 0 - 100\nDefault: 5
sexneed_decay_rate_name,Sex need decay rate (%)
sexneed_decay_rate_desc,0% for no decay.\n1000000% for Rapeturnus Planet. Recommended range: 50% to 200%.
sexneed_fix_name,Sex need fix
sexneed_fix_desc,"Fixes incorrect sex need thresholds, likely significantly reduces triggers for sex and rape."
Animal_mating_cooldown,Animal mating cooldown
Animal_mating_cooldown_desc,How many hours animal waits before mating/breeding.\n0 - based on sexdrive
AllowYouthSex,Allow youth sex
AllowYouthSex_desc,Allow sex between humanlikes that are in reproductive lifestage but their growth havent reached 100%.
sex_age_legacymode,Legacy Sex age limiters
sex_age_legacymode_desc,"Legacy age limiters for Humanlike Pawns, pretty much broken for races with non human life expectancy, but ppl want this back so whatever.\n When disabled uses race reproductive lifestage as teen, and pawn growth (100%) as adult."
SexMinimumAge,Sex min. age
SexMinimumAge_desc,Humanlike Pawns younger than this will not have sex at all.
SexFreeForAllAge,Age of consent
SexFreeForAllAge_desc,Humanlike Pawns younger than this will only have sex with pawns with 2 years age difference.
bestiality_enabled,Enable bestiality
bestiality_enabled_desc,Enable acts of bestiality. Desired and not so much.
animal_on_animal_enabled,Enable animal-on-animal
animal_on_animal_enabled_desc,"Enable wild animals mating. Tamed animals will mate within their own species regardless of this setting(vanilla behavior).\nEnable interspecies sex between (designated) animals, which may result in pregnancy."
animal_on_human_enabled,Enable animal-on-human
animal_on_human_enabled_desc,Enable acts of bestiality initiated by colony animals trying to mate Humanlike Pawns.
necrophilia_enabled,Enable necrophilia
necrophilia_enabled_desc,"Enable sex with corpses. Usually limited to pawns with Necrophiliac trait, but others can sometimes do it if they are sexually frustrated."
sounds_enabled,Enable RJW sounds
sounds_enabled_desc,"Enables RJW-specific sounds. Note that this has no effect on core settings: if you have sound completely disabled, this does nothing."
sounds_sex_volume,Sex volume
sounds_sex_volume_desc,Change sex volume
sounds_cum_volume,Cum volume
sounds_cum_volume_desc,Change cum volume
sounds_voice_volume,Voice volume
sounds_voice_volume_desc,Change voice volume
sounds_orgasm_volume,Orgasm volume
sounds_orgasm_volume_desc,Change orgasm volume
sounds_animal_on_animal_volume,Animal on animal volume modifier
sounds_animal_on_animal_volume_desc,Additional volume modifier for Animal on animal sex
cum_filth,Enable cum filth
cum_filth_desc,"Enables cum filth after sex. Note that disabling this will make the game easier, because of the lack of filth and need for cleaning."
RPG_hero_control_name,Hero mode
RPG_hero_control_desc,Player can set 1 pawn as a player character and have direct unconditional control
RPG_hero_control_HC_name,Hero mode (HC)
RPG_hero_control_HC_desc,"HARDCORE: Player can only control hero, get some lube, you'll need a lot of it.\n(intended for multiplayer)"
RPG_hero_control_Ironman_name,Hero mode (Ironman)
RPG_hero_control_Ironman_desc,HARDCORE: Player can set hero only once
UseAdvancedAgeScaling,Advanced age scaling
UseAdvancedAgeScaling_desc,Use different age scaling for non human races (long or short lifespans)
designated_freewill,Designated pawn freewill
designated_freewill_desc,Pawn designated for comfort or mating can initiate sex.
rape_enabled,Enable rape
rape_enabled_desc,"See what you like? Take it by force, you can make a hat out of it later."
PrisonersBeating,Spank me daddy!
PrisonersBeating_desc,Beat the hell out of victims while raping them.
GentlePrisonersBeating,"Senpai! Please, be gentle!"
GentlePrisonersBeating_desc,Reduce beating damage to ~0-1.
rape_stripping,Strip victims
rape_stripping_desc,"Strip rape victims (Non comfort rape - bestiality, enemies, etc. will strip victims)"
ColonistCanCP,Enable comfort rape by colonists
ColonistCanCP_desc,Colonists are allowed to rape comfort pawns.
VisitorsCanCP,Enable comfort rape by visitors
VisitorsCanCP_desc,Visitors are allowed to rape comfort pawns.
AnimalsCanCP,Enable comfort rape by animals
AnimalsCanCP_desc,Animals are allowed to rape comfort pawns. Requires zoophilia to be enabled.
NonFutaWomenRaping_MaxVulnerability,Girls go rapin' (%)
NonFutaWomenRaping_MaxVulnerability_desc,"Only women with vulnerability lower than this will ever rape others. \nAnimals vulnerability is always 100%. \nTo check 'vulnerability' status, go to 'view information about this object' > stats.\n\nValid range: 0 - 300%"
Rapee_MinVulnerability_human,'To-be raped' vulnerability (%)
Rapee_MinVulnerability_human_desc,"Human pawns with vulnerability higher than this will be raping targets. \nTo check 'vulnerability' status, go to 'view information about this object' > stats.\n\nValid range: 0 - 300%"
Rapee_MinVulnerability_animals,Animals' to-be-raped vulnerability (%)
Rapee_MinVulnerability_animals_desc,"Animals with vulnerability higher than this will be raping targets for zoophiles. \nTo check 'vulnerability' status, go to 'view information about this object' > stats.\n\nValid range: 0 - 300%"
RJWSettingsFour,RimJobWorld - Casual Sex Settings
SettingHookupsEnabled,Enable hookups (overall)
SettingHookupsEnabled_desc,Controls whether single pawns can have casual sex with other single pawns
SettingQuickHookupsEnabled,Enable quickies.
SettingQuickHookupsEnabled_desc,Controls whether single pawns can have casual quick sex with other single pawns\nWarning: This can interrupt working pawns.
SettingNoHookupsDuringWorkHours,Disable hookups during work hours
SettingNoHookupsDuringWorkHours_desc,Controls whether pawns can seek casual sex during work hours.\nNymphomaniacs ignore this.
SettingColonistsCanHookup,Colonists can hookup
SettingColonistsCanHookup_desc,Controls whether colonists are allowed to look for casual sex.
SettingColonistsCanHookupWithVisitor,Colonists can hookup with visitors
SettingColonistsCanHookupWithVisitor_desc,Controls whether pawns can have casual sex with visitors to the colony.
SettingCanHookupWithPrisoner,Non-prisoners can hookup with prisoners
SettingCanHookupWithPrisoner_desc,Controls whether non-prisoner pawns can look for consensual sex with prisoners.\nThis is unaffected by the Comfort Prisoner designation and is considered consensual by both parties.
SettingVisitorsCanHookupWithColonists,Visitors can hookup with colonists
SettingVisitorsCanHookupWithColonists_desc,Controls whether visiting pawns include colonists as potential partners for casual sex.
SettingVisitorsCanHookupWithVisitors,Visitors can hookup with other visitors
SettingVisitorsCanHookupWithVisitors_desc,Controls whether visiting pawns include other visitors as potential partners for casual sex.
SettingPrisonersCanHookupWithNonPrisoner,Prisoners can hookup with colonists
SettingPrisonersCanHookupWithNonPrisoner_desc,"Controls whether prisoners include non-prisoners as potential partners for casual sex.\nPawns, including prisoners, can only have sex with someone they can reach, so if the prisoner can't leave their cell this is moot."
SettingPrisonersCanHookupWithPrisoner,Prisoners can hookup with prisoners
SettingPrisonersCanHookupWithPrisoner_desc,"Controls whether prisoners include other prisoners as potential partners for casual sex.\nPawns, including prisoners, can only have sex with someone they can reach, so if the prisoner can't leave their cell this is moot."
SettingNymphosCanPickAnyone,Nymphos can pick anyone
SettingNymphosCanPickAnyone_desc,Controls whether nymphomaniac ('Hypersexual' trait) pawns will pick anyone available.\nThey still obey the cheating and homewrecking settings below.
SettingNymphosCanCheat,Nymphos can cheat
SettingNymphosCanCheat_desc,Controls whether nymphomaniac ('Hypersexual' trait) pawns can cheat if they're sexually frustrated.
SettingNymphosCanHomewreck,Nymphos can homewreck
SettingNymphosCanHomewreck_desc,Controls whether nymphomaniac ('Hypersexual' trait) pawns will bang people who already have partners.
SettingNymphosCanHomewreckReverse,Nymphos can homewreck(Reverse)
SettingNymphosCanHomewreckReverse_desc,Controls whether nymphomaniac ('Hypersexual' trait) pawns will accept sex even if they have partner.
SettingHookupChanceForNonNymphos,Hookup % chance per hour
SettingHookupChanceForNonNymphos_desc,The chance that a horny pawn will look for casual sex.\nOnly checked once per hour and only when the pawn finishes their current task. Default is 30%
SettingMinimumFuckabilityToHookup,Hookup minimum fuckability
SettingMinimumFuckabilityToHookup_desc,Controls how attractive(RJW) both pawns must be other to consider a hookup.\n Default is 10%.
SettingMinimumAttractivenessToHookup,Hookup minimum attractiveness
SettingMinimumAttractivenessToHookup_desc,Controls how attractive(Rimworld) pawns to each other to consider a hookup.\n Default is 50%.\n Nymphomaniac > 0.
SettingMinimumRelationshipToHookup,Hookup minimum opinion
SettingMinimumRelationshipToHookup_desc,Controls minimum pawns opinion for each other to consider a hookup.\n Default is 20.\n Nymphomaniac > 0.
RJWDebugSettings,RimJobWorld - Debug
submit_button_enabled,"Enable ""submit"" button on drafted pawns"
submit_button_enabled_desc,"Submit button allows you to skip more deadly part and get right to more humiliating one. \nDisable this if honor comes before life for you. \nRemember, if you change your mind, it will always be here, waiting for you."
RJW_designation_box,Show RJW designations
RJW_designation_box_desc,Toggles showing RJW group of buttons in the pawn control GUI.
StackRjwParts_name,Rjw parts stacking
StackRjwParts_desc,Stack rjw parts in pawn health tab \n(Label x count)
maxDistanceCellsCasual_name,Sex distance(Cells)
maxDistanceCellsCasual_desc,"Max distance in Cells AI willing to go to reach destination/target.\n\nFast distance check - ignores obstacles (e.g. walls, mountains).\nDefault 100 cells."
maxDistanceCellsRape_name,Rape distance(Cells)
maxDistanceCellsRape_desc,"Max distance in Cells AI willing to go to reach destination/target.\n\nFast distance check - ignores obstacles (e.g. walls, mountains).\nDefault 100 cells."
maxDistancePathCost_name,Sex distance(PawnPath)
maxDistancePathCost_desc,"Max distance AI pather considers in order to reach sex destination/target. Slow complex calculation affected by obstacles, pawn speed and ground modifiers.\nDefault 1000.\n0 - disable check."
override_RJW_designation_checks_name,Override designation checks
override_RJW_designation_checks_desc,Allows to set designations on all colonists ignoring conditions.\n YOU CHEATER
override_control,Direct control
override_control_desc,Player can manually tell pawns to do sex related activities.\n YOU CHEATER
AddTrait_Rapist,Gain Rapist trait
AddTrait_Rapist_desc,"Chance to gain rapist trait after 10 sex acts, >12% of which are rapes\n YOU CHEATER"
AddTrait_Masocist,Gain Masochist trait
AddTrait_Masocist_desc,"Chance to gain masochist trait after being raped, 5% after feeling broken stage\n YOU CHEATER"
AddTrait_Nymphomaniac,Gain Hypersexual trait
AddTrait_Nymphomaniac_desc,"Chance to gain hypersexual trait after 10 sex acts, while under HumpShroom addiction\n YOU CHEATER"
AddTrait_Necrophiliac,Gain Necrophiliac trait
AddTrait_Necrophiliac_desc,"Chance to gain necrophiliac trait after 10 sex acts, >50% of which with corpses\n YOU CHEATER"
AddTrait_Nerves,Gain Nerves trait
AddTrait_Nerves_desc,Gain nerves trait after being raped\n YOU CHEATER
AddTrait_Zoophiliac,Gain Zoophiliac trait
AddTrait_Zoophiliac_desc,"Chance to gain zoophiliac trait after 10 sex acts, >50% of which with animals\n YOU CHEATER"
AddTrait_FootSlut,Gain FootSlut trait
AddTrait_FootSlut_desc,"Chance to gain footslut trait after 10 sex acts, when getting Footjob\n YOU CHEATER"
AddTrait_CumSlut,Gain CumSlut trait
AddTrait_CumSlut_desc,"Chance to gain cumslut trait after 10 sex acts, when doing Fellatio\n YOU CHEATER"
AddTrait_ButtSlut,Gain ButtSlut trait
AddTrait_ButtSlut_desc,"Chance to gain buttslut trait after 10 sex acts, when getting Anal\n YOU CHEATER"
Allow_RMB_DeepTalk,RMB DeepTalk
Allow_RMB_DeepTalk_desc,Allows RMB-Social-DeepTalk interaction (+12 relations)\n YOU CHEATER
Disable_bestiality_pregnancy_relations,Disable bestiality pregnancy relations
Disable_bestiality_pregnancy_relations_desc,Disable relations(mother/father/siblings) from bestiality pregnancy.\n YOU CHEATER
Disable_egg_pregnancy_relations,Disable egg pregnancy relations
Disable_egg_pregnancy_relations_desc,Disable relations(mother/father/siblings) from egg pregnancy.\n YOU CHEATER
Disable_MeditationFocusDrain,Disable meditation focus drain
Disable_MeditationFocusDrain_desc,"When pawns are frustrated, they don't lose focus.\n YOU CHEATER"
Disable_RecreationDrain,Disable recreation drain
Disable_RecreationDrain_desc,"When pawns have boring/bad sex due to traits/quirks, they don't lose recreation need.\n YOU CHEATER"
ForbidKidnap,Forbid kidnap
ForbidKidnap_desc,No kidnaping.
legacy_PartsAdder,Legacy parts adder
legacy_PartsAdder_desc,"Built-in parts distributor, it tries to guess what parts Vanilla and HAR races get based on their name, maybe still usefull if you dont have racesupport patches"
override_lovin,Override vanilla lovin
override_lovin_desc,Use casual sex instead of vanilla lovin
override_matin,Override vanilla matin
override_matin_desc,Use breeding instead of vanilla matin
matin_crossbreed,Matin crossbreed
matin_crossbreed_desc,"Animals with same animalType(Vanilla: Canines, Dryads) will be considered same species and can mate each other."
WildMode_name,Wild mode
WildMode_desc,EXPERIMENTAL - DO NOT REPORT BUGS IF THIS IS ENABLED. \n\nNo rules for sex. Most limiting requirements are turned off. Enjoy the wildest side of Rimworld.
HippieMode_name,Hippie mode
HippieMode_desc,EXPERIMENTAL - DO NOT REPORT BUGS IF THIS IS ENABLED. \n\nIgnore Relationships for casual hookups.
GenderlessAsFuta_name,GenderlessAsFuta
GenderlessAsFuta_desc,USEATYOUROWNRISK. \n\nGenderless Pawns will be set as Female and have both sets of genitals.
DevMode_name,Development mode
DevMode_desc,Enables RimJobWorld logging and stuff. You don't usually want this enabled.
DebugLogJoinInBed,Debug log hookup search info
DebugLogJoinInBed_desc,Enables some very spamming debug logs to help find bugs in JoinInBed operations. \nOnly devs (or someone helping them find a bug) should enable this.
DebugRape,Debug log rape info
DebugRape_desc,Enables some very spamming debug logs to help find bugs in rape operations.\nOnly devs (or someone helping them find a bug) should enable this.
DebugInteraction,Debug log interaction info
DebugInteraction_desc,Verbose mode for the interaction module.
DebugNymph,Debug log nymph info
DebugNymph_desc,Verbose mode for the nymph module.
RJWSettingsTwo,RimJobWorld - Pregnancy Settings
UseVanillaPregnancy,Biotech DLC pregnancy
UseVanillaPregnancy_desc,Use Biotech DLC pregnancy for pregnancies involving a human female.
RJWH_pregnancy,Enable humanlike pregnancies
RJWH_pregnancy_desc,"Enable pregnancy for human-on-human sex. If the Biotech DLC is not installed, RJW will use its own pregnancy system."
PregnantCoeffecientForHuman,Human Pregnancy chances (%)
PregnantCoeffecientForHuman_desc,Human pregnancy chances in percent.\n\nValid range: 0 - 100%
RJWB_pregnancy,Enable bestiality pregnancies
RJWB_pregnancy_desc,Use RJW pregnancy for human-animal pregnancies.
PregnantCoeffecientForAnimals,Animal pregnancy chances (%)
PregnantCoeffecientForAnimals_desc,Animal pregnancy chances in percent.\n\nValid range: 0 - 100%
InterspeciesImpregnantionModifier,Interspecies impregnation modifier (%)
InterspeciesImpregnantionModifier_desc,"Interspecies impregnation modifier in percent. At 20% this cuts the normal chance to fifth of same-species, and so on.\n\nValid range: 0 - 100%"
UseParentMethod,DNA inheritance
UseParentMethod_desc,ON:Babies have random parent dna.\nOFF:Babies are like mothers.
OffspringLookLikeTheirMother,Humanlike DNA inheritance
OffspringLookLikeTheirMother_desc,Governs humanlike pregnancies. \n100% means born babies will be of mothers race. \nAt 0% means born babies will be of father race.\n\nValid range: 0 - 100%
OffspringIsHuman,Bestiality DNA inheritance (Mother/Father)
OffspringIsHuman_desc,"Governs Humanlike-Animal and Animal-Animal pregnancies.\n100% means born babies will be of ""mother"" race. \nAt 0% means born babies will be of ""father"" race.\n\nValid range: 0 - 100%"
OffspringIsHuman2,Bestiality DNA inheritance (Human/Beast)
OffspringIsHuman2_desc,Governs Humanlike-Animal pregnancies.\n\n left - born babies will be of beast race. \n\n right - born babies will be of humanlike race. \n\n anything else - use the Mother/Father logic
RJWA_pregnancy,Enable animal pregnancies
RJWA_pregnancy_desc,Use RJW pregnancy for animal-animal pregnancies.
RJWA_pregnancy_notifications,Enable notifications for animal pregnancies
RJWA_pregnancy_notifications_desc,"Notifications will be sent for animal getting pregnant, contractions starting and healthy birth.\n\nThis can be noisy for colonies with a lot of ranching, where it is recommended to disable this setting. \n\nCritical notifications will be sent regardless of this setting"
RJWI_pregnancy,Enable egg pregnancies
RJWI_pregnancy_desc,Use RJW pregnancy for ovipositor egg pregnancies.
egg_pregnancy_implant_anyone,Egg implanting filter
egg_pregnancy_implant_anyone_desc,ON:Anyone with female ovipositor can implant eggs.\nOFF:Only predefined parent type can implant eggs.
egg_pregnancy_fertilize_anyone,Egg fertilizing filter
egg_pregnancy_fertilize_anyone_desc,ON:Anyone with male ovipositor can fertilize eggs.\nOFF:Only predefined parent type or same as implanter can fertilize eggs.
egg_pregnancy_genes,Egg pregnancies carry genes
egg_pregnancy_genes_desc,Allows for human-human-ovipositor eggs to use normal gene inheritance.
RJWI_analPregnancy,Enable anal egg pregnancies
RJWI_analPregnancy_desc,Allow insects to impregnate pawns anally.
RJWI_oralPregnancy,Enable oral egg pregnancies
RJWI_oralPregnancy_desc,Allow insects to impregnate pawns orally.
RJWI_FertilizationCheck,Egg orifice fertilizing filter
RJWI_FertilizationCheck_desc,"Fertilize eggs only in ""sexed"" orifice."
egg_pregnancy_eggs_size,Egg size modifier
egg_pregnancy_eggs_size_desc,0 - can be implanted with unlimited eggs.
egg_pregnancy_ovipositor_capacity_factor,Ovipositor capacity factor
egg_pregnancy_ovipositor_capacity_factor_desc,multiplies the normal capacity of female ovipositors
MechanoidImplanting,Enable mechanoid implants
MechanoidImplanting_desc,Allow probing and implanting by mechanoids.
SaferMechanoidImplanting,Safer mechanoid implants(')
SaferMechanoidImplanting_desc,"Mechanoid implants will not kill pawns('if pregnancy was checked), instead apply 5 damage to each body part contained within the torso. Mechanoids will still be hostile"
genetic_trait_filter,Filter inherited traits
genetic_trait_filter_desc,"If enabled, it will use the rjw/Defs/NonInheritedTraits.xml to filter out the traits that should not be passed to next generation. If disabled, everything is a fair game."
max_num_momtraits_inherited,Max inherited traits from mother
max_num_poptraits_inherited,Max inherited traits from father
RJW_fertility_endAge_male,Male infertility age
RJW_fertility_endAge_male_desc,Adjusted by lifespan for alien races. Same scale is used for animals and humanlikes.
RJW_fertility_endAge_female_humanlike,Female infertility age (humanlikes)
RJW_fertility_endAge_female_humanlike_desc,"Unlike most animals, human females become infertile at early age. Same ratio is used for all alien races, for balance."
RJW_fertility_endAge_female_animal,Female infertility age (animals)
RJW_fertility_endAge_female_animal_desc,"Unlike humans, most female animals remain fertile until death."
In_human_years,in human years
XofLifeExpectancy,% of life expectancy
InterspeciesDisabled,Interspecies disabled.
InterspeciesMaximum,Equal to same-species.
AlwaysMother,Always mother's species.
AlwaysFather,Always father's species.
AlwaysBeast,Beast species.
AlwaysHumanlike,Humanlike species.
UsesOffspringIsHuman,Use Mother/Father
ComplexImpregnation,Enable complex interspecies impregnation calculation
ComplexImpregnation_desc,"When enabled, the impregnation chance between species depends on the difference in the body structure and size.
Examples:
  Human/Winged humanoid : ~95%
  Human/Harpy : ~75%
  Human/Dog : ~30%
  Human/Chicken : ~5%
  Wolf/Dog : ~95%
  Wolf/Chicken : ~5%
  Rooster/Harpy : ~30%

Note that the chance is further lowered by the base animal and human pregnancy sliders."
phantasy_pregnancy,Phantasy pregnancy
phantasy_pregnancy_desc,World is filled with wicked nanomachines that accelerate children growth until they reach reproductive lifestage.\n\nHas no effect on non humans and non reproductive races.\n\nLikely doesn't work with other pregnancy mods.
normal_pregnancy_duration,Pregnancy duration modifier.
normal_pregnancy_duration_desc,Bigger -> Longer
egg_pregnancy_duration,Egg pregnancy duration modifier.
egg_pregnancy_duration_desc,Bigger -> Longer.
RJWSettingsThree,RimJobWorld - Sex Settings
SexTypeFrequency,Sex type frequency:\n[Higher = more common]
vaginal,Vaginal penetration frequency
vaginal_desc,"Frequency of vaginal sex. Note that this frequency is further adjusted by factors such as available orifices, etc.\n\nValid range: 1 - 200\nDefault: 120"
cunnilingus,Cunnilingus frequency
cunnilingus_desc,"Frequency of oral stimulation of vagina. Note that this frequency is further adjusted by factors such as available orifices, rape, etc.\n\nValid range: 1 - 200\nDefault: 80"
anal,Anal penetration frequency
anal_desc,"Frequency of anal penetration (penile). Note that this frequency is further adjusted by factors such as available orifices, rape, etc.\n\nValid range: 1 - 200\nDefault: 80"
rimming,Rimming frequency
rimming_desc,"Frequency of oral stimulation of anus. Note that this frequency is further adjusted by factors such as available orifices, etc.\n\nValid range: 1 - 200\nDefault: 40"
fellatio,Fellatio frequency
fellatio_desc,"Frequency of fellatio, also known as blowjob. Note that this frequency is further adjusted by factors such as available orifices, etc.\n\nValid range: 1 - 200\nDefault: 80"
handjob,Handjob frequency
handjob_desc,"Frequency of handjobs. Requires working hands. Note that this frequency is further adjusted by factors such as whoring, etc.\n\nValid range: 1 - 200\nDefault: 80"
mutual_masturbation,Mutual masturbation frequency
mutual_masturbation_desc,"Frequency of mutual masturbation (two colonists masturbating each other). Note that this frequency is further adjusted by factors such as rape, etc.\n\nValid range: 1 - 200\nDefault: 70"
double_penetration,Double-penetration frequency
double_penetration_desc,"Frequency of double-penetration, simultaneous anal and vaginal. Requires a multi-penis, such as a hemipenis. Note that this frequency is further adjusted by factors such as available orifices, etc.\n\nValid range: 1 - 200\nDefault:60"
breastjob,Breastjob frequency
breastjob_desc,"Frequency of breastjobs. Requires one pawn to have breasts, and the other to have a penis. Note that this frequency is further adjusted by factors such as whoring, rape, etc.\n\nValid range: 1 - 200\nDefault: 50"
fingering,Vaginal fingering frequency
fingering_desc,"Frequency of vaginal fingering. Requires one pawn to have a vagina, and the other to have a working hand. Note that this frequency is further adjusted by factors such as whoring, rape, etc.\n\nValid range: 1 - 200\nDefault: 50"
scissoring,Scissoring frequency
scissoring_desc,Frequency of scissoring (type of tribadism where partners interlock their legs and grind their vulvae together). Requires both pawns to have vaginas.\n\nValid range: 1 - 200\nDefault: 50
footjob,Footjob frequency
footjob_desc,"Frequency of footjobs (stimulation of penis by foot). Note that this frequency is further adjusted by factors such as whoring, rape, etc.\n\nValid range: 1 - 200\nDefault: 30"
fisting,Anal fisting frequency
fisting_desc,"Frequency of anal fisting (vaginal not yet implemented). Requires one partner to have a working hand. Note that this frequency is further adjusted by factors such as whoring, rape, etc.\n\nValid range: 1 - 200\nDefault: 30"
sixtynine,69 frequency
sixtynine_desc,"Frequency of 69 (mutual oral). Requires both partners to have genitalia. Note that this frequency is further adjusted by factors such as whoring, rape, etc.\n\nValid range: 1 - 200\nDefault: 69"
FapEverywhere,Fapping everywhere
FapEverywhere_desc,Pawn will masturbate where it wants.
FapInBed,Fapping in bed
FapInBed_desc,Pawn will masturbate in its bed.
FapInBelts,Fapping with genitals blocked
FapInBelts_desc,Pawn can masturbate while having their genitals blocked.
FapInArmbinders,Fapping with hands blocked
FapInArmbinders_desc,Pawn can masturbate while having their hands blocked.
Malesex,Allowed male sex:
FeMalesex,Allowed female sex:
AllowedSex.All,All
AllowedSex.Homo,Gay
AllowedSex.Nohomo,Straight
SexClothing,Preferred clothing for sex:
SexClothingNude,Nude
SexClothingHeadwear,Headwear only
SexClothingFull,Fully clothed
RapeAttemptAlert,Rape attempt alert:
RapeAttemptAlertAlways,Always enabled
RapeAttemptAlertHumanlike,Only if target is humanlike
RapeAttemptAlertColonist,Only if target is colonist
RapeAttemptAlertSilent,Only show notification
RapeAttemptAlertDisabled,Disabled
RapeAlert,Rape alert:
RapeAlertAlways,Always enabled
RapeAlertHumanlike,Only if target is humanlike
RapeAlertColonist,Only if target is colonist
RapeAlertSilent,Only show notification
RapeAlertDisabled,Disabled
RapeAlertCP,Show for CP
RapeAlertCP_desc,Show alert when pawn designated for comforting is getting raped.
RapeAlertBreeding,Show for Breeding
RapeAlertBreeding_desc,Show alert when pawn designated for breeding is getting raped.
SexualitySpread1,Sexuality spread source:
SexualitySpread2,Sexuality generation spread for RJW.\nTHIS IS FOR SEX ONLY\nHAS NO EFFECT ON RELATIONSHIP
SexualitySpreadVanilla,[Imported from Vanilla Rimworld]
SexualitySpreadPsychology,[Imported from Psychology]
SexualitySpreadIndividuality,[imported from [SYR]Individuality]
SexualityAsexual,Asexual:
SexualityPansexual,Pansexual:
SexualityHeterosexual,Heterosexual:
SexualityBisexual,Bisexual:
SexualityGay,Gay:
SexualityAsexual_desc,"Low or non-existent sex drive, generally not interested in sex."
SexualityPansexual_desc,Pansexuals disregard gender entirely.
SexualityHeterosexual_desc,Heterosexuals are attracted to 'opposite' sex.
SexualityBisexual_desc,Bisexuals are attracted to both males and females.
SexualityGay_desc,Homosexuals are attracted to same sex.
MaxQuirks,Max quirks
MaxQuirks_desc,Max quirks pawn can get when created.
SendTraitGainLetters,Sex trait notifications
SendTraitGainLetters_desc,Enable to receive letters when a pawn gains a trait from sex. Unimportant pawns such as traders will never trigger notifications regardless of this setting.
RJW_SexGizmo_Orgasm,Orgasm
RJW_SexGizmo_RestNeed,Stamina
RJW_SexGizmo_SexNeed,Satisfaction
RJW_SexGizmo_SexOverdriveTooltip,SexOverdrive - sex wont end until pawn collapses or interrupted otherwise.
RJW_SexGizmo_HitPawn,Hit once.
RJW_SexGizmo_Cocoon,Wrap pawn into cocoon.
RJW_SexGizmo_Egg,Stuff with eggs.
SexcardTooltip,Show sexuality
Quirks,Quirks:
NoQuirks,"No Quirks, vanilla."
MessyQuirk,{pawn} not only produces copious amounts of fluid during sex but {pawn_pronoun} rarely bothers to clean {pawn_possessive}self afterwards.
PodophileQuirk,{pawn} really likes feet and prefers foot-related sex acts.
CumslutQuirk,{pawn} really likes cum and prefers fellatio sex acts.
ButtslutQuirk,{pawn} really likes getting fucked in the butt and prefers anal sex acts.
TeratophileQuirk,{pawn} prefers ugly partners. {pawn_pronoun} would also prefer larger and wilder animals if {pawn_pronoun} were into that sort of thing...
EndytophileQuirk,{pawn} prefers to keep {pawn_possessive} clothes on during sex.
ExhibitionistQuirk,{pawn} enjoys having sex where others can see.
GerontophileQuirk,{pawn} prefers older partners (55+ on a human scale).
SomnophileQuirk,{pawn} prefers {pawn_possessive} partners to be asleep
SapiosexualQuirk,{pawn} prefers smart partners.
FertileQuirk,{pawn} has unusually high fertility and so is more likely to have children.
InfertileQuirk,{pawn} has unusually low fertility and so is unlikely to have children.
ImpregnationFetishQuirk,{pawn} really likes the idea of someone becoming pregnant. {pawn_pronoun} prefers partners and sex positions where there is a possibility of pregnancy. {pawn_pronoun} doesn't care if {pawn_pronoun} is getting pregnant or {pawn_possessive} partner is as long as babby is formed.
PregnancyFetishQuirk,{pawn} prefers partners who are visibly pregnant.
IncubatorQuirk,{pawn} has birthed so many eggs that {pawn_possessive} body has adapted to handling them. {pawn_possessive} egg incubation speed has increased.
BreederQuirk,{pawn} has given birth so many times that {pawn_possessive} body has adapted to breeding. {pawn_possessive} pregnancies are shorter and produce more offspring.
VigorousQuirk,{pawn} is invigorated by sex. {pawn_pronoun} does not get tired as much during sex.
ChitinLoverQuirk,{pawn} enjoys the smooth strength of a chitinous exoskeleton. {pawn_pronoun} prefers arachnoid or insectoid partners.
DemonLoverQuirk,"{pawn} is after the naughty ones. {pawn_pronoun} prefers {pawn_possessive} partners to come from the literal depths of hell, or at least look the part."
FeatherLoverQuirk,"{pawn} loves that downy fluff. {pawn_pronoun} prefers avian or dinosaur partners. Because dinosaurs are birds and have feathers, as {pawn_pronoun} will explain at great length if given a chance."
FurLoverQuirk,"{pawn} prefers a partner with a thick, luxurious, snuggly-soft coat of fur."
PlantLoverQuirk,{pawn} likes watering plants. If you know what I mean.
RobotLoverQuirk,"Which is better, 2D or 3D? {pawn} knows that 3D-printed gives you the best of both worlds."
ScaleLoverQuirk,Who wouldn't want to fuck a dragon? Definitely not {pawn}. {pawn} wants to fuck a dragon.
SkinLoverQuirk,{pawn} prefers {pawn_possessive} partners to have smooth sensitive skin without fur or scales getting in the way. Lucky for {pawn_objective} humans are all over the place.
SlimeLoverQuirk,"Because of their slippery and malleable nature slimes are very, very good at sex. As you will hear over and over if you listen to {pawn} talk for any length of time."
SexPartWants,Wants to be:
PartsEditLabel,Edit {0}
PartsEditFluidMultiplierLabel,Fluid Multiplier
PartsEditDevEntry,RJW: Edit parts
