key,text,tag,file,type,protected_text
RV2_ChemfuelConversionEnzymes.label,Damage caused by olifaction.,label,DamageDefs\Damages_Vore.xml,def,Damage caused by olifaction.
RV2_ChemfuelConversionEnzymes.deathMessage,{0} has been melted into chemfuel.,deathMessage,DamageDefs\Damages_Vore.xml,def,<ALIMT >(PH_1)</ALIMT> has been melted into chemfuel.
RV2_EggConversionEnzymes.label,Damage caused by ovifaction.,label,DamageDefs\Damages_Vore.xml,def,Damage caused by ovifaction.
RV2_EggConversionEnzymes.deathMessage,{0} has been melted into eggs.,deathMessage,DamageDefs\Damages_Vore.xml,def,<ALIMT >(PH_1)</ALIMT> has been melted into eggs.
RV2_UrineConversionEnzymes.label,Damage caused by urifaction.,label,DamageDefs\Damages_Vore.xml,def,Damage caused by urifaction.
RV2_UrineConversionEnzymes.deathMessage,{0} has been melted into piss.,deathMessage,DamageDefs\Damages_Vore.xml,def,<ALIMT >(PH_1)</ALIMT> has been melted into piss.
RV2_AssimilationAvulsion.label,Damage caused by tearing a partially-assimilated pawn free from their predator.,label,DamageDefs\Damages_Vore.xml,def,Damage caused by tearing a partially-assimilated <ALIMT >(PH_1)</ALIMT> free from their predator.
RV2_AssimilationAvulsion.deathMessage,{0} has been fully-assimilated.,deathMessage,DamageDefs\Damages_Vore.xml,def,<ALIMT >(PH_1)</ALIMT> has been fully-assimilated.
RV2_ChemfuelConversionEnzymes.labelNoun,Oleifying enzymes,labelNoun,HediffDefs\Hediffs_Acid.xml,def,Oleifying enzymes
RV2_EggConversionEnzymes.labelNoun,Ovifying enzymes,labelNoun,HediffDefs\Hediffs_Acid.xml,def,Ovifying enzymes
RV2_UrineConversionEnzymes.labelNoun,Urifying enzymes,labelNoun,HediffDefs\Hediffs_Acid.xml,def,Urifying enzymes
RV2_AssimilationAvulsion.labelNoun,Aborted assimilation,labelNoun,HediffDefs\Hediffs_Acid.xml,def,Aborted assimilation
RV2_DigestionRecovery.labelNoun,Digestion recovery,labelNoun,HediffDefs\Hediffs_Acid.xml,def,Digestion recovery
RV2_DigestionRecovery.description,"This pawn is recovering from almost being digested.\nIf they were to be digested again, the progress would pick up at this hediff's level!",description,HediffDefs\Hediffs_Acid.xml,def,"This <ALIMT >(PH_2)</ALIMT> is recovering from almost being digested.<ALIMT >(PH_1)</ALIMT>If they were to be digested again, the progress would pick up at this hediff's level!"
RV2_DigestionRecovery.stages.0.label,Digestion recovery (<25%),label,HediffDefs\Hediffs_Acid.xml,def,Digestion recovery (<25%)
RV2_DigestionRecovery.stages.1.label,Digestion recovery (>25%),label,HediffDefs\Hediffs_Acid.xml,def,Digestion recovery (>25%)
RV2_DigestionRecovery.stages.2.label,Digestion recovery (>50%),label,HediffDefs\Hediffs_Acid.xml,def,Digestion recovery (>50%)
RV2_DigestionRecovery.stages.3.label,Digestion recovery (>75%),label,HediffDefs\Hediffs_Acid.xml,def,Digestion recovery (>75%)
RV2_AssimilatedLips_Temporary.label,Assimilated lips,label,HediffDefs\Hediffs_Cosmetic.xml,def,Assimilated lips
RV2_AssimilatedLips_Temporary.description,Lips temporarily fattened with assimilated prey.,description,HediffDefs\Hediffs_Cosmetic.xml,def,Lips temporarily fattened with assimilated prey.
RV2_AssimilatedLips_Temporary.stages.0.label,Full,label,HediffDefs\Hediffs_Cosmetic.xml,def,Full
RV2_AssimilatedLips_Temporary.stages.1.label,Plump,label,HediffDefs\Hediffs_Cosmetic.xml,def,Plump
RV2_AssimilatedLips_Temporary.stages.2.label,Bloated,label,HediffDefs\Hediffs_Cosmetic.xml,def,Bloated
RV2_AssimilatedLips_Scarred.label,Assimilated lips (scarred),label,HediffDefs\Hediffs_Cosmetic.xml,def,Assimilated lips (scarred)
RV2_AssimilatedLips_Scarred.description,Lips scarred with assimilated prey.,description,HediffDefs\Hediffs_Cosmetic.xml,def,Lips scarred with assimilated prey.
RV2_AssimilatedLips_Scarred.stages.0.label,Uneven,label,HediffDefs\Hediffs_Cosmetic.xml,def,Uneven
RV2_AssimilatedLips_Scarred.stages.1.label,Bulging,label,HediffDefs\Hediffs_Cosmetic.xml,def,Bulging
RV2_AssimilatedLips_Scarred.stages.2.label,Bloated,label,HediffDefs\Hediffs_Cosmetic.xml,def,Bloated
RV2_AssimilatedLips_Beautiful.label,Assimilated lips (beautiful),label,HediffDefs\Hediffs_Cosmetic.xml,def,Assimilated lips (beautiful)
RV2_AssimilatedLips_Beautiful.description,Lips beautifully fattened with assimilated prey.,description,HediffDefs\Hediffs_Cosmetic.xml,def,Lips beautifully fattened with assimilated prey.
RV2_AssimilatedLips_Beautiful.stages.0.label,Full,label,HediffDefs\Hediffs_Cosmetic.xml,def,Full
RV2_AssimilatedLips_Beautiful.stages.1.label,Plump,label,HediffDefs\Hediffs_Cosmetic.xml,def,Plump
RV2_AssimilatedLips_Beautiful.stages.2.label,Stunning,label,HediffDefs\Hediffs_Cosmetic.xml,def,Stunning
RV2_AssimilatedAss_Temporary.label,Assimilated ass,label,HediffDefs\Hediffs_Cosmetic.xml,def,Assimilated <ALIMT >ass</ALIMT>
RV2_AssimilatedAss_Temporary.description,Butt cheeks temporarily fattened with assimilated prey.,description,HediffDefs\Hediffs_Cosmetic.xml,def,Butt cheeks temporarily fattened with assimilated prey.
RV2_AssimilatedAss_Temporary.stages.0.label,Hefty,label,HediffDefs\Hediffs_Cosmetic.xml,def,Hefty
RV2_AssimilatedAss_Temporary.stages.1.label,Full,label,HediffDefs\Hediffs_Cosmetic.xml,def,Full
RV2_AssimilatedAss_Temporary.stages.2.label,Morbidly big,label,HediffDefs\Hediffs_Cosmetic.xml,def,Morbidly big
RV2_AssimilatedAss_Scarred.label,Assimilated ass (scarred),label,HediffDefs\Hediffs_Cosmetic.xml,def,Assimilated <ALIMT >ass</ALIMT> (scarred)
RV2_AssimilatedAss_Scarred.description,Butt cheeks scarred with assimilated prey.,description,HediffDefs\Hediffs_Cosmetic.xml,def,Butt cheeks scarred with assimilated prey.
RV2_AssimilatedAss_Scarred.stages.0.label,Lumpy,label,HediffDefs\Hediffs_Cosmetic.xml,def,Lumpy
RV2_AssimilatedAss_Scarred.stages.1.label,Corpulent,label,HediffDefs\Hediffs_Cosmetic.xml,def,Corpulent
RV2_AssimilatedAss_Scarred.stages.2.label,Morbidly big,label,HediffDefs\Hediffs_Cosmetic.xml,def,Morbidly big
RV2_AssimilatedAss_Beautiful.label,Assimilated ass (beautiful),label,HediffDefs\Hediffs_Cosmetic.xml,def,Assimilated <ALIMT >ass</ALIMT> (beautiful)
RV2_AssimilatedAss_Beautiful.description,Butt cheeks beautifully fattened with assimilated prey.,description,HediffDefs\Hediffs_Cosmetic.xml,def,Butt cheeks beautifully fattened with assimilated prey.
RV2_AssimilatedAss_Beautiful.stages.0.label,Hefty,label,HediffDefs\Hediffs_Cosmetic.xml,def,Hefty
RV2_AssimilatedAss_Beautiful.stages.1.label,Full,label,HediffDefs\Hediffs_Cosmetic.xml,def,Full
RV2_AssimilatedAss_Beautiful.stages.2.label,Voluptuous,label,HediffDefs\Hediffs_Cosmetic.xml,def,Voluptuous
RV2_AssimilatedLabia_Temporary.label,Assimilated labia,label,HediffDefs\Hediffs_Cosmetic.xml,def,Assimilated <ALIMT >labia</ALIMT>
RV2_AssimilatedLabia_Temporary.description,Labia temporarily fattened with assimilated prey.,description,HediffDefs\Hediffs_Cosmetic.xml,def,<ALIMT >labia</ALIMT> temporarily fattened with assimilated prey.
RV2_AssimilatedLabia_Temporary.stages.0.label,Puffy,label,HediffDefs\Hediffs_Cosmetic.xml,def,Puffy
RV2_AssimilatedLabia_Temporary.stages.1.label,Fat,label,HediffDefs\Hediffs_Cosmetic.xml,def,Fat
RV2_AssimilatedLabia_Temporary.stages.2.label,Morbidly big,label,HediffDefs\Hediffs_Cosmetic.xml,def,Morbidly big
RV2_AssimilatedLabia_Scarred.label,Assimilated labia (scarred),label,HediffDefs\Hediffs_Cosmetic.xml,def,Assimilated <ALIMT >labia</ALIMT> (scarred)
RV2_AssimilatedLabia_Scarred.description,Labia scarred with assimilated prey.,description,HediffDefs\Hediffs_Cosmetic.xml,def,<ALIMT >labia</ALIMT> scarred with assimilated prey.
RV2_AssimilatedLabia_Scarred.stages.0.label,Hackjob,label,HediffDefs\Hediffs_Cosmetic.xml,def,Hackjob
RV2_AssimilatedLabia_Scarred.stages.1.label,Mangled,label,HediffDefs\Hediffs_Cosmetic.xml,def,Mangled
RV2_AssimilatedLabia_Scarred.stages.2.label,Disturbing,label,HediffDefs\Hediffs_Cosmetic.xml,def,Disturbing
RV2_AssimilatedLabia_Beautiful.label,Assimilated labia (beautiful),label,HediffDefs\Hediffs_Cosmetic.xml,def,Assimilated <ALIMT >labia</ALIMT> (beautiful)
RV2_AssimilatedLabia_Beautiful.description,Labia beautifully fattened with assimilated prey.,description,HediffDefs\Hediffs_Cosmetic.xml,def,<ALIMT >labia</ALIMT> beautifully fattened with assimilated prey.
RV2_AssimilatedLabia_Beautiful.stages.0.label,Puffy,label,HediffDefs\Hediffs_Cosmetic.xml,def,Puffy
RV2_AssimilatedLabia_Beautiful.stages.1.label,Fat,label,HediffDefs\Hediffs_Cosmetic.xml,def,Fat
RV2_AssimilatedLabia_Beautiful.stages.2.label,Irresistible,label,HediffDefs\Hediffs_Cosmetic.xml,def,Irresistible
RV2_AssimilatedBelly_Temporary.label,Assimilated belly,label,HediffDefs\Hediffs_Cosmetic.xml,def,Assimilated belly
RV2_AssimilatedBelly_Temporary.description,Belly temporarily fattened with assimilated prey.,description,HediffDefs\Hediffs_Cosmetic.xml,def,Belly temporarily fattened with assimilated prey.
RV2_AssimilatedBelly_Temporary.stages.0.label,Paunch,label,HediffDefs\Hediffs_Cosmetic.xml,def,Paunch
RV2_AssimilatedBelly_Temporary.stages.1.label,Pot belly,label,HediffDefs\Hediffs_Cosmetic.xml,def,Pot belly
RV2_AssimilatedBelly_Temporary.stages.2.label,Blob,label,HediffDefs\Hediffs_Cosmetic.xml,def,Blob
RV2_AssimilatedBelly_Scarred.label,Assimilated belly (scarred),label,HediffDefs\Hediffs_Cosmetic.xml,def,Assimilated belly (scarred)
RV2_AssimilatedBelly_Scarred.description,Belly scarred with assimilated prey.,description,HediffDefs\Hediffs_Cosmetic.xml,def,Belly scarred with assimilated prey.
RV2_AssimilatedBelly_Scarred.stages.0.label,Lumpy,label,HediffDefs\Hediffs_Cosmetic.xml,def,Lumpy
RV2_AssimilatedBelly_Scarred.stages.1.label,Distended,label,HediffDefs\Hediffs_Cosmetic.xml,def,Distended
RV2_AssimilatedBelly_Scarred.stages.2.label,Blob,label,HediffDefs\Hediffs_Cosmetic.xml,def,Blob
RV2_AssimilatedBelly_Beautiful.label,Assimilated belly (beautiful),label,HediffDefs\Hediffs_Cosmetic.xml,def,Assimilated belly (beautiful)
RV2_AssimilatedBelly_Beautiful.description,Belly beautifully fattened with assimilated prey.,description,HediffDefs\Hediffs_Cosmetic.xml,def,Belly beautifully fattened with assimilated prey.
RV2_AssimilatedBelly_Beautiful.stages.0.label,Paunch,label,HediffDefs\Hediffs_Cosmetic.xml,def,Paunch
RV2_AssimilatedBelly_Beautiful.stages.1.label,Pot belly,label,HediffDefs\Hediffs_Cosmetic.xml,def,Pot belly
RV2_AssimilatedBelly_Beautiful.stages.2.label,Voluminous,label,HediffDefs\Hediffs_Cosmetic.xml,def,Voluminous
RV2_PreyInAnusAmalgamating.label,Prey in Buttocks,label,HediffDefs\Hediffs_Vore.xml,def,Prey in Buttocks
RV2_PreyInAnusAmalgamating.description,This pawn is storing absorbed prey as sapient butt-fat.,description,HediffDefs\Hediffs_Vore.xml,def,This <ALIMT >(PH_1)</ALIMT> is storing absorbed prey as sapient butt-fat.
RV2_PreyInAnusAssimilating.label,Prey in Buttocks,label,HediffDefs\Hediffs_Vore.xml,def,Prey in Buttocks
RV2_PreyInAnusAssimilating.description,This pawn is fully-absorbing their prey into their buttocks.,description,HediffDefs\Hediffs_Vore.xml,def,This <ALIMT >(PH_1)</ALIMT> is fully-absorbing their prey into their buttocks.
RV2_PreyInAnusContacting.label,Prey in Buttocks,label,HediffDefs\Hediffs_Vore.xml,def,Prey in Buttocks
RV2_PreyInAnusContacting.description,"This pawn is having some form of anal intercourse, with intent to absorb.",description,HediffDefs\Hediffs_Vore.xml,def,"This <ALIMT >(PH_1)</ALIMT> is having some form of <ALIMT ><ALIMT >anal</ALIMT> <ALIMT >intercourse</ALIMT></ALIMT>, with intent to absorb."
RV2_PreyInAnusLoosening.label,Prey in Buttocks,label,HediffDefs\Hediffs_Vore.xml,def,Prey in Buttocks
RV2_PreyInAnusLoosening.description,This pawn is warming up and loosening their anus for absorption.,description,HediffDefs\Hediffs_Vore.xml,def,This <ALIMT >(PH_1)</ALIMT> is warming up and loosening their <ALIMT >anus</ALIMT> for absorption.
RV2_PreyInAnusPurging.label,Prey in Buttocks,label,HediffDefs\Hediffs_Vore.xml,def,Prey in Buttocks
RV2_PreyInAnusPurging.description,This pawn is removing any unassimilated remains from their butt.,description,HediffDefs\Hediffs_Vore.xml,def,This <ALIMT >(PH_1)</ALIMT> is removing any unassimilated remains from their butt.
RV2_PreyInAnusReshaping.label,Prey in Buttocks,label,HediffDefs\Hediffs_Vore.xml,def,Prey in Buttocks
RV2_PreyInAnusReshaping.description,This pawn is reshaping prey stored as butt-fat for release.,description,HediffDefs\Hediffs_Vore.xml,def,This <ALIMT >(PH_1)</ALIMT> is reshaping prey stored as butt-fat for release.
RV2_PreyInBladder.label,Prey in Bladder,label,HediffDefs\Hediffs_Vore.xml,def,Prey in Bladder
RV2_PreyInBladderPassing.description,This pawn is moving prey even deeper than their bladder.,description,HediffDefs\Hediffs_Vore.xml,def,This <ALIMT >(PH_1)</ALIMT> is moving prey even deeper than their bladder.
RV2_PreyInBladderPleasuring.description,This pawn is being pleasured internally by the prey in their bladder.,description,HediffDefs\Hediffs_Vore.xml,def,This <ALIMT >(PH_1)</ALIMT> is being pleasured internally by the prey in their bladder.
RV2_PreyInBladderStoring.description,This pawn is holding someone in their bladder for storage.,description,HediffDefs\Hediffs_Vore.xml,def,This <ALIMT >(PH_1)</ALIMT> is holding someone in their bladder for storage.
RV2_PreyInBladderWarming.description,This pawn is preparing to do something to a pawn in their bladder.,description,HediffDefs\Hediffs_Vore.xml,def,This <ALIMT >(PH_2)</ALIMT> is preparing to do something to a <ALIMT >(PH_1)</ALIMT> in their bladder.
RV2_PreyInBreastsAmalgamating.description,This pawn is storing absorbed prey as sapient breast-fat.,description,HediffDefs\Hediffs_Vore.xml,def,This <ALIMT >(PH_1)</ALIMT> is storing absorbed prey as sapient <ALIMT >breast</ALIMT>-fat.
RV2_PreyInBreastsAssimilating.description,This pawn is fully-absorbing their prey into their breasts.,description,HediffDefs\Hediffs_Vore.xml,def,This <ALIMT >(PH_1)</ALIMT> is fully-absorbing their prey into their <ALIMT >breasts</ALIMT>.
RV2_PreyInBreastsConvertingChemfuel.description,This pawn is turning what's left of someone into chemfuel.,description,HediffDefs\Hediffs_Vore.xml,def,This <ALIMT >(PH_1)</ALIMT> is turning what's left of someone into chemfuel.
RV2_PreyInCleavage.label,Prey in Cleavage,label,HediffDefs\Hediffs_Vore.xml,def,Prey in <ALIMT >cleavage</ALIMT>
RV2_PreyInCleavageExiting.description,This pawn is releasing prey from their cleavage.,description,HediffDefs\Hediffs_Vore.xml,def,This <ALIMT >(PH_1)</ALIMT> is releasing prey from their <ALIMT >cleavage</ALIMT>.
RV2_PreyInCleavageContacting.description,This pawn is beginning to absorb a prey into their cleavage.,description,HediffDefs\Hediffs_Vore.xml,def,This <ALIMT >(PH_1)</ALIMT> is beginning to absorb a prey into their <ALIMT >cleavage</ALIMT>.
RV2_PreyInCleavageLoosening.description,This pawn is warming up and loosening their cleavage for absorption.,description,HediffDefs\Hediffs_Vore.xml,def,This <ALIMT >(PH_1)</ALIMT> is warming up and loosening their <ALIMT >cleavage</ALIMT> for absorption.
RV2_PreyInCleavagePassing.description,This pawn is shoving their prey down their cleavage.,description,HediffDefs\Hediffs_Vore.xml,def,This <ALIMT >(PH_1)</ALIMT> is shoving their prey down their <ALIMT >cleavage</ALIMT>.
RV2_PreyInCleavagePleasuring.description,This pawn is giving their prey a full-body titjob.,description,HediffDefs\Hediffs_Vore.xml,def,This <ALIMT >(PH_1)</ALIMT> is giving their prey a full-body titjob.
RV2_PreyInCleavageStoring.description,This pawn is holding someone in their cleavage for storage.,description,HediffDefs\Hediffs_Vore.xml,def,This <ALIMT >(PH_1)</ALIMT> is holding someone in their <ALIMT >cleavage</ALIMT> for storage.
RV2_PreyInCleavagePurging.description,This pawn is removing any unassimilated remains from their cleavage.,description,HediffDefs\Hediffs_Vore.xml,def,This <ALIMT >(PH_1)</ALIMT> is removing any unassimilated remains from their <ALIMT >cleavage</ALIMT>.
RV2_PreyInCleavageReshaping.description,This pawn is reshaping prey stored as breast-fat for release.,description,HediffDefs\Hediffs_Vore.xml,def,This <ALIMT >(PH_1)</ALIMT> is reshaping prey stored as <ALIMT >breast</ALIMT>-fat for release.
RV2_PreyInCockAmalgamating.description,This pawn is storing absorbed prey as sapient cock-meat.,description,HediffDefs\Hediffs_Vore.xml,def,This <ALIMT >(PH_1)</ALIMT> is storing absorbed prey as sapient cock-meat.
RV2_PreyInCockAssimilating.description,This pawn is fully-absorbing their prey into their cock.,description,HediffDefs\Hediffs_Vore.xml,def,This <ALIMT >(PH_1)</ALIMT> is fully-absorbing their prey into their cock.
RV2_PreyInCockContacting.description,"This pawn is having some form of penile intercourse, with intent to absorb.",description,HediffDefs\Hediffs_Vore.xml,def,"This <ALIMT >(PH_1)</ALIMT> is having some form of penile <ALIMT >intercourse</ALIMT>, with intent to absorb."
RV2_PreyInCockLoosening.description,This pawn is warming up and loosening their cock for absorption.,description,HediffDefs\Hediffs_Vore.xml,def,This <ALIMT >(PH_1)</ALIMT> is warming up and loosening their cock for absorption.
RV2_PreyInCockPurging.description,This pawn is removing any unassimilated remains from their penis.,description,HediffDefs\Hediffs_Vore.xml,def,This <ALIMT >(PH_1)</ALIMT> is removing any unassimilated remains from their <ALIMT >penis</ALIMT>.
RV2_PreyInCockReshaping.description,This pawn is reshaping prey stored as cock-meat for release.,description,HediffDefs\Hediffs_Vore.xml,def,This <ALIMT >(PH_1)</ALIMT> is reshaping prey stored as cock-meat for release.
RV2_PreyInKidney.label,Prey in Kidney,label,HediffDefs\Hediffs_Vore.xml,def,Prey in Kidney
RV2_PreyInKidneyConvertingUrine.description,This pawn is turning what's left of someone into urine.,description,HediffDefs\Hediffs_Vore.xml,def,This <ALIMT >(PH_1)</ALIMT> is turning what's left of someone into urine.
RV2_PreyInKidneyDissolving.description,This pawn is melting living prey down in their kidney. This is non-nutritious.,description,HediffDefs\Hediffs_Vore.xml,def,This <ALIMT >(PH_1)</ALIMT> is melting living prey down in their kidney. This is non-nutritious.
RV2_PreyInKidneyMushing.description,This pawn is breaking down dead prey in their kidney. This is non-nutritious.,description,HediffDefs\Hediffs_Vore.xml,def,This <ALIMT >(PH_1)</ALIMT> is breaking down dead prey in their kidney. This is non-nutritious.
RV2_PreyInInsides.label,Prey Inside,label,HediffDefs\Hediffs_Vore.xml,def,Prey Inside
RV2_PreyInInsidesChurning.description,This pawn is breaking down dead prey within their gelatinous body.,description,HediffDefs\Hediffs_Vore.xml,def,This <ALIMT >(PH_1)</ALIMT> is breaking down dead prey within their gelatinous body.
RV2_PreyInInsidesDigesting.description,This pawn is digesting living prey within their gelatinous body.,description,HediffDefs\Hediffs_Vore.xml,def,This <ALIMT >(PH_1)</ALIMT> is digesting living prey within their gelatinous body.
RV2_PreyInInsidesProcessing.description,This pawn is absorbing what's left of someone within their gelatinous body.,description,HediffDefs\Hediffs_Vore.xml,def,This <ALIMT >(PH_1)</ALIMT> is absorbing what's left of someone within their gelatinous body.
RV2_PreyInInsidesPleasuring.description,This pawn is being pleasured internally by the prey within their gelatinous body.,description,HediffDefs\Hediffs_Vore.xml,def,This <ALIMT >(PH_1)</ALIMT> is being pleasured internally by the prey within their gelatinous body.
RV2_PreyInInsidesStoring.description,This pawn is holding someone within their gelatinous body for storage.,description,HediffDefs\Hediffs_Vore.xml,def,This <ALIMT >(PH_1)</ALIMT> is holding someone within their gelatinous body for storage.
RV2_PreyInInsidesWarming.description,This pawn is preparing to do something to a pawn within their gelatinous body.,description,HediffDefs\Hediffs_Vore.xml,def,This <ALIMT >(PH_2)</ALIMT> is preparing to do something to a <ALIMT >(PH_1)</ALIMT> within their gelatinous body.
RV2_PreyInMembrane.label,Prey in Membrane,label,HediffDefs\Hediffs_Vore.xml,def,Prey in Membrane
RV2_PreyInMembraneDumping.description,This pawn is shedding what remains of their prey from their outer membrane.,description,HediffDefs\Hediffs_Vore.xml,def,This <ALIMT >(PH_1)</ALIMT> is shedding what remains of their prey from their outer membrane.
RV2_PreyInMembraneExiting.description,This pawn is releasing prey from their outer membrane.,description,HediffDefs\Hediffs_Vore.xml,def,This <ALIMT >(PH_1)</ALIMT> is releasing prey from their outer membrane.
RV2_PreyInMembranePassing.description,This pawn is shoving their prey through their outer membrane.,description,HediffDefs\Hediffs_Vore.xml,def,This <ALIMT >(PH_1)</ALIMT> is shoving their prey through their outer membrane.
RV2_PreyInMembranePleasuring.description,This pawn is giving their prey a full-body massage with their outer membrane.,description,HediffDefs\Hediffs_Vore.xml,def,This <ALIMT >(PH_1)</ALIMT> is giving their prey a full-body <ALIMT >massage</ALIMT> with their outer membrane.
RV2_PreyInMouthAssimilating.label,Prey in Lips,label,HediffDefs\Hediffs_Vore.xml,def,Prey in Lips
RV2_PreyInMouthAssimilating.description,"This pawn is absorbing their prey into their lips, which obviously makes talking and breathing a little harder.",description,HediffDefs\Hediffs_Vore.xml,def,"This <ALIMT >(PH_1)</ALIMT> is absorbing their prey into their lips, which obviously makes talking and breathing a little harder."
RV2_PreyInMouthContacting.label,Prey in Lips,label,HediffDefs\Hediffs_Vore.xml,def,Prey in Lips
RV2_PreyInMouthContacting.description,"This pawn kissing or performing oral sex to their prey, with intent to absorb, which obviously makes talking and breathing a little harder.",description,HediffDefs\Hediffs_Vore.xml,def,"This <ALIMT >(PH_1)</ALIMT> kissing or performing <ALIMT >oral</ALIMT> <ALIMT >sex</ALIMT> to their prey, with intent to absorb, which obviously makes talking and breathing a little harder."
RV2_PreyInMouthLoosening.label,Prey in Lips,label,HediffDefs\Hediffs_Vore.xml,def,Prey in Lips
RV2_PreyInMouthLoosening.description,"This pawn is warming up and loosening their lips for absorption, which obviously makes talking and breathing a little harder.",description,HediffDefs\Hediffs_Vore.xml,def,"This <ALIMT >(PH_1)</ALIMT> is warming up and loosening their lips for absorption, which obviously makes talking and breathing a little harder."
RV2_PreyInMouthPurging.label,Prey in Lips,label,HediffDefs\Hediffs_Vore.xml,def,Prey in Lips
RV2_PreyInMouthPurging.description,"This pawn is removing any unassimilated remains from their lips, which obviously makes talking and breathing a little harder.",description,HediffDefs\Hediffs_Vore.xml,def,"This <ALIMT >(PH_1)</ALIMT> is removing any unassimilated remains from their lips, which obviously makes talking and breathing a little harder."
RV2_PreyInMouthReshaping.label,Prey in Lips,label,HediffDefs\Hediffs_Vore.xml,def,Prey in Lips
RV2_PreyInMouthReshaping.description,"This pawn is reshaping prey stored as lip-flesh for release, which obviously makes talking and breathing a little harder.",description,HediffDefs\Hediffs_Vore.xml,def,"This <ALIMT >(PH_1)</ALIMT> is reshaping prey stored as lip-flesh for release, which obviously makes talking and breathing a little harder."
RV2_PreyInMouthAmalgamating.label,Prey in Lips,label,HediffDefs\Hediffs_Vore.xml,def,Prey in Lips
RV2_PreyInMouthAmalgamating.description,This pawn is storing absorbed prey as sapient lip-flesh.,description,HediffDefs\Hediffs_Vore.xml,def,This <ALIMT >(PH_1)</ALIMT> is storing absorbed prey as sapient lip-flesh.
RV2_PreyInNavel.label,Prey in Navel,label,HediffDefs\Hediffs_Vore.xml,def,Prey in Navel
RV2_PreyInNavelContacting.description,This pawn is absorbing prey with their navel.,description,HediffDefs\Hediffs_Vore.xml,def,This <ALIMT >(PH_1)</ALIMT> is absorbing prey with their navel.
RV2_PreyInNavelAmalgamating.description,This pawn is storing absorbed prey as a sapient potbelly.,description,HediffDefs\Hediffs_Vore.xml,def,This <ALIMT >(PH_1)</ALIMT> is storing absorbed prey as a sapient potbelly.
RV2_PreyInNavelAssimilating.description,This pawn is fully-absorbing their prey into their navel.,description,HediffDefs\Hediffs_Vore.xml,def,This <ALIMT >(PH_1)</ALIMT> is fully-absorbing their prey into their navel.
RV2_PreyInNavelExiting.description,This pawn is releasing prey from their navel.,description,HediffDefs\Hediffs_Vore.xml,def,This <ALIMT >(PH_1)</ALIMT> is releasing prey from their navel.
RV2_PreyInNavelLoosening.description,This pawn is warming up and loosening their navel for absorption.,description,HediffDefs\Hediffs_Vore.xml,def,This <ALIMT >(PH_1)</ALIMT> is warming up and loosening their navel for absorption.
RV2_PreyInNavelPassing.description,This pawn is shoving their prey into their navel.,description,HediffDefs\Hediffs_Vore.xml,def,This <ALIMT >(PH_1)</ALIMT> is shoving their prey into their navel.
RV2_PreyInNavelPleasuring.description,This pawn is using their prey to penetrate their navel.,description,HediffDefs\Hediffs_Vore.xml,def,This <ALIMT >(PH_1)</ALIMT> is using their prey to penetrate their navel.
RV2_PreyInNavelPurging.description,This pawn is removing any unassimilated remains from their navel.,description,HediffDefs\Hediffs_Vore.xml,def,This <ALIMT >(PH_1)</ALIMT> is removing any unassimilated remains from their navel.
RV2_PreyInNavelReshaping.description,This pawn is reshaping prey stored as a potbelly for release.,description,HediffDefs\Hediffs_Vore.xml,def,This <ALIMT >(PH_1)</ALIMT> is reshaping prey stored as a potbelly for release.
RV2_PreyInNavelStoring.description,This pawn is holding someone in their navel for storage.,description,HediffDefs\Hediffs_Vore.xml,def,This <ALIMT >(PH_1)</ALIMT> is holding someone in their navel for storage.
RV2_PreyInNippleAmalgamating.description,This pawn is storing absorbed prey as sapient nipple-flesh.,description,HediffDefs\Hediffs_Vore.xml,def,This <ALIMT >(PH_1)</ALIMT> is storing absorbed prey as sapient <ALIMT >nipple</ALIMT>-flesh.
RV2_PreyInNippleAssimilating.description,This pawn is fully absorbing their prey into their nipple.,description,HediffDefs\Hediffs_Vore.xml,def,This <ALIMT >(PH_1)</ALIMT> is fully absorbing their prey into their <ALIMT >nipple</ALIMT>.
RV2_PreyInNippleContacting.description,"This pawn is having their nipples sucked, with intent to absorb.",description,HediffDefs\Hediffs_Vore.xml,def,"This <ALIMT >(PH_1)</ALIMT> is having their <ALIMT >nipples</ALIMT> sucked, with intent to absorb."
RV2_PreyInNippleLoosening.description,This pawn is warming up and loosening their nipple for absorption.,description,HediffDefs\Hediffs_Vore.xml,def,This <ALIMT >(PH_1)</ALIMT> is warming up and loosening their <ALIMT >nipple</ALIMT> for absorption.
RV2_PreyInNipplePurging.description,This pawn is removing any unassimilated remains from their nipple.,description,HediffDefs\Hediffs_Vore.xml,def,This <ALIMT >(PH_1)</ALIMT> is removing any unassimilated remains from their <ALIMT >nipple</ALIMT>.
RV2_PreyInNippleReshaping.description,This pawn is reshaping prey stored as nipple-flesh for release.,description,HediffDefs\Hediffs_Vore.xml,def,This <ALIMT >(PH_1)</ALIMT> is reshaping prey stored as <ALIMT >nipple</ALIMT>-flesh for release.
RV2_PreyInOvary.label,Prey in Ovary,label,HediffDefs\Hediffs_Vore.xml,def,Prey in Ovary
RV2_PreyInOvaryConvertingEggs.description,This pawn is turning what's left of someone into eggs.,description,HediffDefs\Hediffs_Vore.xml,def,This <ALIMT >(PH_1)</ALIMT> is turning what's left of someone into eggs.
RV2_PreyInOvaryDissolving.description,This pawn is melting living prey down in their ovary. This is non-nutritious.,description,HediffDefs\Hediffs_Vore.xml,def,This <ALIMT >(PH_1)</ALIMT> is melting living prey down in their ovary. This is non-nutritious.
RV2_PreyInOvaryMushing.description,This pawn is breaking down dead prey in their ovary. This is non-nutritious.,description,HediffDefs\Hediffs_Vore.xml,def,This <ALIMT >(PH_1)</ALIMT> is breaking down dead prey in their ovary. This is non-nutritious.
RV2_PreyInOvaryWarming.description,This pawn is preparing to do something to a pawn in their ovary.,description,HediffDefs\Hediffs_Vore.xml,def,This <ALIMT >(PH_2)</ALIMT> is preparing to do something to a <ALIMT >(PH_1)</ALIMT> in their ovary.
RV2_PreyInTailmaw.label,Prey in Tailmaw,label,HediffDefs\Hediffs_Vore.xml,def,Prey in Tailmaw
RV2_PreyInTailmawExiting.description,This pawn is spitting their prey out of their tailmaw.,description,HediffDefs\Hediffs_Vore.xml,def,This <ALIMT >(PH_1)</ALIMT> is spitting their prey out of their tailmaw.
RV2_PreyInTailmawPassing.description,This pawn is swallowing their prey through their tailmaw.,description,HediffDefs\Hediffs_Vore.xml,def,This <ALIMT >(PH_1)</ALIMT> is swallowing their prey through their tailmaw.
RV2_PreyInTailmawPleasuring.description,This pawn is performing oral sex on partially-swallowed prey with their tailmaw.,description,HediffDefs\Hediffs_Vore.xml,def,This <ALIMT >(PH_1)</ALIMT> is performing <ALIMT >oral</ALIMT> <ALIMT >sex</ALIMT> on partially-swallowed prey with their tailmaw.
RV2_PreyInTailthroat.label,Prey in Tail Throat,label,HediffDefs\Hediffs_Vore.xml,def,Prey in <ALIMT >tail</ALIMT> Throat
RV2_PreyInTailThroatPassing.description,This pawn is swallowing their prey down their tail-throat.,description,HediffDefs\Hediffs_Vore.xml,def,This <ALIMT >(PH_1)</ALIMT> is swallowing their prey down their <ALIMT >tail</ALIMT>-throat.
RV2_PreyInTailThroatPleasuring.description,This pawn is pleasuring themself with the prey inside their tail-throat.,description,HediffDefs\Hediffs_Vore.xml,def,This <ALIMT >(PH_1)</ALIMT> is pleasuring themself with the prey inside their <ALIMT >tail</ALIMT>-throat.
RV2_PreyInTailThroatStoring.description,This pawn is holding someone in their tail-throat for storage.,description,HediffDefs\Hediffs_Vore.xml,def,This <ALIMT >(PH_1)</ALIMT> is holding someone in their <ALIMT >tail</ALIMT>-throat for storage.
RV2_PreyInTesticlesConvertingChemfuel.description,This pawn is turning what's left of someone into chemfuel.,description,HediffDefs\Hediffs_Vore.xml,def,This <ALIMT >(PH_1)</ALIMT> is turning what's left of someone into chemfuel.
RV2_PreyInThroat.label,Prey in Throat,label,HediffDefs\Hediffs_Vore.xml,def,Prey in Throat
RV2_PreyInUdder.label,Prey in Udder,label,HediffDefs\Hediffs_Vore.xml,def,Prey in Udder
RV2_PreyInUdderConvertingChemfuel.description,This pawn is turning what's left of someone into chemfuel.,description,HediffDefs\Hediffs_Vore.xml,def,This <ALIMT >(PH_1)</ALIMT> is turning what's left of someone into chemfuel.
RV2_PreyInUdderConvertingMilk.description,This pawn is turning what's left of someone into milk.,description,HediffDefs\Hediffs_Vore.xml,def,This <ALIMT >(PH_1)</ALIMT> is turning what's left of someone into milk.
RV2_PreyInUdderDissolving.description,This pawn is melting living prey down in their udder. This is non-nutritious.,description,HediffDefs\Hediffs_Vore.xml,def,This <ALIMT >(PH_1)</ALIMT> is melting living prey down in their udder. This is non-nutritious.
RV2_PreyInUdderMushing.description,This pawn is breaking down dead prey in their udder. This is non-nutritious.,description,HediffDefs\Hediffs_Vore.xml,def,This <ALIMT >(PH_1)</ALIMT> is breaking down dead prey in their udder. This is non-nutritious.
RV2_PreyInUdderPleasuring.description,This pawn is being pleasured internally by the prey in their udder.,description,HediffDefs\Hediffs_Vore.xml,def,This <ALIMT >(PH_1)</ALIMT> is being pleasured internally by the prey in their udder.
RV2_PreyInUdderStoring.description,This pawn is holding someone in their udder for storage.,description,HediffDefs\Hediffs_Vore.xml,def,This <ALIMT >(PH_1)</ALIMT> is holding someone in their udder for storage.
RV2_PreyInUdderWarming.description,This pawn is preparing to do something to a pawn in their udder.,description,HediffDefs\Hediffs_Vore.xml,def,This <ALIMT >(PH_2)</ALIMT> is preparing to do something to a <ALIMT >(PH_1)</ALIMT> in their udder.
RV2_PreyInUdderNipple.label,Prey in Udder Teat,label,HediffDefs\Hediffs_Vore.xml,def,Prey in Udder Teat
RV2_PreyInUdderNippleAmalgamating.description,This pawn is storing absorbed prey as sapient teat-flesh.,description,HediffDefs\Hediffs_Vore.xml,def,This <ALIMT >(PH_1)</ALIMT> is storing absorbed prey as sapient teat-flesh.
RV2_PreyInUdderNippleAssimilating.description,This pawn is fully-absorbing their prey into their teat.,description,HediffDefs\Hediffs_Vore.xml,def,This <ALIMT >(PH_1)</ALIMT> is fully-absorbing their prey into their teat.
RV2_PreyInUdderNippleContacting.description,"This pawn is having their teats sucked, with intent to absorb.",description,HediffDefs\Hediffs_Vore.xml,def,"This <ALIMT >(PH_1)</ALIMT> is having their teats sucked, with intent to absorb."
RV2_PreyInUdderNippleDumping.description,This pawn is lactating what remains of their prey out of their teat.,description,HediffDefs\Hediffs_Vore.xml,def,This <ALIMT >(PH_1)</ALIMT> is lactating what remains of their prey out of their teat.
RV2_PreyInUdderNippleExiting.description,This pawn is releasing prey from their teat.,description,HediffDefs\Hediffs_Vore.xml,def,This <ALIMT >(PH_1)</ALIMT> is releasing prey from their teat.
RV2_PreyInUdderNippleLoosening.description,This pawn is warming up and loosening their teat for absorption.,description,HediffDefs\Hediffs_Vore.xml,def,This <ALIMT >(PH_1)</ALIMT> is warming up and loosening their teat for absorption.
RV2_PreyInUdderNipplePassing.description,This pawn is shoving their prey into their teat.,description,HediffDefs\Hediffs_Vore.xml,def,This <ALIMT >(PH_1)</ALIMT> is shoving their prey into their teat.
RV2_PreyInUdderNipplePleasuring.description,This pawn is penetrating their teat with their prey.,description,HediffDefs\Hediffs_Vore.xml,def,This <ALIMT >(PH_1)</ALIMT> is penetrating their teat with their prey.
RV2_PreyInUdderNipplePurging.description,This pawn is removing any unassimilated remains from their teat.,description,HediffDefs\Hediffs_Vore.xml,def,This <ALIMT >(PH_1)</ALIMT> is removing any unassimilated remains from their teat.
RV2_PreyInUdderNippleReshaping.description,This pawn is reshaping prey stored as teat-flesh for release.,description,HediffDefs\Hediffs_Vore.xml,def,This <ALIMT >(PH_1)</ALIMT> is reshaping prey stored as teat-flesh for release.
RV2_PreyInVaginaAmalgamating.label,Prey in Vulva,label,HediffDefs\Hediffs_Vore.xml,def,Prey in Vulva
RV2_PreyInVaginaAmalgamating.description,This pawn is storing absorbed prey as sapient cunt-flesh.,description,HediffDefs\Hediffs_Vore.xml,def,This <ALIMT >(PH_1)</ALIMT> is storing absorbed prey as sapient cunt-flesh.
RV2_PreyInVaginaAssimilating.label,Prey in Vulva,label,HediffDefs\Hediffs_Vore.xml,def,Prey in Vulva
RV2_PreyInVaginaAssimilating.description,This pawn is fully-absorbing their prey into their vulva.,description,HediffDefs\Hediffs_Vore.xml,def,This <ALIMT >(PH_1)</ALIMT> is fully-absorbing their prey into their vulva.
RV2_PreyInVaginaContacting.label,Prey in Vulva,label,HediffDefs\Hediffs_Vore.xml,def,Prey in Vulva
RV2_PreyInVaginaContacting.description,"This pawn is having some form of vaginal intercourse, with intent to absorb.",description,HediffDefs\Hediffs_Vore.xml,def,"This <ALIMT >(PH_1)</ALIMT> is having some form of <ALIMT >vaginal</ALIMT> <ALIMT >intercourse</ALIMT>, with intent to absorb."
RV2_PreyInVaginaLoosening.label,Prey in Vulva,label,HediffDefs\Hediffs_Vore.xml,def,Prey in Vulva
RV2_PreyInVaginaLoosening.description,This pawn is warming up and loosening their vulva for absorption.,description,HediffDefs\Hediffs_Vore.xml,def,This <ALIMT >(PH_1)</ALIMT> is warming up and loosening their vulva for absorption.
RV2_PreyInVaginaPurging.description,This pawn is removing any unassimilated remains from their vagina.,description,HediffDefs\Hediffs_Vore.xml,def,This <ALIMT >(PH_1)</ALIMT> is removing any unassimilated remains from their <ALIMT >vagina</ALIMT>.
RV2_PreyInVaginaReshaping.description,This pawn is reshaping prey stored as cunt-flesh for release.,description,HediffDefs\Hediffs_Vore.xml,def,This <ALIMT >(PH_1)</ALIMT> is reshaping prey stored as cunt-flesh for release.
RV2_PreyInWombConvertingChemfuel.description,This pawn is turning what's left of someone into chemfuel.,description,HediffDefs\Hediffs_Vore.xml,def,This <ALIMT >(PH_1)</ALIMT> is turning what's left of someone into chemfuel.
RV2_PreyInWombPassing.description,This pawn is moving prey even deeper than their womb.,description,HediffDefs\Hediffs_Vore.xml,def,This <ALIMT >(PH_1)</ALIMT> is moving prey even deeper than their womb.
RV2_GoalEnabler_Absorb.label,Cellular xenoconvertibility,label,HediffDefs\Hediffs_VoreEnablers.xml,def,Cellular xenoconvertibility
RV2_GoalEnabler_Absorb.description,"This pawn's body is capable of absorbing prey, both permanently (assimilation) and temporarily (amalgamation).",description,HediffDefs\Hediffs_VoreEnablers.xml,def,"This <ALIMT >(PH_1)</ALIMT>'s body is capable of absorbing prey, both permanently (assimilation) and temporarily (amalgamation)."
RV2_GoalEnabler_ConvertChemfuel.label,Olifactory enzymes,label,HediffDefs\Hediffs_VoreEnablers.xml,def,Olifactory enzymes
RV2_GoalEnabler_ConvertChemfuel.description,This pawn's genitals and breasts can produce an enzyme which distills living tissues into chemfuel.,description,HediffDefs\Hediffs_VoreEnablers.xml,def,This <ALIMT >(PH_1)</ALIMT>'s genitals and <ALIMT >breasts</ALIMT> can produce an enzyme which distills living tissues into chemfuel.
RV2_GoalEnabler_ConvertEggs.label,Ovifactory enzymes,label,HediffDefs\Hediffs_VoreEnablers.xml,def,Ovifactory enzymes
RV2_GoalEnabler_ConvertEggs.description,This pawn's ovaries can produce an enzyme which converts living tissues into eggs.,description,HediffDefs\Hediffs_VoreEnablers.xml,def,This <ALIMT >(PH_1)</ALIMT>'s ovaries can produce an enzyme which converts living tissues into eggs.
RV2_GoalEnabler_ConvertUrine.label,Urifactory enzymes,label,HediffDefs\Hediffs_VoreEnablers.xml,def,Urifactory enzymes
RV2_GoalEnabler_ConvertUrine.description,This pawn's organ lining can produce an enzyme which converts living tissues into urine.,description,HediffDefs\Hediffs_VoreEnablers.xml,def,This <ALIMT >(PH_1)</ALIMT>'s organ lining can produce an enzyme which converts living tissues into urine.
RV2_TypeEnabler_Cleavage.label,Cleavage depth,label,HediffDefs\Hediffs_VoreEnablers.xml,def,<ALIMT >cleavage</ALIMT> depth
RV2_TypeEnabler_Cleavage.description,This pawn has heavily-modified cleavage for cleavage vore.,description,HediffDefs\Hediffs_VoreEnablers.xml,def,This <ALIMT >(PH_1)</ALIMT> has heavily-modified <ALIMT >cleavage</ALIMT> for <ALIMT >cleavage</ALIMT> <ALIMT >vore</ALIMT>.
RV2_TypeEnabler_Membrane.label,Dermal porocity,label,HediffDefs\Hediffs_VoreEnablers.xml,def,Dermal porocity
RV2_TypeEnabler_Membrane.description,"This pawn has a permeable membrane for skin, allowing them to engulf prey, like a slime, for membrane vore.",description,HediffDefs\Hediffs_VoreEnablers.xml,def,"This <ALIMT >(PH_1)</ALIMT> has a permeable membrane for skin, allowing them to engulf prey, like a <ALIMT >slime</ALIMT>, for membrane <ALIMT >vore</ALIMT>."
RV2_TypeEnabler_Navel.label,Umbilical elasticity,label,HediffDefs\Hediffs_VoreEnablers.xml,def,Umbilical elasticity
RV2_TypeEnabler_Navel.description,This pawn has an elastic and untied navel for navel vore.,description,HediffDefs\Hediffs_VoreEnablers.xml,def,This <ALIMT >(PH_1)</ALIMT> has an elastic and <ALIMT >untied</ALIMT> navel for navel <ALIMT >vore</ALIMT>.
RV2_TypeEnabler_Tailmaw.label,Tailmaw,label,HediffDefs\Hediffs_VoreEnablers.xml,def,Tailmaw
RV2_TypeEnabler_Tailmaw.description,"This tail has a petal-like maw at the tip, which is capable of swallowing prey down to the stomach.",description,HediffDefs\Hediffs_VoreEnablers.xml,def,"This <ALIMT >tail</ALIMT> has a petal-like maw at the tip, which is capable of swallowing prey down to the stomach."
RV2_TypeEnabler_Udder.label,Uberal elasticity,label,HediffDefs\Hediffs_VoreEnablers.xml,def,Uberal elasticity
RV2_TypeEnabler_Udder.description,"This pawn has an elastic udder and teats, for udder vore.",description,HediffDefs\Hediffs_VoreEnablers.xml,def,"This <ALIMT >(PH_1)</ALIMT> has an elastic udder and teats, for udder <ALIMT >vore</ALIMT>."
PostVoreAssimilation.label,Post vore effects (assimilation),label,QuirkDefs\QuirkPool_Effects.xml,def,Post <ALIMT >vore</ALIMT> effects (assimilation)
PostVoreAssimilation.description,"These quirks determine the effects that assimilating prey (fatal absorption) has on the predator. These quirks do require the ability to absorb prey in the first place, however.",description,QuirkDefs\QuirkPool_Effects.xml,def,"These quirks determine the effects that assimilating prey (fatal absorption) has on the predator. These quirks do require the ability to absorb prey in the first place, however."
PostVoreAssimilation_Masterful.label,Masterful assimilator,label,QuirkDefs\QuirkPool_Effects.xml,def,Masterful assimilator
PostVoreAssimilation_Masterful.description,"As a masterful assimilator, [PAWN_label] will permanently improve the beauty of [PAWN_possessive] assets with assimilated prey.",description,QuirkDefs\QuirkPool_Effects.xml,def,"As a masterful assimilator, <ALIMT >(PH_2)</ALIMT> will permanently improve the beauty of <ALIMT >(PH_1)</ALIMT> assets with assimilated prey."
PostVoreAssimilation_Normal.label,Normal assimilator,label,QuirkDefs\QuirkPool_Effects.xml,def,Normal assimilator
PostVoreAssimilation_Normal.description,"As a normal assimilator, [PAWN_label] will temporarily improve the beauty of [PAWN_possessive] assets with reasonable amounts of assimilated prey, but may lose control of [PAWN_possessive] appearance with too much fat around.",description,QuirkDefs\QuirkPool_Effects.xml,def,"As a normal assimilator, <ALIMT >(PH_3)</ALIMT> will temporarily improve the beauty of <ALIMT >(PH_2)</ALIMT> assets with reasonable amounts of assimilated prey, but may lose control of <ALIMT >(PH_1)</ALIMT> appearance with too much fat around."
PostVoreAssimilation_Clumsy.label,Clumsy assimilator,label,QuirkDefs\QuirkPool_Effects.xml,def,Clumsy assimilator
PostVoreAssimilation_Clumsy.description,"As a clumsy assimilator, [PAWN_label] will never improve the appearance of [PAWN_possessive] assets with assimilated prey, and all of the added fat will remain hideous as long as it's on [PAWN_possessive] body.",description,QuirkDefs\QuirkPool_Effects.xml,def,"As a clumsy assimilator, <ALIMT >(PH_3)</ALIMT> will never improve the appearance of <ALIMT >(PH_2)</ALIMT> assets with assimilated prey, and all of the added fat will remain hideous as long as it's on <ALIMT >(PH_1)</ALIMT> body."
PostVoreAssimilation_Unaffected.label,Unaffected assimilator,label,QuirkDefs\QuirkPool_Effects.xml,def,Unaffected assimilator
PostVoreAssimilation_Unaffected.description,"As an unaffected assimilator, [PAWN_label] will seamlessly integrate [PAWN_possessive] assets with assimilated prey, and nobody will ever notice the difference.",description,QuirkDefs\QuirkPool_Effects.xml,def,"As an unaffected assimilator, <ALIMT >(PH_2)</ALIMT> will seamlessly integrate <ALIMT >(PH_1)</ALIMT> assets with assimilated prey, and nobody will ever notice the difference."
Enablers_Overstuffed.label,Overstuffed enablers,label,QuirkDefs\QuirkPool_Enablers.xml,def,Overstuffed enablers
Enablers_Overstuffed.description,"These quirks are required for a pawn to be able to use vore, each representing one type or goal. Modifying their commonality sets the global chances that any pawn will be capable of using any given vore path. Vore enablers can be aquired to add the quirk to an existing pawn, even if the quirk itself is set to ForcedOnly; do this if you want vore to be a power unlocked solely through acquisition of the required enablers.",description,QuirkDefs\QuirkPool_Enablers.xml,def,"These quirks are required for a <ALIMT >(PH_3)</ALIMT> to be able to use <ALIMT >vore</ALIMT>, each representing one type or goal. Modifying their commonality sets the global chances that any <ALIMT >(PH_2)</ALIMT> will be capable of using any given <ALIMT >vore</ALIMT> path. <ALIMT >vore</ALIMT> enablers can be aquired to add the quirk to an existing <ALIMT >(PH_1)</ALIMT>, even if the quirk itself is set to ForcedOnly; do this if you want <ALIMT >vore</ALIMT> to be a power unlocked solely through acquisition of the required enablers."
Enablers_Overstuffed_Goal_Absorb.label,Cellular absorbency,label,QuirkDefs\QuirkPool_Enablers.xml,def,Cellular absorbency
Enablers_Overstuffed_Goal_Absorb.description,"[PAWN_label] can merge with other living beings on a cellular level, both permanently (assimilation) and temporarily (amalgamation).",description,QuirkDefs\QuirkPool_Enablers.xml,def,"<ALIMT >(PH_1)</ALIMT> can merge with other living beings on a cellular level, both permanently (assimilation) and temporarily (amalgamation)."
Enablers_Overstuffed_Goal_Amalgamate.label,Cellular amalgamation,label,QuirkDefs\QuirkPool_Enablers.xml,def,Cellular amalgamation
Enablers_Overstuffed_Goal_Amalgamate.description,"[PAWN_label] can merge with other living beings on the cellular level, but only safely. Permanent integration is not possible.",description,QuirkDefs\QuirkPool_Enablers.xml,def,"<ALIMT >(PH_1)</ALIMT> can merge with other living beings on the cellular level, but only safely. Permanent integration is not possible."
Enablers_Overstuffed_Goal_Assimilate.label,Cellular assimilation,label,QuirkDefs\QuirkPool_Enablers.xml,def,Cellular assimilation
Enablers_Overstuffed_Goal_Assimilate.description,"[PAWN_label] can merge with other beings on the cellular level, but it's always a fatal process.",description,QuirkDefs\QuirkPool_Enablers.xml,def,"<ALIMT >(PH_1)</ALIMT> can merge with other beings on the cellular level, but it's always a fatal process."
Enablers_Overstuffed_Goal_ConvertChemfuel.label,Olifactive enzymes,label,QuirkDefs\QuirkPool_Enablers.xml,def,Olifactive enzymes
Enablers_Overstuffed_Goal_ConvertChemfuel.description,[PAWN_label] can melt live prey down to chemfuel in a number of locations on [PAWN_possessive] body.,description,QuirkDefs\QuirkPool_Enablers.xml,def,<ALIMT >(PH_2)</ALIMT> can melt live prey down to chemfuel in a number of locations on <ALIMT >(PH_1)</ALIMT> body.
Enablers_Overstuffed_Goal_ConvertEggs.label,Ovifactive enzymes,label,QuirkDefs\QuirkPool_Enablers.xml,def,Ovifactive enzymes
Enablers_Overstuffed_Goal_ConvertEggs.description,[PAWN_label] can melt live prey down to eggs in [PAWN_possessive] ovaries.,description,QuirkDefs\QuirkPool_Enablers.xml,def,<ALIMT >(PH_2)</ALIMT> can melt live prey down to eggs in <ALIMT >(PH_1)</ALIMT> ovaries.
Enablers_Overstuffed_Goal_ConvertUrine.label,Urifactive enzymes,label,QuirkDefs\QuirkPool_Enablers.xml,def,Urifactive enzymes
Enablers_Overstuffed_Goal_ConvertUrine.description,[PAWN_label]  can melt live prey down to fertilizer-grade urine in [PAWN_possessive] kidneys.,description,QuirkDefs\QuirkPool_Enablers.xml,def,<ALIMT >(PH_2)</ALIMT>  can melt live prey down to fertilizer-grade urine in <ALIMT >(PH_1)</ALIMT> kidneys.
Enablers_Overstuffed_Type_Cleavage.label,Cleavage depth,label,QuirkDefs\QuirkPool_Enablers.xml,def,<ALIMT >cleavage</ALIMT> depth
Enablers_Overstuffed_Type_Cleavage.description,[PAWN_label] has a bust deep enough to contain live prey.,description,QuirkDefs\QuirkPool_Enablers.xml,def,<ALIMT >(PH_1)</ALIMT> has a bust deep enough to contain live prey.
Enablers_Overstuffed_Type_Membrane.label,Dermal porocity,label,QuirkDefs\QuirkPool_Enablers.xml,def,Dermal porocity
Enablers_Overstuffed_Type_Membrane.description,"[PAWN_label] has a permeable outer membrane which can be used to engulf live prey, like a slime.",description,QuirkDefs\QuirkPool_Enablers.xml,def,"<ALIMT >(PH_1)</ALIMT> has a permeable outer membrane which can be used to engulf live prey, like a <ALIMT >slime</ALIMT>."
Enablers_Overstuffed_Type_Navel.label,Umbilical elasticity,label,QuirkDefs\QuirkPool_Enablers.xml,def,Umbilical elasticity
Enablers_Overstuffed_Type_Navel.description,[PAWN_label] has an untied and stretchy navel with which to ennavel live prey.,description,QuirkDefs\QuirkPool_Enablers.xml,def,<ALIMT >(PH_1)</ALIMT> has an <ALIMT >untied</ALIMT> and stretchy navel with which to ennavel live prey.
Enablers_Overstuffed_Type_Tailmaw.label,Tailmaw elasticity,label,QuirkDefs\QuirkPool_Enablers.xml,def,Tailmaw elasticity
Enablers_Overstuffed_Type_Tailmaw.description,[PAWN_label] has a maw on [PAWN_possessive] tail stretchy enough to pythen live prey.,description,QuirkDefs\QuirkPool_Enablers.xml,def,<ALIMT >(PH_2)</ALIMT> has a maw on <ALIMT >(PH_1)</ALIMT> <ALIMT >tail</ALIMT> stretchy enough to pythen live prey.
Enablers_Overstuffed_Type_Udder.label,Uberal elasticity,label,QuirkDefs\QuirkPool_Enablers.xml,def,Uberal elasticity
Enablers_Overstuffed_Type_Udder.description,[PAWN_label] has udder teats stretchy enough to unnurse live prey.,description,QuirkDefs\QuirkPool_Enablers.xml,def,<ALIMT >(PH_1)</ALIMT> has udder teats stretchy enough to unnurse live prey.
GoalPreference_Predator_Amalgamate.label,Predatory goal preference\n(amalgamation),label,QuirkDefs\QuirkPool_GoalPreference.xml,def,Predatory goal preference<ALIMT >(PH_1)</ALIMT>(amalgamation)
GoalPreference_Predator_Amalgamate.description,"These quirks determine how much a pawn likes amalgamating prey (non-fatal absorption). At the extremes, the pawn will either never or always try to amalgamate prey. These quirks do require the ability to absorb prey in the first place, however.",description,QuirkDefs\QuirkPool_GoalPreference.xml,def,"These quirks determine how much a <ALIMT >(PH_2)</ALIMT> likes amalgamating prey (non-fatal absorption). At the extremes, the <ALIMT >(PH_1)</ALIMT> will either never or always try to amalgamate prey. These quirks do require the ability to absorb prey in the first place, however."
GoalPreference_Predator_Amalgamate_Obsessed.label,Melangist hoarder,label,QuirkDefs\QuirkPool_GoalPreference.xml,def,Melangist hoarder
GoalPreference_Predator_Amalgamate_Obsessed.description,"As an obsessive melangist(e), [PAWN_label] wants to walk around with as many people amalgamated onto [PAWN_objective] as [PAWN_pronoun] can fit, and will waste little time with other goals.",description,QuirkDefs\QuirkPool_GoalPreference.xml,def,"As an obsessive <ALIMT >(PH_4)</ALIMT>, <ALIMT >(PH_3)</ALIMT> wants to walk around with as many people amalgamated onto <ALIMT >(PH_2)</ALIMT> as <ALIMT >(PH_1)</ALIMT> can fit, and will waste little time with other goals."
GoalPreference_Predator_Amalgamate_Likes.label,Melangist,label,QuirkDefs\QuirkPool_GoalPreference.xml,def,Melangist
GoalPreference_Predator_Amalgamate_Likes.description,"As a melangist(e), [PAWN_label] enjoys having people around as sapient fat.",description,QuirkDefs\QuirkPool_GoalPreference.xml,def,"As a <ALIMT >(PH_2)</ALIMT>, <ALIMT >(PH_1)</ALIMT> enjoys having people around as sapient fat."
GoalPreference_Predator_Amalgamate_Neutral.label,Amalgamation ambivalence,label,QuirkDefs\QuirkPool_GoalPreference.xml,def,Amalgamation ambivalence
GoalPreference_Predator_Amalgamate_Neutral.description,[PAWN_label] doesn't really care one way or the other about amalgamating prey. That may or may not be due to [PAWN_label] not being capable of amalgamation in the first place.,description,QuirkDefs\QuirkPool_GoalPreference.xml,def,<ALIMT >(PH_2)</ALIMT> doesn't really care one way or the other about amalgamating prey. That may or may not be due to <ALIMT >(PH_1)</ALIMT> not being capable of amalgamation in the first place.
GoalPreference_Predator_Amalgamate_Dislikes.label,Reclusive soul,label,QuirkDefs\QuirkPool_GoalPreference.xml,def,Reclusive soul
GoalPreference_Predator_Amalgamate_Dislikes.description,[PAWN_label] dislikes amalgamating prey. The drain (on hunger and focus) isn't worth the gain.,description,QuirkDefs\QuirkPool_GoalPreference.xml,def,<ALIMT >(PH_1)</ALIMT> dislikes amalgamating prey. The drain (on hunger and focus) isn't worth the gain.
GoalPreference_Predator_Amalgamate_Refuses.label,Solitary soul,label,QuirkDefs\QuirkPool_GoalPreference.xml,def,Solitary soul
GoalPreference_Predator_Amalgamate_Refuses.description,"[PAWN_label] hates amalgamating prey and will never willingly do it. That's a degree of intimacy too close, a loss of privacy too great.",description,QuirkDefs\QuirkPool_GoalPreference.xml,def,"<ALIMT >(PH_1)</ALIMT> hates amalgamating prey and will never willingly do it. That's a degree of <ALIMT >intimacy</ALIMT> too close, a loss of privacy too great."
GoalPreference_Predator_Assimilate.label,Predatory goal preference\n(assimilation),label,QuirkDefs\QuirkPool_GoalPreference.xml,def,Predatory goal preference<ALIMT >(PH_1)</ALIMT>(assimilation)
GoalPreference_Predator_Assimilate.description,"These quirks determine how much a pawn likes assimilating prey (fatal absorption). At the extremes, the pawn will either never or always try to assimilate prey. These quirks do require the ability to absorb prey in the first place, however.",description,QuirkDefs\QuirkPool_GoalPreference.xml,def,"These quirks determine how much a <ALIMT >(PH_2)</ALIMT> likes assimilating prey (fatal absorption). At the extremes, the <ALIMT >(PH_1)</ALIMT> will either never or always try to assimilate prey. These quirks do require the ability to absorb prey in the first place, however."
GoalPreference_Predator_Assimilate_Obsessed.label,Driven assimilator,label,QuirkDefs\QuirkPool_GoalPreference.xml,def,Driven assimilator
GoalPreference_Predator_Assimilate_Obsessed.description,"As an obsessive assimilator, [PAWN_label] wants to permanently absorb as many prey as possible and make [PAWN_possessive] assets huge.",description,QuirkDefs\QuirkPool_GoalPreference.xml,def,"As an obsessive assimilator, <ALIMT >(PH_2)</ALIMT> wants to permanently absorb as many prey as possible and make <ALIMT >(PH_1)</ALIMT> assets huge."
GoalPreference_Predator_Assimilate_Likes.label,Assimilator,label,QuirkDefs\QuirkPool_GoalPreference.xml,def,Assimilator
GoalPreference_Predator_Assimilate_Likes.description,"As an assimilator, [PAWN_label] likes absorbing [PAWN_possessive] prey permanently. Getting targeted size-gains is one advantage over digestion.",description,QuirkDefs\QuirkPool_GoalPreference.xml,def,"As an assimilator, <ALIMT >(PH_2)</ALIMT> likes absorbing <ALIMT >(PH_1)</ALIMT> prey permanently. Getting targeted size-gains is one advantage over digestion."
GoalPreference_Predator_Assimilate_Neutral.label,Assimilation ambivalence,label,QuirkDefs\QuirkPool_GoalPreference.xml,def,Assimilation ambivalence
GoalPreference_Predator_Assimilate_Neutral.description,[PAWN_label] doesn't really care one way or the other about assimilating prey. That may or may not be due to [PAWN_label] not being capable of assimilation in the first place.,description,QuirkDefs\QuirkPool_GoalPreference.xml,def,<ALIMT >(PH_2)</ALIMT> doesn't really care one way or the other about assimilating prey. That may or may not be due to <ALIMT >(PH_1)</ALIMT> not being capable of assimilation in the first place.
GoalPreference_Predator_Assimilate_Dislikes.label,Assimilation aversion,label,QuirkDefs\QuirkPool_GoalPreference.xml,def,Assimilation aversion
GoalPreference_Predator_Assimilate_Dislikes.description,[PAWN_label] doesn't like permanently assimilating prey. Something less permanent or non-absorptive might be preferable.,description,QuirkDefs\QuirkPool_GoalPreference.xml,def,<ALIMT >(PH_1)</ALIMT> doesn't like permanently assimilating prey. Something less permanent or non-absorptive might be preferable.
GoalPreference_Predator_Assimilate_Refuses.label,Assimilation revulsion,label,QuirkDefs\QuirkPool_GoalPreference.xml,def,Assimilation revulsion
GoalPreference_Predator_Assimilate_Refuses.description,[PAWN_label] hates permanently assimilating prey and will never willingly do it. It's a perversion of the powers of absorption.,description,QuirkDefs\QuirkPool_GoalPreference.xml,def,<ALIMT >(PH_1)</ALIMT> hates permanently assimilating prey and will never willingly do it. It's a perversion of the powers of absorption.
GoalPreference_Prey_Amalgamate.label,Preyish goal preference\n(amalgamation),label,QuirkDefs\QuirkPool_GoalPreference.xml,def,Preyish goal preference<ALIMT >(PH_1)</ALIMT>(amalgamation)
GoalPreference_Prey_Amalgamate.description,"These quirks determine how much a pawn wants to be amalgamated (non-fatally absorbed) into a predator. At the extremes, the pawn will either never or always try to be amalgamated. Be careful increasing the commonality of an amalgamation preference: willing pawns can easily be lost indefinitely among however many predators you have who are capable of absorption.",description,QuirkDefs\QuirkPool_GoalPreference.xml,def,"These quirks determine how much a <ALIMT >(PH_2)</ALIMT> wants to be amalgamated (non-fatally absorbed) into a predator. At the extremes, the <ALIMT >(PH_1)</ALIMT> will either never or always try to be amalgamated. Be careful increasing the commonality of an amalgamation preference: willing pawns can easily be lost indefinitely among however many predators you have who are capable of absorption."
GoalPreference_Prey_Amalgamate_Obsessed.label,Pad-wish,label,QuirkDefs\QuirkPool_GoalPreference.xml,def,Pad-wish
GoalPreference_Prey_Amalgamate_Obsessed.description,"As an obsessive tapissier(e) [PAWN_label] really wants to spend the rest of eternity absorbed, still-sapient, into some predator's body.",description,QuirkDefs\QuirkPool_GoalPreference.xml,def,"As an obsessive <ALIMT >(PH_2)</ALIMT> <ALIMT >(PH_1)</ALIMT> really wants to spend the rest of <ALIMT >eternity</ALIMT> absorbed, still-sapient, into some predator's body."
GoalPreference_Prey_Amalgamate_Likes.label,Tapissier,label,QuirkDefs\QuirkPool_GoalPreference.xml,def,Tapissier
GoalPreference_Prey_Amalgamate_Likes.description,"As a tapissier(e), [PAWN_label] just likes to spend a while as padding on some predator. Not necessarily forever, mind.",description,QuirkDefs\QuirkPool_GoalPreference.xml,def,"As a <ALIMT >(PH_2)</ALIMT>, <ALIMT >(PH_1)</ALIMT> just likes to spend a while as padding on some predator. Not necessarily <ALIMT >forever</ALIMT>, mind."
GoalPreference_Prey_Amalgamate_Neutral.label,Amalgam ambivalence,label,QuirkDefs\QuirkPool_GoalPreference.xml,def,Amalgam ambivalence
GoalPreference_Prey_Amalgamate_Neutral.description,[PAWN_label] doesn't really care one way or the other about being amalgamated.,description,QuirkDefs\QuirkPool_GoalPreference.xml,def,<ALIMT >(PH_1)</ALIMT> doesn't really care one way or the other about being amalgamated.
GoalPreference_Prey_Amalgamate_Dislikes.label,Amalgam aversion,label,QuirkDefs\QuirkPool_GoalPreference.xml,def,Amalgam aversion
GoalPreference_Prey_Amalgamate_Dislikes.description,"[PAWN_label] dislikes being amalgamated. Either consciousness should cease before [PAWN_pronoun] enhances someone's assets, or [PAWN_pronoun] should be let go safe and sound.",description,QuirkDefs\QuirkPool_GoalPreference.xml,def,"<ALIMT >(PH_3)</ALIMT> dislikes being amalgamated. Either consciousness should cease before <ALIMT >(PH_2)</ALIMT> enhances someone's assets, or <ALIMT >(PH_1)</ALIMT> should be let go safe and sound."
GoalPreference_Prey_Amalgamate_Refuses.label,Amalgam revulsion,label,QuirkDefs\QuirkPool_GoalPreference.xml,def,Amalgam revulsion
GoalPreference_Prey_Amalgamate_Refuses.description,"[PAWN_label] hates being amalgamated. If you have to absorb [PAWN_objective], just take it all the way. Being a pred's *temporary* size-enhancer is a violation [PAWN_pronoun] would rather not live with.",description,QuirkDefs\QuirkPool_GoalPreference.xml,def,"<ALIMT >(PH_3)</ALIMT> hates being amalgamated. If you have to absorb <ALIMT >(PH_2)</ALIMT>, just take it all the way. Being a pred's *temporary* size-enhancer is a violation <ALIMT >(PH_1)</ALIMT> would rather not live with."
GoalPreference_Prey_Assimilate.label,Preyish goal preference (assimilation),label,QuirkDefs\QuirkPool_GoalPreference.xml,def,Preyish goal preference (assimilation)
GoalPreference_Prey_Assimilate.description,"These quirks determine how much a pawn wants to be assimilated (fatally absorbed) into a predator. At the extremes, the pawn will either never or always try to be assimilated. Be careful increasing the commonality of an assimilation preference: willing pawns can easily be killed by predators with little notice.",description,QuirkDefs\QuirkPool_GoalPreference.xml,def,"These quirks determine how much a <ALIMT >(PH_2)</ALIMT> wants to be assimilated (fatally absorbed) into a predator. At the extremes, the <ALIMT >(PH_1)</ALIMT> will either never or always try to be assimilated. Be careful increasing the commonality of an assimilation preference: willing pawns can easily be killed by predators with little notice."
GoalPreference_Prey_Assimilate_Obsessed.label,Meld-wish,label,QuirkDefs\QuirkPool_GoalPreference.xml,def,Meld-wish
GoalPreference_Prey_Assimilate_Obsessed.description,"As an obsessive osmoseu(r/se), [PAWN_label] has made up [PAWN_possessive] mind. $PNom wants to make a predator even more beautiful, and only a permanent absorption is intimate enough to suffice.",description,QuirkDefs\QuirkPool_GoalPreference.xml,def,"As an obsessive <ALIMT >(PH_3)</ALIMT>, <ALIMT >(PH_2)</ALIMT> has made up <ALIMT >(PH_1)</ALIMT> mind. $PNom wants to make a predator even more beautiful, and only a permanent absorption is <ALIMT >intimate</ALIMT> enough to suffice."
GoalPreference_Prey_Assimilate_Likes.label,Osmoseur,label,QuirkDefs\QuirkPool_GoalPreference.xml,def,Osmoseur
GoalPreference_Prey_Assimilate_Likes.description,"As an osmoseu(r/se), [PAWN_label] ideates an end in which [PAWN_pronoun] directly and visibly contributes to a predator's physical gains, by way of permanent absorption.",description,QuirkDefs\QuirkPool_GoalPreference.xml,def,"As an <ALIMT >(PH_3)</ALIMT>, <ALIMT >(PH_2)</ALIMT> ideates an end in which <ALIMT >(PH_1)</ALIMT> directly and visibly contributes to a predator's physical gains, by way of permanent absorption."
GoalPreference_Prey_Assimilate_Neutral.label,Assimilant ambivalence,label,QuirkDefs\QuirkPool_GoalPreference.xml,def,Assimilant ambivalence
GoalPreference_Prey_Assimilate_Neutral.description,[PAWN_label] doesn't really care one way or the other about being assimilated.,description,QuirkDefs\QuirkPool_GoalPreference.xml,def,<ALIMT >(PH_1)</ALIMT> doesn't really care one way or the other about being assimilated.
GoalPreference_Prey_Assimilate_Dislikes.label,Assimilant aversion,label,QuirkDefs\QuirkPool_GoalPreference.xml,def,Assimilant aversion
GoalPreference_Prey_Assimilate_Dislikes.description,[PAWN_label] is put off by the idea of being made a permanent part of someone. There's at least a transience to mere digestion.,description,QuirkDefs\QuirkPool_GoalPreference.xml,def,<ALIMT >(PH_1)</ALIMT> is put off by the idea of being made a permanent part of someone. There's at least a transience to mere digestion.
GoalPreference_Prey_Assimilate_Refuses.label,Assimilant revulsion,label,QuirkDefs\QuirkPool_GoalPreference.xml,def,Assimilant revulsion
GoalPreference_Prey_Assimilate_Refuses.description,"[PAWN_label] is terrified of being made a permanent part of someone, to be subject to all the degrading, animalistic things a pred might do with [PAWN_objective] after turning [PAWN_objective] into some body part or other.",description,QuirkDefs\QuirkPool_GoalPreference.xml,def,"<ALIMT >(PH_3)</ALIMT> is terrified of being made a permanent part of someone, to be subject to all the degrading, animalistic things a pred might do with <ALIMT >(PH_2)</ALIMT> after turning <ALIMT >(PH_1)</ALIMT> into some body part or other."
TypePreference_Predator_Cleavage.label,Predatory type pref. (cleavage),label,QuirkDefs\QuirkPool_TypePreference.xml,def,Predatory type pref. (<ALIMT >cleavage</ALIMT>)
TypePreference_Predator_Cleavage.description,"These quirks determine how much a pawn likes to stuff prey down their cleavage. At the extremes, the pawn will either never or always try to fissure prey.",description,QuirkDefs\QuirkPool_TypePreference.xml,def,"These quirks determine how much a <ALIMT >(PH_2)</ALIMT> likes to stuff prey down their <ALIMT >cleavage</ALIMT>. At the extremes, the <ALIMT >(PH_1)</ALIMT> will either never or always try to fissure prey."
TypePreference_Predator_Cleavage_Obsessed.label,Ravenous fissurist pred,label,QuirkDefs\QuirkPool_TypePreference.xml,def,Ravenous fissurist pred
TypePreference_Predator_Cleavage_Obsessed.description,"[PAWN_label] loves fissuring [PAWN_possessive] prey, to the exclusion of other types. No other type of vore makes it so easy to make out with prey on the way down.",description,QuirkDefs\QuirkPool_TypePreference.xml,def,"<ALIMT >(PH_2)</ALIMT> loves fissuring <ALIMT >(PH_1)</ALIMT> prey, to the exclusion of other types. No other type of <ALIMT >vore</ALIMT> makes it so easy to make out with prey on the way down."
TypePreference_Predator_Cleavage_Likes.label,Fissurist pred,label,QuirkDefs\QuirkPool_TypePreference.xml,def,Fissurist pred
TypePreference_Predator_Cleavage_Likes.description,"[PAWN_label] likes fissuring [PAWN_possessive] prey. Cleavage doesn't need to stretch as far beyond the norm, unlike other methods.",description,QuirkDefs\QuirkPool_TypePreference.xml,def,"<ALIMT >(PH_2)</ALIMT> likes fissuring <ALIMT >(PH_1)</ALIMT> prey. <ALIMT >cleavage</ALIMT> doesn't need to stretch as far beyond the norm, unlike other methods."
TypePreference_Predator_Cleavage_Neutral.label,Fissure-ambivalent pred,label,QuirkDefs\QuirkPool_TypePreference.xml,def,Fissure-ambivalent pred
TypePreference_Predator_Cleavage_Neutral.description,[PAWN_label] doesn't really care one way or the other about fissuring prey.,description,QuirkDefs\QuirkPool_TypePreference.xml,def,<ALIMT >(PH_1)</ALIMT> doesn't really care one way or the other about fissuring prey.
TypePreference_Predator_Cleavage_Dislikes.label,Fissure-averse pred,label,QuirkDefs\QuirkPool_TypePreference.xml,def,Fissure-averse pred
TypePreference_Predator_Cleavage_Dislikes.description,[PAWN_label] dislikes fissuring [PAWN_possessive] prey. That's not supposed to be a hole.,description,QuirkDefs\QuirkPool_TypePreference.xml,def,<ALIMT >(PH_2)</ALIMT> dislikes fissuring <ALIMT >(PH_1)</ALIMT> prey. That's not supposed to be a hole.
TypePreference_Predator_Cleavage_Refuses.label,Fissure-abhorring pred,label,QuirkDefs\QuirkPool_TypePreference.xml,def,Fissure-abhorring pred
TypePreference_Predator_Cleavage_Refuses.description,[PAWN_label] hates fissuring [PAWN_possessive] prey. It doesn't even deserve to be called vore.,description,QuirkDefs\QuirkPool_TypePreference.xml,def,<ALIMT >(PH_2)</ALIMT> hates fissuring <ALIMT >(PH_1)</ALIMT> prey. It doesn't even deserve to be called <ALIMT >vore</ALIMT>.
TypePreference_Predator_Membrane.label,Predatory type pref. (membrane),label,QuirkDefs\QuirkPool_TypePreference.xml,def,Predatory type pref. (membrane)
TypePreference_Predator_Membrane.description,"These quirks determine how much a pawn likes to engulf prey through their permeable outer membrane. At the extremes, the pawn will either never or always try to engulf prey.",description,QuirkDefs\QuirkPool_TypePreference.xml,def,"These quirks determine how much a <ALIMT >(PH_2)</ALIMT> likes to engulf prey through their permeable outer membrane. At the extremes, the <ALIMT >(PH_1)</ALIMT> will either never or always try to engulf prey."
TypePreference_Predator_Membrane_Obsessed.label,Ravenous dermacist pred,label,QuirkDefs\QuirkPool_TypePreference.xml,def,Ravenous dermacist pred
TypePreference_Predator_Membrane_Obsessed.description,"[PAWN_label] loves engulfing prey through [PAWN_possessive] permeable outer membrane, like a slime. It's fun to walk around with prey like you've got a skeleton.",description,QuirkDefs\QuirkPool_TypePreference.xml,def,"<ALIMT >(PH_2)</ALIMT> loves engulfing prey through <ALIMT >(PH_1)</ALIMT> permeable outer membrane, like a <ALIMT >slime</ALIMT>. It's fun to walk around with prey like you've got a skeleton."
TypePreference_Predator_Membrane_Likes.label,Dermacist pred,label,QuirkDefs\QuirkPool_TypePreference.xml,def,Dermacist pred
TypePreference_Predator_Membrane_Likes.description,"[PAWN_label] likes engulfing prey through [PAWN_possessive] permeable outer membrane, like a slime. Glomp!",description,QuirkDefs\QuirkPool_TypePreference.xml,def,"<ALIMT >(PH_2)</ALIMT> likes engulfing prey through <ALIMT >(PH_1)</ALIMT> permeable outer membrane, like a <ALIMT >slime</ALIMT>. Glomp!"
TypePreference_Predator_Membrane_Neutral.label,Dermal-ambivalent pred,label,QuirkDefs\QuirkPool_TypePreference.xml,def,Dermal-ambivalent pred
TypePreference_Predator_Membrane_Neutral.description,[PAWN_label] doesn't really care one way or the other about engulfing prey.,description,QuirkDefs\QuirkPool_TypePreference.xml,def,<ALIMT >(PH_1)</ALIMT> doesn't really care one way or the other about engulfing prey.
TypePreference_Predator_Membrane_Dislikes.label,Dermal-averse pred,label,QuirkDefs\QuirkPool_TypePreference.xml,def,Dermal-averse pred
TypePreference_Predator_Membrane_Dislikes.description,[PAWN_label] dislikes engulfing prey through [PAWN_possessive] permeable outer membrane. It's a good way to get filth and grime in your plasm.,description,QuirkDefs\QuirkPool_TypePreference.xml,def,<ALIMT >(PH_2)</ALIMT> dislikes engulfing prey through <ALIMT >(PH_1)</ALIMT> permeable outer membrane. It's a good way to get filth and grime in your plasm.
TypePreference_Predator_Membrane_Refuses.label,Dermal-abhorring pred,label,QuirkDefs\QuirkPool_TypePreference.xml,def,Dermal-abhorring pred
TypePreference_Predator_Membrane_Refuses.description,"[PAWN_label] hates engulfing prey through [PAWN_possessive] permeable outer membrane. Who would ever want to be restricted to a stiff, unyielding skeleton?",description,QuirkDefs\QuirkPool_TypePreference.xml,def,"<ALIMT >(PH_2)</ALIMT> hates engulfing prey through <ALIMT >(PH_1)</ALIMT> permeable outer membrane. Who would ever want to be restricted to a stiff, unyielding skeleton?"
TypePreference_Predator_Navel.label,Predatory type preference (navel),label,QuirkDefs\QuirkPool_TypePreference.xml,def,Predatory type preference (navel)
TypePreference_Predator_Navel.description,"These quirks determine how much a pawn likes to stuff prey into their navel. At the extremes, the pawn will either never or always try to ennavel prey.",description,QuirkDefs\QuirkPool_TypePreference.xml,def,"These quirks determine how much a <ALIMT >(PH_2)</ALIMT> likes to stuff prey into their navel. At the extremes, the <ALIMT >(PH_1)</ALIMT> will either never or always try to ennavel prey."
TypePreference_Predator_Navel_Obsessed.label,Ravenous umbilicist pred,label,QuirkDefs\QuirkPool_TypePreference.xml,def,Ravenous umbilicist pred
TypePreference_Predator_Navel_Obsessed.description,"[PAWN_label] loves ennaveling [PAWN_possessive] prey, to the exclusion of other types. No other method is as belly-centric.",description,QuirkDefs\QuirkPool_TypePreference.xml,def,"<ALIMT >(PH_2)</ALIMT> loves ennaveling <ALIMT >(PH_1)</ALIMT> prey, to the exclusion of other types. No other method is as belly-centric."
TypePreference_Predator_Navel_Likes.label,Umbilicist pred,label,QuirkDefs\QuirkPool_TypePreference.xml,def,Umbilicist pred
TypePreference_Predator_Navel_Likes.description,[PAWN_label] likes ennaveling [PAWN_possessive] prey. It fed 'em once before; it can do so again!,description,QuirkDefs\QuirkPool_TypePreference.xml,def,<ALIMT >(PH_2)</ALIMT> likes ennaveling <ALIMT >(PH_1)</ALIMT> prey. It fed 'em once before; it can do so again!
TypePreference_Predator_Navel_Neutral.label,Umbilical-ambivalent pred,label,QuirkDefs\QuirkPool_TypePreference.xml,def,Umbilical-ambivalent pred
TypePreference_Predator_Navel_Neutral.description,[PAWN_label] doesn't really care one way or the other about ennaveling prey.,description,QuirkDefs\QuirkPool_TypePreference.xml,def,<ALIMT >(PH_1)</ALIMT> doesn't really care one way or the other about ennaveling prey.
TypePreference_Predator_Navel_Dislikes.label,Umbilical-averse pred,label,QuirkDefs\QuirkPool_TypePreference.xml,def,Umbilical-averse pred
TypePreference_Predator_Navel_Dislikes.description,[PAWN_label] dislikes ennaveling [PAWN_possessive] prey. That was supposed to be tied a while ago!,description,QuirkDefs\QuirkPool_TypePreference.xml,def,<ALIMT >(PH_2)</ALIMT> dislikes ennaveling <ALIMT >(PH_1)</ALIMT> prey. That was supposed to be tied a while ago!
TypePreference_Predator_Navel_Refuses.label,Umbilical-abhorring pred,label,QuirkDefs\QuirkPool_TypePreference.xml,def,Umbilical-abhorring pred
TypePreference_Predator_Navel_Refuses.description,[PAWN_label] hates ennaveling [PAWN_possessive] prey. $PNom isn't a fetus anymore!,description,QuirkDefs\QuirkPool_TypePreference.xml,def,<ALIMT >(PH_2)</ALIMT> hates ennaveling <ALIMT >(PH_1)</ALIMT> prey. $PNom isn't a fetus anymore!
TypePreference_Predator_Tailmaw.label,Predatory type preference (tailmaw),label,QuirkDefs\QuirkPool_TypePreference.xml,def,Predatory type preference (tailmaw)
TypePreference_Predator_Tailmaw.description,"These quirks determine how much a pawn likes to gulp prey down their tail-throat. At the extremes, the pawn will either never or always try to pythen prey.",description,QuirkDefs\QuirkPool_TypePreference.xml,def,"These quirks determine how much a <ALIMT >(PH_2)</ALIMT> likes to gulp prey down their <ALIMT >tail</ALIMT>-throat. At the extremes, the <ALIMT >(PH_1)</ALIMT> will either never or always try to pythen prey."
TypePreference_Predator_Tailmaw_Obsessed.label,Ravenous caudalist pred,label,QuirkDefs\QuirkPool_TypePreference.xml,def,Ravenous caudalist pred
TypePreference_Predator_Tailmaw_Obsessed.description,"[PAWN_label] loves pythening [PAWN_possessive] prey, to the exclusion of other types. It's like having a helping hand hunting.",description,QuirkDefs\QuirkPool_TypePreference.xml,def,"<ALIMT >(PH_2)</ALIMT> loves pythening <ALIMT >(PH_1)</ALIMT> prey, to the exclusion of other types. It's like having a helping hand hunting."
TypePreference_Predator_Tailmaw_Likes.label,Caudalist pred,label,QuirkDefs\QuirkPool_TypePreference.xml,def,Caudalist pred
TypePreference_Predator_Tailmaw_Likes.description,[PAWN_label] likes pythening [PAWN_possessive] prey. What else do you do with a vore-capable tail?,description,QuirkDefs\QuirkPool_TypePreference.xml,def,<ALIMT >(PH_2)</ALIMT> likes pythening <ALIMT >(PH_1)</ALIMT> prey. What else do you do with a <ALIMT >vore</ALIMT>-capable <ALIMT >tail</ALIMT>?
TypePreference_Predator_Tailmaw_Neutral.label,Caudal-ambivalent pred,label,QuirkDefs\QuirkPool_TypePreference.xml,def,Caudal-ambivalent pred
TypePreference_Predator_Tailmaw_Neutral.description,[PAWN_label] doesn't really care one way or the other about pythening prey.,description,QuirkDefs\QuirkPool_TypePreference.xml,def,<ALIMT >(PH_1)</ALIMT> doesn't really care one way or the other about pythening prey.
TypePreference_Predator_Tailmaw_Dislikes.label,Caudal-averse pred,label,QuirkDefs\QuirkPool_TypePreference.xml,def,Caudal-averse pred
TypePreference_Predator_Tailmaw_Dislikes.description,[PAWN_label] dislikes pythening [PAWN_possessive] prey. It's even harder to coordinate than anal vore.,description,QuirkDefs\QuirkPool_TypePreference.xml,def,<ALIMT >(PH_2)</ALIMT> dislikes pythening <ALIMT >(PH_1)</ALIMT> prey. It's even harder to coordinate than <ALIMT >anal</ALIMT> <ALIMT >vore</ALIMT>.
TypePreference_Predator_Tailmaw_Refuses.label,Caudal-abhorring pred,label,QuirkDefs\QuirkPool_TypePreference.xml,def,Caudal-abhorring pred
TypePreference_Predator_Tailmaw_Refuses.description,[PAWN_label] hates pythening [PAWN_possessive] prey. What's the point when [PAWN_pronoun] already has a mouth?,description,QuirkDefs\QuirkPool_TypePreference.xml,def,<ALIMT >(PH_3)</ALIMT> hates pythening <ALIMT >(PH_2)</ALIMT> prey. What's the point when <ALIMT >(PH_1)</ALIMT> already has a mouth?
TypePreference_Predator_Udder.label,Predatory type preference (udder),label,QuirkDefs\QuirkPool_TypePreference.xml,def,Predatory type preference (udder)
TypePreference_Predator_Udder.description,"These quirks determine how much a pawn likes to stuff prey into their udder. At the extremes, the pawn will either never or always try to unnurse prey into their udder.",description,QuirkDefs\QuirkPool_TypePreference.xml,def,"These quirks determine how much a <ALIMT >(PH_2)</ALIMT> likes to stuff prey into their udder. At the extremes, the <ALIMT >(PH_1)</ALIMT> will either never or always try to unnurse prey into their udder."
TypePreference_Predator_Udder_Obsessed.label,Ravenous uberist pred,label,QuirkDefs\QuirkPool_TypePreference.xml,def,Ravenous uberist pred
TypePreference_Predator_Udder_Obsessed.description,"[PAWN_label] loves unnursing prey into [PAWN_possessive] udder, to the exclusion of other types. Moo!",description,QuirkDefs\QuirkPool_TypePreference.xml,def,"<ALIMT >(PH_2)</ALIMT> loves unnursing prey into <ALIMT >(PH_1)</ALIMT> udder, to the exclusion of other types. Moo!"
TypePreference_Predator_Udder_Likes.label,Uberist pred,label,QuirkDefs\QuirkPool_TypePreference.xml,def,Uberist pred
TypePreference_Predator_Udder_Likes.description,[PAWN_label] likes unnursing prey into [PAWN_possessive] udder. Milk's good.,description,QuirkDefs\QuirkPool_TypePreference.xml,def,<ALIMT >(PH_2)</ALIMT> likes unnursing prey into <ALIMT >(PH_1)</ALIMT> udder. Milk's good.
TypePreference_Predator_Udder_Neutral.label,Uberal-ambivalent pred,label,QuirkDefs\QuirkPool_TypePreference.xml,def,Uberal-ambivalent pred
TypePreference_Predator_Udder_Neutral.description,[PAWN_label] doesn't really care one way or the other about unnursing prey into [PAWN_possessive] udder.,description,QuirkDefs\QuirkPool_TypePreference.xml,def,<ALIMT >(PH_2)</ALIMT> doesn't really care one way or the other about unnursing prey into <ALIMT >(PH_1)</ALIMT> udder.
TypePreference_Predator_Udder_Dislikes.label,Uberal-averse pred,label,QuirkDefs\QuirkPool_TypePreference.xml,def,Uberal-averse pred
TypePreference_Predator_Udder_Dislikes.description,[PAWN_label] dislikes unnursing prey into [PAWN_possessive] udder. There are better ways to get milk.,description,QuirkDefs\QuirkPool_TypePreference.xml,def,<ALIMT >(PH_2)</ALIMT> dislikes unnursing prey into <ALIMT >(PH_1)</ALIMT> udder. There are better ways to get milk.
TypePreference_Predator_Udder_Refuses.label,Uberal-abhorring pred,label,QuirkDefs\QuirkPool_TypePreference.xml,def,Uberal-abhorring pred
TypePreference_Predator_Udder_Refuses.description,[PAWN_label] hates unnursing prey into [PAWN_possessive] udder. Find another cow.,description,QuirkDefs\QuirkPool_TypePreference.xml,def,<ALIMT >(PH_2)</ALIMT> hates unnursing prey into <ALIMT >(PH_1)</ALIMT> udder. Find another cow.
TypePreference_Prey_Cleavage.label,Preyish type preference (cleavage),label,QuirkDefs\QuirkPool_TypePreference.xml,def,Preyish type preference (<ALIMT >cleavage</ALIMT>)
TypePreference_Prey_Cleavage.description,"These quirks determine how much a pawn likes to be stuffed in predators' cleavage. At the extremes, the pawn will either never or always try to get fissured.",description,QuirkDefs\QuirkPool_TypePreference.xml,def,"These quirks determine how much a <ALIMT >(PH_2)</ALIMT> likes to be stuffed in predators' <ALIMT >cleavage</ALIMT>. At the extremes, the <ALIMT >(PH_1)</ALIMT> will either never or always try to get fissured."
TypePreference_Prey_Cleavage_Obsessed.label,Obsessive fissurist prey,label,QuirkDefs\QuirkPool_TypePreference.xml,def,Obsessive fissurist prey
TypePreference_Prey_Cleavage_Obsessed.description,"[PAWN_label] loves to fit between the letter-slot, to get cosy in the built-in purse, to get a full-body titjob; to be fissured, cleavage-vored.",description,QuirkDefs\QuirkPool_TypePreference.xml,def,"<ALIMT >(PH_1)</ALIMT> loves to fit between the letter-slot, to get cosy in the built-in purse, to get a full-body titjob; to be fissured, <ALIMT >cleavage</ALIMT>-vored."
TypePreference_Prey_Cleavage_Likes.label,Fissurist prey,label,QuirkDefs\QuirkPool_TypePreference.xml,def,Fissurist prey
TypePreference_Prey_Cleavage_Likes.description,[PAWN_label] likes to be fissured. Who doesn't like playing around with a pair of funbags?,description,QuirkDefs\QuirkPool_TypePreference.xml,def,<ALIMT >(PH_1)</ALIMT> likes to be fissured. Who doesn't like playing around with a pair of funbags?
TypePreference_Prey_Cleavage_Neutral.label,Fissure-ambivalent prey,label,QuirkDefs\QuirkPool_TypePreference.xml,def,Fissure-ambivalent prey
TypePreference_Prey_Cleavage_Neutral.description,[PAWN_label] doesn't really care one way or the other about being fissured.,description,QuirkDefs\QuirkPool_TypePreference.xml,def,<ALIMT >(PH_1)</ALIMT> doesn't really care one way or the other about being fissured.
TypePreference_Prey_Cleavage_Dislikes.label,Fissure-averse prey,label,QuirkDefs\QuirkPool_TypePreference.xml,def,Fissure-averse prey
TypePreference_Prey_Cleavage_Dislikes.description,[PAWN_label] dislikes being fissured. There are higher-intensity forms of vore out there.,description,QuirkDefs\QuirkPool_TypePreference.xml,def,<ALIMT >(PH_1)</ALIMT> dislikes being fissured. There are higher-intensity forms of <ALIMT >vore</ALIMT> out there.
TypePreference_Prey_Cleavage_Refuses.label,Fissure-abhorring prey,label,QuirkDefs\QuirkPool_TypePreference.xml,def,Fissure-abhorring prey
TypePreference_Prey_Cleavage_Refuses.description,[PAWN_label] hates being fissured. Is it really even vore?,description,QuirkDefs\QuirkPool_TypePreference.xml,def,<ALIMT >(PH_1)</ALIMT> hates being fissured. Is it really even <ALIMT >vore</ALIMT>?
TypePreference_Prey_Membrane.label,Preyish type pref. (membrane),label,QuirkDefs\QuirkPool_TypePreference.xml,def,Preyish type pref. (membrane)
TypePreference_Prey_Membrane.description,"These quirks determine how much a pawn likes to be engulfed through a slimelike being's permeable outer membrane, like by a slime. At the extremes, the pawn will either never or always try to get engulfed.",description,QuirkDefs\QuirkPool_TypePreference.xml,def,"These quirks determine how much a <ALIMT >(PH_2)</ALIMT> likes to be engulfed through a slimelike being's permeable outer membrane, like by a <ALIMT >slime</ALIMT>. At the extremes, the <ALIMT >(PH_1)</ALIMT> will either never or always try to get engulfed."
TypePreference_Prey_Membrane_Obsessed.label,Obsessive dermalist prey,label,QuirkDefs\QuirkPool_TypePreference.xml,def,Obsessive dermalist prey
TypePreference_Prey_Membrane_Obsessed.description,"[PAWN_label] loves to bathe in the body, to swim in jelly; to be engulfed, overembraced, membrane-vored.",description,QuirkDefs\QuirkPool_TypePreference.xml,def,"<ALIMT >(PH_1)</ALIMT> loves to bathe in the body, to swim in jelly; to be engulfed, overembraced, membrane-vored."
TypePreference_Prey_Membrane_Likes.label,Dermalist prey,label,QuirkDefs\QuirkPool_TypePreference.xml,def,Dermalist prey
TypePreference_Prey_Membrane_Likes.description,[PAWN_label] likes being engulfed by slime-like beings. It's nice to swim in goo.,description,QuirkDefs\QuirkPool_TypePreference.xml,def,<ALIMT >(PH_1)</ALIMT> likes being engulfed by <ALIMT >slime</ALIMT>-like beings. It's nice to swim in goo.
TypePreference_Prey_Membrane_Neutral.label,Dermal-ambivalent prey,label,QuirkDefs\QuirkPool_TypePreference.xml,def,Dermal-ambivalent prey
TypePreference_Prey_Membrane_Neutral.description,[PAWN_label] doesn't really care one way or the other about being engulfed.,description,QuirkDefs\QuirkPool_TypePreference.xml,def,<ALIMT >(PH_1)</ALIMT> doesn't really care one way or the other about being engulfed.
TypePreference_Prey_Membrane_Dislikes.label,Dermal-averse prey,label,QuirkDefs\QuirkPool_TypePreference.xml,def,Dermal-averse prey
TypePreference_Prey_Membrane_Dislikes.description,[PAWN_label] dislikes being engulfed by slimelike beings. The vibe's just off.,description,QuirkDefs\QuirkPool_TypePreference.xml,def,<ALIMT >(PH_1)</ALIMT> dislikes being engulfed by slimelike beings. The vibe's just off.
TypePreference_Prey_Membrane_Refuses.label,Dermal-averse prey,label,QuirkDefs\QuirkPool_TypePreference.xml,def,Dermal-averse prey
TypePreference_Prey_Membrane_Refuses.description,"[PAWN_label] hates being engulfed by slimelike beings. It's too public, too roomy, and the slime gets to puppet you around while you're inside.",description,QuirkDefs\QuirkPool_TypePreference.xml,def,"<ALIMT >(PH_1)</ALIMT> hates being engulfed by slimelike beings. It's too <ALIMT >public</ALIMT>, too roomy, and the <ALIMT >slime</ALIMT> gets to puppet you around while you're inside."
TypePreference_Prey_Navel.label,Preyish type preference (navel),label,QuirkDefs\QuirkPool_TypePreference.xml,def,Preyish type preference (navel)
TypePreference_Prey_Navel.description,"These quirks determine how much a pawn likes to be stuffed into a predator's navel. At the extremes, the pawn will either never or always try to get ennaveled.",description,QuirkDefs\QuirkPool_TypePreference.xml,def,"These quirks determine how much a <ALIMT >(PH_2)</ALIMT> likes to be stuffed into a predator's navel. At the extremes, the <ALIMT >(PH_1)</ALIMT> will either never or always try to get ennaveled."
TypePreference_Prey_Navel_Obsessed.label,Obsessive umbilicist prey,label,QuirkDefs\QuirkPool_TypePreference.xml,def,Obsessive umbilicist prey
TypePreference_Prey_Navel_Obsessed.description,"[PAWN_label] loves to dig deep for lint, to untie the old knot, to be navel-vored.",description,QuirkDefs\QuirkPool_TypePreference.xml,def,"<ALIMT >(PH_1)</ALIMT> loves to dig deep for lint, to untie the old knot, to be navel-vored."
TypePreference_Prey_Navel_Likes.label,Umbilicist prey,label,QuirkDefs\QuirkPool_TypePreference.xml,def,Umbilicist prey
TypePreference_Prey_Navel_Likes.description,[PAWN_label] likes being ennaveled. Bellies are good!,description,QuirkDefs\QuirkPool_TypePreference.xml,def,<ALIMT >(PH_1)</ALIMT> likes being ennaveled. Bellies are good!
TypePreference_Prey_Navel_Neutral.label,Umbilical-ambivalent prey,label,QuirkDefs\QuirkPool_TypePreference.xml,def,Umbilical-ambivalent prey
TypePreference_Prey_Navel_Neutral.description,[PAWN_label] doesn't really care one way or the other about being ennaveled.,description,QuirkDefs\QuirkPool_TypePreference.xml,def,<ALIMT >(PH_1)</ALIMT> doesn't really care one way or the other about being ennaveled.
TypePreference_Prey_Navel_Dislikes.label,Umbilical-averse prey,label,QuirkDefs\QuirkPool_TypePreference.xml,def,Umbilical-averse prey
TypePreference_Prey_Navel_Dislikes.description,[PAWN_label] dislikes being ennaveled. It's linty and unclean in there.,description,QuirkDefs\QuirkPool_TypePreference.xml,def,<ALIMT >(PH_1)</ALIMT> dislikes being ennaveled. It's linty and unclean in there.
TypePreference_Prey_Navel_Refuses.label,Umbilical-averse prey,label,QuirkDefs\QuirkPool_TypePreference.xml,def,Umbilical-averse prey
TypePreference_Prey_Navel_Refuses.description,[PAWN_label] hates being ennaveled. The knot was tied for a reason.,description,QuirkDefs\QuirkPool_TypePreference.xml,def,<ALIMT >(PH_1)</ALIMT> hates being ennaveled. The knot was tied for a reason.
TypePreference_Prey_Tailmaw.label,Preyish type preference (tailmaw),label,QuirkDefs\QuirkPool_TypePreference.xml,def,Preyish type preference (tailmaw)
TypePreference_Prey_Tailmaw.description,"These quirks determine how much a pawn likes to be gulped down a predator's tailmaw. At the extremes, the pawn will either never or always try to get pythened.",description,QuirkDefs\QuirkPool_TypePreference.xml,def,"These quirks determine how much a <ALIMT >(PH_2)</ALIMT> likes to be gulped down a predator's tailmaw. At the extremes, the <ALIMT >(PH_1)</ALIMT> will either never or always try to get pythened."
TypePreference_Prey_Tailmaw_Obsessed.label,Obsessive caudalist prey,label,QuirkDefs\QuirkPool_TypePreference.xml,def,Obsessive caudalist prey
TypePreference_Prey_Tailmaw_Obsessed.description,"[PAWN_label] loves to be taken by the snake, sucked down the spade; pythened, tail-vored.",description,QuirkDefs\QuirkPool_TypePreference.xml,def,"<ALIMT >(PH_1)</ALIMT> loves to be taken by the snake, sucked down the spade; pythened, <ALIMT >tail</ALIMT>-vored."
TypePreference_Prey_Tailmaw_Likes.label,Caudalist prey,label,QuirkDefs\QuirkPool_TypePreference.xml,def,Caudalist prey
TypePreference_Prey_Tailmaw_Likes.description,[PAWN_label] likes being pythened. Tail-preds can do ever so much with their tails while you're in there.,description,QuirkDefs\QuirkPool_TypePreference.xml,def,<ALIMT >(PH_1)</ALIMT> likes being pythened. <ALIMT >tail</ALIMT>-preds can do ever so much with their tails while you're in there.
TypePreference_Prey_Tailmaw_Neutral.label,Caudal-ambivalent prey,label,QuirkDefs\QuirkPool_TypePreference.xml,def,Caudal-ambivalent prey
TypePreference_Prey_Tailmaw_Neutral.description,[PAWN_label] doesn't really care one way or the other about being pythened.,description,QuirkDefs\QuirkPool_TypePreference.xml,def,<ALIMT >(PH_1)</ALIMT> doesn't really care one way or the other about being pythened.
TypePreference_Prey_Tailmaw_Dislikes.label,Caudal-averse prey,label,QuirkDefs\QuirkPool_TypePreference.xml,def,Caudal-averse prey
TypePreference_Prey_Tailmaw_Dislikes.description,"[PAWN_label] dislikes being pythened. Tailmaws fall within the uncanny valley, when it comes to mouths.",description,QuirkDefs\QuirkPool_TypePreference.xml,def,"<ALIMT >(PH_1)</ALIMT> dislikes being pythened. Tailmaws fall within the uncanny valley, when it comes to mouths."
TypePreference_Prey_Tailmaw_Refuses.label,Caudal-abhorring prey,label,QuirkDefs\QuirkPool_TypePreference.xml,def,Caudal-abhorring prey
TypePreference_Prey_Tailmaw_Refuses.description,"[PAWN_label] hates being pythened. It activates some sort of primal fear of snakes in [PAWN_possessive] mind, even if [PAWN_pronoun] might not otherwise dread the slitherers.",description,QuirkDefs\QuirkPool_TypePreference.xml,def,"<ALIMT >(PH_3)</ALIMT> hates being pythened. It activates some sort of primal fear of snakes in <ALIMT >(PH_2)</ALIMT> mind, even if <ALIMT >(PH_1)</ALIMT> might not otherwise dread the slitherers."
TypePreference_Prey_Udder.label,Preyish type preference (udder),label,QuirkDefs\QuirkPool_TypePreference.xml,def,Preyish type preference (udder)
TypePreference_Prey_Udder.description,"These quirks determine how much a pawn likes to be stuffed into a predator's udder. At the extremes, the pawn will either never or always try to get unnursed into the udder.",description,QuirkDefs\QuirkPool_TypePreference.xml,def,"These quirks determine how much a <ALIMT >(PH_2)</ALIMT> likes to be stuffed into a predator's udder. At the extremes, the <ALIMT >(PH_1)</ALIMT> will either never or always try to get unnursed into the udder."
TypePreference_Prey_Udder_Obsessed.label,Obsessive uberist prey,label,QuirkDefs\QuirkPool_TypePreference.xml,def,Obsessive uberist prey
TypePreference_Prey_Udder_Obsessed.description,"[PAWN_label] loves to be unnursed, unsuckled, bathe in milk, all in the beastly manner--to be udder-vored.",description,QuirkDefs\QuirkPool_TypePreference.xml,def,"<ALIMT >(PH_1)</ALIMT> loves to be unnursed, unsuckled, bathe in milk, all in the beastly manner--to be udder-vored."
TypePreference_Prey_Udder_Likes.label,Uberist prey,label,QuirkDefs\QuirkPool_TypePreference.xml,def,Uberist prey
TypePreference_Prey_Udder_Likes.description,[PAWN_label] likes being unnursed into an udder. Moo!,description,QuirkDefs\QuirkPool_TypePreference.xml,def,<ALIMT >(PH_1)</ALIMT> likes being unnursed into an udder. Moo!
TypePreference_Prey_Udder_Neutral.label,Uberal-ambivalent prey,label,QuirkDefs\QuirkPool_TypePreference.xml,def,Uberal-ambivalent prey
TypePreference_Prey_Udder_Neutral.description,[PAWN_label] doesn't really care one way or the other about being unnursed into an udder.,description,QuirkDefs\QuirkPool_TypePreference.xml,def,<ALIMT >(PH_1)</ALIMT> doesn't really care one way or the other about being unnursed into an udder.
TypePreference_Prey_Udder_Dislikes.label,Uberal-averse prey,label,QuirkDefs\QuirkPool_TypePreference.xml,def,Uberal-averse prey
TypePreference_Prey_Udder_Dislikes.description,[PAWN_label] dislikes udder vore. Udders are weird.,description,QuirkDefs\QuirkPool_TypePreference.xml,def,<ALIMT >(PH_1)</ALIMT> dislikes udder <ALIMT >vore</ALIMT>. Udders are weird.
TypePreference_Prey_Udder_Refuses.label,Uberal-abhorring prey,label,QuirkDefs\QuirkPool_TypePreference.xml,def,Uberal-abhorring prey
TypePreference_Prey_Udder_Refuses.description,"[PAWN_label] hates udder vore. Those are for beasts, not people.",description,QuirkDefs\QuirkPool_TypePreference.xml,def,"<ALIMT >(PH_1)</ALIMT> hates udder <ALIMT >vore</ALIMT>. Those are for beasts, not people."
RV2_MakeGoalEnabler_Absorb.label,Make cellular xenoconverter,label,RecipeDefs\Recipes_VoreEnablers.xml,def,Make cellular xenoconverter
RV2_MakeGoalEnabler_ConvertChemfuel.label,Make olifactive enzyme seeder,label,RecipeDefs\Recipes_VoreEnablers.xml,def,Make olifactive enzyme seeder
RV2_MakeGoalEnabler_ConvertEggs.label,Make ovifactive enzyme seeder,label,RecipeDefs\Recipes_VoreEnablers.xml,def,Make ovifactive enzyme seeder
RV2_MakeGoalEnabler_ConvertUrine.label,Make urifactive enzyme seeder,label,RecipeDefs\Recipes_VoreEnablers.xml,def,Make urifactive enzyme seeder
RV2_MakeTypeEnabler_Cleavage.label,Make cleavage vore suite,label,RecipeDefs\Recipes_VoreEnablers.xml,def,Make <ALIMT >cleavage</ALIMT> <ALIMT >vore</ALIMT> suite
RV2_MakeTypeEnabler_Membrane.label,Make dermal porocizer,label,RecipeDefs\Recipes_VoreEnablers.xml,def,Make dermal porocizer
RV2_MakeTypeEnabler_Navel.label,Make umbilical elasticizer,label,RecipeDefs\Recipes_VoreEnablers.xml,def,Make umbilical elasticizer
RV2_MakeTypeEnabler_Tailmaw.label,Make caudal actinodivisor,label,RecipeDefs\Recipes_VoreEnablers.xml,def,Make caudal actinodivisor
RV2_MakeTypeEnabler_Udder.label,Make uberal elasticizer,label,RecipeDefs\Recipes_VoreEnablers.xml,def,Make uberal elasticizer
RV2_ChangeCosmeticHediff_Lips.label,Sculpt assimilated fat on lips.,label,RecipeDefs\Surgeries_ChangeCosmeticHediffs.xml,def,Sculpt assimilated fat on lips.
RV2_ChangeCosmeticHediff_Lips.description,Sculpt assimilated fat on lips.,description,RecipeDefs\Surgeries_ChangeCosmeticHediffs.xml,def,Sculpt assimilated fat on lips.
RV2_ChangeCosmeticHediff_Lips.jobString,Sculpting assimilated fat on lips,jobString,RecipeDefs\Surgeries_ChangeCosmeticHediffs.xml,def,Sculpting assimilated fat on lips
RV2_ChangeCosmeticHediff_Ass.label,Sculpt assimilated fat on ass.,label,RecipeDefs\Surgeries_ChangeCosmeticHediffs.xml,def,Sculpt assimilated fat on <ALIMT >ass</ALIMT>.
RV2_ChangeCosmeticHediff_Ass.description,Sculpt assimilated fat on ass.,description,RecipeDefs\Surgeries_ChangeCosmeticHediffs.xml,def,Sculpt assimilated fat on <ALIMT >ass</ALIMT>.
RV2_ChangeCosmeticHediff_Ass.jobString,Sculpting assimilated fat on ass,jobString,RecipeDefs\Surgeries_ChangeCosmeticHediffs.xml,def,Sculpting assimilated fat on <ALIMT >ass</ALIMT>
RV2_ChangeCosmeticHediff_Labia.label,Sculpt assimilated fat on labia.,label,RecipeDefs\Surgeries_ChangeCosmeticHediffs.xml,def,Sculpt assimilated fat on <ALIMT >labia</ALIMT>.
RV2_ChangeCosmeticHediff_Labia.description,Sculpt assimilated fat on labia.,description,RecipeDefs\Surgeries_ChangeCosmeticHediffs.xml,def,Sculpt assimilated fat on <ALIMT >labia</ALIMT>.
RV2_ChangeCosmeticHediff_Labia.jobString,Sculpting assimilated fat on labia,jobString,RecipeDefs\Surgeries_ChangeCosmeticHediffs.xml,def,Sculpting assimilated fat on <ALIMT >labia</ALIMT>
RV2_ChangeCosmeticHediff_Belly.label,Sculpt assimilated fat on belly.,label,RecipeDefs\Surgeries_ChangeCosmeticHediffs.xml,def,Sculpt assimilated fat on belly.
RV2_ChangeCosmeticHediff_Belly.description,Sculpt assimilated fat on belly.,description,RecipeDefs\Surgeries_ChangeCosmeticHediffs.xml,def,Sculpt assimilated fat on belly.
RV2_ChangeCosmeticHediff_Belly.jobString,Sculpting assimilated fat on belly,jobString,RecipeDefs\Surgeries_ChangeCosmeticHediffs.xml,def,Sculpting assimilated fat on belly
RV2_RemoveCosmeticHediff_Lips.label,Remove assimilated fat from lips.,label,RecipeDefs\Surgeries_RemoveCosmeticHediffs.xml,def,Remove assimilated fat from lips.
RV2_RemoveCosmeticHediff_Lips.description,Remove assimilated fat from lips.,description,RecipeDefs\Surgeries_RemoveCosmeticHediffs.xml,def,Remove assimilated fat from lips.
RV2_RemoveCosmeticHediff_Lips.jobString,Removing assimilated fat from lips,jobString,RecipeDefs\Surgeries_RemoveCosmeticHediffs.xml,def,Removing assimilated fat from lips
RV2_RemoveCosmeticHediff_Ass.label,Remove assimilated fat from ass.,label,RecipeDefs\Surgeries_RemoveCosmeticHediffs.xml,def,Remove assimilated fat from <ALIMT >ass</ALIMT>.
RV2_RemoveCosmeticHediff_Ass.description,Remove assimilated fat from ass.,description,RecipeDefs\Surgeries_RemoveCosmeticHediffs.xml,def,Remove assimilated fat from <ALIMT >ass</ALIMT>.
RV2_RemoveCosmeticHediff_Ass.jobString,Removing assimilated fat from ass,jobString,RecipeDefs\Surgeries_RemoveCosmeticHediffs.xml,def,Removing assimilated fat from <ALIMT >ass</ALIMT>
RV2_RemoveCosmeticHediff_Labia.label,Remove assimilated fat from labia.,label,RecipeDefs\Surgeries_RemoveCosmeticHediffs.xml,def,Remove assimilated fat from <ALIMT >labia</ALIMT>.
RV2_RemoveCosmeticHediff_Labia.description,Remove assimilated fat from labia.,description,RecipeDefs\Surgeries_RemoveCosmeticHediffs.xml,def,Remove assimilated fat from <ALIMT >labia</ALIMT>.
RV2_RemoveCosmeticHediff_Labia.jobString,Removing assimilated fat from labia,jobString,RecipeDefs\Surgeries_RemoveCosmeticHediffs.xml,def,Removing assimilated fat from <ALIMT >labia</ALIMT>
RV2_RemoveCosmeticHediff_Belly.label,Remove assimilated fat from belly.,label,RecipeDefs\Surgeries_RemoveCosmeticHediffs.xml,def,Remove assimilated fat from belly.
RV2_RemoveCosmeticHediff_Belly.description,Remove assimilated fat from belly.,description,RecipeDefs\Surgeries_RemoveCosmeticHediffs.xml,def,Remove assimilated fat from belly.
RV2_RemoveCosmeticHediff_Belly.jobString,Removing assimilated fat from belly,jobString,RecipeDefs\Surgeries_RemoveCosmeticHediffs.xml,def,Removing assimilated fat from belly
RV2_InstallGoalEnabler_Absorb.label,Install cellular xenoconverter,label,RecipeDefs\Surgeries_VoreEnablers.xml,def,Install cellular xenoconverter
RV2_InstallGoalEnabler_Absorb.description,Install the cellular xenoconverter required for absorptive vore.,description,RecipeDefs\Surgeries_VoreEnablers.xml,def,Install the cellular xenoconverter required for absorptive <ALIMT >vore</ALIMT>.
RV2_InstallGoalEnabler_ConvertChemfuel.label,Install olifactive enzyme seeder,label,RecipeDefs\Surgeries_VoreEnablers.xml,def,Install olifactive enzyme seeder
RV2_InstallGoalEnabler_ConvertChemfuel.description,Install the enzyme seeder required to allow turning prey into chemfuel.,description,RecipeDefs\Surgeries_VoreEnablers.xml,def,Install the enzyme seeder required to allow turning prey into chemfuel.
RV2_InstallGoalEnabler_ConvertEggs.label,Install ovifactive enzyme seeder,label,RecipeDefs\Surgeries_VoreEnablers.xml,def,Install ovifactive enzyme seeder
RV2_InstallGoalEnabler_ConvertEggs.description,Install the enzyme seeder required to allow turning prey into eggs.,description,RecipeDefs\Surgeries_VoreEnablers.xml,def,Install the enzyme seeder required to allow turning prey into eggs.
RV2_InstallGoalEnabler_ConvertUrine.label,Install urifactive enzyme seeder,label,RecipeDefs\Surgeries_VoreEnablers.xml,def,Install urifactive enzyme seeder
RV2_InstallGoalEnabler_ConvertUrine.description,Install the enzyme seeder required to allow turning prey into urine.,description,RecipeDefs\Surgeries_VoreEnablers.xml,def,Install the enzyme seeder required to allow turning prey into urine.
RV2_InstallTypeEnabler_Cleavage.label,Install cleavage vore suite,label,RecipeDefs\Surgeries_VoreEnablers.xml,def,Install <ALIMT >cleavage</ALIMT> <ALIMT >vore</ALIMT> suite
RV2_InstallTypeEnabler_Cleavage.description,Install the suite of adjustments required to allow cleavage vore.,description,RecipeDefs\Surgeries_VoreEnablers.xml,def,Install the suite of adjustments required to allow <ALIMT >cleavage</ALIMT> <ALIMT >vore</ALIMT>.
RV2_InstallTypeEnabler_Membrane.label,Install dermal porocizer,label,RecipeDefs\Surgeries_VoreEnablers.xml,def,Install dermal porocizer
RV2_InstallTypeEnabler_Membrane.description,Install the porocizer required to enable membrane vore.,description,RecipeDefs\Surgeries_VoreEnablers.xml,def,Install the porocizer required to enable membrane <ALIMT >vore</ALIMT>.
RV2_InstallTypeEnabler_Navel.label,Install umbilical elasticizer,label,RecipeDefs\Surgeries_VoreEnablers.xml,def,Install umbilical elasticizer
RV2_InstallTypeEnabler_Navel.description,Install the elasticizer required to enable navel vore.,description,RecipeDefs\Surgeries_VoreEnablers.xml,def,Install the elasticizer required to enable navel <ALIMT >vore</ALIMT>.
RV2_InstallTypeEnabler_Tailmaw.label,Install caudal actinodivisor,label,RecipeDefs\Surgeries_VoreEnablers.xml,def,Install caudal actinodivisor
RV2_InstallTypeEnabler_Tailmaw.description,Install the actinodivisor required to enable tailmaw vore.,description,RecipeDefs\Surgeries_VoreEnablers.xml,def,Install the actinodivisor required to enable tailmaw <ALIMT >vore</ALIMT>.
RV2_InstallTypeEnabler_Udder.label,Install uberal elasticizer,label,RecipeDefs\Surgeries_VoreEnablers.xml,def,Install uberal elasticizer
RV2_InstallTypeEnabler_Udder.description,Install the elasticizer required to enable udder vore.,description,RecipeDefs\Surgeries_VoreEnablers.xml,def,Install the elasticizer required to enable udder <ALIMT >vore</ALIMT>.
RV2_Type_Cleavage_Predator.label,Vore: Cleavage Predator,label,RecordDefs\Records_Vore.xml,def,<ALIMT >vore</ALIMT>: <ALIMT >cleavage</ALIMT> Predator
RV2_Type_Cleavage_Predator.description,The number of times I have vored someone with my cleavage.,description,RecordDefs\Records_Vore.xml,def,The number of times I have vored someone with my <ALIMT >cleavage</ALIMT>.
RV2_Type_Cleavage_Prey.label,Vore: Cleavage Prey,label,RecordDefs\Records_Vore.xml,def,<ALIMT >vore</ALIMT>: <ALIMT >cleavage</ALIMT> Prey
RV2_Type_Cleavage_Prey.description,The number of times I have been vored by someones cleavage.,description,RecordDefs\Records_Vore.xml,def,The number of times I have been vored by someones <ALIMT >cleavage</ALIMT>.
RV2_Type_CockBladder_Predator.label,Vore: Bladder (Cock) Predator,label,RecordDefs\Records_Vore.xml,def,<ALIMT >vore</ALIMT>: Bladder (Cock) Predator
RV2_Type_CockBladder_Predator.description,The number of times I have cock-vored someone into my bladder.,description,RecordDefs\Records_Vore.xml,def,The number of times I have cock-vored someone into my bladder.
RV2_Type_CockBladder_Prey.label,Vore: Bladder (Cock) Prey,label,RecordDefs\Records_Vore.xml,def,<ALIMT >vore</ALIMT>: Bladder (Cock) Prey
RV2_Type_CockBladder_Prey.description,The number of times I have been cock-vored into someones bladder.,description,RecordDefs\Records_Vore.xml,def,The number of times I have been cock-vored into someones bladder.
RV2_Type_VaginalBladder_Predator.label,Vore: Bladder (Vaginal) Predator,label,RecordDefs\Records_Vore.xml,def,<ALIMT >vore</ALIMT>: Bladder (<ALIMT >vaginal</ALIMT>) Predator
RV2_Type_VaginalBladder_Predator.description,The number of times I have vaginally vored someone into my bladder.,description,RecordDefs\Records_Vore.xml,def,The number of times I have vaginally vored someone into my bladder.
RV2_Type_VaginalBladder_Prey.label,Vore: Bladder (Vaginal) Prey,label,RecordDefs\Records_Vore.xml,def,<ALIMT >vore</ALIMT>: Bladder (<ALIMT >vaginal</ALIMT>) Prey
RV2_Type_VaginalBladder_Prey.description,The number of times I have been vaginally vored into someones bladder.,description,RecordDefs\Records_Vore.xml,def,The number of times I have been vaginally vored into someones bladder.
RV2_Type_Membrane_Predator.label,Vore: Membrane Predator,label,RecordDefs\Records_Vore.xml,def,<ALIMT >vore</ALIMT>: Membrane Predator
RV2_Type_Membrane_Predator.description,The number of times I have vored someone through my membrane.,description,RecordDefs\Records_Vore.xml,def,The number of times I have vored someone through my membrane.
RV2_Type_Membrane_Prey.label,Vore: Membrane Prey,label,RecordDefs\Records_Vore.xml,def,<ALIMT >vore</ALIMT>: Membrane Prey
RV2_Type_Membrane_Prey.description,The number of times I have been vored through someones membrane.,description,RecordDefs\Records_Vore.xml,def,The number of times I have been vored through someones membrane.
RV2_Type_Navel_Predator.label,Vore: Navel Predator,label,RecordDefs\Records_Vore.xml,def,<ALIMT >vore</ALIMT>: Navel Predator
RV2_Type_Navel_Predator.description,The number of times I have vored someone with my navel.,description,RecordDefs\Records_Vore.xml,def,The number of times I have vored someone with my navel.
RV2_Type_Navel_Prey.label,Vore: Navel Prey,label,RecordDefs\Records_Vore.xml,def,<ALIMT >vore</ALIMT>: Navel Prey
RV2_Type_Navel_Prey.description,The number of times I have been vored by someones navel.,description,RecordDefs\Records_Vore.xml,def,The number of times I have been vored by someones navel.
RV2_Type_Tailmaw_Predator.label,Vore: Tail Predator,label,RecordDefs\Records_Vore.xml,def,<ALIMT >vore</ALIMT>: <ALIMT >tail</ALIMT> Predator
RV2_Type_Tailmaw_Predator.description,The number of times I have vored someone using my tail.,description,RecordDefs\Records_Vore.xml,def,The number of times I have vored someone using my <ALIMT >tail</ALIMT>.
RV2_Type_Tailmaw_Prey.label,Vore: Tail Prey,label,RecordDefs\Records_Vore.xml,def,<ALIMT >vore</ALIMT>: <ALIMT >tail</ALIMT> Prey
RV2_Type_Tailmaw_Prey.description,The number of times I have been vored by someones tail.,description,RecordDefs\Records_Vore.xml,def,The number of times I have been vored by someones <ALIMT >tail</ALIMT>.
RV2_Type_Udder_Predator.label,Vore: Udder Predator,label,RecordDefs\Records_Vore.xml,def,<ALIMT >vore</ALIMT>: Udder Predator
RV2_Type_Udder_Predator.description,The number of times I have vored someone with my udder.,description,RecordDefs\Records_Vore.xml,def,The number of times I have vored someone with my udder.
RV2_Type_Udder_Prey.label,Vore: Udder Prey,label,RecordDefs\Records_Vore.xml,def,<ALIMT >vore</ALIMT>: Udder Prey
RV2_Type_Udder_Prey.description,The number of times I have been vored by someones udder.,description,RecordDefs\Records_Vore.xml,def,The number of times I have been vored by someones udder.
RV2_Goal_ConvertChemfuel_Predator.label,Vore: Olify Predator,label,RecordDefs\Records_Vore.xml,def,<ALIMT >vore</ALIMT>: Olify Predator
RV2_Goal_ConvertChemfuel_Predator.description,The number of times I have converted someone into chemfuel.,description,RecordDefs\Records_Vore.xml,def,The number of times I have converted someone into chemfuel.
RV2_Goal_ConvertChemfuel_Prey.label,Vore: Olify Prey,label,RecordDefs\Records_Vore.xml,def,<ALIMT >vore</ALIMT>: Olify Prey
RV2_Goal_ConvertChemfuel_Prey.description,The number of times I have been converted into chemfuel.,description,RecordDefs\Records_Vore.xml,def,The number of times I have been converted into chemfuel.
RV2_Goal_ConvertEggs_Predator.label,Vore: Ovify Predator,label,RecordDefs\Records_Vore.xml,def,<ALIMT >vore</ALIMT>: Ovify Predator
RV2_Goal_ConvertEggs_Predator.description,The number of times I have converted someone into eggs.,description,RecordDefs\Records_Vore.xml,def,The number of times I have converted someone into eggs.
RV2_Goal_ConvertEggs_Prey.label,Vore: Ovify Prey,label,RecordDefs\Records_Vore.xml,def,<ALIMT >vore</ALIMT>: Ovify Prey
RV2_Goal_ConvertEggs_Prey.description,The number of times I have been converted into eggs.,description,RecordDefs\Records_Vore.xml,def,The number of times I have been converted into eggs.
RV2_Goal_ConvertUrine_Predator.label,Vore: Urify Predator,label,RecordDefs\Records_Vore.xml,def,<ALIMT >vore</ALIMT>: Urify Predator
RV2_Goal_ConvertUrine_Predator.description,The number of times I have converted someone into urine.,description,RecordDefs\Records_Vore.xml,def,The number of times I have converted someone into urine.
RV2_Goal_ConvertUrine_Prey.label,Vore: Urify Prey,label,RecordDefs\Records_Vore.xml,def,<ALIMT >vore</ALIMT>: Urify Prey
RV2_Goal_ConvertUrine_Prey.description,The number of times I have been converted into urine.,description,RecordDefs\Records_Vore.xml,def,The number of times I have been converted into urine.
RV2_Goal_Assimilate_Predator.label,Vore: Assimilate Predator,label,RecordDefs\Records_Vore.xml,def,<ALIMT >vore</ALIMT>: Assimilate Predator
RV2_Goal_Assimilate_Predator.description,The number of times I have assimilated someone.,description,RecordDefs\Records_Vore.xml,def,The number of times I have assimilated someone.
RV2_Goal_Assimilate_Prey.label,Vore: Assimilate Prey,label,RecordDefs\Records_Vore.xml,def,<ALIMT >vore</ALIMT>: Assimilate Prey
RV2_Goal_Assimilate_Prey.description,The number of times I have been assimilated.,description,RecordDefs\Records_Vore.xml,def,The number of times I have been assimilated.
RV2_Goal_Amalgamate_Predator.label,Vore: Amalgamate Predator,label,RecordDefs\Records_Vore.xml,def,<ALIMT >vore</ALIMT>: Amalgamate Predator
RV2_Goal_Amalgamate_Predator.description,The number of times I have amalgamated someone.,description,RecordDefs\Records_Vore.xml,def,The number of times I have amalgamated someone.
RV2_Goal_Amalgamate_Prey.label,Vore: Amalgamate Prey,label,RecordDefs\Records_Vore.xml,def,<ALIMT >vore</ALIMT>: Amalgamate Prey
RV2_Goal_Amalgamate_Prey.description,The number of times I have been amalgamated.,description,RecordDefs\Records_Vore.xml,def,The number of times I have been amalgamated.
RV2_Goal_ConvertChemfuel.rulePack.rulesStrings.0,extraSentencePack->[RECIPIENT_nameDef] for [RV2_goalFinish_noun].,li,RulePackDefs\RulePacks_Tales_Goals.xml,def,<ALIMT >(PH_3)</ALIMT><ALIMT >(PH_2)</ALIMT> for <ALIMT >(PH_1)</ALIMT>.
RV2_Goal_ConvertChemfuel.rulePack.rulesStrings.1,RV2_addendum->to convert into chemfuel,li,RulePackDefs\RulePacks_Tales_Goals.xml,def,<ALIMT >(PH_1)</ALIMT>to convert into chemfuel
RV2_Goal_ConvertChemfuel.rulePack.rulesStrings.2,RV2_adverb->industriously,li,RulePackDefs\RulePacks_Tales_Goals.xml,def,<ALIMT >(PH_1)</ALIMT>industriously
RV2_Goal_ConvertChemfuel.rulePack.rulesStrings.3,RV2_adjective->industrious,li,RulePackDefs\RulePacks_Tales_Goals.xml,def,<ALIMT >(PH_1)</ALIMT>industrious
RV2_Goal_ConvertChemfuel.rulePack.rulesStrings.4,RV2_goalProduct->a jerry can of fuel,li,RulePackDefs\RulePacks_Tales_Goals.xml,def,<ALIMT >(PH_1)</ALIMT>a jerry can of fuel
RV2_Goal_ConvertChemfuel.rulePack.rulesStrings.5,RV2_goalProduct->chemfuel,li,RulePackDefs\RulePacks_Tales_Goals.xml,def,<ALIMT >(PH_1)</ALIMT>chemfuel
RV2_Goal_ConvertChemfuel.rulePack.rulesStrings.6,RV2_goalFinish_verb->converting into [RV2_goalProduct],li,RulePackDefs\RulePacks_Tales_Goals.xml,def,<ALIMT >(PH_2)</ALIMT>converting into <ALIMT >(PH_1)</ALIMT>
RV2_Goal_ConvertChemfuel.rulePack.rulesStrings.7,RV2_goalFinish_noun->conversion into [RV2_goalProduct],li,RulePackDefs\RulePacks_Tales_Goals.xml,def,<ALIMT >(PH_2)</ALIMT>conversion into <ALIMT >(PH_1)</ALIMT>
RV2_Goal_ConvertChemfuel.rulePack.rulesStrings.8,RV2_goalFinish_tale_noun->[PREY_definite] turning into [RV2_goalProduct],li,RulePackDefs\RulePacks_Tales_Goals.xml,def,<ALIMT >(PH_3)</ALIMT><ALIMT >(PH_2)</ALIMT> turning into <ALIMT >(PH_1)</ALIMT>
RV2_Goal_ConvertChemfuel.rulePack.rulesStrings.9,RV2_goalFinish_tale_noun->[PREY_definite] turning into [RV2_goalProduct] inside of [PREDATOR_definite],li,RulePackDefs\RulePacks_Tales_Goals.xml,def,<ALIMT >(PH_4)</ALIMT><ALIMT >(PH_3)</ALIMT> turning into <ALIMT >(PH_2)</ALIMT> inside of <ALIMT >(PH_1)</ALIMT>
RV2_Goal_ConvertChemfuel.rulePack.rulesStrings.10,RV2_goalFinish_desc_sentence->[PREY_definite] has turned into [RV2_goalProduct].,li,RulePackDefs\RulePacks_Tales_Goals.xml,def,<ALIMT >(PH_3)</ALIMT><ALIMT >(PH_2)</ALIMT> has turned into <ALIMT >(PH_1)</ALIMT>.
RV2_Goal_ConvertChemfuel.rulePack.rulesStrings.11,RV2_goalFinish_desc_sentence->Nothing identifiable remains of [PREY_definite].,li,RulePackDefs\RulePacks_Tales_Goals.xml,def,<ALIMT >(PH_2)</ALIMT>Nothing identifiable remains of <ALIMT >(PH_1)</ALIMT>.
RV2_Goal_ConvertEggs.rulePack.rulesStrings.0,extraSentencePack->[RECIPIENT_nameDef] for [RV2_goalFinish_noun].,li,RulePackDefs\RulePacks_Tales_Goals.xml,def,<ALIMT >(PH_3)</ALIMT><ALIMT >(PH_2)</ALIMT> for <ALIMT >(PH_1)</ALIMT>.
RV2_Goal_ConvertEggs.rulePack.rulesStrings.1,RV2_addendum->to convert into eggs,li,RulePackDefs\RulePacks_Tales_Goals.xml,def,<ALIMT >(PH_1)</ALIMT>to convert into eggs
RV2_Goal_ConvertEggs.rulePack.rulesStrings.2,RV2_adverb->motherly,li,RulePackDefs\RulePacks_Tales_Goals.xml,def,<ALIMT >(PH_1)</ALIMT>motherly
RV2_Goal_ConvertEggs.rulePack.rulesStrings.3,RV2_goalFinish_verb->converting into eggs,li,RulePackDefs\RulePacks_Tales_Goals.xml,def,<ALIMT >(PH_1)</ALIMT>converting into eggs
RV2_Goal_ConvertEggs.rulePack.rulesStrings.4,RV2_goalFinish_noun->conversion into eggs,li,RulePackDefs\RulePacks_Tales_Goals.xml,def,<ALIMT >(PH_1)</ALIMT>conversion into eggs
RV2_Goal_ConvertUrine.rulePack.rulesStrings.0,extraSentencePack->[RECIPIENT_nameDef] for [RV2_goalFinish_noun].,li,RulePackDefs\RulePacks_Tales_Goals.xml,def,<ALIMT >(PH_3)</ALIMT><ALIMT >(PH_2)</ALIMT> for <ALIMT >(PH_1)</ALIMT>.
RV2_Goal_ConvertUrine.rulePack.rulesStrings.1,RV2_goalProduct->piss,li,RulePackDefs\RulePacks_Tales_Goals.xml,def,<ALIMT >(PH_1)</ALIMT>piss
RV2_Goal_ConvertUrine.rulePack.rulesStrings.2,RV2_goalProduct->pee,li,RulePackDefs\RulePacks_Tales_Goals.xml,def,<ALIMT >(PH_1)</ALIMT>pee
RV2_Goal_ConvertUrine.rulePack.rulesStrings.3,RV2_goalProduct->urine,li,RulePackDefs\RulePacks_Tales_Goals.xml,def,<ALIMT >(PH_1)</ALIMT>urine
RV2_Goal_ConvertUrine.rulePack.rulesStrings.4,RV2_addendum->to convert into [RV2_goalProduct],li,RulePackDefs\RulePacks_Tales_Goals.xml,def,<ALIMT >(PH_2)</ALIMT>to convert into <ALIMT >(PH_1)</ALIMT>
RV2_Goal_ConvertUrine.rulePack.rulesStrings.5,RV2_goalFinish_verb->converting into [RV2_goalProduct],li,RulePackDefs\RulePacks_Tales_Goals.xml,def,<ALIMT >(PH_2)</ALIMT>converting into <ALIMT >(PH_1)</ALIMT>
RV2_Goal_ConvertUrine.rulePack.rulesStrings.6,RV2_goalFinish_noun->conversion into [RV2_goalProduct],li,RulePackDefs\RulePacks_Tales_Goals.xml,def,<ALIMT >(PH_2)</ALIMT>conversion into <ALIMT >(PH_1)</ALIMT>
RV2_Goal_Assimilate.rulePack.rulesStrings.0,extraSentencePack->[RECIPIENT_nameDef] for [RV2_goalFinish_noun].,li,RulePackDefs\RulePacks_Tales_Goals.xml,def,<ALIMT >(PH_3)</ALIMT><ALIMT >(PH_2)</ALIMT> for <ALIMT >(PH_1)</ALIMT>.
RV2_Goal_Assimilate.rulePack.rulesStrings.1,RV2_addendum->to make [PREY_definite] a part of [PREDATOR_definite],li,RulePackDefs\RulePacks_Tales_Goals.xml,def,<ALIMT >(PH_3)</ALIMT>to make <ALIMT >(PH_2)</ALIMT> a part of <ALIMT >(PH_1)</ALIMT>
RV2_Goal_Assimilate.rulePack.rulesStrings.2,RV2_goalFinish_verb->assimilating,li,RulePackDefs\RulePacks_Tales_Goals.xml,def,<ALIMT >(PH_1)</ALIMT>assimilating
RV2_Goal_Assimilate.rulePack.rulesStrings.3,RV2_goalFinish_noun->assimilation,li,RulePackDefs\RulePacks_Tales_Goals.xml,def,<ALIMT >(PH_1)</ALIMT>assimilation
RV2_Goal_Assimilate.rulePack.rulesStrings.4,RV2_goalFinish_image->[PREY_definite] has become a part of [PREDATOR_definite].,li,RulePackDefs\RulePacks_Tales_Goals.xml,def,<ALIMT >(PH_3)</ALIMT><ALIMT >(PH_2)</ALIMT> has become a part of <ALIMT >(PH_1)</ALIMT>.
RV2_Goal_Amalgamate.rulePack.rulesStrings.0,extraSentencePack->[RECIPIENT_nameDef] for [RV2_goalFinish_noun].,li,RulePackDefs\RulePacks_Tales_Goals.xml,def,<ALIMT >(PH_3)</ALIMT><ALIMT >(PH_2)</ALIMT> for <ALIMT >(PH_1)</ALIMT>.
RV2_Goal_Amalgamate.rulePack.rulesStrings.1,RV2_addendum->to make [PREY_definite] a part of [PREDATOR_definite] for a bit,li,RulePackDefs\RulePacks_Tales_Goals.xml,def,<ALIMT >(PH_3)</ALIMT>to make <ALIMT >(PH_2)</ALIMT> a part of <ALIMT >(PH_1)</ALIMT> for a bit
RV2_Goal_Amalgamate.rulePack.rulesStrings.2,RV2_goalFinish_verb->amalgamating,li,RulePackDefs\RulePacks_Tales_Goals.xml,def,<ALIMT >(PH_1)</ALIMT>amalgamating
RV2_Goal_Amalgamate.rulePack.rulesStrings.3,RV2_goalFinish_noun->amalgamation,li,RulePackDefs\RulePacks_Tales_Goals.xml,def,<ALIMT >(PH_1)</ALIMT>amalgamation
RV2_Goal_Amalgamate.rulePack.rulesStrings.4,RV2_goalFinish_image->[PREY_definite] has temporarily become a part of [PREDATOR_definite].,li,RulePackDefs\RulePacks_Tales_Goals.xml,def,<ALIMT >(PH_3)</ALIMT><ALIMT >(PH_2)</ALIMT> has temporarily become a part of <ALIMT >(PH_1)</ALIMT>.
RV2_Type_VaginalBladder.rulePack.rulesStrings.0,extraSentencePack->[INITIATOR_nameDef] is using [INITIATOR_possessive] [RV2_bodypart] to vore,li,RulePackDefs\RulePacks_Tales_Types.xml,def,<ALIMT >(PH_4)</ALIMT><ALIMT >(PH_3)</ALIMT> is using <ALIMT >(PH_2)</ALIMT> <ALIMT >(PH_1)</ALIMT> to <ALIMT >vore</ALIMT>
RV2_Type_VaginalBladder.rulePack.rulesStrings.1,RV2_bodypart->urethra,li,RulePackDefs\RulePacks_Tales_Types.xml,def,<ALIMT >(PH_1)</ALIMT>urethra
RV2_Type_VaginalBladder.rulePack.rulesStrings.2,RV2_exit_predVerb->pissing out,li,RulePackDefs\RulePacks_Tales_Types.xml,def,<ALIMT >(PH_1)</ALIMT>pissing out
RV2_Type_VaginalBladder.rulePack.rulesStrings.3,RV2_exit_predVerb->peeing out,li,RulePackDefs\RulePacks_Tales_Types.xml,def,<ALIMT >(PH_1)</ALIMT><ALIMT >peeing</ALIMT> out
RV2_Type_VaginalBladder.rulePack.rulesStrings.4,RV2_exit_preyVerb->being pissed out by,li,RulePackDefs\RulePacks_Tales_Types.xml,def,<ALIMT >(PH_1)</ALIMT>being pissed out by
RV2_Type_VaginalBladder.rulePack.rulesStrings.5,RV2_exit_preyVerb->being peed out by,li,RulePackDefs\RulePacks_Tales_Types.xml,def,<ALIMT >(PH_1)</ALIMT>being peed out by
RV2_Type_CockBladder.rulePack.rulesStrings.0,extraSentencePack->[INITIATOR_nameDef] is using [INITIATOR_possessive] [RV2_bodypart] to vore,li,RulePackDefs\RulePacks_Tales_Types.xml,def,<ALIMT >(PH_4)</ALIMT><ALIMT >(PH_3)</ALIMT> is using <ALIMT >(PH_2)</ALIMT> <ALIMT >(PH_1)</ALIMT> to <ALIMT >vore</ALIMT>
RV2_Type_CockBladder.rulePack.rulesStrings.1,RV2_bodypart->urethra,li,RulePackDefs\RulePacks_Tales_Types.xml,def,<ALIMT >(PH_1)</ALIMT>urethra
RV2_Type_CockBladder.rulePack.rulesStrings.2,RV2_exit_predVerb->pissing out,li,RulePackDefs\RulePacks_Tales_Types.xml,def,<ALIMT >(PH_1)</ALIMT>pissing out
RV2_Type_CockBladder.rulePack.rulesStrings.3,RV2_exit_predVerb->peeing out,li,RulePackDefs\RulePacks_Tales_Types.xml,def,<ALIMT >(PH_1)</ALIMT><ALIMT >peeing</ALIMT> out
RV2_Type_CockBladder.rulePack.rulesStrings.4,RV2_exit_preyVerb->being pissed out by,li,RulePackDefs\RulePacks_Tales_Types.xml,def,<ALIMT >(PH_1)</ALIMT>being pissed out by
RV2_Type_CockBladder.rulePack.rulesStrings.5,RV2_exit_preyVerb->being peed out by,li,RulePackDefs\RulePacks_Tales_Types.xml,def,<ALIMT >(PH_1)</ALIMT>being peed out by
RV2_Type_Cleavage.rulePack.rulesStrings.0,extraSentencePack->[INITIATOR_nameDef] is using [INITIATOR_possessive] [RV2_bodypart] to vore,li,RulePackDefs\RulePacks_Tales_Types.xml,def,<ALIMT >(PH_4)</ALIMT><ALIMT >(PH_3)</ALIMT> is using <ALIMT >(PH_2)</ALIMT> <ALIMT >(PH_1)</ALIMT> to <ALIMT >vore</ALIMT>
RV2_Type_Cleavage.rulePack.rulesStrings.1,RV2_bodypart->cleavage,li,RulePackDefs\RulePacks_Tales_Types.xml,def,<ALIMT >(PH_1)</ALIMT><ALIMT >cleavage</ALIMT>
RV2_Type_Cleavage.rulePack.rulesStrings.2,RV2_bodypart->breasts,li,RulePackDefs\RulePacks_Tales_Types.xml,def,<ALIMT >(PH_1)</ALIMT><ALIMT >breasts</ALIMT>
RV2_Type_Cleavage.rulePack.rulesStrings.3,RV2_adjective->sexual,li,RulePackDefs\RulePacks_Tales_Types.xml,def,<ALIMT >(PH_1)</ALIMT><ALIMT >sexual</ALIMT>
RV2_Type_Cleavage.rulePack.rulesStrings.4,RV2_adverb->sexually,li,RulePackDefs\RulePacks_Tales_Types.xml,def,<ALIMT >(PH_1)</ALIMT>sexually
RV2_Type_Cleavage.rulePack.rulesStrings.5,RV2_init_predVerb->smothering,li,RulePackDefs\RulePacks_Tales_Types.xml,def,<ALIMT >(PH_1)</ALIMT>smothering
RV2_Type_Cleavage.rulePack.rulesStrings.6,RV2_exit_predVerb->releasing,li,RulePackDefs\RulePacks_Tales_Types.xml,def,<ALIMT >(PH_1)</ALIMT>releasing
RV2_Type_Cleavage.rulePack.rulesStrings.7,RV2_exit_preyVerb->being released by,li,RulePackDefs\RulePacks_Tales_Types.xml,def,<ALIMT >(PH_1)</ALIMT>being released by
RV2_Type_Membrane.rulePack.rulesStrings.0,extraSentencePack->[INITIATOR_nameDef] is using [INITIATOR_possessive] [RV2_bodypart] to vore,li,RulePackDefs\RulePacks_Tales_Types.xml,def,<ALIMT >(PH_4)</ALIMT><ALIMT >(PH_3)</ALIMT> is using <ALIMT >(PH_2)</ALIMT> <ALIMT >(PH_1)</ALIMT> to <ALIMT >vore</ALIMT>
RV2_Type_Membrane.rulePack.rulesStrings.1,RV2_bodypart->membrane,li,RulePackDefs\RulePacks_Tales_Types.xml,def,<ALIMT >(PH_1)</ALIMT>membrane
RV2_Type_Membrane.rulePack.rulesStrings.2,RV2_exit_predVerb->releasing,li,RulePackDefs\RulePacks_Tales_Types.xml,def,<ALIMT >(PH_1)</ALIMT>releasing
RV2_Type_Membrane.rulePack.rulesStrings.3,RV2_exit_preyVerb->being released by,li,RulePackDefs\RulePacks_Tales_Types.xml,def,<ALIMT >(PH_1)</ALIMT>being released by
RV2_Type_Navel.rulePack.rulesStrings.0,extraSentencePack->[INITIATOR_nameDef] is using [INITIATOR_possessive] [RV2_bodypart] to vore,li,RulePackDefs\RulePacks_Tales_Types.xml,def,<ALIMT >(PH_4)</ALIMT><ALIMT >(PH_3)</ALIMT> is using <ALIMT >(PH_2)</ALIMT> <ALIMT >(PH_1)</ALIMT> to <ALIMT >vore</ALIMT>
RV2_Type_Navel.rulePack.rulesStrings.1,RV2_bodypart->navel,li,RulePackDefs\RulePacks_Tales_Types.xml,def,<ALIMT >(PH_1)</ALIMT>navel
RV2_Type_Navel.rulePack.rulesStrings.2,RV2_exit_predVerb->releasing,li,RulePackDefs\RulePacks_Tales_Types.xml,def,<ALIMT >(PH_1)</ALIMT>releasing
RV2_Type_Navel.rulePack.rulesStrings.3,RV2_exit_preyVerb->being released by,li,RulePackDefs\RulePacks_Tales_Types.xml,def,<ALIMT >(PH_1)</ALIMT>being released by
RV2_Type_Tailmaw.rulePack.rulesStrings.0,extraSentencePack->[INITIATOR_nameDef] is using [INITIATOR_possessive] [RV2_bodypart] to vore,li,RulePackDefs\RulePacks_Tales_Types.xml,def,<ALIMT >(PH_4)</ALIMT><ALIMT >(PH_3)</ALIMT> is using <ALIMT >(PH_2)</ALIMT> <ALIMT >(PH_1)</ALIMT> to <ALIMT >vore</ALIMT>
RV2_Type_Tailmaw.rulePack.rulesStrings.1,RV2_bodypart->tailmaw,li,RulePackDefs\RulePacks_Tales_Types.xml,def,<ALIMT >(PH_1)</ALIMT>tailmaw
RV2_Type_Tailmaw.rulePack.rulesStrings.2,RV2_bodypart->tail,li,RulePackDefs\RulePacks_Tales_Types.xml,def,<ALIMT >(PH_1)</ALIMT><ALIMT >tail</ALIMT>
RV2_Type_Tailmaw.rulePack.rulesStrings.3,RV2_exit_predVerb->releasing,li,RulePackDefs\RulePacks_Tales_Types.xml,def,<ALIMT >(PH_1)</ALIMT>releasing
RV2_Type_Tailmaw.rulePack.rulesStrings.4,RV2_exit_preyVerb->being released by,li,RulePackDefs\RulePacks_Tales_Types.xml,def,<ALIMT >(PH_1)</ALIMT>being released by
RV2_Type_Udder.rulePack.rulesStrings.0,extraSentencePack->[INITIATOR_nameDef] is using [INITIATOR_possessive] [RV2_bodypart] to vore,li,RulePackDefs\RulePacks_Tales_Types.xml,def,<ALIMT >(PH_4)</ALIMT><ALIMT >(PH_3)</ALIMT> is using <ALIMT >(PH_2)</ALIMT> <ALIMT >(PH_1)</ALIMT> to <ALIMT >vore</ALIMT>
RV2_Type_Udder.rulePack.rulesStrings.1,RV2_bodypart->udder,li,RulePackDefs\RulePacks_Tales_Types.xml,def,<ALIMT >(PH_1)</ALIMT>udder
RV2_Type_Udder.rulePack.rulesStrings.2,RV2_exit_predVerb->milking out,li,RulePackDefs\RulePacks_Tales_Types.xml,def,<ALIMT >(PH_1)</ALIMT><ALIMT >milking</ALIMT> out
RV2_Type_Udder.rulePack.rulesStrings.3,RV2_exit_preyVerb->being milked out by,li,RulePackDefs\RulePacks_Tales_Types.xml,def,<ALIMT >(PH_1)</ALIMT>being milked out by
RV2_GoalEnabler_Absorb.label,Cellular xenoconverter,label,ThingDefs\Things_VoreEnablers.xml,def,Cellular xenoconverter
RV2_GoalEnabler_Absorb.description,Special mechanites which transform the cells to be capable of absorption through certain pre-elasticized entryways.,description,ThingDefs\Things_VoreEnablers.xml,def,Special mechanites which transform the cells to be capable of absorption through certain pre-elasticized entryways.
RV2_GoalEnabler_ConvertChemfuel.label,Olifactive enzyme seeder,label,ThingDefs\Things_VoreEnablers.xml,def,Olifactive enzyme seeder
RV2_GoalEnabler_ConvertChemfuel.description,"Special mechanites which enable the production of transformative enzymes in various organs, which distill prey into chemfuel.",description,ThingDefs\Things_VoreEnablers.xml,def,"Special mechanites which enable the production of transformative enzymes in various organs, which distill prey into chemfuel."
RV2_GoalEnabler_ConvertEggs.label,Ovifactive enzyme seeder,label,ThingDefs\Things_VoreEnablers.xml,def,Ovifactive enzyme seeder
RV2_GoalEnabler_ConvertEggs.description,"Special mechanites which enable the production of transformative enzymes in the ovaries, which distill prey into eggs.",description,ThingDefs\Things_VoreEnablers.xml,def,"Special mechanites which enable the production of transformative enzymes in the ovaries, which distill prey into eggs."
RV2_GoalEnabler_ConvertUrine.label,Urifactive enzyme seeder,label,ThingDefs\Things_VoreEnablers.xml,def,Urifactive enzyme seeder
RV2_GoalEnabler_ConvertUrine.description,"Special mechanites which enable the production of transformative enzymes in the kidneys, which distill prey into fertilizer-grade urine.",description,ThingDefs\Things_VoreEnablers.xml,def,"Special mechanites which enable the production of transformative enzymes in the kidneys, which distill prey into fertilizer-grade urine."
RV2_TypeEnabler_Cleavage.label,Cleavage vore suite,label,ThingDefs\Things_VoreEnablers.xml,def,<ALIMT >cleavage</ALIMT> <ALIMT >vore</ALIMT> suite
RV2_TypeEnabler_Cleavage.description,"Special mechanites which modify the tissues of the breasts to be capable of assorted permitted forms of cleavage vore, including the addition of a sternal hole capable of direct transport to the stomach.",description,ThingDefs\Things_VoreEnablers.xml,def,"Special mechanites which modify the tissues of the <ALIMT >breasts</ALIMT> to be capable of assorted permitted forms of <ALIMT >cleavage</ALIMT> <ALIMT >vore</ALIMT>, including the addition of a sternal hole capable of direct transport to the stomach."
RV2_TypeEnabler_Membrane.label,Dermal porocizer,label,ThingDefs\Things_VoreEnablers.xml,def,Dermal porocizer
RV2_TypeEnabler_Membrane.description,Special mechanites which jellify a pawn's skin and flesh (or similar outer membrane and plasm) to allow slime-like engulfment (membrane vore) through a permeable outer membrane.,description,ThingDefs\Things_VoreEnablers.xml,def,Special mechanites which jellify a <ALIMT >(PH_1)</ALIMT>'s skin and flesh (or similar outer membrane and plasm) to allow <ALIMT >slime</ALIMT>-like engulfment (membrane <ALIMT >vore</ALIMT>) through a permeable outer membrane.
RV2_TypeEnabler_Navel.label,Navel elasticizer,label,ThingDefs\Things_VoreEnablers.xml,def,Navel elasticizer
RV2_TypeEnabler_Navel.description,"Special mechanites which untie and elasticize a pawn's navel to function both as a pouch and a path to the stomach, granting the power of navel vore.",description,ThingDefs\Things_VoreEnablers.xml,def,"Special mechanites which untie and elasticize a <ALIMT >(PH_1)</ALIMT>'s navel to function both as a pouch and a path to the stomach, granting the power of navel <ALIMT >vore</ALIMT>."
RV2_TypeEnabler_Tailmaw.label,Caudal actinodivisor,label,ThingDefs\Things_VoreEnablers.xml,def,Caudal actinodivisor
RV2_TypeEnabler_Tailmaw.description,"Special mechanites which reshape a pawn's tail to burst into a petal-like maw, capable of swallowing prey down a throat in the tail leading to a stomach.",description,ThingDefs\Things_VoreEnablers.xml,def,"Special mechanites which reshape a <ALIMT >(PH_1)</ALIMT>'s <ALIMT >tail</ALIMT> to burst into a petal-like maw, capable of swallowing prey down a throat in the <ALIMT >tail</ALIMT> leading to a stomach."
RV2_TypeEnabler_Udder.label,Uberal elasticizer,label,ThingDefs\Things_VoreEnablers.xml,def,Uberal elasticizer
RV2_TypeEnabler_Udder.description,Special mechanites which elasticize the tissues of the udder and teats to grant the power of udder vore.,description,ThingDefs\Things_VoreEnablers.xml,def,Special mechanites which elasticize the tissues of the udder and teats to grant the power of udder <ALIMT >vore</ALIMT>.
RV2_Resource_Piss.label,Piss,label,ThingDefs\Things_VoreProduct.xml,def,Piss
RV2_Resource_Piss.description,The golden remnants of a urified living being.\nYou can make fertilizer out of this at a crafting spot.,description,ThingDefs\Things_VoreProduct.xml,def,The golden remnants of a urified living being.<ALIMT >(PH_1)</ALIMT>You can make fertilizer out of this at a crafting spot.
RV2_Container_PissPuddle.description,"A puddle of piss, in which a number of undigested items may float.",description,ThingDefs\Things_VoreProductContainers.xml,def,"A puddle of piss, in which a number of undigested items may float."
RV2_Container_PissPuddle.label,Piss puddle,label,ThingDefs\Things_VoreProductContainers.xml,def,Piss puddle
RV2_GoalPreferenceQuirkSatisfaction_Assimilate_VeryGood.stages.0.label,Loved assimilating {0},label,ThoughtDefs\Thoughts_Memory_Quirk.xml,def,Loved assimilating <ALIMT >(PH_1)</ALIMT>
RV2_GoalPreferenceQuirkSatisfaction_Assimilate_VeryGood.stages.0.description,Always getting bigger and sexier!,description,ThoughtDefs\Thoughts_Memory_Quirk.xml,def,Always getting bigger and sexier!
RV2_GoalPreferenceQuirkSatisfaction_Assimilate_Good.stages.0.label,Liked assimilating {0},label,ThoughtDefs\Thoughts_Memory_Quirk.xml,def,Liked assimilating <ALIMT >(PH_1)</ALIMT>
RV2_GoalPreferenceQuirkSatisfaction_Assimilate_Good.stages.0.description,Sweet gains!,description,ThoughtDefs\Thoughts_Memory_Quirk.xml,def,Sweet gains!
RV2_GoalPreferenceQuirkSatisfaction_Assimilate_Bad.stages.0.label,Disliked assimilating {0},label,ThoughtDefs\Thoughts_Memory_Quirk.xml,def,Disliked assimilating <ALIMT >(PH_1)</ALIMT>
RV2_GoalPreferenceQuirkSatisfaction_Assimilate_Bad.stages.0.description,All that for some paltry size gains?,description,ThoughtDefs\Thoughts_Memory_Quirk.xml,def,All that for some paltry size gains?
RV2_GoalPreferenceQuirkSatisfaction_Assimilate_VeryBad.stages.0.label,Hated assimilating {0},label,ThoughtDefs\Thoughts_Memory_Quirk.xml,def,Hated assimilating <ALIMT >(PH_1)</ALIMT>
RV2_GoalPreferenceQuirkSatisfaction_Assimilate_VeryBad.stages.0.description,"...Can I even call my parts mine anymore, when they were once entire people?",description,ThoughtDefs\Thoughts_Memory_Quirk.xml,def,"...Can I even call my parts mine anymore, when they were once entire people?"
RV2_TypePreferenceQuirkSatisfaction_Predator_Cleavage_VeryGood.stages.0.label,Loved fissuring {0},label,ThoughtDefs\Thoughts_Memory_Quirk.xml,def,Loved fissuring <ALIMT >(PH_1)</ALIMT>
RV2_TypePreferenceQuirkSatisfaction_Predator_Cleavage_VeryGood.stages.0.description,Gotta keep your boobs happy!,description,ThoughtDefs\Thoughts_Memory_Quirk.xml,def,Gotta keep your boobs happy!
RV2_TypePreferenceQuirkSatisfaction_Predator_Cleavage_Good.stages.0.label,Liked fissuring {0},label,ThoughtDefs\Thoughts_Memory_Quirk.xml,def,Liked fissuring <ALIMT >(PH_1)</ALIMT>
RV2_TypePreferenceQuirkSatisfaction_Predator_Cleavage_Good.stages.0.description,Nice and easy.,description,ThoughtDefs\Thoughts_Memory_Quirk.xml,def,Nice and easy.
RV2_TypePreferenceQuirkSatisfaction_Predator_Cleavage_Bad.stages.0.label,Disliked fissuring {0},label,ThoughtDefs\Thoughts_Memory_Quirk.xml,def,Disliked fissuring <ALIMT >(PH_1)</ALIMT>
RV2_TypePreferenceQuirkSatisfaction_Predator_Cleavage_Bad.stages.0.description,This doesn't feel like much of anything.,description,ThoughtDefs\Thoughts_Memory_Quirk.xml,def,This doesn't feel like much of anything.
RV2_TypePreferenceQuirkSatisfaction_Predator_Cleavage_VeryBad.stages.0.label,Hated fissuring {0},label,ThoughtDefs\Thoughts_Memory_Quirk.xml,def,Hated fissuring <ALIMT >(PH_1)</ALIMT>
RV2_TypePreferenceQuirkSatisfaction_Predator_Cleavage_VeryBad.stages.0.description,What a total letdown.,description,ThoughtDefs\Thoughts_Memory_Quirk.xml,def,What a total letdown.
RV2_TypePreferenceQuirkSatisfaction_Predator_Membrane_VeryGood.stages.0.label,Loved engulfing {0},label,ThoughtDefs\Thoughts_Memory_Quirk.xml,def,Loved engulfing <ALIMT >(PH_1)</ALIMT>
RV2_TypePreferenceQuirkSatisfaction_Predator_Membrane_VeryGood.stages.0.description,Gotta keep your goo happy!,description,ThoughtDefs\Thoughts_Memory_Quirk.xml,def,Gotta keep your goo happy!
RV2_TypePreferenceQuirkSatisfaction_Predator_Membrane_Good.stages.0.label,Liked engulfing {0},label,ThoughtDefs\Thoughts_Memory_Quirk.xml,def,Liked engulfing <ALIMT >(PH_1)</ALIMT>
RV2_TypePreferenceQuirkSatisfaction_Predator_Membrane_Good.stages.0.description,Glomp!,description,ThoughtDefs\Thoughts_Memory_Quirk.xml,def,Glomp!
RV2_TypePreferenceQuirkSatisfaction_Predator_Membrane_Bad.stages.0.label,Disliked engulfing {0},label,ThoughtDefs\Thoughts_Memory_Quirk.xml,def,Disliked engulfing <ALIMT >(PH_1)</ALIMT>
RV2_TypePreferenceQuirkSatisfaction_Predator_Membrane_Bad.stages.0.description,It's kinda restricting to be wrapped around someone like that.,description,ThoughtDefs\Thoughts_Memory_Quirk.xml,def,It's kinda restricting to be wrapped around someone like that.
RV2_TypePreferenceQuirkSatisfaction_Predator_Membrane_VeryBad.stages.0.label,Hated engulfing {0},label,ThoughtDefs\Thoughts_Memory_Quirk.xml,def,Hated engulfing <ALIMT >(PH_1)</ALIMT>
RV2_TypePreferenceQuirkSatisfaction_Predator_Membrane_VeryBad.stages.0.description,"I don't need a skeleton, thank you.",description,ThoughtDefs\Thoughts_Memory_Quirk.xml,def,"I don't need a skeleton, thank you."
RV2_TypePreferenceQuirkSatisfaction_Predator_Navel_VeryGood.stages.0.label,Loved ennaveling {0},label,ThoughtDefs\Thoughts_Memory_Quirk.xml,def,Loved ennaveling <ALIMT >(PH_1)</ALIMT>
RV2_TypePreferenceQuirkSatisfaction_Predator_Navel_VeryGood.stages.0.description,Gotta keep your belly-button happy!,description,ThoughtDefs\Thoughts_Memory_Quirk.xml,def,Gotta keep your belly-button happy!
RV2_TypePreferenceQuirkSatisfaction_Predator_Navel_Good.stages.0.label,Liked ennaveling {0},label,ThoughtDefs\Thoughts_Memory_Quirk.xml,def,Liked ennaveling <ALIMT >(PH_1)</ALIMT>
RV2_TypePreferenceQuirkSatisfaction_Predator_Navel_Good.stages.0.description,I'm still getting use out of it!,description,ThoughtDefs\Thoughts_Memory_Quirk.xml,def,I'm still getting use out of it!
RV2_TypePreferenceQuirkSatisfaction_Predator_Navel_Bad.stages.0.label,Disliked ennaveling {0},label,ThoughtDefs\Thoughts_Memory_Quirk.xml,def,Disliked ennaveling <ALIMT >(PH_1)</ALIMT>
RV2_TypePreferenceQuirkSatisfaction_Predator_Navel_Bad.stages.0.description,I can't help but feel this should have stayed tied.,description,ThoughtDefs\Thoughts_Memory_Quirk.xml,def,I can't help but feel this should have stayed tied.
RV2_TypePreferenceQuirkSatisfaction_Predator_Navel_VeryBad.stages.0.label,Hated ennaveling {0},label,ThoughtDefs\Thoughts_Memory_Quirk.xml,def,Hated ennaveling <ALIMT >(PH_1)</ALIMT>
RV2_TypePreferenceQuirkSatisfaction_Predator_Navel_VeryBad.stages.0.description,Tie it back up. This sucks.,description,ThoughtDefs\Thoughts_Memory_Quirk.xml,def,Tie it back up. This sucks.
RV2_TypePreferenceQuirkSatisfaction_Predator_Tailmaw_VeryGood.stages.0.label,Loved pythening {0},label,ThoughtDefs\Thoughts_Memory_Quirk.xml,def,Loved pythening <ALIMT >(PH_1)</ALIMT>
RV2_TypePreferenceQuirkSatisfaction_Predator_Tailmaw_VeryGood.stages.0.description,Gotta keep your tail happy!,description,ThoughtDefs\Thoughts_Memory_Quirk.xml,def,Gotta keep your <ALIMT >tail</ALIMT> happy!
RV2_TypePreferenceQuirkSatisfaction_Predator_Tailmaw_Good.stages.0.label,Liked pythening {0},label,ThoughtDefs\Thoughts_Memory_Quirk.xml,def,Liked pythening <ALIMT >(PH_1)</ALIMT>
RV2_TypePreferenceQuirkSatisfaction_Predator_Tailmaw_Good.stages.0.description,Tasty!,description,ThoughtDefs\Thoughts_Memory_Quirk.xml,def,Tasty!
RV2_TypePreferenceQuirkSatisfaction_Predator_Tailmaw_Bad.stages.0.label,Disliked pythening {0},label,ThoughtDefs\Thoughts_Memory_Quirk.xml,def,Disliked pythening <ALIMT >(PH_1)</ALIMT>
RV2_TypePreferenceQuirkSatisfaction_Predator_Tailmaw_Bad.stages.0.description,Kinda hard to look back and make sure everything's going okay.,description,ThoughtDefs\Thoughts_Memory_Quirk.xml,def,Kinda hard to look back and make sure everything's going okay.
RV2_TypePreferenceQuirkSatisfaction_Predator_Tailmaw_VeryBad.stages.0.label,Hated pythening {0},label,ThoughtDefs\Thoughts_Memory_Quirk.xml,def,Hated pythening <ALIMT >(PH_1)</ALIMT>
RV2_TypePreferenceQuirkSatisfaction_Predator_Tailmaw_VeryBad.stages.0.description,I'd rather just eat with my mouth.,description,ThoughtDefs\Thoughts_Memory_Quirk.xml,def,I'd rather just eat with my mouth.
RV2_TypePreferenceQuirkSatisfaction_Predator_Udder_VeryGood.stages.0.label,Loved unnursing {0} into udder,label,ThoughtDefs\Thoughts_Memory_Quirk.xml,def,Loved unnursing <ALIMT >(PH_1)</ALIMT> into udder
RV2_TypePreferenceQuirkSatisfaction_Predator_Udder_VeryGood.stages.0.description,Gotta keep your udder happy!,description,ThoughtDefs\Thoughts_Memory_Quirk.xml,def,Gotta keep your udder happy!
RV2_TypePreferenceQuirkSatisfaction_Predator_Udder_Good.stages.0.label,Liked unnursing {0} into udder,label,ThoughtDefs\Thoughts_Memory_Quirk.xml,def,Liked unnursing <ALIMT >(PH_1)</ALIMT> into udder
RV2_TypePreferenceQuirkSatisfaction_Predator_Udder_Good.stages.0.description,Nice and milky.,description,ThoughtDefs\Thoughts_Memory_Quirk.xml,def,Nice and milky.
RV2_TypePreferenceQuirkSatisfaction_Predator_Udder_Bad.stages.0.label,Disliked unnursing {0} into udder,label,ThoughtDefs\Thoughts_Memory_Quirk.xml,def,Disliked unnursing <ALIMT >(PH_1)</ALIMT> into udder
RV2_TypePreferenceQuirkSatisfaction_Predator_Udder_Bad.stages.0.description,Udders are weird.,description,ThoughtDefs\Thoughts_Memory_Quirk.xml,def,Udders are weird.
RV2_TypePreferenceQuirkSatisfaction_Predator_Udder_VeryBad.stages.0.label,Hated unnursing {0} into udder,label,ThoughtDefs\Thoughts_Memory_Quirk.xml,def,Hated unnursing <ALIMT >(PH_1)</ALIMT> into udder
RV2_TypePreferenceQuirkSatisfaction_Predator_Udder_VeryBad.stages.0.description,Udderly awful.,description,ThoughtDefs\Thoughts_Memory_Quirk.xml,def,Udderly awful.
RV2_TypePreferenceQuirkSatisfaction_Prey_Cleavage_VeryGood.stages.0.label,Loved being fissured by {0},label,ThoughtDefs\Thoughts_Memory_Quirk.xml,def,Loved being fissured by <ALIMT >(PH_1)</ALIMT>
RV2_TypePreferenceQuirkSatisfaction_Prey_Cleavage_VeryGood.stages.0.description,Between the boobs are where I belong!,description,ThoughtDefs\Thoughts_Memory_Quirk.xml,def,Between the boobs are where I belong!
RV2_TypePreferenceQuirkSatisfaction_Prey_Cleavage_Good.stages.0.label,Liked being fissured by {0},label,ThoughtDefs\Thoughts_Memory_Quirk.xml,def,Liked being fissured by <ALIMT >(PH_1)</ALIMT>
RV2_TypePreferenceQuirkSatisfaction_Prey_Cleavage_Good.stages.0.description,Warm and pillowy!,description,ThoughtDefs\Thoughts_Memory_Quirk.xml,def,Warm and pillowy!
RV2_TypePreferenceQuirkSatisfaction_Prey_Cleavage_Bad.stages.0.label,Disliked being fissured by {0},label,ThoughtDefs\Thoughts_Memory_Quirk.xml,def,Disliked being fissured by <ALIMT >(PH_1)</ALIMT>
RV2_TypePreferenceQuirkSatisfaction_Prey_Cleavage_Bad.stages.0.description,That wasn't very fun.,description,ThoughtDefs\Thoughts_Memory_Quirk.xml,def,That wasn't very fun.
RV2_TypePreferenceQuirkSatisfaction_Prey_Cleavage_VeryBad.stages.0.label,Hated being fissured by {0},label,ThoughtDefs\Thoughts_Memory_Quirk.xml,def,Hated being fissured by <ALIMT >(PH_1)</ALIMT>
RV2_TypePreferenceQuirkSatisfaction_Prey_Cleavage_VeryBad.stages.0.description,That barely felt like vore.,description,ThoughtDefs\Thoughts_Memory_Quirk.xml,def,That barely felt like <ALIMT >vore</ALIMT>.
RV2_TypePreferenceQuirkSatisfaction_Prey_Membrane_VeryGood.stages.0.label,Loved being engulfed by {0},label,ThoughtDefs\Thoughts_Memory_Quirk.xml,def,Loved being engulfed by <ALIMT >(PH_1)</ALIMT>
RV2_TypePreferenceQuirkSatisfaction_Prey_Membrane_VeryGood.stages.0.description,In the slime is where I belong!,description,ThoughtDefs\Thoughts_Memory_Quirk.xml,def,In the <ALIMT >slime</ALIMT> is where I belong!
RV2_TypePreferenceQuirkSatisfaction_Prey_Membrane_Good.stages.0.label,Liked being engulfed by {0},label,ThoughtDefs\Thoughts_Memory_Quirk.xml,def,Liked being engulfed by <ALIMT >(PH_1)</ALIMT>
RV2_TypePreferenceQuirkSatisfaction_Prey_Membrane_Good.stages.0.description,Squishy!,description,ThoughtDefs\Thoughts_Memory_Quirk.xml,def,Squishy!
RV2_TypePreferenceQuirkSatisfaction_Prey_Membrane_Bad.stages.0.label,Disliked being engulfed by {0},label,ThoughtDefs\Thoughts_Memory_Quirk.xml,def,Disliked being engulfed by <ALIMT >(PH_1)</ALIMT>
RV2_TypePreferenceQuirkSatisfaction_Prey_Membrane_Bad.stages.0.description,It's too spacious.,description,ThoughtDefs\Thoughts_Memory_Quirk.xml,def,It's too spacious.
RV2_TypePreferenceQuirkSatisfaction_Prey_Membrane_VeryBad.stages.0.label,Hated being engulfed by {0},label,ThoughtDefs\Thoughts_Memory_Quirk.xml,def,Hated being engulfed by <ALIMT >(PH_1)</ALIMT>
RV2_TypePreferenceQuirkSatisfaction_Prey_Membrane_VeryBad.stages.0.description,I'm like a puppet on display.,description,ThoughtDefs\Thoughts_Memory_Quirk.xml,def,I'm like a puppet on display.
RV2_TypePreferenceQuirkSatisfaction_Prey_Navel_VeryGood.stages.0.label,Loved being ennaveled by {0},label,ThoughtDefs\Thoughts_Memory_Quirk.xml,def,Loved being ennaveled by <ALIMT >(PH_1)</ALIMT>
RV2_TypePreferenceQuirkSatisfaction_Prey_Navel_VeryGood.stages.0.description,In the navel is where I belong!,description,ThoughtDefs\Thoughts_Memory_Quirk.xml,def,In the navel is where I belong!
RV2_TypePreferenceQuirkSatisfaction_Prey_Navel_Good.stages.0.label,Liked being ennaveled by {0},label,ThoughtDefs\Thoughts_Memory_Quirk.xml,def,Liked being ennaveled by <ALIMT >(PH_1)</ALIMT>
RV2_TypePreferenceQuirkSatisfaction_Prey_Navel_Good.stages.0.description,Linty.,description,ThoughtDefs\Thoughts_Memory_Quirk.xml,def,Linty.
RV2_TypePreferenceQuirkSatisfaction_Prey_Navel_Bad.stages.0.label,Disliked being ennaveled by {0},label,ThoughtDefs\Thoughts_Memory_Quirk.xml,def,Disliked being ennaveled by <ALIMT >(PH_1)</ALIMT>
RV2_TypePreferenceQuirkSatisfaction_Prey_Navel_Bad.stages.0.description,This feels wrong.,description,ThoughtDefs\Thoughts_Memory_Quirk.xml,def,This feels wrong.
RV2_TypePreferenceQuirkSatisfaction_Prey_Navel_VeryBad.stages.0.label,Hated being ennaveled by {0},label,ThoughtDefs\Thoughts_Memory_Quirk.xml,def,Hated being ennaveled by <ALIMT >(PH_1)</ALIMT>
RV2_TypePreferenceQuirkSatisfaction_Prey_Navel_VeryBad.stages.0.description,Re-tie your umbilicals!,description,ThoughtDefs\Thoughts_Memory_Quirk.xml,def,Re-tie your umbilicals!
RV2_TypePreferenceQuirkSatisfaction_Prey_Tailmaw_VeryGood.stages.0.label,Loved being pythened by {0},label,ThoughtDefs\Thoughts_Memory_Quirk.xml,def,Loved being pythened by <ALIMT >(PH_1)</ALIMT>
RV2_TypePreferenceQuirkSatisfaction_Prey_Tailmaw_VeryGood.stages.0.description,Down the tail is where I belong!,description,ThoughtDefs\Thoughts_Memory_Quirk.xml,def,Down the <ALIMT >tail</ALIMT> is where I belong!
RV2_TypePreferenceQuirkSatisfaction_Prey_Tailmaw_Good.stages.0.label,Liked being pythened by {0},label,ThoughtDefs\Thoughts_Memory_Quirk.xml,def,Liked being pythened by <ALIMT >(PH_1)</ALIMT>
RV2_TypePreferenceQuirkSatisfaction_Prey_Tailmaw_Good.stages.0.description,"I love a good, flexible tail-throat!",description,ThoughtDefs\Thoughts_Memory_Quirk.xml,def,"I love a good, flexible <ALIMT >tail</ALIMT>-throat!"
RV2_TypePreferenceQuirkSatisfaction_Prey_Tailmaw_Bad.stages.0.label,Disliked being pythened by {0},label,ThoughtDefs\Thoughts_Memory_Quirk.xml,def,Disliked being pythened by <ALIMT >(PH_1)</ALIMT>
RV2_TypePreferenceQuirkSatisfaction_Prey_Tailmaw_Bad.stages.0.description,Tailmaws look wrong.,description,ThoughtDefs\Thoughts_Memory_Quirk.xml,def,Tailmaws look wrong.
RV2_TypePreferenceQuirkSatisfaction_Prey_Tailmaw_VeryBad.stages.0.label,Hated being pythened by {0},label,ThoughtDefs\Thoughts_Memory_Quirk.xml,def,Hated being pythened by <ALIMT >(PH_1)</ALIMT>
RV2_TypePreferenceQuirkSatisfaction_Prey_Tailmaw_VeryBad.stages.0.description,That gave me the heebie-jeebies.,description,ThoughtDefs\Thoughts_Memory_Quirk.xml,def,That gave me the heebie-jeebies.
RV2_TypePreferenceQuirkSatisfaction_Prey_Udder_VeryGood.stages.0.label,Loved being unnursed into udder by {0},label,ThoughtDefs\Thoughts_Memory_Quirk.xml,def,Loved being unnursed into udder by <ALIMT >(PH_1)</ALIMT>
RV2_TypePreferenceQuirkSatisfaction_Prey_Udder_VeryGood.stages.0.description,In the udder is where I belong!,description,ThoughtDefs\Thoughts_Memory_Quirk.xml,def,In the udder is where I belong!
RV2_TypePreferenceQuirkSatisfaction_Prey_Udder_Good.stages.0.label,Liked being unnursed into udder by {0},label,ThoughtDefs\Thoughts_Memory_Quirk.xml,def,Liked being unnursed into udder by <ALIMT >(PH_1)</ALIMT>
RV2_TypePreferenceQuirkSatisfaction_Prey_Udder_Good.stages.0.description,Milky!,description,ThoughtDefs\Thoughts_Memory_Quirk.xml,def,Milky!
RV2_TypePreferenceQuirkSatisfaction_Prey_Udder_Bad.stages.0.label,Disliked being unnursed into udder by {0},label,ThoughtDefs\Thoughts_Memory_Quirk.xml,def,Disliked being unnursed into udder by <ALIMT >(PH_1)</ALIMT>
RV2_TypePreferenceQuirkSatisfaction_Prey_Udder_Bad.stages.0.description,"It's a bit beastly, isn't it?",description,ThoughtDefs\Thoughts_Memory_Quirk.xml,def,"It's a bit beastly, isn't it?"
RV2_TypePreferenceQuirkSatisfaction_Prey_Udder_VeryBad.stages.0.label,Hated being unnursed into udder by {0},label,ThoughtDefs\Thoughts_Memory_Quirk.xml,def,Hated being unnursed into udder by <ALIMT >(PH_1)</ALIMT>
RV2_TypePreferenceQuirkSatisfaction_Prey_Udder_VeryBad.stages.0.description,"Udders are the domain of beasts, not people.",description,ThoughtDefs\Thoughts_Memory_Quirk.xml,def,"Udders are the domain of beasts, not people."
RV2_PredatorOralAmalgamateEnd.stages.0.label,Reshaped {0} from lip-fat,label,ThoughtDefs\Thoughts_Memory_Vore.xml,def,Reshaped <ALIMT >(PH_1)</ALIMT> from lip-fat
RV2_PredatorOralAmalgamateEnd.stages.0.description,"My lips are lighter, but it's a little easier to talk.",description,ThoughtDefs\Thoughts_Memory_Vore.xml,def,"My lips are lighter, but it's a little easier to talk."
RV2_PreyOralAmalgamateEnd.stages.0.label,Reshaped from {0}'s lip-fat,label,ThoughtDefs\Thoughts_Memory_Vore.xml,def,Reshaped from <ALIMT >(PH_1)</ALIMT>'s lip-fat
RV2_PreyOralAmalgamateEnd.stages.0.description,Who knew lips had so many uses...,description,ThoughtDefs\Thoughts_Memory_Vore.xml,def,Who knew lips had so many uses...
RV2_PredatorOralAssimilateSuccess.stages.0.label,Assimilated {0} into lips,label,ThoughtDefs\Thoughts_Memory_Vore.xml,def,Assimilated <ALIMT >(PH_1)</ALIMT> into lips
RV2_PredatorOralAssimilateSuccess.stages.0.description,I assimilated {1} into my lips. Juicy!,description,ThoughtDefs\Thoughts_Memory_Vore.xml,def,I assimilated <ALIMT >(PH_1)</ALIMT> into my lips. Juicy!
RV2_PredatorOralAssimilateInterrupted.stages.0.label,Assimilation of {0} into lips interrupted,label,ThoughtDefs\Thoughts_Memory_Vore.xml,def,Assimilation of <ALIMT >(PH_1)</ALIMT> into lips interrupted
RV2_PredatorOralAssimilateInterrupted.stages.0.description,"I tried to assimilate {1} into my lips, but they got away. That's not very juicy of them.",description,ThoughtDefs\Thoughts_Memory_Vore.xml,def,"I tried to assimilate <ALIMT >(PH_1)</ALIMT> into my lips, but they got away. That's not very juicy of them."
RV2_PreyOralAssimilateInterrupted.stages.0.label,Escaped assimilation into lips by {0},label,ThoughtDefs\Thoughts_Memory_Vore.xml,def,Escaped assimilation into lips by <ALIMT >(PH_1)</ALIMT>
RV2_PreyOralAssimilateInterrupted.stages.0.description,{1} tried to lick me into their lips! I'd rather not!,description,ThoughtDefs\Thoughts_Memory_Vore.xml,def,<ALIMT >(PH_1)</ALIMT> tried to lick me into their lips! I'd rather not!
RV2_PredatorAnalAmalgamateEnd.stages.0.label,Reshaped {0} from butt-fat,label,ThoughtDefs\Thoughts_Memory_Vore.xml,def,Reshaped <ALIMT >(PH_1)</ALIMT> from butt-fat
RV2_PredatorAnalAmalgamateEnd.stages.0.description,"My butt's not as plush, but it's a little easier to walk.",description,ThoughtDefs\Thoughts_Memory_Vore.xml,def,"My butt's not as plush, but it's a little easier to walk."
RV2_PreyAnalAmalgamateEnd.stages.0.label,Reshaped from {0}'s butt-fat,label,ThoughtDefs\Thoughts_Memory_Vore.xml,def,Reshaped from <ALIMT >(PH_1)</ALIMT>'s butt-fat
RV2_PreyAnalAmalgamateEnd.stages.0.description,That's enough seat-cushioning to last me a while!,description,ThoughtDefs\Thoughts_Memory_Vore.xml,def,That's enough seat-cushioning to last me a while!
RV2_PredatorAnalAssimilateSuccess.stages.0.label,Assimilated {0} into butt,label,ThoughtDefs\Thoughts_Memory_Vore.xml,def,Assimilated <ALIMT >(PH_1)</ALIMT> into butt
RV2_PredatorAnalAssimilateSuccess.stages.0.description,I padded {1} onto my butt. How plush!,description,ThoughtDefs\Thoughts_Memory_Vore.xml,def,I padded <ALIMT >(PH_1)</ALIMT> onto my butt. How plush!
RV2_PredatorAnalAssimilateInterrupted.stages.0.label,Assimilation of {0} into butt interrupted,label,ThoughtDefs\Thoughts_Memory_Vore.xml,def,Assimilation of <ALIMT >(PH_1)</ALIMT> into butt interrupted
RV2_PredatorAnalAssimilateInterrupted.stages.0.description,"I tried to pad {1} onto my butt, but they got away. How much more comfortable could my seats have been?",description,ThoughtDefs\Thoughts_Memory_Vore.xml,def,"I tried to pad <ALIMT >(PH_1)</ALIMT> onto my butt, but they got away. How much more comfortable could my seats have been?"
RV2_PreyAnalAssimilateInterrupted.stages.0.label,Escaped assimilation into butt by {0},label,ThoughtDefs\Thoughts_Memory_Vore.xml,def,Escaped assimilation into butt by <ALIMT >(PH_1)</ALIMT>
RV2_PreyAnalAssimilateInterrupted.stages.0.description,{1} tried to pad me into butt-fat! I don't wanna be sat on!,description,ThoughtDefs\Thoughts_Memory_Vore.xml,def,<ALIMT >(PH_1)</ALIMT> tried to pad me into butt-fat! I don't wanna be sat on!
RV2_PredatorVaginalAmalgamateEnd.stages.0.label,Reshaped {0} from labial fat,label,ThoughtDefs\Thoughts_Memory_Vore.xml,def,Reshaped <ALIMT >(PH_1)</ALIMT> from labial fat
RV2_PredatorVaginalAmalgamateEnd.stages.0.description,"My pussy's not as puffy, but it's a little easier to walk.",description,ThoughtDefs\Thoughts_Memory_Vore.xml,def,"My <ALIMT >pussy</ALIMT>'s not as puffy, but it's a little easier to walk."
RV2_PreyVaginalAmalgamateEnd.stages.0.label,Reshaped from {0}'s labial fat,label,ThoughtDefs\Thoughts_Memory_Vore.xml,def,Reshaped from <ALIMT >(PH_1)</ALIMT>'s labial fat
RV2_PreyVaginalAmalgamateEnd.stages.0.description,I've just been pounded so hard...,description,ThoughtDefs\Thoughts_Memory_Vore.xml,def,I've just been pounded so hard...
RV2_PredatorVaginalAssimilateSuccess.stages.0.label,Labially assimilated {0},label,ThoughtDefs\Thoughts_Memory_Vore.xml,def,Labially assimilated <ALIMT >(PH_1)</ALIMT>
RV2_PredatorVaginalAssimilateSuccess.stages.0.description,I puffed out my pussy with {1}. So tight...,description,ThoughtDefs\Thoughts_Memory_Vore.xml,def,I puffed out my <ALIMT >pussy</ALIMT> with <ALIMT >(PH_1)</ALIMT>. So tight...
RV2_PredatorVaginalAssimilateInterrupted.stages.0.label,Labial assimilation of {0} interrupted,label,ThoughtDefs\Thoughts_Memory_Vore.xml,def,Labial assimilation of <ALIMT >(PH_1)</ALIMT> interrupted
RV2_PredatorVaginalAssimilateInterrupted.stages.0.description,"I tried to puff {1} into my mound, but they got away. I could have been so much hornier right now.",description,ThoughtDefs\Thoughts_Memory_Vore.xml,def,"I tried to puff <ALIMT >(PH_1)</ALIMT> into my mound, but they got away. I could have been so much hornier right now."
RV2_PreyVaginalAssimilateInterrupted.stages.0.label,Escaped labial assimilation by {0},label,ThoughtDefs\Thoughts_Memory_Vore.xml,def,Escaped labial assimilation by <ALIMT >(PH_1)</ALIMT>
RV2_PreyVaginalAssimilateInterrupted.stages.0.description,{1} tried to puff out their pussy with me! I don't wanna be fucked like that!,description,ThoughtDefs\Thoughts_Memory_Vore.xml,def,<ALIMT >(PH_1)</ALIMT> tried to puff out their <ALIMT >pussy</ALIMT> with me! I don't wanna be fucked like that!
RV2_PredatorVaginalConvertChemfuelSuccess.stages.0.label,Vaginally oleified {0},label,ThoughtDefs\Thoughts_Memory_Vore.xml,def,Vaginally oleified <ALIMT >(PH_1)</ALIMT>
RV2_PredatorVaginalConvertChemfuelSuccess.stages.0.description,I unbirthed and melted {1} into chemfuel. Flammable materials make for the most exciting lube!,description,ThoughtDefs\Thoughts_Memory_Vore.xml,def,I unbirthed and melted <ALIMT >(PH_1)</ALIMT> into chemfuel. Flammable materials make for the most exciting <ALIMT >lube</ALIMT>!
RV2_PredatorVaginalConvertChemfuelInterrupted.stages.0.label,Vaginall olifaction of {0} interrupted,label,ThoughtDefs\Thoughts_Memory_Vore.xml,def,Vaginall olifaction of <ALIMT >(PH_1)</ALIMT> interrupted
RV2_PredatorVaginalConvertChemfuelInterrupted.stages.0.description,"I tried to melt {1} into chemfuel, but they got away. Now I'm all pent-up...",description,ThoughtDefs\Thoughts_Memory_Vore.xml,def,"I tried to melt <ALIMT >(PH_1)</ALIMT> into chemfuel, but they got away. Now I'm all pent-up..."
RV2_PreyVaginalConvertChemfuelInterrupted.stages.0.label,Escaped vaginal olifaction by {0},label,ThoughtDefs\Thoughts_Memory_Vore.xml,def,Escaped <ALIMT >vaginal</ALIMT> olifaction by <ALIMT >(PH_1)</ALIMT>
RV2_PreyVaginalConvertChemfuelInterrupted.stages.0.description,{1} tried to melt me into chemfuel in their womb! I don't want to be burned!,description,ThoughtDefs\Thoughts_Memory_Vore.xml,def,<ALIMT >(PH_1)</ALIMT> tried to melt me into chemfuel in their womb! I don't want to be burned!
RV2_PredatorVaginalConvertEggsSuccess.stages.0.label,Vaginally ovified {0},label,ThoughtDefs\Thoughts_Memory_Vore.xml,def,Vaginally ovified <ALIMT >(PH_1)</ALIMT>
RV2_PredatorVaginalConvertEggsSuccess.stages.0.description,I unbirthed and melted {1} into eggs. A treat for later!,description,ThoughtDefs\Thoughts_Memory_Vore.xml,def,I unbirthed and melted <ALIMT >(PH_1)</ALIMT> into eggs. A treat for later!
RV2_PredatorVaginalConvertEggsInterrupted.stages.0.label,Vaginal ovifaction of {0} interrupted,label,ThoughtDefs\Thoughts_Memory_Vore.xml,def,<ALIMT >vaginal</ALIMT> ovifaction of <ALIMT >(PH_1)</ALIMT> interrupted
RV2_PredatorVaginalConvertEggsInterrupted.stages.0.description,"I tried to melt {1} into eggs, but they got away. Now I'm all pent-up...",description,ThoughtDefs\Thoughts_Memory_Vore.xml,def,"I tried to melt <ALIMT >(PH_1)</ALIMT> into eggs, but they got away. Now I'm all pent-up..."
RV2_PreyVaginalConvertEggsInterrupted.stages.0.label,Escaped vaginal ovifaction by {0},label,ThoughtDefs\Thoughts_Memory_Vore.xml,def,Escaped <ALIMT >vaginal</ALIMT> ovifaction by <ALIMT >(PH_1)</ALIMT>
RV2_PreyVaginalConvertEggsInterrupted.stages.0.description,{1} tried to melt me into eggs in their womb! I'm not an egg!,description,ThoughtDefs\Thoughts_Memory_Vore.xml,def,<ALIMT >(PH_1)</ALIMT> tried to melt me into eggs in their womb! I'm not an egg!
RV2_PredatorCockAmalgamateEnd.stages.0.label,Reshaped {0} from cock-meat,label,ThoughtDefs\Thoughts_Memory_Vore.xml,def,Reshaped <ALIMT >(PH_1)</ALIMT> from cock-meat
RV2_PredatorCockAmalgamateEnd.stages.0.description,"My cock's not as juicy, but it's a little easier to walk.",description,ThoughtDefs\Thoughts_Memory_Vore.xml,def,"My cock's not as juicy, but it's a little easier to walk."
RV2_PreyCockAmalgamateEnd.stages.0.label,Reshaped from {0}'s cock-meat,label,ThoughtDefs\Thoughts_Memory_Vore.xml,def,Reshaped from <ALIMT >(PH_1)</ALIMT>'s cock-meat
RV2_PreyCockAmalgamateEnd.stages.0.description,I've been stuck in places I hadn't considered before...,description,ThoughtDefs\Thoughts_Memory_Vore.xml,def,I've been stuck in places I hadn't considered before...
RV2_PredatorCockAssimilateSuccess.stages.0.label,Assimilated {0} into cock,label,ThoughtDefs\Thoughts_Memory_Vore.xml,def,Assimilated <ALIMT >(PH_1)</ALIMT> into cock
RV2_PredatorCockAssimilateSuccess.stages.0.description,I swole my cock up with {1}. My wild ride never ends!,description,ThoughtDefs\Thoughts_Memory_Vore.xml,def,I swole my cock up with <ALIMT >(PH_1)</ALIMT>. My wild ride never ends!
RV2_PredatorCockAssimilateInterrupted.stages.0.label,Assimilation of {0} into cock interrupted,label,ThoughtDefs\Thoughts_Memory_Vore.xml,def,Assimilation of <ALIMT >(PH_1)</ALIMT> into cock interrupted
RV2_PredatorCockAssimilateInterrupted.stages.0.description,"I tried to swell my cock up with {1}, but they got away. Enjoy your legs while you still have 'em.",description,ThoughtDefs\Thoughts_Memory_Vore.xml,def,"I tried to swell my cock up with <ALIMT >(PH_1)</ALIMT>, but they got away. Enjoy your legs while you still have 'em."
RV2_PreyCockAssimilateInterrupted.stages.0.label,Escaped assimilation into cock by {0},label,ThoughtDefs\Thoughts_Memory_Vore.xml,def,Escaped assimilation into cock by <ALIMT >(PH_1)</ALIMT>
RV2_PreyCockAssimilateInterrupted.stages.0.description,{1} tried to make me a permanent fixture of their fuck-stick! That's not how I want to be used!,description,ThoughtDefs\Thoughts_Memory_Vore.xml,def,<ALIMT >(PH_1)</ALIMT> tried to make me a permanent fixture of their fuck-stick! That's not how I want to be used!
RV2_PredatorCockConvertChemfuelSuccess.stages.0.label,Phallically olified {0},label,ThoughtDefs\Thoughts_Memory_Vore.xml,def,Phallically olified <ALIMT >(PH_1)</ALIMT>
RV2_PredatorCockConvertChemfuelSuccess.stages.0.description,I unsowed and melted {1} into chemfuel. Maybe I should get my lighter next time I jerk off.,description,ThoughtDefs\Thoughts_Memory_Vore.xml,def,I unsowed and melted <ALIMT >(PH_1)</ALIMT> into chemfuel. Maybe I should get my lighter next time I jerk off.
RV2_PredatorCockConvertChemfuelInterrupted.stages.0.label,Phallic olifaction of {0} interrupted,label,ThoughtDefs\Thoughts_Memory_Vore.xml,def,Phallic olifaction of <ALIMT >(PH_1)</ALIMT> interrupted
RV2_PredatorCockConvertChemfuelInterrupted.stages.0.description,"I tried to churn {1} down into chemfuel, but they got away. Now I'm all pent-up...",description,ThoughtDefs\Thoughts_Memory_Vore.xml,def,"I tried to churn <ALIMT >(PH_1)</ALIMT> down into chemfuel, but they got away. Now I'm all pent-up..."
RV2_PreyCockConvertChemfuelInterrupted.stages.0.label,Escaped phallic olifaction by {0},label,ThoughtDefs\Thoughts_Memory_Vore.xml,def,Escaped phallic olifaction by <ALIMT >(PH_1)</ALIMT>
RV2_PreyCockConvertChemfuelInterrupted.stages.0.description,{1} tried to melt me into chemfuel! I don't want to be burned!,description,ThoughtDefs\Thoughts_Memory_Vore.xml,def,<ALIMT >(PH_1)</ALIMT> tried to melt me into chemfuel! I don't want to be burned!
RV2_PredatorNippleAmalgamateEnd.stages.0.label,Reshaped {0} from nipple-fat,label,ThoughtDefs\Thoughts_Memory_Vore.xml,def,Reshaped <ALIMT >(PH_1)</ALIMT> from <ALIMT >nipple</ALIMT>-fat
RV2_PredatorNippleAmalgamateEnd.stages.0.description,"My nipple's not as puffy, but it's a little easier to wear a shirt.",description,ThoughtDefs\Thoughts_Memory_Vore.xml,def,"My <ALIMT >nipple</ALIMT>'s not as puffy, but it's a little easier to wear a shirt."
RV2_PreyNippleAmalgamateEnd.stages.0.label,Reshaped from {0}'s nipple-fat,label,ThoughtDefs\Thoughts_Memory_Vore.xml,def,Reshaped from <ALIMT >(PH_1)</ALIMT>'s <ALIMT >nipple</ALIMT>-fat
RV2_PreyNippleAmalgamateEnd.stages.0.description,All that tweaking and chafing...,description,ThoughtDefs\Thoughts_Memory_Vore.xml,def,All that tweaking and chafing...
RV2_PredatorNippleAssimilateSuccess.stages.0.label,Assimilated {0} into nipple,label,ThoughtDefs\Thoughts_Memory_Vore.xml,def,Assimilated <ALIMT >(PH_1)</ALIMT> into <ALIMT >nipple</ALIMT>
RV2_PredatorNippleAssimilateSuccess.stages.0.description,I puffed my nipple up with {1}. So sensitive...!~,description,ThoughtDefs\Thoughts_Memory_Vore.xml,def,I puffed my <ALIMT >nipple</ALIMT> up with <ALIMT >(PH_1)</ALIMT>. So sensitive...!~
RV2_PredatorNippleAssimilateInterrupted.stages.0.label,Assimilation of {0} into nipple interrupted,label,ThoughtDefs\Thoughts_Memory_Vore.xml,def,Assimilation of <ALIMT >(PH_1)</ALIMT> into <ALIMT >nipple</ALIMT> interrupted
RV2_PredatorNippleAssimilateInterrupted.stages.0.description,"I tried to puff my nipple up with {1}, but they got away. Do you hate milk or something?",description,ThoughtDefs\Thoughts_Memory_Vore.xml,def,"I tried to puff my <ALIMT >nipple</ALIMT> up with <ALIMT >(PH_1)</ALIMT>, but they got away. Do you hate milk or something?"
RV2_PreyNippleAssimilateInterrupted.stages.0.label,Escaped assimilation into nipple by {0},label,ThoughtDefs\Thoughts_Memory_Vore.xml,def,Escaped assimilation into <ALIMT >nipple</ALIMT> by <ALIMT >(PH_1)</ALIMT>
RV2_PreyNippleAssimilateInterrupted.stages.0.description,{1} tried to turn me into a nipple! That's not how I want to be sucked!,description,ThoughtDefs\Thoughts_Memory_Vore.xml,def,<ALIMT >(PH_1)</ALIMT> tried to turn me into a <ALIMT >nipple</ALIMT>! That's not how I want to be sucked!
RV2_PredatorNippleConvertChemfuelSuccess.stages.0.label,Mammilly olified {0},label,ThoughtDefs\Thoughts_Memory_Vore.xml,def,Mammilly olified <ALIMT >(PH_1)</ALIMT>
RV2_PredatorNippleConvertChemfuelSuccess.stages.0.description,I unsuckled {1} and melted them into chemfuel. If only they made funnels that milked you...,description,ThoughtDefs\Thoughts_Memory_Vore.xml,def,I unsuckled <ALIMT >(PH_1)</ALIMT> and melted them into chemfuel. If only they made funnels that milked you...
RV2_PredatorNippleConvertChemfuelInterrupted.stages.0.label,Mammary olifaction of {0} interrupted,label,ThoughtDefs\Thoughts_Memory_Vore.xml,def,Mammary olifaction of <ALIMT >(PH_1)</ALIMT> interrupted
RV2_PredatorNippleConvertChemfuelInterrupted.stages.0.description,"I tried to churn {1} down into chemfuel, but they got away. My taps are so dry...",description,ThoughtDefs\Thoughts_Memory_Vore.xml,def,"I tried to churn <ALIMT >(PH_1)</ALIMT> down into chemfuel, but they got away. My taps are so dry..."
RV2_PreyNippleConvertChemfuelInterrupted.stages.0.label,Escaped mammary olifaction by {0},label,ThoughtDefs\Thoughts_Memory_Vore.xml,def,Escaped mammary olifaction by <ALIMT >(PH_1)</ALIMT>
RV2_PreyNippleConvertChemfuelInterrupted.stages.0.description,{1} tried to churn me into chemfuel! I don't want to be burned!,description,ThoughtDefs\Thoughts_Memory_Vore.xml,def,<ALIMT >(PH_1)</ALIMT> tried to churn me into chemfuel! I don't want to be burned!
RV2_PredatorCockBladderConvertUrineSuccess.stages.0.label,Renally urified {0},label,ThoughtDefs\Thoughts_Memory_Vore.xml,def,Renally urified <ALIMT >(PH_1)</ALIMT>
RV2_PredatorCockBladderConvertUrineSuccess.stages.0.description,I unsowed {1} and melted them into piss. What a shower!,description,ThoughtDefs\Thoughts_Memory_Vore.xml,def,I unsowed <ALIMT >(PH_1)</ALIMT> and melted them into piss. What a shower!
RV2_PredatorCockBladderConvertUrineInterrupted.stages.0.label,Renal urifaction of {0} interrupted,label,ThoughtDefs\Thoughts_Memory_Vore.xml,def,Renal urifaction of <ALIMT >(PH_1)</ALIMT> interrupted
RV2_PredatorCockBladderConvertUrineInterrupted.stages.0.description,"I tried to churn {1} down into piss, but they got away. I guess I'll just drink a lot of water.",description,ThoughtDefs\Thoughts_Memory_Vore.xml,def,"I tried to churn <ALIMT >(PH_1)</ALIMT> down into piss, but they got away. I guess I'll just drink a lot of water."
RV2_PreyCockBladderConvertUrineInterrupted.stages.0.label,Escaped renal urifaction by {0},label,ThoughtDefs\Thoughts_Memory_Vore.xml,def,Escaped renal urifaction by <ALIMT >(PH_1)</ALIMT>
RV2_PreyCockBladderConvertUrineInterrupted.stages.0.description,{1} tried to churn me into piss! Fucking gross!,description,ThoughtDefs\Thoughts_Memory_Vore.xml,def,<ALIMT >(PH_1)</ALIMT> tried to churn me into piss! Fucking gross!
RV2_PredatorVaginalBladderConvertUrineSuccess.stages.0.label,Renally urified {0},label,ThoughtDefs\Thoughts_Memory_Vore.xml,def,Renally urified <ALIMT >(PH_1)</ALIMT>
RV2_PredatorVaginalBladderConvertUrineSuccess.stages.0.description,I unbirthed {1} and melted them into piss. What a drizzle!,description,ThoughtDefs\Thoughts_Memory_Vore.xml,def,I unbirthed <ALIMT >(PH_1)</ALIMT> and melted them into piss. What a drizzle!
RV2_PredatorVaginalBladderConvertUrineInterrupted.stages.0.label,Renal urifaction of {0} interrupted,label,ThoughtDefs\Thoughts_Memory_Vore.xml,def,Renal urifaction of <ALIMT >(PH_1)</ALIMT> interrupted
RV2_PredatorVaginalBladderConvertUrineInterrupted.stages.0.description,"I tried to churn {1} down into piss, but they got away. I guess I'll just drink a lot of water.",description,ThoughtDefs\Thoughts_Memory_Vore.xml,def,"I tried to churn <ALIMT >(PH_1)</ALIMT> down into piss, but they got away. I guess I'll just drink a lot of water."
RV2_PreyVaginalBladderConvertUrineInterrupted.stages.0.label,Escaped renal urifaction by {0},label,ThoughtDefs\Thoughts_Memory_Vore.xml,def,Escaped renal urifaction by <ALIMT >(PH_1)</ALIMT>
RV2_PreyVaginalBladderConvertUrineInterrupted.stages.0.description,{1} tried to churn me into piss! Fucking gross!,description,ThoughtDefs\Thoughts_Memory_Vore.xml,def,<ALIMT >(PH_1)</ALIMT> tried to churn me into piss! Fucking gross!
RV2_PredatorCockBladderPleasureSuccess.stages.0.label,Unsowed {0} into bladder for pleasure,label,ThoughtDefs\Thoughts_Memory_Vore.xml,def,Unsowed <ALIMT >(PH_1)</ALIMT> into bladder for pleasure
RV2_PredatorCockBladderPleasureSuccess.stages.0.description,{1} tickled my bladder from the inside! I'm still quivering...~,description,ThoughtDefs\Thoughts_Memory_Vore.xml,def,<ALIMT >(PH_1)</ALIMT> tickled my bladder from the inside! I'm still quivering...~
RV2_PredatorCockBladderPleasureInterrupted.stages.0.label,Unsowing of {0} into bladder for pleasure interrupted,label,ThoughtDefs\Thoughts_Memory_Vore.xml,def,Unsowing of <ALIMT >(PH_1)</ALIMT> into bladder for pleasure interrupted
RV2_PredatorCockBladderPleasureInterrupted.stages.0.description,"I tried to give {1} a golden bath, but we were interrupted. Can't I get just a moment to unwind?",description,ThoughtDefs\Thoughts_Memory_Vore.xml,def,"I tried to give <ALIMT >(PH_1)</ALIMT> a golden bath, but we were interrupted. Can't I get just a <ALIMT >moment</ALIMT> to unwind?"
RV2_PreyCockBladderPleasureSuccess.stages.0.label,Unsowed by {0} into bladder for pleasure,label,ThoughtDefs\Thoughts_Memory_Vore.xml,def,Unsowed by <ALIMT >(PH_1)</ALIMT> into bladder for pleasure
RV2_PreyCockBladderPleasureSuccess.stages.0.description,"{1} gave me a long, warm golden bath! I'll need a proper clear shower, but it was relaxing nonetheless!",description,ThoughtDefs\Thoughts_Memory_Vore.xml,def,"<ALIMT >(PH_1)</ALIMT> gave me a long, warm golden bath! I'll need a proper clear shower, but it was relaxing nonetheless!"
RV2_PreyCockBladderPleasureInterrupted.stages.0.label,Unsowing by {0} into bladder for bladder interrupted,label,ThoughtDefs\Thoughts_Memory_Vore.xml,def,Unsowing by <ALIMT >(PH_1)</ALIMT> into bladder for bladder interrupted
RV2_PreyCockBladderPleasureInterrupted.stages.0.description,"{1} tried to draw me a golden bath, but we were interrupted. I was hoping to relieve some tension in the spa...",description,ThoughtDefs\Thoughts_Memory_Vore.xml,def,"<ALIMT >(PH_1)</ALIMT> tried to draw me a golden bath, but we were interrupted. I was hoping to relieve some tension in the spa..."
RV2_PredatorVaginalBladderPleasureSuccess.stages.0.label,Unbirthed {0} into bladder for pleasure,label,ThoughtDefs\Thoughts_Memory_Vore.xml,def,Unbirthed <ALIMT >(PH_1)</ALIMT> into bladder for pleasure
RV2_PredatorVaginalBladderPleasureSuccess.stages.0.description,{1} tickled my bladder from the inside! I'm still quivering...~,description,ThoughtDefs\Thoughts_Memory_Vore.xml,def,<ALIMT >(PH_1)</ALIMT> tickled my bladder from the inside! I'm still quivering...~
RV2_PredatorVaginalBladderPleasureInterrupted.stages.0.label,Unbirthing of {0} into bladder for pleasure interrupted,label,ThoughtDefs\Thoughts_Memory_Vore.xml,def,Unbirthing of <ALIMT >(PH_1)</ALIMT> into bladder for pleasure interrupted
RV2_PredatorVaginalBladderPleasureInterrupted.stages.0.description,"I tried to give {1} a golden bath, but we were interrupted. Can't I get just a moment to unwind?",description,ThoughtDefs\Thoughts_Memory_Vore.xml,def,"I tried to give <ALIMT >(PH_1)</ALIMT> a golden bath, but we were interrupted. Can't I get just a <ALIMT >moment</ALIMT> to unwind?"
RV2_PreyVaginalBladderPleasureSuccess.stages.0.label,Unbirthed by {0} into bladder for pleasure,label,ThoughtDefs\Thoughts_Memory_Vore.xml,def,Unbirthed by <ALIMT >(PH_1)</ALIMT> into bladder for pleasure
RV2_PreyVaginalBladderPleasureSuccess.stages.0.description,"{1} gave me a long, warm golden bath! I'll need a proper clear shower, but it was relaxing nonetheless!",description,ThoughtDefs\Thoughts_Memory_Vore.xml,def,"<ALIMT >(PH_1)</ALIMT> gave me a long, warm golden bath! I'll need a proper clear shower, but it was relaxing nonetheless!"
RV2_PreyVaginalBladderPleasureInterrupted.stages.0.label,Unbirthing by {0} into bladder for bladder interrupted,label,ThoughtDefs\Thoughts_Memory_Vore.xml,def,Unbirthing by <ALIMT >(PH_1)</ALIMT> into bladder for bladder interrupted
RV2_PreyVaginalBladderPleasureInterrupted.stages.0.description,"{1} tried to draw me a golden bath, but we were interrupted. I was hoping to relieve some tension in the spa...",description,ThoughtDefs\Thoughts_Memory_Vore.xml,def,"<ALIMT >(PH_1)</ALIMT> tried to draw me a golden bath, but we were interrupted. I was hoping to relieve some tension in the spa..."
RV2_PredatorCockBladderStoreEnd.stages.0.label,Released {0} from bladder-storage,label,ThoughtDefs\Thoughts_Memory_Vore.xml,def,Released <ALIMT >(PH_1)</ALIMT> from bladder-storage
RV2_PredatorCockBladderStoreEnd.stages.0.description,That's a load off of my hips!,description,ThoughtDefs\Thoughts_Memory_Vore.xml,def,That's a load off of my hips!
RV2_PreyCockBladderStoreEnd.stages.0.label,Released from {0}'s bladder-storage,label,ThoughtDefs\Thoughts_Memory_Vore.xml,def,Released from <ALIMT >(PH_1)</ALIMT>'s bladder-storage
RV2_PreyCockBladderStoreEnd.stages.0.description,It's nice to have room to stretch again.,description,ThoughtDefs\Thoughts_Memory_Vore.xml,def,It's nice to have room to stretch again.
RV2_PredatorVaginalBladderStoreEnd.stages.0.label,Released {0} from bladder-storage,label,ThoughtDefs\Thoughts_Memory_Vore.xml,def,Released <ALIMT >(PH_1)</ALIMT> from bladder-storage
RV2_PredatorVaginalBladderStoreEnd.stages.0.description,That's a load off of my hips!,description,ThoughtDefs\Thoughts_Memory_Vore.xml,def,That's a load off of my hips!
RV2_PreyVaginalBladderStoreEnd.stages.0.label,Released from {0}'s bladder-storage,label,ThoughtDefs\Thoughts_Memory_Vore.xml,def,Released from <ALIMT >(PH_1)</ALIMT>'s bladder-storage
RV2_PreyVaginalBladderStoreEnd.stages.0.description,It's nice to have room to stretch again.,description,ThoughtDefs\Thoughts_Memory_Vore.xml,def,It's nice to have room to stretch again.
RV2_PredatorCleavageAmalgamateEnd.stages.0.label,Reshaped {0} from breast-fat,label,ThoughtDefs\Thoughts_Memory_Vore.xml,def,Reshaped <ALIMT >(PH_1)</ALIMT> from <ALIMT >breast</ALIMT>-fat
RV2_PredatorCleavageAmalgamateEnd.stages.0.description,"My breasts aren't as big, but it's a little easier to wear a shirt.",description,ThoughtDefs\Thoughts_Memory_Vore.xml,def,"My <ALIMT >breasts</ALIMT> aren't as big, but it's a little easier to wear a shirt."
RV2_PreyCleavageAmalgamateEnd.stages.0.label,Reshaped from {0}'s breast-fat,label,ThoughtDefs\Thoughts_Memory_Vore.xml,def,Reshaped from <ALIMT >(PH_1)</ALIMT>'s <ALIMT >breast</ALIMT>-fat
RV2_PreyCleavageAmalgamateEnd.stages.0.description,All that bouncing and tumbling...,description,ThoughtDefs\Thoughts_Memory_Vore.xml,def,All that bouncing and tumbling...
RV2_PredatorCleavageAssimilateSuccess.stages.0.label,Assimilated {0} into cleavage,label,ThoughtDefs\Thoughts_Memory_Vore.xml,def,Assimilated <ALIMT >(PH_1)</ALIMT> into <ALIMT >cleavage</ALIMT>
RV2_PredatorCleavageAssimilateSuccess.stages.0.description,"I stuffed {1} between my tits and absorbed them. I think your chest looks much better on me, anyways.",description,ThoughtDefs\Thoughts_Memory_Vore.xml,def,"I stuffed <ALIMT >(PH_1)</ALIMT> between my tits and absorbed them. I think your chest looks much better on me, anyways."
RV2_PredatorCleavageAssimilateInterrupted.stages.0.label,Assimilation of {0} into cleavage interrupted,label,ThoughtDefs\Thoughts_Memory_Vore.xml,def,Assimilation of <ALIMT >(PH_1)</ALIMT> into <ALIMT >cleavage</ALIMT> interrupted
RV2_PredatorCleavageAssimilateInterrupted.stages.0.description,"I tried to add {1} to my tits, but they got away. Now who'll stuff my bra?",description,ThoughtDefs\Thoughts_Memory_Vore.xml,def,"I tried to add <ALIMT >(PH_1)</ALIMT> to my tits, but they got away. Now who'll stuff my <ALIMT >bra</ALIMT>?"
RV2_PreyCleavageAssimilateInterrupted.stages.0.label,Escaped assimilation into cleavage,label,ThoughtDefs\Thoughts_Memory_Vore.xml,def,Escaped assimilation into <ALIMT >cleavage</ALIMT>
RV2_PreyCleavageAssimilateInterrupted.stages.0.description,{1} tried to stuff me between their tits! Forever!,description,ThoughtDefs\Thoughts_Memory_Vore.xml,def,<ALIMT >(PH_1)</ALIMT> tried to stuff me between their tits! <ALIMT >forever</ALIMT>!
RV2_PredatorCleavageDigestSuccess.stages.0.label,Sternally digested {0},label,ThoughtDefs\Thoughts_Memory_Vore.xml,def,Sternally digested <ALIMT >(PH_1)</ALIMT>
RV2_PredatorCleavageDigestSuccess.stages.0.description,I stuffed {1} through my chesthole and gurgled 'em. Bet you thought my cleavage was safe!,description,ThoughtDefs\Thoughts_Memory_Vore.xml,def,I stuffed <ALIMT >(PH_1)</ALIMT> through my chesthole and gurgled 'em. Bet you thought my <ALIMT >cleavage</ALIMT> was safe!
RV2_PredatorCleavageDigestInterrupted.stages.0.label,Sternal digestion of {0} interrupted,label,ThoughtDefs\Thoughts_Memory_Vore.xml,def,Sternal digestion of <ALIMT >(PH_1)</ALIMT> interrupted
RV2_PredatorCleavageDigestInterrupted.stages.0.description,"I tried to gurgle {1}, but they got away. *Now* what am I supposed to eat?",description,ThoughtDefs\Thoughts_Memory_Vore.xml,def,"I tried to gurgle <ALIMT >(PH_1)</ALIMT>, but they got away. *Now* what am I supposed to eat?"
RV2_PreyCleavageDigestInterrupted.stages.0.label,Escaped sternal digestion,label,ThoughtDefs\Thoughts_Memory_Vore.xml,def,Escaped sternal digestion
RV2_PreyCleavageDigestInterrupted.stages.0.description,{1} tried to digest me! With their cleavage somehow...,description,ThoughtDefs\Thoughts_Memory_Vore.xml,def,<ALIMT >(PH_1)</ALIMT> tried to digest me! With their <ALIMT >cleavage</ALIMT> somehow...
RV2_PredatorCleavagePleasureSuccess.stages.0.label,Jostled {0} in cleavage for fun,label,ThoughtDefs\Thoughts_Memory_Vore.xml,def,Jostled <ALIMT >(PH_1)</ALIMT> in <ALIMT >cleavage</ALIMT> for fun
RV2_PredatorCleavagePleasureSuccess.stages.0.description,I stuffed {1} between my knockers for some bouncing-around.,description,ThoughtDefs\Thoughts_Memory_Vore.xml,def,I stuffed <ALIMT >(PH_1)</ALIMT> between my knockers for some bouncing-around.
RV2_PredatorCleavagePleasureInterrupted.stages.0.label,Jostling of {0} in cleavage interrupted,label,ThoughtDefs\Thoughts_Memory_Vore.xml,def,Jostling of <ALIMT >(PH_1)</ALIMT> in <ALIMT >cleavage</ALIMT> interrupted
RV2_PredatorCleavagePleasureInterrupted.stages.0.description,"I tried to stuff {1} down my cleavage, but we were interrupted. Can't I get just a moment to unwind?",description,ThoughtDefs\Thoughts_Memory_Vore.xml,def,"I tried to stuff <ALIMT >(PH_1)</ALIMT> down my <ALIMT >cleavage</ALIMT>, but we were interrupted. Can't I get just a <ALIMT >moment</ALIMT> to unwind?"
RV2_PreyCleavagePleasureSuccess.stages.0.label,Jostled by {0} in cleavage for fun,label,ThoughtDefs\Thoughts_Memory_Vore.xml,def,Jostled by <ALIMT >(PH_1)</ALIMT> in <ALIMT >cleavage</ALIMT> for fun
RV2_PreyCleavagePleasureSuccess.stages.0.description,"{1} shunted me down their cleavage! So warm, so soft...~",description,ThoughtDefs\Thoughts_Memory_Vore.xml,def,"<ALIMT >(PH_1)</ALIMT> shunted me down their <ALIMT >cleavage</ALIMT>! So warm, so soft...~"
RV2_PreyCleavagePleasureInterrupted.stages.0.label,Jostling in cleavage by {0} interrupted,label,ThoughtDefs\Thoughts_Memory_Vore.xml,def,Jostling in <ALIMT >cleavage</ALIMT> by <ALIMT >(PH_1)</ALIMT> interrupted
RV2_PreyCleavagePleasureInterrupted.stages.0.description,"{1} tried to stick me in their bust, but we were interrupted. How disappointing...",description,ThoughtDefs\Thoughts_Memory_Vore.xml,def,"<ALIMT >(PH_1)</ALIMT> tried to stick me in their bust, but we were interrupted. How disappointing..."
RV2_PredatorCleavageStoreEnd.stages.0.label,Released {0} from boob-storage,label,ThoughtDefs\Thoughts_Memory_Vore.xml,def,Released <ALIMT >(PH_1)</ALIMT> from boob-storage
RV2_PredatorCleavageStoreEnd.stages.0.description,"Oh, my back is ever so grateful!",description,ThoughtDefs\Thoughts_Memory_Vore.xml,def,"Oh, my back is ever so grateful!"
RV2_PreyCleavageStoreEnd.stages.0.label,Released from boob-storage inside {0},label,ThoughtDefs\Thoughts_Memory_Vore.xml,def,Released from boob-storage inside <ALIMT >(PH_1)</ALIMT>
RV2_PreyCleavageStoreEnd.stages.0.description,It's nice to have room to stretch again.,description,ThoughtDefs\Thoughts_Memory_Vore.xml,def,It's nice to have room to stretch again.
RV2_PredatorMembraneDigestSuccess.stages.0.label,Engulfed and digested {0},label,ThoughtDefs\Thoughts_Memory_Vore.xml,def,Engulfed and digested <ALIMT >(PH_1)</ALIMT>
RV2_PredatorMembraneDigestSuccess.stages.0.description,I engulfed and gurgled {1}. Filling!,description,ThoughtDefs\Thoughts_Memory_Vore.xml,def,I engulfed and gurgled <ALIMT >(PH_1)</ALIMT>. Filling!
RV2_PredatorMembraneDigestInterrupted.stages.0.label,Engulfing and digestion of {0} interrupted,label,ThoughtDefs\Thoughts_Memory_Vore.xml,def,Engulfing and digestion of <ALIMT >(PH_1)</ALIMT> interrupted
RV2_PredatorMembraneDigestInterrupted.stages.0.description,"I tried to engulf and gurgle {1}, but they got away. I feel so empty...",description,ThoughtDefs\Thoughts_Memory_Vore.xml,def,"I tried to engulf and gurgle <ALIMT >(PH_1)</ALIMT>, but they got away. I feel so empty..."
RV2_PreyMembraneDigestInterrupted.stages.0.label,Escaped engulfment and digestion by {0},label,ThoughtDefs\Thoughts_Memory_Vore.xml,def,Escaped engulfment and digestion by <ALIMT >(PH_1)</ALIMT>
RV2_PreyMembraneDigestInterrupted.stages.0.description,{1} tried to engulf me! And digest me! What a violation!,description,ThoughtDefs\Thoughts_Memory_Vore.xml,def,<ALIMT >(PH_1)</ALIMT> tried to engulf me! And digest me! What a violation!
RV2_PredatorMembranePleasureSuccess.stages.0.label,Engulfment-massaged {0},label,ThoughtDefs\Thoughts_Memory_Vore.xml,def,Engulfment-massaged <ALIMT >(PH_1)</ALIMT>
RV2_PredatorMembranePleasureSuccess.stages.0.description,"I engulfed {1} for some deep, *full*-body massaging...~",description,ThoughtDefs\Thoughts_Memory_Vore.xml,def,"I engulfed <ALIMT >(PH_1)</ALIMT> for some deep, *full*-body massaging...~"
RV2_PredatorMembranePleasureInterrupted.stages.0.label,Engulfment-massage of {0} interrupted,label,ThoughtDefs\Thoughts_Memory_Vore.xml,def,Engulfment-<ALIMT >massage</ALIMT> of <ALIMT >(PH_1)</ALIMT> interrupted
RV2_PredatorMembranePleasureInterrupted.stages.0.description,"I tried to engulf {1} for some intimate explorations, but we were interrupted. Can't I get just a moment to unwind?",description,ThoughtDefs\Thoughts_Memory_Vore.xml,def,"I tried to engulf <ALIMT >(PH_1)</ALIMT> for some <ALIMT >intimate</ALIMT> explorations, but we were interrupted. Can't I get just a <ALIMT >moment</ALIMT> to unwind?"
RV2_PreyMembranePleasureSuccess.stages.0.label,Engulf-massaged by {0},label,ThoughtDefs\Thoughts_Memory_Vore.xml,def,Engulf-massaged by <ALIMT >(PH_1)</ALIMT>
RV2_PreyMembranePleasureSuccess.stages.0.description,{1} engulfed me for a full-body massage *and then some*!~,description,ThoughtDefs\Thoughts_Memory_Vore.xml,def,<ALIMT >(PH_1)</ALIMT> engulfed me for a full-body <ALIMT >massage</ALIMT> *and then some*!~
RV2_PreyMembranePleasureInterrupted.stages.0.label,Engulfment-massaged by {0} interrupted,label,ThoughtDefs\Thoughts_Memory_Vore.xml,def,Engulfment-massaged by <ALIMT >(PH_1)</ALIMT> interrupted
RV2_PreyMembranePleasureInterrupted.stages.0.description,"{1} tried to engulf me for some intimate explorations, but we were interrupted. How disappointing...",description,ThoughtDefs\Thoughts_Memory_Vore.xml,def,"<ALIMT >(PH_1)</ALIMT> tried to engulf me for some <ALIMT >intimate</ALIMT> explorations, but we were interrupted. How disappointing..."
RV2_PredatorMembraneStoreEnd.stages.0.label,Released {0} from internal storage,label,ThoughtDefs\Thoughts_Memory_Vore.xml,def,Released <ALIMT >(PH_1)</ALIMT> from internal storage
RV2_PredatorMembraneStoreEnd.stages.0.description,I feel so much lighter!,description,ThoughtDefs\Thoughts_Memory_Vore.xml,def,I feel so much lighter!
RV2_PreyMembraneStoreEnd.stages.0.label,Released from internal storage within {0},label,ThoughtDefs\Thoughts_Memory_Vore.xml,def,Released from internal storage within <ALIMT >(PH_1)</ALIMT>
RV2_PreyMembraneStoreEnd.stages.0.description,It's nice to have room to stretch again.,description,ThoughtDefs\Thoughts_Memory_Vore.xml,def,It's nice to have room to stretch again.
RV2_PredatorNavelAssimilateSuccess.stages.0.label,Assimilated {0} into navel,label,ThoughtDefs\Thoughts_Memory_Vore.xml,def,Assimilated <ALIMT >(PH_1)</ALIMT> into navel
RV2_PredatorNavelAssimilateSuccess.stages.0.description,I assimilated {1} into my navel.,description,ThoughtDefs\Thoughts_Memory_Vore.xml,def,I assimilated <ALIMT >(PH_1)</ALIMT> into my navel.
RV2_PredatorNavelAssimilateInterrupted.stages.0.label,Assimilation of {0} into navel interrupted,label,ThoughtDefs\Thoughts_Memory_Vore.xml,def,Assimilation of <ALIMT >(PH_1)</ALIMT> into navel interrupted
RV2_PredatorNavelAssimilateInterrupted.stages.0.description,"I tried to assimilate {1} into my navel, but they got away. Oh, well.",description,ThoughtDefs\Thoughts_Memory_Vore.xml,def,"I tried to assimilate <ALIMT >(PH_1)</ALIMT> into my navel, but they got away. Oh, well."
RV2_PreyNavelAssimilateInterrupted.stages.0.label,Escaped assimilation into navel by {0},label,ThoughtDefs\Thoughts_Memory_Vore.xml,def,Escaped assimilation into navel by <ALIMT >(PH_1)</ALIMT>
RV2_PreyNavelAssimilateInterrupted.stages.0.description,{1} tried to tie me into their navel! I'd rather not!,description,ThoughtDefs\Thoughts_Memory_Vore.xml,def,<ALIMT >(PH_1)</ALIMT> tried to tie me into their navel! I'd rather not!
RV2_PredatorNavelAmalgamateEnd.stages.0.label,Reshaped {0} from belly-fat,label,ThoughtDefs\Thoughts_Memory_Vore.xml,def,Reshaped <ALIMT >(PH_1)</ALIMT> from belly-fat
RV2_PredatorNavelAmalgamateEnd.stages.0.description,"My belly isn't as big, but it's a little easier to wear a shirt.",description,ThoughtDefs\Thoughts_Memory_Vore.xml,def,"My belly isn't as big, but it's a little easier to wear a shirt."
RV2_PreyNavelAmalgamateEnd.stages.0.label,Reshaped from {0}'s belly-fat,label,ThoughtDefs\Thoughts_Memory_Vore.xml,def,Reshaped from <ALIMT >(PH_1)</ALIMT>'s belly-fat
RV2_PreyNavelAmalgamateEnd.stages.0.description,It's nice to have room to stretch.,description,ThoughtDefs\Thoughts_Memory_Vore.xml,def,It's nice to have room to stretch.
RV2_PredatorNavelDigestSuccess.stages.0.label,Umbillically digested {0},label,ThoughtDefs\Thoughts_Memory_Vore.xml,def,Umbillically digested <ALIMT >(PH_1)</ALIMT>
RV2_PredatorNavelDigestSuccess.stages.0.description,I stuffed {1} through my navel and gurgled them. A satisfying meal!,description,ThoughtDefs\Thoughts_Memory_Vore.xml,def,I stuffed <ALIMT >(PH_1)</ALIMT> through my navel and gurgled them. A satisfying meal!
RV2_PredatorNavelDigestInterrupted.stages.0.label,Umbillical digestion of {0} interrupted,label,ThoughtDefs\Thoughts_Memory_Vore.xml,def,Umbillical digestion of <ALIMT >(PH_1)</ALIMT> interrupted
RV2_PredatorNavelDigestInterrupted.stages.0.description,"I tried to gurgle {1} behind my navel, but they got away. *Now* what am I supposed to eat?",description,ThoughtDefs\Thoughts_Memory_Vore.xml,def,"I tried to gurgle <ALIMT >(PH_1)</ALIMT> behind my navel, but they got away. *Now* what am I supposed to eat?"
RV2_PreyNavelDigestInterrupted.stages.0.label,Escaped umbillical digestion,label,ThoughtDefs\Thoughts_Memory_Vore.xml,def,Escaped umbillical digestion
RV2_PreyNavelDigestInterrupted.stages.0.description,{1} tried to eat me with their navel! I'm not food!,description,ThoughtDefs\Thoughts_Memory_Vore.xml,def,<ALIMT >(PH_1)</ALIMT> tried to eat me with their navel! I'm not food!
RV2_PredatorNavelPleasureSuccess.stages.0.label,Pleasured {0} in navel for fun,label,ThoughtDefs\Thoughts_Memory_Vore.xml,def,Pleasured <ALIMT >(PH_1)</ALIMT> in navel for fun
RV2_PredatorNavelPleasureSuccess.stages.0.description,I stuffed {1} into my navel for some tight wriggling.,description,ThoughtDefs\Thoughts_Memory_Vore.xml,def,I stuffed <ALIMT >(PH_1)</ALIMT> into my navel for some tight wriggling.
RV2_PredatorNavelPleasureInterrupted.stages.0.label,Pleasuring of {0} in navel interrupted,label,ThoughtDefs\Thoughts_Memory_Vore.xml,def,Pleasuring of <ALIMT >(PH_1)</ALIMT> in navel interrupted
RV2_PredatorNavelPleasureInterrupted.stages.0.description,"I tried to stuff {1} into my navel, but we were interrupted. Can't I get just a moment to unwind?",description,ThoughtDefs\Thoughts_Memory_Vore.xml,def,"I tried to stuff <ALIMT >(PH_1)</ALIMT> into my navel, but we were interrupted. Can't I get just a <ALIMT >moment</ALIMT> to unwind?"
RV2_PreyNavelPleasureSuccess.stages.0.label,Pleasured by {0} in navel for fun,label,ThoughtDefs\Thoughts_Memory_Vore.xml,def,Pleasured by <ALIMT >(PH_1)</ALIMT> in navel for fun
RV2_PreyNavelPleasureSuccess.stages.0.description,"{1} shunted me into their navel! So warm, so soft...~",description,ThoughtDefs\Thoughts_Memory_Vore.xml,def,"<ALIMT >(PH_1)</ALIMT> shunted me into their navel! So warm, so soft...~"
RV2_PreyNavelPleasureInterrupted.stages.0.label,Pleasuring in navel by {0} interrupted,label,ThoughtDefs\Thoughts_Memory_Vore.xml,def,Pleasuring in navel by <ALIMT >(PH_1)</ALIMT> interrupted
RV2_PreyNavelPleasureInterrupted.stages.0.description,"{1} tried to stick me in their navel, but we were interrupted. How disappointing...",description,ThoughtDefs\Thoughts_Memory_Vore.xml,def,"<ALIMT >(PH_1)</ALIMT> tried to stick me in their navel, but we were interrupted. How disappointing..."
RV2_PredatorNavelStoreEnd.stages.0.label,Released {0} from navel-storage,label,ThoughtDefs\Thoughts_Memory_Vore.xml,def,Released <ALIMT >(PH_1)</ALIMT> from navel-storage
RV2_PredatorNavelStoreEnd.stages.0.description,I feel so much lighter!,description,ThoughtDefs\Thoughts_Memory_Vore.xml,def,I feel so much lighter!
RV2_PreyNavelStoreEnd.stages.0.label,Released from {0}'s navel-storage,label,ThoughtDefs\Thoughts_Memory_Vore.xml,def,Released from <ALIMT >(PH_1)</ALIMT>'s navel-storage
RV2_PreyNavelStoreEnd.stages.0.description,It's nice to have room to stretch again.,description,ThoughtDefs\Thoughts_Memory_Vore.xml,def,It's nice to have room to stretch again.
RV2_PredatorTailmawDigestSuccess.stages.0.label,Caudally digested {0},label,ThoughtDefs\Thoughts_Memory_Vore.xml,def,Caudally digested <ALIMT >(PH_1)</ALIMT>
RV2_PredatorTailmawDigestSuccess.stages.0.description,I devoured {1} with the maw of my tail. Filling!,description,ThoughtDefs\Thoughts_Memory_Vore.xml,def,I devoured <ALIMT >(PH_1)</ALIMT> with the maw of my <ALIMT >tail</ALIMT>. Filling!
RV2_PredatorTailmawDigestInterrupted.stages.0.label,Caudal digestion of {0} interrupted,label,ThoughtDefs\Thoughts_Memory_Vore.xml,def,Caudal digestion of <ALIMT >(PH_1)</ALIMT> interrupted
RV2_PredatorTailmawDigestInterrupted.stages.0.description,"I tried to eat {1} with my tail, but they got away. *Now* what am I supposed to eat?",description,ThoughtDefs\Thoughts_Memory_Vore.xml,def,"I tried to eat <ALIMT >(PH_1)</ALIMT> with my <ALIMT >tail</ALIMT>, but they got away. *Now* what am I supposed to eat?"
RV2_PreyTailmawDigestInterrupted.stages.0.label,Escaped caudal digestion,label,ThoughtDefs\Thoughts_Memory_Vore.xml,def,Escaped caudal digestion
RV2_PreyTailmawDigestInterrupted.stages.0.description,{1} tried to eat me with their tail! I'm not tail-food!,description,ThoughtDefs\Thoughts_Memory_Vore.xml,def,<ALIMT >(PH_1)</ALIMT> tried to eat me with their <ALIMT >tail</ALIMT>! I'm not <ALIMT >tail</ALIMT>-food!
RV2_PredatorTailmawPleasureSuccess.stages.0.label,Tail-gulped {0},label,ThoughtDefs\Thoughts_Memory_Vore.xml,def,<ALIMT >tail</ALIMT>-gulped <ALIMT >(PH_1)</ALIMT>
RV2_PredatorTailmawPleasureSuccess.stages.0.description,I slurped {1} into my tail and ground on them for a while!,description,ThoughtDefs\Thoughts_Memory_Vore.xml,def,I slurped <ALIMT >(PH_1)</ALIMT> into my <ALIMT >tail</ALIMT> and ground on them for a while!
RV2_PredatorTailmawPleasureInterrupted.stages.0.label,Tail-gulping of {0} interrupted,label,ThoughtDefs\Thoughts_Memory_Vore.xml,def,<ALIMT >tail</ALIMT>-gulping of <ALIMT >(PH_1)</ALIMT> interrupted
RV2_PredatorTailmawPleasureInterrupted.stages.0.description,"I tried to swallow {1} with my tail, but we were interrupted. How disappointing.",description,ThoughtDefs\Thoughts_Memory_Vore.xml,def,"I tried to swallow <ALIMT >(PH_1)</ALIMT> with my <ALIMT >tail</ALIMT>, but we were interrupted. How disappointing."
RV2_PreyTailmawPleasureSuccess.stages.0.label,Tail-gulped by {0},label,ThoughtDefs\Thoughts_Memory_Vore.xml,def,<ALIMT >tail</ALIMT>-gulped by <ALIMT >(PH_1)</ALIMT>
RV2_PreyTailmawPleasureSuccess.stages.0.description,{1}'s tail stole me into their tail for a while. I was so snug and vulnerable...~,description,ThoughtDefs\Thoughts_Memory_Vore.xml,def,<ALIMT >(PH_1)</ALIMT>'s <ALIMT >tail</ALIMT> stole me into their <ALIMT >tail</ALIMT> for a while. I was so snug and vulnerable...~
RV2_PreyTailmawPleasureInterrupted.stages.0.label,Tail-gulping by {0} interrupted,label,ThoughtDefs\Thoughts_Memory_Vore.xml,def,<ALIMT >tail</ALIMT>-gulping by <ALIMT >(PH_1)</ALIMT> interrupted
RV2_PreyTailmawPleasureInterrupted.stages.0.description,"{1} tried to slurp me up with their tail-maw, but we were interrupted. How disappointing.",description,ThoughtDefs\Thoughts_Memory_Vore.xml,def,"<ALIMT >(PH_1)</ALIMT> tried to slurp me up with their <ALIMT >tail</ALIMT>-maw, but we were interrupted. How disappointing."
RV2_PredatorTailmawStoreEnd.stages.0.label,Released {0} from tail-throat storage,label,ThoughtDefs\Thoughts_Memory_Vore.xml,def,Released <ALIMT >(PH_1)</ALIMT> from <ALIMT >tail</ALIMT>-throat storage
RV2_PredatorTailmawStoreEnd.stages.0.description,My tail feels so much lighter!,description,ThoughtDefs\Thoughts_Memory_Vore.xml,def,My <ALIMT >tail</ALIMT> feels so much lighter!
RV2_PreyTailmawStoreEnd.stages.0.label,Released from {0}'s tail-throat storage,label,ThoughtDefs\Thoughts_Memory_Vore.xml,def,Released from <ALIMT >(PH_1)</ALIMT>'s <ALIMT >tail</ALIMT>-throat storage
RV2_PreyTailmawStoreEnd.stages.0.description,It's nice to have room to stretch again.,description,ThoughtDefs\Thoughts_Memory_Vore.xml,def,It's nice to have room to stretch again.
RV2_PredatorUdderAmalgamateEnd.stages.0.label,Reshaped {0} from teat-fat,label,ThoughtDefs\Thoughts_Memory_Vore.xml,def,Reshaped <ALIMT >(PH_1)</ALIMT> from teat-fat
RV2_PredatorUdderAmalgamateEnd.stages.0.description,"My teat's not as puffy, but it's a little easier to walk around.",description,ThoughtDefs\Thoughts_Memory_Vore.xml,def,"My teat's not as puffy, but it's a little easier to walk around."
RV2_PreyUdderAmalgamateEnd.stages.0.label,Reshaped from {0}'s teat-fat,label,ThoughtDefs\Thoughts_Memory_Vore.xml,def,Reshaped from <ALIMT >(PH_1)</ALIMT>'s teat-fat
RV2_PreyUdderAmalgamateEnd.stages.0.description,All that tweaking and chafing...,description,ThoughtDefs\Thoughts_Memory_Vore.xml,def,All that tweaking and chafing...
RV2_PredatorUdderAssimilateSuccess.stages.0.label,Assimilated {0} into teat,label,ThoughtDefs\Thoughts_Memory_Vore.xml,def,Assimilated <ALIMT >(PH_1)</ALIMT> into teat
RV2_PredatorUdderAssimilateSuccess.stages.0.description,I puffed my teat up with {1}. So sensitive...!~,description,ThoughtDefs\Thoughts_Memory_Vore.xml,def,I puffed my teat up with <ALIMT >(PH_1)</ALIMT>. So sensitive...!~
RV2_PredatorUdderAssimilateInterrupted.stages.0.label,Assimilation of {0} into teat interrupted,label,ThoughtDefs\Thoughts_Memory_Vore.xml,def,Assimilation of <ALIMT >(PH_1)</ALIMT> into teat interrupted
RV2_PredatorUdderAssimilateInterrupted.stages.0.description,"I tried to puff my teat up with {1}, but they got away. Do you hate milk or something?",description,ThoughtDefs\Thoughts_Memory_Vore.xml,def,"I tried to puff my teat up with <ALIMT >(PH_1)</ALIMT>, but they got away. Do you hate milk or something?"
RV2_PreyUdderAssimilateInterrupted.stages.0.label,Escaped assimilation into teat by {0},label,ThoughtDefs\Thoughts_Memory_Vore.xml,def,Escaped assimilation into teat by <ALIMT >(PH_1)</ALIMT>
RV2_PreyUdderAssimilateInterrupted.stages.0.description,{1} tried to turn me into a teat on their udder! That's not how I want to be sucked!,description,ThoughtDefs\Thoughts_Memory_Vore.xml,def,<ALIMT >(PH_1)</ALIMT> tried to turn me into a teat on their udder! That's not how I want to be sucked!
RV2_PredatorUdderConvertChemfuelSuccess.stages.0.label,Mammilly olified {0},label,ThoughtDefs\Thoughts_Memory_Vore.xml,def,Mammilly olified <ALIMT >(PH_1)</ALIMT>
RV2_PredatorUdderConvertChemfuelSuccess.stages.0.description,I unsuckled {1} and melted them into chemfuel. If only they made funnels that milked you...,description,ThoughtDefs\Thoughts_Memory_Vore.xml,def,I unsuckled <ALIMT >(PH_1)</ALIMT> and melted them into chemfuel. If only they made funnels that milked you...
RV2_PredatorUdderConvertChemfuelInterrupted.stages.0.label,Mammary olifaction of {0} interrupted,label,ThoughtDefs\Thoughts_Memory_Vore.xml,def,Mammary olifaction of <ALIMT >(PH_1)</ALIMT> interrupted
RV2_PredatorUdderConvertChemfuelInterrupted.stages.0.description,"I tried to churn {1} down into chemfuel, but they got away. My taps are so dry...",description,ThoughtDefs\Thoughts_Memory_Vore.xml,def,"I tried to churn <ALIMT >(PH_1)</ALIMT> down into chemfuel, but they got away. My taps are so dry..."
RV2_PreyUdderConvertChemfuelInterrupted.stages.0.label,Escaped mammary olifaction by {0},label,ThoughtDefs\Thoughts_Memory_Vore.xml,def,Escaped mammary olifaction by <ALIMT >(PH_1)</ALIMT>
RV2_PreyUdderConvertChemfuelInterrupted.stages.0.description,{1} tried to churn me into chemfuel! I don't want to be burned!,description,ThoughtDefs\Thoughts_Memory_Vore.xml,def,<ALIMT >(PH_1)</ALIMT> tried to churn me into chemfuel! I don't want to be burned!
RV2_PredatorUdderConvertMilkSuccess.stages.0.label,Mammily lactified {0},label,ThoughtDefs\Thoughts_Memory_Vore.xml,def,Mammily lactified <ALIMT >(PH_1)</ALIMT>
RV2_PredatorUdderConvertMilkSuccess.stages.0.description,I unsuckled {1} and melted them into milk. They made a delicious batch!,description,ThoughtDefs\Thoughts_Memory_Vore.xml,def,I unsuckled <ALIMT >(PH_1)</ALIMT> and melted them into milk. They made a delicious batch!
RV2_PredatorUdderConvertMilkInterrupted.stages.0.label,Mammary lactifaction of {0} interrupted,label,ThoughtDefs\Thoughts_Memory_Vore.xml,def,Mammary lactifaction of <ALIMT >(PH_1)</ALIMT> interrupted
RV2_PredatorUdderConvertMilkInterrupted.stages.0.description,"I tried to churn {1} down into milk, but they got away. My taps are so dry...",description,ThoughtDefs\Thoughts_Memory_Vore.xml,def,"I tried to churn <ALIMT >(PH_1)</ALIMT> down into milk, but they got away. My taps are so dry..."
RV2_PreyUdderConvertMilkInterrupted.stages.0.label,Escaped mammary lactifaction by {0},label,ThoughtDefs\Thoughts_Memory_Vore.xml,def,Escaped mammary lactifaction by <ALIMT >(PH_1)</ALIMT>
RV2_PreyUdderConvertMilkInterrupted.stages.0.description,{1} tried to churn me into milk! I'm not an enriching source of calcium!,description,ThoughtDefs\Thoughts_Memory_Vore.xml,def,<ALIMT >(PH_1)</ALIMT> tried to churn me into milk! I'm not an enriching source of calcium!
RV2_PredatorUdderPleasureSuccess.stages.0.label,Unsuckled {0} as a sex-toy,label,ThoughtDefs\Thoughts_Memory_Vore.xml,def,Unsuckled <ALIMT >(PH_1)</ALIMT> as a <ALIMT >sex</ALIMT>-<ALIMT >toy</ALIMT>
RV2_PredatorUdderPleasureSuccess.stages.0.description,{1} massaged my tit from the inside-out! They should bring a friend or two next time...~,description,ThoughtDefs\Thoughts_Memory_Vore.xml,def,<ALIMT >(PH_1)</ALIMT> massaged my tit from the inside-out! They should bring a friend or two next time...~
RV2_PredatorUdderPleasureInterrupted.stages.0.label,Unsuckling of {0} as a sex-toy interrupted,label,ThoughtDefs\Thoughts_Memory_Vore.xml,def,Unsuckling of <ALIMT >(PH_1)</ALIMT> as a <ALIMT >sex</ALIMT>-<ALIMT >toy</ALIMT> interrupted
RV2_PredatorUdderPleasureInterrupted.stages.0.description,"I tried to give {1} a milk-bath, but we were interrupted. Can't I get just a moment to unwind?",description,ThoughtDefs\Thoughts_Memory_Vore.xml,def,"I tried to give <ALIMT >(PH_1)</ALIMT> a milk-bath, but we were interrupted. Can't I get just a <ALIMT >moment</ALIMT> to unwind?"
RV2_PreyUdderPleasureSuccess.stages.0.label,Unsuckled by {0} as a sex-toy,label,ThoughtDefs\Thoughts_Memory_Vore.xml,def,Unsuckled by <ALIMT >(PH_1)</ALIMT> as a <ALIMT >sex</ALIMT>-<ALIMT >toy</ALIMT>
RV2_PreyUdderPleasureSuccess.stages.0.description,"{1} gave me a long, warm bath in their milk, right where it gets made! I feel revitalized!",description,ThoughtDefs\Thoughts_Memory_Vore.xml,def,"<ALIMT >(PH_1)</ALIMT> gave me a long, warm bath in their milk, right where it gets made! I feel revitalized!"
RV2_PreyUdderPleasureInterrupted.stages.0.label,Unsuckling by {0} as a sex-toy interrupted,label,ThoughtDefs\Thoughts_Memory_Vore.xml,def,Unsuckling by <ALIMT >(PH_1)</ALIMT> as a <ALIMT >sex</ALIMT>-<ALIMT >toy</ALIMT> interrupted
RV2_PreyUdderPleasureInterrupted.stages.0.description,"{1} tried to draw me a milk-bath, but we were interrupted. I was hoping to relieve some tension in the spa...",description,ThoughtDefs\Thoughts_Memory_Vore.xml,def,"<ALIMT >(PH_1)</ALIMT> tried to draw me a milk-bath, but we were interrupted. I was hoping to relieve some tension in the spa..."
RV2_PredatorUdderStoreEnd.stages.0.label,Released {0} from breast-storage,label,ThoughtDefs\Thoughts_Memory_Vore.xml,def,Released <ALIMT >(PH_1)</ALIMT> from <ALIMT >breast</ALIMT>-storage
RV2_PredatorUdderStoreEnd.stages.0.description,"Oh, my back is ever so grateful!",description,ThoughtDefs\Thoughts_Memory_Vore.xml,def,"Oh, my back is ever so grateful!"
RV2_PreyUdderStoreEnd.stages.0.label,Released from {0}'s breast-storage,label,ThoughtDefs\Thoughts_Memory_Vore.xml,def,Released from <ALIMT >(PH_1)</ALIMT>'s <ALIMT >breast</ALIMT>-storage
RV2_PreyUdderStoreEnd.stages.0.description,It's nice to have room to stretch again.,description,ThoughtDefs\Thoughts_Memory_Vore.xml,def,It's nice to have room to stretch again.
RV2_GoalPreferenceMatch_Assimilate_Prey.stages.0.label,pawn with meld-wish likes driven assimilator,label,ThoughtDefs\Thoughts_Situation_Social_Vore_Quirks.xml,def,<ALIMT >(PH_1)</ALIMT> with meld-wish likes driven assimilator
RV2_GoalPreferenceMatch_Assimilate_Predator.stages.0.label,driven assimilator likes pawn with meld-wish,label,ThoughtDefs\Thoughts_Situation_Social_Vore_Quirks.xml,def,driven assimilator likes <ALIMT >(PH_1)</ALIMT> with meld-wish
RV2_GoalPreferenceMatch_Amalgamate_Prey.stages.0.label,pawn with pad-wish likes melangist hoarder,label,ThoughtDefs\Thoughts_Situation_Social_Vore_Quirks.xml,def,<ALIMT >(PH_1)</ALIMT> with pad-wish likes melangist hoarder
RV2_GoalPreferenceMatch_Amalgamate_Predator.stages.0.label,melangist hoarder prey likes pawn with pad-wish,label,ThoughtDefs\Thoughts_Situation_Social_Vore_Quirks.xml,def,melangist hoarder prey likes <ALIMT >(PH_1)</ALIMT> with pad-wish
RV2_TypePreferenceMatch_Cleavage_Prey.stages.0.label,fissurist prey likes fissurist pred,label,ThoughtDefs\Thoughts_Situation_Social_Vore_Quirks.xml,def,fissurist prey likes fissurist pred
RV2_TypePreferenceMatch_Cleavage_Predator.stages.0.label,fissurist pred likes fissurist prey,label,ThoughtDefs\Thoughts_Situation_Social_Vore_Quirks.xml,def,fissurist pred likes fissurist prey
RV2_TypePreferenceMatch_Membrane_Prey.stages.0.label,dermacist prey likes dermacist pred,label,ThoughtDefs\Thoughts_Situation_Social_Vore_Quirks.xml,def,dermacist prey likes dermacist pred
RV2_TypePreferenceMatch_Membrane_Predator.stages.0.label,dermacist pred likes dermacist prey,label,ThoughtDefs\Thoughts_Situation_Social_Vore_Quirks.xml,def,dermacist pred likes dermacist prey
RV2_TypePreferenceMatch_Navel_Prey.stages.0.label,umbilicist prey likes umbilicist pred,label,ThoughtDefs\Thoughts_Situation_Social_Vore_Quirks.xml,def,umbilicist prey likes umbilicist pred
RV2_TypePreferenceMatch_Navel_Predator.stages.0.label,umbilicist pred likes umbilicist prey,label,ThoughtDefs\Thoughts_Situation_Social_Vore_Quirks.xml,def,umbilicist pred likes umbilicist prey
RV2_TypePreferenceMatch_Tailmaw_Prey.stages.0.label,caudalist prey likes caudalist pred,label,ThoughtDefs\Thoughts_Situation_Social_Vore_Quirks.xml,def,caudalist prey likes caudalist pred
RV2_TypePreferenceMatch_Tailmaw_Predator.stages.0.label,caudalist pred likes caudalist prey,label,ThoughtDefs\Thoughts_Situation_Social_Vore_Quirks.xml,def,caudalist pred likes caudalist prey
RV2_TypePreferenceMatch_Udder_Prey.stages.0.label,uberist prey likes uberist pred,label,ThoughtDefs\Thoughts_Situation_Social_Vore_Quirks.xml,def,uberist prey likes uberist pred
RV2_TypePreferenceMatch_Udder_Predator.stages.0.label,uberist pred likes uberist prey,label,ThoughtDefs\Thoughts_Situation_Social_Vore_Quirks.xml,def,uberist pred likes uberist prey
RV2_PreyInAnusAmalgamating.stages.0.label,One prey amalgamated into ass-fat,label,ThoughtDefs\Thoughts_Situation_Vore.xml,def,One prey amalgamated into <ALIMT >ass</ALIMT>-fat
RV2_PreyInAnusAmalgamating.stages.0.description,Every seat's just a slight bit softer now.,description,ThoughtDefs\Thoughts_Situation_Vore.xml,def,Every seat's just a slight bit softer now.
RV2_PreyInAnusAmalgamating.stages.1.label,Two prey amalgamated into ass-fat,label,ThoughtDefs\Thoughts_Situation_Vore.xml,def,Two prey amalgamated into <ALIMT >ass</ALIMT>-fat
RV2_PreyInAnusAmalgamating.stages.1.description,Padding for each cheek!,description,ThoughtDefs\Thoughts_Situation_Vore.xml,def,Padding for each cheek!
RV2_PreyInAnusAmalgamating.stages.2.label,Three prey amalgamated into ass-fat,label,ThoughtDefs\Thoughts_Situation_Vore.xml,def,Three prey amalgamated into <ALIMT >ass</ALIMT>-fat
RV2_PreyInAnusAmalgamating.stages.2.description,You're gonna make me so round and soft!,description,ThoughtDefs\Thoughts_Situation_Vore.xml,def,You're gonna make me so round and soft!
RV2_PreyInAnusAmalgamating.stages.3.label,Several prey amalgamated into ass-fat,label,ThoughtDefs\Thoughts_Situation_Vore.xml,def,Several prey amalgamated into <ALIMT >ass</ALIMT>-fat
RV2_PreyInAnusAmalgamating.stages.3.description,I can sit anywhere! I have the most comfortable ass in the world!,description,ThoughtDefs\Thoughts_Situation_Vore.xml,def,I can sit anywhere! I have the most comfortable <ALIMT >ass</ALIMT> in the world!
RV2_PreyInAnusAssimilating.stages.0.label,Assimilating prey into ass-fat,label,ThoughtDefs\Thoughts_Situation_Vore.xml,def,Assimilating prey into <ALIMT >ass</ALIMT>-fat
RV2_PreyInAnusAssimilating.stages.0.description,Enjoy padding my butt!,description,ThoughtDefs\Thoughts_Situation_Vore.xml,def,Enjoy padding my butt!
RV2_PreyInAnusAssimilating.stages.1.label,Assimilating two prey into ass-fat,label,ThoughtDefs\Thoughts_Situation_Vore.xml,def,Assimilating two prey into <ALIMT >ass</ALIMT>-fat
RV2_PreyInAnusAssimilating.stages.1.description,Padding for each cheek!,description,ThoughtDefs\Thoughts_Situation_Vore.xml,def,Padding for each cheek!
RV2_PreyInAnusAssimilating.stages.2.label,Assimilating three prey into ass-fat,label,ThoughtDefs\Thoughts_Situation_Vore.xml,def,Assimilating three prey into <ALIMT >ass</ALIMT>-fat
RV2_PreyInAnusAssimilating.stages.2.description,You're gonna make me so round and soft!,description,ThoughtDefs\Thoughts_Situation_Vore.xml,def,You're gonna make me so round and soft!
RV2_PreyInAnusAssimilating.stages.3.label,Assimilating several prey into ass-fat,label,ThoughtDefs\Thoughts_Situation_Vore.xml,def,Assimilating several prey into <ALIMT >ass</ALIMT>-fat
RV2_PreyInAnusAssimilating.stages.3.description,Yes! Worship my derriere--and join it!,description,ThoughtDefs\Thoughts_Situation_Vore.xml,def,Yes! Worship my derriere--and join it!
RV2_PreyInAnusContacting.stages.0.label,Pre-absorption anal pleasure,label,ThoughtDefs\Thoughts_Situation_Vore.xml,def,Pre-absorption <ALIMT >anal</ALIMT> pleasure
RV2_PreyInAnusContacting.stages.0.description,Who says I can't play with my cheek-padder before I absorb them?,description,ThoughtDefs\Thoughts_Situation_Vore.xml,def,Who says I can't play with my cheek-padder before I absorb them?
RV2_PreyInAnusContacting.stages.1.label,Pre-absorption anal pleasure,label,ThoughtDefs\Thoughts_Situation_Vore.xml,def,Pre-absorption <ALIMT >anal</ALIMT> pleasure
RV2_PreyInAnusContacting.stages.1.description,Everyone's competing for the attentions of my pucker...~,description,ThoughtDefs\Thoughts_Situation_Vore.xml,def,Everyone's competing for the attentions of my pucker...~
RV2_PreyInAnusLoosening.stages.0.label,Loosening up to absorb prey into ass,label,ThoughtDefs\Thoughts_Situation_Vore.xml,def,Loosening up to absorb prey into <ALIMT >ass</ALIMT>
RV2_PreyInAnusLoosening.stages.0.description,That's it... Deeper...~,description,ThoughtDefs\Thoughts_Situation_Vore.xml,def,That's it... Deeper...~
RV2_PreyInAnusLoosening.stages.1.label,Loosening up to absorb multiple prey into ass,label,ThoughtDefs\Thoughts_Situation_Vore.xml,def,Loosening up to absorb multiple prey into <ALIMT >ass</ALIMT>
RV2_PreyInAnusLoosening.stages.1.description,There's plenty of room for everyone...~,description,ThoughtDefs\Thoughts_Situation_Vore.xml,def,There's plenty of room for everyone...~
RV2_PreyInAnusPurging.stages.0.label,Purging remains from ass-fat,label,ThoughtDefs\Thoughts_Situation_Vore.xml,def,Purging remains from <ALIMT >ass</ALIMT>-fat
RV2_PreyInAnusPurging.stages.0.description,Gotta work the air out!,description,ThoughtDefs\Thoughts_Situation_Vore.xml,def,Gotta work the air out!
RV2_PreyInAnusPurging.stages.1.label,Purging multiple remains from ass-fat,label,ThoughtDefs\Thoughts_Situation_Vore.xml,def,Purging multiple remains from <ALIMT >ass</ALIMT>-fat
RV2_PreyInAnusPurging.stages.1.description,I'll be playing this trumpet for a while...,description,ThoughtDefs\Thoughts_Situation_Vore.xml,def,I'll be playing this trumpet for a while...
RV2_PreyInAnusReshaping.stages.0.label,Reshaping prey from ass-fat,label,ThoughtDefs\Thoughts_Situation_Vore.xml,def,Reshaping prey from <ALIMT >ass</ALIMT>-fat
RV2_PreyInAnusReshaping.stages.0.description,I'll miss this padding...,description,ThoughtDefs\Thoughts_Situation_Vore.xml,def,I'll miss this padding...
RV2_PreyInAnusReshaping.stages.1.label,Reshaping multiple prey from ass-fat,label,ThoughtDefs\Thoughts_Situation_Vore.xml,def,Reshaping multiple prey from <ALIMT >ass</ALIMT>-fat
RV2_PreyInAnusReshaping.stages.1.description,I don't wanna be flat again!,description,ThoughtDefs\Thoughts_Situation_Vore.xml,def,I don't wanna be flat again!
RV2_PreyInBladderPassing.stages.0.label,Passing prey through bladder,label,ThoughtDefs\Thoughts_Situation_Vore.xml,def,Passing prey through bladder
RV2_PreyInBladderPassing.stages.0.description,You're not stopping here!,description,ThoughtDefs\Thoughts_Situation_Vore.xml,def,You're not stopping here!
RV2_PreyInBladderPassing.stages.1.label,Passing two prey through bladder,label,ThoughtDefs\Thoughts_Situation_Vore.xml,def,Passing two prey through bladder
RV2_PreyInBladderPassing.stages.1.description,You're not stopping here!,description,ThoughtDefs\Thoughts_Situation_Vore.xml,def,You're not stopping here!
RV2_PreyInBladderPassing.stages.2.label,Passing three prey through bladder,label,ThoughtDefs\Thoughts_Situation_Vore.xml,def,Passing three prey through bladder
RV2_PreyInBladderPassing.stages.2.description,You're not stopping here!,description,ThoughtDefs\Thoughts_Situation_Vore.xml,def,You're not stopping here!
RV2_PreyInBladderPassing.stages.3.label,Passing several prey through bladder,label,ThoughtDefs\Thoughts_Situation_Vore.xml,def,Passing several prey through bladder
RV2_PreyInBladderPassing.stages.3.description,You're not stopping here!,description,ThoughtDefs\Thoughts_Situation_Vore.xml,def,You're not stopping here!
RV2_PreyInBladderPleasuring.stages.0.label,Pleasuring prey in bladder,label,ThoughtDefs\Thoughts_Situation_Vore.xml,def,Pleasuring prey in bladder
RV2_PreyInBladderPleasuring.stages.0.description,"Hey, that tickles!",description,ThoughtDefs\Thoughts_Situation_Vore.xml,def,"Hey, that tickles!"
RV2_PreyInBladderPleasuring.stages.1.label,Pleasuring two prey in bladder,label,ThoughtDefs\Thoughts_Situation_Vore.xml,def,Pleasuring two prey in bladder
RV2_PreyInBladderPleasuring.stages.1.description,It's like I'm full of butterflies!~,description,ThoughtDefs\Thoughts_Situation_Vore.xml,def,It's like I'm full of butterflies!~
RV2_PreyInBladderPleasuring.stages.2.label,Pleasuring three prey in bladder,label,ThoughtDefs\Thoughts_Situation_Vore.xml,def,Pleasuring three prey in bladder
RV2_PreyInBladderPleasuring.stages.2.description,Careful now! You don't want me letting you out early!,description,ThoughtDefs\Thoughts_Situation_Vore.xml,def,Careful now! You don't want me letting you out early!
RV2_PreyInBladderPleasuring.stages.3.label,Pleasuring several prey in bladder,label,ThoughtDefs\Thoughts_Situation_Vore.xml,def,Pleasuring several prey in bladder
RV2_PreyInBladderPleasuring.stages.3.description,I don't know how much longer I can keep them in there!,description,ThoughtDefs\Thoughts_Situation_Vore.xml,def,I don't know how much longer I can keep them in there!
RV2_PreyInBladderStoring.stages.0.label,One prey stored in bladder,label,ThoughtDefs\Thoughts_Situation_Vore.xml,def,One prey stored in bladder
RV2_PreyInBladderStoring.stages.0.description,Sit tight!,description,ThoughtDefs\Thoughts_Situation_Vore.xml,def,Sit tight!
RV2_PreyInBladderStoring.stages.1.label,Two prey stored in bladder,label,ThoughtDefs\Thoughts_Situation_Vore.xml,def,Two prey stored in bladder
RV2_PreyInBladderStoring.stages.1.description,Just gotta clench to keep them still.,description,ThoughtDefs\Thoughts_Situation_Vore.xml,def,Just gotta clench to keep them still.
RV2_PreyInBladderStoring.stages.2.label,Three prey stored in bladder,label,ThoughtDefs\Thoughts_Situation_Vore.xml,def,Three prey stored in bladder
RV2_PreyInBladderStoring.stages.2.description,Feeling a little bloated...,description,ThoughtDefs\Thoughts_Situation_Vore.xml,def,Feeling a little bloated...
RV2_PreyInBladderStoring.stages.3.label,Several prey stored in bladder,label,ThoughtDefs\Thoughts_Situation_Vore.xml,def,Several prey stored in bladder
RV2_PreyInBladderStoring.stages.3.description,I think I've gotten used to feeling like I need to pee at all times.,description,ThoughtDefs\Thoughts_Situation_Vore.xml,def,I think I've gotten used to feeling like I need to pee at all times.
RV2_PreyInBladderWarming.stages.0.label,Warming up bladder for prey,label,ThoughtDefs\Thoughts_Situation_Vore.xml,def,Warming up bladder for prey
RV2_PreyInBladderWarming.stages.0.description,"Oh, the plans I have for you!",description,ThoughtDefs\Thoughts_Situation_Vore.xml,def,"Oh, the plans I have for you!"
RV2_PreyInBladderWarming.stages.1.label,Warming up bladder for multiple prey,label,ThoughtDefs\Thoughts_Situation_Vore.xml,def,Warming up bladder for multiple prey
RV2_PreyInBladderWarming.stages.1.description,"Oh, the plans I have for you!",description,ThoughtDefs\Thoughts_Situation_Vore.xml,def,"Oh, the plans I have for you!"
RV2_PreyInBreastsAmalgamating.stages.0.label,One prey amalgamated into breast-fat,label,ThoughtDefs\Thoughts_Situation_Vore.xml,def,One prey amalgamated into <ALIMT >breast</ALIMT>-fat
RV2_PreyInBreastsAmalgamating.stages.0.description,A little bit more jiggle in every step!,description,ThoughtDefs\Thoughts_Situation_Vore.xml,def,A little bit more jiggle in every step!
RV2_PreyInBreastsAmalgamating.stages.1.label,Two prey amalgamated into breast-fat,label,ThoughtDefs\Thoughts_Situation_Vore.xml,def,Two prey amalgamated into <ALIMT >breast</ALIMT>-fat
RV2_PreyInBreastsAmalgamating.stages.1.description,One in each tit!,description,ThoughtDefs\Thoughts_Situation_Vore.xml,def,One in each tit!
RV2_PreyInBreastsAmalgamating.stages.2.label,Three prey amalgamated into breast-fat,label,ThoughtDefs\Thoughts_Situation_Vore.xml,def,Three prey amalgamated into <ALIMT >breast</ALIMT>-fat
RV2_PreyInBreastsAmalgamating.stages.2.description,You're all so very worth the extra strain on my back!,description,ThoughtDefs\Thoughts_Situation_Vore.xml,def,You're all so very worth the extra strain on my back!
RV2_PreyInBreastsAmalgamating.stages.3.label,Several prey amalgamated into breast-fat,label,ThoughtDefs\Thoughts_Situation_Vore.xml,def,Several prey amalgamated into <ALIMT >breast</ALIMT>-fat
RV2_PreyInBreastsAmalgamating.stages.3.description,I could knock a wall down with these!,description,ThoughtDefs\Thoughts_Situation_Vore.xml,def,I could knock a wall down with these!
RV2_PreyInBreastsAssimilating.stages.0.label,Assimilating prey into breast-fat,label,ThoughtDefs\Thoughts_Situation_Vore.xml,def,Assimilating prey into <ALIMT >breast</ALIMT>-fat
RV2_PreyInBreastsAssimilating.stages.0.description,Enjoy padding my boobs!,description,ThoughtDefs\Thoughts_Situation_Vore.xml,def,Enjoy padding my boobs!
RV2_PreyInBreastsAssimilating.stages.1.label,Assimilating two prey into breast-fat,label,ThoughtDefs\Thoughts_Situation_Vore.xml,def,Assimilating two prey into <ALIMT >breast</ALIMT>-fat
RV2_PreyInBreastsAssimilating.stages.1.description,One for each tit!,description,ThoughtDefs\Thoughts_Situation_Vore.xml,def,One for each tit!
RV2_PreyInBreastsAssimilating.stages.2.label,Assimilating three prey into breast-fat,label,ThoughtDefs\Thoughts_Situation_Vore.xml,def,Assimilating three prey into <ALIMT >breast</ALIMT>-fat
RV2_PreyInBreastsAssimilating.stages.2.description,You're gonna make me so top-heavy!,description,ThoughtDefs\Thoughts_Situation_Vore.xml,def,You're gonna make me so top-heavy!
RV2_PreyInBreastsAssimilating.stages.3.label,Assimilating several prey into breast-fat,label,ThoughtDefs\Thoughts_Situation_Vore.xml,def,Assimilating several prey into <ALIMT >breast</ALIMT>-fat
RV2_PreyInBreastsAssimilating.stages.3.description,Any one else wanna baloon my bosom? Don't be shy!,description,ThoughtDefs\Thoughts_Situation_Vore.xml,def,Any one else wanna baloon my bosom? Don't be shy!
RV2_PreyInBreastsConvertingChemfuel.stages.0.label,Olifying prey in breast,label,ThoughtDefs\Thoughts_Situation_Vore.xml,def,Olifying prey in <ALIMT >breast</ALIMT>
RV2_PreyInBreastsConvertingChemfuel.stages.0.description,Is this gentle burn what boomalopes feel? It's like they slurped down some mild peppers...,description,ThoughtDefs\Thoughts_Situation_Vore.xml,def,Is this gentle burn what boomalopes feel? It's like they slurped down some mild peppers...
RV2_PreyInBreastsConvertingChemfuel.stages.1.label,Olifying two prey in breasts,label,ThoughtDefs\Thoughts_Situation_Vore.xml,def,Olifying two prey in <ALIMT >breasts</ALIMT>
RV2_PreyInBreastsConvertingChemfuel.stages.1.description,"I suppose udders don't have the same symmetry problems. Woof, that's some heat!",description,ThoughtDefs\Thoughts_Situation_Vore.xml,def,"I suppose udders don't have the same symmetry problems. Woof, that's some heat!"
RV2_PreyInBreastsConvertingChemfuel.stages.2.label,Olifying three prey in breasts,label,ThoughtDefs\Thoughts_Situation_Vore.xml,def,Olifying three prey in <ALIMT >breasts</ALIMT>
RV2_PreyInBreastsConvertingChemfuel.stages.2.description,Hell--oh hell! This has to be way better than being a boomalope!,description,ThoughtDefs\Thoughts_Situation_Vore.xml,def,<ALIMT >hell</ALIMT>--oh <ALIMT >hell</ALIMT>! This has to be way better than being a boomalope!
RV2_PreyInBreastsConvertingChemfuel.stages.3.label,Olifying several prey in breasts,label,ThoughtDefs\Thoughts_Situation_Vore.xml,def,Olifying several prey in <ALIMT >breasts</ALIMT>
RV2_PreyInBreastsConvertingChemfuel.stages.3.description,"Oh, baby, I'm burning so good! This oughta keep the generators burning for weeks!",description,ThoughtDefs\Thoughts_Situation_Vore.xml,def,"Oh, baby, I'm burning so good! This oughta keep the generators burning for weeks!"
RV2_PreyInBreastsDissolvingChemfuel.stages.0.label,Dissolving live prey into chem-milk,label,ThoughtDefs\Thoughts_Situation_Vore.xml,def,Dissolving live prey into chem-milk
RV2_PreyInBreastsDissolvingChemfuel.stages.0.description,"Pretty slippery in there, isn't it? Can't keep upright?",description,ThoughtDefs\Thoughts_Situation_Vore.xml,def,"Pretty slippery in there, isn't it? Can't keep upright?"
RV2_PreyInBreastsDissolvingChemfuel.stages.1.label,Dissolving two live prey into chem-milk,label,ThoughtDefs\Thoughts_Situation_Vore.xml,def,Dissolving two live prey into chem-milk
RV2_PreyInBreastsDissolvingChemfuel.stages.1.description,"Don't worry, you two won't slide out.",description,ThoughtDefs\Thoughts_Situation_Vore.xml,def,"Don't worry, you two won't slide out."
RV2_PreyInBreastsDissolvingChemfuel.stages.2.label,Dissolving three live prey into chem-milk,label,ThoughtDefs\Thoughts_Situation_Vore.xml,def,Dissolving three live prey into chem-milk
RV2_PreyInBreastsDissolvingChemfuel.stages.2.description,Starting to get tight enough y'all don't slide around.,description,ThoughtDefs\Thoughts_Situation_Vore.xml,def,Starting to get tight enough y'all don't slide around.
RV2_PreyInBreastsDissolvingChemfuel.stages.3.label,Dissolving several live prey into chem-milk,label,ThoughtDefs\Thoughts_Situation_Vore.xml,def,Dissolving several live prey into chem-milk
RV2_PreyInBreastsDissolvingChemfuel.stages.3.description,Think how much more valuable you'll all be as oil!,description,ThoughtDefs\Thoughts_Situation_Vore.xml,def,Think how much more valuable you'll all be as oil!
RV2_PreyInBreastsMushingChemfuel.stages.0.label,Breaking down prey into chem-milk,label,ThoughtDefs\Thoughts_Situation_Vore.xml,def,Breaking down prey into chem-milk
RV2_PreyInBreastsMushingChemfuel.stages.0.description,Stopped trying to fight the slickness already?,description,ThoughtDefs\Thoughts_Situation_Vore.xml,def,Stopped trying to fight the slickness already?
RV2_PreyInBreastsMushingChemfuel.stages.1.label,Breaking down two prey into chem-milk,label,ThoughtDefs\Thoughts_Situation_Vore.xml,def,Breaking down two prey into chem-milk
RV2_PreyInBreastsMushingChemfuel.stages.1.description,"Jellified already? Just gotta thin you down, then.",description,ThoughtDefs\Thoughts_Situation_Vore.xml,def,"Jellified already? Just gotta thin you down, then."
RV2_PreyInBreastsMushingChemfuel.stages.2.label,Breaking down three prey into chem-milk,label,ThoughtDefs\Thoughts_Situation_Vore.xml,def,Breaking down three prey into chem-milk
RV2_PreyInBreastsMushingChemfuel.stages.2.description,Starting to feel a bit of that gentle burn now...,description,ThoughtDefs\Thoughts_Situation_Vore.xml,def,Starting to feel a bit of that gentle burn now...
RV2_PreyInBreastsMushingChemfuel.stages.3.label,Breaking down several prey into chem-milk,label,ThoughtDefs\Thoughts_Situation_Vore.xml,def,Breaking down several prey into chem-milk
RV2_PreyInBreastsMushingChemfuel.stages.3.description,"Oh yeah, here comes the burn, real soon!",description,ThoughtDefs\Thoughts_Situation_Vore.xml,def,"Oh yeah, here comes the burn, real soon!"
RV2_PreyInCleavageExiting.stages.0.label,Releasing prey from cleavage,label,ThoughtDefs\Thoughts_Situation_Vore.xml,def,Releasing prey from <ALIMT >cleavage</ALIMT>
RV2_PreyInCleavageExiting.stages.0.description,Time to empty my purse...,description,ThoughtDefs\Thoughts_Situation_Vore.xml,def,Time to empty my purse...
RV2_PreyInCleavageExiting.stages.1.label,Releasing multiple prey from cleavage,label,ThoughtDefs\Thoughts_Situation_Vore.xml,def,Releasing multiple prey from <ALIMT >cleavage</ALIMT>
RV2_PreyInCleavageExiting.stages.1.description,That's a load off my back!,description,ThoughtDefs\Thoughts_Situation_Vore.xml,def,That's a load off my back!
RV2_PreyInCleavageContacting.stages.0.label,Pre-absorption cleavage,label,ThoughtDefs\Thoughts_Situation_Vore.xml,def,Pre-absorption <ALIMT >cleavage</ALIMT>
RV2_PreyInCleavageContacting.stages.0.description,Who says I can't play with my cheek-padder before I absorb them?,description,ThoughtDefs\Thoughts_Situation_Vore.xml,def,Who says I can't play with my cheek-padder before I absorb them?
RV2_PreyInCleavageContacting.stages.1.label,Pre-absorption cleavage pleasure,label,ThoughtDefs\Thoughts_Situation_Vore.xml,def,Pre-absorption <ALIMT >cleavage</ALIMT> pleasure
RV2_PreyInCleavageContacting.stages.1.description,Everyone's competing for the attentions of my breasts...~,description,ThoughtDefs\Thoughts_Situation_Vore.xml,def,Everyone's competing for the attentions of my <ALIMT >breasts</ALIMT>...~
RV2_PreyInCleavageLoosening.stages.0.label,Loosening up to absorb prey into cleavage,label,ThoughtDefs\Thoughts_Situation_Vore.xml,def,Loosening up to absorb prey into <ALIMT >cleavage</ALIMT>
RV2_PreyInCleavageLoosening.stages.0.description,"Started to sink, haven't you?~",description,ThoughtDefs\Thoughts_Situation_Vore.xml,def,"Started to sink, haven't you?~"
RV2_PreyInCleavageLoosening.stages.1.label,Loosening up to absorb multiple prey into cleavage,label,ThoughtDefs\Thoughts_Situation_Vore.xml,def,Loosening up to absorb multiple prey into <ALIMT >cleavage</ALIMT>
RV2_PreyInCleavageLoosening.stages.1.description,There's plenty of room for everyone...~,description,ThoughtDefs\Thoughts_Situation_Vore.xml,def,There's plenty of room for everyone...~
RV2_PreyInCleavagePassing.stages.0.label,Prey partially-stuffed into cleavage,label,ThoughtDefs\Thoughts_Situation_Vore.xml,def,Prey partially-stuffed into <ALIMT >cleavage</ALIMT>
RV2_PreyInCleavagePassing.stages.0.description,Come to me...~,description,ThoughtDefs\Thoughts_Situation_Vore.xml,def,Come to me...~
RV2_PreyInCleavagePassing.stages.1.label,Multiple prey partially-stuffed into cleavage,label,ThoughtDefs\Thoughts_Situation_Vore.xml,def,Multiple prey partially-stuffed into <ALIMT >cleavage</ALIMT>
RV2_PreyInCleavagePassing.stages.1.description,I'm getting tugged every-which-way!,description,ThoughtDefs\Thoughts_Situation_Vore.xml,def,I'm getting tugged every-which-way!
RV2_PreyInCleavagePleasuring.stages.0.label,Pleasuring prey in breast,label,ThoughtDefs\Thoughts_Situation_Vore.xml,def,Pleasuring prey in <ALIMT >breast</ALIMT>
RV2_PreyInCleavagePleasuring.stages.0.description,Don't stop...,description,ThoughtDefs\Thoughts_Situation_Vore.xml,def,Don't <ALIMT >stop</ALIMT>...
RV2_PreyInCleavagePleasuring.stages.1.label,Pleasuring two prey in breasts,label,ThoughtDefs\Thoughts_Situation_Vore.xml,def,Pleasuring two prey in <ALIMT >breasts</ALIMT>
RV2_PreyInCleavagePleasuring.stages.1.description,"Keep going, both of you...!",description,ThoughtDefs\Thoughts_Situation_Vore.xml,def,"Keep going, both of you...!"
RV2_PreyInCleavagePleasuring.stages.2.label,Pleasuring three prey in breasts,label,ThoughtDefs\Thoughts_Situation_Vore.xml,def,Pleasuring three prey in <ALIMT >breasts</ALIMT>
RV2_PreyInCleavagePleasuring.stages.2.description,Three... all at once!,description,ThoughtDefs\Thoughts_Situation_Vore.xml,def,Three... all at once!
RV2_PreyInCleavagePleasuring.stages.3.label,Pleasuring several prey in breasts,label,ThoughtDefs\Thoughts_Situation_Vore.xml,def,Pleasuring several prey in <ALIMT >breasts</ALIMT>
RV2_PreyInCleavagePleasuring.stages.3.description,I'M GONNA--,description,ThoughtDefs\Thoughts_Situation_Vore.xml,def,I'M GONNA--
RV2_PreyInCleavagePurging.stages.0.label,Pulling remains out of cleavage,label,ThoughtDefs\Thoughts_Situation_Vore.xml,def,Pulling remains out of <ALIMT >cleavage</ALIMT>
RV2_PreyInCleavagePurging.stages.0.description,Can't have these getting cluttered!,description,ThoughtDefs\Thoughts_Situation_Vore.xml,def,Can't have these getting cluttered!
RV2_PreyInCleavagePurging.stages.1.label,Pulling multiple remains out of cleavage,label,ThoughtDefs\Thoughts_Situation_Vore.xml,def,Pulling multiple remains out of <ALIMT >cleavage</ALIMT>
RV2_PreyInCleavagePurging.stages.1.description,"Amazing, the stuff you can find in someone's bust!",description,ThoughtDefs\Thoughts_Situation_Vore.xml,def,"Amazing, the stuff you can find in someone's bust!"
RV2_PreyInCleavageReshaping.stages.0.label,Reshaping prey from breast-fat,label,ThoughtDefs\Thoughts_Situation_Vore.xml,def,Reshaping prey from <ALIMT >breast</ALIMT>-fat
RV2_PreyInCleavageReshaping.stages.0.description,I'll miss my implants...,description,ThoughtDefs\Thoughts_Situation_Vore.xml,def,I'll miss my implants...
RV2_PreyInCleavageReshaping.stages.1.label,Reshaping multiple prey from breast-fat,label,ThoughtDefs\Thoughts_Situation_Vore.xml,def,Reshaping multiple prey from <ALIMT >breast</ALIMT>-fat
RV2_PreyInCleavageReshaping.stages.1.description,I don't wanna be flat again!,description,ThoughtDefs\Thoughts_Situation_Vore.xml,def,I don't wanna be flat again!
RV2_PreyInCleavageStoring.stages.0.label,Prey stored between breasts,label,ThoughtDefs\Thoughts_Situation_Vore.xml,def,Prey stored between <ALIMT >breasts</ALIMT>
RV2_PreyInCleavageStoring.stages.0.description,"Cozy, isn't it?",description,ThoughtDefs\Thoughts_Situation_Vore.xml,def,"Cozy, isn't it?"
RV2_PreyInCleavageStoring.stages.1.label,Two prey stored between breasts,label,ThoughtDefs\Thoughts_Situation_Vore.xml,def,Two prey stored between <ALIMT >breasts</ALIMT>
RV2_PreyInCleavageStoring.stages.1.description,How am I fitting them all? Don't ask questions.,description,ThoughtDefs\Thoughts_Situation_Vore.xml,def,How am I fitting them all? Don't ask questions.
RV2_PreyInCleavageStoring.stages.2.label,Three prey stored between breasts,label,ThoughtDefs\Thoughts_Situation_Vore.xml,def,Three prey stored between <ALIMT >breasts</ALIMT>
RV2_PreyInCleavageStoring.stages.2.description,How am I fitting them all? Don't ask questions.,description,ThoughtDefs\Thoughts_Situation_Vore.xml,def,How am I fitting them all? Don't ask questions.
RV2_PreyInCleavageStoring.stages.3.label,Several prey stored between breasts,label,ThoughtDefs\Thoughts_Situation_Vore.xml,def,Several prey stored between <ALIMT >breasts</ALIMT>
RV2_PreyInCleavageStoring.stages.3.description,How am I fitting them all? Don't ask questions.,description,ThoughtDefs\Thoughts_Situation_Vore.xml,def,How am I fitting them all? Don't ask questions.
RV2_PreyInCockAmalgamating.stages.0.label,One prey amalgamated onto cock-meat,label,ThoughtDefs\Thoughts_Situation_Vore.xml,def,One prey amalgamated onto cock-meat
RV2_PreyInCockAmalgamating.stages.0.description,"Oooh, I think you've doubled my sensitivity *on top of* the size gains...~",description,ThoughtDefs\Thoughts_Situation_Vore.xml,def,"Oooh, I think you've doubled my sensitivity *on top of* the size gains...~"
RV2_PreyInCockAmalgamating.stages.1.label,Two prey amalgamated onto cock-meat,label,ThoughtDefs\Thoughts_Situation_Vore.xml,def,Two prey amalgamated onto cock-meat
RV2_PreyInCockAmalgamating.stages.1.description,"I wonder if you're stacked around each other, or front-to-back in a row?",description,ThoughtDefs\Thoughts_Situation_Vore.xml,def,"I wonder if you're stacked around each other, or front-to-back in a row?"
RV2_PreyInCockAmalgamating.stages.2.label,Three prey amalgamated onto cock-meat,label,ThoughtDefs\Thoughts_Situation_Vore.xml,def,Three prey amalgamated onto cock-meat
RV2_PreyInCockAmalgamating.stages.2.description,"Wow, you're all so heavy...!~",description,ThoughtDefs\Thoughts_Situation_Vore.xml,def,"Wow, you're all so heavy...!~"
RV2_PreyInCockAmalgamating.stages.3.label,Several prey amalgamated onto cock-meat,label,ThoughtDefs\Thoughts_Situation_Vore.xml,def,Several prey amalgamated onto cock-meat
RV2_PreyInCockAmalgamating.stages.3.description,"Oh man, I'm absolutely massive! Anyone else want in on this shishkebab?~",description,ThoughtDefs\Thoughts_Situation_Vore.xml,def,"Oh man, I'm absolutely massive! Anyone else want in on this shishkebab?~"
RV2_PreyInCockAssimilating.stages.0.label,Assimilating prey onto cock-meat,label,ThoughtDefs\Thoughts_Situation_Vore.xml,def,Assimilating prey onto cock-meat
RV2_PreyInCockAssimilating.stages.0.description,"Have fun getting pounded, meat!",description,ThoughtDefs\Thoughts_Situation_Vore.xml,def,"Have fun getting pounded, meat!"
RV2_PreyInCockAssimilating.stages.1.label,Assimilating two prey into cock-meat,label,ThoughtDefs\Thoughts_Situation_Vore.xml,def,Assimilating two prey into cock-meat
RV2_PreyInCockAssimilating.stages.1.description,You'll be doing some real tenderizing!,description,ThoughtDefs\Thoughts_Situation_Vore.xml,def,You'll be doing some real tenderizing!
RV2_PreyInCockAssimilating.stages.2.label,Assimilating three prey into cock-meat,label,ThoughtDefs\Thoughts_Situation_Vore.xml,def,Assimilating three prey into cock-meat
RV2_PreyInCockAssimilating.stages.2.description,Just how big and meaty will you all make me?~,description,ThoughtDefs\Thoughts_Situation_Vore.xml,def,Just how big and meaty will you all make me?~
RV2_PreyInCockAssimilating.stages.3.label,Assimilating several prey into cock-meat,label,ThoughtDefs\Thoughts_Situation_Vore.xml,def,Assimilating several prey into cock-meat
RV2_PreyInCockAssimilating.stages.3.description,MY DICK IS A SINGULARITY OF ECSTASY! OH FUCK! THE SERPENT HUNGERS FOR MORE!,description,ThoughtDefs\Thoughts_Situation_Vore.xml,def,MY DICK IS A SINGULARITY OF ECSTASY! OH FUCK! THE SERPENT HUNGERS FOR MORE!
RV2_PreyInCockContacting.stages.0.label,Pre-absorption cock pleasure,label,ThoughtDefs\Thoughts_Situation_Vore.xml,def,Pre-absorption cock pleasure
RV2_PreyInCockContacting.stages.0.description,Who says I can't play with my cock-meat before I absorb it?,description,ThoughtDefs\Thoughts_Situation_Vore.xml,def,Who says I can't play with my cock-meat before I absorb it?
RV2_PreyInCockContacting.stages.1.label,Pre-absorption cock pleasure,label,ThoughtDefs\Thoughts_Situation_Vore.xml,def,Pre-absorption cock pleasure
RV2_PreyInCockContacting.stages.1.description,"There's plenty of meat to go around, folks!~",description,ThoughtDefs\Thoughts_Situation_Vore.xml,def,"There's plenty of meat to go around, folks!~"
RV2_PreyInCockLoosening.stages.0.label,Loosening up to absorb prey onto cock-meat,label,ThoughtDefs\Thoughts_Situation_Vore.xml,def,Loosening up to absorb prey onto cock-meat
RV2_PreyInCockLoosening.stages.0.description,"No, no, don't get off yet! Let's sit and enjoy ourselves a little longer...~",description,ThoughtDefs\Thoughts_Situation_Vore.xml,def,"No, no, don't get off yet! Let's sit and enjoy ourselves a little longer...~"
RV2_PreyInCockLoosening.stages.1.label,Loosening up to absorb multiple prey onto cock-meat,label,ThoughtDefs\Thoughts_Situation_Vore.xml,def,Loosening up to absorb multiple prey onto cock-meat
RV2_PreyInCockLoosening.stages.1.description,Just gonna hold y'all to my meat like so...~,description,ThoughtDefs\Thoughts_Situation_Vore.xml,def,Just gonna hold y'all to my meat like so...~
RV2_PreyInCockPurging.stages.0.label,Purging remains from cock-meat,label,ThoughtDefs\Thoughts_Situation_Vore.xml,def,Purging remains from cock-meat
RV2_PreyInCockPurging.stages.0.description,Like peeling off a condom.,description,ThoughtDefs\Thoughts_Situation_Vore.xml,def,Like peeling off a <ALIMT >condom</ALIMT>.
RV2_PreyInCockPurging.stages.1.label,Purging multiple remains from cock-meat,label,ThoughtDefs\Thoughts_Situation_Vore.xml,def,Purging multiple remains from cock-meat
RV2_PreyInCockPurging.stages.1.description,Just a matter of pulling all these clothes off.,description,ThoughtDefs\Thoughts_Situation_Vore.xml,def,Just a matter of pulling all these clothes off.
RV2_PreyInCockReshaping.stages.0.label,Reshaping prey from cock-meat,label,ThoughtDefs\Thoughts_Situation_Vore.xml,def,Reshaping prey from cock-meat
RV2_PreyInCockReshaping.stages.0.description,I'll miss these inches...,description,ThoughtDefs\Thoughts_Situation_Vore.xml,def,I'll miss these inches...
RV2_PreyInCockReshaping.stages.1.label,Reshaping multiple prey from cock-meat,label,ThoughtDefs\Thoughts_Situation_Vore.xml,def,Reshaping multiple prey from cock-meat
RV2_PreyInCockReshaping.stages.1.description,I don't wanna be tiny again!,description,ThoughtDefs\Thoughts_Situation_Vore.xml,def,I don't wanna be tiny again!
RV2_PreyInKidneyConvertingUrine.stages.0.label,Urifying prey in kidney,label,ThoughtDefs\Thoughts_Situation_Vore.xml,def,Urifying prey in kidney
RV2_PreyInKidneyConvertingUrine.stages.0.description,"A whole life, dissolved into piss.",description,ThoughtDefs\Thoughts_Situation_Vore.xml,def,"A whole life, dissolved into piss."
RV2_PreyInKidneyConvertingUrine.stages.1.label,Urifying two prey in kidneys,label,ThoughtDefs\Thoughts_Situation_Vore.xml,def,Urifying two prey in kidneys
RV2_PreyInKidneyConvertingUrine.stages.1.description,Plenty to water the crops with!,description,ThoughtDefs\Thoughts_Situation_Vore.xml,def,Plenty to water the crops with!
RV2_PreyInKidneyConvertingUrine.stages.2.label,Urifying three prey in kidneys,label,ThoughtDefs\Thoughts_Situation_Vore.xml,def,Urifying three prey in kidneys
RV2_PreyInKidneyConvertingUrine.stages.2.description,You're gonna turn me into a fountain...,description,ThoughtDefs\Thoughts_Situation_Vore.xml,def,You're gonna turn me into a fountain...
RV2_PreyInKidneyConvertingUrine.stages.3.label,Urifying several prey in kidneys,label,ThoughtDefs\Thoughts_Situation_Vore.xml,def,Urifying several prey in kidneys
RV2_PreyInKidneyConvertingUrine.stages.3.description,"Après vous, le déluge.~",description,ThoughtDefs\Thoughts_Situation_Vore.xml,def,"Après vous, le déluge.~"
RV2_PreyInKidneyDissolvingUrine.stages.0.label,Dissolving prey in kidney,label,ThoughtDefs\Thoughts_Situation_Vore.xml,def,Dissolving prey in kidney
RV2_PreyInKidneyDissolvingUrine.stages.0.description,Keep it up! Your struggling tickles.~,description,ThoughtDefs\Thoughts_Situation_Vore.xml,def,Keep it up! Your struggling tickles.~
RV2_PreyInKidneyDissolvingUrine.stages.1.label,Dissolving two prey in kidneys,label,ThoughtDefs\Thoughts_Situation_Vore.xml,def,Dissolving two prey in kidneys
RV2_PreyInKidneyDissolvingUrine.stages.1.description,"You barely have the room to kick around in there, don't you? Don't drown, now!~",description,ThoughtDefs\Thoughts_Situation_Vore.xml,def,"You barely have the room to kick around in there, don't you? Don't drown, now!~"
RV2_PreyInKidneyDissolvingUrine.stages.2.label,Dissolving three prey in kidneys,label,ThoughtDefs\Thoughts_Situation_Vore.xml,def,Dissolving three prey in kidneys
RV2_PreyInKidneyDissolvingUrine.stages.2.description,Good heavens it's tight in there!,description,ThoughtDefs\Thoughts_Situation_Vore.xml,def,Good heavens it's tight in there!
RV2_PreyInKidneyDissolvingUrine.stages.3.label,Dissolving several prey in kidneys,label,ThoughtDefs\Thoughts_Situation_Vore.xml,def,Dissolving several prey in kidneys
RV2_PreyInKidneyDissolvingUrine.stages.3.description,"...I musn't piss them all out yet. Not yet. Soon. Mercy, though...",description,ThoughtDefs\Thoughts_Situation_Vore.xml,def,"...I musn't piss them all out yet. Not yet. Soon. Mercy, though..."
RV2_PreyInKidneyMushingUrine.stages.0.label,Breaking down prey in kidney,label,ThoughtDefs\Thoughts_Situation_Vore.xml,def,Breaking down prey in kidney
RV2_PreyInKidneyMushingUrine.stages.0.description,"Stopped thrashing, huh?",description,ThoughtDefs\Thoughts_Situation_Vore.xml,def,"Stopped thrashing, huh?"
RV2_PreyInKidneyMushingUrine.stages.1.label,Breaking down two prey in kidneys,label,ThoughtDefs\Thoughts_Situation_Vore.xml,def,Breaking down two prey in kidneys
RV2_PreyInKidneyMushingUrine.stages.1.description,You two didn't last long.,description,ThoughtDefs\Thoughts_Situation_Vore.xml,def,You two didn't last long.
RV2_PreyInKidneyMushingUrine.stages.2.label,Breaking down three prey in kidneys,label,ThoughtDefs\Thoughts_Situation_Vore.xml,def,Breaking down three prey in kidneys
RV2_PreyInKidneyMushingUrine.stages.2.description,"You'll be all nothing but a yellow stream, soon.",description,ThoughtDefs\Thoughts_Situation_Vore.xml,def,"You'll be all nothing but a yellow stream, soon."
RV2_PreyInKidneyMushingUrine.stages.3.label,Breaking down several prey in kidneys,label,ThoughtDefs\Thoughts_Situation_Vore.xml,def,Breaking down several prey in kidneys
RV2_PreyInKidneyMushingUrine.stages.3.description,Soon... Soon...,description,ThoughtDefs\Thoughts_Situation_Vore.xml,def,Soon... Soon...
RV2_PreyInInsidesChurning.stages.0.label,Breaking down engulfed prey,label,ThoughtDefs\Thoughts_Situation_Vore.xml,def,Breaking down engulfed prey
RV2_PreyInInsidesChurning.stages.0.description,You're looking pretty melty...,description,ThoughtDefs\Thoughts_Situation_Vore.xml,def,You're looking pretty melty...
RV2_PreyInInsidesChurning.stages.1.label,Breaking down two engulfed prey,label,ThoughtDefs\Thoughts_Situation_Vore.xml,def,Breaking down two engulfed prey
RV2_PreyInInsidesChurning.stages.1.description,I can barely tell the difference between you two anymore!,description,ThoughtDefs\Thoughts_Situation_Vore.xml,def,I can barely tell the difference between you two anymore!
RV2_PreyInInsidesChurning.stages.2.label,Breaking down three engulfed prey,label,ThoughtDefs\Thoughts_Situation_Vore.xml,def,Breaking down three engulfed prey
RV2_PreyInInsidesChurning.stages.2.description,Where's one pile of mush begin and the other end?,description,ThoughtDefs\Thoughts_Situation_Vore.xml,def,Where's one pile of mush begin and the other end?
RV2_PreyInInsidesChurning.stages.3.label,Breaking down several engulfed prey,label,ThoughtDefs\Thoughts_Situation_Vore.xml,def,Breaking down several engulfed prey
RV2_PreyInInsidesChurning.stages.3.description,"Oh man, you're all a mess!",description,ThoughtDefs\Thoughts_Situation_Vore.xml,def,"Oh man, you're all a mess!"
RV2_PreyInInsidesDigesting.stages.0.label,Digesting engulfed live prey,label,ThoughtDefs\Thoughts_Situation_Vore.xml,def,Digesting engulfed live prey
RV2_PreyInInsidesDigesting.stages.0.description,"There's no escape for you, swimmer!",description,ThoughtDefs\Thoughts_Situation_Vore.xml,def,"There's no escape for you, swimmer!"
RV2_PreyInInsidesDigesting.stages.1.label,Digesting two engulfed live prey,label,ThoughtDefs\Thoughts_Situation_Vore.xml,def,Digesting two engulfed live prey
RV2_PreyInInsidesDigesting.stages.1.description,Do you like being mashed against each other like that?,description,ThoughtDefs\Thoughts_Situation_Vore.xml,def,Do you like being mashed against each other like that?
RV2_PreyInInsidesDigesting.stages.2.label,Digesting three engulfed live prey,label,ThoughtDefs\Thoughts_Situation_Vore.xml,def,Digesting three engulfed live prey
RV2_PreyInInsidesDigesting.stages.2.description,Pop and bubble away...,description,ThoughtDefs\Thoughts_Situation_Vore.xml,def,Pop and bubble away...
RV2_PreyInInsidesDigesting.stages.3.label,Digesting several engulfed live prey,label,ThoughtDefs\Thoughts_Situation_Vore.xml,def,Digesting several engulfed live prey
RV2_PreyInInsidesDigesting.stages.3.description,"Soon, you'll all be a thin soup!~",description,ThoughtDefs\Thoughts_Situation_Vore.xml,def,"Soon, you'll all be a thin soup!~"
RV2_PreyInInsidesProcessing.stages.0.label,Absorbing engulfed prey,label,ThoughtDefs\Thoughts_Situation_Vore.xml,def,Absorbing engulfed prey
RV2_PreyInInsidesProcessing.stages.0.description,I suppose it's time to clean up.,description,ThoughtDefs\Thoughts_Situation_Vore.xml,def,I suppose it's time to clean up.
RV2_PreyInInsidesProcessing.stages.1.label,Absorbing two engulfed prey,label,ThoughtDefs\Thoughts_Situation_Vore.xml,def,Absorbing two engulfed prey
RV2_PreyInInsidesProcessing.stages.1.description,I wonder how plump you'll make me?,description,ThoughtDefs\Thoughts_Situation_Vore.xml,def,I wonder how plump you'll make me?
RV2_PreyInInsidesProcessing.stages.2.label,Absorbing three engulfed prey,label,ThoughtDefs\Thoughts_Situation_Vore.xml,def,Absorbing three engulfed prey
RV2_PreyInInsidesProcessing.stages.2.description,Gonna be so bloated...,description,ThoughtDefs\Thoughts_Situation_Vore.xml,def,Gonna be so bloated...
RV2_PreyInInsidesProcessing.stages.3.label,Absorbing several engulfed prey,label,ThoughtDefs\Thoughts_Situation_Vore.xml,def,Absorbing several engulfed prey
RV2_PreyInInsidesProcessing.stages.3.description,Maybe I overdid it...,description,ThoughtDefs\Thoughts_Situation_Vore.xml,def,Maybe I overdid it...
RV2_PreyInInsidesPleasuring.stages.0.label,Pleasured by engulfed prey,label,ThoughtDefs\Thoughts_Situation_Vore.xml,def,Pleasured by engulfed prey
RV2_PreyInInsidesPleasuring.stages.0.description,"I love a good, deep hug...~",description,ThoughtDefs\Thoughts_Situation_Vore.xml,def,"I love a good, deep <ALIMT >hug</ALIMT>...~"
RV2_PreyInInsidesPleasuring.stages.1.label,Pleasured by two engulfed prey,label,ThoughtDefs\Thoughts_Situation_Vore.xml,def,Pleasured by two engulfed prey
RV2_PreyInInsidesPleasuring.stages.1.description,Let me embrace you...~,description,ThoughtDefs\Thoughts_Situation_Vore.xml,def,Let me embrace you...~
RV2_PreyInInsidesPleasuring.stages.2.label,Pleasured by three engulfed prey,label,ThoughtDefs\Thoughts_Situation_Vore.xml,def,Pleasured by three engulfed prey
RV2_PreyInInsidesPleasuring.stages.2.description,Three at once? No problem!,description,ThoughtDefs\Thoughts_Situation_Vore.xml,def,Three at once? No problem!
RV2_PreyInInsidesPleasuring.stages.3.label,Pleasured by several engulfed prey,label,ThoughtDefs\Thoughts_Situation_Vore.xml,def,Pleasured by several engulfed prey
RV2_PreyInInsidesPleasuring.stages.3.description,Having a hell of a pool party in here!,description,ThoughtDefs\Thoughts_Situation_Vore.xml,def,Having a <ALIMT >hell</ALIMT> of a pool party in here!
RV2_PreyInInsidesStoring.stages.0.label,Prey engulfed for storage,label,ThoughtDefs\Thoughts_Situation_Vore.xml,def,Prey engulfed for storage
RV2_PreyInInsidesStoring.stages.0.description,Sealed away!,description,ThoughtDefs\Thoughts_Situation_Vore.xml,def,Sealed away!
RV2_PreyInInsidesStoring.stages.1.label,Two prey engulfed for storage,label,ThoughtDefs\Thoughts_Situation_Vore.xml,def,Two prey engulfed for storage
RV2_PreyInInsidesStoring.stages.1.description,"I think I'm more prey than pred at this point, just by volume!",description,ThoughtDefs\Thoughts_Situation_Vore.xml,def,"I think I'm more prey than pred at this point, just by volume!"
RV2_PreyInInsidesStoring.stages.2.label,Three prey engulfed for storage,label,ThoughtDefs\Thoughts_Situation_Vore.xml,def,Three prey engulfed for storage
RV2_PreyInInsidesStoring.stages.2.description,So stuffed...~,description,ThoughtDefs\Thoughts_Situation_Vore.xml,def,So stuffed...~
RV2_PreyInInsidesStoring.stages.3.label,Several prey engulfed for storage,label,ThoughtDefs\Thoughts_Situation_Vore.xml,def,Several prey engulfed for storage
RV2_PreyInInsidesStoring.stages.3.description,I feel like I'm bursting at the seams!,description,ThoughtDefs\Thoughts_Situation_Vore.xml,def,I feel like I'm bursting at the seams!
RV2_PreyInInsidesWarming.stages.0.label,Warming up insides for prey,label,ThoughtDefs\Thoughts_Situation_Vore.xml,def,Warming up insides for prey
RV2_PreyInInsidesWarming.stages.0.description,"Oh, the plans I have for you!",description,ThoughtDefs\Thoughts_Situation_Vore.xml,def,"Oh, the plans I have for you!"
RV2_PreyInInsidesWarming.stages.1.label,Warming up insides for multiple prey,label,ThoughtDefs\Thoughts_Situation_Vore.xml,def,Warming up insides for multiple prey
RV2_PreyInInsidesWarming.stages.1.description,"Oh, the plans I have for you!",description,ThoughtDefs\Thoughts_Situation_Vore.xml,def,"Oh, the plans I have for you!"
RV2_PreyInMembraneDumping.stages.0.label,Shedding remains from membrane,label,ThoughtDefs\Thoughts_Situation_Vore.xml,def,Shedding remains from membrane
RV2_PreyInMembraneDumping.stages.0.description,Gotta keep my insides clean!,description,ThoughtDefs\Thoughts_Situation_Vore.xml,def,Gotta keep my insides clean!
RV2_PreyInMembraneDumping.stages.1.label,SHedding multiple remains from membrane,label,ThoughtDefs\Thoughts_Situation_Vore.xml,def,SHedding multiple remains from membrane
RV2_PreyInMembraneDumping.stages.1.description,Everyone always leaving so much junk inside me... At least it feels nice coming out!,description,ThoughtDefs\Thoughts_Situation_Vore.xml,def,Everyone always leaving so much junk inside me... At least it feels nice coming out!
RV2_PreyInMembraneExiting.stages.0.label,Releasing prey from membrane,label,ThoughtDefs\Thoughts_Situation_Vore.xml,def,Releasing prey from membrane
RV2_PreyInMembraneExiting.stages.0.description,I guess we're splitting here!,description,ThoughtDefs\Thoughts_Situation_Vore.xml,def,I guess we're splitting here!
RV2_PreyInMembraneExiting.stages.1.label,Releasing multiple prey from membrane,label,ThoughtDefs\Thoughts_Situation_Vore.xml,def,Releasing multiple prey from membrane
RV2_PreyInMembraneExiting.stages.1.description,I feel so much squishier!,description,ThoughtDefs\Thoughts_Situation_Vore.xml,def,I feel so much squishier!
RV2_PreyInMembranePassing.stages.0.label,Prey partially-engulfed,label,ThoughtDefs\Thoughts_Situation_Vore.xml,def,Prey partially-engulfed
RV2_PreyInMembranePassing.stages.0.description,Come on in; the water's fine!,description,ThoughtDefs\Thoughts_Situation_Vore.xml,def,Come on in; the water's fine!
RV2_PreyInMembranePassing.stages.1.label,Multiple prey partially-engulfed,label,ThoughtDefs\Thoughts_Situation_Vore.xml,def,Multiple prey partially-engulfed
RV2_PreyInMembranePassing.stages.1.description,Pool party!~,description,ThoughtDefs\Thoughts_Situation_Vore.xml,def,Pool party!~
RV2_PreyInMembranePleasuring.stages.0.label,Pleasuring prey in membrane,label,ThoughtDefs\Thoughts_Situation_Vore.xml,def,Pleasuring prey in membrane
RV2_PreyInMembranePleasuring.stages.0.description,This is just the start of the massage!,description,ThoughtDefs\Thoughts_Situation_Vore.xml,def,This is just the start of the <ALIMT >massage</ALIMT>!
RV2_PreyInMembranePleasuring.stages.1.label,Pleasuring prey in membrane,label,ThoughtDefs\Thoughts_Situation_Vore.xml,def,Pleasuring prey in membrane
RV2_PreyInMembranePleasuring.stages.1.description,"Careful now! Y'all don't wanna tug me apart, do you?",description,ThoughtDefs\Thoughts_Situation_Vore.xml,def,"Careful now! Y'all don't wanna tug me apart, do you?"
RV2_PreyInMouthAmalgamating.stages.0.label,One prey amalgamated into lips,label,ThoughtDefs\Thoughts_Situation_Vore.xml,def,One prey amalgamated into lips
RV2_PreyInMouthAmalgamating.stages.0.description,I promise to take good care of you.,description,ThoughtDefs\Thoughts_Situation_Vore.xml,def,I promise to take good care of you.
RV2_PreyInMouthAmalgamating.stages.1.label,Two prey amalgamated into lips,label,ThoughtDefs\Thoughts_Situation_Vore.xml,def,Two prey amalgamated into lips
RV2_PreyInMouthAmalgamating.stages.1.description,Padding for each lip!,description,ThoughtDefs\Thoughts_Situation_Vore.xml,def,Padding for each lip!
RV2_PreyInMouthAmalgamating.stages.2.label,Three prey amalgamated into lips,label,ThoughtDefs\Thoughts_Situation_Vore.xml,def,Three prey amalgamated into lips
RV2_PreyInMouthAmalgamating.stages.2.description,You're gonna make my lips so full and juicy!,description,ThoughtDefs\Thoughts_Situation_Vore.xml,def,You're gonna make my lips so full and juicy!
RV2_PreyInMouthAmalgamating.stages.3.label,Several prey amalgamated into lips,label,ThoughtDefs\Thoughts_Situation_Vore.xml,def,Several prey amalgamated into lips
RV2_PreyInMouthAmalgamating.stages.3.description,"I could kiss the lot of you, if I didn't have to take you out to do that!",description,ThoughtDefs\Thoughts_Situation_Vore.xml,def,"I could <ALIMT >kiss</ALIMT> the lot of you, if I didn't have to take you out to do that!"
RV2_PreyInMouthAssimilating.stages.0.label,Assimilating prey into lips,label,ThoughtDefs\Thoughts_Situation_Vore.xml,def,Assimilating prey into lips
RV2_PreyInMouthAssimilating.stages.0.description,Juicy!,description,ThoughtDefs\Thoughts_Situation_Vore.xml,def,Juicy!
RV2_PreyInMouthAssimilating.stages.1.label,Assimilating two prey into lips,label,ThoughtDefs\Thoughts_Situation_Vore.xml,def,Assimilating two prey into lips
RV2_PreyInMouthAssimilating.stages.1.description,Padding for each lip!,description,ThoughtDefs\Thoughts_Situation_Vore.xml,def,Padding for each lip!
RV2_PreyInMouthAssimilating.stages.2.label,Assimilating three prey into lips,label,ThoughtDefs\Thoughts_Situation_Vore.xml,def,Assimilating three prey into lips
RV2_PreyInMouthAssimilating.stages.2.description,You're gonna make my lips so full and juicy!,description,ThoughtDefs\Thoughts_Situation_Vore.xml,def,You're gonna make my lips so full and juicy!
RV2_PreyInMouthAssimilating.stages.3.label,Assimilating several prey into lips,label,ThoughtDefs\Thoughts_Situation_Vore.xml,def,Assimilating several prey into lips
RV2_PreyInMouthAssimilating.stages.3.description,Anyone else want a kiss?~,description,ThoughtDefs\Thoughts_Situation_Vore.xml,def,Anyone else want a <ALIMT >kiss</ALIMT>?~
RV2_PreyInMouthContacting.stages.0.label,Pre-absorption oral pleasure,label,ThoughtDefs\Thoughts_Situation_Vore.xml,def,Pre-absorption <ALIMT >oral</ALIMT> pleasure
RV2_PreyInMouthContacting.stages.0.description,Who says I can't play with my lip-fillers before I absorb them?,description,ThoughtDefs\Thoughts_Situation_Vore.xml,def,Who says I can't play with my lip-fillers before I absorb them?
RV2_PreyInMouthContacting.stages.1.label,Pre-absorption oral pleasure,label,ThoughtDefs\Thoughts_Situation_Vore.xml,def,Pre-absorption <ALIMT >oral</ALIMT> pleasure
RV2_PreyInMouthContacting.stages.1.description,Everyone's fighting for a kiss!,description,ThoughtDefs\Thoughts_Situation_Vore.xml,def,Everyone's <ALIMT >fighting</ALIMT> for a <ALIMT >kiss</ALIMT>!
RV2_PreyInMouthLoosening.stages.0.label,Loosening up to absorb prey into lips,label,ThoughtDefs\Thoughts_Situation_Vore.xml,def,Loosening up to absorb prey into lips
RV2_PreyInMouthLoosening.stages.0.description,"Don't mind the warmth in my kiss, dear. That's just... my breath!",description,ThoughtDefs\Thoughts_Situation_Vore.xml,def,"Don't mind the warmth in my <ALIMT >kiss</ALIMT>, dear. That's just... my breath!"
RV2_PreyInMouthLoosening.stages.1.label,Loosening up to absorb multiple prey into lips,label,ThoughtDefs\Thoughts_Situation_Vore.xml,def,Loosening up to absorb multiple prey into lips
RV2_PreyInMouthLoosening.stages.1.description,"Gettin' sloppy, huh?~",description,ThoughtDefs\Thoughts_Situation_Vore.xml,def,"Gettin' sloppy, huh?~"
RV2_PreyInMouthPurging.stages.0.label,Spitting remains out of lips,label,ThoughtDefs\Thoughts_Situation_Vore.xml,def,Spitting remains out of lips
RV2_PreyInMouthPurging.stages.0.description,Gotta work the air out!,description,ThoughtDefs\Thoughts_Situation_Vore.xml,def,Gotta work the air out!
RV2_PreyInMouthPurging.stages.1.label,Spitting multiple remains out of lips,label,ThoughtDefs\Thoughts_Situation_Vore.xml,def,Spitting multiple remains out of lips
RV2_PreyInMouthPurging.stages.1.description,*spits*,description,ThoughtDefs\Thoughts_Situation_Vore.xml,def,*spits*
RV2_PreyInMouthReshaping.stages.0.label,Reshaping prey from lip-flesh,label,ThoughtDefs\Thoughts_Situation_Vore.xml,def,Reshaping prey from lip-flesh
RV2_PreyInMouthReshaping.stages.0.description,I'll miss this juiciness...,description,ThoughtDefs\Thoughts_Situation_Vore.xml,def,I'll miss this juiciness...
RV2_PreyInMouthReshaping.stages.1.label,Reshaping multiple prey from lip-flesh,label,ThoughtDefs\Thoughts_Situation_Vore.xml,def,Reshaping multiple prey from lip-flesh
RV2_PreyInMouthReshaping.stages.1.description,Shriveling... shrinking...,description,ThoughtDefs\Thoughts_Situation_Vore.xml,def,Shriveling... <ALIMT >shrinking</ALIMT>...
RV2_PreyInNavelContacting.stages.0.label,Prey contacting with belly,label,ThoughtDefs\Thoughts_Situation_Vore.xml,def,Prey contacting with belly
RV2_PreyInNavelContacting.stages.0.description,Become part of my navel,description,ThoughtDefs\Thoughts_Situation_Vore.xml,def,Become part of my navel
RV2_PreyInNavelAmalgamating.stages.0.label,One prey amalgamated into belly,label,ThoughtDefs\Thoughts_Situation_Vore.xml,def,One prey amalgamated into belly
RV2_PreyInNavelAmalgamating.stages.0.description,Got a little pudge to slap!,description,ThoughtDefs\Thoughts_Situation_Vore.xml,def,Got a little pudge to slap!
RV2_PreyInNavelAmalgamating.stages.1.label,Two prey amalgamated into belly,label,ThoughtDefs\Thoughts_Situation_Vore.xml,def,Two prey amalgamated into belly
RV2_PreyInNavelAmalgamating.stages.1.description,"I look pregnant, haha.",description,ThoughtDefs\Thoughts_Situation_Vore.xml,def,"I look <ALIMT >pregnant</ALIMT>, haha."
RV2_PreyInNavelAmalgamating.stages.2.label,Three prey amalgamated into belly,label,ThoughtDefs\Thoughts_Situation_Vore.xml,def,Three prey amalgamated into belly
RV2_PreyInNavelAmalgamating.stages.2.description,I look heavily pregnant!,description,ThoughtDefs\Thoughts_Situation_Vore.xml,def,I look heavily <ALIMT >pregnant</ALIMT>!
RV2_PreyInNavelAmalgamating.stages.3.label,Several prey amalgamated into belly,label,ThoughtDefs\Thoughts_Situation_Vore.xml,def,Several prey amalgamated into belly
RV2_PreyInNavelAmalgamating.stages.3.description,I look positively overdue!,description,ThoughtDefs\Thoughts_Situation_Vore.xml,def,I look positively overdue!
RV2_PreyInNavelAssimilating.stages.0.label,Assimilating prey into belly,label,ThoughtDefs\Thoughts_Situation_Vore.xml,def,Assimilating prey into belly
RV2_PreyInNavelAssimilating.stages.0.description,Tubby.,description,ThoughtDefs\Thoughts_Situation_Vore.xml,def,Tubby.
RV2_PreyInNavelAssimilating.stages.1.label,Assimilating two prey into belly,label,ThoughtDefs\Thoughts_Situation_Vore.xml,def,Assimilating two prey into belly
RV2_PreyInNavelAssimilating.stages.1.description,Chubby.,description,ThoughtDefs\Thoughts_Situation_Vore.xml,def,Chubby.
RV2_PreyInNavelAssimilating.stages.2.label,Assimilating three prey into belly,label,ThoughtDefs\Thoughts_Situation_Vore.xml,def,Assimilating three prey into belly
RV2_PreyInNavelAssimilating.stages.2.description,Pudgy.,description,ThoughtDefs\Thoughts_Situation_Vore.xml,def,Pudgy.
RV2_PreyInNavelAssimilating.stages.3.label,Assimilating several prey into belly,label,ThoughtDefs\Thoughts_Situation_Vore.xml,def,Assimilating several prey into belly
RV2_PreyInNavelAssimilating.stages.3.description,Chumby.,description,ThoughtDefs\Thoughts_Situation_Vore.xml,def,Chumby.
RV2_PreyInNavelExiting.stages.0.label,Releasing prey from navel,label,ThoughtDefs\Thoughts_Situation_Vore.xml,def,Releasing prey from navel
RV2_PreyInNavelExiting.stages.0.description,Out you go!,description,ThoughtDefs\Thoughts_Situation_Vore.xml,def,Out you go!
RV2_PreyInNavelExiting.stages.1.label,Releasing multiple prey from navel,label,ThoughtDefs\Thoughts_Situation_Vore.xml,def,Releasing multiple prey from navel
RV2_PreyInNavelExiting.stages.1.description,Out y'all go!,description,ThoughtDefs\Thoughts_Situation_Vore.xml,def,Out y'all go!
RV2_PreyInNavelLoosening.stages.0.label,Loosening up to absorb prey into lips,label,ThoughtDefs\Thoughts_Situation_Vore.xml,def,Loosening up to absorb prey into lips
RV2_PreyInNavelLoosening.stages.0.description,"Don't mind the warmth in my kiss, dear. That's just... my breath!",description,ThoughtDefs\Thoughts_Situation_Vore.xml,def,"Don't mind the warmth in my <ALIMT >kiss</ALIMT>, dear. That's just... my breath!"
RV2_PreyInNavelLoosening.stages.1.label,Loosening up to absorb multiple prey into lips,label,ThoughtDefs\Thoughts_Situation_Vore.xml,def,Loosening up to absorb multiple prey into lips
RV2_PreyInNavelLoosening.stages.1.description,"Gettin' sloppy, huh?~",description,ThoughtDefs\Thoughts_Situation_Vore.xml,def,"Gettin' sloppy, huh?~"
RV2_PreyInNavelPassing.stages.0.label,Stuffing prey into navel,label,ThoughtDefs\Thoughts_Situation_Vore.xml,def,Stuffing prey into navel
RV2_PreyInNavelPassing.stages.0.description,In you go!,description,ThoughtDefs\Thoughts_Situation_Vore.xml,def,In you go!
RV2_PreyInNavelPassing.stages.1.label,Stuffing two prey into navel,label,ThoughtDefs\Thoughts_Situation_Vore.xml,def,Stuffing two prey into navel
RV2_PreyInNavelPassing.stages.1.description,In y'all go!,description,ThoughtDefs\Thoughts_Situation_Vore.xml,def,In y'all go!
RV2_PreyInNavelPleasuring.stages.0.label,Pleasuring prey in navel,label,ThoughtDefs\Thoughts_Situation_Vore.xml,def,Pleasuring prey in navel
RV2_PreyInNavelPleasuring.stages.0.description,You're really working the lint out!,description,ThoughtDefs\Thoughts_Situation_Vore.xml,def,You're really working the lint out!
RV2_PreyInNavelPleasuring.stages.1.label,Pleasuring multiple prey in navel,label,ThoughtDefs\Thoughts_Situation_Vore.xml,def,Pleasuring multiple prey in navel
RV2_PreyInNavelPleasuring.stages.1.description,I didn't think I could even fit all of you.,description,ThoughtDefs\Thoughts_Situation_Vore.xml,def,I didn't think I could even fit all of you.
RV2_PreyInNavelPurging.stages.0.label,Digging remains out of navel,label,ThoughtDefs\Thoughts_Situation_Vore.xml,def,Digging remains out of navel
RV2_PreyInNavelPurging.stages.0.description,"Lint, lint, more lint, and some personal effects...",description,ThoughtDefs\Thoughts_Situation_Vore.xml,def,"Lint, lint, more lint, and some personal effects..."
RV2_PreyInNavelPurging.stages.1.label,Digging multiple remains out of navel,label,ThoughtDefs\Thoughts_Situation_Vore.xml,def,Digging multiple remains out of navel
RV2_PreyInNavelPurging.stages.1.description,Crazy what people can lose in here...,description,ThoughtDefs\Thoughts_Situation_Vore.xml,def,Crazy what people can lose in here...
RV2_PreyInNavelReshaping.stages.0.label,Reshaping prey from belly-fat,label,ThoughtDefs\Thoughts_Situation_Vore.xml,def,Reshaping prey from belly-fat
RV2_PreyInNavelReshaping.stages.0.description,I'll miss this pudge...,description,ThoughtDefs\Thoughts_Situation_Vore.xml,def,I'll miss this pudge...
RV2_PreyInNavelReshaping.stages.1.label,Reshaping multiple prey from belly-fat,label,ThoughtDefs\Thoughts_Situation_Vore.xml,def,Reshaping multiple prey from belly-fat
RV2_PreyInNavelReshaping.stages.1.description,Shriveling... shrinking...,description,ThoughtDefs\Thoughts_Situation_Vore.xml,def,Shriveling... <ALIMT >shrinking</ALIMT>...
RV2_PreyInNavelStoring.stages.0.label,Prey stored in navel,label,ThoughtDefs\Thoughts_Situation_Vore.xml,def,Prey stored in navel
RV2_PreyInNavelStoring.stages.0.description,Don't get lost!,description,ThoughtDefs\Thoughts_Situation_Vore.xml,def,Don't get lost!
RV2_PreyInNavelStoring.stages.1.label,Two prey stored in navel,label,ThoughtDefs\Thoughts_Situation_Vore.xml,def,Two prey stored in navel
RV2_PreyInNavelStoring.stages.1.description,Don't get lost!,description,ThoughtDefs\Thoughts_Situation_Vore.xml,def,Don't get lost!
RV2_PreyInNavelStoring.stages.2.label,Three prey stored in navel,label,ThoughtDefs\Thoughts_Situation_Vore.xml,def,Three prey stored in navel
RV2_PreyInNavelStoring.stages.2.description,Don't get lost!,description,ThoughtDefs\Thoughts_Situation_Vore.xml,def,Don't get lost!
RV2_PreyInNavelStoring.stages.3.label,Several prey stored in navel,label,ThoughtDefs\Thoughts_Situation_Vore.xml,def,Several prey stored in navel
RV2_PreyInNavelStoring.stages.3.description,Don't get lost!,description,ThoughtDefs\Thoughts_Situation_Vore.xml,def,Don't get lost!
RV2_PreyInNippleAmalgamating.stages.0.label,One prey amalgamated into nipple,label,ThoughtDefs\Thoughts_Situation_Vore.xml,def,One prey amalgamated into <ALIMT >nipple</ALIMT>
RV2_PreyInNippleAmalgamating.stages.0.description,Stiff and puffy...,description,ThoughtDefs\Thoughts_Situation_Vore.xml,def,Stiff and puffy...
RV2_PreyInNippleAmalgamating.stages.1.label,Two prey amalgamated into nipples,label,ThoughtDefs\Thoughts_Situation_Vore.xml,def,Two prey amalgamated into <ALIMT >nipples</ALIMT>
RV2_PreyInNippleAmalgamating.stages.1.description,Padding for each bud!,description,ThoughtDefs\Thoughts_Situation_Vore.xml,def,Padding for each bud!
RV2_PreyInNippleAmalgamating.stages.2.label,Three prey amalgamated into nipples,label,ThoughtDefs\Thoughts_Situation_Vore.xml,def,Three prey amalgamated into <ALIMT >nipples</ALIMT>
RV2_PreyInNippleAmalgamating.stages.2.description,You're gonna make my nips so big and firm!,description,ThoughtDefs\Thoughts_Situation_Vore.xml,def,You're gonna make my nips so big and firm!
RV2_PreyInNippleAmalgamating.stages.3.label,Several prey amalgamated into nipples,label,ThoughtDefs\Thoughts_Situation_Vore.xml,def,Several prey amalgamated into <ALIMT >nipples</ALIMT>
RV2_PreyInNippleAmalgamating.stages.3.description,"So tender, so perky!~",description,ThoughtDefs\Thoughts_Situation_Vore.xml,def,"So tender, so perky!~"
RV2_PreyInNippleAssimilating.stages.0.label,Assimilating prey into nipple,label,ThoughtDefs\Thoughts_Situation_Vore.xml,def,Assimilating prey into <ALIMT >nipple</ALIMT>
RV2_PreyInNippleAssimilating.stages.0.description,Stiff and puffy...,description,ThoughtDefs\Thoughts_Situation_Vore.xml,def,Stiff and puffy...
RV2_PreyInNippleAssimilating.stages.1.label,Assimilating two prey into nipples,label,ThoughtDefs\Thoughts_Situation_Vore.xml,def,Assimilating two prey into <ALIMT >nipples</ALIMT>
RV2_PreyInNippleAssimilating.stages.1.description,Padding for each bud!,description,ThoughtDefs\Thoughts_Situation_Vore.xml,def,Padding for each bud!
RV2_PreyInNippleAssimilating.stages.2.label,Assimilating three prey into nipples,label,ThoughtDefs\Thoughts_Situation_Vore.xml,def,Assimilating three prey into <ALIMT >nipples</ALIMT>
RV2_PreyInNippleAssimilating.stages.2.description,Enjoy being suckled and milked...~,description,ThoughtDefs\Thoughts_Situation_Vore.xml,def,Enjoy being suckled and milked...~
RV2_PreyInNippleAssimilating.stages.3.label,Assimilating several prey into nipples,label,ThoughtDefs\Thoughts_Situation_Vore.xml,def,Assimilating several prey into <ALIMT >nipples</ALIMT>
RV2_PreyInNippleAssimilating.stages.3.description,Anyone else wanna give 'em a tweak?,description,ThoughtDefs\Thoughts_Situation_Vore.xml,def,Anyone else wanna give 'em a tweak?
RV2_PreyInNippleContacting.stages.0.label,Pre-absorption nipple pleasure,label,ThoughtDefs\Thoughts_Situation_Vore.xml,def,Pre-absorption <ALIMT >nipple</ALIMT> pleasure
RV2_PreyInNippleContacting.stages.0.description,Who says I can't play with my nip-puffers before I absorb them?,description,ThoughtDefs\Thoughts_Situation_Vore.xml,def,Who says I can't play with my nip-puffers before I absorb them?
RV2_PreyInNippleContacting.stages.1.label,Pre-absorption nipple pleasure,label,ThoughtDefs\Thoughts_Situation_Vore.xml,def,Pre-absorption <ALIMT >nipple</ALIMT> pleasure
RV2_PreyInNippleContacting.stages.1.description,Perfect! At least one mouth on each tit!,description,ThoughtDefs\Thoughts_Situation_Vore.xml,def,Perfect! At least one mouth on each tit!
RV2_PreyInNippleLoosening.stages.0.label,Loosening up to absorb prey into nipple,label,ThoughtDefs\Thoughts_Situation_Vore.xml,def,Loosening up to absorb prey into <ALIMT >nipple</ALIMT>
RV2_PreyInNippleLoosening.stages.0.description,The milk's coming; just keep sucking!,description,ThoughtDefs\Thoughts_Situation_Vore.xml,def,The milk's coming; just keep sucking!
RV2_PreyInNippleLoosening.stages.1.label,Loosening up to absorb multiple prey into nipples,label,ThoughtDefs\Thoughts_Situation_Vore.xml,def,Loosening up to absorb multiple prey into <ALIMT >nipples</ALIMT>
RV2_PreyInNippleLoosening.stages.1.description,"Greedy drinkers, aren't you?",description,ThoughtDefs\Thoughts_Situation_Vore.xml,def,"Greedy drinkers, aren't you?"
RV2_PreyInNipplePurging.stages.0.label,Pressing remains out of nipple,label,ThoughtDefs\Thoughts_Situation_Vore.xml,def,Pressing remains out of <ALIMT >nipple</ALIMT>
RV2_PreyInNipplePurging.stages.0.description,Gotta work the air out!,description,ThoughtDefs\Thoughts_Situation_Vore.xml,def,Gotta work the air out!
RV2_PreyInNipplePurging.stages.1.label,Pressing multiple remains out of nipples,label,ThoughtDefs\Thoughts_Situation_Vore.xml,def,Pressing multiple remains out of <ALIMT >nipples</ALIMT>
RV2_PreyInNipplePurging.stages.1.description,I might actually start lactating for real if I keep this up...~,description,ThoughtDefs\Thoughts_Situation_Vore.xml,def,I might actually start lactating for real if I keep this up...~
RV2_PreyInNippleReshaping.stages.0.label,Reshaping prey from nipple,label,ThoughtDefs\Thoughts_Situation_Vore.xml,def,Reshaping prey from <ALIMT >nipple</ALIMT>
RV2_PreyInNippleReshaping.stages.0.description,I'll miss this perkiness...,description,ThoughtDefs\Thoughts_Situation_Vore.xml,def,I'll miss this perkiness...
RV2_PreyInNippleReshaping.stages.1.label,Reshaping multiple prey from nipples,label,ThoughtDefs\Thoughts_Situation_Vore.xml,def,Reshaping multiple prey from <ALIMT >nipples</ALIMT>
RV2_PreyInNippleReshaping.stages.1.description,Shriveling... shrinking...,description,ThoughtDefs\Thoughts_Situation_Vore.xml,def,Shriveling... <ALIMT >shrinking</ALIMT>...
RV2_PreyInOvaryConvertingEggs.stages.0.label,Ovifying prey in ovary,label,ThoughtDefs\Thoughts_Situation_Vore.xml,def,Ovifying prey in ovary
RV2_PreyInOvaryConvertingEggs.stages.0.description,I already feel more fertile... I think. Certainly randier!,description,ThoughtDefs\Thoughts_Situation_Vore.xml,def,I already feel more fertile... I think. Certainly randier!
RV2_PreyInOvaryConvertingEggs.stages.1.label,Ovifying two prey in ovaries,label,ThoughtDefs\Thoughts_Situation_Vore.xml,def,Ovifying two prey in ovaries
RV2_PreyInOvaryConvertingEggs.stages.1.description,All these eggs...~,description,ThoughtDefs\Thoughts_Situation_Vore.xml,def,All these eggs...~
RV2_PreyInOvaryConvertingEggs.stages.2.label,Ovifying three prey in ovaries,label,ThoughtDefs\Thoughts_Situation_Vore.xml,def,Ovifying three prey in ovaries
RV2_PreyInOvaryConvertingEggs.stages.2.description,"I look pregnant--er, eggnant--already!",description,ThoughtDefs\Thoughts_Situation_Vore.xml,def,"I look <ALIMT >pregnant</ALIMT>--er, eggnant--already!"
RV2_PreyInOvaryConvertingEggs.stages.3.label,Ovifying several prey in ovaries,label,ThoughtDefs\Thoughts_Situation_Vore.xml,def,Ovifying several prey in ovaries
RV2_PreyInOvaryConvertingEggs.stages.3.description,OH MERCY CAN SOMEONE PLEASE BREED ME ALREADY?!,description,ThoughtDefs\Thoughts_Situation_Vore.xml,def,OH MERCY CAN SOMEONE PLEASE BREED ME ALREADY?!
RV2_PreyInOvaryDissolvingEggs.stages.0.label,Dissolving live prey into eggs,label,ThoughtDefs\Thoughts_Situation_Vore.xml,def,Dissolving live prey into eggs
RV2_PreyInOvaryDissolvingEggs.stages.0.description,At least you'll be making new life!,description,ThoughtDefs\Thoughts_Situation_Vore.xml,def,At least you'll be making new life!
RV2_PreyInOvaryDissolvingEggs.stages.1.label,Dissolving two live prey into eggs,label,ThoughtDefs\Thoughts_Situation_Vore.xml,def,Dissolving two live prey into eggs
RV2_PreyInOvaryDissolvingEggs.stages.1.description,One in each horn! Symmetry!,description,ThoughtDefs\Thoughts_Situation_Vore.xml,def,One in each horn! Symmetry!
RV2_PreyInOvaryDissolvingEggs.stages.2.label,Dissolving three live prey into eggs,label,ThoughtDefs\Thoughts_Situation_Vore.xml,def,Dissolving three live prey into eggs
RV2_PreyInOvaryDissolvingEggs.stages.2.description,"How many eggs will you all make, I wonder?",description,ThoughtDefs\Thoughts_Situation_Vore.xml,def,"How many eggs will you all make, I wonder?"
RV2_PreyInOvaryDissolvingEggs.stages.3.label,Dissolving several live prey into eggs,label,ThoughtDefs\Thoughts_Situation_Vore.xml,def,Dissolving several live prey into eggs
RV2_PreyInOvaryDissolvingEggs.stages.3.description,"I think I'm in for a fun time, once you're all eggified.~",description,ThoughtDefs\Thoughts_Situation_Vore.xml,def,"I think I'm in for a fun time, once you're all eggified.~"
RV2_PreyInOvaryMushingEggs.stages.0.label,Breaking down prey into eggs,label,ThoughtDefs\Thoughts_Situation_Vore.xml,def,Breaking down prey into eggs
RV2_PreyInOvaryMushingEggs.stages.0.description,"You've accepted your fate, then?",description,ThoughtDefs\Thoughts_Situation_Vore.xml,def,"You've accepted your fate, then?"
RV2_PreyInOvaryMushingEggs.stages.1.label,Breaking down two prey into eggs,label,ThoughtDefs\Thoughts_Situation_Vore.xml,def,Breaking down two prey into eggs
RV2_PreyInOvaryMushingEggs.stages.1.description,You two will be put to good use!~,description,ThoughtDefs\Thoughts_Situation_Vore.xml,def,You two will be put to good use!~
RV2_PreyInOvaryMushingEggs.stages.2.label,Breaking down three prey into eggs,label,ThoughtDefs\Thoughts_Situation_Vore.xml,def,Breaking down three prey into eggs
RV2_PreyInOvaryMushingEggs.stages.2.description,"Gonna need to schedule some dicking-down, and soon!~",description,ThoughtDefs\Thoughts_Situation_Vore.xml,def,"Gonna need to schedule some dicking-down, and soon!~"
RV2_PreyInOvaryMushingEggs.stages.3.label,Breaking down several prey into eggs,label,ThoughtDefs\Thoughts_Situation_Vore.xml,def,Breaking down several prey into eggs
RV2_PreyInOvaryMushingEggs.stages.3.description,"After life, death; after death, life again.~",description,ThoughtDefs\Thoughts_Situation_Vore.xml,def,"After life, death; after death, life again.~"
RV2_PreyInOvaryWarming.stages.0.label,Warming up ovary for prey,label,ThoughtDefs\Thoughts_Situation_Vore.xml,def,Warming up ovary for prey
RV2_PreyInOvaryWarming.stages.0.description,"Oh, the plans I have for you!",description,ThoughtDefs\Thoughts_Situation_Vore.xml,def,"Oh, the plans I have for you!"
RV2_PreyInOvaryWarming.stages.1.label,Warming up ovary for multiple prey,label,ThoughtDefs\Thoughts_Situation_Vore.xml,def,Warming up ovary for multiple prey
RV2_PreyInOvaryWarming.stages.1.description,"Oh, the plans I have for you!",description,ThoughtDefs\Thoughts_Situation_Vore.xml,def,"Oh, the plans I have for you!"
RV2_PreyInTailmawExiting.stages.0.label,Spitting prey out of tailmaw,label,ThoughtDefs\Thoughts_Situation_Vore.xml,def,Spitting prey out of tailmaw
RV2_PreyInTailmawExiting.stages.0.description,Dinner's coming back up... At least it's not out my main mouth.,description,ThoughtDefs\Thoughts_Situation_Vore.xml,def,Dinner's coming back up... At least it's not out my main mouth.
RV2_PreyInTailmawExiting.stages.1.label,Spitting multiple prey out of tailmaw,label,ThoughtDefs\Thoughts_Situation_Vore.xml,def,Spitting multiple prey out of tailmaw
RV2_PreyInTailmawExiting.stages.1.description,Really straining my tail-lips here...,description,ThoughtDefs\Thoughts_Situation_Vore.xml,def,Really straining my <ALIMT >tail</ALIMT>-lips here...
RV2_PreyInTailmawPassing.stages.0.label,Swallowing prey with tail,label,ThoughtDefs\Thoughts_Situation_Vore.xml,def,Swallowing prey with <ALIMT >tail</ALIMT>
RV2_PreyInTailmawPassing.stages.0.description,Bottom's up!,description,ThoughtDefs\Thoughts_Situation_Vore.xml,def,Bottom's up!
RV2_PreyInTailmawPassing.stages.1.label,Swallowing several prey with tail,label,ThoughtDefs\Thoughts_Situation_Vore.xml,def,Swallowing several prey with <ALIMT >tail</ALIMT>
RV2_PreyInTailmawPassing.stages.1.description,"Come on, get in there!",description,ThoughtDefs\Thoughts_Situation_Vore.xml,def,"Come on, get in there!"
RV2_PreyInTailmawPleasuring.stages.0.label,Pleasuring prey in tailmaw,label,ThoughtDefs\Thoughts_Situation_Vore.xml,def,Pleasuring prey in tailmaw
RV2_PreyInTailmawPleasuring.stages.0.description,"It may not be a true mouth, but it can still explore all your private places!~",description,ThoughtDefs\Thoughts_Situation_Vore.xml,def,"It may not be a true mouth, but it can still explore all your private places!~"
RV2_PreyInTailmawPleasuring.stages.1.label,Pleasuring multiple prey in tailmaw,label,ThoughtDefs\Thoughts_Situation_Vore.xml,def,Pleasuring multiple prey in tailmaw
RV2_PreyInTailmawPleasuring.stages.1.description,Two at once? All the tastier.,description,ThoughtDefs\Thoughts_Situation_Vore.xml,def,Two at once? All the tastier.
RV2_PreyInTailThroatPassing.stages.0.label,Prey in tail-throat,label,ThoughtDefs\Thoughts_Situation_Vore.xml,def,Prey in <ALIMT >tail</ALIMT>-throat
RV2_PreyInTailThroatPassing.stages.0.description,Something to grind on while I wait for you to go down...~,description,ThoughtDefs\Thoughts_Situation_Vore.xml,def,Something to grind on while I wait for you to go down...~
RV2_PreyInTailThroatPassing.stages.1.label,Multiple prey in tail-throat,label,ThoughtDefs\Thoughts_Situation_Vore.xml,def,Multiple prey in <ALIMT >tail</ALIMT>-throat
RV2_PreyInTailThroatPassing.stages.1.description,Any more and I might have to start dragging my tail on the ground...~,description,ThoughtDefs\Thoughts_Situation_Vore.xml,def,Any more and I might have to start dragging my <ALIMT >tail</ALIMT> on the ground...~
RV2_PreyInTailThroatPleasuring.stages.0.label,Pleasuring prey in tail-throat,label,ThoughtDefs\Thoughts_Situation_Vore.xml,def,Pleasuring prey in <ALIMT >tail</ALIMT>-throat
RV2_PreyInTailThroatPleasuring.stages.0.description,How close can I pull you to my stomach without taking you all the way in?~,description,ThoughtDefs\Thoughts_Situation_Vore.xml,def,How close can I pull you to my stomach without taking you all the way in?~
RV2_PreyInTailThroatPleasuring.stages.1.label,Pleasuring multiple prey in tail-throat,label,ThoughtDefs\Thoughts_Situation_Vore.xml,def,Pleasuring multiple prey in <ALIMT >tail</ALIMT>-throat
RV2_PreyInTailThroatPleasuring.stages.1.description,I can barely keep my tail straight with all this rocking around!,description,ThoughtDefs\Thoughts_Situation_Vore.xml,def,I can barely keep my <ALIMT >tail</ALIMT> straight with all this rocking around!
RV2_PreyInTailThroatStoring.stages.0.label,Prey stored in tail-throat,label,ThoughtDefs\Thoughts_Situation_Vore.xml,def,Prey stored in <ALIMT >tail</ALIMT>-throat
RV2_PreyInTailThroatStoring.stages.0.description,A counterbalance!,description,ThoughtDefs\Thoughts_Situation_Vore.xml,def,A counterbalance!
RV2_PreyInTailThroatStoring.stages.1.label,Two prey stored in tail-throat,label,ThoughtDefs\Thoughts_Situation_Vore.xml,def,Two prey stored in <ALIMT >tail</ALIMT>-throat
RV2_PreyInTailThroatStoring.stages.1.description,Look at that--my tail has an elbow now!,description,ThoughtDefs\Thoughts_Situation_Vore.xml,def,Look at that--my <ALIMT >tail</ALIMT> has an elbow now!
RV2_PreyInTailThroatStoring.stages.2.label,Three prey stored in tail-throat,label,ThoughtDefs\Thoughts_Situation_Vore.xml,def,Three prey stored in <ALIMT >tail</ALIMT>-throat
RV2_PreyInTailThroatStoring.stages.2.description,I can't even curl my tail anymore!,description,ThoughtDefs\Thoughts_Situation_Vore.xml,def,I can't even curl my <ALIMT >tail</ALIMT> anymore!
RV2_PreyInTailThroatStoring.stages.3.label,Several prey stored in tail-throat,label,ThoughtDefs\Thoughts_Situation_Vore.xml,def,Several prey stored in <ALIMT >tail</ALIMT>-throat
RV2_PreyInTailThroatStoring.stages.3.description,I could knock a building over with my tail!,description,ThoughtDefs\Thoughts_Situation_Vore.xml,def,I could knock a building over with my <ALIMT >tail</ALIMT>!
RV2_PreyInTesticlesConvertingChemfuel.stages.0.label,Olifying prey in balls,label,ThoughtDefs\Thoughts_Situation_Vore.xml,def,Olifying prey in balls
RV2_PreyInTesticlesConvertingChemfuel.stages.0.description,There's that groovy burn in my balls!,description,ThoughtDefs\Thoughts_Situation_Vore.xml,def,There's that groovy burn in my balls!
RV2_PreyInTesticlesConvertingChemfuel.stages.1.label,Olifying two prey in balls,label,ThoughtDefs\Thoughts_Situation_Vore.xml,def,Olifying two prey in balls
RV2_PreyInTesticlesConvertingChemfuel.stages.1.description,This is way better than milking boomalopes all day!,description,ThoughtDefs\Thoughts_Situation_Vore.xml,def,This is way better than <ALIMT >milking</ALIMT> boomalopes all day!
RV2_PreyInTesticlesConvertingChemfuel.stages.2.label,Olifying three prey in balls,label,ThoughtDefs\Thoughts_Situation_Vore.xml,def,Olifying three prey in balls
RV2_PreyInTesticlesConvertingChemfuel.stages.2.description,Maybe I should get some fire and put on a show...~,description,ThoughtDefs\Thoughts_Situation_Vore.xml,def,Maybe I should get some fire and put on a show...~
RV2_PreyInTesticlesConvertingChemfuel.stages.3.label,Olifying several prey in balls,label,ThoughtDefs\Thoughts_Situation_Vore.xml,def,Olifying several prey in balls
RV2_PreyInTesticlesConvertingChemfuel.stages.3.description,Now which generator should I fuck first?,description,ThoughtDefs\Thoughts_Situation_Vore.xml,def,Now which generator should I fuck first?
RV2_PreyInTesticlesDissolvingChemfuel.stages.0.label,Dissolving live prey into chem-cum,label,ThoughtDefs\Thoughts_Situation_Vore.xml,def,Dissolving live prey into chem-<ALIMT >cum</ALIMT>
RV2_PreyInTesticlesDissolvingChemfuel.stages.0.description,What's the matter? Can't stay upright in there?,description,ThoughtDefs\Thoughts_Situation_Vore.xml,def,What's the matter? Can't stay upright in there?
RV2_PreyInTesticlesDissolvingChemfuel.stages.1.label,Dissolving two live prey into chem-cum,label,ThoughtDefs\Thoughts_Situation_Vore.xml,def,Dissolving two live prey into chem-<ALIMT >cum</ALIMT>
RV2_PreyInTesticlesDissolvingChemfuel.stages.1.description,Keep thrashing. It's way too slick in there to climb even an inch.,description,ThoughtDefs\Thoughts_Situation_Vore.xml,def,Keep thrashing. It's way too slick in there to climb even an inch.
RV2_PreyInTesticlesDissolvingChemfuel.stages.2.label,Dissolving three live prey into chem-cum,label,ThoughtDefs\Thoughts_Situation_Vore.xml,def,Dissolving three live prey into chem-<ALIMT >cum</ALIMT>
RV2_PreyInTesticlesDissolvingChemfuel.stages.2.description,"You're all more useful this way, I promise!",description,ThoughtDefs\Thoughts_Situation_Vore.xml,def,"You're all more useful this way, I promise!"
RV2_PreyInTesticlesDissolvingChemfuel.stages.3.label,Dissolving several live prey into chem-cum,label,ThoughtDefs\Thoughts_Situation_Vore.xml,def,Dissolving several live prey into chem-<ALIMT >cum</ALIMT>
RV2_PreyInTesticlesDissolvingChemfuel.stages.3.description,Was that a lighter? Cute. It's too wet in there to light me up.~,description,ThoughtDefs\Thoughts_Situation_Vore.xml,def,Was that a lighter? Cute. It's too wet in there to light me up.~
RV2_PreyInTesticlesMushingChemfuel.stages.0.label,Breaking down prey into chem-cum,label,ThoughtDefs\Thoughts_Situation_Vore.xml,def,Breaking down prey into chem-<ALIMT >cum</ALIMT>
RV2_PreyInTesticlesMushingChemfuel.stages.0.description,The struggle's stopped.,description,ThoughtDefs\Thoughts_Situation_Vore.xml,def,The struggle's stopped.
RV2_PreyInTesticlesMushingChemfuel.stages.1.label,Breaking down two prey into chem-cum,label,ThoughtDefs\Thoughts_Situation_Vore.xml,def,Breaking down two prey into chem-<ALIMT >cum</ALIMT>
RV2_PreyInTesticlesMushingChemfuel.stages.1.description,They've started softening.,description,ThoughtDefs\Thoughts_Situation_Vore.xml,def,They've started softening.
RV2_PreyInTesticlesMushingChemfuel.stages.2.label,Breaking down three prey into chem-cum,label,ThoughtDefs\Thoughts_Situation_Vore.xml,def,Breaking down three prey into chem-<ALIMT >cum</ALIMT>
RV2_PreyInTesticlesMushingChemfuel.stages.2.description,"Oh, my loins are heating up now!",description,ThoughtDefs\Thoughts_Situation_Vore.xml,def,"Oh, my loins are heating up now!"
RV2_PreyInTesticlesMushingChemfuel.stages.3.label,Breaking down several prey into chem-cum,label,ThoughtDefs\Thoughts_Situation_Vore.xml,def,Breaking down several prey into chem-<ALIMT >cum</ALIMT>
RV2_PreyInTesticlesMushingChemfuel.stages.3.description,"Come on, finish mushing!",description,ThoughtDefs\Thoughts_Situation_Vore.xml,def,"Come on, finish mushing!"
RV2_PreyInUdderConvertingChemfuel.stages.0.label,Olifying prey in udder,label,ThoughtDefs\Thoughts_Situation_Vore.xml,def,Olifying prey in udder
RV2_PreyInUdderConvertingChemfuel.stages.0.description,Is this gentle burn what boomalopes feel? It's like they slurped down some mild peppers...,description,ThoughtDefs\Thoughts_Situation_Vore.xml,def,Is this gentle burn what boomalopes feel? It's like they slurped down some mild peppers...
RV2_PreyInUdderConvertingChemfuel.stages.1.label,Olifying two prey in udder,label,ThoughtDefs\Thoughts_Situation_Vore.xml,def,Olifying two prey in udder
RV2_PreyInUdderConvertingChemfuel.stages.1.description,"Woof, that's some heat!",description,ThoughtDefs\Thoughts_Situation_Vore.xml,def,"Woof, that's some heat!"
RV2_PreyInUdderConvertingChemfuel.stages.2.label,Olifying three prey in udder,label,ThoughtDefs\Thoughts_Situation_Vore.xml,def,Olifying three prey in udder
RV2_PreyInUdderConvertingChemfuel.stages.2.description,Hell--oh hell! This has to be way better than being a boomalope!,description,ThoughtDefs\Thoughts_Situation_Vore.xml,def,<ALIMT >hell</ALIMT>--oh <ALIMT >hell</ALIMT>! This has to be way better than being a boomalope!
RV2_PreyInUdderConvertingChemfuel.stages.3.label,Olifying several prey in udder,label,ThoughtDefs\Thoughts_Situation_Vore.xml,def,Olifying several prey in udder
RV2_PreyInUdderConvertingChemfuel.stages.3.description,"Oh, baby, I'm burning so good! This oughta keep the generators burning for weeks!",description,ThoughtDefs\Thoughts_Situation_Vore.xml,def,"Oh, baby, I'm burning so good! This oughta keep the generators burning for weeks!"
RV2_PreyInUdderConvertingMilk.stages.0.label,Lactifying prey in udder,label,ThoughtDefs\Thoughts_Situation_Vore.xml,def,Lactifying prey in udder
RV2_PreyInUdderConvertingMilk.stages.0.description,There's that gentle tingle I love...~,description,ThoughtDefs\Thoughts_Situation_Vore.xml,def,There's that gentle tingle I love...~
RV2_PreyInUdderConvertingMilk.stages.1.label,Lactifying two prey in udder,label,ThoughtDefs\Thoughts_Situation_Vore.xml,def,Lactifying two prey in udder
RV2_PreyInUdderConvertingMilk.stages.1.description,"Mmh, I can't wait to have a taste!",description,ThoughtDefs\Thoughts_Situation_Vore.xml,def,"Mmh, I can't wait to have a taste!"
RV2_PreyInUdderConvertingMilk.stages.2.label,Lactifying three prey in udder,label,ThoughtDefs\Thoughts_Situation_Vore.xml,def,Lactifying three prey in udder
RV2_PreyInUdderConvertingMilk.stages.2.description,I bet cows are envious of me!,description,ThoughtDefs\Thoughts_Situation_Vore.xml,def,I bet cows are envious of me!
RV2_PreyInUdderConvertingMilk.stages.3.label,Lactifying several prey in udder,label,ThoughtDefs\Thoughts_Situation_Vore.xml,def,Lactifying several prey in udder
RV2_PreyInUdderConvertingMilk.stages.3.description,I'll have enough to feed the colony for days... Or just myself.~,description,ThoughtDefs\Thoughts_Situation_Vore.xml,def,I'll have enough to feed the colony for days... Or just myself.~
RV2_PreyInUdderDissolvingChemfuel.stages.0.label,Dissolving live prey into chem-milk,label,ThoughtDefs\Thoughts_Situation_Vore.xml,def,Dissolving live prey into chem-milk
RV2_PreyInUdderDissolvingChemfuel.stages.0.description,"Pretty slippery in there, isn't it? Can't keep upright?",description,ThoughtDefs\Thoughts_Situation_Vore.xml,def,"Pretty slippery in there, isn't it? Can't keep upright?"
RV2_PreyInUdderDissolvingChemfuel.stages.1.label,Dissolving two live prey into chem-milk,label,ThoughtDefs\Thoughts_Situation_Vore.xml,def,Dissolving two live prey into chem-milk
RV2_PreyInUdderDissolvingChemfuel.stages.1.description,"Don't worry, you two won't slide out.",description,ThoughtDefs\Thoughts_Situation_Vore.xml,def,"Don't worry, you two won't slide out."
RV2_PreyInUdderDissolvingChemfuel.stages.2.label,Dissolving three live prey into chem-milk,label,ThoughtDefs\Thoughts_Situation_Vore.xml,def,Dissolving three live prey into chem-milk
RV2_PreyInUdderDissolvingChemfuel.stages.2.description,Starting to get tight enough y'all don't slide around.,description,ThoughtDefs\Thoughts_Situation_Vore.xml,def,Starting to get tight enough y'all don't slide around.
RV2_PreyInUdderDissolvingChemfuel.stages.3.label,Dissolving several live prey into chem-milk,label,ThoughtDefs\Thoughts_Situation_Vore.xml,def,Dissolving several live prey into chem-milk
RV2_PreyInUdderDissolvingChemfuel.stages.3.description,Think how much more valuable you'll all be as oil!,description,ThoughtDefs\Thoughts_Situation_Vore.xml,def,Think how much more valuable you'll all be as oil!
RV2_PreyInUdderDissolvingMilk.stages.0.label,Dissolving live prey into milk,label,ThoughtDefs\Thoughts_Situation_Vore.xml,def,Dissolving live prey into milk
RV2_PreyInUdderDissolvingMilk.stages.0.description,Ever wanted to nurture something to the fullest?,description,ThoughtDefs\Thoughts_Situation_Vore.xml,def,Ever wanted to nurture something to the fullest?
RV2_PreyInUdderDissolvingMilk.stages.1.label,Dissolving two live prey into milk,label,ThoughtDefs\Thoughts_Situation_Vore.xml,def,Dissolving two live prey into milk
RV2_PreyInUdderDissolvingMilk.stages.1.description,You two'll just be milk flowing from my taps here soon.,description,ThoughtDefs\Thoughts_Situation_Vore.xml,def,You two'll just be milk flowing from my taps here soon.
RV2_PreyInUdderDissolvingMilk.stages.2.label,Dissolving three live prey into milk,label,ThoughtDefs\Thoughts_Situation_Vore.xml,def,Dissolving three live prey into milk
RV2_PreyInUdderDissolvingMilk.stages.2.description,You think I can't handle a little thrashing in my dugs?,description,ThoughtDefs\Thoughts_Situation_Vore.xml,def,You think I can't handle a little thrashing in my dugs?
RV2_PreyInUdderDissolvingMilk.stages.3.label,Dissolving several live prey into milk,label,ThoughtDefs\Thoughts_Situation_Vore.xml,def,Dissolving several live prey into milk
RV2_PreyInUdderDissolvingMilk.stages.3.description,I hope we can drink all of y'all before you spoil!,description,ThoughtDefs\Thoughts_Situation_Vore.xml,def,I hope we can drink all of y'all before you spoil!
RV2_PreyInUdderMushingChemfuel.stages.0.label,Breaking down prey into chem-milk,label,ThoughtDefs\Thoughts_Situation_Vore.xml,def,Breaking down prey into chem-milk
RV2_PreyInUdderMushingChemfuel.stages.0.description,Stopped trying to fight the slickness already?,description,ThoughtDefs\Thoughts_Situation_Vore.xml,def,Stopped trying to fight the slickness already?
RV2_PreyInUdderMushingChemfuel.stages.1.label,Breaking down two prey into chem-milk,label,ThoughtDefs\Thoughts_Situation_Vore.xml,def,Breaking down two prey into chem-milk
RV2_PreyInUdderMushingChemfuel.stages.1.description,"Jellified already? Just gotta thin you down, then.",description,ThoughtDefs\Thoughts_Situation_Vore.xml,def,"Jellified already? Just gotta thin you down, then."
RV2_PreyInUdderMushingChemfuel.stages.2.label,Breaking down three prey into chem-milk,label,ThoughtDefs\Thoughts_Situation_Vore.xml,def,Breaking down three prey into chem-milk
RV2_PreyInUdderMushingChemfuel.stages.2.description,Starting to feel a bit of that gentle burn now...,description,ThoughtDefs\Thoughts_Situation_Vore.xml,def,Starting to feel a bit of that gentle burn now...
RV2_PreyInUdderMushingChemfuel.stages.3.label,Breaking down several prey into chem-milk,label,ThoughtDefs\Thoughts_Situation_Vore.xml,def,Breaking down several prey into chem-milk
RV2_PreyInUdderMushingChemfuel.stages.3.description,"Oh yeah, here comes the burn, real soon!",description,ThoughtDefs\Thoughts_Situation_Vore.xml,def,"Oh yeah, here comes the burn, real soon!"
RV2_PreyInUdderMushingMilk.stages.0.label,Breaking down prey into milk,label,ThoughtDefs\Thoughts_Situation_Vore.xml,def,Breaking down prey into milk
RV2_PreyInUdderMushingMilk.stages.0.description,Gone soft already?,description,ThoughtDefs\Thoughts_Situation_Vore.xml,def,Gone soft already?
RV2_PreyInUdderMushingMilk.stages.1.label,Breaking down two prey into milk,label,ThoughtDefs\Thoughts_Situation_Vore.xml,def,Breaking down two prey into milk
RV2_PreyInUdderMushingMilk.stages.1.description,Back to the old jiggle-and-wobble.,description,ThoughtDefs\Thoughts_Situation_Vore.xml,def,Back to the old jiggle-and-wobble.
RV2_PreyInUdderMushingMilk.stages.2.label,Breaking down three prey into milk,label,ThoughtDefs\Thoughts_Situation_Vore.xml,def,Breaking down three prey into milk
RV2_PreyInUdderMushingMilk.stages.2.description,Looks like my milkbag's rounding out...,description,ThoughtDefs\Thoughts_Situation_Vore.xml,def,Looks like my milkbag's rounding out...
RV2_PreyInUdderMushingMilk.stages.3.label,Breaking down several prey into milk,label,ThoughtDefs\Thoughts_Situation_Vore.xml,def,Breaking down several prey into milk
RV2_PreyInUdderMushingMilk.stages.3.description,I can already feel that familiar tingle!,description,ThoughtDefs\Thoughts_Situation_Vore.xml,def,I can already feel that familiar tingle!
RV2_PreyInUdderPleasuring.stages.0.label,Pleasuring prey in udder,label,ThoughtDefs\Thoughts_Situation_Vore.xml,def,Pleasuring prey in udder
RV2_PreyInUdderPleasuring.stages.0.description,Don't stop...,description,ThoughtDefs\Thoughts_Situation_Vore.xml,def,Don't <ALIMT >stop</ALIMT>...
RV2_PreyInUdderPleasuring.stages.1.label,Pleasuring two prey in udder,label,ThoughtDefs\Thoughts_Situation_Vore.xml,def,Pleasuring two prey in udder
RV2_PreyInUdderPleasuring.stages.1.description,"Keep going, both of you...!",description,ThoughtDefs\Thoughts_Situation_Vore.xml,def,"Keep going, both of you...!"
RV2_PreyInUdderPleasuring.stages.2.label,Pleasuring three prey in udder,label,ThoughtDefs\Thoughts_Situation_Vore.xml,def,Pleasuring three prey in udder
RV2_PreyInUdderPleasuring.stages.2.description,Three... all at once!,description,ThoughtDefs\Thoughts_Situation_Vore.xml,def,Three... all at once!
RV2_PreyInUdderPleasuring.stages.3.label,Pleasuring several prey in udder,label,ThoughtDefs\Thoughts_Situation_Vore.xml,def,Pleasuring several prey in udder
RV2_PreyInUdderPleasuring.stages.3.description,I'M GONNA--,description,ThoughtDefs\Thoughts_Situation_Vore.xml,def,I'M GONNA--
RV2_PreyInUdderStoring.stages.0.label,Prey stored in udder,label,ThoughtDefs\Thoughts_Situation_Vore.xml,def,Prey stored in udder
RV2_PreyInUdderStoring.stages.0.description,My udder's laden. I'd be unbalanced if they were in my tits!,description,ThoughtDefs\Thoughts_Situation_Vore.xml,def,My udder's laden. I'd be unbalanced if they were in my tits!
RV2_PreyInUdderStoring.stages.1.label,Two prey stored in udder,label,ThoughtDefs\Thoughts_Situation_Vore.xml,def,Two prey stored in udder
RV2_PreyInUdderStoring.stages.1.description,I'm not even close to having all my teats plugged!,description,ThoughtDefs\Thoughts_Situation_Vore.xml,def,I'm not even close to having all my teats plugged!
RV2_PreyInUdderStoring.stages.2.label,Three prey stored in udder,label,ThoughtDefs\Thoughts_Situation_Vore.xml,def,Three prey stored in udder
RV2_PreyInUdderStoring.stages.2.description,Three vacancies filled!,description,ThoughtDefs\Thoughts_Situation_Vore.xml,def,Three vacancies filled!
RV2_PreyInUdderStoring.stages.3.label,Several prey stored in udder,label,ThoughtDefs\Thoughts_Situation_Vore.xml,def,Several prey stored in udder
RV2_PreyInUdderStoring.stages.3.description,"Is that all of my teats plugged up now? Eh, might as well make sure.",description,ThoughtDefs\Thoughts_Situation_Vore.xml,def,"Is that all of my teats plugged up now? Eh, might as well make sure."
RV2_PreyInUdderWarming.stages.0.label,Warming up udder for prey,label,ThoughtDefs\Thoughts_Situation_Vore.xml,def,Warming up udder for prey
RV2_PreyInUdderWarming.stages.0.description,"Oh, the plans I have for you!",description,ThoughtDefs\Thoughts_Situation_Vore.xml,def,"Oh, the plans I have for you!"
RV2_PreyInUdderWarming.stages.1.label,Warming up udder for multiple prey,label,ThoughtDefs\Thoughts_Situation_Vore.xml,def,Warming up udder for multiple prey
RV2_PreyInUdderWarming.stages.1.description,"Oh, the plans I have for you!",description,ThoughtDefs\Thoughts_Situation_Vore.xml,def,"Oh, the plans I have for you!"
RV2_PreyInUdderNippleAmalgamating.stages.0.label,One prey amalgamated into teat,label,ThoughtDefs\Thoughts_Situation_Vore.xml,def,One prey amalgamated into teat
RV2_PreyInUdderNippleAmalgamating.stages.0.description,Stiff and puffy...,description,ThoughtDefs\Thoughts_Situation_Vore.xml,def,Stiff and puffy...
RV2_PreyInUdderNippleAmalgamating.stages.1.label,Two prey amalgamated into teats,label,ThoughtDefs\Thoughts_Situation_Vore.xml,def,Two prey amalgamated into teats
RV2_PreyInUdderNippleAmalgamating.stages.1.description,It's a start!,description,ThoughtDefs\Thoughts_Situation_Vore.xml,def,It's a start!
RV2_PreyInUdderNippleAmalgamating.stages.2.label,Three prey amalgamated into teats,label,ThoughtDefs\Thoughts_Situation_Vore.xml,def,Three prey amalgamated into teats
RV2_PreyInUdderNippleAmalgamating.stages.2.description,You're gonna make my teats so big and firm!,description,ThoughtDefs\Thoughts_Situation_Vore.xml,def,You're gonna make my teats so big and firm!
RV2_PreyInUdderNippleAmalgamating.stages.3.label,Several prey amalgamated into teats,label,ThoughtDefs\Thoughts_Situation_Vore.xml,def,Several prey amalgamated into teats
RV2_PreyInUdderNippleAmalgamating.stages.3.description,"So tender, so perky!~",description,ThoughtDefs\Thoughts_Situation_Vore.xml,def,"So tender, so perky!~"
RV2_PreyInUdderNippleAssimilating.stages.0.label,Assimilating prey into teat,label,ThoughtDefs\Thoughts_Situation_Vore.xml,def,Assimilating prey into teat
RV2_PreyInUdderNippleAssimilating.stages.0.description,Stiff and puffy...,description,ThoughtDefs\Thoughts_Situation_Vore.xml,def,Stiff and puffy...
RV2_PreyInUdderNippleAssimilating.stages.1.label,Assimilating two prey into teats,label,ThoughtDefs\Thoughts_Situation_Vore.xml,def,Assimilating two prey into teats
RV2_PreyInUdderNippleAssimilating.stages.1.description,It's a start!,description,ThoughtDefs\Thoughts_Situation_Vore.xml,def,It's a start!
RV2_PreyInUdderNippleAssimilating.stages.2.label,Assimilating three prey into teats,label,ThoughtDefs\Thoughts_Situation_Vore.xml,def,Assimilating three prey into teats
RV2_PreyInUdderNippleAssimilating.stages.2.description,Enjoy being suckled and milked...~,description,ThoughtDefs\Thoughts_Situation_Vore.xml,def,Enjoy being suckled and milked...~
RV2_PreyInUdderNippleAssimilating.stages.3.label,Assimilating several prey into teats,label,ThoughtDefs\Thoughts_Situation_Vore.xml,def,Assimilating several prey into teats
RV2_PreyInUdderNippleAssimilating.stages.3.description,Anyone else wanna give 'em a tweak?,description,ThoughtDefs\Thoughts_Situation_Vore.xml,def,Anyone else wanna give 'em a tweak?
RV2_PreyInUdderNippleContacting.stages.0.label,Pre-absorption teat pleasure,label,ThoughtDefs\Thoughts_Situation_Vore.xml,def,Pre-absorption teat pleasure
RV2_PreyInUdderNippleContacting.stages.0.description,Who says I can't play with my teat-puffers before I absorb them?,description,ThoughtDefs\Thoughts_Situation_Vore.xml,def,Who says I can't play with my teat-puffers before I absorb them?
RV2_PreyInUdderNippleContacting.stages.1.label,Pre-absorption teat pleasure,label,ThoughtDefs\Thoughts_Situation_Vore.xml,def,Pre-absorption teat pleasure
RV2_PreyInUdderNippleContacting.stages.1.description,"That's it! More than one sucker--er, suckler: that's what udders are for!",description,ThoughtDefs\Thoughts_Situation_Vore.xml,def,"That's it! More than one sucker--er, suckler: that's what udders are for!"
RV2_PreyInUdderNippleDumping.stages.0.label,Milking out remains,label,ThoughtDefs\Thoughts_Situation_Vore.xml,def,<ALIMT >milking</ALIMT> out remains
RV2_PreyInUdderNippleDumping.stages.0.description,Anyone care for a drink?,description,ThoughtDefs\Thoughts_Situation_Vore.xml,def,Anyone care for a drink?
RV2_PreyInUdderNippleDumping.stages.1.label,Milking out two remains,label,ThoughtDefs\Thoughts_Situation_Vore.xml,def,<ALIMT >milking</ALIMT> out two remains
RV2_PreyInUdderNippleDumping.stages.1.description,Anyone care for a drink?,description,ThoughtDefs\Thoughts_Situation_Vore.xml,def,Anyone care for a drink?
RV2_PreyInUdderNippleDumping.stages.2.label,Milking out multiple remains,label,ThoughtDefs\Thoughts_Situation_Vore.xml,def,<ALIMT >milking</ALIMT> out multiple remains
RV2_PreyInUdderNippleDumping.stages.2.description,I don't know if I'll ever stop leaking after this...,description,ThoughtDefs\Thoughts_Situation_Vore.xml,def,I don't know if I'll ever <ALIMT >stop</ALIMT> leaking after this...
RV2_PreyInUdderNippleExiting.stages.0.label,Releasing prey from teat,label,ThoughtDefs\Thoughts_Situation_Vore.xml,def,Releasing prey from teat
RV2_PreyInUdderNippleExiting.stages.0.description,Enjoy your bath? I did!,description,ThoughtDefs\Thoughts_Situation_Vore.xml,def,Enjoy your bath? I did!
RV2_PreyInUdderNippleExiting.stages.1.label,Releasing two prey from teats,label,ThoughtDefs\Thoughts_Situation_Vore.xml,def,Releasing two prey from teats
RV2_PreyInUdderNippleExiting.stages.1.description,Taking out the udder-draggers...,description,ThoughtDefs\Thoughts_Situation_Vore.xml,def,Taking out the udder-draggers...
RV2_PreyInUdderNippleExiting.stages.2.label,Releasing several prey from teats,label,ThoughtDefs\Thoughts_Situation_Vore.xml,def,Releasing several prey from teats
RV2_PreyInUdderNippleExiting.stages.2.description,I don't know if I'll ever stop leaking after this...,description,ThoughtDefs\Thoughts_Situation_Vore.xml,def,I don't know if I'll ever <ALIMT >stop</ALIMT> leaking after this...
RV2_PreyInUdderNippleLoosening.stages.0.label,Loosening up to absorb prey into teat,label,ThoughtDefs\Thoughts_Situation_Vore.xml,def,Loosening up to absorb prey into teat
RV2_PreyInUdderNippleLoosening.stages.0.description,The milk's coming; just keep sucking!,description,ThoughtDefs\Thoughts_Situation_Vore.xml,def,The milk's coming; just keep sucking!
RV2_PreyInUdderNippleLoosening.stages.1.label,Loosening up to absorb multiple prey into teats,label,ThoughtDefs\Thoughts_Situation_Vore.xml,def,Loosening up to absorb multiple prey into teats
RV2_PreyInUdderNippleLoosening.stages.1.description,"Greedy drinkers, aren't you?",description,ThoughtDefs\Thoughts_Situation_Vore.xml,def,"Greedy drinkers, aren't you?"
RV2_PreyInUdderNipplePassing.stages.0.label,Unnursing prey,label,ThoughtDefs\Thoughts_Situation_Vore.xml,def,Unnursing prey
RV2_PreyInUdderNipplePassing.stages.0.description,Drink up!,description,ThoughtDefs\Thoughts_Situation_Vore.xml,def,Drink up!
RV2_PreyInUdderNipplePassing.stages.1.label,Unnursing several prey,label,ThoughtDefs\Thoughts_Situation_Vore.xml,def,Unnursing several prey
RV2_PreyInUdderNipplePassing.stages.1.description,One per teat! Please!~,description,ThoughtDefs\Thoughts_Situation_Vore.xml,def,One per teat! Please!~
RV2_PreyInUdderNipplePleasuring.stages.0.label,Pleasuring teat with prey,label,ThoughtDefs\Thoughts_Situation_Vore.xml,def,Pleasuring teat with prey
RV2_PreyInUdderNipplePleasuring.stages.0.description,"Oh, that tingles!",description,ThoughtDefs\Thoughts_Situation_Vore.xml,def,"Oh, that tingles!"
RV2_PreyInUdderNipplePleasuring.stages.1.label,Pleasuring teat with multiple prey,label,ThoughtDefs\Thoughts_Situation_Vore.xml,def,Pleasuring teat with multiple prey
RV2_PreyInUdderNipplePleasuring.stages.1.description,I only have so many hands! I can't keep up!,description,ThoughtDefs\Thoughts_Situation_Vore.xml,def,I only have so many hands! I can't keep up!
RV2_PreyInUdderNipplePurging.stages.0.label,Pressing remains out of teat,label,ThoughtDefs\Thoughts_Situation_Vore.xml,def,Pressing remains out of teat
RV2_PreyInUdderNipplePurging.stages.0.description,Gotta work the air out!,description,ThoughtDefs\Thoughts_Situation_Vore.xml,def,Gotta work the air out!
RV2_PreyInUdderNipplePurging.stages.1.label,Pressing multiple remains out of teats,label,ThoughtDefs\Thoughts_Situation_Vore.xml,def,Pressing multiple remains out of teats
RV2_PreyInUdderNipplePurging.stages.1.description,I might actually start lactating for real if I keep this up...~,description,ThoughtDefs\Thoughts_Situation_Vore.xml,def,I might actually start lactating for real if I keep this up...~
RV2_PreyInUdderNippleReshaping.stages.0.label,Reshaping prey from teat,label,ThoughtDefs\Thoughts_Situation_Vore.xml,def,Reshaping prey from teat
RV2_PreyInUdderNippleReshaping.stages.0.description,I'll miss this perkiness...,description,ThoughtDefs\Thoughts_Situation_Vore.xml,def,I'll miss this perkiness...
RV2_PreyInUdderNippleReshaping.stages.1.label,Reshaping multiple prey from teats,label,ThoughtDefs\Thoughts_Situation_Vore.xml,def,Reshaping multiple prey from teats
RV2_PreyInUdderNippleReshaping.stages.1.description,Shriveling... shrinking...,description,ThoughtDefs\Thoughts_Situation_Vore.xml,def,Shriveling... <ALIMT >shrinking</ALIMT>...
RV2_PreyInVaginaAmalgamating.stages.0.label,One prey amalgamated into labia,label,ThoughtDefs\Thoughts_Situation_Vore.xml,def,One prey amalgamated into <ALIMT >labia</ALIMT>
RV2_PreyInVaginaAmalgamating.stages.0.description,"Puffier, tighter... and so much more sensitive.~",description,ThoughtDefs\Thoughts_Situation_Vore.xml,def,"Puffier, tighter... and so much more sensitive.~"
RV2_PreyInVaginaAmalgamating.stages.1.label,Two prey amalgamated into labia,label,ThoughtDefs\Thoughts_Situation_Vore.xml,def,Two prey amalgamated into <ALIMT >labia</ALIMT>
RV2_PreyInVaginaAmalgamating.stages.1.description,One for each lip!,description,ThoughtDefs\Thoughts_Situation_Vore.xml,def,One for each lip!
RV2_PreyInVaginaAmalgamating.stages.2.label,Three prey amalgamated into labia,label,ThoughtDefs\Thoughts_Situation_Vore.xml,def,Three prey amalgamated into <ALIMT >labia</ALIMT>
RV2_PreyInVaginaAmalgamating.stages.2.description,"One on the left, one on the right, one on the buzzer.",description,ThoughtDefs\Thoughts_Situation_Vore.xml,def,"One on the left, one on the right, one on the buzzer."
RV2_PreyInVaginaAmalgamating.stages.3.label,Several prey amalgamated into labia,label,ThoughtDefs\Thoughts_Situation_Vore.xml,def,Several prey amalgamated into <ALIMT >labia</ALIMT>
RV2_PreyInVaginaAmalgamating.stages.3.description,How many more can I line my box with?~,description,ThoughtDefs\Thoughts_Situation_Vore.xml,def,How many more can I line my box with?~
RV2_PreyInVaginaAssimilating.stages.0.label,Assimilating prey into teat,label,ThoughtDefs\Thoughts_Situation_Vore.xml,def,Assimilating prey into teat
RV2_PreyInVaginaAssimilating.stages.0.description,Enjoy getting pounded!,description,ThoughtDefs\Thoughts_Situation_Vore.xml,def,Enjoy getting pounded!
RV2_PreyInVaginaAssimilating.stages.1.label,Assimilating two prey into teats,label,ThoughtDefs\Thoughts_Situation_Vore.xml,def,Assimilating two prey into teats
RV2_PreyInVaginaAssimilating.stages.1.description,One for each lip!,description,ThoughtDefs\Thoughts_Situation_Vore.xml,def,One for each lip!
RV2_PreyInVaginaAssimilating.stages.2.label,Assimilating three prey into teats,label,ThoughtDefs\Thoughts_Situation_Vore.xml,def,Assimilating three prey into teats
RV2_PreyInVaginaAssimilating.stages.2.description,"One on the left, one on the right, one on the buzzer.",description,ThoughtDefs\Thoughts_Situation_Vore.xml,def,"One on the left, one on the right, one on the buzzer."
RV2_PreyInVaginaAssimilating.stages.3.label,Assimilating several prey into teats,label,ThoughtDefs\Thoughts_Situation_Vore.xml,def,Assimilating several prey into teats
RV2_PreyInVaginaAssimilating.stages.3.description,I'm *drooling* at the thought of more...~,description,ThoughtDefs\Thoughts_Situation_Vore.xml,def,I'm *drooling* at the thought of more...~
RV2_PreyInVaginaContacting.stages.0.label,Pre-absorption vaginal pleasure,label,ThoughtDefs\Thoughts_Situation_Vore.xml,def,Pre-absorption <ALIMT >vaginal</ALIMT> pleasure
RV2_PreyInVaginaContacting.stages.0.description,Who says I can't play with my pussy-puffers before I absorb them?,description,ThoughtDefs\Thoughts_Situation_Vore.xml,def,Who says I can't play with my <ALIMT >pussy</ALIMT>-puffers before I absorb them?
RV2_PreyInVaginaContacting.stages.1.label,Pre-absorption vaginal pleasure,label,ThoughtDefs\Thoughts_Situation_Vore.xml,def,Pre-absorption <ALIMT >vaginal</ALIMT> pleasure
RV2_PreyInVaginaContacting.stages.1.description,"Everyone's thirsty for my nectar, huh?",description,ThoughtDefs\Thoughts_Situation_Vore.xml,def,"Everyone's thirsty for my nectar, huh?"
RV2_PreyInVaginaLoosening.stages.0.label,Loosening up to absorb prey into labia,label,ThoughtDefs\Thoughts_Situation_Vore.xml,def,Loosening up to absorb prey into <ALIMT >labia</ALIMT>
RV2_PreyInVaginaLoosening.stages.0.description,"That's it, keep eating...~",description,ThoughtDefs\Thoughts_Situation_Vore.xml,def,"That's it, keep eating...~"
RV2_PreyInVaginaLoosening.stages.1.label,Loosening up to absorb multiple prey into labia,label,ThoughtDefs\Thoughts_Situation_Vore.xml,def,Loosening up to absorb multiple prey into <ALIMT >labia</ALIMT>
RV2_PreyInVaginaLoosening.stages.1.description,There's enough flower for everyone to feast; keep at it!~,description,ThoughtDefs\Thoughts_Situation_Vore.xml,def,There's enough flower for everyone to feast; keep at it!~
RV2_PreyInVaginaPurging.stages.0.label,Fingering remains out of labia,label,ThoughtDefs\Thoughts_Situation_Vore.xml,def,<ALIMT >fingering</ALIMT> remains out of <ALIMT >labia</ALIMT>
RV2_PreyInVaginaPurging.stages.0.description,Gotta work the air out!,description,ThoughtDefs\Thoughts_Situation_Vore.xml,def,Gotta work the air out!
RV2_PreyInVaginaPurging.stages.1.label,Fingering multiple remains out of labia,label,ThoughtDefs\Thoughts_Situation_Vore.xml,def,<ALIMT >fingering</ALIMT> multiple remains out of <ALIMT >labia</ALIMT>
RV2_PreyInVaginaPurging.stages.1.description,I honestly might as well just start jilling at this point.,description,ThoughtDefs\Thoughts_Situation_Vore.xml,def,I honestly might as well just start jilling at this point.
RV2_PreyInVaginaReshaping.stages.0.label,Reshaping prey from labia,label,ThoughtDefs\Thoughts_Situation_Vore.xml,def,Reshaping prey from <ALIMT >labia</ALIMT>
RV2_PreyInVaginaReshaping.stages.0.description,I'll miss this puffiness...,description,ThoughtDefs\Thoughts_Situation_Vore.xml,def,I'll miss this puffiness...
RV2_PreyInVaginaReshaping.stages.1.label,Reshaping multiple prey from labia,label,ThoughtDefs\Thoughts_Situation_Vore.xml,def,Reshaping multiple prey from <ALIMT >labia</ALIMT>
RV2_PreyInVaginaReshaping.stages.1.description,I don't wanna be loose again!,description,ThoughtDefs\Thoughts_Situation_Vore.xml,def,I don't wanna be loose again!
RV2_PreyInWombConvertingChemfuel.stages.0.label,Olifying prey in womb,label,ThoughtDefs\Thoughts_Situation_Vore.xml,def,Olifying prey in womb
RV2_PreyInWombConvertingChemfuel.stages.0.description,"Is this the true meaning of ""burn, baby, burn""?",description,ThoughtDefs\Thoughts_Situation_Vore.xml,def,"Is this the true meaning of ""burn, baby, burn""?"
RV2_PreyInWombConvertingChemfuel.stages.1.label,Olifying two prey in womb,label,ThoughtDefs\Thoughts_Situation_Vore.xml,def,Olifying two prey in womb
RV2_PreyInWombConvertingChemfuel.stages.1.description,"My belly's got that half-full jerrycan ""glunk"" to it.",description,ThoughtDefs\Thoughts_Situation_Vore.xml,def,"My belly's got that half-full jerrycan ""glunk"" to it."
RV2_PreyInWombConvertingChemfuel.stages.2.label,Olifying three prey in womb,label,ThoughtDefs\Thoughts_Situation_Vore.xml,def,Olifying three prey in womb
RV2_PreyInWombConvertingChemfuel.stages.2.description,I'm leaving puddles of fuel everywhere I go...,description,ThoughtDefs\Thoughts_Situation_Vore.xml,def,I'm leaving puddles of fuel everywhere I go...
RV2_PreyInWombConvertingChemfuel.stages.3.label,Olifying several prey in womb,label,ThoughtDefs\Thoughts_Situation_Vore.xml,def,Olifying several prey in womb
RV2_PreyInWombConvertingChemfuel.stages.3.description,I'm leaking more fuel than a shot-up generator!,description,ThoughtDefs\Thoughts_Situation_Vore.xml,def,I'm leaking more fuel than a shot-up generator!
RV2_PreyInWombDissolvingChemfuel.stages.0.label,Dissolving live prey into chem-cum,label,ThoughtDefs\Thoughts_Situation_Vore.xml,def,Dissolving live prey into chem-<ALIMT >cum</ALIMT>
RV2_PreyInWombDissolvingChemfuel.stages.0.description,So what kind of machine do you think you'll power?,description,ThoughtDefs\Thoughts_Situation_Vore.xml,def,So what kind of machine do you think you'll power?
RV2_PreyInWombDissolvingChemfuel.stages.1.label,Dissolving two live prey into chem-cum,label,ThoughtDefs\Thoughts_Situation_Vore.xml,def,Dissolving two live prey into chem-<ALIMT >cum</ALIMT>
RV2_PreyInWombDissolvingChemfuel.stages.1.description,I bet boomalopes don't have this much fun!,description,ThoughtDefs\Thoughts_Situation_Vore.xml,def,I bet boomalopes don't have this much fun!
RV2_PreyInWombDissolvingChemfuel.stages.2.label,Dissolving three live prey into chem-cum,label,ThoughtDefs\Thoughts_Situation_Vore.xml,def,Dissolving three live prey into chem-<ALIMT >cum</ALIMT>
RV2_PreyInWombDissolvingChemfuel.stages.2.description,I'm gonna need a barrel for all of you...,description,ThoughtDefs\Thoughts_Situation_Vore.xml,def,I'm gonna need a barrel for all of you...
RV2_PreyInWombDissolvingChemfuel.stages.3.label,Dissolving several live prey into chem-cum,label,ThoughtDefs\Thoughts_Situation_Vore.xml,def,Dissolving several live prey into chem-<ALIMT >cum</ALIMT>
RV2_PreyInWombDissolvingChemfuel.stages.3.description,We'll never run out of chemfuel at this rate!,description,ThoughtDefs\Thoughts_Situation_Vore.xml,def,We'll never run out of chemfuel at this rate!
RV2_PreyInWombMushingChemfuel.stages.0.label,Breaking down prey into chem-cum,label,ThoughtDefs\Thoughts_Situation_Vore.xml,def,Breaking down prey into chem-<ALIMT >cum</ALIMT>
RV2_PreyInWombMushingChemfuel.stages.0.description,Stopped fighting your fuelification?,description,ThoughtDefs\Thoughts_Situation_Vore.xml,def,Stopped <ALIMT >fighting</ALIMT> your fuelification?
RV2_PreyInWombMushingChemfuel.stages.1.label,Breaking down two prey into chem-cum,label,ThoughtDefs\Thoughts_Situation_Vore.xml,def,Breaking down two prey into chem-<ALIMT >cum</ALIMT>
RV2_PreyInWombMushingChemfuel.stages.1.description,"Just gotta refine you two down, now!",description,ThoughtDefs\Thoughts_Situation_Vore.xml,def,"Just gotta refine you two down, now!"
RV2_PreyInWombMushingChemfuel.stages.2.label,Breaking down three prey into chem-cum,label,ThoughtDefs\Thoughts_Situation_Vore.xml,def,Breaking down three prey into chem-<ALIMT >cum</ALIMT>
RV2_PreyInWombMushingChemfuel.stages.2.description,"Oh my, there's that spicy tingle.",description,ThoughtDefs\Thoughts_Situation_Vore.xml,def,"Oh my, there's that spicy tingle."
RV2_PreyInWombMushingChemfuel.stages.3.label,Breaking down several prey into chem-cum,label,ThoughtDefs\Thoughts_Situation_Vore.xml,def,Breaking down several prey into chem-<ALIMT >cum</ALIMT>
RV2_PreyInWombMushingChemfuel.stages.3.description,That burning... as though I were a boomalope in heat...~,description,ThoughtDefs\Thoughts_Situation_Vore.xml,def,That burning... as though I were a boomalope in heat...~
RV2_PreyInWombPassing.stages.0.label,Passing prey through womb,label,ThoughtDefs\Thoughts_Situation_Vore.xml,def,Passing prey through womb
RV2_PreyInWombPassing.stages.0.description,You're not stopping here!,description,ThoughtDefs\Thoughts_Situation_Vore.xml,def,You're not stopping here!
RV2_PreyInWombPassing.stages.1.label,Passing two prey through womb,label,ThoughtDefs\Thoughts_Situation_Vore.xml,def,Passing two prey through womb
RV2_PreyInWombPassing.stages.1.description,You're not stopping here!,description,ThoughtDefs\Thoughts_Situation_Vore.xml,def,You're not stopping here!
RV2_PreyInWombPassing.stages.2.label,Passing three prey through womb,label,ThoughtDefs\Thoughts_Situation_Vore.xml,def,Passing three prey through womb
RV2_PreyInWombPassing.stages.2.description,You're not stopping here!,description,ThoughtDefs\Thoughts_Situation_Vore.xml,def,You're not stopping here!
RV2_PreyInWombPassing.stages.3.label,Passing several prey through womb,label,ThoughtDefs\Thoughts_Situation_Vore.xml,def,Passing several prey through womb
RV2_PreyInWombPassing.stages.3.description,You're not stopping here!,description,ThoughtDefs\Thoughts_Situation_Vore.xml,def,You're not stopping here!
Loosen.label,Loosen,label,VoreDefs\PartGoals.xml,def,Loosen
Purge.label,Purge,label,VoreDefs\PartGoals.xml,def,Purge
Assimilate.label,Assimilate,label,VoreDefs\PartGoals.xml,def,Assimilate
Reshape.label,Reshape,label,VoreDefs\PartGoals.xml,def,Reshape
Amalgamate.label,Amalgamate,label,VoreDefs\PartGoals.xml,def,Amalgamate
Contact.label,Contact,label,VoreDefs\PartGoals.xml,def,Contact
Dissolve.label,Dissolve,label,VoreDefs\PartGoals.xml,def,Dissolve
Ovify.label,Ovify,label,VoreDefs\PartGoals.xml,def,Ovify
Oleify.label,Oleify,label,VoreDefs\PartGoals.xml,def,Oleify
Urify.label,Urify,label,VoreDefs\PartGoals.xml,def,Urify
Process.label,Process,label,VoreDefs\PartGoals.xml,def,Process
Lactify.label,Lactify,label,VoreDefs\PartGoals.xml,def,Lactify
Spermify.label,Spermify,label,VoreDefs\PartGoals.xml,def,Spermify
Lubrify.label,Lubrify,label,VoreDefs\PartGoals.xml,def,Lubrify
Reform.label,Reform,label,VoreDefs\PartGoals.xml,def,Reform
ConvertChemfuel.label,Olify,label,VoreDefs\VoreGoal.xml,def,Olify
ConvertEggs.label,Ovify,label,VoreDefs\VoreGoal.xml,def,Ovify
ConvertUrine.label,Urify,label,VoreDefs\VoreGoal.xml,def,Urify
Assimilate.label,Assimilate,label,VoreDefs\VoreGoal.xml,def,Assimilate
Amalgamate.label,Amalgamate,label,VoreDefs\VoreGoal.xml,def,Amalgamate
OralAmalgamate.label,(Amalgamate) Lips,label,VoreDefs\VorePath_Amalgamate.xml,def,(Amalgamate) Lips
OralAmalgamate.RMBLabel,Lip vore,RMBLabel,VoreDefs\VorePath_Amalgamate.xml,def,Lip <ALIMT >vore</ALIMT>
OralAmalgamate.description,"Oral amalgamation is where the predator reversibly absorbs the prey into their lips for indefinite storage, (presently unrepresented in-game) making their lips plumper and juicier.",description,VoreDefs\VorePath_Amalgamate.xml,def,"<ALIMT >oral</ALIMT> amalgamation is where the predator reversibly absorbs the prey into their lips for indefinite storage, (presently unrepresented in-game) making their lips plumper and juicier."
AnalAmalgamate.label,(Amalgamate) Ass,label,VoreDefs\VorePath_Amalgamate.xml,def,(Amalgamate) <ALIMT >ass</ALIMT>
AnalAmalgamate.RMBLabel,Ass vore,RMBLabel,VoreDefs\VorePath_Amalgamate.xml,def,<ALIMT >ass</ALIMT> <ALIMT >vore</ALIMT>
AnalAmalgamate.description,"Anal amalgamation is where the predator reversibly absorbs the prey into their buttocks for indefinite storage, (presently unrepresented in-game) making their ass thicker and rounder.",description,VoreDefs\VorePath_Amalgamate.xml,def,"<ALIMT >anal</ALIMT> amalgamation is where the predator reversibly absorbs the prey into their buttocks for indefinite storage, (presently unrepresented in-game) making their <ALIMT >ass</ALIMT> thicker and rounder."
VaginalAmalgamate.label,(Amalgamate) Pussy,label,VoreDefs\VorePath_Amalgamate.xml,def,(Amalgamate) <ALIMT >pussy</ALIMT>
VaginalAmalgamate.RMBLabel,Labia vore,RMBLabel,VoreDefs\VorePath_Amalgamate.xml,def,<ALIMT >labia</ALIMT> <ALIMT >vore</ALIMT>
VaginalAmalgamate.description,"Vaginal amalgamation is where the predator reversibly absorbs the prey into their labia for indefinite storage, (presently unrepresented in-game) making their muff puffier and more sensitive.",description,VoreDefs\VorePath_Amalgamate.xml,def,"<ALIMT >vaginal</ALIMT> amalgamation is where the predator reversibly absorbs the prey into their <ALIMT >labia</ALIMT> for indefinite storage, (presently unrepresented in-game) making their muff puffier and more sensitive."
CockAmalgamate.label,(Amalgamate) Cock,label,VoreDefs\VorePath_Amalgamate.xml,def,(Amalgamate) Cock
CockAmalgamate.RMBLabel,Cock vore,RMBLabel,VoreDefs\VorePath_Amalgamate.xml,def,Cock <ALIMT >vore</ALIMT>
CockAmalgamate.description,"Cock amalgamation is where the predator reversibly absorbs the prey into their cock for indefinite storage, (presently unrepresented in-game) making their cock bigger and more sensitive.",description,VoreDefs\VorePath_Amalgamate.xml,def,"Cock amalgamation is where the predator reversibly absorbs the prey into their cock for indefinite storage, (presently unrepresented in-game) making their cock bigger and more sensitive."
NippleAmalgamate.label,(Amalgamate) Nipple,label,VoreDefs\VorePath_Amalgamate.xml,def,(Amalgamate) <ALIMT >nipple</ALIMT>
NippleAmalgamate.RMBLabel,Nipple vore,RMBLabel,VoreDefs\VorePath_Amalgamate.xml,def,<ALIMT >nipple</ALIMT> <ALIMT >vore</ALIMT>
NippleAmalgamate.description,"Nipple amalgamation is where the predator reversibly absorbs the prey into their nipple for indefinite storage, (presently unrepresented in-game) making their nipple puffier and more sensitive.",description,VoreDefs\VorePath_Amalgamate.xml,def,"<ALIMT >nipple</ALIMT> amalgamation is where the predator reversibly absorbs the prey into their <ALIMT >nipple</ALIMT> for indefinite storage, (presently unrepresented in-game) making their <ALIMT >nipple</ALIMT> puffier and more sensitive."
CleavageAmalgamate.label,(Amalgamate) Cleavage,label,VoreDefs\VorePath_Amalgamate.xml,def,(Amalgamate) <ALIMT >cleavage</ALIMT>
CleavageAmalgamate.RMBLabel,Cleavage vore,RMBLabel,VoreDefs\VorePath_Amalgamate.xml,def,<ALIMT >cleavage</ALIMT> <ALIMT >vore</ALIMT>
CleavageAmalgamate.description,"Cleavage amalgamation is where the predator reversibly absorbs the prey into their breasts for indefinite storage, (presently unrepresented in-game) making their breasts bigger and heavier.",description,VoreDefs\VorePath_Amalgamate.xml,def,"<ALIMT >cleavage</ALIMT> amalgamation is where the predator reversibly absorbs the prey into their <ALIMT >breasts</ALIMT> for indefinite storage, (presently unrepresented in-game) making their <ALIMT >breasts</ALIMT> bigger and heavier."
NavelAmalgamate.label,(Amalgamate) Navel,label,VoreDefs\VorePath_Amalgamate.xml,def,(Amalgamate) Navel
NavelAmalgamate.RMBLabel,Navel vore,RMBLabel,VoreDefs\VorePath_Amalgamate.xml,def,Navel <ALIMT >vore</ALIMT>
NavelAmalgamate.description,"Navel amalgamation is where the predator reversibly absorbs the prey into their navel for indefinite storage, (presently unrepresented in-game) making their belly fatter.",description,VoreDefs\VorePath_Amalgamate.xml,def,"Navel amalgamation is where the predator reversibly absorbs the prey into their navel for indefinite storage, (presently unrepresented in-game) making their belly fatter."
UdderAmalgamate.label,(Amalgamate) Udder,label,VoreDefs\VorePath_Amalgamate.xml,def,(Amalgamate) Udder
UdderAmalgamate.RMBLabel,Udder vore,RMBLabel,VoreDefs\VorePath_Amalgamate.xml,def,Udder <ALIMT >vore</ALIMT>
UdderAmalgamate.description,"Udder amalgamation is where the predator reversibly absorbs the prey into their teat for indefinite storage, (presently unrepresented in-game) making their teat puffier and more sensitive.",description,VoreDefs\VorePath_Amalgamate.xml,def,"Udder amalgamation is where the predator reversibly absorbs the prey into their teat for indefinite storage, (presently unrepresented in-game) making their teat puffier and more sensitive."
OralAssimilate.label,(Assimilate) Lips,label,VoreDefs\VorePath_Assimilate.xml,def,(Assimilate) Lips
OralAssimilate.RMBLabel,Lip vore,RMBLabel,VoreDefs\VorePath_Assimilate.xml,def,Lip <ALIMT >vore</ALIMT>
OralAssimilate.description,"Oral assimilation is where the predator permanently absorbs the prey into their lips, feeding the predator and making their lips plumper and juicier.",description,VoreDefs\VorePath_Assimilate.xml,def,"<ALIMT >oral</ALIMT> assimilation is where the predator permanently absorbs the prey into their lips, feeding the predator and making their lips plumper and juicier."
AnalAssimilate.label,(Assimilate) Ass,label,VoreDefs\VorePath_Assimilate.xml,def,(Assimilate) <ALIMT >ass</ALIMT>
AnalAssimilate.RMBLabel,Ass vore,RMBLabel,VoreDefs\VorePath_Assimilate.xml,def,<ALIMT >ass</ALIMT> <ALIMT >vore</ALIMT>
AnalAssimilate.description,"Anal assimilation is where the predator permanently absorbs the prey into their buttocks, feeding the predator and making their ass thicker and rounder.",description,VoreDefs\VorePath_Assimilate.xml,def,"<ALIMT >anal</ALIMT> assimilation is where the predator permanently absorbs the prey into their buttocks, feeding the predator and making their <ALIMT >ass</ALIMT> thicker and rounder."
VaginalAssimilate.label,(Assimilate) Pussy,label,VoreDefs\VorePath_Assimilate.xml,def,(Assimilate) <ALIMT >pussy</ALIMT>
VaginalAssimilate.RMBLabel,Labia vore,RMBLabel,VoreDefs\VorePath_Assimilate.xml,def,<ALIMT >labia</ALIMT> <ALIMT >vore</ALIMT>
VaginalAssimilate.description,"Vaginal assimilation is where the predator permanently absorbs the prey into their labia, feeding the predator and making their muff puffier and more sensitive.",description,VoreDefs\VorePath_Assimilate.xml,def,"<ALIMT >vaginal</ALIMT> assimilation is where the predator permanently absorbs the prey into their <ALIMT >labia</ALIMT>, feeding the predator and making their muff puffier and more sensitive."
CockAssimilate.label,(Assimilate) Cock,label,VoreDefs\VorePath_Assimilate.xml,def,(Assimilate) Cock
CockAssimilate.RMBLabel,Cock vore,RMBLabel,VoreDefs\VorePath_Assimilate.xml,def,Cock <ALIMT >vore</ALIMT>
CockAssimilate.description,"Cock assimilation is where the predator permanently absorbs the prey into their cock, feeding the predator and making their cock bigger and more sensitive.",description,VoreDefs\VorePath_Assimilate.xml,def,"Cock assimilation is where the predator permanently absorbs the prey into their cock, feeding the predator and making their cock bigger and more sensitive."
NippleAssimilate.label,(Assimilate) Nipple,label,VoreDefs\VorePath_Assimilate.xml,def,(Assimilate) <ALIMT >nipple</ALIMT>
NippleAssimilate.RMBLabel,Nipple vore,RMBLabel,VoreDefs\VorePath_Assimilate.xml,def,<ALIMT >nipple</ALIMT> <ALIMT >vore</ALIMT>
NippleAssimilate.description,"Nipple assimilation is where the predator permanently absorbs the prey into their nipple, feeding the predator and making their nipple puffier and more sensitive.",description,VoreDefs\VorePath_Assimilate.xml,def,"<ALIMT >nipple</ALIMT> assimilation is where the predator permanently absorbs the prey into their <ALIMT >nipple</ALIMT>, feeding the predator and making their <ALIMT >nipple</ALIMT> puffier and more sensitive."
CleavageAssimilate.label,(Assimilate) Cleavage,label,VoreDefs\VorePath_Assimilate.xml,def,(Assimilate) <ALIMT >cleavage</ALIMT>
CleavageAssimilate.RMBLabel,Cleavage vore,RMBLabel,VoreDefs\VorePath_Assimilate.xml,def,<ALIMT >cleavage</ALIMT> <ALIMT >vore</ALIMT>
CleavageAssimilate.description,"Cleavage assimilation is where the predator permanently absorbs the prey into their breasts, feeding the predator and making their breasts bigger and heavier.",description,VoreDefs\VorePath_Assimilate.xml,def,"<ALIMT >cleavage</ALIMT> assimilation is where the predator permanently absorbs the prey into their <ALIMT >breasts</ALIMT>, feeding the predator and making their <ALIMT >breasts</ALIMT> bigger and heavier."
NavelAssimilate.label,(Assimilate) Navel,label,VoreDefs\VorePath_Assimilate.xml,def,(Assimilate) Navel
NavelAssimilate.RMBLabel,Navel vore,RMBLabel,VoreDefs\VorePath_Assimilate.xml,def,Navel <ALIMT >vore</ALIMT>
NavelAssimilate.description,"Navel assimilation is where the predator permanently absorbs the prey into their navel, feeding the predator and making their belly fatter.",description,VoreDefs\VorePath_Assimilate.xml,def,"Navel assimilation is where the predator permanently absorbs the prey into their navel, feeding the predator and making their belly fatter."
UdderAssimilate.label,(Assimilate) Udder,label,VoreDefs\VorePath_Assimilate.xml,def,(Assimilate) Udder
UdderAssimilate.RMBLabel,Udder vore,RMBLabel,VoreDefs\VorePath_Assimilate.xml,def,Udder <ALIMT >vore</ALIMT>
UdderAssimilate.description,"Udder assimilation is where the predator permanently absorbs the prey into their teat, feeding the predator and making their teat puffier and more sensitive.",description,VoreDefs\VorePath_Assimilate.xml,def,"Udder assimilation is where the predator permanently absorbs the prey into their teat, feeding the predator and making their teat puffier and more sensitive."
VaginalConvertChemfuel.label,(Olify) Vaginal,label,VoreDefs\VorePath_Convert.xml,def,(Olify) <ALIMT >vaginal</ALIMT>
VaginalConvertChemfuel.RMBLabel,Vaginal vore,RMBLabel,VoreDefs\VorePath_Convert.xml,def,<ALIMT >vaginal</ALIMT> <ALIMT >vore</ALIMT>
VaginalConvertChemfuel.description,"Vaginal olifaction is where the predator unbirths the prey into their womb for conversion into chemfuel, like a boomalope. This does not feed the predator and requires the installation of a vore enabler.",description,VoreDefs\VorePath_Convert.xml,def,"<ALIMT >vaginal</ALIMT> olifaction is where the predator unbirths the prey into their womb for conversion into chemfuel, like a boomalope. This does not feed the predator and requires the installation of a <ALIMT >vore</ALIMT> enabler."
VaginalConvertEggs.label,(Ovify) Vaginal,label,VoreDefs\VorePath_Convert.xml,def,(Ovify) <ALIMT >vaginal</ALIMT>
VaginalConvertEggs.RMBLabel,Vaginal vore,RMBLabel,VoreDefs\VorePath_Convert.xml,def,<ALIMT >vaginal</ALIMT> <ALIMT >vore</ALIMT>
VaginalConvertEggs.description,Vaginal ovifaction is where the predator unbirths the prey into their ovary for conversion into eggs. This does not feed the predator and requires the installation of a vore enabler.,description,VoreDefs\VorePath_Convert.xml,def,<ALIMT >vaginal</ALIMT> ovifaction is where the predator unbirths the prey into their ovary for conversion into eggs. This does not feed the predator and requires the installation of a <ALIMT >vore</ALIMT> enabler.
CockConvertChemfuel.label,(Olify) Cock,label,VoreDefs\VorePath_Convert.xml,def,(Olify) Cock
CockConvertChemfuel.RMBLabel,Cock vore,RMBLabel,VoreDefs\VorePath_Convert.xml,def,Cock <ALIMT >vore</ALIMT>
CockConvertChemfuel.description,"Cock olifaction is where the predator shunts the prey down their cock and into their balls for conversion into chemfuel, like a boomalope. This does not feed the predator and requires the installation of a vore enabler.",description,VoreDefs\VorePath_Convert.xml,def,"Cock olifaction is where the predator shunts the prey down their cock and into their balls for conversion into chemfuel, like a boomalope. This does not feed the predator and requires the installation of a <ALIMT >vore</ALIMT> enabler."
NippleConvertChemfuel.label,(Olify) Nipple,label,VoreDefs\VorePath_Convert.xml,def,(Olify) <ALIMT >nipple</ALIMT>
NippleConvertChemfuel.RMBLabel,Nipple vore,RMBLabel,VoreDefs\VorePath_Convert.xml,def,<ALIMT >nipple</ALIMT> <ALIMT >vore</ALIMT>
NippleConvertChemfuel.description,"Nipple olifaction is where the predator shunts the prey through their nipple and into their mammary for conversion into chemfuel, like a boomalope. This does not feed the predator and requires the installation of a vore enabler.",description,VoreDefs\VorePath_Convert.xml,def,"<ALIMT >nipple</ALIMT> olifaction is where the predator shunts the prey through their <ALIMT >nipple</ALIMT> and into their mammary for conversion into chemfuel, like a boomalope. This does not feed the predator and requires the installation of a <ALIMT >vore</ALIMT> enabler."
CockBladderConvertUrine.label,(Urify) Cock,label,VoreDefs\VorePath_Convert.xml,def,(Urify) Cock
CockBladderConvertUrine.RMBLabel,Cock vore (bladder),RMBLabel,VoreDefs\VorePath_Convert.xml,def,Cock <ALIMT >vore</ALIMT> (bladder)
CockBladderConvertUrine.description,"Bladder urifaction is where the predator shunts the prey into whichever genital is chosen and into their kidney for conversion into urine, which can be a fertilizer component. This does not feed the predator.",description,VoreDefs\VorePath_Convert.xml,def,"Bladder urifaction is where the predator shunts the prey into whichever genital is chosen and into their kidney for conversion into urine, which can be a fertilizer component. This does not feed the predator."
VaginalBladderConvertUrine.label,(Urify) Vaginal,label,VoreDefs\VorePath_Convert.xml,def,(Urify) <ALIMT >vaginal</ALIMT>
VaginalBladderConvertUrine.RMBLabel,Vaginal vore (bladder),RMBLabel,VoreDefs\VorePath_Convert.xml,def,<ALIMT >vaginal</ALIMT> <ALIMT >vore</ALIMT> (bladder)
VaginalBladderConvertUrine.description,"Bladder urifaction is where the predator shunts the prey into whichever genital is chosen and into their kidney for conversion into urine, which can be a fertilizer component. This does not feed the predator.",description,VoreDefs\VorePath_Convert.xml,def,"Bladder urifaction is where the predator shunts the prey into whichever genital is chosen and into their kidney for conversion into urine, which can be a fertilizer component. This does not feed the predator."
UdderConvertChemfuel.label,(Olify) Udder,label,VoreDefs\VorePath_Convert.xml,def,(Olify) Udder
UdderConvertChemfuel.RMBLabel,Udder vore,RMBLabel,VoreDefs\VorePath_Convert.xml,def,Udder <ALIMT >vore</ALIMT>
UdderConvertChemfuel.description,"Udder olifaction is where the predator shunts the prey through theirteat and into their udder for conversion into chemfuel, like a boomalope. This does not feed the predator and requires the installation of a vore enabler.",description,VoreDefs\VorePath_Convert.xml,def,"Udder olifaction is where the predator shunts the prey through theirteat and into their udder for conversion into chemfuel, like a boomalope. This does not feed the predator and requires the installation of a <ALIMT >vore</ALIMT> enabler."
UdderConvertMilk.label,(Lactify) Udder,label,VoreDefs\VorePath_Convert.xml,def,(Lactify) Udder
UdderConvertMilk.RMBLabel,Udder vore,RMBLabel,VoreDefs\VorePath_Convert.xml,def,Udder <ALIMT >vore</ALIMT>
UdderConvertMilk.description,Udder lactifaction is where the predator shoves the prey through their teat and into their udder for conversion into nutritious consumable milk. This process itself does not feed the predator.,description,VoreDefs\VorePath_Convert.xml,def,Udder lactifaction is where the predator shoves the prey through their teat and into their udder for conversion into nutritious consumable milk. This process itself does not feed the predator.
CleavageDigest.label,(Digest) Cleavage-Hole,label,VoreDefs\VorePath_Digest.xml,def,(Digest) <ALIMT >cleavage</ALIMT>-Hole
CleavageDigest.RMBLabel,Cleavage vore,RMBLabel,VoreDefs\VorePath_Digest.xml,def,<ALIMT >cleavage</ALIMT> <ALIMT >vore</ALIMT>
CleavageDigest.description,"Cleavage digestion is where the predator shoves prey down their cleavage, through a surgically-added hole in the chest, into their stomach for fatal digestion, feeding the predator and turning the prey into either fertilizer components or nothing at all.",description,VoreDefs\VorePath_Digest.xml,def,"<ALIMT >cleavage</ALIMT> digestion is where the predator shoves prey down their <ALIMT >cleavage</ALIMT>, through a surgically-added hole in the chest, into their stomach for fatal digestion, feeding the predator and turning the prey into either fertilizer components or nothing at all."
MembraneDigest.label,(Digest) Inside Membrane,label,VoreDefs\VorePath_Digest.xml,def,(Digest) Inside Membrane
MembraneDigest.RMBLabel,Membrane vore,RMBLabel,VoreDefs\VorePath_Digest.xml,def,Membrane <ALIMT >vore</ALIMT>
MembraneDigest.description,"Membrane digestion is where the predator engulfs prey into their vague insides through an outer membrane, like a slime, for fatal digestion, feeding the predator and turning the prey into either fertilizer components or nothing at all.",description,VoreDefs\VorePath_Digest.xml,def,"Membrane digestion is where the predator engulfs prey into their vague insides through an outer membrane, like a <ALIMT >slime</ALIMT>, for fatal digestion, feeding the predator and turning the prey into either fertilizer components or nothing at all."
NavelDigest.label,(Digest) Navel,label,VoreDefs\VorePath_Digest.xml,def,(Digest) Navel
NavelDigest.RMBLabel,Navel vore,RMBLabel,VoreDefs\VorePath_Digest.xml,def,Navel <ALIMT >vore</ALIMT>
NavelDigest.description,"Navel digestion is where the predator stuffs prey into their surgically-loosened navel and into their stomach for fatal digestion, feeding the predator and turning the prey into either fertilizer components or nothing at all.",description,VoreDefs\VorePath_Digest.xml,def,"Navel digestion is where the predator stuffs prey into their surgically-loosened navel and into their stomach for fatal digestion, feeding the predator and turning the prey into either fertilizer components or nothing at all."
TailmawDigest.label,(Digest) Tailmaw,label,VoreDefs\VorePath_Digest.xml,def,(Digest) Tailmaw
TailmawDigest.RMBLabel,Tail vore,RMBLabel,VoreDefs\VorePath_Digest.xml,def,<ALIMT >tail</ALIMT> <ALIMT >vore</ALIMT>
TailmawDigest.description,"Tailmaw digestion is where a predator with a mouth in their tail swallows prey through said mouth, down to their stomach, for fatal digestion, feeding the predator and turning the prey into either fertilizer components or nothing at all.",description,VoreDefs\VorePath_Digest.xml,def,"Tailmaw digestion is where a predator with a mouth in their <ALIMT >tail</ALIMT> swallows prey through said mouth, down to their stomach, for fatal digestion, feeding the predator and turning the prey into either fertilizer components or nothing at all."
VaginalBladderHold.label,(Hold) Vaginal (bladder),label,VoreDefs\VorePath_Hold.xml,def,(Hold) <ALIMT >vaginal</ALIMT> (bladder)
VaginalBladderHold.RMBLabel,Vaginal vore (bladder),RMBLabel,VoreDefs\VorePath_Hold.xml,def,<ALIMT >vaginal</ALIMT> <ALIMT >vore</ALIMT> (bladder)
VaginalBladderHold.description,Bladder holding is where the predator shunts the prey into whichever genital is chosen and into their bladder for temporary storage.,description,VoreDefs\VorePath_Hold.xml,def,Bladder holding is where the predator shunts the prey into whichever genital is chosen and into their bladder for temporary storage.
CockBladderHold.label,(Hold) Cock (bladder),label,VoreDefs\VorePath_Hold.xml,def,(Hold) Cock (bladder)
CockBladderHold.RMBLabel,Cock vore (bladder),RMBLabel,VoreDefs\VorePath_Hold.xml,def,Cock <ALIMT >vore</ALIMT> (bladder)
CockBladderHold.description,Bladder holding is where the predator shunts the prey into whichever genital is chosen and into their bladder for temporary storage.,description,VoreDefs\VorePath_Hold.xml,def,Bladder holding is where the predator shunts the prey into whichever genital is chosen and into their bladder for temporary storage.
CleavageHold.label,(Hold) Cleavage,label,VoreDefs\VorePath_Hold.xml,def,(Hold) <ALIMT >cleavage</ALIMT>
CleavageHold.RMBLabel,Cleavage vore,RMBLabel,VoreDefs\VorePath_Hold.xml,def,<ALIMT >cleavage</ALIMT> <ALIMT >vore</ALIMT>
CleavageHold.description,Cleavage holding is where the predator shoves the prey into their cleavage for temporary storage.,description,VoreDefs\VorePath_Hold.xml,def,<ALIMT >cleavage</ALIMT> holding is where the predator shoves the prey into their <ALIMT >cleavage</ALIMT> for temporary storage.
MembraneHold.label,(Hold) Inside Membrane,label,VoreDefs\VorePath_Hold.xml,def,(Hold) Inside Membrane
MembraneHold.RMBLabel,Membrane vore,RMBLabel,VoreDefs\VorePath_Hold.xml,def,Membrane <ALIMT >vore</ALIMT>
MembraneHold.description,"Membrane holding is where the predator engulfs prey into their vague insides through an outer membrane, like a slime, for temporary storage.",description,VoreDefs\VorePath_Hold.xml,def,"Membrane holding is where the predator engulfs prey into their vague insides through an outer membrane, like a <ALIMT >slime</ALIMT>, for temporary storage."
NavelHold.label,(Hold) Navel,label,VoreDefs\VorePath_Hold.xml,def,(Hold) Navel
NavelHold.RMBLabel,Navel vore,RMBLabel,VoreDefs\VorePath_Hold.xml,def,Navel <ALIMT >vore</ALIMT>
NavelHold.description,Navel holding is where the predator stuffs prey into their navel for temporary storage.,description,VoreDefs\VorePath_Hold.xml,def,Navel holding is where the predator stuffs prey into their navel for temporary storage.
TailmawHold.label,(Hold) Tailmaw,label,VoreDefs\VorePath_Hold.xml,def,(Hold) Tailmaw
TailmawHold.RMBLabel,Tail vore,RMBLabel,VoreDefs\VorePath_Hold.xml,def,<ALIMT >tail</ALIMT> <ALIMT >vore</ALIMT>
TailmawHold.description,"Tailmaw holding is where a predator with a mouth in their tail swallows prey through said mouth, into their tail's throat, for temporary storage.",description,VoreDefs\VorePath_Hold.xml,def,"Tailmaw holding is where a predator with a mouth in their <ALIMT >tail</ALIMT> swallows prey through said mouth, into their <ALIMT >tail</ALIMT>'s throat, for temporary storage."
UdderHold.label,(Hold) Udder,label,VoreDefs\VorePath_Hold.xml,def,(Hold) Udder
UdderHold.RMBLabel,Udder vore,RMBLabel,VoreDefs\VorePath_Hold.xml,def,Udder <ALIMT >vore</ALIMT>
UdderHold.description,Udder holding is where the predator stuffs prey into their udder for temporary storage.,description,VoreDefs\VorePath_Hold.xml,def,Udder holding is where the predator stuffs prey into their udder for temporary storage.
CockBladderPleasure.label,(Pleasure) Cock (Bladder),label,VoreDefs\VorePath_Pleasure.xml,def,(Pleasure) Cock (Bladder)
CockBladderPleasure.RMBLabel,Cock vore (bladder),RMBLabel,VoreDefs\VorePath_Pleasure.xml,def,Cock <ALIMT >vore</ALIMT> (bladder)
CockBladderPleasure.description,Bladder pleasure is where the predator shunts the prey into whichever genital is chosen and into their bladder for mutual sexual pleasure.,description,VoreDefs\VorePath_Pleasure.xml,def,Bladder pleasure is where the predator shunts the prey into whichever genital is chosen and into their bladder for mutual <ALIMT >sexual</ALIMT> pleasure.
VaginalBladderPleasure.label,(Pleasure) Vaginal (Bladder),label,VoreDefs\VorePath_Pleasure.xml,def,(Pleasure) <ALIMT >vaginal</ALIMT> (Bladder)
VaginalBladderPleasure.RMBLabel,Vaginal vore (bladder),RMBLabel,VoreDefs\VorePath_Pleasure.xml,def,<ALIMT >vaginal</ALIMT> <ALIMT >vore</ALIMT> (bladder)
VaginalBladderPleasure.description,Bladder pleasure is where the predator shunts the prey into whichever genital is chosen and into their bladder for mutual sexual pleasure.,description,VoreDefs\VorePath_Pleasure.xml,def,Bladder pleasure is where the predator shunts the prey into whichever genital is chosen and into their bladder for mutual <ALIMT >sexual</ALIMT> pleasure.
CleavagePleasure.label,(Pleasure) Cleavage,label,VoreDefs\VorePath_Pleasure.xml,def,(Pleasure) <ALIMT >cleavage</ALIMT>
CleavagePleasure.RMBLabel,Cleavage vore,RMBLabel,VoreDefs\VorePath_Pleasure.xml,def,<ALIMT >cleavage</ALIMT> <ALIMT >vore</ALIMT>
CleavagePleasure.description,Cleavage pleasure is where the predator shoves they prey down their cleavage into a surgically-added hole in the chest for mutual sexual pleasure.,description,VoreDefs\VorePath_Pleasure.xml,def,<ALIMT >cleavage</ALIMT> pleasure is where the predator shoves they prey down their <ALIMT >cleavage</ALIMT> into a surgically-added hole in the chest for mutual <ALIMT >sexual</ALIMT> pleasure.
MembranePleasure.label,(Pleasure) Inside Membrane,label,VoreDefs\VorePath_Pleasure.xml,def,(Pleasure) Inside Membrane
MembranePleasure.RMBLabel,Membrane vore,RMBLabel,VoreDefs\VorePath_Pleasure.xml,def,Membrane <ALIMT >vore</ALIMT>
MembranePleasure.description,"Membrane pleasure is where the predator engulfs prey into their vague insides through an outer membrane, like a slime, for mutual sexual pleasure.",description,VoreDefs\VorePath_Pleasure.xml,def,"Membrane pleasure is where the predator engulfs prey into their vague insides through an outer membrane, like a <ALIMT >slime</ALIMT>, for mutual <ALIMT >sexual</ALIMT> pleasure."
NavelPleasure.label,(Pleasure) Navel,label,VoreDefs\VorePath_Pleasure.xml,def,(Pleasure) Navel
NavelPleasure.RMBLabel,Navel vore,RMBLabel,VoreDefs\VorePath_Pleasure.xml,def,Navel <ALIMT >vore</ALIMT>
NavelPleasure.description,Navel pleasure is where the predator stuffs prey into their surgically-loosened navel for mutual sexual pleasure.,description,VoreDefs\VorePath_Pleasure.xml,def,Navel pleasure is where the predator stuffs prey into their surgically-loosened navel for mutual <ALIMT >sexual</ALIMT> pleasure.
TailmawPleasure.label,(Pleasure) Tailmaw,label,VoreDefs\VorePath_Pleasure.xml,def,(Pleasure) Tailmaw
TailmawPleasure.RMBLabel,Tail vore,RMBLabel,VoreDefs\VorePath_Pleasure.xml,def,<ALIMT >tail</ALIMT> <ALIMT >vore</ALIMT>
TailmawPleasure.description,"Tailmaw pleasure is where a predator with a mouth in their tail swallows prey through said mouth, into their tail's throat, for mutual sexual pleasure.",description,VoreDefs\VorePath_Pleasure.xml,def,"Tailmaw pleasure is where a predator with a mouth in their <ALIMT >tail</ALIMT> swallows prey through said mouth, into their <ALIMT >tail</ALIMT>'s throat, for mutual <ALIMT >sexual</ALIMT> pleasure."
UdderPleasure.label,(Pleasure) Udder,label,VoreDefs\VorePath_Pleasure.xml,def,(Pleasure) Udder
UdderPleasure.RMBLabel,Udder vore,RMBLabel,VoreDefs\VorePath_Pleasure.xml,def,Udder <ALIMT >vore</ALIMT>
UdderPleasure.description,Udder pleasure is where the predator stuffs prey through their teat into their udder for mutual sexual pleasure.,description,VoreDefs\VorePath_Pleasure.xml,def,Udder pleasure is where the predator stuffs prey through their teat into their udder for mutual <ALIMT >sexual</ALIMT> pleasure.
VaginalBladderStore.label,(Store) Vaginal (bladder),label,VoreDefs\VorePath_Store.xml,def,(Store) <ALIMT >vaginal</ALIMT> (bladder)
VaginalBladderStore.RMBLabel,Vaginal vore,RMBLabel,VoreDefs\VorePath_Store.xml,def,<ALIMT >vaginal</ALIMT> <ALIMT >vore</ALIMT>
VaginalBladderStore.description,Bladder storage is where the predator shunts the prey into whichever genital is chosen and into their bladder for indefinite storage.,description,VoreDefs\VorePath_Store.xml,def,Bladder storage is where the predator shunts the prey into whichever genital is chosen and into their bladder for indefinite storage.
CockBladderStore.label,(Store) Cock (bladder),label,VoreDefs\VorePath_Store.xml,def,(Store) Cock (bladder)
CockBladderStore.RMBLabel,Cock vore (bladder),RMBLabel,VoreDefs\VorePath_Store.xml,def,Cock <ALIMT >vore</ALIMT> (bladder)
CockBladderStore.description,Bladder storage is where the predator shunts the prey into whichever genital is chosen and into their bladder for indefinite storage.,description,VoreDefs\VorePath_Store.xml,def,Bladder storage is where the predator shunts the prey into whichever genital is chosen and into their bladder for indefinite storage.
CleavageStore.label,(Store) Cleavage,label,VoreDefs\VorePath_Store.xml,def,(Store) <ALIMT >cleavage</ALIMT>
CleavageStore.RMBLabel,Cleavage vore,RMBLabel,VoreDefs\VorePath_Store.xml,def,<ALIMT >cleavage</ALIMT> <ALIMT >vore</ALIMT>
CleavageStore.description,Cleavage storage is where the predator shoves the prey into their cleavage for indefinite storage.,description,VoreDefs\VorePath_Store.xml,def,<ALIMT >cleavage</ALIMT> storage is where the predator shoves the prey into their <ALIMT >cleavage</ALIMT> for indefinite storage.
MembraneStore.label,(Store) Inside Membrane,label,VoreDefs\VorePath_Store.xml,def,(Store) Inside Membrane
MembraneStore.RMBLabel,Membrane vore,RMBLabel,VoreDefs\VorePath_Store.xml,def,Membrane <ALIMT >vore</ALIMT>
MembraneStore.description,"Membrane storage is where the predator engulfs prey into their vague insides through an outer membrane, like a slime, for indefinite storage.",description,VoreDefs\VorePath_Store.xml,def,"Membrane storage is where the predator engulfs prey into their vague insides through an outer membrane, like a <ALIMT >slime</ALIMT>, for indefinite storage."
NavelStore.label,(Store) Navel,label,VoreDefs\VorePath_Store.xml,def,(Store) Navel
NavelStore.RMBLabel,Navel vore,RMBLabel,VoreDefs\VorePath_Store.xml,def,Navel <ALIMT >vore</ALIMT>
NavelStore.description,Navel storage is where the predator stuffs prey into their navel for indefinite storage.,description,VoreDefs\VorePath_Store.xml,def,Navel storage is where the predator stuffs prey into their navel for indefinite storage.
TailmawStore.label,(Store) Tailmaw,label,VoreDefs\VorePath_Store.xml,def,(Store) Tailmaw
TailmawStore.RMBLabel,Tail vore,RMBLabel,VoreDefs\VorePath_Store.xml,def,<ALIMT >tail</ALIMT> <ALIMT >vore</ALIMT>
TailmawStore.description,"Tailmaw storage is where a predator with a mouth in their tail swallows prey through said mouth, into their tail's throat, for indefinite storage.",description,VoreDefs\VorePath_Store.xml,def,"Tailmaw storage is where a predator with a mouth in their <ALIMT >tail</ALIMT> swallows prey through said mouth, into their <ALIMT >tail</ALIMT>'s throat, for indefinite storage."
UdderStore.label,(Store) Udder,label,VoreDefs\VorePath_Store.xml,def,(Store) Udder
UdderStore.RMBLabel,Udder vore,RMBLabel,VoreDefs\VorePath_Store.xml,def,Udder <ALIMT >vore</ALIMT>
UdderStore.description,Udder storage is where the predator stuffs prey into their udder for indefinite storage.,description,VoreDefs\VorePath_Store.xml,def,Udder storage is where the predator stuffs prey into their udder for indefinite storage.
Cleavage.label,Cleavage,label,VoreDefs\VoreType.xml,def,<ALIMT >cleavage</ALIMT>
CockBladder.label,Cock (bladder),label,VoreDefs\VoreType.xml,def,Cock (bladder)
Membrane.label,Membrane,label,VoreDefs\VoreType.xml,def,Membrane
Navel.label,Navel,label,VoreDefs\VoreType.xml,def,Navel
Tailmaw.label,Tail (mouth),label,VoreDefs\VoreType.xml,def,<ALIMT >tail</ALIMT> (mouth)
Udder.label,Udder,label,VoreDefs\VoreType.xml,def,Udder
VaginalBladder.label,Vaginal (bladder),label,VoreDefs\VoreType.xml,def,<ALIMT >vaginal</ALIMT> (bladder)
