key,text,tag,file,type,protected_text,translated
RV2_ChemfuelConversionEnzymes.label,Damage caused by olifaction.,label,DamageDefs\Damages_Vore.xml,def,Damage caused by olifaction.,橄榄石作用造成的伤害。
RV2_ChemfuelConversionEnzymes.deathMessage,{0} has been melted into chemfuel.,deathMessage,DamageDefs\Damages_Vore.xml,def,<ALIMT >(PH_1)</ALIMT> has been melted into chemfuel.,{0}已熔化为化合燃料。
RV2_EggConversionEnzymes.label,Damage caused by ovifaction.,label,DamageDefs\Damages_Vore.xml,def,Damage caused by ovifaction.,产卵造成的伤害。
RV2_EggConversionEnzymes.deathMessage,{0} has been melted into eggs.,deathMessage,DamageDefs\Damages_Vore.xml,def,<ALIMT >(PH_1)</ALIMT> has been melted into eggs.,{0}已经被融化成卵了。
RV2_UrineConversionEnzymes.label,Damage caused by urifaction.,label,DamageDefs\Damages_Vore.xml,def,Damage caused by urifaction.,分裂造成的伤害。
RV2_UrineConversionEnzymes.deathMessage,{0} has been melted into piss.,deathMessage,DamageDefs\Damages_Vore.xml,def,<ALIMT >(PH_1)</ALIMT> has been melted into piss.,{0}已经融化成尿了。
RV2_AssimilationAvulsion.label,Damage caused by tearing a partially-assimilated pawn free from their predator.,label,DamageDefs\Damages_Vore.xml,def,Damage caused by tearing a partially-assimilated <ALIMT >(PH_1)</ALIMT> free from their predator.,撕裂部分同化物所造成的伤害pawn摆脱它们的捕食者。
RV2_AssimilationAvulsion.deathMessage,{0} has been fully-assimilated.,deathMessage,DamageDefs\Damages_Vore.xml,def,<ALIMT >(PH_1)</ALIMT> has been fully-assimilated.,{0}已被完全同化。
RV2_ChemfuelConversionEnzymes.labelNoun,Oleifying enzymes,labelNoun,HediffDefs\Hediffs_Acid.xml,def,Oleifying enzymes,使酶
RV2_EggConversionEnzymes.labelNoun,Ovifying enzymes,labelNoun,HediffDefs\Hediffs_Acid.xml,def,Ovifying enzymes,产卵酶
RV2_UrineConversionEnzymes.labelNoun,Urifying enzymes,labelNoun,HediffDefs\Hediffs_Acid.xml,def,Urifying enzymes,裂解酶
RV2_AssimilationAvulsion.labelNoun,Aborted assimilation,labelNoun,HediffDefs\Hediffs_Acid.xml,def,Aborted assimilation,同化中止
RV2_DigestionRecovery.labelNoun,Digestion recovery,labelNoun,HediffDefs\Hediffs_Acid.xml,def,Digestion recovery,消化能力
RV2_DigestionRecovery.description,"This pawn is recovering from almost being digested.\nIf they were to be digested again, the progress would pick up at this hediff's level!",description,HediffDefs\Hediffs_Acid.xml,def,"This <ALIMT >(PH_2)</ALIMT> is recovering from almost being digested.<ALIMT >(PH_1)</ALIMT>If they were to be digested again, the progress would pick up at this hediff's level!","这个pawn正在从被消化中恢复。
如果它们再次被消化，进度将在这个黑体的水平上回升!"
RV2_DigestionRecovery.stages.0.label,Digestion recovery (<25%),label,HediffDefs\Hediffs_Acid.xml,def,Digestion recovery (<25%),消化恢复 (<25%)
RV2_DigestionRecovery.stages.1.label,Digestion recovery (>25%),label,HediffDefs\Hediffs_Acid.xml,def,Digestion recovery (>25%),消化回收率 (> 25%)
RV2_DigestionRecovery.stages.2.label,Digestion recovery (>50%),label,HediffDefs\Hediffs_Acid.xml,def,Digestion recovery (>50%),消化回收率 (> 50%)
RV2_DigestionRecovery.stages.3.label,Digestion recovery (>75%),label,HediffDefs\Hediffs_Acid.xml,def,Digestion recovery (>75%),消化回收率 (> 75%)
RV2_AssimilatedLips_Temporary.label,Assimilated lips,label,HediffDefs\Hediffs_Cosmetic.xml,def,Assimilated lips,嘴唇被同化
RV2_AssimilatedLips_Temporary.description,Lips temporarily fattened with assimilated prey.,description,HediffDefs\Hediffs_Cosmetic.xml,def,Lips temporarily fattened with assimilated prey.,因被同化的猎物而暂时发胖的嘴唇。
RV2_AssimilatedLips_Temporary.stages.0.label,Full,label,HediffDefs\Hediffs_Cosmetic.xml,def,Full,满
RV2_AssimilatedLips_Temporary.stages.1.label,Plump,label,HediffDefs\Hediffs_Cosmetic.xml,def,Plump,肥胖
RV2_AssimilatedLips_Temporary.stages.2.label,Bloated,label,HediffDefs\Hediffs_Cosmetic.xml,def,Bloated,臃肿
RV2_AssimilatedLips_Scarred.label,Assimilated lips (scarred),label,HediffDefs\Hediffs_Cosmetic.xml,def,Assimilated lips (scarred),被同化的嘴唇 (伤痕累累)
RV2_AssimilatedLips_Scarred.description,Lips scarred with assimilated prey.,description,HediffDefs\Hediffs_Cosmetic.xml,def,Lips scarred with assimilated prey.,被同化的猎物留下疤痕的嘴唇。
RV2_AssimilatedLips_Scarred.stages.0.label,Uneven,label,HediffDefs\Hediffs_Cosmetic.xml,def,Uneven,不平衡
RV2_AssimilatedLips_Scarred.stages.1.label,Bulging,label,HediffDefs\Hediffs_Cosmetic.xml,def,Bulging,鼓鼓囊囊
RV2_AssimilatedLips_Scarred.stages.2.label,Bloated,label,HediffDefs\Hediffs_Cosmetic.xml,def,Bloated,臃肿
RV2_AssimilatedLips_Beautiful.label,Assimilated lips (beautiful),label,HediffDefs\Hediffs_Cosmetic.xml,def,Assimilated lips (beautiful),被同化的嘴唇 (美丽)
RV2_AssimilatedLips_Beautiful.description,Lips beautifully fattened with assimilated prey.,description,HediffDefs\Hediffs_Cosmetic.xml,def,Lips beautifully fattened with assimilated prey.,与被同化的猎物完美结合的双唇。
RV2_AssimilatedLips_Beautiful.stages.0.label,Full,label,HediffDefs\Hediffs_Cosmetic.xml,def,Full,满
RV2_AssimilatedLips_Beautiful.stages.1.label,Plump,label,HediffDefs\Hediffs_Cosmetic.xml,def,Plump,肥胖
RV2_AssimilatedLips_Beautiful.stages.2.label,Stunning,label,HediffDefs\Hediffs_Cosmetic.xml,def,Stunning,迷人
RV2_AssimilatedAss_Temporary.label,Assimilated ass,label,HediffDefs\Hediffs_Cosmetic.xml,def,Assimilated <ALIMT >ass</ALIMT>,被同化屁股
RV2_AssimilatedAss_Temporary.description,Butt cheeks temporarily fattened with assimilated prey.,description,HediffDefs\Hediffs_Cosmetic.xml,def,Butt cheeks temporarily fattened with assimilated prey.,被同化的猎物暂时变成了肥肉的屁股。
RV2_AssimilatedAss_Temporary.stages.0.label,Hefty,label,HediffDefs\Hediffs_Cosmetic.xml,def,Hefty,沉重
RV2_AssimilatedAss_Temporary.stages.1.label,Full,label,HediffDefs\Hediffs_Cosmetic.xml,def,Full,满
RV2_AssimilatedAss_Temporary.stages.2.label,Morbidly big,label,HediffDefs\Hediffs_Cosmetic.xml,def,Morbidly big,病态大
RV2_AssimilatedAss_Scarred.label,Assimilated ass (scarred),label,HediffDefs\Hediffs_Cosmetic.xml,def,Assimilated <ALIMT >ass</ALIMT> (scarred),被同化屁股(烧伤者)
RV2_AssimilatedAss_Scarred.description,Butt cheeks scarred with assimilated prey.,description,HediffDefs\Hediffs_Cosmetic.xml,def,Butt cheeks scarred with assimilated prey.,被同化的猎物拍打屁股。
RV2_AssimilatedAss_Scarred.stages.0.label,Lumpy,label,HediffDefs\Hediffs_Cosmetic.xml,def,Lumpy,粗糙
RV2_AssimilatedAss_Scarred.stages.1.label,Corpulent,label,HediffDefs\Hediffs_Cosmetic.xml,def,Corpulent,肥胖
RV2_AssimilatedAss_Scarred.stages.2.label,Morbidly big,label,HediffDefs\Hediffs_Cosmetic.xml,def,Morbidly big,病态大
RV2_AssimilatedAss_Beautiful.label,Assimilated ass (beautiful),label,HediffDefs\Hediffs_Cosmetic.xml,def,Assimilated <ALIMT >ass</ALIMT> (beautiful),被同化屁股(美丽)
RV2_AssimilatedAss_Beautiful.description,Butt cheeks beautifully fattened with assimilated prey.,description,HediffDefs\Hediffs_Cosmetic.xml,def,Butt cheeks beautifully fattened with assimilated prey.,与被同化的猎物 Butt 好的屁股。
RV2_AssimilatedAss_Beautiful.stages.0.label,Hefty,label,HediffDefs\Hediffs_Cosmetic.xml,def,Hefty,沉重
RV2_AssimilatedAss_Beautiful.stages.1.label,Full,label,HediffDefs\Hediffs_Cosmetic.xml,def,Full,满
RV2_AssimilatedAss_Beautiful.stages.2.label,Voluptuous,label,HediffDefs\Hediffs_Cosmetic.xml,def,Voluptuous,性感
RV2_AssimilatedLabia_Temporary.label,Assimilated labia,label,HediffDefs\Hediffs_Cosmetic.xml,def,Assimilated <ALIMT >labia</ALIMT>,被同化阴唇
RV2_AssimilatedLabia_Temporary.description,Labia temporarily fattened with assimilated prey.,description,HediffDefs\Hediffs_Cosmetic.xml,def,<ALIMT >labia</ALIMT> temporarily fattened with assimilated prey.,阴唇被同化的猎物暂时哺育。
RV2_AssimilatedLabia_Temporary.stages.0.label,Puffy,label,HediffDefs\Hediffs_Cosmetic.xml,def,Puffy,蓬松
RV2_AssimilatedLabia_Temporary.stages.1.label,Fat,label,HediffDefs\Hediffs_Cosmetic.xml,def,Fat,肥胖
RV2_AssimilatedLabia_Temporary.stages.2.label,Morbidly big,label,HediffDefs\Hediffs_Cosmetic.xml,def,Morbidly big,病态大
RV2_AssimilatedLabia_Scarred.label,Assimilated labia (scarred),label,HediffDefs\Hediffs_Cosmetic.xml,def,Assimilated <ALIMT >labia</ALIMT> (scarred),被同化阴唇(烧伤者)
RV2_AssimilatedLabia_Scarred.description,Labia scarred with assimilated prey.,description,HediffDefs\Hediffs_Cosmetic.xml,def,<ALIMT >labia</ALIMT> scarred with assimilated prey.,阴唇被同化的猎物砸中。
RV2_AssimilatedLabia_Scarred.stages.0.label,Hackjob,label,HediffDefs\Hediffs_Cosmetic.xml,def,Hackjob,黑客工作
RV2_AssimilatedLabia_Scarred.stages.1.label,Mangled,label,HediffDefs\Hediffs_Cosmetic.xml,def,Mangled,受伤
RV2_AssimilatedLabia_Scarred.stages.2.label,Disturbing,label,HediffDefs\Hediffs_Cosmetic.xml,def,Disturbing,扰乱
RV2_AssimilatedLabia_Beautiful.label,Assimilated labia (beautiful),label,HediffDefs\Hediffs_Cosmetic.xml,def,Assimilated <ALIMT >labia</ALIMT> (beautiful),被同化阴唇(美丽)
RV2_AssimilatedLabia_Beautiful.description,Labia beautifully fattened with assimilated prey.,description,HediffDefs\Hediffs_Cosmetic.xml,def,<ALIMT >labia</ALIMT> beautifully fattened with assimilated prey.,阴唇被吸收的猎物长有漂亮的肥猪。
RV2_AssimilatedLabia_Beautiful.stages.0.label,Puffy,label,HediffDefs\Hediffs_Cosmetic.xml,def,Puffy,蓬松
RV2_AssimilatedLabia_Beautiful.stages.1.label,Fat,label,HediffDefs\Hediffs_Cosmetic.xml,def,Fat,肥胖
RV2_AssimilatedLabia_Beautiful.stages.2.label,Irresistible,label,HediffDefs\Hediffs_Cosmetic.xml,def,Irresistible,不可抗拒
RV2_AssimilatedBelly_Temporary.label,Assimilated belly,label,HediffDefs\Hediffs_Cosmetic.xml,def,Assimilated belly,腹部被同化
RV2_AssimilatedBelly_Temporary.description,Belly temporarily fattened with assimilated prey.,description,HediffDefs\Hediffs_Cosmetic.xml,def,Belly temporarily fattened with assimilated prey.,被同化的猎物暂时哺育的腹部。
RV2_AssimilatedBelly_Temporary.stages.0.label,Paunch,label,HediffDefs\Hediffs_Cosmetic.xml,def,Paunch,大肠子
RV2_AssimilatedBelly_Temporary.stages.1.label,Pot belly,label,HediffDefs\Hediffs_Cosmetic.xml,def,Pot belly,锅盖
RV2_AssimilatedBelly_Temporary.stages.2.label,Blob,label,HediffDefs\Hediffs_Cosmetic.xml,def,Blob,斑点
RV2_AssimilatedBelly_Scarred.label,Assimilated belly (scarred),label,HediffDefs\Hediffs_Cosmetic.xml,def,Assimilated belly (scarred),被同化的腹部 (疤痕)
RV2_AssimilatedBelly_Scarred.description,Belly scarred with assimilated prey.,description,HediffDefs\Hediffs_Cosmetic.xml,def,Belly scarred with assimilated prey.,腹部与被同化的猎物擦肩而过。
RV2_AssimilatedBelly_Scarred.stages.0.label,Lumpy,label,HediffDefs\Hediffs_Cosmetic.xml,def,Lumpy,粗糙
RV2_AssimilatedBelly_Scarred.stages.1.label,Distended,label,HediffDefs\Hediffs_Cosmetic.xml,def,Distended,扩张
RV2_AssimilatedBelly_Scarred.stages.2.label,Blob,label,HediffDefs\Hediffs_Cosmetic.xml,def,Blob,斑点
RV2_AssimilatedBelly_Beautiful.label,Assimilated belly (beautiful),label,HediffDefs\Hediffs_Cosmetic.xml,def,Assimilated belly (beautiful),被同化的腹部 (美丽)
RV2_AssimilatedBelly_Beautiful.description,Belly beautifully fattened with assimilated prey.,description,HediffDefs\Hediffs_Cosmetic.xml,def,Belly beautifully fattened with assimilated prey.,与被吸收的猎物完美结合的大肚子。
RV2_AssimilatedBelly_Beautiful.stages.0.label,Paunch,label,HediffDefs\Hediffs_Cosmetic.xml,def,Paunch,大肠子
RV2_AssimilatedBelly_Beautiful.stages.1.label,Pot belly,label,HediffDefs\Hediffs_Cosmetic.xml,def,Pot belly,锅盖
RV2_AssimilatedBelly_Beautiful.stages.2.label,Voluminous,label,HediffDefs\Hediffs_Cosmetic.xml,def,Voluminous,宽松
RV2_PreyInAnusAmalgamating.label,Prey in Buttocks,label,HediffDefs\Hediffs_Vore.xml,def,Prey in Buttocks,臀部被捕食
RV2_PreyInAnusAmalgamating.description,This pawn is storing absorbed prey as sapient butt-fat.,description,HediffDefs\Hediffs_Vore.xml,def,This <ALIMT >(PH_1)</ALIMT> is storing absorbed prey as sapient butt-fat.,这个pawn正在将被吸收的猎物储存为健康的屁股脂肪。
RV2_PreyInAnusAssimilating.label,Prey in Buttocks,label,HediffDefs\Hediffs_Vore.xml,def,Prey in Buttocks,臀部被捕食
RV2_PreyInAnusAssimilating.description,This pawn is fully-absorbing their prey into their buttocks.,description,HediffDefs\Hediffs_Vore.xml,def,This <ALIMT >(PH_1)</ALIMT> is fully-absorbing their prey into their buttocks.,这个pawn正在完全吸收它们的猎物到屁股里。
RV2_PreyInAnusContacting.label,Prey in Buttocks,label,HediffDefs\Hediffs_Vore.xml,def,Prey in Buttocks,臀部被捕食
RV2_PreyInAnusContacting.description,"This pawn is having some form of anal intercourse, with intent to absorb.",description,HediffDefs\Hediffs_Vore.xml,def,"This <ALIMT >(PH_1)</ALIMT> is having some form of <ALIMT ><ALIMT >anal</ALIMT> <ALIMT >intercourse</ALIMT></ALIMT>, with intent to absorb.",这个pawn正在进行某种形式的<ALIMT >analintercourse</ALIMT>，意图吸收。
RV2_PreyInAnusLoosening.label,Prey in Buttocks,label,HediffDefs\Hediffs_Vore.xml,def,Prey in Buttocks,臀部被捕食
RV2_PreyInAnusLoosening.description,This pawn is warming up and loosening their anus for absorption.,description,HediffDefs\Hediffs_Vore.xml,def,This <ALIMT >(PH_1)</ALIMT> is warming up and loosening their <ALIMT >anus</ALIMT> for absorption.,这个pawn正在升温和放松他们的肛门为了吸收。
RV2_PreyInAnusPurging.label,Prey in Buttocks,label,HediffDefs\Hediffs_Vore.xml,def,Prey in Buttocks,臀部被捕食
RV2_PreyInAnusPurging.description,This pawn is removing any unassimilated remains from their butt.,description,HediffDefs\Hediffs_Vore.xml,def,This <ALIMT >(PH_1)</ALIMT> is removing any unassimilated remains from their butt.,这个pawn正在移除所有未同化的残骸。
RV2_PreyInAnusReshaping.label,Prey in Buttocks,label,HediffDefs\Hediffs_Vore.xml,def,Prey in Buttocks,臀部被捕食
RV2_PreyInAnusReshaping.description,This pawn is reshaping prey stored as butt-fat for release.,description,HediffDefs\Hediffs_Vore.xml,def,This <ALIMT >(PH_1)</ALIMT> is reshaping prey stored as butt-fat for release.,这个pawn正在重塑储存为屁股脂肪的猎物。
RV2_PreyInBladder.label,Prey in Bladder,label,HediffDefs\Hediffs_Vore.xml,def,Prey in Bladder,膀胱内的猎物
RV2_PreyInBladderPassing.description,This pawn is moving prey even deeper than their bladder.,description,HediffDefs\Hediffs_Vore.xml,def,This <ALIMT >(PH_1)</ALIMT> is moving prey even deeper than their bladder.,这个pawn移动的猎物比他们的膀胱更深。
RV2_PreyInBladderPleasuring.description,This pawn is being pleasured internally by the prey in their bladder.,description,HediffDefs\Hediffs_Vore.xml,def,This <ALIMT >(PH_1)</ALIMT> is being pleasured internally by the prey in their bladder.,这个pawn被囊中的猎物刺激到体内。
RV2_PreyInBladderStoring.description,This pawn is holding someone in their bladder for storage.,description,HediffDefs\Hediffs_Vore.xml,def,This <ALIMT >(PH_1)</ALIMT> is holding someone in their bladder for storage.,这个pawn正在将某人囊中储存。
RV2_PreyInBladderWarming.description,This pawn is preparing to do something to a pawn in their bladder.,description,HediffDefs\Hediffs_Vore.xml,def,This <ALIMT >(PH_2)</ALIMT> is preparing to do something to a <ALIMT >(PH_1)</ALIMT> in their bladder.,这个pawn正在准备对一个pawn在他们的膀胱里。
RV2_PreyInBreastsAmalgamating.description,This pawn is storing absorbed prey as sapient breast-fat.,description,HediffDefs\Hediffs_Vore.xml,def,This <ALIMT >(PH_1)</ALIMT> is storing absorbed prey as sapient <ALIMT >breast</ALIMT>-fat.,这个pawn正在储存被吸收的猎物乳房-很胖。
RV2_PreyInBreastsAssimilating.description,This pawn is fully-absorbing their prey into their breasts.,description,HediffDefs\Hediffs_Vore.xml,def,This <ALIMT >(PH_1)</ALIMT> is fully-absorbing their prey into their <ALIMT >breasts</ALIMT>.,这个pawn完全吸收它们的猎物乳房没有。
RV2_PreyInBreastsConvertingChemfuel.description,This pawn is turning what's left of someone into chemfuel.,description,HediffDefs\Hediffs_Vore.xml,def,This <ALIMT >(PH_1)</ALIMT> is turning what's left of someone into chemfuel.,这个pawn正在将剩余的某人化作燃料。
RV2_PreyInCleavage.label,Prey in Cleavage,label,HediffDefs\Hediffs_Vore.xml,def,Prey in <ALIMT >cleavage</ALIMT>,捕食乳沟
RV2_PreyInCleavageExiting.description,This pawn is releasing prey from their cleavage.,description,HediffDefs\Hediffs_Vore.xml,def,This <ALIMT >(PH_1)</ALIMT> is releasing prey from their <ALIMT >cleavage</ALIMT>.,这个pawn正在释放猎物乳沟没有。
RV2_PreyInCleavageContacting.description,This pawn is beginning to absorb a prey into their cleavage.,description,HediffDefs\Hediffs_Vore.xml,def,This <ALIMT >(PH_1)</ALIMT> is beginning to absorb a prey into their <ALIMT >cleavage</ALIMT>.,这个pawn开始将猎物吸收入乳沟没有。
RV2_PreyInCleavageLoosening.description,This pawn is warming up and loosening their cleavage for absorption.,description,HediffDefs\Hediffs_Vore.xml,def,This <ALIMT >(PH_1)</ALIMT> is warming up and loosening their <ALIMT >cleavage</ALIMT> for absorption.,这个pawn正在升温和放松他们的乳沟为了吸收。
RV2_PreyInCleavagePassing.description,This pawn is shoving their prey down their cleavage.,description,HediffDefs\Hediffs_Vore.xml,def,This <ALIMT >(PH_1)</ALIMT> is shoving their prey down their <ALIMT >cleavage</ALIMT>.,这个pawn正在将猎物压倒乳沟没有。
RV2_PreyInCleavagePleasuring.description,This pawn is giving their prey a full-body titjob.,description,HediffDefs\Hediffs_Vore.xml,def,This <ALIMT >(PH_1)</ALIMT> is giving their prey a full-body titjob.,这个pawn正在对猎物进行全身放血。
RV2_PreyInCleavageStoring.description,This pawn is holding someone in their cleavage for storage.,description,HediffDefs\Hediffs_Vore.xml,def,This <ALIMT >(PH_1)</ALIMT> is holding someone in their <ALIMT >cleavage</ALIMT> for storage.,这个pawn收容了某人乳沟用于储存。
RV2_PreyInCleavagePurging.description,This pawn is removing any unassimilated remains from their cleavage.,description,HediffDefs\Hediffs_Vore.xml,def,This <ALIMT >(PH_1)</ALIMT> is removing any unassimilated remains from their <ALIMT >cleavage</ALIMT>.,这个pawn正在移除任何未同化的残骸乳沟没有。
RV2_PreyInCleavageReshaping.description,This pawn is reshaping prey stored as breast-fat for release.,description,HediffDefs\Hediffs_Vore.xml,def,This <ALIMT >(PH_1)</ALIMT> is reshaping prey stored as <ALIMT >breast</ALIMT>-fat for release.,这个pawn正在将重塑猎物储存为乳房-需要释放脂肪。
RV2_PreyInCockAmalgamating.description,This pawn is storing absorbed prey as sapient cock-meat.,description,HediffDefs\Hediffs_Vore.xml,def,This <ALIMT >(PH_1)</ALIMT> is storing absorbed prey as sapient cock-meat.,这个pawn正在将被吸收的猎物储存为智慧的公鸡肉。
RV2_PreyInCockAssimilating.description,This pawn is fully-absorbing their prey into their cock.,description,HediffDefs\Hediffs_Vore.xml,def,This <ALIMT >(PH_1)</ALIMT> is fully-absorbing their prey into their cock.,这个pawn正在完全吸收它们的猎物到它们的公鸡体内。
RV2_PreyInCockContacting.description,"This pawn is having some form of penile intercourse, with intent to absorb.",description,HediffDefs\Hediffs_Vore.xml,def,"This <ALIMT >(PH_1)</ALIMT> is having some form of penile <ALIMT >intercourse</ALIMT>, with intent to absorb.","这个pawn拥有某种阴茎性交,意图吸收。"
RV2_PreyInCockLoosening.description,This pawn is warming up and loosening their cock for absorption.,description,HediffDefs\Hediffs_Vore.xml,def,This <ALIMT >(PH_1)</ALIMT> is warming up and loosening their cock for absorption.,这个pawn正在预热并放松他们的公鸡以使其吸收。
RV2_PreyInCockPurging.description,This pawn is removing any unassimilated remains from their penis.,description,HediffDefs\Hediffs_Vore.xml,def,This <ALIMT >(PH_1)</ALIMT> is removing any unassimilated remains from their <ALIMT >penis</ALIMT>.,这个pawn正在移除任何未同化的残骸阳具/屌没有。
RV2_PreyInCockReshaping.description,This pawn is reshaping prey stored as cock-meat for release.,description,HediffDefs\Hediffs_Vore.xml,def,This <ALIMT >(PH_1)</ALIMT> is reshaping prey stored as cock-meat for release.,这个pawn正在重塑储存为公鸡肉的猎物。
RV2_PreyInKidney.label,Prey in Kidney,label,HediffDefs\Hediffs_Vore.xml,def,Prey in Kidney,肾脏内的猎物
RV2_PreyInKidneyConvertingUrine.description,This pawn is turning what's left of someone into urine.,description,HediffDefs\Hediffs_Vore.xml,def,This <ALIMT >(PH_1)</ALIMT> is turning what's left of someone into urine.,这个pawn正在将剩余的某人变成尿。
RV2_PreyInKidneyDissolving.description,This pawn is melting living prey down in their kidney. This is non-nutritious.,description,HediffDefs\Hediffs_Vore.xml,def,This <ALIMT >(PH_1)</ALIMT> is melting living prey down in their kidney. This is non-nutritious.,这个pawn正在将活着的猎物的肾脏融化。这是没有营养的。
RV2_PreyInKidneyMushing.description,This pawn is breaking down dead prey in their kidney. This is non-nutritious.,description,HediffDefs\Hediffs_Vore.xml,def,This <ALIMT >(PH_1)</ALIMT> is breaking down dead prey in their kidney. This is non-nutritious.,这个pawn正在将猎物的肾脏分解。这是没有营养的。
RV2_PreyInInsides.label,Prey Inside,label,HediffDefs\Hediffs_Vore.xml,def,Prey Inside,里面有猎物
RV2_PreyInInsidesChurning.description,This pawn is breaking down dead prey within their gelatinous body.,description,HediffDefs\Hediffs_Vore.xml,def,This <ALIMT >(PH_1)</ALIMT> is breaking down dead prey within their gelatinous body.,这个pawn正在将猎物分解成凝胶状的尸体。
RV2_PreyInInsidesDigesting.description,This pawn is digesting living prey within their gelatinous body.,description,HediffDefs\Hediffs_Vore.xml,def,This <ALIMT >(PH_1)</ALIMT> is digesting living prey within their gelatinous body.,这个pawn正在消化凝胶状体内的活着猎物。
RV2_PreyInInsidesProcessing.description,This pawn is absorbing what's left of someone within their gelatinous body.,description,HediffDefs\Hediffs_Vore.xml,def,This <ALIMT >(PH_1)</ALIMT> is absorbing what's left of someone within their gelatinous body.,这个pawn正在吸收凝胶状身体内的剩余部分。
RV2_PreyInInsidesPleasuring.description,This pawn is being pleasured internally by the prey within their gelatinous body.,description,HediffDefs\Hediffs_Vore.xml,def,This <ALIMT >(PH_1)</ALIMT> is being pleasured internally by the prey within their gelatinous body.,这个pawn正在被凝胶状躯体内的猎物所愉悦。
RV2_PreyInInsidesStoring.description,This pawn is holding someone within their gelatinous body for storage.,description,HediffDefs\Hediffs_Vore.xml,def,This <ALIMT >(PH_1)</ALIMT> is holding someone within their gelatinous body for storage.,这个pawn将某人关在凝胶内储存。
RV2_PreyInInsidesWarming.description,This pawn is preparing to do something to a pawn within their gelatinous body.,description,HediffDefs\Hediffs_Vore.xml,def,This <ALIMT >(PH_2)</ALIMT> is preparing to do something to a <ALIMT >(PH_1)</ALIMT> within their gelatinous body.,这个pawn正在准备对一个pawn在其凝胶状身体内。
RV2_PreyInMembrane.label,Prey in Membrane,label,HediffDefs\Hediffs_Vore.xml,def,Prey in Membrane,薄膜猎物
RV2_PreyInMembraneDumping.description,This pawn is shedding what remains of their prey from their outer membrane.,description,HediffDefs\Hediffs_Vore.xml,def,This <ALIMT >(PH_1)</ALIMT> is shedding what remains of their prey from their outer membrane.,这个pawn正在将猎物的残骸从外膜上脱落。
RV2_PreyInMembraneExiting.description,This pawn is releasing prey from their outer membrane.,description,HediffDefs\Hediffs_Vore.xml,def,This <ALIMT >(PH_1)</ALIMT> is releasing prey from their outer membrane.,这个pawn正在将猎物从外膜中释放出来。
RV2_PreyInMembranePassing.description,This pawn is shoving their prey through their outer membrane.,description,HediffDefs\Hediffs_Vore.xml,def,This <ALIMT >(PH_1)</ALIMT> is shoving their prey through their outer membrane.,这个pawn正在将猎物塞进外膜。
RV2_PreyInMembranePleasuring.description,This pawn is giving their prey a full-body massage with their outer membrane.,description,HediffDefs\Hediffs_Vore.xml,def,This <ALIMT >(PH_1)</ALIMT> is giving their prey a full-body <ALIMT >massage</ALIMT> with their outer membrane.,这个pawn正在让猎物全身上下按摩有它们的外膜。
RV2_PreyInMouthAssimilating.label,Prey in Lips,label,HediffDefs\Hediffs_Vore.xml,def,Prey in Lips,嘴唇被捕食
RV2_PreyInMouthAssimilating.description,"This pawn is absorbing their prey into their lips, which obviously makes talking and breathing a little harder.",description,HediffDefs\Hediffs_Vore.xml,def,"This <ALIMT >(PH_1)</ALIMT> is absorbing their prey into their lips, which obviously makes talking and breathing a little harder.",这个pawn将猎物吸进嘴里，这显然让说话和呼吸变得更加困难。
RV2_PreyInMouthContacting.label,Prey in Lips,label,HediffDefs\Hediffs_Vore.xml,def,Prey in Lips,嘴唇被捕食
RV2_PreyInMouthContacting.description,"This pawn kissing or performing oral sex to their prey, with intent to absorb, which obviously makes talking and breathing a little harder.",description,HediffDefs\Hediffs_Vore.xml,def,"This <ALIMT >(PH_1)</ALIMT> kissing or performing <ALIMT >oral</ALIMT> <ALIMT >sex</ALIMT> to their prey, with intent to absorb, which obviously makes talking and breathing a little harder.",这个pawn亲吻或表演oralsex杀死它们的猎物，它们的呼吸能力会变得更加困难。
RV2_PreyInMouthLoosening.label,Prey in Lips,label,HediffDefs\Hediffs_Vore.xml,def,Prey in Lips,嘴唇被捕食
RV2_PreyInMouthLoosening.description,"This pawn is warming up and loosening their lips for absorption, which obviously makes talking and breathing a little harder.",description,HediffDefs\Hediffs_Vore.xml,def,"This <ALIMT >(PH_1)</ALIMT> is warming up and loosening their lips for absorption, which obviously makes talking and breathing a little harder.",这个pawn正在预热并放松嘴唇以进行吸收，这显然使说话和呼吸变得更加困难。
RV2_PreyInMouthPurging.label,Prey in Lips,label,HediffDefs\Hediffs_Vore.xml,def,Prey in Lips,嘴唇被捕食
RV2_PreyInMouthPurging.description,"This pawn is removing any unassimilated remains from their lips, which obviously makes talking and breathing a little harder.",description,HediffDefs\Hediffs_Vore.xml,def,"This <ALIMT >(PH_1)</ALIMT> is removing any unassimilated remains from their lips, which obviously makes talking and breathing a little harder.",这个pawn正在从他们的嘴唇上移除任何未同化的残骸，这显然使得交谈和呼吸变得更加困难。
RV2_PreyInMouthReshaping.label,Prey in Lips,label,HediffDefs\Hediffs_Vore.xml,def,Prey in Lips,嘴唇被捕食
RV2_PreyInMouthReshaping.description,"This pawn is reshaping prey stored as lip-flesh for release, which obviously makes talking and breathing a little harder.",description,HediffDefs\Hediffs_Vore.xml,def,"This <ALIMT >(PH_1)</ALIMT> is reshaping prey stored as lip-flesh for release, which obviously makes talking and breathing a little harder.",这个pawn正在重塑储存为唇肉的猎物以供释放，这显然使谈话和呼吸变得更加困难。
RV2_PreyInMouthAmalgamating.label,Prey in Lips,label,HediffDefs\Hediffs_Vore.xml,def,Prey in Lips,嘴唇被捕食
RV2_PreyInMouthAmalgamating.description,This pawn is storing absorbed prey as sapient lip-flesh.,description,HediffDefs\Hediffs_Vore.xml,def,This <ALIMT >(PH_1)</ALIMT> is storing absorbed prey as sapient lip-flesh.,这个pawn正在将被吸收的猎物储存为智慧的唇肉。
RV2_PreyInNavel.label,Prey in Navel,label,HediffDefs\Hediffs_Vore.xml,def,Prey in Navel,肚脐里有猎物
RV2_PreyInNavelContacting.description,This pawn is absorbing prey with their navel.,description,HediffDefs\Hediffs_Vore.xml,def,This <ALIMT >(PH_1)</ALIMT> is absorbing prey with their navel.,这个pawn正在用它们的肚脐吸收猎物。
RV2_PreyInNavelAmalgamating.description,This pawn is storing absorbed prey as a sapient potbelly.,description,HediffDefs\Hediffs_Vore.xml,def,This <ALIMT >(PH_1)</ALIMT> is storing absorbed prey as a sapient potbelly.,这个pawn正在将被吸收的猎物储存为智慧的大肚子。
RV2_PreyInNavelAssimilating.description,This pawn is fully-absorbing their prey into their navel.,description,HediffDefs\Hediffs_Vore.xml,def,This <ALIMT >(PH_1)</ALIMT> is fully-absorbing their prey into their navel.,这个pawn完全吸收它们的猎物放进肚脐。
RV2_PreyInNavelExiting.description,This pawn is releasing prey from their navel.,description,HediffDefs\Hediffs_Vore.xml,def,This <ALIMT >(PH_1)</ALIMT> is releasing prey from their navel.,这个pawn正在放生猎物。
RV2_PreyInNavelLoosening.description,This pawn is warming up and loosening their navel for absorption.,description,HediffDefs\Hediffs_Vore.xml,def,This <ALIMT >(PH_1)</ALIMT> is warming up and loosening their navel for absorption.,这个pawn正在热身，放松肚脐以寻求吸收。
RV2_PreyInNavelPassing.description,This pawn is shoving their prey into their navel.,description,HediffDefs\Hediffs_Vore.xml,def,This <ALIMT >(PH_1)</ALIMT> is shoving their prey into their navel.,这个pawn将猎物塞进他们的肚脐。
RV2_PreyInNavelPleasuring.description,This pawn is using their prey to penetrate their navel.,description,HediffDefs\Hediffs_Vore.xml,def,This <ALIMT >(PH_1)</ALIMT> is using their prey to penetrate their navel.,这个pawn正在利用它们的猎物穿透它们的肚脐。
RV2_PreyInNavelPurging.description,This pawn is removing any unassimilated remains from their navel.,description,HediffDefs\Hediffs_Vore.xml,def,This <ALIMT >(PH_1)</ALIMT> is removing any unassimilated remains from their navel.,这个pawn正在移除他们所有的未同化残骸。
RV2_PreyInNavelReshaping.description,This pawn is reshaping prey stored as a potbelly for release.,description,HediffDefs\Hediffs_Vore.xml,def,This <ALIMT >(PH_1)</ALIMT> is reshaping prey stored as a potbelly for release.,这个pawn正在重塑储存为大麻的猎物，以供释放。
RV2_PreyInNavelStoring.description,This pawn is holding someone in their navel for storage.,description,HediffDefs\Hediffs_Vore.xml,def,This <ALIMT >(PH_1)</ALIMT> is holding someone in their navel for storage.,这个pawn正抱着某人作为存储。
RV2_PreyInNippleAmalgamating.description,This pawn is storing absorbed prey as sapient nipple-flesh.,description,HediffDefs\Hediffs_Vore.xml,def,This <ALIMT >(PH_1)</ALIMT> is storing absorbed prey as sapient <ALIMT >nipple</ALIMT>-flesh.,这个pawn正在储存被吸收的猎物乳头-血肉。
RV2_PreyInNippleAssimilating.description,This pawn is fully absorbing their prey into their nipple.,description,HediffDefs\Hediffs_Vore.xml,def,This <ALIMT >(PH_1)</ALIMT> is fully absorbing their prey into their <ALIMT >nipple</ALIMT>.,这个pawn正在将猎物完全吸引入乳头没有。
RV2_PreyInNippleContacting.description,"This pawn is having their nipples sucked, with intent to absorb.",description,HediffDefs\Hediffs_Vore.xml,def,"This <ALIMT >(PH_1)</ALIMT> is having their <ALIMT >nipples</ALIMT> sucked, with intent to absorb.",这个pawn正在享用乳头吮吸，意图吸收。
RV2_PreyInNippleLoosening.description,This pawn is warming up and loosening their nipple for absorption.,description,HediffDefs\Hediffs_Vore.xml,def,This <ALIMT >(PH_1)</ALIMT> is warming up and loosening their <ALIMT >nipple</ALIMT> for absorption.,这个pawn正在升温和放松他们的乳头为了吸收。
RV2_PreyInNipplePurging.description,This pawn is removing any unassimilated remains from their nipple.,description,HediffDefs\Hediffs_Vore.xml,def,This <ALIMT >(PH_1)</ALIMT> is removing any unassimilated remains from their <ALIMT >nipple</ALIMT>.,这个pawn正在移除任何未同化的残骸乳头没有。
RV2_PreyInNippleReshaping.description,This pawn is reshaping prey stored as nipple-flesh for release.,description,HediffDefs\Hediffs_Vore.xml,def,This <ALIMT >(PH_1)</ALIMT> is reshaping prey stored as <ALIMT >nipple</ALIMT>-flesh for release.,这个pawn正在将重塑猎物储存为乳头-释放血肉。
RV2_PreyInOvary.label,Prey in Ovary,label,HediffDefs\Hediffs_Vore.xml,def,Prey in Ovary,卵巢内的猎物
RV2_PreyInOvaryConvertingEggs.description,This pawn is turning what's left of someone into eggs.,description,HediffDefs\Hediffs_Vore.xml,def,This <ALIMT >(PH_1)</ALIMT> is turning what's left of someone into eggs.,这个pawn正在把剩余的某人变成卵。
RV2_PreyInOvaryDissolving.description,This pawn is melting living prey down in their ovary. This is non-nutritious.,description,HediffDefs\Hediffs_Vore.xml,def,This <ALIMT >(PH_1)</ALIMT> is melting living prey down in their ovary. This is non-nutritious.,这个pawn正在将活着的猎物融化在它们的卵巢里。这是没有营养的。
RV2_PreyInOvaryMushing.description,This pawn is breaking down dead prey in their ovary. This is non-nutritious.,description,HediffDefs\Hediffs_Vore.xml,def,This <ALIMT >(PH_1)</ALIMT> is breaking down dead prey in their ovary. This is non-nutritious.,这个pawn正在分解卵巢中的死亡猎物。这是没有营养的。
RV2_PreyInOvaryWarming.description,This pawn is preparing to do something to a pawn in their ovary.,description,HediffDefs\Hediffs_Vore.xml,def,This <ALIMT >(PH_2)</ALIMT> is preparing to do something to a <ALIMT >(PH_1)</ALIMT> in their ovary.,这个pawn正在准备对一个pawn在它们的卵巢里。
RV2_PreyInTailmaw.label,Prey in Tailmaw,label,HediffDefs\Hediffs_Vore.xml,def,Prey in Tailmaw,尾 ma捕食
RV2_PreyInTailmawExiting.description,This pawn is spitting their prey out of their tailmaw.,description,HediffDefs\Hediffs_Vore.xml,def,This <ALIMT >(PH_1)</ALIMT> is spitting their prey out of their tailmaw.,这个pawn正在将猎物从一个突出的灵活附肢，是身体的一部分，通常从躯干的后部突出。不适用于没有腿的身体。里喷出。
RV2_PreyInTailmawPassing.description,This pawn is swallowing their prey through their tailmaw.,description,HediffDefs\Hediffs_Vore.xml,def,This <ALIMT >(PH_1)</ALIMT> is swallowing their prey through their tailmaw.,这个pawn正在通过一个突出的灵活附肢，是身体的一部分，通常从躯干的后部突出。不适用于没有腿的身体。吞噬猎物。
RV2_PreyInTailmawPleasuring.description,This pawn is performing oral sex on partially-swallowed prey with their tailmaw.,description,HediffDefs\Hediffs_Vore.xml,def,This <ALIMT >(PH_1)</ALIMT> is performing <ALIMT >oral</ALIMT> <ALIMT >sex</ALIMT> on partially-swallowed prey with their tailmaw.,这个pawn正在表演oralsex带着部分吞下的猎物和它们的一个突出的灵活附肢，是身体的一部分，通常从躯干的后部突出。不适用于没有腿的身体。。
RV2_PreyInTailthroat.label,Prey in Tail Throat,label,HediffDefs\Hediffs_Vore.xml,def,Prey in <ALIMT >tail</ALIMT> Throat,捕食一个突出的灵活附肢，是身体的一部分，通常从躯干的后部突出。不适用于没有腿的身体。咽喉
RV2_PreyInTailThroatPassing.description,This pawn is swallowing their prey down their tail-throat.,description,HediffDefs\Hediffs_Vore.xml,def,This <ALIMT >(PH_1)</ALIMT> is swallowing their prey down their <ALIMT >tail</ALIMT>-throat.,这个pawn正在将猎物吞噬一个突出的灵活附肢，是身体的一部分，通常从躯干的后部突出。不适用于没有腿的身体。-咽喉.
RV2_PreyInTailThroatPleasuring.description,This pawn is pleasuring themself with the prey inside their tail-throat.,description,HediffDefs\Hediffs_Vore.xml,def,This <ALIMT >(PH_1)</ALIMT> is pleasuring themself with the prey inside their <ALIMT >tail</ALIMT>-throat.,这个pawn正在用它们体内的猎物取悦它们自己一个突出的灵活附肢，是身体的一部分，通常从躯干的后部突出。不适用于没有腿的身体。-咽喉.
RV2_PreyInTailThroatStoring.description,This pawn is holding someone in their tail-throat for storage.,description,HediffDefs\Hediffs_Vore.xml,def,This <ALIMT >(PH_1)</ALIMT> is holding someone in their <ALIMT >tail</ALIMT>-throat for storage.,这个pawn收容了某人一个突出的灵活附肢，是身体的一部分，通常从躯干的后部突出。不适用于没有腿的身体。-用于存储的咽喉。
RV2_PreyInTesticlesConvertingChemfuel.description,This pawn is turning what's left of someone into chemfuel.,description,HediffDefs\Hediffs_Vore.xml,def,This <ALIMT >(PH_1)</ALIMT> is turning what's left of someone into chemfuel.,这个pawn正在将剩余的某人化作燃料。
RV2_PreyInThroat.label,Prey in Throat,label,HediffDefs\Hediffs_Vore.xml,def,Prey in Throat,咽喉里有猎物
RV2_PreyInUdder.label,Prey in Udder,label,HediffDefs\Hediffs_Vore.xml,def,Prey in Udder,乳房中的猎物
RV2_PreyInUdderConvertingChemfuel.description,This pawn is turning what's left of someone into chemfuel.,description,HediffDefs\Hediffs_Vore.xml,def,This <ALIMT >(PH_1)</ALIMT> is turning what's left of someone into chemfuel.,这个pawn正在将剩余的某人化作燃料。
RV2_PreyInUdderConvertingMilk.description,This pawn is turning what's left of someone into milk.,description,HediffDefs\Hediffs_Vore.xml,def,This <ALIMT >(PH_1)</ALIMT> is turning what's left of someone into milk.,这个pawn正在将剩余的某人转化为产物。
RV2_PreyInUdderDissolving.description,This pawn is melting living prey down in their udder. This is non-nutritious.,description,HediffDefs\Hediffs_Vore.xml,def,This <ALIMT >(PH_1)</ALIMT> is melting living prey down in their udder. This is non-nutritious.,这个pawn正在将活着的猎物融化乳房。这是没有营养的。
RV2_PreyInUdderMushing.description,This pawn is breaking down dead prey in their udder. This is non-nutritious.,description,HediffDefs\Hediffs_Vore.xml,def,This <ALIMT >(PH_1)</ALIMT> is breaking down dead prey in their udder. This is non-nutritious.,这个pawn正在分解乳房里的死亡猎物。这是没有营养的。
RV2_PreyInUdderPleasuring.description,This pawn is being pleasured internally by the prey in their udder.,description,HediffDefs\Hediffs_Vore.xml,def,This <ALIMT >(PH_1)</ALIMT> is being pleasured internally by the prey in their udder.,这个pawn正在被乳房内的猎物所满足。
RV2_PreyInUdderStoring.description,This pawn is holding someone in their udder for storage.,description,HediffDefs\Hediffs_Vore.xml,def,This <ALIMT >(PH_1)</ALIMT> is holding someone in their udder for storage.,这个pawn正抱着一个人来储存。
RV2_PreyInUdderWarming.description,This pawn is preparing to do something to a pawn in their udder.,description,HediffDefs\Hediffs_Vore.xml,def,This <ALIMT >(PH_2)</ALIMT> is preparing to do something to a <ALIMT >(PH_1)</ALIMT> in their udder.,这个pawn正在准备对一个pawn在她们的乳房里。
RV2_PreyInUdderNipple.label,Prey in Udder Teat,label,HediffDefs\Hediffs_Vore.xml,def,Prey in Udder Teat,乳房喷出液体（通常是乳汁）。是挤奶的前置标签。喂养的猎物
RV2_PreyInUdderNippleAmalgamating.description,This pawn is storing absorbed prey as sapient teat-flesh.,description,HediffDefs\Hediffs_Vore.xml,def,This <ALIMT >(PH_1)</ALIMT> is storing absorbed prey as sapient teat-flesh.,这个pawn正在将被吸收的猎物储存为智慧的囊肉。
RV2_PreyInUdderNippleAssimilating.description,This pawn is fully-absorbing their prey into their teat.,description,HediffDefs\Hediffs_Vore.xml,def,This <ALIMT >(PH_1)</ALIMT> is fully-absorbing their prey into their teat.,这个pawn正在完全吸收它们的猎物到它们的乳头。
RV2_PreyInUdderNippleContacting.description,"This pawn is having their teats sucked, with intent to absorb.",description,HediffDefs\Hediffs_Vore.xml,def,"This <ALIMT >(PH_1)</ALIMT> is having their teats sucked, with intent to absorb.",这个pawn正在吮吸他们的奶头，意图吸收。
RV2_PreyInUdderNippleDumping.description,This pawn is lactating what remains of their prey out of their teat.,description,HediffDefs\Hediffs_Vore.xml,def,This <ALIMT >(PH_1)</ALIMT> is lactating what remains of their prey out of their teat.,这个pawn处于哺乳期的猎物是否已洗掉。
RV2_PreyInUdderNippleExiting.description,This pawn is releasing prey from their teat.,description,HediffDefs\Hediffs_Vore.xml,def,This <ALIMT >(PH_1)</ALIMT> is releasing prey from their teat.,这个pawn正在将猎物从它们的奶头上释放。
RV2_PreyInUdderNippleLoosening.description,This pawn is warming up and loosening their teat for absorption.,description,HediffDefs\Hediffs_Vore.xml,def,This <ALIMT >(PH_1)</ALIMT> is warming up and loosening their teat for absorption.,这个pawn正在预热并放松他们的乳头以使其吸收。
RV2_PreyInUdderNipplePassing.description,This pawn is shoving their prey into their teat.,description,HediffDefs\Hediffs_Vore.xml,def,This <ALIMT >(PH_1)</ALIMT> is shoving their prey into their teat.,这个pawn正在将猎物塞进乳头。
RV2_PreyInUdderNipplePleasuring.description,This pawn is penetrating their teat with their prey.,description,HediffDefs\Hediffs_Vore.xml,def,This <ALIMT >(PH_1)</ALIMT> is penetrating their teat with their prey.,这个pawn用猎物刺穿它们的乳头。
RV2_PreyInUdderNipplePurging.description,This pawn is removing any unassimilated remains from their teat.,description,HediffDefs\Hediffs_Vore.xml,def,This <ALIMT >(PH_1)</ALIMT> is removing any unassimilated remains from their teat.,这个pawn正在移除他们所有的未同化残骸。
RV2_PreyInUdderNippleReshaping.description,This pawn is reshaping prey stored as teat-flesh for release.,description,HediffDefs\Hediffs_Vore.xml,def,This <ALIMT >(PH_1)</ALIMT> is reshaping prey stored as teat-flesh for release.,这个pawn正在重塑储存为乳肉的猎物以供释放。
RV2_PreyInVaginaAmalgamating.label,Prey in Vulva,label,HediffDefs\Hediffs_Vore.xml,def,Prey in Vulva,外阴内的猎物
RV2_PreyInVaginaAmalgamating.description,This pawn is storing absorbed prey as sapient cunt-flesh.,description,HediffDefs\Hediffs_Vore.xml,def,This <ALIMT >(PH_1)</ALIMT> is storing absorbed prey as sapient cunt-flesh.,这个pawn正在将被吸收的猎物储存为聪明的毒刺。
RV2_PreyInVaginaAssimilating.label,Prey in Vulva,label,HediffDefs\Hediffs_Vore.xml,def,Prey in Vulva,外阴内的猎物
RV2_PreyInVaginaAssimilating.description,This pawn is fully-absorbing their prey into their vulva.,description,HediffDefs\Hediffs_Vore.xml,def,This <ALIMT >(PH_1)</ALIMT> is fully-absorbing their prey into their vulva.,这个pawn完全吸收它们的猎物进入它们的阴户。
RV2_PreyInVaginaContacting.label,Prey in Vulva,label,HediffDefs\Hediffs_Vore.xml,def,Prey in Vulva,外阴内的猎物
RV2_PreyInVaginaContacting.description,"This pawn is having some form of vaginal intercourse, with intent to absorb.",description,HediffDefs\Hediffs_Vore.xml,def,"This <ALIMT >(PH_1)</ALIMT> is having some form of <ALIMT >vaginal</ALIMT> <ALIMT >intercourse</ALIMT>, with intent to absorb.","这个pawn正在进行某种形式的vaginalintercourse,意图吸收。"
RV2_PreyInVaginaLoosening.label,Prey in Vulva,label,HediffDefs\Hediffs_Vore.xml,def,Prey in Vulva,外阴内的猎物
RV2_PreyInVaginaLoosening.description,This pawn is warming up and loosening their vulva for absorption.,description,HediffDefs\Hediffs_Vore.xml,def,This <ALIMT >(PH_1)</ALIMT> is warming up and loosening their vulva for absorption.,这个pawn正在预热并放松她们的阴户以使其吸收。
RV2_PreyInVaginaPurging.description,This pawn is removing any unassimilated remains from their vagina.,description,HediffDefs\Hediffs_Vore.xml,def,This <ALIMT >(PH_1)</ALIMT> is removing any unassimilated remains from their <ALIMT >vagina</ALIMT>.,这个pawn正在移除任何未同化的残骸阴道没有。
RV2_PreyInVaginaReshaping.description,This pawn is reshaping prey stored as cunt-flesh for release.,description,HediffDefs\Hediffs_Vore.xml,def,This <ALIMT >(PH_1)</ALIMT> is reshaping prey stored as cunt-flesh for release.,这个pawn正在重塑储存为蛇肉的猎物以供释放。
RV2_PreyInWombConvertingChemfuel.description,This pawn is turning what's left of someone into chemfuel.,description,HediffDefs\Hediffs_Vore.xml,def,This <ALIMT >(PH_1)</ALIMT> is turning what's left of someone into chemfuel.,这个pawn正在将剩余的某人化作燃料。
RV2_PreyInWombPassing.description,This pawn is moving prey even deeper than their womb.,description,HediffDefs\Hediffs_Vore.xml,def,This <ALIMT >(PH_1)</ALIMT> is moving prey even deeper than their womb.,这个pawn移动的猎物比它们的子宫还要深。
RV2_GoalEnabler_Absorb.label,Cellular xenoconvertibility,label,HediffDefs\Hediffs_VoreEnablers.xml,def,Cellular xenoconvertibility,异种细胞可转换
RV2_GoalEnabler_Absorb.description,"This pawn's body is capable of absorbing prey, both permanently (assimilation) and temporarily (amalgamation).",description,HediffDefs\Hediffs_VoreEnablers.xml,def,"This <ALIMT >(PH_1)</ALIMT>'s body is capable of absorbing prey, both permanently (assimilation) and temporarily (amalgamation).",这个pawn它的身体能够永久 (同化) 和暂时 (融合) 吸收猎物。
RV2_GoalEnabler_ConvertChemfuel.label,Olifactory enzymes,label,HediffDefs\Hediffs_VoreEnablers.xml,def,Olifactory enzymes,产酶
RV2_GoalEnabler_ConvertChemfuel.description,This pawn's genitals and breasts can produce an enzyme which distills living tissues into chemfuel.,description,HediffDefs\Hediffs_VoreEnablers.xml,def,This <ALIMT >(PH_1)</ALIMT>'s genitals and <ALIMT >breasts</ALIMT> can produce an enzyme which distills living tissues into chemfuel.,这个pawn的生殖器和乳房能生产一种酶，将活组织蒸馏成化合燃料。
RV2_GoalEnabler_ConvertEggs.label,Ovifactory enzymes,label,HediffDefs\Hediffs_VoreEnablers.xml,def,Ovifactory enzymes,卵产物酶
RV2_GoalEnabler_ConvertEggs.description,This pawn's ovaries can produce an enzyme which converts living tissues into eggs.,description,HediffDefs\Hediffs_VoreEnablers.xml,def,This <ALIMT >(PH_1)</ALIMT>'s ovaries can produce an enzyme which converts living tissues into eggs.,这个pawn的卵巢可以产生一种酶，它可以将活组织转化为卵。
RV2_GoalEnabler_ConvertUrine.label,Urifactory enzymes,label,HediffDefs\Hediffs_VoreEnablers.xml,def,Urifactory enzymes,真菌工厂的酶
RV2_GoalEnabler_ConvertUrine.description,This pawn's organ lining can produce an enzyme which converts living tissues into urine.,description,HediffDefs\Hediffs_VoreEnablers.xml,def,This <ALIMT >(PH_1)</ALIMT>'s organ lining can produce an enzyme which converts living tissues into urine.,这个pawn它会分泌一种酶，将活体组织转换成尿液。
RV2_TypeEnabler_Cleavage.label,Cleavage depth,label,HediffDefs\Hediffs_VoreEnablers.xml,def,<ALIMT >cleavage</ALIMT> depth,乳沟深度
RV2_TypeEnabler_Cleavage.description,This pawn has heavily-modified cleavage for cleavage vore.,description,HediffDefs\Hediffs_VoreEnablers.xml,def,This <ALIMT >(PH_1)</ALIMT> has heavily-modified <ALIMT >cleavage</ALIMT> for <ALIMT >cleavage</ALIMT> <ALIMT >vore</ALIMT>.,这个pawn有严重改造乳沟与cleavagevore没有。
RV2_TypeEnabler_Membrane.label,Dermal porocity,label,HediffDefs\Hediffs_VoreEnablers.xml,def,Dermal porocity,皮肤拥挤
RV2_TypeEnabler_Membrane.description,"This pawn has a permeable membrane for skin, allowing them to engulf prey, like a slime, for membrane vore.",description,HediffDefs\Hediffs_VoreEnablers.xml,def,"This <ALIMT >(PH_1)</ALIMT> has a permeable membrane for skin, allowing them to engulf prey, like a <ALIMT >slime</ALIMT>, for membrane <ALIMT >vore</ALIMT>.","这个pawn拥有一层可以穿透皮肤的薄膜，可以让它们吞噬猎物，就像史莱姆,用于贴膜吃人没有。"
RV2_TypeEnabler_Navel.label,Umbilical elasticity,label,HediffDefs\Hediffs_VoreEnablers.xml,def,Umbilical elasticity,脐带弹力
RV2_TypeEnabler_Navel.description,This pawn has an elastic and untied navel for navel vore.,description,HediffDefs\Hediffs_VoreEnablers.xml,def,This <ALIMT >(PH_1)</ALIMT> has an elastic and <ALIMT >untied</ALIMT> navel for navel <ALIMT >vore</ALIMT>.,这个pawn有弹性且解开的衣物为肚脐吃人没有。
RV2_TypeEnabler_Tailmaw.label,Tailmaw,label,HediffDefs\Hediffs_VoreEnablers.xml,def,Tailmaw,尾毛
RV2_TypeEnabler_Tailmaw.description,"This tail has a petal-like maw at the tip, which is capable of swallowing prey down to the stomach.",description,HediffDefs\Hediffs_VoreEnablers.xml,def,"This <ALIMT >tail</ALIMT> has a petal-like maw at the tip, which is capable of swallowing prey down to the stomach.",这个一个突出的灵活附肢，是身体的一部分，通常从躯干的后部突出。不适用于没有腿的身体。尖端有花瓣状的母带，能够将猎物吞噬至胃部。
RV2_TypeEnabler_Udder.label,Uberal elasticity,label,HediffDefs\Hediffs_VoreEnablers.xml,def,Uberal elasticity,旺盛的弹性
RV2_TypeEnabler_Udder.description,"This pawn has an elastic udder and teats, for udder vore.",description,HediffDefs\Hediffs_VoreEnablers.xml,def,"This <ALIMT >(PH_1)</ALIMT> has an elastic udder and teats, for udder <ALIMT >vore</ALIMT>.",这个pawn拥有弹性乳房和奶头，适合乳房吃人没有。
PostVoreAssimilation.label,Post vore effects (assimilation),label,QuirkDefs\QuirkPool_Effects.xml,def,Post <ALIMT >vore</ALIMT> effects (assimilation),后期吃人效果 (同化)
PostVoreAssimilation.description,"These quirks determine the effects that assimilating prey (fatal absorption) has on the predator. These quirks do require the ability to absorb prey in the first place, however.",description,QuirkDefs\QuirkPool_Effects.xml,def,"These quirks determine the effects that assimilating prey (fatal absorption) has on the predator. These quirks do require the ability to absorb prey in the first place, however.",这些怪癖决定了同化猎物 (致命吸收) 对捕食者的影响。然而，这些怪癖确实首先需要吸收猎物的能力。
PostVoreAssimilation_Masterful.label,Masterful assimilator,label,QuirkDefs\QuirkPool_Effects.xml,def,Masterful assimilator,精彩绝伦的同化者
PostVoreAssimilation_Masterful.description,"As a masterful assimilator, [PAWN_label] will permanently improve the beauty of [PAWN_possessive] assets with assimilated prey.",description,QuirkDefs\QuirkPool_Effects.xml,def,"As a masterful assimilator, <ALIMT >(PH_2)</ALIMT> will permanently improve the beauty of <ALIMT >(PH_1)</ALIMT> assets with assimilated prey.","作为一名精彩的同化者,[PAWN_label]将永久改善的美丽[PAWN_possessive]装有被同化的猎物的资产。"
PostVoreAssimilation_Normal.label,Normal assimilator,label,QuirkDefs\QuirkPool_Effects.xml,def,Normal assimilator,普通同化者
PostVoreAssimilation_Normal.description,"As a normal assimilator, [PAWN_label] will temporarily improve the beauty of [PAWN_possessive] assets with reasonable amounts of assimilated prey, but may lose control of [PAWN_possessive] appearance with too much fat around.",description,QuirkDefs\QuirkPool_Effects.xml,def,"As a normal assimilator, <ALIMT >(PH_3)</ALIMT> will temporarily improve the beauty of <ALIMT >(PH_2)</ALIMT> assets with reasonable amounts of assimilated prey, but may lose control of <ALIMT >(PH_1)</ALIMT> appearance with too much fat around.","作为一个普通的同化者,[PAWN_label]将会暂时改善[PAWN_possessive]有合理数量的同化猎物的资产，但可能会失去对[PAWN_possessive]出现在肥胖的环境中。"
PostVoreAssimilation_Clumsy.label,Clumsy assimilator,label,QuirkDefs\QuirkPool_Effects.xml,def,Clumsy assimilator,笨拙的同化者
PostVoreAssimilation_Clumsy.description,"As a clumsy assimilator, [PAWN_label] will never improve the appearance of [PAWN_possessive] assets with assimilated prey, and all of the added fat will remain hideous as long as it's on [PAWN_possessive] body.",description,QuirkDefs\QuirkPool_Effects.xml,def,"As a clumsy assimilator, <ALIMT >(PH_3)</ALIMT> will never improve the appearance of <ALIMT >(PH_2)</ALIMT> assets with assimilated prey, and all of the added fat will remain hideous as long as it's on <ALIMT >(PH_1)</ALIMT> body.","作为一个笨拙的同化者,[PAWN_label]不会改善的外观[PAWN_possessive]装有被同化的猎物的资产，所有添加的脂肪只要被吸收就会变得丑陋[PAWN_possessive]身体。"
PostVoreAssimilation_Unaffected.label,Unaffected assimilator,label,QuirkDefs\QuirkPool_Effects.xml,def,Unaffected assimilator,未受影响的同化者
PostVoreAssimilation_Unaffected.description,"As an unaffected assimilator, [PAWN_label] will seamlessly integrate [PAWN_possessive] assets with assimilated prey, and nobody will ever notice the difference.",description,QuirkDefs\QuirkPool_Effects.xml,def,"As an unaffected assimilator, <ALIMT >(PH_2)</ALIMT> will seamlessly integrate <ALIMT >(PH_1)</ALIMT> assets with assimilated prey, and nobody will ever notice the difference.","作为一个未受影响的同化者,[PAWN_label]将无缝集成[PAWN_possessive]拥有被同化的猎物，没人会注意到区别。"
Enablers_Overstuffed.label,Overstuffed enablers,label,QuirkDefs\QuirkPool_Enablers.xml,def,Overstuffed enablers,超载
Enablers_Overstuffed.description,"These quirks are required for a pawn to be able to use vore, each representing one type or goal. Modifying their commonality sets the global chances that any pawn will be capable of using any given vore path. Vore enablers can be aquired to add the quirk to an existing pawn, even if the quirk itself is set to ForcedOnly; do this if you want vore to be a power unlocked solely through acquisition of the required enablers.",description,QuirkDefs\QuirkPool_Enablers.xml,def,"These quirks are required for a <ALIMT >(PH_3)</ALIMT> to be able to use <ALIMT >vore</ALIMT>, each representing one type or goal. Modifying their commonality sets the global chances that any <ALIMT >(PH_2)</ALIMT> will be capable of using any given <ALIMT >vore</ALIMT> path. <ALIMT >vore</ALIMT> enablers can be aquired to add the quirk to an existing <ALIMT >(PH_1)</ALIMT>, even if the quirk itself is set to ForcedOnly; do this if you want <ALIMT >vore</ALIMT> to be a power unlocked solely through acquisition of the required enablers.","这些怪癖是必须的pawn能够使用吃人,每个代表一个类型或目标。修改它们的共性可以设置任何pawn将能够使用任何给定吃人路径。吃人支持者可以被获得，以增加一个现有的怪癖pawn,即使 quirk 本身已设置为 ForcedOnly; 如果你想这样做吃人仅通过获取所需的赋能装置来解锁电源。"
Enablers_Overstuffed_Goal_Absorb.label,Cellular absorbency,label,QuirkDefs\QuirkPool_Enablers.xml,def,Cellular absorbency,细胞吸收
Enablers_Overstuffed_Goal_Absorb.description,"[PAWN_label] can merge with other living beings on a cellular level, both permanently (assimilation) and temporarily (amalgamation).",description,QuirkDefs\QuirkPool_Enablers.xml,def,"<ALIMT >(PH_1)</ALIMT> can merge with other living beings on a cellular level, both permanently (assimilation) and temporarily (amalgamation).",[PAWN_label]可以在细胞水平上与其他生物融合，永久 (同化) 和暂时 (融合)。
Enablers_Overstuffed_Goal_Amalgamate.label,Cellular amalgamation,label,QuirkDefs\QuirkPool_Enablers.xml,def,Cellular amalgamation,细胞融合
Enablers_Overstuffed_Goal_Amalgamate.description,"[PAWN_label] can merge with other living beings on the cellular level, but only safely. Permanent integration is not possible.",description,QuirkDefs\QuirkPool_Enablers.xml,def,"<ALIMT >(PH_1)</ALIMT> can merge with other living beings on the cellular level, but only safely. Permanent integration is not possible.",[PAWN_label]可以在细胞层面上与其他生物融合，但只能安全地进行。无法永久集成。
Enablers_Overstuffed_Goal_Assimilate.label,Cellular assimilation,label,QuirkDefs\QuirkPool_Enablers.xml,def,Cellular assimilation,细胞同化
Enablers_Overstuffed_Goal_Assimilate.description,"[PAWN_label] can merge with other beings on the cellular level, but it's always a fatal process.",description,QuirkDefs\QuirkPool_Enablers.xml,def,"<ALIMT >(PH_1)</ALIMT> can merge with other beings on the cellular level, but it's always a fatal process.",[PAWN_label]可以在细胞层面上与其他人融合，但这始终是一个致命的过程。
Enablers_Overstuffed_Goal_ConvertChemfuel.label,Olifactive enzymes,label,QuirkDefs\QuirkPool_Enablers.xml,def,Olifactive enzymes,术酶
Enablers_Overstuffed_Goal_ConvertChemfuel.description,[PAWN_label] can melt live prey down to chemfuel in a number of locations on [PAWN_possessive] body.,description,QuirkDefs\QuirkPool_Enablers.xml,def,<ALIMT >(PH_2)</ALIMT> can melt live prey down to chemfuel in a number of locations on <ALIMT >(PH_1)</ALIMT> body.,[PAWN_label]可以在多个位置将活着的猎物融化成化合燃料。[PAWN_possessive]身体。
Enablers_Overstuffed_Goal_ConvertEggs.label,Ovifactive enzymes,label,QuirkDefs\QuirkPool_Enablers.xml,def,Ovifactive enzymes,产卵酶
Enablers_Overstuffed_Goal_ConvertEggs.description,[PAWN_label] can melt live prey down to eggs in [PAWN_possessive] ovaries.,description,QuirkDefs\QuirkPool_Enablers.xml,def,<ALIMT >(PH_2)</ALIMT> can melt live prey down to eggs in <ALIMT >(PH_1)</ALIMT> ovaries.,[PAWN_label]可以将活着的猎物融化成卵[PAWN_possessive]卵巢。
Enablers_Overstuffed_Goal_ConvertUrine.label,Urifactive enzymes,label,QuirkDefs\QuirkPool_Enablers.xml,def,Urifactive enzymes,化学酶
Enablers_Overstuffed_Goal_ConvertUrine.description,[PAWN_label]  can melt live prey down to fertilizer-grade urine in [PAWN_possessive] kidneys.,description,QuirkDefs\QuirkPool_Enablers.xml,def,<ALIMT >(PH_2)</ALIMT>  can melt live prey down to fertilizer-grade urine in <ALIMT >(PH_1)</ALIMT> kidneys.,[PAWN_label]可以将活着的猎物融化成肥料级的尿[PAWN_possessive]肾脏。
Enablers_Overstuffed_Type_Cleavage.label,Cleavage depth,label,QuirkDefs\QuirkPool_Enablers.xml,def,<ALIMT >cleavage</ALIMT> depth,乳沟深度
Enablers_Overstuffed_Type_Cleavage.description,[PAWN_label] has a bust deep enough to contain live prey.,description,QuirkDefs\QuirkPool_Enablers.xml,def,<ALIMT >(PH_1)</ALIMT> has a bust deep enough to contain live prey.,[PAWN_label]拥有足以容纳活物的胸部。
Enablers_Overstuffed_Type_Membrane.label,Dermal porocity,label,QuirkDefs\QuirkPool_Enablers.xml,def,Dermal porocity,皮肤拥挤
Enablers_Overstuffed_Type_Membrane.description,"[PAWN_label] has a permeable outer membrane which can be used to engulf live prey, like a slime.",description,QuirkDefs\QuirkPool_Enablers.xml,def,"<ALIMT >(PH_1)</ALIMT> has a permeable outer membrane which can be used to engulf live prey, like a <ALIMT >slime</ALIMT>.",[PAWN_label]具有可被吞噬的活的外膜，比如史莱姆没有。
Enablers_Overstuffed_Type_Navel.label,Umbilical elasticity,label,QuirkDefs\QuirkPool_Enablers.xml,def,Umbilical elasticity,脐带弹力
Enablers_Overstuffed_Type_Navel.description,[PAWN_label] has an untied and stretchy navel with which to ennavel live prey.,description,QuirkDefs\QuirkPool_Enablers.xml,def,<ALIMT >(PH_1)</ALIMT> has an <ALIMT >untied</ALIMT> and stretchy navel with which to ennavel live prey.,[PAWN_label]有一个解开的衣物和可伸展的肚脐，用以抓住猎物的肚脐。
Enablers_Overstuffed_Type_Tailmaw.label,Tailmaw elasticity,label,QuirkDefs\QuirkPool_Enablers.xml,def,Tailmaw elasticity,尾毛弹性
Enablers_Overstuffed_Type_Tailmaw.description,[PAWN_label] has a maw on [PAWN_possessive] tail stretchy enough to pythen live prey.,description,QuirkDefs\QuirkPool_Enablers.xml,def,<ALIMT >(PH_2)</ALIMT> has a maw on <ALIMT >(PH_1)</ALIMT> <ALIMT >tail</ALIMT> stretchy enough to pythen live prey.,[PAWN_label]有一个大小姐[PAWN_possessive]一个突出的灵活附肢，是身体的一部分，通常从躯干的后部突出。不适用于没有腿的身体。有足够的拉伸力以将猎物点燃。
Enablers_Overstuffed_Type_Udder.label,Uberal elasticity,label,QuirkDefs\QuirkPool_Enablers.xml,def,Uberal elasticity,旺盛的弹性
Enablers_Overstuffed_Type_Udder.description,[PAWN_label] has udder teats stretchy enough to unnurse live prey.,description,QuirkDefs\QuirkPool_Enablers.xml,def,<ALIMT >(PH_1)</ALIMT> has udder teats stretchy enough to unnurse live prey.,[PAWN_label]让乳房乳头有足够的弹性，可以拆解活的猎物。
GoalPreference_Predator_Amalgamate.label,Predatory goal preference\n(amalgamation),label,QuirkDefs\QuirkPool_GoalPreference.xml,def,Predatory goal preference<ALIMT >(PH_1)</ALIMT>(amalgamation),"掠夺性目标偏好
(合并)"
GoalPreference_Predator_Amalgamate.description,"These quirks determine how much a pawn likes amalgamating prey (non-fatal absorption). At the extremes, the pawn will either never or always try to amalgamate prey. These quirks do require the ability to absorb prey in the first place, however.",description,QuirkDefs\QuirkPool_GoalPreference.xml,def,"These quirks determine how much a <ALIMT >(PH_2)</ALIMT> likes amalgamating prey (non-fatal absorption). At the extremes, the <ALIMT >(PH_1)</ALIMT> will either never or always try to amalgamate prey. These quirks do require the ability to absorb prey in the first place, however.","这些怪癖决定了多少钱一个pawn喜欢吞噬猎物 (非致命吸收)。在极端情况下,pawn将永远不会或总是尝试合并猎物。然而，这些怪癖确实首先需要吸收猎物的能力。"
GoalPreference_Predator_Amalgamate_Obsessed.label,Melangist hoarder,label,QuirkDefs\QuirkPool_GoalPreference.xml,def,Melangist hoarder,梅兰吉派收集者
GoalPreference_Predator_Amalgamate_Obsessed.description,"As an obsessive melangist(e), [PAWN_label] wants to walk around with as many people amalgamated onto [PAWN_objective] as [PAWN_pronoun] can fit, and will waste little time with other goals.",description,QuirkDefs\QuirkPool_GoalPreference.xml,def,"As an obsessive <ALIMT >(PH_4)</ALIMT>, <ALIMT >(PH_3)</ALIMT> wants to walk around with as many people amalgamated onto <ALIMT >(PH_2)</ALIMT> as <ALIMT >(PH_1)</ALIMT> can fit, and will waste little time with other goals.","作为一个过度狂melangist(e),[PAWN_label]想要和尽可能多的人一起四处走动[PAWN_objective]机械体[PAWN_pronoun]能够达成目标，并且在实现其他目标时只会浪费少量的时间。"
GoalPreference_Predator_Amalgamate_Likes.label,Melangist,label,QuirkDefs\QuirkPool_GoalPreference.xml,def,Melangist,机械之徒
GoalPreference_Predator_Amalgamate_Likes.description,"As a melangist(e), [PAWN_label] enjoys having people around as sapient fat.",description,QuirkDefs\QuirkPool_GoalPreference.xml,def,"As a <ALIMT >(PH_2)</ALIMT>, <ALIMT >(PH_1)</ALIMT> enjoys having people around as sapient fat.","作为一个melangist(e),[PAWN_label]喜欢有肥胖的人在身边。"
GoalPreference_Predator_Amalgamate_Neutral.label,Amalgamation ambivalence,label,QuirkDefs\QuirkPool_GoalPreference.xml,def,Amalgamation ambivalence,合并矛盾情绪
GoalPreference_Predator_Amalgamate_Neutral.description,[PAWN_label] doesn't really care one way or the other about amalgamating prey. That may or may not be due to [PAWN_label] not being capable of amalgamation in the first place.,description,QuirkDefs\QuirkPool_GoalPreference.xml,def,<ALIMT >(PH_2)</ALIMT> doesn't really care one way or the other about amalgamating prey. That may or may not be due to <ALIMT >(PH_1)</ALIMT> not being capable of amalgamation in the first place.,[PAWN_label]不在乎如何合并猎物。可能或可能不是由于[PAWN_label]一开始就不能合并。
GoalPreference_Predator_Amalgamate_Dislikes.label,Reclusive soul,label,QuirkDefs\QuirkPool_GoalPreference.xml,def,Reclusive soul,孤僻之魂
GoalPreference_Predator_Amalgamate_Dislikes.description,[PAWN_label] dislikes amalgamating prey. The drain (on hunger and focus) isn't worth the gain.,description,QuirkDefs\QuirkPool_GoalPreference.xml,def,<ALIMT >(PH_1)</ALIMT> dislikes amalgamating prey. The drain (on hunger and focus) isn't worth the gain.,[PAWN_label]厌恶合并的猎物。消耗 (饥饿和专注) 是不值得的。
GoalPreference_Predator_Amalgamate_Refuses.label,Solitary soul,label,QuirkDefs\QuirkPool_GoalPreference.xml,def,Solitary soul,独行
GoalPreference_Predator_Amalgamate_Refuses.description,"[PAWN_label] hates amalgamating prey and will never willingly do it. That's a degree of intimacy too close, a loss of privacy too great.",description,QuirkDefs\QuirkPool_GoalPreference.xml,def,"<ALIMT >(PH_1)</ALIMT> hates amalgamating prey and will never willingly do it. That's a degree of <ALIMT >intimacy</ALIMT> too close, a loss of privacy too great.",[PAWN_label]讨厌合并猎物，绝不会心甘情愿地这么做。一个等级亲密太近，隐私损失太大。
GoalPreference_Predator_Assimilate.label,Predatory goal preference\n(assimilation),label,QuirkDefs\QuirkPool_GoalPreference.xml,def,Predatory goal preference<ALIMT >(PH_1)</ALIMT>(assimilation),"掠夺性目标偏好
(同化)"
GoalPreference_Predator_Assimilate.description,"These quirks determine how much a pawn likes assimilating prey (fatal absorption). At the extremes, the pawn will either never or always try to assimilate prey. These quirks do require the ability to absorb prey in the first place, however.",description,QuirkDefs\QuirkPool_GoalPreference.xml,def,"These quirks determine how much a <ALIMT >(PH_2)</ALIMT> likes assimilating prey (fatal absorption). At the extremes, the <ALIMT >(PH_1)</ALIMT> will either never or always try to assimilate prey. These quirks do require the ability to absorb prey in the first place, however.","这些怪癖决定了多少钱一个pawn喜欢同化猎物 (致命吸收)。在极端情况下,pawn将永远不会或总是尝试同化猎物。然而，这些怪癖确实首先需要吸收猎物的能力。"
GoalPreference_Predator_Assimilate_Obsessed.label,Driven assimilator,label,QuirkDefs\QuirkPool_GoalPreference.xml,def,Driven assimilator,驱动同化者
GoalPreference_Predator_Assimilate_Obsessed.description,"As an obsessive assimilator, [PAWN_label] wants to permanently absorb as many prey as possible and make [PAWN_possessive] assets huge.",description,QuirkDefs\QuirkPool_GoalPreference.xml,def,"As an obsessive assimilator, <ALIMT >(PH_2)</ALIMT> wants to permanently absorb as many prey as possible and make <ALIMT >(PH_1)</ALIMT> assets huge.","作为一个痴迷的同化者,[PAWN_label]想要永久吸收尽可能多的猎物并制造[PAWN_possessive]巨大的资产。"
GoalPreference_Predator_Assimilate_Likes.label,Assimilator,label,QuirkDefs\QuirkPool_GoalPreference.xml,def,Assimilator,同化者
GoalPreference_Predator_Assimilate_Likes.description,"As an assimilator, [PAWN_label] likes absorbing [PAWN_possessive] prey permanently. Getting targeted size-gains is one advantage over digestion.",description,QuirkDefs\QuirkPool_GoalPreference.xml,def,"As an assimilator, <ALIMT >(PH_2)</ALIMT> likes absorbing <ALIMT >(PH_1)</ALIMT> prey permanently. Getting targeted size-gains is one advantage over digestion.","作为一个同化者,[PAWN_label]喜欢吸收[PAWN_possessive]永久捕食。获得目标尺寸增益是比消化更好的优势。"
GoalPreference_Predator_Assimilate_Neutral.label,Assimilation ambivalence,label,QuirkDefs\QuirkPool_GoalPreference.xml,def,Assimilation ambivalence,同化矛盾心
GoalPreference_Predator_Assimilate_Neutral.description,[PAWN_label] doesn't really care one way or the other about assimilating prey. That may or may not be due to [PAWN_label] not being capable of assimilation in the first place.,description,QuirkDefs\QuirkPool_GoalPreference.xml,def,<ALIMT >(PH_2)</ALIMT> doesn't really care one way or the other about assimilating prey. That may or may not be due to <ALIMT >(PH_1)</ALIMT> not being capable of assimilation in the first place.,[PAWN_label]不在乎如何同化猎物。可能或可能不是由于[PAWN_label]一开始就没有同化的能力。
GoalPreference_Predator_Assimilate_Dislikes.label,Assimilation aversion,label,QuirkDefs\QuirkPool_GoalPreference.xml,def,Assimilation aversion,厌恶同化
GoalPreference_Predator_Assimilate_Dislikes.description,[PAWN_label] doesn't like permanently assimilating prey. Something less permanent or non-absorptive might be preferable.,description,QuirkDefs\QuirkPool_GoalPreference.xml,def,<ALIMT >(PH_1)</ALIMT> doesn't like permanently assimilating prey. Something less permanent or non-absorptive might be preferable.,[PAWN_label]不喜欢永久同化猎物。不如永久性或非吸收性好。
GoalPreference_Predator_Assimilate_Refuses.label,Assimilation revulsion,label,QuirkDefs\QuirkPool_GoalPreference.xml,def,Assimilation revulsion,反感同化
GoalPreference_Predator_Assimilate_Refuses.description,[PAWN_label] hates permanently assimilating prey and will never willingly do it. It's a perversion of the powers of absorption.,description,QuirkDefs\QuirkPool_GoalPreference.xml,def,<ALIMT >(PH_1)</ALIMT> hates permanently assimilating prey and will never willingly do it. It's a perversion of the powers of absorption.,[PAWN_label]讨厌永久同化猎物，永远不会心甘情愿地这样做。这是对吸收能力的扭曲。
GoalPreference_Prey_Amalgamate.label,Preyish goal preference\n(amalgamation),label,QuirkDefs\QuirkPool_GoalPreference.xml,def,Preyish goal preference<ALIMT >(PH_1)</ALIMT>(amalgamation),"猎物目标偏好
(合并)"
GoalPreference_Prey_Amalgamate.description,"These quirks determine how much a pawn wants to be amalgamated (non-fatally absorbed) into a predator. At the extremes, the pawn will either never or always try to be amalgamated. Be careful increasing the commonality of an amalgamation preference: willing pawns can easily be lost indefinitely among however many predators you have who are capable of absorption.",description,QuirkDefs\QuirkPool_GoalPreference.xml,def,"These quirks determine how much a <ALIMT >(PH_2)</ALIMT> wants to be amalgamated (non-fatally absorbed) into a predator. At the extremes, the <ALIMT >(PH_1)</ALIMT> will either never or always try to be amalgamated. Be careful increasing the commonality of an amalgamation preference: willing pawns can easily be lost indefinitely among however many predators you have who are capable of absorption.","这些怪癖决定了多少钱一个pawn想要融入 (非致命的吸收) 成为捕食者。在极端情况下,pawn将永远不尝试或总是尝试合并。提高合并偏好的共同性要小心: 不管你有多少能够吸收的捕食者，心甘情愿的殖民者很容易无限期地消失。"
GoalPreference_Prey_Amalgamate_Obsessed.label,Pad-wish,label,QuirkDefs\QuirkPool_GoalPreference.xml,def,Pad-wish,希望
GoalPreference_Prey_Amalgamate_Obsessed.description,"As an obsessive tapissier(e) [PAWN_label] really wants to spend the rest of eternity absorbed, still-sapient, into some predator's body.",description,QuirkDefs\QuirkPool_GoalPreference.xml,def,"As an obsessive <ALIMT >(PH_2)</ALIMT> <ALIMT >(PH_1)</ALIMT> really wants to spend the rest of <ALIMT >eternity</ALIMT> absorbed, still-sapient, into some predator's body.",作为一个过度狂tapissier(e)[PAWN_label]好想拥有剩余的永恒尚未吸收的它被捕食者的身体吸收了。
GoalPreference_Prey_Amalgamate_Likes.label,Tapissier,label,QuirkDefs\QuirkPool_GoalPreference.xml,def,Tapissier,尖刺的
GoalPreference_Prey_Amalgamate_Likes.description,"As a tapissier(e), [PAWN_label] just likes to spend a while as padding on some predator. Not necessarily forever, mind.",description,QuirkDefs\QuirkPool_GoalPreference.xml,def,"As a <ALIMT >(PH_2)</ALIMT>, <ALIMT >(PH_1)</ALIMT> just likes to spend a while as padding on some predator. Not necessarily <ALIMT >forever</ALIMT>, mind.","作为一个tapissier(e),[PAWN_label]我只是喜欢待在一些捕食者身上。不一定永远,注意了。"
GoalPreference_Prey_Amalgamate_Neutral.label,Amalgam ambivalence,label,QuirkDefs\QuirkPool_GoalPreference.xml,def,Amalgam ambivalence,混杂矛盾
GoalPreference_Prey_Amalgamate_Neutral.description,[PAWN_label] doesn't really care one way or the other about being amalgamated.,description,QuirkDefs\QuirkPool_GoalPreference.xml,def,<ALIMT >(PH_1)</ALIMT> doesn't really care one way or the other about being amalgamated.,[PAWN_label]不在乎合并的方式。
GoalPreference_Prey_Amalgamate_Dislikes.label,Amalgam aversion,label,QuirkDefs\QuirkPool_GoalPreference.xml,def,Amalgam aversion,汞中毒厌恶
GoalPreference_Prey_Amalgamate_Dislikes.description,"[PAWN_label] dislikes being amalgamated. Either consciousness should cease before [PAWN_pronoun] enhances someone's assets, or [PAWN_pronoun] should be let go safe and sound.",description,QuirkDefs\QuirkPool_GoalPreference.xml,def,"<ALIMT >(PH_3)</ALIMT> dislikes being amalgamated. Either consciousness should cease before <ALIMT >(PH_2)</ALIMT> enhances someone's assets, or <ALIMT >(PH_1)</ALIMT> should be let go safe and sound.",[PAWN_label]厌恶被合并。任一种意识应该在[PAWN_pronoun]提升某人的资产，或[PAWN_pronoun]应该平安释放。
GoalPreference_Prey_Amalgamate_Refuses.label,Amalgam revulsion,label,QuirkDefs\QuirkPool_GoalPreference.xml,def,Amalgam revulsion,合并后厌恶
GoalPreference_Prey_Amalgamate_Refuses.description,"[PAWN_label] hates being amalgamated. If you have to absorb [PAWN_objective], just take it all the way. Being a pred's *temporary* size-enhancer is a violation [PAWN_pronoun] would rather not live with.",description,QuirkDefs\QuirkPool_GoalPreference.xml,def,"<ALIMT >(PH_3)</ALIMT> hates being amalgamated. If you have to absorb <ALIMT >(PH_2)</ALIMT>, just take it all the way. Being a pred's *temporary* size-enhancer is a violation <ALIMT >(PH_1)</ALIMT> would rather not live with.","[PAWN_label]讨厌被合并。如果必须吸收[PAWN_objective],就这么一路带走吧。成为一名 pred 的 * 临时 * 尺寸增强装置是一种违规[PAWN_pronoun]不想和你一起生活。"
GoalPreference_Prey_Assimilate.label,Preyish goal preference (assimilation),label,QuirkDefs\QuirkPool_GoalPreference.xml,def,Preyish goal preference (assimilation),Preyish 目标偏好 (同化)
GoalPreference_Prey_Assimilate.description,"These quirks determine how much a pawn wants to be assimilated (fatally absorbed) into a predator. At the extremes, the pawn will either never or always try to be assimilated. Be careful increasing the commonality of an assimilation preference: willing pawns can easily be killed by predators with little notice.",description,QuirkDefs\QuirkPool_GoalPreference.xml,def,"These quirks determine how much a <ALIMT >(PH_2)</ALIMT> wants to be assimilated (fatally absorbed) into a predator. At the extremes, the <ALIMT >(PH_1)</ALIMT> will either never or always try to be assimilated. Be careful increasing the commonality of an assimilation preference: willing pawns can easily be killed by predators with little notice.","这些怪癖决定了多少钱一个pawn希望被同化 (致命地被吸收) 为捕食者。在极端情况下,pawn将永远不会或总是尝试被同化。提高同化偏好的共性要小心: 意志坚定的殖民者很容易被捕食者所杀死，而很少有人注意到这一点。"
GoalPreference_Prey_Assimilate_Obsessed.label,Meld-wish,label,QuirkDefs\QuirkPool_GoalPreference.xml,def,Meld-wish,融合-希望
GoalPreference_Prey_Assimilate_Obsessed.description,"As an obsessive osmoseu(r/se), [PAWN_label] has made up [PAWN_possessive] mind. $PNom wants to make a predator even more beautiful, and only a permanent absorption is intimate enough to suffice.",description,QuirkDefs\QuirkPool_GoalPreference.xml,def,"As an obsessive <ALIMT >(PH_3)</ALIMT>, <ALIMT >(PH_2)</ALIMT> has made up <ALIMT >(PH_1)</ALIMT> mind. $PNom wants to make a predator even more beautiful, and only a permanent absorption is <ALIMT >intimate</ALIMT> enough to suffice.","作为一个过度狂osmoseu(r/se),[PAWN_label]已化妆[PAWN_possessive]意志。$ PNom 想要让一个捕食者变得更加美丽，并且只有永久的吸收是亲密的足够了。"
GoalPreference_Prey_Assimilate_Likes.label,Osmoseur,label,QuirkDefs\QuirkPool_GoalPreference.xml,def,Osmoseur,刺猬
GoalPreference_Prey_Assimilate_Likes.description,"As an osmoseu(r/se), [PAWN_label] ideates an end in which [PAWN_pronoun] directly and visibly contributes to a predator's physical gains, by way of permanent absorption.",description,QuirkDefs\QuirkPool_GoalPreference.xml,def,"As an <ALIMT >(PH_3)</ALIMT>, <ALIMT >(PH_2)</ALIMT> ideates an end in which <ALIMT >(PH_1)</ALIMT> directly and visibly contributes to a predator's physical gains, by way of permanent absorption.","作为一个osmoseu(r/se),[PAWN_label]构想一个结局[PAWN_pronoun]直接而明显地有助于捕食者的身体收益的永久吸收的方式。"
GoalPreference_Prey_Assimilate_Neutral.label,Assimilant ambivalence,label,QuirkDefs\QuirkPool_GoalPreference.xml,def,Assimilant ambivalence,同化者矛盾心理
GoalPreference_Prey_Assimilate_Neutral.description,[PAWN_label] doesn't really care one way or the other about being assimilated.,description,QuirkDefs\QuirkPool_GoalPreference.xml,def,<ALIMT >(PH_1)</ALIMT> doesn't really care one way or the other about being assimilated.,[PAWN_label]不在乎被同化。
GoalPreference_Prey_Assimilate_Dislikes.label,Assimilant aversion,label,QuirkDefs\QuirkPool_GoalPreference.xml,def,Assimilant aversion,厌恶同化物
GoalPreference_Prey_Assimilate_Dislikes.description,[PAWN_label] is put off by the idea of being made a permanent part of someone. There's at least a transience to mere digestion.,description,QuirkDefs\QuirkPool_GoalPreference.xml,def,<ALIMT >(PH_1)</ALIMT> is put off by the idea of being made a permanent part of someone. There's at least a transience to mere digestion.,[PAWN_label]因为要让自己永远成为某人的一部分而被推迟。至少可以暂时消化。
GoalPreference_Prey_Assimilate_Refuses.label,Assimilant revulsion,label,QuirkDefs\QuirkPool_GoalPreference.xml,def,Assimilant revulsion,反感
GoalPreference_Prey_Assimilate_Refuses.description,"[PAWN_label] is terrified of being made a permanent part of someone, to be subject to all the degrading, animalistic things a pred might do with [PAWN_objective] after turning [PAWN_objective] into some body part or other.",description,QuirkDefs\QuirkPool_GoalPreference.xml,def,"<ALIMT >(PH_3)</ALIMT> is terrified of being made a permanent part of someone, to be subject to all the degrading, animalistic things a pred might do with <ALIMT >(PH_2)</ALIMT> after turning <ALIMT >(PH_1)</ALIMT> into some body part or other.",[PAWN_label]害怕被人作为永久存在的一部分，遭受所有有辱人格的，泛灵的事情，一个 pred 可能会做[PAWN_objective]转向后[PAWN_objective]植入身体的某个部位或其他部位。
TypePreference_Predator_Cleavage.label,Predatory type pref. (cleavage),label,QuirkDefs\QuirkPool_TypePreference.xml,def,Predatory type pref. (<ALIMT >cleavage</ALIMT>),捕食动物 (乳沟)
TypePreference_Predator_Cleavage.description,"These quirks determine how much a pawn likes to stuff prey down their cleavage. At the extremes, the pawn will either never or always try to fissure prey.",description,QuirkDefs\QuirkPool_TypePreference.xml,def,"These quirks determine how much a <ALIMT >(PH_2)</ALIMT> likes to stuff prey down their <ALIMT >cleavage</ALIMT>. At the extremes, the <ALIMT >(PH_1)</ALIMT> will either never or always try to fissure prey.","这些怪癖决定了多少钱一个pawn喜欢将猎物塞进乳沟没有。在极端情况下,pawn将永远不会尝试或总是尝试裂解猎物。"
TypePreference_Predator_Cleavage_Obsessed.label,Ravenous fissurist pred,label,QuirkDefs\QuirkPool_TypePreference.xml,def,Ravenous fissurist pred,贪婪的 fissurist pred
TypePreference_Predator_Cleavage_Obsessed.description,"[PAWN_label] loves fissuring [PAWN_possessive] prey, to the exclusion of other types. No other type of vore makes it so easy to make out with prey on the way down.",description,QuirkDefs\QuirkPool_TypePreference.xml,def,"<ALIMT >(PH_2)</ALIMT> loves fissuring <ALIMT >(PH_1)</ALIMT> prey, to the exclusion of other types. No other type of <ALIMT >vore</ALIMT> makes it so easy to make out with prey on the way down.",[PAWN_label]喜爱碎裂[PAWN_possessive]捕食的动物，拒绝其他类型的动物。没有其他类型的吃人这样在怀孕的时候就很容易和猎物亲昵了。
TypePreference_Predator_Cleavage_Likes.label,Fissurist pred,label,QuirkDefs\QuirkPool_TypePreference.xml,def,Fissurist pred,Fissurist pred
TypePreference_Predator_Cleavage_Likes.description,"[PAWN_label] likes fissuring [PAWN_possessive] prey. Cleavage doesn't need to stretch as far beyond the norm, unlike other methods.",description,QuirkDefs\QuirkPool_TypePreference.xml,def,"<ALIMT >(PH_2)</ALIMT> likes fissuring <ALIMT >(PH_1)</ALIMT> prey. <ALIMT >cleavage</ALIMT> doesn't need to stretch as far beyond the norm, unlike other methods.",[PAWN_label]喜欢碎裂[PAWN_possessive]猎物。乳沟不像其他方法，不需要伸展得太远而超出常规。
TypePreference_Predator_Cleavage_Neutral.label,Fissure-ambivalent pred,label,QuirkDefs\QuirkPool_TypePreference.xml,def,Fissure-ambivalent pred,裂隙-矛盾 pred
TypePreference_Predator_Cleavage_Neutral.description,[PAWN_label] doesn't really care one way or the other about fissuring prey.,description,QuirkDefs\QuirkPool_TypePreference.xml,def,<ALIMT >(PH_1)</ALIMT> doesn't really care one way or the other about fissuring prey.,[PAWN_label]不在乎用这种或那种方式切割猎物。
TypePreference_Predator_Cleavage_Dislikes.label,Fissure-averse pred,label,QuirkDefs\QuirkPool_TypePreference.xml,def,Fissure-averse pred,厌恶裂隙的 pred
TypePreference_Predator_Cleavage_Dislikes.description,[PAWN_label] dislikes fissuring [PAWN_possessive] prey. That's not supposed to be a hole.,description,QuirkDefs\QuirkPool_TypePreference.xml,def,<ALIMT >(PH_2)</ALIMT> dislikes fissuring <ALIMT >(PH_1)</ALIMT> prey. That's not supposed to be a hole.,[PAWN_label]反感破裂[PAWN_possessive]猎物。那不应该是个洞。
TypePreference_Predator_Cleavage_Refuses.label,Fissure-abhorring pred,label,QuirkDefs\QuirkPool_TypePreference.xml,def,Fissure-abhorring pred,厌恶裂隙的 pred
TypePreference_Predator_Cleavage_Refuses.description,[PAWN_label] hates fissuring [PAWN_possessive] prey. It doesn't even deserve to be called vore.,description,QuirkDefs\QuirkPool_TypePreference.xml,def,<ALIMT >(PH_2)</ALIMT> hates fissuring <ALIMT >(PH_1)</ALIMT> prey. It doesn't even deserve to be called <ALIMT >vore</ALIMT>.,[PAWN_label]厌恶破裂[PAWN_possessive]猎物。它甚至不值得被召唤吃人没有。
TypePreference_Predator_Membrane.label,Predatory type pref. (membrane),label,QuirkDefs\QuirkPool_TypePreference.xml,def,Predatory type pref. (membrane),捕食动物 (膜)
TypePreference_Predator_Membrane.description,"These quirks determine how much a pawn likes to engulf prey through their permeable outer membrane. At the extremes, the pawn will either never or always try to engulf prey.",description,QuirkDefs\QuirkPool_TypePreference.xml,def,"These quirks determine how much a <ALIMT >(PH_2)</ALIMT> likes to engulf prey through their permeable outer membrane. At the extremes, the <ALIMT >(PH_1)</ALIMT> will either never or always try to engulf prey.","这些怪癖决定了多少钱一个pawn喜欢通过可渗透的外膜吞噬猎物。在极端情况下,pawn将永远不会或总是尝试吞噬猎物。"
TypePreference_Predator_Membrane_Obsessed.label,Ravenous dermacist pred,label,QuirkDefs\QuirkPool_TypePreference.xml,def,Ravenous dermacist pred,贪婪的 dermacist pred
TypePreference_Predator_Membrane_Obsessed.description,"[PAWN_label] loves engulfing prey through [PAWN_possessive] permeable outer membrane, like a slime. It's fun to walk around with prey like you've got a skeleton.",description,QuirkDefs\QuirkPool_TypePreference.xml,def,"<ALIMT >(PH_2)</ALIMT> loves engulfing prey through <ALIMT >(PH_1)</ALIMT> permeable outer membrane, like a <ALIMT >slime</ALIMT>. It's fun to walk around with prey like you've got a skeleton.",[PAWN_label]喜爱吞噬猎物[PAWN_possessive]可渗透的外膜，就像史莱姆没有。像骷髅一样和猎物四处走动很有趣。
TypePreference_Predator_Membrane_Likes.label,Dermacist pred,label,QuirkDefs\QuirkPool_TypePreference.xml,def,Dermacist pred,Dermacist pred
TypePreference_Predator_Membrane_Likes.description,"[PAWN_label] likes engulfing prey through [PAWN_possessive] permeable outer membrane, like a slime. Glomp!",description,QuirkDefs\QuirkPool_TypePreference.xml,def,"<ALIMT >(PH_2)</ALIMT> likes engulfing prey through <ALIMT >(PH_1)</ALIMT> permeable outer membrane, like a <ALIMT >slime</ALIMT>. Glomp!",[PAWN_label]比如吞噬猎物[PAWN_possessive]可渗透的外膜，就像史莱姆没有。Glomp!
TypePreference_Predator_Membrane_Neutral.label,Dermal-ambivalent pred,label,QuirkDefs\QuirkPool_TypePreference.xml,def,Dermal-ambivalent pred,皮肤冲突 pred
TypePreference_Predator_Membrane_Neutral.description,[PAWN_label] doesn't really care one way or the other about engulfing prey.,description,QuirkDefs\QuirkPool_TypePreference.xml,def,<ALIMT >(PH_1)</ALIMT> doesn't really care one way or the other about engulfing prey.,[PAWN_label]不在乎吞噬猎物的方式。
TypePreference_Predator_Membrane_Dislikes.label,Dermal-averse pred,label,QuirkDefs\QuirkPool_TypePreference.xml,def,Dermal-averse pred,厌恶皮肤的 pred
TypePreference_Predator_Membrane_Dislikes.description,[PAWN_label] dislikes engulfing prey through [PAWN_possessive] permeable outer membrane. It's a good way to get filth and grime in your plasm.,description,QuirkDefs\QuirkPool_TypePreference.xml,def,<ALIMT >(PH_2)</ALIMT> dislikes engulfing prey through <ALIMT >(PH_1)</ALIMT> permeable outer membrane. It's a good way to get filth and grime in your plasm.,[PAWN_label]厌恶吞噬猎物[PAWN_possessive]可渗透的外膜。这是一个让你的血浆里有污物和污垢的好方法。
TypePreference_Predator_Membrane_Refuses.label,Dermal-abhorring pred,label,QuirkDefs\QuirkPool_TypePreference.xml,def,Dermal-abhorring pred,厌恶皮肤的 pred
TypePreference_Predator_Membrane_Refuses.description,"[PAWN_label] hates engulfing prey through [PAWN_possessive] permeable outer membrane. Who would ever want to be restricted to a stiff, unyielding skeleton?",description,QuirkDefs\QuirkPool_TypePreference.xml,def,"<ALIMT >(PH_2)</ALIMT> hates engulfing prey through <ALIMT >(PH_1)</ALIMT> permeable outer membrane. Who would ever want to be restricted to a stiff, unyielding skeleton?",[PAWN_label]厌恶吞食猎物[PAWN_possessive]可渗透的外膜。谁会想被限制在一具僵硬、不屈服的骷髅里？
TypePreference_Predator_Navel.label,Predatory type preference (navel),label,QuirkDefs\QuirkPool_TypePreference.xml,def,Predatory type preference (navel),捕食动物类型偏好 (肚脐)
TypePreference_Predator_Navel.description,"These quirks determine how much a pawn likes to stuff prey into their navel. At the extremes, the pawn will either never or always try to ennavel prey.",description,QuirkDefs\QuirkPool_TypePreference.xml,def,"These quirks determine how much a <ALIMT >(PH_2)</ALIMT> likes to stuff prey into their navel. At the extremes, the <ALIMT >(PH_1)</ALIMT> will either never or always try to ennavel prey.","这些怪癖决定了多少钱一个pawn喜欢将猎物塞进他们的肚脐。在极端情况下,pawn将永远不会或总是试图抓住猎物。"
TypePreference_Predator_Navel_Obsessed.label,Ravenous umbilicist pred,label,QuirkDefs\QuirkPool_TypePreference.xml,def,Ravenous umbilicist pred,贪婪的脐巢 pred
TypePreference_Predator_Navel_Obsessed.description,"[PAWN_label] loves ennaveling [PAWN_possessive] prey, to the exclusion of other types. No other method is as belly-centric.",description,QuirkDefs\QuirkPool_TypePreference.xml,def,"<ALIMT >(PH_2)</ALIMT> loves ennaveling <ALIMT >(PH_1)</ALIMT> prey, to the exclusion of other types. No other method is as belly-centric.",[PAWN_label]喜爱圣兽[PAWN_possessive]捕食的动物，拒绝其他类型的动物。没有其他方法是以腹部为中心。
TypePreference_Predator_Navel_Likes.label,Umbilicist pred,label,QuirkDefs\QuirkPool_TypePreference.xml,def,Umbilicist pred,脐带 pred
TypePreference_Predator_Navel_Likes.description,[PAWN_label] likes ennaveling [PAWN_possessive] prey. It fed 'em once before; it can do so again!,description,QuirkDefs\QuirkPool_TypePreference.xml,def,<ALIMT >(PH_2)</ALIMT> likes ennaveling <ALIMT >(PH_1)</ALIMT> prey. It fed 'em once before; it can do so again!,[PAWN_label]喜欢圣兽[PAWN_possessive]猎物。它以前喂过一次; 它还能喂一次!
TypePreference_Predator_Navel_Neutral.label,Umbilical-ambivalent pred,label,QuirkDefs\QuirkPool_TypePreference.xml,def,Umbilical-ambivalent pred,脐带-矛盾 pred
TypePreference_Predator_Navel_Neutral.description,[PAWN_label] doesn't really care one way or the other about ennaveling prey.,description,QuirkDefs\QuirkPool_TypePreference.xml,def,<ALIMT >(PH_1)</ALIMT> doesn't really care one way or the other about ennaveling prey.,[PAWN_label]不在乎用这种或那种方式将猎物变化。
TypePreference_Predator_Navel_Dislikes.label,Umbilical-averse pred,label,QuirkDefs\QuirkPool_TypePreference.xml,def,Umbilical-averse pred,厌恶脐带的 pred
TypePreference_Predator_Navel_Dislikes.description,[PAWN_label] dislikes ennaveling [PAWN_possessive] prey. That was supposed to be tied a while ago!,description,QuirkDefs\QuirkPool_TypePreference.xml,def,<ALIMT >(PH_2)</ALIMT> dislikes ennaveling <ALIMT >(PH_1)</ALIMT> prey. That was supposed to be tied a while ago!,[PAWN_label]厌恶 ennaveling[PAWN_possessive]猎物。应该在不久前被绑起来的!
TypePreference_Predator_Navel_Refuses.label,Umbilical-abhorring pred,label,QuirkDefs\QuirkPool_TypePreference.xml,def,Umbilical-abhorring pred,厌恶脐带的 pred
TypePreference_Predator_Navel_Refuses.description,[PAWN_label] hates ennaveling [PAWN_possessive] prey. $PNom isn't a fetus anymore!,description,QuirkDefs\QuirkPool_TypePreference.xml,def,<ALIMT >(PH_2)</ALIMT> hates ennaveling <ALIMT >(PH_1)</ALIMT> prey. $PNom isn't a fetus anymore!,[PAWN_label]憎恶奴役[PAWN_possessive]猎物。$ PNom 不再是胎儿了!
TypePreference_Predator_Tailmaw.label,Predatory type preference (tailmaw),label,QuirkDefs\QuirkPool_TypePreference.xml,def,Predatory type preference (tailmaw),捕食动物类型偏好 (尾 ma)
TypePreference_Predator_Tailmaw.description,"These quirks determine how much a pawn likes to gulp prey down their tail-throat. At the extremes, the pawn will either never or always try to pythen prey.",description,QuirkDefs\QuirkPool_TypePreference.xml,def,"These quirks determine how much a <ALIMT >(PH_2)</ALIMT> likes to gulp prey down their <ALIMT >tail</ALIMT>-throat. At the extremes, the <ALIMT >(PH_1)</ALIMT> will either never or always try to pythen prey.","这些怪癖决定了多少钱一个pawn喜欢吞食它们的猎物一个突出的灵活附肢，是身体的一部分，通常从躯干的后部突出。不适用于没有腿的身体。-咽喉.在极端情况下,pawn将永远不会或总是尝试捕食。"
TypePreference_Predator_Tailmaw_Obsessed.label,Ravenous caudalist pred,label,QuirkDefs\QuirkPool_TypePreference.xml,def,Ravenous caudalist pred,贪婪的尾 caudpred
TypePreference_Predator_Tailmaw_Obsessed.description,"[PAWN_label] loves pythening [PAWN_possessive] prey, to the exclusion of other types. It's like having a helping hand hunting.",description,QuirkDefs\QuirkPool_TypePreference.xml,def,"<ALIMT >(PH_2)</ALIMT> loves pythening <ALIMT >(PH_1)</ALIMT> prey, to the exclusion of other types. It's like having a helping hand hunting.",[PAWN_label]喜爱[PAWN_possessive]捕食的动物，拒绝其他类型的动物。这就像有一个帮手在打猎。
TypePreference_Predator_Tailmaw_Likes.label,Caudalist pred,label,QuirkDefs\QuirkPool_TypePreference.xml,def,Caudalist pred,尾种先知
TypePreference_Predator_Tailmaw_Likes.description,[PAWN_label] likes pythening [PAWN_possessive] prey. What else do you do with a vore-capable tail?,description,QuirkDefs\QuirkPool_TypePreference.xml,def,<ALIMT >(PH_2)</ALIMT> likes pythening <ALIMT >(PH_1)</ALIMT> prey. What else do you do with a <ALIMT >vore</ALIMT>-capable <ALIMT >tail</ALIMT>?,[PAWN_label]喜欢[PAWN_possessive]猎物。你还能做什么与吃人-有能力一个突出的灵活附肢，是身体的一部分，通常从躯干的后部突出。不适用于没有腿的身体。什么？
TypePreference_Predator_Tailmaw_Neutral.label,Caudal-ambivalent pred,label,QuirkDefs\QuirkPool_TypePreference.xml,def,Caudal-ambivalent pred,盘尾矛盾 pred
TypePreference_Predator_Tailmaw_Neutral.description,[PAWN_label] doesn't really care one way or the other about pythening prey.,description,QuirkDefs\QuirkPool_TypePreference.xml,def,<ALIMT >(PH_1)</ALIMT> doesn't really care one way or the other about pythening prey.,[PAWN_label]不管怎样，我不在意你怎么发现它的猎物。
TypePreference_Predator_Tailmaw_Dislikes.label,Caudal-averse pred,label,QuirkDefs\QuirkPool_TypePreference.xml,def,Caudal-averse pred,厌恶尾象的 pred
TypePreference_Predator_Tailmaw_Dislikes.description,[PAWN_label] dislikes pythening [PAWN_possessive] prey. It's even harder to coordinate than anal vore.,description,QuirkDefs\QuirkPool_TypePreference.xml,def,<ALIMT >(PH_2)</ALIMT> dislikes pythening <ALIMT >(PH_1)</ALIMT> prey. It's even harder to coordinate than <ALIMT >anal</ALIMT> <ALIMT >vore</ALIMT>.,[PAWN_label]厌恶者[PAWN_possessive]猎物。协调起来比analvore没有。
TypePreference_Predator_Tailmaw_Refuses.label,Caudal-abhorring pred,label,QuirkDefs\QuirkPool_TypePreference.xml,def,Caudal-abhorring pred,敌视 pred
TypePreference_Predator_Tailmaw_Refuses.description,[PAWN_label] hates pythening [PAWN_possessive] prey. What's the point when [PAWN_pronoun] already has a mouth?,description,QuirkDefs\QuirkPool_TypePreference.xml,def,<ALIMT >(PH_3)</ALIMT> hates pythening <ALIMT >(PH_2)</ALIMT> prey. What's the point when <ALIMT >(PH_1)</ALIMT> already has a mouth?,[PAWN_label]厌恶死亡[PAWN_possessive]猎物。关键是什么[PAWN_pronoun]已经有一张嘴了？
TypePreference_Predator_Udder.label,Predatory type preference (udder),label,QuirkDefs\QuirkPool_TypePreference.xml,def,Predatory type preference (udder),捕食动物类型偏好
TypePreference_Predator_Udder.description,"These quirks determine how much a pawn likes to stuff prey into their udder. At the extremes, the pawn will either never or always try to unnurse prey into their udder.",description,QuirkDefs\QuirkPool_TypePreference.xml,def,"These quirks determine how much a <ALIMT >(PH_2)</ALIMT> likes to stuff prey into their udder. At the extremes, the <ALIMT >(PH_1)</ALIMT> will either never or always try to unnurse prey into their udder.","这些怪癖决定了多少钱一个pawn喜欢将猎物塞进乳房。在极端情况下,pawn将永远不会或总是试图将猎物解除到乳房里。"
TypePreference_Predator_Udder_Obsessed.label,Ravenous uberist pred,label,QuirkDefs\QuirkPool_TypePreference.xml,def,Ravenous uberist pred,贪婪的繁荣 pred
TypePreference_Predator_Udder_Obsessed.description,"[PAWN_label] loves unnursing prey into [PAWN_possessive] udder, to the exclusion of other types. Moo!",description,QuirkDefs\QuirkPool_TypePreference.xml,def,"<ALIMT >(PH_2)</ALIMT> loves unnursing prey into <ALIMT >(PH_1)</ALIMT> udder, to the exclusion of other types. Moo!",[PAWN_label]喜爱将未受精的猎物转化为[PAWN_possessive]乳房，其他类型除外。Moo!
TypePreference_Predator_Udder_Likes.label,Uberist pred,label,QuirkDefs\QuirkPool_TypePreference.xml,def,Uberist pred,怀孕前
TypePreference_Predator_Udder_Likes.description,[PAWN_label] likes unnursing prey into [PAWN_possessive] udder. Milk's good.,description,QuirkDefs\QuirkPool_TypePreference.xml,def,<ALIMT >(PH_2)</ALIMT> likes unnursing prey into <ALIMT >(PH_1)</ALIMT> udder. Milk's good.,[PAWN_label]喜欢将非哺乳动物变成[PAWN_possessive]乳房更发达。牛奶很好。
TypePreference_Predator_Udder_Neutral.label,Uberal-ambivalent pred,label,QuirkDefs\QuirkPool_TypePreference.xml,def,Uberal-ambivalent pred,旺盛的-矛盾的 pred
TypePreference_Predator_Udder_Neutral.description,[PAWN_label] doesn't really care one way or the other about unnursing prey into [PAWN_possessive] udder.,description,QuirkDefs\QuirkPool_TypePreference.xml,def,<ALIMT >(PH_2)</ALIMT> doesn't really care one way or the other about unnursing prey into <ALIMT >(PH_1)</ALIMT> udder.,[PAWN_label]不在乎如何将猎物解为[PAWN_possessive]乳房更发达。
TypePreference_Predator_Udder_Dislikes.label,Uberal-averse pred,label,QuirkDefs\QuirkPool_TypePreference.xml,def,Uberal-averse pred,厌恶生育的 pred
TypePreference_Predator_Udder_Dislikes.description,[PAWN_label] dislikes unnursing prey into [PAWN_possessive] udder. There are better ways to get milk.,description,QuirkDefs\QuirkPool_TypePreference.xml,def,<ALIMT >(PH_2)</ALIMT> dislikes unnursing prey into <ALIMT >(PH_1)</ALIMT> udder. There are better ways to get milk.,[PAWN_label]厌恶非哺乳动物的猎物[PAWN_possessive]乳房更发达。有更好的方法来获取牛奶。
TypePreference_Predator_Udder_Refuses.label,Uberal-abhorring pred,label,QuirkDefs\QuirkPool_TypePreference.xml,def,Uberal-abhorring pred,厌恶生育的 pred
TypePreference_Predator_Udder_Refuses.description,[PAWN_label] hates unnursing prey into [PAWN_possessive] udder. Find another cow.,description,QuirkDefs\QuirkPool_TypePreference.xml,def,<ALIMT >(PH_2)</ALIMT> hates unnursing prey into <ALIMT >(PH_1)</ALIMT> udder. Find another cow.,[PAWN_label]憎恶未哺乳的猎物转化为[PAWN_possessive]乳房更发达。另找一头牛。
TypePreference_Prey_Cleavage.label,Preyish type preference (cleavage),label,QuirkDefs\QuirkPool_TypePreference.xml,def,Preyish type preference (<ALIMT >cleavage</ALIMT>),猎物类型偏好 (乳沟)
TypePreference_Prey_Cleavage.description,"These quirks determine how much a pawn likes to be stuffed in predators' cleavage. At the extremes, the pawn will either never or always try to get fissured.",description,QuirkDefs\QuirkPool_TypePreference.xml,def,"These quirks determine how much a <ALIMT >(PH_2)</ALIMT> likes to be stuffed in predators' <ALIMT >cleavage</ALIMT>. At the extremes, the <ALIMT >(PH_1)</ALIMT> will either never or always try to get fissured.","这些怪癖决定了多少钱一个pawn喜欢被植入捕食者乳沟没有。在极端情况下,pawn将永远不会或总是尝试破裂。"
TypePreference_Prey_Cleavage_Obsessed.label,Obsessive fissurist prey,label,QuirkDefs\QuirkPool_TypePreference.xml,def,Obsessive fissurist prey,迷恋 fissurist 的猎物
TypePreference_Prey_Cleavage_Obsessed.description,"[PAWN_label] loves to fit between the letter-slot, to get cosy in the built-in purse, to get a full-body titjob; to be fissured, cleavage-vored.",description,QuirkDefs\QuirkPool_TypePreference.xml,def,"<ALIMT >(PH_1)</ALIMT> loves to fit between the letter-slot, to get cosy in the built-in purse, to get a full-body titjob; to be fissured, <ALIMT >cleavage</ALIMT>-vored.","[PAWN_label]喜欢穿梭在信封槽之间，喜欢在内置的钱包里过的舒适，喜欢全身而退; 喜欢破裂,乳沟-已受伤。"
TypePreference_Prey_Cleavage_Likes.label,Fissurist prey,label,QuirkDefs\QuirkPool_TypePreference.xml,def,Fissurist prey,Fissurist 猎物
TypePreference_Prey_Cleavage_Likes.description,[PAWN_label] likes to be fissured. Who doesn't like playing around with a pair of funbags?,description,QuirkDefs\QuirkPool_TypePreference.xml,def,<ALIMT >(PH_1)</ALIMT> likes to be fissured. Who doesn't like playing around with a pair of funbags?,[PAWN_label]喜欢被破裂。谁不喜欢和一对有趣的人一起玩？
TypePreference_Prey_Cleavage_Neutral.label,Fissure-ambivalent prey,label,QuirkDefs\QuirkPool_TypePreference.xml,def,Fissure-ambivalent prey,裂隙-矛盾猎物
TypePreference_Prey_Cleavage_Neutral.description,[PAWN_label] doesn't really care one way or the other about being fissured.,description,QuirkDefs\QuirkPool_TypePreference.xml,def,<ALIMT >(PH_1)</ALIMT> doesn't really care one way or the other about being fissured.,[PAWN_label]不在乎是否破裂。
TypePreference_Prey_Cleavage_Dislikes.label,Fissure-averse prey,label,QuirkDefs\QuirkPool_TypePreference.xml,def,Fissure-averse prey,厌恶裂隙的猎物
TypePreference_Prey_Cleavage_Dislikes.description,[PAWN_label] dislikes being fissured. There are higher-intensity forms of vore out there.,description,QuirkDefs\QuirkPool_TypePreference.xml,def,<ALIMT >(PH_1)</ALIMT> dislikes being fissured. There are higher-intensity forms of <ALIMT >vore</ALIMT> out there.,[PAWN_label]不喜欢被撕开。有更高强度的吃人在外面。
TypePreference_Prey_Cleavage_Refuses.label,Fissure-abhorring prey,label,QuirkDefs\QuirkPool_TypePreference.xml,def,Fissure-abhorring prey,厌恶裂隙的猎物
TypePreference_Prey_Cleavage_Refuses.description,[PAWN_label] hates being fissured. Is it really even vore?,description,QuirkDefs\QuirkPool_TypePreference.xml,def,<ALIMT >(PH_1)</ALIMT> hates being fissured. Is it really even <ALIMT >vore</ALIMT>?,[PAWN_label]讨厌被撕开。真的公平吗吃人什么？
TypePreference_Prey_Membrane.label,Preyish type pref. (membrane),label,QuirkDefs\QuirkPool_TypePreference.xml,def,Preyish type pref. (membrane),Preyish type pref。(膜)
TypePreference_Prey_Membrane.description,"These quirks determine how much a pawn likes to be engulfed through a slimelike being's permeable outer membrane, like by a slime. At the extremes, the pawn will either never or always try to get engulfed.",description,QuirkDefs\QuirkPool_TypePreference.xml,def,"These quirks determine how much a <ALIMT >(PH_2)</ALIMT> likes to be engulfed through a slimelike being's permeable outer membrane, like by a <ALIMT >slime</ALIMT>. At the extremes, the <ALIMT >(PH_1)</ALIMT> will either never or always try to get engulfed.","这些怪癖决定了多少钱一个pawn喜欢被纤细生物的可渗透外膜吞噬，就像被史莱姆没有。在极端情况下,pawn将永远不会或总是试图被吞没。"
TypePreference_Prey_Membrane_Obsessed.label,Obsessive dermalist prey,label,QuirkDefs\QuirkPool_TypePreference.xml,def,Obsessive dermalist prey,迷恋 dermalist 的猎物
TypePreference_Prey_Membrane_Obsessed.description,"[PAWN_label] loves to bathe in the body, to swim in jelly; to be engulfed, overembraced, membrane-vored.",description,QuirkDefs\QuirkPool_TypePreference.xml,def,"<ALIMT >(PH_1)</ALIMT> loves to bathe in the body, to swim in jelly; to be engulfed, overembraced, membrane-vored.",[PAWN_label]喜欢在身体里洗澡，喜欢在胶状物里游泳; 喜欢被吞噬，被拥抱，被薄膜吞噬。
TypePreference_Prey_Membrane_Likes.label,Dermalist prey,label,QuirkDefs\QuirkPool_TypePreference.xml,def,Dermalist prey,Dermalist 猎物
TypePreference_Prey_Membrane_Likes.description,[PAWN_label] likes being engulfed by slime-like beings. It's nice to swim in goo.,description,QuirkDefs\QuirkPool_TypePreference.xml,def,<ALIMT >(PH_1)</ALIMT> likes being engulfed by <ALIMT >slime</ALIMT>-like beings. It's nice to swim in goo.,[PAWN_label]喜欢被吞噬史莱姆-像是生物。在咕咕的环境中游泳真好。
TypePreference_Prey_Membrane_Neutral.label,Dermal-ambivalent prey,label,QuirkDefs\QuirkPool_TypePreference.xml,def,Dermal-ambivalent prey,皮肤矛盾的猎物
TypePreference_Prey_Membrane_Neutral.description,[PAWN_label] doesn't really care one way or the other about being engulfed.,description,QuirkDefs\QuirkPool_TypePreference.xml,def,<ALIMT >(PH_1)</ALIMT> doesn't really care one way or the other about being engulfed.,[PAWN_label]不在乎被吞没。
TypePreference_Prey_Membrane_Dislikes.label,Dermal-averse prey,label,QuirkDefs\QuirkPool_TypePreference.xml,def,Dermal-averse prey,厌恶皮肤的猎物
TypePreference_Prey_Membrane_Dislikes.description,[PAWN_label] dislikes being engulfed by slimelike beings. The vibe's just off.,description,QuirkDefs\QuirkPool_TypePreference.xml,def,<ALIMT >(PH_1)</ALIMT> dislikes being engulfed by slimelike beings. The vibe's just off.,[PAWN_label]厌恶被纤细的生物吞没。气氛有些不正常。
TypePreference_Prey_Membrane_Refuses.label,Dermal-averse prey,label,QuirkDefs\QuirkPool_TypePreference.xml,def,Dermal-averse prey,厌恶皮肤的猎物
TypePreference_Prey_Membrane_Refuses.description,"[PAWN_label] hates being engulfed by slimelike beings. It's too public, too roomy, and the slime gets to puppet you around while you're inside.",description,QuirkDefs\QuirkPool_TypePreference.xml,def,"<ALIMT >(PH_1)</ALIMT> hates being engulfed by slimelike beings. It's too <ALIMT >public</ALIMT>, too roomy, and the <ALIMT >slime</ALIMT> gets to puppet you around while you're inside.","[PAWN_label]讨厌被纤细的生物吞没。太公共场所,过于宽敞，以及史莱姆当你在里面的时候，就能四处游荡。"
TypePreference_Prey_Navel.label,Preyish type preference (navel),label,QuirkDefs\QuirkPool_TypePreference.xml,def,Preyish type preference (navel),猎物类型偏好 (肚脐)
TypePreference_Prey_Navel.description,"These quirks determine how much a pawn likes to be stuffed into a predator's navel. At the extremes, the pawn will either never or always try to get ennaveled.",description,QuirkDefs\QuirkPool_TypePreference.xml,def,"These quirks determine how much a <ALIMT >(PH_2)</ALIMT> likes to be stuffed into a predator's navel. At the extremes, the <ALIMT >(PH_1)</ALIMT> will either never or always try to get ennaveled.","这些怪癖决定了多少钱一个pawn喜欢被塞进捕食者的肚脐。在极端情况下,pawn将永远不会或总是试图被觉醒。"
TypePreference_Prey_Navel_Obsessed.label,Obsessive umbilicist prey,label,QuirkDefs\QuirkPool_TypePreference.xml,def,Obsessive umbilicist prey,迷恋脐部的猎物
TypePreference_Prey_Navel_Obsessed.description,"[PAWN_label] loves to dig deep for lint, to untie the old knot, to be navel-vored.",description,QuirkDefs\QuirkPool_TypePreference.xml,def,"<ALIMT >(PH_1)</ALIMT> loves to dig deep for lint, to untie the old knot, to be navel-vored.",[PAWN_label]喜欢深挖毛绒，喜欢解开旧结，喜欢肚脐。
TypePreference_Prey_Navel_Likes.label,Umbilicist prey,label,QuirkDefs\QuirkPool_TypePreference.xml,def,Umbilicist prey,脐带主义猎物
TypePreference_Prey_Navel_Likes.description,[PAWN_label] likes being ennaveled. Bellies are good!,description,QuirkDefs\QuirkPool_TypePreference.xml,def,<ALIMT >(PH_1)</ALIMT> likes being ennaveled. Bellies are good!,[PAWN_label]喜欢被奴役。肚子很好!
TypePreference_Prey_Navel_Neutral.label,Umbilical-ambivalent prey,label,QuirkDefs\QuirkPool_TypePreference.xml,def,Umbilical-ambivalent prey,母树矛盾的猎物
TypePreference_Prey_Navel_Neutral.description,[PAWN_label] doesn't really care one way or the other about being ennaveled.,description,QuirkDefs\QuirkPool_TypePreference.xml,def,<ALIMT >(PH_1)</ALIMT> doesn't really care one way or the other about being ennaveled.,[PAWN_label]不在乎被奴役。
TypePreference_Prey_Navel_Dislikes.label,Umbilical-averse prey,label,QuirkDefs\QuirkPool_TypePreference.xml,def,Umbilical-averse prey,厌恶脐带的猎物
TypePreference_Prey_Navel_Dislikes.description,[PAWN_label] dislikes being ennaveled. It's linty and unclean in there.,description,QuirkDefs\QuirkPool_TypePreference.xml,def,<ALIMT >(PH_1)</ALIMT> dislikes being ennaveled. It's linty and unclean in there.,[PAWN_label]厌恶被奴役。里面不规则且不干净。
TypePreference_Prey_Navel_Refuses.label,Umbilical-averse prey,label,QuirkDefs\QuirkPool_TypePreference.xml,def,Umbilical-averse prey,厌恶脐带的猎物
TypePreference_Prey_Navel_Refuses.description,[PAWN_label] hates being ennaveled. The knot was tied for a reason.,description,QuirkDefs\QuirkPool_TypePreference.xml,def,<ALIMT >(PH_1)</ALIMT> hates being ennaveled. The knot was tied for a reason.,[PAWN_label]讨厌被奴役。结婚是有原因的。
TypePreference_Prey_Tailmaw.label,Preyish type preference (tailmaw),label,QuirkDefs\QuirkPool_TypePreference.xml,def,Preyish type preference (tailmaw),猎物类型偏好 (尾毛)
TypePreference_Prey_Tailmaw.description,"These quirks determine how much a pawn likes to be gulped down a predator's tailmaw. At the extremes, the pawn will either never or always try to get pythened.",description,QuirkDefs\QuirkPool_TypePreference.xml,def,"These quirks determine how much a <ALIMT >(PH_2)</ALIMT> likes to be gulped down a predator's tailmaw. At the extremes, the <ALIMT >(PH_1)</ALIMT> will either never or always try to get pythened.","这些怪癖决定了多少钱一个pawn喜欢被食尸鬼从捕食者的一个突出的灵活附肢，是身体的一部分，通常从躯干的后部突出。不适用于没有腿的身体。上吞食。在极端情况下,pawn将永远不会或总是尝试被勾兑。"
TypePreference_Prey_Tailmaw_Obsessed.label,Obsessive caudalist prey,label,QuirkDefs\QuirkPool_TypePreference.xml,def,Obsessive caudalist prey,追忆尾兽的猎物
TypePreference_Prey_Tailmaw_Obsessed.description,"[PAWN_label] loves to be taken by the snake, sucked down the spade; pythened, tail-vored.",description,QuirkDefs\QuirkPool_TypePreference.xml,def,"<ALIMT >(PH_1)</ALIMT> loves to be taken by the snake, sucked down the spade; pythened, <ALIMT >tail</ALIMT>-vored.",[PAWN_label]喜欢被蛇带走，被铁锹吸引;一个突出的灵活附肢，是身体的一部分，通常从躯干的后部突出。不适用于没有腿的身体。-已受伤。
TypePreference_Prey_Tailmaw_Likes.label,Caudalist prey,label,QuirkDefs\QuirkPool_TypePreference.xml,def,Caudalist prey,尾种猎物
TypePreference_Prey_Tailmaw_Likes.description,[PAWN_label] likes being pythened. Tail-preds can do ever so much with their tails while you're in there.,description,QuirkDefs\QuirkPool_TypePreference.xml,def,<ALIMT >(PH_1)</ALIMT> likes being pythened. <ALIMT >tail</ALIMT>-preds can do ever so much with their tails while you're in there.,[PAWN_label]喜欢被解雇。一个突出的灵活附肢，是身体的一部分，通常从躯干的后部突出。不适用于没有腿的身体。-当你在里面的时候，preds 可以用他们的一个突出的灵活附肢，是身体的一部分，通常从躯干的后部突出。不适用于没有腿的身体。做很多事情。
TypePreference_Prey_Tailmaw_Neutral.label,Caudal-ambivalent prey,label,QuirkDefs\QuirkPool_TypePreference.xml,def,Caudal-ambivalent prey,盘尾矛盾的猎物
TypePreference_Prey_Tailmaw_Neutral.description,[PAWN_label] doesn't really care one way or the other about being pythened.,description,QuirkDefs\QuirkPool_TypePreference.xml,def,<ALIMT >(PH_1)</ALIMT> doesn't really care one way or the other about being pythened.,[PAWN_label]不管怎样，我都不在乎被勾搭上。
TypePreference_Prey_Tailmaw_Dislikes.label,Caudal-averse prey,label,QuirkDefs\QuirkPool_TypePreference.xml,def,Caudal-averse prey,厌恶尾兽的猎物
TypePreference_Prey_Tailmaw_Dislikes.description,"[PAWN_label] dislikes being pythened. Tailmaws fall within the uncanny valley, when it comes to mouths.",description,QuirkDefs\QuirkPool_TypePreference.xml,def,"<ALIMT >(PH_1)</ALIMT> dislikes being pythened. Tailmaws fall within the uncanny valley, when it comes to mouths.",[PAWN_label]厌恶被勾兑。当谈到嘴时，尾矛落入了诡异的山谷。
TypePreference_Prey_Tailmaw_Refuses.label,Caudal-abhorring prey,label,QuirkDefs\QuirkPool_TypePreference.xml,def,Caudal-abhorring prey,食尸鬼
TypePreference_Prey_Tailmaw_Refuses.description,"[PAWN_label] hates being pythened. It activates some sort of primal fear of snakes in [PAWN_possessive] mind, even if [PAWN_pronoun] might not otherwise dread the slitherers.",description,QuirkDefs\QuirkPool_TypePreference.xml,def,"<ALIMT >(PH_3)</ALIMT> hates being pythened. It activates some sort of primal fear of snakes in <ALIMT >(PH_2)</ALIMT> mind, even if <ALIMT >(PH_1)</ALIMT> might not otherwise dread the slitherers.",[PAWN_label]讨厌被勾搭上。它激活了对蛇的某种原始恐惧[PAWN_possessive]意志，即使[PAWN_pronoun]否则可能不会让滑道感到恐惧。
TypePreference_Prey_Udder.label,Preyish type preference (udder),label,QuirkDefs\QuirkPool_TypePreference.xml,def,Preyish type preference (udder),捕食动物的类型偏好
TypePreference_Prey_Udder.description,"These quirks determine how much a pawn likes to be stuffed into a predator's udder. At the extremes, the pawn will either never or always try to get unnursed into the udder.",description,QuirkDefs\QuirkPool_TypePreference.xml,def,"These quirks determine how much a <ALIMT >(PH_2)</ALIMT> likes to be stuffed into a predator's udder. At the extremes, the <ALIMT >(PH_1)</ALIMT> will either never or always try to get unnursed into the udder.","这些怪癖决定了多少钱一个pawn喜欢被塞进捕食者的乳房里。在极端情况下,pawn将永远不会或总是尝试将自己的想法发泄到乳房里。"
TypePreference_Prey_Udder_Obsessed.label,Obsessive uberist prey,label,QuirkDefs\QuirkPool_TypePreference.xml,def,Obsessive uberist prey,掠袭者
TypePreference_Prey_Udder_Obsessed.description,"[PAWN_label] loves to be unnursed, unsuckled, bathe in milk, all in the beastly manner--to be udder-vored.",description,QuirkDefs\QuirkPool_TypePreference.xml,def,"<ALIMT >(PH_1)</ALIMT> loves to be unnursed, unsuckled, bathe in milk, all in the beastly manner--to be udder-vored.",[PAWN_label]喜欢不被照顾，不被吮吸，用牛奶洗澡，所有这些都以野兽的方式进行 -- 更容易被尿裤。
TypePreference_Prey_Udder_Likes.label,Uberist prey,label,QuirkDefs\QuirkPool_TypePreference.xml,def,Uberist prey,幸存的猎物
TypePreference_Prey_Udder_Likes.description,[PAWN_label] likes being unnursed into an udder. Moo!,description,QuirkDefs\QuirkPool_TypePreference.xml,def,<ALIMT >(PH_1)</ALIMT> likes being unnursed into an udder. Moo!,[PAWN_label]喜欢被照顾成乳房。Moo!
TypePreference_Prey_Udder_Neutral.label,Uberal-ambivalent prey,label,QuirkDefs\QuirkPool_TypePreference.xml,def,Uberal-ambivalent prey,充满活力和矛盾的猎物
TypePreference_Prey_Udder_Neutral.description,[PAWN_label] doesn't really care one way or the other about being unnursed into an udder.,description,QuirkDefs\QuirkPool_TypePreference.xml,def,<ALIMT >(PH_1)</ALIMT> doesn't really care one way or the other about being unnursed into an udder.,[PAWN_label]不管怎样，我都不在乎自己是否被束缚成乳房。
TypePreference_Prey_Udder_Dislikes.label,Uberal-averse prey,label,QuirkDefs\QuirkPool_TypePreference.xml,def,Uberal-averse prey,厌恶生育的猎物
TypePreference_Prey_Udder_Dislikes.description,[PAWN_label] dislikes udder vore. Udders are weird.,description,QuirkDefs\QuirkPool_TypePreference.xml,def,<ALIMT >(PH_1)</ALIMT> dislikes udder <ALIMT >vore</ALIMT>. Udders are weird.,[PAWN_label]厌恶乳房吃人没有。乳房很奇怪。
TypePreference_Prey_Udder_Refuses.label,Uberal-abhorring prey,label,QuirkDefs\QuirkPool_TypePreference.xml,def,Uberal-abhorring prey,厌恶生育的猎物
TypePreference_Prey_Udder_Refuses.description,"[PAWN_label] hates udder vore. Those are for beasts, not people.",description,QuirkDefs\QuirkPool_TypePreference.xml,def,"<ALIMT >(PH_1)</ALIMT> hates udder <ALIMT >vore</ALIMT>. Those are for beasts, not people.",[PAWN_label]厌恶乳房吃人没有。这些是给野兽的，不是给人的。
RV2_MakeGoalEnabler_Absorb.label,Make cellular xenoconverter,label,RecipeDefs\Recipes_VoreEnablers.xml,def,Make cellular xenoconverter,制作异种细胞转发器
RV2_MakeGoalEnabler_ConvertChemfuel.label,Make olifactive enzyme seeder,label,RecipeDefs\Recipes_VoreEnablers.xml,def,Make olifactive enzyme seeder,制作产物酶
RV2_MakeGoalEnabler_ConvertEggs.label,Make ovifactive enzyme seeder,label,RecipeDefs\Recipes_VoreEnablers.xml,def,Make ovifactive enzyme seeder,制作产卵酶
RV2_MakeGoalEnabler_ConvertUrine.label,Make urifactive enzyme seeder,label,RecipeDefs\Recipes_VoreEnablers.xml,def,Make urifactive enzyme seeder,解锁制作
RV2_MakeTypeEnabler_Cleavage.label,Make cleavage vore suite,label,RecipeDefs\Recipes_VoreEnablers.xml,def,Make <ALIMT >cleavage</ALIMT> <ALIMT >vore</ALIMT> suite,制作cleavagevore套房
RV2_MakeTypeEnabler_Membrane.label,Make dermal porocizer,label,RecipeDefs\Recipes_VoreEnablers.xml,def,Make dermal porocizer,制作
RV2_MakeTypeEnabler_Navel.label,Make umbilical elasticizer,label,RecipeDefs\Recipes_VoreEnablers.xml,def,Make umbilical elasticizer,制作脐带护甲
RV2_MakeTypeEnabler_Tailmaw.label,Make caudal actinodivisor,label,RecipeDefs\Recipes_VoreEnablers.xml,def,Make caudal actinodivisor,制作尾形圆形器
RV2_MakeTypeEnabler_Udder.label,Make uberal elasticizer,label,RecipeDefs\Recipes_VoreEnablers.xml,def,Make uberal elasticizer,解锁制作
RV2_ChangeCosmeticHediff_Lips.label,Sculpt assimilated fat on lips.,label,RecipeDefs\Surgeries_ChangeCosmeticHediffs.xml,def,Sculpt assimilated fat on lips.,在嘴唇上雕刻被吸收的脂肪。
RV2_ChangeCosmeticHediff_Lips.description,Sculpt assimilated fat on lips.,description,RecipeDefs\Surgeries_ChangeCosmeticHediffs.xml,def,Sculpt assimilated fat on lips.,在嘴唇上雕刻被吸收的脂肪。
RV2_ChangeCosmeticHediff_Lips.jobString,Sculpting assimilated fat on lips,jobString,RecipeDefs\Surgeries_ChangeCosmeticHediffs.xml,def,Sculpting assimilated fat on lips,在嘴唇上雕刻被同化的脂肪
RV2_ChangeCosmeticHediff_Ass.label,Sculpt assimilated fat on ass.,label,RecipeDefs\Surgeries_ChangeCosmeticHediffs.xml,def,Sculpt assimilated fat on <ALIMT >ass</ALIMT>.,继续塑造被同化的脂肪屁股没有。
RV2_ChangeCosmeticHediff_Ass.description,Sculpt assimilated fat on ass.,description,RecipeDefs\Surgeries_ChangeCosmeticHediffs.xml,def,Sculpt assimilated fat on <ALIMT >ass</ALIMT>.,继续塑造被同化的脂肪屁股没有。
RV2_ChangeCosmeticHediff_Ass.jobString,Sculpting assimilated fat on ass,jobString,RecipeDefs\Surgeries_ChangeCosmeticHediffs.xml,def,Sculpting assimilated fat on <ALIMT >ass</ALIMT>,雕刻同化脂肪屁股
RV2_ChangeCosmeticHediff_Labia.label,Sculpt assimilated fat on labia.,label,RecipeDefs\Surgeries_ChangeCosmeticHediffs.xml,def,Sculpt assimilated fat on <ALIMT >labia</ALIMT>.,继续塑造被同化的脂肪阴唇没有。
RV2_ChangeCosmeticHediff_Labia.description,Sculpt assimilated fat on labia.,description,RecipeDefs\Surgeries_ChangeCosmeticHediffs.xml,def,Sculpt assimilated fat on <ALIMT >labia</ALIMT>.,继续塑造被同化的脂肪阴唇没有。
RV2_ChangeCosmeticHediff_Labia.jobString,Sculpting assimilated fat on labia,jobString,RecipeDefs\Surgeries_ChangeCosmeticHediffs.xml,def,Sculpting assimilated fat on <ALIMT >labia</ALIMT>,雕刻同化脂肪阴唇
RV2_ChangeCosmeticHediff_Belly.label,Sculpt assimilated fat on belly.,label,RecipeDefs\Surgeries_ChangeCosmeticHediffs.xml,def,Sculpt assimilated fat on belly.,在腹部雕刻被吸收的脂肪。
RV2_ChangeCosmeticHediff_Belly.description,Sculpt assimilated fat on belly.,description,RecipeDefs\Surgeries_ChangeCosmeticHediffs.xml,def,Sculpt assimilated fat on belly.,在腹部雕刻被吸收的脂肪。
RV2_ChangeCosmeticHediff_Belly.jobString,Sculpting assimilated fat on belly,jobString,RecipeDefs\Surgeries_ChangeCosmeticHediffs.xml,def,Sculpting assimilated fat on belly,在腹部雕刻同化脂肪
RV2_RemoveCosmeticHediff_Lips.label,Remove assimilated fat from lips.,label,RecipeDefs\Surgeries_RemoveCosmeticHediffs.xml,def,Remove assimilated fat from lips.,从嘴唇移除被同化的脂肪。
RV2_RemoveCosmeticHediff_Lips.description,Remove assimilated fat from lips.,description,RecipeDefs\Surgeries_RemoveCosmeticHediffs.xml,def,Remove assimilated fat from lips.,从嘴唇移除被同化的脂肪。
RV2_RemoveCosmeticHediff_Lips.jobString,Removing assimilated fat from lips,jobString,RecipeDefs\Surgeries_RemoveCosmeticHediffs.xml,def,Removing assimilated fat from lips,从嘴唇移除被同化的脂肪
RV2_RemoveCosmeticHediff_Ass.label,Remove assimilated fat from ass.,label,RecipeDefs\Surgeries_RemoveCosmeticHediffs.xml,def,Remove assimilated fat from <ALIMT >ass</ALIMT>.,移除被同化的脂肪于屁股没有。
RV2_RemoveCosmeticHediff_Ass.description,Remove assimilated fat from ass.,description,RecipeDefs\Surgeries_RemoveCosmeticHediffs.xml,def,Remove assimilated fat from <ALIMT >ass</ALIMT>.,移除被同化的脂肪于屁股没有。
RV2_RemoveCosmeticHediff_Ass.jobString,Removing assimilated fat from ass,jobString,RecipeDefs\Surgeries_RemoveCosmeticHediffs.xml,def,Removing assimilated fat from <ALIMT >ass</ALIMT>,移除被同化的脂肪于屁股
RV2_RemoveCosmeticHediff_Labia.label,Remove assimilated fat from labia.,label,RecipeDefs\Surgeries_RemoveCosmeticHediffs.xml,def,Remove assimilated fat from <ALIMT >labia</ALIMT>.,移除被同化的脂肪于阴唇没有。
RV2_RemoveCosmeticHediff_Labia.description,Remove assimilated fat from labia.,description,RecipeDefs\Surgeries_RemoveCosmeticHediffs.xml,def,Remove assimilated fat from <ALIMT >labia</ALIMT>.,移除被同化的脂肪于阴唇没有。
RV2_RemoveCosmeticHediff_Labia.jobString,Removing assimilated fat from labia,jobString,RecipeDefs\Surgeries_RemoveCosmeticHediffs.xml,def,Removing assimilated fat from <ALIMT >labia</ALIMT>,移除被同化的脂肪于阴唇
RV2_RemoveCosmeticHediff_Belly.label,Remove assimilated fat from belly.,label,RecipeDefs\Surgeries_RemoveCosmeticHediffs.xml,def,Remove assimilated fat from belly.,从腹部移除被同化的脂肪。
RV2_RemoveCosmeticHediff_Belly.description,Remove assimilated fat from belly.,description,RecipeDefs\Surgeries_RemoveCosmeticHediffs.xml,def,Remove assimilated fat from belly.,从腹部移除被同化的脂肪。
RV2_RemoveCosmeticHediff_Belly.jobString,Removing assimilated fat from belly,jobString,RecipeDefs\Surgeries_RemoveCosmeticHediffs.xml,def,Removing assimilated fat from belly,移除腹部被同化的脂肪
RV2_InstallGoalEnabler_Absorb.label,Install cellular xenoconverter,label,RecipeDefs\Surgeries_VoreEnablers.xml,def,Install cellular xenoconverter,安装异种细胞转换器
RV2_InstallGoalEnabler_Absorb.description,Install the cellular xenoconverter required for absorptive vore.,description,RecipeDefs\Surgeries_VoreEnablers.xml,def,Install the cellular xenoconverter required for absorptive <ALIMT >vore</ALIMT>.,安装吸收所需的异种细胞转换器吃人没有。
RV2_InstallGoalEnabler_ConvertChemfuel.label,Install olifactive enzyme seeder,label,RecipeDefs\Surgeries_VoreEnablers.xml,def,Install olifactive enzyme seeder,安装 olifactive 酶法
RV2_InstallGoalEnabler_ConvertChemfuel.description,Install the enzyme seeder required to allow turning prey into chemfuel.,description,RecipeDefs\Surgeries_VoreEnablers.xml,def,Install the enzyme seeder required to allow turning prey into chemfuel.,安装需要让猎物转化为化合燃料的生物酶过滤器。
RV2_InstallGoalEnabler_ConvertEggs.label,Install ovifactive enzyme seeder,label,RecipeDefs\Surgeries_VoreEnablers.xml,def,Install ovifactive enzyme seeder,安装产卵酶
RV2_InstallGoalEnabler_ConvertEggs.description,Install the enzyme seeder required to allow turning prey into eggs.,description,RecipeDefs\Surgeries_VoreEnablers.xml,def,Install the enzyme seeder required to allow turning prey into eggs.,安装需要让猎物转化为卵的酶播种装置。
RV2_InstallGoalEnabler_ConvertUrine.label,Install urifactive enzyme seeder,label,RecipeDefs\Surgeries_VoreEnablers.xml,def,Install urifactive enzyme seeder,安装营养酶播种机
RV2_InstallGoalEnabler_ConvertUrine.description,Install the enzyme seeder required to allow turning prey into urine.,description,RecipeDefs\Surgeries_VoreEnablers.xml,def,Install the enzyme seeder required to allow turning prey into urine.,安装需要允许将猎物变成尿的酶过滤器。
RV2_InstallTypeEnabler_Cleavage.label,Install cleavage vore suite,label,RecipeDefs\Surgeries_VoreEnablers.xml,def,Install <ALIMT >cleavage</ALIMT> <ALIMT >vore</ALIMT> suite,安装cleavagevore套房
RV2_InstallTypeEnabler_Cleavage.description,Install the suite of adjustments required to allow cleavage vore.,description,RecipeDefs\Surgeries_VoreEnablers.xml,def,Install the suite of adjustments required to allow <ALIMT >cleavage</ALIMT> <ALIMT >vore</ALIMT>.,安装所需的一系列调整以允许cleavagevore没有。
RV2_InstallTypeEnabler_Membrane.label,Install dermal porocizer,label,RecipeDefs\Surgeries_VoreEnablers.xml,def,Install dermal porocizer,安装皮肤污垢
RV2_InstallTypeEnabler_Membrane.description,Install the porocizer required to enable membrane vore.,description,RecipeDefs\Surgeries_VoreEnablers.xml,def,Install the porocizer required to enable membrane <ALIMT >vore</ALIMT>.,安装启用薄膜所需的烟雾装置吃人没有。
RV2_InstallTypeEnabler_Navel.label,Install umbilical elasticizer,label,RecipeDefs\Surgeries_VoreEnablers.xml,def,Install umbilical elasticizer,安装脐带弹射器
RV2_InstallTypeEnabler_Navel.description,Install the elasticizer required to enable navel vore.,description,RecipeDefs\Surgeries_VoreEnablers.xml,def,Install the elasticizer required to enable navel <ALIMT >vore</ALIMT>.,安装需要的护盾以启用肚脐吃人没有。
RV2_InstallTypeEnabler_Tailmaw.label,Install caudal actinodivisor,label,RecipeDefs\Surgeries_VoreEnablers.xml,def,Install caudal actinodivisor,安装尾尾形日身
RV2_InstallTypeEnabler_Tailmaw.description,Install the actinodivisor required to enable tailmaw vore.,description,RecipeDefs\Surgeries_VoreEnablers.xml,def,Install the actinodivisor required to enable tailmaw <ALIMT >vore</ALIMT>.,安装日化机以启用尾甲所需吃人没有。
RV2_InstallTypeEnabler_Udder.label,Install uberal elasticizer,label,RecipeDefs\Surgeries_VoreEnablers.xml,def,Install uberal elasticizer,安装弹性弹射器
RV2_InstallTypeEnabler_Udder.description,Install the elasticizer required to enable udder vore.,description,RecipeDefs\Surgeries_VoreEnablers.xml,def,Install the elasticizer required to enable udder <ALIMT >vore</ALIMT>.,安装需要的弹力装置以启用乳房吃人没有。
RV2_Type_Cleavage_Predator.label,Vore: Cleavage Predator,label,RecordDefs\Records_Vore.xml,def,<ALIMT >vore</ALIMT>: <ALIMT >cleavage</ALIMT> Predator,吃人:乳沟捕食者
RV2_Type_Cleavage_Predator.description,The number of times I have vored someone with my cleavage.,description,RecordDefs\Records_Vore.xml,def,The number of times I have vored someone with my <ALIMT >cleavage</ALIMT>.,我用乳沟没有。
RV2_Type_Cleavage_Prey.label,Vore: Cleavage Prey,label,RecordDefs\Records_Vore.xml,def,<ALIMT >vore</ALIMT>: <ALIMT >cleavage</ALIMT> Prey,吃人:乳沟猎物
RV2_Type_Cleavage_Prey.description,The number of times I have been vored by someones cleavage.,description,RecordDefs\Records_Vore.xml,def,The number of times I have been vored by someones <ALIMT >cleavage</ALIMT>.,我被人欺负的次数乳沟没有。
RV2_Type_CockBladder_Predator.label,Vore: Bladder (Cock) Predator,label,RecordDefs\Records_Vore.xml,def,<ALIMT >vore</ALIMT>: Bladder (Cock) Predator,吃人: 膀胱 (公鸡) 捕食者
RV2_Type_CockBladder_Predator.description,The number of times I have cock-vored someone into my bladder.,description,RecordDefs\Records_Vore.xml,def,The number of times I have cock-vored someone into my bladder.,我将某人鸡巴置入我膀胱的次数。
RV2_Type_CockBladder_Prey.label,Vore: Bladder (Cock) Prey,label,RecordDefs\Records_Vore.xml,def,<ALIMT >vore</ALIMT>: Bladder (Cock) Prey,吃人: 膀胱 (公鸡) 猎物
RV2_Type_CockBladder_Prey.description,The number of times I have been cock-vored into someones bladder.,description,RecordDefs\Records_Vore.xml,def,The number of times I have been cock-vored into someones bladder.,我被鸡巴置入某人膀胱的次数。
RV2_Type_VaginalBladder_Predator.label,Vore: Bladder (Vaginal) Predator,label,RecordDefs\Records_Vore.xml,def,<ALIMT >vore</ALIMT>: Bladder (<ALIMT >vaginal</ALIMT>) Predator,吃人: 膀胱 (阴道) 捕食者
RV2_Type_VaginalBladder_Predator.description,The number of times I have vaginally vored someone into my bladder.,description,RecordDefs\Records_Vore.xml,def,The number of times I have vaginally vored someone into my bladder.,我将某人塞进膀胱的次数。
RV2_Type_VaginalBladder_Prey.label,Vore: Bladder (Vaginal) Prey,label,RecordDefs\Records_Vore.xml,def,<ALIMT >vore</ALIMT>: Bladder (<ALIMT >vaginal</ALIMT>) Prey,吃人: 膀胱 (阴道) 猎物
RV2_Type_VaginalBladder_Prey.description,The number of times I have been vaginally vored into someones bladder.,description,RecordDefs\Records_Vore.xml,def,The number of times I have been vaginally vored into someones bladder.,我被刺入某人膀胱的次数。
RV2_Type_Membrane_Predator.label,Vore: Membrane Predator,label,RecordDefs\Records_Vore.xml,def,<ALIMT >vore</ALIMT>: Membrane Predator,吃人: 薄膜捕食者
RV2_Type_Membrane_Predator.description,The number of times I have vored someone through my membrane.,description,RecordDefs\Records_Vore.xml,def,The number of times I have vored someone through my membrane.,我透过膜背叛某人的次数。
RV2_Type_Membrane_Prey.label,Vore: Membrane Prey,label,RecordDefs\Records_Vore.xml,def,<ALIMT >vore</ALIMT>: Membrane Prey,吃人: 薄膜猎物
RV2_Type_Membrane_Prey.description,The number of times I have been vored through someones membrane.,description,RecordDefs\Records_Vore.xml,def,The number of times I have been vored through someones membrane.,我被人穿过膜的次数。
RV2_Type_Navel_Predator.label,Vore: Navel Predator,label,RecordDefs\Records_Vore.xml,def,<ALIMT >vore</ALIMT>: Navel Predator,吃人: 肚脐捕食者
RV2_Type_Navel_Predator.description,The number of times I have vored someone with my navel.,description,RecordDefs\Records_Vore.xml,def,The number of times I have vored someone with my navel.,我用肚脐给某人求婚的次数。
RV2_Type_Navel_Prey.label,Vore: Navel Prey,label,RecordDefs\Records_Vore.xml,def,<ALIMT >vore</ALIMT>: Navel Prey,吃人: 肚脐猎物
RV2_Type_Navel_Prey.description,The number of times I have been vored by someones navel.,description,RecordDefs\Records_Vore.xml,def,The number of times I have been vored by someones navel.,我被某人 navel 见肚脐的次数。
RV2_Type_Tailmaw_Predator.label,Vore: Tail Predator,label,RecordDefs\Records_Vore.xml,def,<ALIMT >vore</ALIMT>: <ALIMT >tail</ALIMT> Predator,吃人:一个突出的灵活附肢，是身体的一部分，通常从躯干的后部突出。不适用于没有腿的身体。捕食者
RV2_Type_Tailmaw_Predator.description,The number of times I have vored someone using my tail.,description,RecordDefs\Records_Vore.xml,def,The number of times I have vored someone using my <ALIMT >tail</ALIMT>.,我使用我的一个突出的灵活附肢，是身体的一部分，通常从躯干的后部突出。不适用于没有腿的身体。没有。
RV2_Type_Tailmaw_Prey.label,Vore: Tail Prey,label,RecordDefs\Records_Vore.xml,def,<ALIMT >vore</ALIMT>: <ALIMT >tail</ALIMT> Prey,吃人:一个突出的灵活附肢，是身体的一部分，通常从躯干的后部突出。不适用于没有腿的身体。猎物
RV2_Type_Tailmaw_Prey.description,The number of times I have been vored by someones tail.,description,RecordDefs\Records_Vore.xml,def,The number of times I have been vored by someones <ALIMT >tail</ALIMT>.,我被人欺负的次数一个突出的灵活附肢，是身体的一部分，通常从躯干的后部突出。不适用于没有腿的身体。没有。
RV2_Type_Udder_Predator.label,Vore: Udder Predator,label,RecordDefs\Records_Vore.xml,def,<ALIMT >vore</ALIMT>: Udder Predator,吃人: 乳房捕食者
RV2_Type_Udder_Predator.description,The number of times I have vored someone with my udder.,description,RecordDefs\Records_Vore.xml,def,The number of times I have vored someone with my udder.,我用乳房折磨过的人的次数。
RV2_Type_Udder_Prey.label,Vore: Udder Prey,label,RecordDefs\Records_Vore.xml,def,<ALIMT >vore</ALIMT>: Udder Prey,吃人: 乳房猎物
RV2_Type_Udder_Prey.description,The number of times I have been vored by someones udder.,description,RecordDefs\Records_Vore.xml,def,The number of times I have been vored by someones udder.,我被其他人欺负的次数。
RV2_Goal_ConvertChemfuel_Predator.label,Vore: Olify Predator,label,RecordDefs\Records_Vore.xml,def,<ALIMT >vore</ALIMT>: Olify Predator,吃人: Olify 捕食者
RV2_Goal_ConvertChemfuel_Predator.description,The number of times I have converted someone into chemfuel.,description,RecordDefs\Records_Vore.xml,def,The number of times I have converted someone into chemfuel.,我将某人教化为化合燃料的次数。
RV2_Goal_ConvertChemfuel_Prey.label,Vore: Olify Prey,label,RecordDefs\Records_Vore.xml,def,<ALIMT >vore</ALIMT>: Olify Prey,吃人: 橄榄绿猎物
RV2_Goal_ConvertChemfuel_Prey.description,The number of times I have been converted into chemfuel.,description,RecordDefs\Records_Vore.xml,def,The number of times I have been converted into chemfuel.,我被改装成化合燃料的次数。
RV2_Goal_ConvertEggs_Predator.label,Vore: Ovify Predator,label,RecordDefs\Records_Vore.xml,def,<ALIMT >vore</ALIMT>: Ovify Predator,吃人: 产卵的捕食者
RV2_Goal_ConvertEggs_Predator.description,The number of times I have converted someone into eggs.,description,RecordDefs\Records_Vore.xml,def,The number of times I have converted someone into eggs.,我将某人教化为卵的次数。
RV2_Goal_ConvertEggs_Prey.label,Vore: Ovify Prey,label,RecordDefs\Records_Vore.xml,def,<ALIMT >vore</ALIMT>: Ovify Prey,吃人: 产卵的猎物
RV2_Goal_ConvertEggs_Prey.description,The number of times I have been converted into eggs.,description,RecordDefs\Records_Vore.xml,def,The number of times I have been converted into eggs.,我被转化为卵的次数。
RV2_Goal_ConvertUrine_Predator.label,Vore: Urify Predator,label,RecordDefs\Records_Vore.xml,def,<ALIMT >vore</ALIMT>: Urify Predator,吃人: Urify 捕食者
RV2_Goal_ConvertUrine_Predator.description,The number of times I have converted someone into urine.,description,RecordDefs\Records_Vore.xml,def,The number of times I have converted someone into urine.,我将某人变成尿的次数。
RV2_Goal_ConvertUrine_Prey.label,Vore: Urify Prey,label,RecordDefs\Records_Vore.xml,def,<ALIMT >vore</ALIMT>: Urify Prey,吃人: Urify 猎物
RV2_Goal_ConvertUrine_Prey.description,The number of times I have been converted into urine.,description,RecordDefs\Records_Vore.xml,def,The number of times I have been converted into urine.,我被变成尿的次数。
RV2_Goal_Assimilate_Predator.label,Vore: Assimilate Predator,label,RecordDefs\Records_Vore.xml,def,<ALIMT >vore</ALIMT>: Assimilate Predator,吃人: 同化捕食者
RV2_Goal_Assimilate_Predator.description,The number of times I have assimilated someone.,description,RecordDefs\Records_Vore.xml,def,The number of times I have assimilated someone.,我同化某人的次数。
RV2_Goal_Assimilate_Prey.label,Vore: Assimilate Prey,label,RecordDefs\Records_Vore.xml,def,<ALIMT >vore</ALIMT>: Assimilate Prey,吃人: 同化猎物
RV2_Goal_Assimilate_Prey.description,The number of times I have been assimilated.,description,RecordDefs\Records_Vore.xml,def,The number of times I have been assimilated.,我被同化的次数。
RV2_Goal_Amalgamate_Predator.label,Vore: Amalgamate Predator,label,RecordDefs\Records_Vore.xml,def,<ALIMT >vore</ALIMT>: Amalgamate Predator,吃人: 合并捕食者
RV2_Goal_Amalgamate_Predator.description,The number of times I have amalgamated someone.,description,RecordDefs\Records_Vore.xml,def,The number of times I have amalgamated someone.,我合并某人的次数。
RV2_Goal_Amalgamate_Prey.label,Vore: Amalgamate Prey,label,RecordDefs\Records_Vore.xml,def,<ALIMT >vore</ALIMT>: Amalgamate Prey,吃人: 混杂的猎物
RV2_Goal_Amalgamate_Prey.description,The number of times I have been amalgamated.,description,RecordDefs\Records_Vore.xml,def,The number of times I have been amalgamated.,我被合并的次数。
RV2_Goal_ConvertChemfuel.rulePack.rulesStrings.0,extraSentencePack->[RECIPIENT_nameDef] for [RV2_goalFinish_noun].,li,RulePackDefs\RulePacks_Tales_Goals.xml,def,<ALIMT >(PH_3)</ALIMT><ALIMT >(PH_2)</ALIMT> for <ALIMT >(PH_1)</ALIMT>.,extraSentencePack->[RECIPIENT_nameDef]与[RV2_goalFinish_noun]没有。
RV2_Goal_ConvertChemfuel.rulePack.rulesStrings.1,RV2_addendum->to convert into chemfuel,li,RulePackDefs\RulePacks_Tales_Goals.xml,def,<ALIMT >(PH_1)</ALIMT>to convert into chemfuel,RV2_addendum->转化为化合燃料
RV2_Goal_ConvertChemfuel.rulePack.rulesStrings.2,RV2_adverb->industriously,li,RulePackDefs\RulePacks_Tales_Goals.xml,def,<ALIMT >(PH_1)</ALIMT>industriously,RV2_adverb->努力工作
RV2_Goal_ConvertChemfuel.rulePack.rulesStrings.3,RV2_adjective->industrious,li,RulePackDefs\RulePacks_Tales_Goals.xml,def,<ALIMT >(PH_1)</ALIMT>industrious,RV2_adjective->工作狂
RV2_Goal_ConvertChemfuel.rulePack.rulesStrings.4,RV2_goalProduct->a jerry can of fuel,li,RulePackDefs\RulePacks_Tales_Goals.xml,def,<ALIMT >(PH_1)</ALIMT>a jerry can of fuel,RV2_goalProduct->一罐燃料
RV2_Goal_ConvertChemfuel.rulePack.rulesStrings.5,RV2_goalProduct->chemfuel,li,RulePackDefs\RulePacks_Tales_Goals.xml,def,<ALIMT >(PH_1)</ALIMT>chemfuel,RV2_goalProduct->化合燃料
RV2_Goal_ConvertChemfuel.rulePack.rulesStrings.6,RV2_goalFinish_verb->converting into [RV2_goalProduct],li,RulePackDefs\RulePacks_Tales_Goals.xml,def,<ALIMT >(PH_2)</ALIMT>converting into <ALIMT >(PH_1)</ALIMT>,RV2_goalFinish_verb->教化为[RV2_goalProduct]
RV2_Goal_ConvertChemfuel.rulePack.rulesStrings.7,RV2_goalFinish_noun->conversion into [RV2_goalProduct],li,RulePackDefs\RulePacks_Tales_Goals.xml,def,<ALIMT >(PH_2)</ALIMT>conversion into <ALIMT >(PH_1)</ALIMT>,RV2_goalFinish_noun->教化为[RV2_goalProduct]
RV2_Goal_ConvertChemfuel.rulePack.rulesStrings.8,RV2_goalFinish_tale_noun->[PREY_definite] turning into [RV2_goalProduct],li,RulePackDefs\RulePacks_Tales_Goals.xml,def,<ALIMT >(PH_3)</ALIMT><ALIMT >(PH_2)</ALIMT> turning into <ALIMT >(PH_1)</ALIMT>,RV2_goalFinish_tale_noun->[PREY_definite]变成[RV2_goalProduct]
RV2_Goal_ConvertChemfuel.rulePack.rulesStrings.9,RV2_goalFinish_tale_noun->[PREY_definite] turning into [RV2_goalProduct] inside of [PREDATOR_definite],li,RulePackDefs\RulePacks_Tales_Goals.xml,def,<ALIMT >(PH_4)</ALIMT><ALIMT >(PH_3)</ALIMT> turning into <ALIMT >(PH_2)</ALIMT> inside of <ALIMT >(PH_1)</ALIMT>,RV2_goalFinish_tale_noun->[PREY_definite]变成[RV2_goalProduct]位于[PREDATOR_definite]
RV2_Goal_ConvertChemfuel.rulePack.rulesStrings.10,RV2_goalFinish_desc_sentence->[PREY_definite] has turned into [RV2_goalProduct].,li,RulePackDefs\RulePacks_Tales_Goals.xml,def,<ALIMT >(PH_3)</ALIMT><ALIMT >(PH_2)</ALIMT> has turned into <ALIMT >(PH_1)</ALIMT>.,RV2_goalFinish_desc_sentence->[PREY_definite]已变成[RV2_goalProduct]没有。
RV2_Goal_ConvertChemfuel.rulePack.rulesStrings.11,RV2_goalFinish_desc_sentence->Nothing identifiable remains of [PREY_definite].,li,RulePackDefs\RulePacks_Tales_Goals.xml,def,<ALIMT >(PH_2)</ALIMT>Nothing identifiable remains of <ALIMT >(PH_1)</ALIMT>.,RV2_goalFinish_desc_sentence->没有可识别的残骸[PREY_definite]没有。
RV2_Goal_ConvertEggs.rulePack.rulesStrings.0,extraSentencePack->[RECIPIENT_nameDef] for [RV2_goalFinish_noun].,li,RulePackDefs\RulePacks_Tales_Goals.xml,def,<ALIMT >(PH_3)</ALIMT><ALIMT >(PH_2)</ALIMT> for <ALIMT >(PH_1)</ALIMT>.,extraSentencePack->[RECIPIENT_nameDef]与[RV2_goalFinish_noun]没有。
RV2_Goal_ConvertEggs.rulePack.rulesStrings.1,RV2_addendum->to convert into eggs,li,RulePackDefs\RulePacks_Tales_Goals.xml,def,<ALIMT >(PH_1)</ALIMT>to convert into eggs,RV2_addendum->将卵转化为卵
RV2_Goal_ConvertEggs.rulePack.rulesStrings.2,RV2_adverb->motherly,li,RulePackDefs\RulePacks_Tales_Goals.xml,def,<ALIMT >(PH_1)</ALIMT>motherly,RV2_adverb->慈母
RV2_Goal_ConvertEggs.rulePack.rulesStrings.3,RV2_goalFinish_verb->converting into eggs,li,RulePackDefs\RulePacks_Tales_Goals.xml,def,<ALIMT >(PH_1)</ALIMT>converting into eggs,RV2_goalFinish_verb->转化为卵
RV2_Goal_ConvertEggs.rulePack.rulesStrings.4,RV2_goalFinish_noun->conversion into eggs,li,RulePackDefs\RulePacks_Tales_Goals.xml,def,<ALIMT >(PH_1)</ALIMT>conversion into eggs,RV2_goalFinish_noun->教化为卵
RV2_Goal_ConvertUrine.rulePack.rulesStrings.0,extraSentencePack->[RECIPIENT_nameDef] for [RV2_goalFinish_noun].,li,RulePackDefs\RulePacks_Tales_Goals.xml,def,<ALIMT >(PH_3)</ALIMT><ALIMT >(PH_2)</ALIMT> for <ALIMT >(PH_1)</ALIMT>.,extraSentencePack->[RECIPIENT_nameDef]与[RV2_goalFinish_noun]没有。
RV2_Goal_ConvertUrine.rulePack.rulesStrings.1,RV2_goalProduct->piss,li,RulePackDefs\RulePacks_Tales_Goals.xml,def,<ALIMT >(PH_1)</ALIMT>piss,RV2_goalProduct->尿
RV2_Goal_ConvertUrine.rulePack.rulesStrings.2,RV2_goalProduct->pee,li,RulePackDefs\RulePacks_Tales_Goals.xml,def,<ALIMT >(PH_1)</ALIMT>pee,RV2_goalProduct->撒尿
RV2_Goal_ConvertUrine.rulePack.rulesStrings.3,RV2_goalProduct->urine,li,RulePackDefs\RulePacks_Tales_Goals.xml,def,<ALIMT >(PH_1)</ALIMT>urine,RV2_goalProduct->尿
RV2_Goal_ConvertUrine.rulePack.rulesStrings.4,RV2_addendum->to convert into [RV2_goalProduct],li,RulePackDefs\RulePacks_Tales_Goals.xml,def,<ALIMT >(PH_2)</ALIMT>to convert into <ALIMT >(PH_1)</ALIMT>,RV2_addendum->将教化为[RV2_goalProduct]
RV2_Goal_ConvertUrine.rulePack.rulesStrings.5,RV2_goalFinish_verb->converting into [RV2_goalProduct],li,RulePackDefs\RulePacks_Tales_Goals.xml,def,<ALIMT >(PH_2)</ALIMT>converting into <ALIMT >(PH_1)</ALIMT>,RV2_goalFinish_verb->教化为[RV2_goalProduct]
RV2_Goal_ConvertUrine.rulePack.rulesStrings.6,RV2_goalFinish_noun->conversion into [RV2_goalProduct],li,RulePackDefs\RulePacks_Tales_Goals.xml,def,<ALIMT >(PH_2)</ALIMT>conversion into <ALIMT >(PH_1)</ALIMT>,RV2_goalFinish_noun->教化为[RV2_goalProduct]
RV2_Goal_Assimilate.rulePack.rulesStrings.0,extraSentencePack->[RECIPIENT_nameDef] for [RV2_goalFinish_noun].,li,RulePackDefs\RulePacks_Tales_Goals.xml,def,<ALIMT >(PH_3)</ALIMT><ALIMT >(PH_2)</ALIMT> for <ALIMT >(PH_1)</ALIMT>.,extraSentencePack->[RECIPIENT_nameDef]与[RV2_goalFinish_noun]没有。
RV2_Goal_Assimilate.rulePack.rulesStrings.1,RV2_addendum->to make [PREY_definite] a part of [PREDATOR_definite],li,RulePackDefs\RulePacks_Tales_Goals.xml,def,<ALIMT >(PH_3)</ALIMT>to make <ALIMT >(PH_2)</ALIMT> a part of <ALIMT >(PH_1)</ALIMT>,RV2_addendum->制作[PREY_definite]所属[PREDATOR_definite]
RV2_Goal_Assimilate.rulePack.rulesStrings.2,RV2_goalFinish_verb->assimilating,li,RulePackDefs\RulePacks_Tales_Goals.xml,def,<ALIMT >(PH_1)</ALIMT>assimilating,RV2_goalFinish_verb->正在同化
RV2_Goal_Assimilate.rulePack.rulesStrings.3,RV2_goalFinish_noun->assimilation,li,RulePackDefs\RulePacks_Tales_Goals.xml,def,<ALIMT >(PH_1)</ALIMT>assimilation,RV2_goalFinish_noun->同化
RV2_Goal_Assimilate.rulePack.rulesStrings.4,RV2_goalFinish_image->[PREY_definite] has become a part of [PREDATOR_definite].,li,RulePackDefs\RulePacks_Tales_Goals.xml,def,<ALIMT >(PH_3)</ALIMT><ALIMT >(PH_2)</ALIMT> has become a part of <ALIMT >(PH_1)</ALIMT>.,RV2_goalFinish_image->[PREY_definite]已成为[PREDATOR_definite]没有。
RV2_Goal_Amalgamate.rulePack.rulesStrings.0,extraSentencePack->[RECIPIENT_nameDef] for [RV2_goalFinish_noun].,li,RulePackDefs\RulePacks_Tales_Goals.xml,def,<ALIMT >(PH_3)</ALIMT><ALIMT >(PH_2)</ALIMT> for <ALIMT >(PH_1)</ALIMT>.,extraSentencePack->[RECIPIENT_nameDef]与[RV2_goalFinish_noun]没有。
RV2_Goal_Amalgamate.rulePack.rulesStrings.1,RV2_addendum->to make [PREY_definite] a part of [PREDATOR_definite] for a bit,li,RulePackDefs\RulePacks_Tales_Goals.xml,def,<ALIMT >(PH_3)</ALIMT>to make <ALIMT >(PH_2)</ALIMT> a part of <ALIMT >(PH_1)</ALIMT> for a bit,RV2_addendum->制作[PREY_definite]所属[PREDATOR_definite]一段时间
RV2_Goal_Amalgamate.rulePack.rulesStrings.2,RV2_goalFinish_verb->amalgamating,li,RulePackDefs\RulePacks_Tales_Goals.xml,def,<ALIMT >(PH_1)</ALIMT>amalgamating,RV2_goalFinish_verb->合并
RV2_Goal_Amalgamate.rulePack.rulesStrings.3,RV2_goalFinish_noun->amalgamation,li,RulePackDefs\RulePacks_Tales_Goals.xml,def,<ALIMT >(PH_1)</ALIMT>amalgamation,RV2_goalFinish_noun->合并
RV2_Goal_Amalgamate.rulePack.rulesStrings.4,RV2_goalFinish_image->[PREY_definite] has temporarily become a part of [PREDATOR_definite].,li,RulePackDefs\RulePacks_Tales_Goals.xml,def,<ALIMT >(PH_3)</ALIMT><ALIMT >(PH_2)</ALIMT> has temporarily become a part of <ALIMT >(PH_1)</ALIMT>.,RV2_goalFinish_image->[PREY_definite]已暂时成为[PREDATOR_definite]没有。
RV2_Type_VaginalBladder.rulePack.rulesStrings.0,extraSentencePack->[INITIATOR_nameDef] is using [INITIATOR_possessive] [RV2_bodypart] to vore,li,RulePackDefs\RulePacks_Tales_Types.xml,def,<ALIMT >(PH_4)</ALIMT><ALIMT >(PH_3)</ALIMT> is using <ALIMT >(PH_2)</ALIMT> <ALIMT >(PH_1)</ALIMT> to <ALIMT >vore</ALIMT>,extraSentencePack->[INITIATOR_nameDef]正在使用[INITIATOR_possessive][RV2_bodypart]到吃人
RV2_Type_VaginalBladder.rulePack.rulesStrings.1,RV2_bodypart->urethra,li,RulePackDefs\RulePacks_Tales_Types.xml,def,<ALIMT >(PH_1)</ALIMT>urethra,RV2_bodypart->尿道
RV2_Type_VaginalBladder.rulePack.rulesStrings.2,RV2_exit_predVerb->pissing out,li,RulePackDefs\RulePacks_Tales_Types.xml,def,<ALIMT >(PH_1)</ALIMT>pissing out,RV2_exit_predVerb->撒尿
RV2_Type_VaginalBladder.rulePack.rulesStrings.3,RV2_exit_predVerb->peeing out,li,RulePackDefs\RulePacks_Tales_Types.xml,def,<ALIMT >(PH_1)</ALIMT><ALIMT >peeing</ALIMT> out,RV2_exit_predVerb->peeingOut
RV2_Type_VaginalBladder.rulePack.rulesStrings.4,RV2_exit_preyVerb->being pissed out by,li,RulePackDefs\RulePacks_Tales_Types.xml,def,<ALIMT >(PH_1)</ALIMT>being pissed out by,RV2_exit_preyVerb->被激怒
RV2_Type_VaginalBladder.rulePack.rulesStrings.5,RV2_exit_preyVerb->being peed out by,li,RulePackDefs\RulePacks_Tales_Types.xml,def,<ALIMT >(PH_1)</ALIMT>being peed out by,RV2_exit_preyVerb->被撒尿
RV2_Type_CockBladder.rulePack.rulesStrings.0,extraSentencePack->[INITIATOR_nameDef] is using [INITIATOR_possessive] [RV2_bodypart] to vore,li,RulePackDefs\RulePacks_Tales_Types.xml,def,<ALIMT >(PH_4)</ALIMT><ALIMT >(PH_3)</ALIMT> is using <ALIMT >(PH_2)</ALIMT> <ALIMT >(PH_1)</ALIMT> to <ALIMT >vore</ALIMT>,extraSentencePack->[INITIATOR_nameDef]正在使用[INITIATOR_possessive][RV2_bodypart]到吃人
RV2_Type_CockBladder.rulePack.rulesStrings.1,RV2_bodypart->urethra,li,RulePackDefs\RulePacks_Tales_Types.xml,def,<ALIMT >(PH_1)</ALIMT>urethra,RV2_bodypart->尿道
RV2_Type_CockBladder.rulePack.rulesStrings.2,RV2_exit_predVerb->pissing out,li,RulePackDefs\RulePacks_Tales_Types.xml,def,<ALIMT >(PH_1)</ALIMT>pissing out,RV2_exit_predVerb->撒尿
RV2_Type_CockBladder.rulePack.rulesStrings.3,RV2_exit_predVerb->peeing out,li,RulePackDefs\RulePacks_Tales_Types.xml,def,<ALIMT >(PH_1)</ALIMT><ALIMT >peeing</ALIMT> out,RV2_exit_predVerb->peeingOut
RV2_Type_CockBladder.rulePack.rulesStrings.4,RV2_exit_preyVerb->being pissed out by,li,RulePackDefs\RulePacks_Tales_Types.xml,def,<ALIMT >(PH_1)</ALIMT>being pissed out by,RV2_exit_preyVerb->被激怒
RV2_Type_CockBladder.rulePack.rulesStrings.5,RV2_exit_preyVerb->being peed out by,li,RulePackDefs\RulePacks_Tales_Types.xml,def,<ALIMT >(PH_1)</ALIMT>being peed out by,RV2_exit_preyVerb->被撒尿
RV2_Type_Cleavage.rulePack.rulesStrings.0,extraSentencePack->[INITIATOR_nameDef] is using [INITIATOR_possessive] [RV2_bodypart] to vore,li,RulePackDefs\RulePacks_Tales_Types.xml,def,<ALIMT >(PH_4)</ALIMT><ALIMT >(PH_3)</ALIMT> is using <ALIMT >(PH_2)</ALIMT> <ALIMT >(PH_1)</ALIMT> to <ALIMT >vore</ALIMT>,extraSentencePack->[INITIATOR_nameDef]正在使用[INITIATOR_possessive][RV2_bodypart]到吃人
RV2_Type_Cleavage.rulePack.rulesStrings.1,RV2_bodypart->cleavage,li,RulePackDefs\RulePacks_Tales_Types.xml,def,<ALIMT >(PH_1)</ALIMT><ALIMT >cleavage</ALIMT>,RV2_bodypart->乳沟
RV2_Type_Cleavage.rulePack.rulesStrings.2,RV2_bodypart->breasts,li,RulePackDefs\RulePacks_Tales_Types.xml,def,<ALIMT >(PH_1)</ALIMT><ALIMT >breasts</ALIMT>,RV2_bodypart->乳房
RV2_Type_Cleavage.rulePack.rulesStrings.3,RV2_adjective->sexual,li,RulePackDefs\RulePacks_Tales_Types.xml,def,<ALIMT >(PH_1)</ALIMT><ALIMT >sexual</ALIMT>,RV2_adjective->性的
RV2_Type_Cleavage.rulePack.rulesStrings.4,RV2_adverb->sexually,li,RulePackDefs\RulePacks_Tales_Types.xml,def,<ALIMT >(PH_1)</ALIMT>sexually,RV2_adverb->性
RV2_Type_Cleavage.rulePack.rulesStrings.5,RV2_init_predVerb->smothering,li,RulePackDefs\RulePacks_Tales_Types.xml,def,<ALIMT >(PH_1)</ALIMT>smothering,RV2_init_predVerb->令人有意限制对大脑的供氧，往往是为了使性觉醒。
RV2_Type_Cleavage.rulePack.rulesStrings.6,RV2_exit_predVerb->releasing,li,RulePackDefs\RulePacks_Tales_Types.xml,def,<ALIMT >(PH_1)</ALIMT>releasing,RV2_exit_predVerb->放生
RV2_Type_Cleavage.rulePack.rulesStrings.7,RV2_exit_preyVerb->being released by,li,RulePackDefs\RulePacks_Tales_Types.xml,def,<ALIMT >(PH_1)</ALIMT>being released by,RV2_exit_preyVerb->被释放
RV2_Type_Membrane.rulePack.rulesStrings.0,extraSentencePack->[INITIATOR_nameDef] is using [INITIATOR_possessive] [RV2_bodypart] to vore,li,RulePackDefs\RulePacks_Tales_Types.xml,def,<ALIMT >(PH_4)</ALIMT><ALIMT >(PH_3)</ALIMT> is using <ALIMT >(PH_2)</ALIMT> <ALIMT >(PH_1)</ALIMT> to <ALIMT >vore</ALIMT>,extraSentencePack->[INITIATOR_nameDef]正在使用[INITIATOR_possessive][RV2_bodypart]到吃人
RV2_Type_Membrane.rulePack.rulesStrings.1,RV2_bodypart->membrane,li,RulePackDefs\RulePacks_Tales_Types.xml,def,<ALIMT >(PH_1)</ALIMT>membrane,RV2_bodypart->薄膜
RV2_Type_Membrane.rulePack.rulesStrings.2,RV2_exit_predVerb->releasing,li,RulePackDefs\RulePacks_Tales_Types.xml,def,<ALIMT >(PH_1)</ALIMT>releasing,RV2_exit_predVerb->放生
RV2_Type_Membrane.rulePack.rulesStrings.3,RV2_exit_preyVerb->being released by,li,RulePackDefs\RulePacks_Tales_Types.xml,def,<ALIMT >(PH_1)</ALIMT>being released by,RV2_exit_preyVerb->被释放
RV2_Type_Navel.rulePack.rulesStrings.0,extraSentencePack->[INITIATOR_nameDef] is using [INITIATOR_possessive] [RV2_bodypart] to vore,li,RulePackDefs\RulePacks_Tales_Types.xml,def,<ALIMT >(PH_4)</ALIMT><ALIMT >(PH_3)</ALIMT> is using <ALIMT >(PH_2)</ALIMT> <ALIMT >(PH_1)</ALIMT> to <ALIMT >vore</ALIMT>,extraSentencePack->[INITIATOR_nameDef]正在使用[INITIATOR_possessive][RV2_bodypart]到吃人
RV2_Type_Navel.rulePack.rulesStrings.1,RV2_bodypart->navel,li,RulePackDefs\RulePacks_Tales_Types.xml,def,<ALIMT >(PH_1)</ALIMT>navel,RV2_bodypart->肚脐
RV2_Type_Navel.rulePack.rulesStrings.2,RV2_exit_predVerb->releasing,li,RulePackDefs\RulePacks_Tales_Types.xml,def,<ALIMT >(PH_1)</ALIMT>releasing,RV2_exit_predVerb->放生
RV2_Type_Navel.rulePack.rulesStrings.3,RV2_exit_preyVerb->being released by,li,RulePackDefs\RulePacks_Tales_Types.xml,def,<ALIMT >(PH_1)</ALIMT>being released by,RV2_exit_preyVerb->被释放
RV2_Type_Tailmaw.rulePack.rulesStrings.0,extraSentencePack->[INITIATOR_nameDef] is using [INITIATOR_possessive] [RV2_bodypart] to vore,li,RulePackDefs\RulePacks_Tales_Types.xml,def,<ALIMT >(PH_4)</ALIMT><ALIMT >(PH_3)</ALIMT> is using <ALIMT >(PH_2)</ALIMT> <ALIMT >(PH_1)</ALIMT> to <ALIMT >vore</ALIMT>,extraSentencePack->[INITIATOR_nameDef]正在使用[INITIATOR_possessive][RV2_bodypart]到吃人
RV2_Type_Tailmaw.rulePack.rulesStrings.1,RV2_bodypart->tailmaw,li,RulePackDefs\RulePacks_Tales_Types.xml,def,<ALIMT >(PH_1)</ALIMT>tailmaw,RV2_bodypart->尾毛
RV2_Type_Tailmaw.rulePack.rulesStrings.2,RV2_bodypart->tail,li,RulePackDefs\RulePacks_Tales_Types.xml,def,<ALIMT >(PH_1)</ALIMT><ALIMT >tail</ALIMT>,RV2_bodypart->一个突出的灵活附肢，是身体的一部分，通常从躯干的后部突出。不适用于没有腿的身体。
RV2_Type_Tailmaw.rulePack.rulesStrings.3,RV2_exit_predVerb->releasing,li,RulePackDefs\RulePacks_Tales_Types.xml,def,<ALIMT >(PH_1)</ALIMT>releasing,RV2_exit_predVerb->放生
RV2_Type_Tailmaw.rulePack.rulesStrings.4,RV2_exit_preyVerb->being released by,li,RulePackDefs\RulePacks_Tales_Types.xml,def,<ALIMT >(PH_1)</ALIMT>being released by,RV2_exit_preyVerb->被释放
RV2_Type_Udder.rulePack.rulesStrings.0,extraSentencePack->[INITIATOR_nameDef] is using [INITIATOR_possessive] [RV2_bodypart] to vore,li,RulePackDefs\RulePacks_Tales_Types.xml,def,<ALIMT >(PH_4)</ALIMT><ALIMT >(PH_3)</ALIMT> is using <ALIMT >(PH_2)</ALIMT> <ALIMT >(PH_1)</ALIMT> to <ALIMT >vore</ALIMT>,extraSentencePack->[INITIATOR_nameDef]正在使用[INITIATOR_possessive][RV2_bodypart]到吃人
RV2_Type_Udder.rulePack.rulesStrings.1,RV2_bodypart->udder,li,RulePackDefs\RulePacks_Tales_Types.xml,def,<ALIMT >(PH_1)</ALIMT>udder,RV2_bodypart->乳房
RV2_Type_Udder.rulePack.rulesStrings.2,RV2_exit_predVerb->milking out,li,RulePackDefs\RulePacks_Tales_Types.xml,def,<ALIMT >(PH_1)</ALIMT><ALIMT >milking</ALIMT> out,RV2_exit_predVerb->milkingOut
RV2_Type_Udder.rulePack.rulesStrings.3,RV2_exit_preyVerb->being milked out by,li,RulePackDefs\RulePacks_Tales_Types.xml,def,<ALIMT >(PH_1)</ALIMT>being milked out by,RV2_exit_preyVerb->被产出
RV2_GoalEnabler_Absorb.label,Cellular xenoconverter,label,ThingDefs\Things_VoreEnablers.xml,def,Cellular xenoconverter,异种人细胞转发器
RV2_GoalEnabler_Absorb.description,Special mechanites which transform the cells to be capable of absorption through certain pre-elasticized entryways.,description,ThingDefs\Things_VoreEnablers.xml,def,Special mechanites which transform the cells to be capable of absorption through certain pre-elasticized entryways.,这种特殊的纳米机械可以使细胞通过某些预绑定的入口通道吸收。
RV2_GoalEnabler_ConvertChemfuel.label,Olifactive enzyme seeder,label,ThingDefs\Things_VoreEnablers.xml,def,Olifactive enzyme seeder,产物酶
RV2_GoalEnabler_ConvertChemfuel.description,"Special mechanites which enable the production of transformative enzymes in various organs, which distill prey into chemfuel.",description,ThingDefs\Things_VoreEnablers.xml,def,"Special mechanites which enable the production of transformative enzymes in various organs, which distill prey into chemfuel.",一种特殊的纳米机械，可以在不同的器官中分泌转化酶，并将猎物提炼成化合燃料。
RV2_GoalEnabler_ConvertEggs.label,Ovifactive enzyme seeder,label,ThingDefs\Things_VoreEnablers.xml,def,Ovifactive enzyme seeder,产卵酶
RV2_GoalEnabler_ConvertEggs.description,"Special mechanites which enable the production of transformative enzymes in the ovaries, which distill prey into eggs.",description,ThingDefs\Things_VoreEnablers.xml,def,"Special mechanites which enable the production of transformative enzymes in the ovaries, which distill prey into eggs.",一种特殊的纳米机械，可以在卵巢中分泌转化酶，并将猎物提炼成卵。
RV2_GoalEnabler_ConvertUrine.label,Urifactive enzyme seeder,label,ThingDefs\Things_VoreEnablers.xml,def,Urifactive enzyme seeder,化学酶播种机
RV2_GoalEnabler_ConvertUrine.description,"Special mechanites which enable the production of transformative enzymes in the kidneys, which distill prey into fertilizer-grade urine.",description,ThingDefs\Things_VoreEnablers.xml,def,"Special mechanites which enable the production of transformative enzymes in the kidneys, which distill prey into fertilizer-grade urine.",一种特殊的纳米机械，可在肾脏中分泌转化酶，并将其提炼成肥料级尿。
RV2_TypeEnabler_Cleavage.label,Cleavage vore suite,label,ThingDefs\Things_VoreEnablers.xml,def,<ALIMT >cleavage</ALIMT> <ALIMT >vore</ALIMT> suite,cleavagevore套房
RV2_TypeEnabler_Cleavage.description,"Special mechanites which modify the tissues of the breasts to be capable of assorted permitted forms of cleavage vore, including the addition of a sternal hole capable of direct transport to the stomach.",description,ThingDefs\Things_VoreEnablers.xml,def,"Special mechanites which modify the tissues of the <ALIMT >breasts</ALIMT> to be capable of assorted permitted forms of <ALIMT >cleavage</ALIMT> <ALIMT >vore</ALIMT>, including the addition of a sternal hole capable of direct transport to the stomach.","某些特殊的纳米机械会改造宿主的组织乳房能够以被允许的多种形式出现:cleavagevore,包括增加一个能够直接运输到胃的胸骨孔。"
RV2_TypeEnabler_Membrane.label,Dermal porocizer,label,ThingDefs\Things_VoreEnablers.xml,def,Dermal porocizer,皮肤污染
RV2_TypeEnabler_Membrane.description,Special mechanites which jellify a pawn's skin and flesh (or similar outer membrane and plasm) to allow slime-like engulfment (membrane vore) through a permeable outer membrane.,description,ThingDefs\Things_VoreEnablers.xml,def,Special mechanites which jellify a <ALIMT >(PH_1)</ALIMT>'s skin and flesh (or similar outer membrane and plasm) to allow <ALIMT >slime</ALIMT>-like engulfment (membrane <ALIMT >vore</ALIMT>) through a permeable outer membrane.,特殊的纳米机械pawn的皮肤和血肉 (或类似的外膜和血浆) 允许史莱姆-吞噬 (膜吃人) 通过可渗透的外膜。
RV2_TypeEnabler_Navel.label,Navel elasticizer,label,ThingDefs\Things_VoreEnablers.xml,def,Navel elasticizer,肚脐护甲
RV2_TypeEnabler_Navel.description,"Special mechanites which untie and elasticize a pawn's navel to function both as a pouch and a path to the stomach, granting the power of navel vore.",description,ThingDefs\Things_VoreEnablers.xml,def,"Special mechanites which untie and elasticize a <ALIMT >(PH_1)</ALIMT>'s navel to function both as a pouch and a path to the stomach, granting the power of navel <ALIMT >vore</ALIMT>.",一种特殊的纳米机械，可以使pawn的肚脐同时起囊和通往胃的作用，赋予肚脐同样的力量吃人没有。
RV2_TypeEnabler_Tailmaw.label,Caudal actinodivisor,label,ThingDefs\Things_VoreEnablers.xml,def,Caudal actinodivisor,尾尾日圆
RV2_TypeEnabler_Tailmaw.description,"Special mechanites which reshape a pawn's tail to burst into a petal-like maw, capable of swallowing prey down a throat in the tail leading to a stomach.",description,ThingDefs\Things_VoreEnablers.xml,def,"Special mechanites which reshape a <ALIMT >(PH_1)</ALIMT>'s <ALIMT >tail</ALIMT> to burst into a petal-like maw, capable of swallowing prey down a throat in the <ALIMT >tail</ALIMT> leading to a stomach.",重塑机械体的特殊纳米机械pawn的一个突出的灵活附肢，是身体的一部分，通常从躯干的后部突出。不适用于没有腿的身体。爆裂成花瓣状的母树，能够将猎物吞下一个突出的灵活附肢，是身体的一部分，通常从躯干的后部突出。不适用于没有腿的身体。通向一个胃。
RV2_TypeEnabler_Udder.label,Uberal elasticizer,label,ThingDefs\Things_VoreEnablers.xml,def,Uberal elasticizer,旺盛的弹力器
RV2_TypeEnabler_Udder.description,Special mechanites which elasticize the tissues of the udder and teats to grant the power of udder vore.,description,ThingDefs\Things_VoreEnablers.xml,def,Special mechanites which elasticize the tissues of the udder and teats to grant the power of udder <ALIMT >vore</ALIMT>.,一种特殊的纳米机械，可以使乳房和奶头的组织得到弹性，使其拥有乳房的力量。吃人没有。
RV2_Resource_Piss.label,Piss,label,ThingDefs\Things_VoreProduct.xml,def,Piss,尿
RV2_Resource_Piss.description,The golden remnants of a urified living being.\nYou can make fertilizer out of this at a crafting spot.,description,ThingDefs\Things_VoreProduct.xml,def,The golden remnants of a urified living being.<ALIMT >(PH_1)</ALIMT>You can make fertilizer out of this at a crafting spot.,"被复活的活着的金色残骸。
你可以在手工加工点制作肥料。"
RV2_Container_PissPuddle.description,"A puddle of piss, in which a number of undigested items may float.",description,ThingDefs\Things_VoreProductContainers.xml,def,"A puddle of piss, in which a number of undigested items may float.",一滩可能漂浮在其中的未消化物品。
RV2_Container_PissPuddle.label,Piss puddle,label,ThingDefs\Things_VoreProductContainers.xml,def,Piss puddle,尿水洼
RV2_GoalPreferenceQuirkSatisfaction_Assimilate_VeryGood.stages.0.label,Loved assimilating {0},label,ThoughtDefs\Thoughts_Memory_Quirk.xml,def,Loved assimilating <ALIMT >(PH_1)</ALIMT>,喜爱同化{0}
RV2_GoalPreferenceQuirkSatisfaction_Assimilate_VeryGood.stages.0.description,Always getting bigger and sexier!,description,ThoughtDefs\Thoughts_Memory_Quirk.xml,def,Always getting bigger and sexier!,总是变得越来越大，越来越性感!
RV2_GoalPreferenceQuirkSatisfaction_Assimilate_Good.stages.0.label,Liked assimilating {0},label,ThoughtDefs\Thoughts_Memory_Quirk.xml,def,Liked assimilating <ALIMT >(PH_1)</ALIMT>,喜欢同化{0}
RV2_GoalPreferenceQuirkSatisfaction_Assimilate_Good.stages.0.description,Sweet gains!,description,ThoughtDefs\Thoughts_Memory_Quirk.xml,def,Sweet gains!,甜的收获!
RV2_GoalPreferenceQuirkSatisfaction_Assimilate_Bad.stages.0.label,Disliked assimilating {0},label,ThoughtDefs\Thoughts_Memory_Quirk.xml,def,Disliked assimilating <ALIMT >(PH_1)</ALIMT>,反感同化{0}
RV2_GoalPreferenceQuirkSatisfaction_Assimilate_Bad.stages.0.description,All that for some paltry size gains?,description,ThoughtDefs\Thoughts_Memory_Quirk.xml,def,All that for some paltry size gains?,为了一些微不足道的尺寸收益吗？
RV2_GoalPreferenceQuirkSatisfaction_Assimilate_VeryBad.stages.0.label,Hated assimilating {0},label,ThoughtDefs\Thoughts_Memory_Quirk.xml,def,Hated assimilating <ALIMT >(PH_1)</ALIMT>,厌恶同化{0}
RV2_GoalPreferenceQuirkSatisfaction_Assimilate_VeryBad.stages.0.description,"...Can I even call my parts mine anymore, when they were once entire people?",description,ThoughtDefs\Thoughts_Memory_Quirk.xml,def,"...Can I even call my parts mine anymore, when they were once entire people?",没有。... 我甚至可以称我的部件为我的，当他们曾经是完整的人？
RV2_TypePreferenceQuirkSatisfaction_Predator_Cleavage_VeryGood.stages.0.label,Loved fissuring {0},label,ThoughtDefs\Thoughts_Memory_Quirk.xml,def,Loved fissuring <ALIMT >(PH_1)</ALIMT>,钟爱裂变{0}
RV2_TypePreferenceQuirkSatisfaction_Predator_Cleavage_VeryGood.stages.0.description,Gotta keep your boobs happy!,description,ThoughtDefs\Thoughts_Memory_Quirk.xml,def,Gotta keep your boobs happy!,我要让你的胸部开心!
RV2_TypePreferenceQuirkSatisfaction_Predator_Cleavage_Good.stages.0.label,Liked fissuring {0},label,ThoughtDefs\Thoughts_Memory_Quirk.xml,def,Liked fissuring <ALIMT >(PH_1)</ALIMT>,喜欢破裂{0}
RV2_TypePreferenceQuirkSatisfaction_Predator_Cleavage_Good.stages.0.description,Nice and easy.,description,ThoughtDefs\Thoughts_Memory_Quirk.xml,def,Nice and easy.,安逸。
RV2_TypePreferenceQuirkSatisfaction_Predator_Cleavage_Bad.stages.0.label,Disliked fissuring {0},label,ThoughtDefs\Thoughts_Memory_Quirk.xml,def,Disliked fissuring <ALIMT >(PH_1)</ALIMT>,反感的破裂{0}
RV2_TypePreferenceQuirkSatisfaction_Predator_Cleavage_Bad.stages.0.description,This doesn't feel like much of anything.,description,ThoughtDefs\Thoughts_Memory_Quirk.xml,def,This doesn't feel like much of anything.,这感觉不太像什么。
RV2_TypePreferenceQuirkSatisfaction_Predator_Cleavage_VeryBad.stages.0.label,Hated fissuring {0},label,ThoughtDefs\Thoughts_Memory_Quirk.xml,def,Hated fissuring <ALIMT >(PH_1)</ALIMT>,厌恶破裂{0}
RV2_TypePreferenceQuirkSatisfaction_Predator_Cleavage_VeryBad.stages.0.description,What a total letdown.,description,ThoughtDefs\Thoughts_Memory_Quirk.xml,def,What a total letdown.,多么令人失望。
RV2_TypePreferenceQuirkSatisfaction_Predator_Membrane_VeryGood.stages.0.label,Loved engulfing {0},label,ThoughtDefs\Thoughts_Memory_Quirk.xml,def,Loved engulfing <ALIMT >(PH_1)</ALIMT>,喜爱吞没{0}
RV2_TypePreferenceQuirkSatisfaction_Predator_Membrane_VeryGood.stages.0.description,Gotta keep your goo happy!,description,ThoughtDefs\Thoughts_Memory_Quirk.xml,def,Gotta keep your goo happy!,必须让你的粘性体保持快乐!
RV2_TypePreferenceQuirkSatisfaction_Predator_Membrane_Good.stages.0.label,Liked engulfing {0},label,ThoughtDefs\Thoughts_Memory_Quirk.xml,def,Liked engulfing <ALIMT >(PH_1)</ALIMT>,喜欢吞没{0}
RV2_TypePreferenceQuirkSatisfaction_Predator_Membrane_Good.stages.0.description,Glomp!,description,ThoughtDefs\Thoughts_Memory_Quirk.xml,def,Glomp!,Glomp!
RV2_TypePreferenceQuirkSatisfaction_Predator_Membrane_Bad.stages.0.label,Disliked engulfing {0},label,ThoughtDefs\Thoughts_Memory_Quirk.xml,def,Disliked engulfing <ALIMT >(PH_1)</ALIMT>,厌恶吞没{0}
RV2_TypePreferenceQuirkSatisfaction_Predator_Membrane_Bad.stages.0.description,It's kinda restricting to be wrapped around someone like that.,description,ThoughtDefs\Thoughts_Memory_Quirk.xml,def,It's kinda restricting to be wrapped around someone like that.,和那样的人在一起有点受限制。
RV2_TypePreferenceQuirkSatisfaction_Predator_Membrane_VeryBad.stages.0.label,Hated engulfing {0},label,ThoughtDefs\Thoughts_Memory_Quirk.xml,def,Hated engulfing <ALIMT >(PH_1)</ALIMT>,厌恶吞没{0}
RV2_TypePreferenceQuirkSatisfaction_Predator_Membrane_VeryBad.stages.0.description,"I don't need a skeleton, thank you.",description,ThoughtDefs\Thoughts_Memory_Quirk.xml,def,"I don't need a skeleton, thank you.",我不需要骷髅，谢谢.
RV2_TypePreferenceQuirkSatisfaction_Predator_Navel_VeryGood.stages.0.label,Loved ennaveling {0},label,ThoughtDefs\Thoughts_Memory_Quirk.xml,def,Loved ennaveling <ALIMT >(PH_1)</ALIMT>,喜爱圣兽{0}
RV2_TypePreferenceQuirkSatisfaction_Predator_Navel_VeryGood.stages.0.description,Gotta keep your belly-button happy!,description,ThoughtDefs\Thoughts_Memory_Quirk.xml,def,Gotta keep your belly-button happy!,必须让你的肚脐保持快乐!
RV2_TypePreferenceQuirkSatisfaction_Predator_Navel_Good.stages.0.label,Liked ennaveling {0},label,ThoughtDefs\Thoughts_Memory_Quirk.xml,def,Liked ennaveling <ALIMT >(PH_1)</ALIMT>,喜欢圣兽{0}
RV2_TypePreferenceQuirkSatisfaction_Predator_Navel_Good.stages.0.description,I'm still getting use out of it!,description,ThoughtDefs\Thoughts_Memory_Quirk.xml,def,I'm still getting use out of it!,我还在慢慢习惯它!
RV2_TypePreferenceQuirkSatisfaction_Predator_Navel_Bad.stages.0.label,Disliked ennaveling {0},label,ThoughtDefs\Thoughts_Memory_Quirk.xml,def,Disliked ennaveling <ALIMT >(PH_1)</ALIMT>,反感 ennaveling{0}
RV2_TypePreferenceQuirkSatisfaction_Predator_Navel_Bad.stages.0.description,I can't help but feel this should have stayed tied.,description,ThoughtDefs\Thoughts_Memory_Quirk.xml,def,I can't help but feel this should have stayed tied.,我不禁觉得这应该是个失败者。
RV2_TypePreferenceQuirkSatisfaction_Predator_Navel_VeryBad.stages.0.label,Hated ennaveling {0},label,ThoughtDefs\Thoughts_Memory_Quirk.xml,def,Hated ennaveling <ALIMT >(PH_1)</ALIMT>,憎恶圣兽{0}
RV2_TypePreferenceQuirkSatisfaction_Predator_Navel_VeryBad.stages.0.description,Tie it back up. This sucks.,description,ThoughtDefs\Thoughts_Memory_Quirk.xml,def,Tie it back up. This sucks.,把它绑起来。糟透了。
RV2_TypePreferenceQuirkSatisfaction_Predator_Tailmaw_VeryGood.stages.0.label,Loved pythening {0},label,ThoughtDefs\Thoughts_Memory_Quirk.xml,def,Loved pythening <ALIMT >(PH_1)</ALIMT>,喜爱蟒蛇{0}
RV2_TypePreferenceQuirkSatisfaction_Predator_Tailmaw_VeryGood.stages.0.description,Gotta keep your tail happy!,description,ThoughtDefs\Thoughts_Memory_Quirk.xml,def,Gotta keep your <ALIMT >tail</ALIMT> happy!,必须保持一个突出的灵活附肢，是身体的一部分，通常从躯干的后部突出。不适用于没有腿的身体。开心!
RV2_TypePreferenceQuirkSatisfaction_Predator_Tailmaw_Good.stages.0.label,Liked pythening {0},label,ThoughtDefs\Thoughts_Memory_Quirk.xml,def,Liked pythening <ALIMT >(PH_1)</ALIMT>,喜欢{0}
RV2_TypePreferenceQuirkSatisfaction_Predator_Tailmaw_Good.stages.0.description,Tasty!,description,ThoughtDefs\Thoughts_Memory_Quirk.xml,def,Tasty!,真香!
RV2_TypePreferenceQuirkSatisfaction_Predator_Tailmaw_Bad.stages.0.label,Disliked pythening {0},label,ThoughtDefs\Thoughts_Memory_Quirk.xml,def,Disliked pythening <ALIMT >(PH_1)</ALIMT>,反感蛇形{0}
RV2_TypePreferenceQuirkSatisfaction_Predator_Tailmaw_Bad.stages.0.description,Kinda hard to look back and make sure everything's going okay.,description,ThoughtDefs\Thoughts_Memory_Quirk.xml,def,Kinda hard to look back and make sure everything's going okay.,回首过去，确保一切正常有点困难。
RV2_TypePreferenceQuirkSatisfaction_Predator_Tailmaw_VeryBad.stages.0.label,Hated pythening {0},label,ThoughtDefs\Thoughts_Memory_Quirk.xml,def,Hated pythening <ALIMT >(PH_1)</ALIMT>,厌恶死亡{0}
RV2_TypePreferenceQuirkSatisfaction_Predator_Tailmaw_VeryBad.stages.0.description,I'd rather just eat with my mouth.,description,ThoughtDefs\Thoughts_Memory_Quirk.xml,def,I'd rather just eat with my mouth.,我宁愿只用嘴吃饭。
RV2_TypePreferenceQuirkSatisfaction_Predator_Udder_VeryGood.stages.0.label,Loved unnursing {0} into udder,label,ThoughtDefs\Thoughts_Memory_Quirk.xml,def,Loved unnursing <ALIMT >(PH_1)</ALIMT> into udder,未哺育的爱人{0}进入乳房
RV2_TypePreferenceQuirkSatisfaction_Predator_Udder_VeryGood.stages.0.description,Gotta keep your udder happy!,description,ThoughtDefs\Thoughts_Memory_Quirk.xml,def,Gotta keep your udder happy!,必须让你的乳房开心!
RV2_TypePreferenceQuirkSatisfaction_Predator_Udder_Good.stages.0.label,Liked unnursing {0} into udder,label,ThoughtDefs\Thoughts_Memory_Quirk.xml,def,Liked unnursing <ALIMT >(PH_1)</ALIMT> into udder,喜欢未哺育{0}进入乳房
RV2_TypePreferenceQuirkSatisfaction_Predator_Udder_Good.stages.0.description,Nice and milky.,description,ThoughtDefs\Thoughts_Memory_Quirk.xml,def,Nice and milky.,非常好，是奶白的。
RV2_TypePreferenceQuirkSatisfaction_Predator_Udder_Bad.stages.0.label,Disliked unnursing {0} into udder,label,ThoughtDefs\Thoughts_Memory_Quirk.xml,def,Disliked unnursing <ALIMT >(PH_1)</ALIMT> into udder,反感的不哺育{0}进入乳房
RV2_TypePreferenceQuirkSatisfaction_Predator_Udder_Bad.stages.0.description,Udders are weird.,description,ThoughtDefs\Thoughts_Memory_Quirk.xml,def,Udders are weird.,乳房很奇怪。
RV2_TypePreferenceQuirkSatisfaction_Predator_Udder_VeryBad.stages.0.label,Hated unnursing {0} into udder,label,ThoughtDefs\Thoughts_Memory_Quirk.xml,def,Hated unnursing <ALIMT >(PH_1)</ALIMT> into udder,厌恶未哺育{0}进入乳房
RV2_TypePreferenceQuirkSatisfaction_Predator_Udder_VeryBad.stages.0.description,Udderly awful.,description,ThoughtDefs\Thoughts_Memory_Quirk.xml,def,Udderly awful.,太可怕了。
RV2_TypePreferenceQuirkSatisfaction_Prey_Cleavage_VeryGood.stages.0.label,Loved being fissured by {0},label,ThoughtDefs\Thoughts_Memory_Quirk.xml,def,Loved being fissured by <ALIMT >(PH_1)</ALIMT>,喜欢被破裂{0}
RV2_TypePreferenceQuirkSatisfaction_Prey_Cleavage_VeryGood.stages.0.description,Between the boobs are where I belong!,description,ThoughtDefs\Thoughts_Memory_Quirk.xml,def,Between the boobs are where I belong!,我属于这里!
RV2_TypePreferenceQuirkSatisfaction_Prey_Cleavage_Good.stages.0.label,Liked being fissured by {0},label,ThoughtDefs\Thoughts_Memory_Quirk.xml,def,Liked being fissured by <ALIMT >(PH_1)</ALIMT>,喜欢被破裂{0}
RV2_TypePreferenceQuirkSatisfaction_Prey_Cleavage_Good.stages.0.description,Warm and pillowy!,description,ThoughtDefs\Thoughts_Memory_Quirk.xml,def,Warm and pillowy!,温暖而柔软!
RV2_TypePreferenceQuirkSatisfaction_Prey_Cleavage_Bad.stages.0.label,Disliked being fissured by {0},label,ThoughtDefs\Thoughts_Memory_Quirk.xml,def,Disliked being fissured by <ALIMT >(PH_1)</ALIMT>,厌恶因以下情况而破裂{0}
RV2_TypePreferenceQuirkSatisfaction_Prey_Cleavage_Bad.stages.0.description,That wasn't very fun.,description,ThoughtDefs\Thoughts_Memory_Quirk.xml,def,That wasn't very fun.,那不是很有趣。
RV2_TypePreferenceQuirkSatisfaction_Prey_Cleavage_VeryBad.stages.0.label,Hated being fissured by {0},label,ThoughtDefs\Thoughts_Memory_Quirk.xml,def,Hated being fissured by <ALIMT >(PH_1)</ALIMT>,讨厌被破裂{0}
RV2_TypePreferenceQuirkSatisfaction_Prey_Cleavage_VeryBad.stages.0.description,That barely felt like vore.,description,ThoughtDefs\Thoughts_Memory_Quirk.xml,def,That barely felt like <ALIMT >vore</ALIMT>.,几乎没有感觉吃人没有。
RV2_TypePreferenceQuirkSatisfaction_Prey_Membrane_VeryGood.stages.0.label,Loved being engulfed by {0},label,ThoughtDefs\Thoughts_Memory_Quirk.xml,def,Loved being engulfed by <ALIMT >(PH_1)</ALIMT>,喜爱被吞噬{0}
RV2_TypePreferenceQuirkSatisfaction_Prey_Membrane_VeryGood.stages.0.description,In the slime is where I belong!,description,ThoughtDefs\Thoughts_Memory_Quirk.xml,def,In the <ALIMT >slime</ALIMT> is where I belong!,在史莱姆归属我了!
RV2_TypePreferenceQuirkSatisfaction_Prey_Membrane_Good.stages.0.label,Liked being engulfed by {0},label,ThoughtDefs\Thoughts_Memory_Quirk.xml,def,Liked being engulfed by <ALIMT >(PH_1)</ALIMT>,喜欢被吞没{0}
RV2_TypePreferenceQuirkSatisfaction_Prey_Membrane_Good.stages.0.description,Squishy!,description,ThoughtDefs\Thoughts_Memory_Quirk.xml,def,Squishy!,湿透了!
RV2_TypePreferenceQuirkSatisfaction_Prey_Membrane_Bad.stages.0.label,Disliked being engulfed by {0},label,ThoughtDefs\Thoughts_Memory_Quirk.xml,def,Disliked being engulfed by <ALIMT >(PH_1)</ALIMT>,厌恶被吞没{0}
RV2_TypePreferenceQuirkSatisfaction_Prey_Membrane_Bad.stages.0.description,It's too spacious.,description,ThoughtDefs\Thoughts_Memory_Quirk.xml,def,It's too spacious.,它太宽敞了。
RV2_TypePreferenceQuirkSatisfaction_Prey_Membrane_VeryBad.stages.0.label,Hated being engulfed by {0},label,ThoughtDefs\Thoughts_Memory_Quirk.xml,def,Hated being engulfed by <ALIMT >(PH_1)</ALIMT>,厌恶被吞噬{0}
RV2_TypePreferenceQuirkSatisfaction_Prey_Membrane_VeryBad.stages.0.description,I'm like a puppet on display.,description,ThoughtDefs\Thoughts_Memory_Quirk.xml,def,I'm like a puppet on display.,我就像展示的木偶。
RV2_TypePreferenceQuirkSatisfaction_Prey_Navel_VeryGood.stages.0.label,Loved being ennaveled by {0},label,ThoughtDefs\Thoughts_Memory_Quirk.xml,def,Loved being ennaveled by <ALIMT >(PH_1)</ALIMT>,喜欢被{0}
RV2_TypePreferenceQuirkSatisfaction_Prey_Navel_VeryGood.stages.0.description,In the navel is where I belong!,description,ThoughtDefs\Thoughts_Memory_Quirk.xml,def,In the navel is where I belong!,在肚脐里有我的归属!
RV2_TypePreferenceQuirkSatisfaction_Prey_Navel_Good.stages.0.label,Liked being ennaveled by {0},label,ThoughtDefs\Thoughts_Memory_Quirk.xml,def,Liked being ennaveled by <ALIMT >(PH_1)</ALIMT>,喜欢被奴役{0}
RV2_TypePreferenceQuirkSatisfaction_Prey_Navel_Good.stages.0.description,Linty.,description,ThoughtDefs\Thoughts_Memory_Quirk.xml,def,Linty.,林蒂。
RV2_TypePreferenceQuirkSatisfaction_Prey_Navel_Bad.stages.0.label,Disliked being ennaveled by {0},label,ThoughtDefs\Thoughts_Memory_Quirk.xml,def,Disliked being ennaveled by <ALIMT >(PH_1)</ALIMT>,厌恶被奴役{0}
RV2_TypePreferenceQuirkSatisfaction_Prey_Navel_Bad.stages.0.description,This feels wrong.,description,ThoughtDefs\Thoughts_Memory_Quirk.xml,def,This feels wrong.,这种感觉是错误的。
RV2_TypePreferenceQuirkSatisfaction_Prey_Navel_VeryBad.stages.0.label,Hated being ennaveled by {0},label,ThoughtDefs\Thoughts_Memory_Quirk.xml,def,Hated being ennaveled by <ALIMT >(PH_1)</ALIMT>,厌恶被奴役{0}
RV2_TypePreferenceQuirkSatisfaction_Prey_Navel_VeryBad.stages.0.description,Re-tie your umbilicals!,description,ThoughtDefs\Thoughts_Memory_Quirk.xml,def,Re-tie your umbilicals!,重新束缚你的脐部!
RV2_TypePreferenceQuirkSatisfaction_Prey_Tailmaw_VeryGood.stages.0.label,Loved being pythened by {0},label,ThoughtDefs\Thoughts_Memory_Quirk.xml,def,Loved being pythened by <ALIMT >(PH_1)</ALIMT>,喜欢被勾搭上{0}
RV2_TypePreferenceQuirkSatisfaction_Prey_Tailmaw_VeryGood.stages.0.description,Down the tail is where I belong!,description,ThoughtDefs\Thoughts_Memory_Quirk.xml,def,Down the <ALIMT >tail</ALIMT> is where I belong!,向下一个突出的灵活附肢，是身体的一部分，通常从躯干的后部突出。不适用于没有腿的身体。归属我了!
RV2_TypePreferenceQuirkSatisfaction_Prey_Tailmaw_Good.stages.0.label,Liked being pythened by {0},label,ThoughtDefs\Thoughts_Memory_Quirk.xml,def,Liked being pythened by <ALIMT >(PH_1)</ALIMT>,喜欢被勾搭上{0}
RV2_TypePreferenceQuirkSatisfaction_Prey_Tailmaw_Good.stages.0.description,"I love a good, flexible tail-throat!",description,ThoughtDefs\Thoughts_Memory_Quirk.xml,def,"I love a good, flexible <ALIMT >tail</ALIMT>-throat!",我好爱一个突出的灵活附肢，是身体的一部分，通常从躯干的后部突出。不适用于没有腿的身体。-咽喉!
RV2_TypePreferenceQuirkSatisfaction_Prey_Tailmaw_Bad.stages.0.label,Disliked being pythened by {0},label,ThoughtDefs\Thoughts_Memory_Quirk.xml,def,Disliked being pythened by <ALIMT >(PH_1)</ALIMT>,反感被{0}
RV2_TypePreferenceQuirkSatisfaction_Prey_Tailmaw_Bad.stages.0.description,Tailmaws look wrong.,description,ThoughtDefs\Thoughts_Memory_Quirk.xml,def,Tailmaws look wrong.,尾 maw 看起来不太对劲。
RV2_TypePreferenceQuirkSatisfaction_Prey_Tailmaw_VeryBad.stages.0.label,Hated being pythened by {0},label,ThoughtDefs\Thoughts_Memory_Quirk.xml,def,Hated being pythened by <ALIMT >(PH_1)</ALIMT>,讨厌被勾搭上{0}
RV2_TypePreferenceQuirkSatisfaction_Prey_Tailmaw_VeryBad.stages.0.description,That gave me the heebie-jeebies.,description,ThoughtDefs\Thoughts_Memory_Quirk.xml,def,That gave me the heebie-jeebies.,这给了我咯咯笑的感觉。
RV2_TypePreferenceQuirkSatisfaction_Prey_Udder_VeryGood.stages.0.label,Loved being unnursed into udder by {0},label,ThoughtDefs\Thoughts_Memory_Quirk.xml,def,Loved being unnursed into udder by <ALIMT >(PH_1)</ALIMT>,喜欢被照顾成乳房{0}
RV2_TypePreferenceQuirkSatisfaction_Prey_Udder_VeryGood.stages.0.description,In the udder is where I belong!,description,ThoughtDefs\Thoughts_Memory_Quirk.xml,def,In the udder is where I belong!,在我的乳房里!
RV2_TypePreferenceQuirkSatisfaction_Prey_Udder_Good.stages.0.label,Liked being unnursed into udder by {0},label,ThoughtDefs\Thoughts_Memory_Quirk.xml,def,Liked being unnursed into udder by <ALIMT >(PH_1)</ALIMT>,喜欢被照顾成乳房{0}
RV2_TypePreferenceQuirkSatisfaction_Prey_Udder_Good.stages.0.description,Milky!,description,ThoughtDefs\Thoughts_Memory_Quirk.xml,def,Milky!,奶白!
RV2_TypePreferenceQuirkSatisfaction_Prey_Udder_Bad.stages.0.label,Disliked being unnursed into udder by {0},label,ThoughtDefs\Thoughts_Memory_Quirk.xml,def,Disliked being unnursed into udder by <ALIMT >(PH_1)</ALIMT>,不喜欢被人照顾成乳房{0}
RV2_TypePreferenceQuirkSatisfaction_Prey_Udder_Bad.stages.0.description,"It's a bit beastly, isn't it?",description,ThoughtDefs\Thoughts_Memory_Quirk.xml,def,"It's a bit beastly, isn't it?",有点野兽，不是吗？
RV2_TypePreferenceQuirkSatisfaction_Prey_Udder_VeryBad.stages.0.label,Hated being unnursed into udder by {0},label,ThoughtDefs\Thoughts_Memory_Quirk.xml,def,Hated being unnursed into udder by <ALIMT >(PH_1)</ALIMT>,讨厌被人照顾成乳房{0}
RV2_TypePreferenceQuirkSatisfaction_Prey_Udder_VeryBad.stages.0.description,"Udders are the domain of beasts, not people.",description,ThoughtDefs\Thoughts_Memory_Quirk.xml,def,"Udders are the domain of beasts, not people.",乳房是野兽的领地，不是人。
RV2_PredatorOralAmalgamateEnd.stages.0.label,Reshaped {0} from lip-fat,label,ThoughtDefs\Thoughts_Memory_Vore.xml,def,Reshaped <ALIMT >(PH_1)</ALIMT> from lip-fat,重塑{0}来自嘴唇肥胖
RV2_PredatorOralAmalgamateEnd.stages.0.description,"My lips are lighter, but it's a little easier to talk.",description,ThoughtDefs\Thoughts_Memory_Vore.xml,def,"My lips are lighter, but it's a little easier to talk.",我的嘴唇更轻，但说话容易一点。
RV2_PreyOralAmalgamateEnd.stages.0.label,Reshaped from {0}'s lip-fat,label,ThoughtDefs\Thoughts_Memory_Vore.xml,def,Reshaped from <ALIMT >(PH_1)</ALIMT>'s lip-fat,重塑自{0}嘴唇肥胖
RV2_PreyOralAmalgamateEnd.stages.0.description,Who knew lips had so many uses...,description,ThoughtDefs\Thoughts_Memory_Vore.xml,def,Who knew lips had so many uses...,谁知道嘴唇有这么多用途啊...
RV2_PredatorOralAssimilateSuccess.stages.0.label,Assimilated {0} into lips,label,ThoughtDefs\Thoughts_Memory_Vore.xml,def,Assimilated <ALIMT >(PH_1)</ALIMT> into lips,被同化{0}变成嘴唇
RV2_PredatorOralAssimilateSuccess.stages.0.description,I assimilated {1} into my lips. Juicy!,description,ThoughtDefs\Thoughts_Memory_Vore.xml,def,I assimilated <ALIMT >(PH_1)</ALIMT> into my lips. Juicy!,我被同化了{1}塞进我的嘴。多汁!
RV2_PredatorOralAssimilateInterrupted.stages.0.label,Assimilation of {0} into lips interrupted,label,ThoughtDefs\Thoughts_Memory_Vore.xml,def,Assimilation of <ALIMT >(PH_1)</ALIMT> into lips interrupted,同化{0}进入嘴唇被打断
RV2_PredatorOralAssimilateInterrupted.stages.0.description,"I tried to assimilate {1} into my lips, but they got away. That's not very juicy of them.",description,ThoughtDefs\Thoughts_Memory_Vore.xml,def,"I tried to assimilate <ALIMT >(PH_1)</ALIMT> into my lips, but they got away. That's not very juicy of them.",我试图同化{1}到我嘴里去，但他们逃走了。这不是很多汁。
RV2_PreyOralAssimilateInterrupted.stages.0.label,Escaped assimilation into lips by {0},label,ThoughtDefs\Thoughts_Memory_Vore.xml,def,Escaped assimilation into lips by <ALIMT >(PH_1)</ALIMT>,逃脱同化到嘴唇{0}
RV2_PreyOralAssimilateInterrupted.stages.0.description,{1} tried to lick me into their lips! I'd rather not!,description,ThoughtDefs\Thoughts_Memory_Vore.xml,def,<ALIMT >(PH_1)</ALIMT> tried to lick me into their lips! I'd rather not!,{1}想舔我的嘴!我宁愿不要!
RV2_PredatorAnalAmalgamateEnd.stages.0.label,Reshaped {0} from butt-fat,label,ThoughtDefs\Thoughts_Memory_Vore.xml,def,Reshaped <ALIMT >(PH_1)</ALIMT> from butt-fat,重塑{0}来自屁股肥猪
RV2_PredatorAnalAmalgamateEnd.stages.0.description,"My butt's not as plush, but it's a little easier to walk.",description,ThoughtDefs\Thoughts_Memory_Vore.xml,def,"My butt's not as plush, but it's a little easier to walk.",我的屁股没那么长毛绒，但走路容易一点。
RV2_PreyAnalAmalgamateEnd.stages.0.label,Reshaped from {0}'s butt-fat,label,ThoughtDefs\Thoughts_Memory_Vore.xml,def,Reshaped from <ALIMT >(PH_1)</ALIMT>'s butt-fat,重塑自{0}屁股肥胖
RV2_PreyAnalAmalgamateEnd.stages.0.description,That's enough seat-cushioning to last me a while!,description,ThoughtDefs\Thoughts_Memory_Vore.xml,def,That's enough seat-cushioning to last me a while!,够我使用一段时间的坐垫了!
RV2_PredatorAnalAssimilateSuccess.stages.0.label,Assimilated {0} into butt,label,ThoughtDefs\Thoughts_Memory_Vore.xml,def,Assimilated <ALIMT >(PH_1)</ALIMT> into butt,被同化{0}进入屁股
RV2_PredatorAnalAssimilateSuccess.stages.0.description,I padded {1} onto my butt. How plush!,description,ThoughtDefs\Thoughts_Memory_Vore.xml,def,I padded <ALIMT >(PH_1)</ALIMT> onto my butt. How plush!,我垫了{1}到我屁股上。多么漂亮!
RV2_PredatorAnalAssimilateInterrupted.stages.0.label,Assimilation of {0} into butt interrupted,label,ThoughtDefs\Thoughts_Memory_Vore.xml,def,Assimilation of <ALIMT >(PH_1)</ALIMT> into butt interrupted,同化{0}进入屁股被打断
RV2_PredatorAnalAssimilateInterrupted.stages.0.description,"I tried to pad {1} onto my butt, but they got away. How much more comfortable could my seats have been?",description,ThoughtDefs\Thoughts_Memory_Vore.xml,def,"I tried to pad <ALIMT >(PH_1)</ALIMT> onto my butt, but they got away. How much more comfortable could my seats have been?",我试着垫{1}到我屁股上，但他们跑了。我的座位能有多舒服？
RV2_PreyAnalAssimilateInterrupted.stages.0.label,Escaped assimilation into butt by {0},label,ThoughtDefs\Thoughts_Memory_Vore.xml,def,Escaped assimilation into butt by <ALIMT >(PH_1)</ALIMT>,逃脱同化成为屁股{0}
RV2_PreyAnalAssimilateInterrupted.stages.0.description,{1} tried to pad me into butt-fat! I don't wanna be sat on!,description,ThoughtDefs\Thoughts_Memory_Vore.xml,def,<ALIMT >(PH_1)</ALIMT> tried to pad me into butt-fat! I don't wanna be sat on!,{1}想让我屁股都要胖了!我不想被人坐坐!
RV2_PredatorVaginalAmalgamateEnd.stages.0.label,Reshaped {0} from labial fat,label,ThoughtDefs\Thoughts_Memory_Vore.xml,def,Reshaped <ALIMT >(PH_1)</ALIMT> from labial fat,重塑{0}来自阴唇肥胖
RV2_PredatorVaginalAmalgamateEnd.stages.0.description,"My pussy's not as puffy, but it's a little easier to walk.",description,ThoughtDefs\Thoughts_Memory_Vore.xml,def,"My <ALIMT >pussy</ALIMT>'s not as puffy, but it's a little easier to walk.",我的小穴没有那么肿，但是走起来容易一点。
RV2_PreyVaginalAmalgamateEnd.stages.0.label,Reshaped from {0}'s labial fat,label,ThoughtDefs\Thoughts_Memory_Vore.xml,def,Reshaped from <ALIMT >(PH_1)</ALIMT>'s labial fat,重塑自{0}阴唇肥胖
RV2_PreyVaginalAmalgamateEnd.stages.0.description,I've just been pounded so hard...,description,ThoughtDefs\Thoughts_Memory_Vore.xml,def,I've just been pounded so hard...,我刚刚被重击了...
RV2_PredatorVaginalAssimilateSuccess.stages.0.label,Labially assimilated {0},label,ThoughtDefs\Thoughts_Memory_Vore.xml,def,Labially assimilated <ALIMT >(PH_1)</ALIMT>,阴部被同化{0}
RV2_PredatorVaginalAssimilateSuccess.stages.0.description,I puffed out my pussy with {1}. So tight...,description,ThoughtDefs\Thoughts_Memory_Vore.xml,def,I puffed out my <ALIMT >pussy</ALIMT> with <ALIMT >(PH_1)</ALIMT>. So tight...,我夸大了我的信仰小穴伴{1}没有。好疼...
RV2_PredatorVaginalAssimilateInterrupted.stages.0.label,Labial assimilation of {0} interrupted,label,ThoughtDefs\Thoughts_Memory_Vore.xml,def,Labial assimilation of <ALIMT >(PH_1)</ALIMT> interrupted,下颚同化{0}被打断
RV2_PredatorVaginalAssimilateInterrupted.stages.0.description,"I tried to puff {1} into my mound, but they got away. I could have been so much hornier right now.",description,ThoughtDefs\Thoughts_Memory_Vore.xml,def,"I tried to puff <ALIMT >(PH_1)</ALIMT> into my mound, but they got away. I could have been so much hornier right now.",我试图吸一口{1}进了我的土堆，但他们逃走了。我现在本可以更有意思的。
RV2_PreyVaginalAssimilateInterrupted.stages.0.label,Escaped labial assimilation by {0},label,ThoughtDefs\Thoughts_Memory_Vore.xml,def,Escaped labial assimilation by <ALIMT >(PH_1)</ALIMT>,因以下手段逃脱了唇族同化{0}
RV2_PreyVaginalAssimilateInterrupted.stages.0.description,{1} tried to puff out their pussy with me! I don't wanna be fucked like that!,description,ThoughtDefs\Thoughts_Memory_Vore.xml,def,<ALIMT >(PH_1)</ALIMT> tried to puff out their <ALIMT >pussy</ALIMT> with me! I don't wanna be fucked like that!,{1}试图将他们的小穴和我一起!我可不想被这样干!
RV2_PredatorVaginalConvertChemfuelSuccess.stages.0.label,Vaginally oleified {0},label,ThoughtDefs\Thoughts_Memory_Vore.xml,def,Vaginally oleified <ALIMT >(PH_1)</ALIMT>,经阴道指定{0}
RV2_PredatorVaginalConvertChemfuelSuccess.stages.0.description,I unbirthed and melted {1} into chemfuel. Flammable materials make for the most exciting lube!,description,ThoughtDefs\Thoughts_Memory_Vore.xml,def,I unbirthed and melted <ALIMT >(PH_1)</ALIMT> into chemfuel. Flammable materials make for the most exciting <ALIMT >lube</ALIMT>!,我刚出生就融化了{1}注入化合燃料。易燃材料制成润滑油不!
RV2_PredatorVaginalConvertChemfuelInterrupted.stages.0.label,Vaginall olifaction of {0} interrupted,label,ThoughtDefs\Thoughts_Memory_Vore.xml,def,Vaginall olifaction of <ALIMT >(PH_1)</ALIMT> interrupted,阴道提取{0}被打断
RV2_PredatorVaginalConvertChemfuelInterrupted.stages.0.description,"I tried to melt {1} into chemfuel, but they got away. Now I'm all pent-up...",description,ThoughtDefs\Thoughts_Memory_Vore.xml,def,"I tried to melt <ALIMT >(PH_1)</ALIMT> into chemfuel, but they got away. Now I'm all pent-up...",我试图融化{1}对化合燃料感兴趣，但他们逃走了。现在我都被压抑了...
RV2_PreyVaginalConvertChemfuelInterrupted.stages.0.label,Escaped vaginal olifaction by {0},label,ThoughtDefs\Thoughts_Memory_Vore.xml,def,Escaped <ALIMT >vaginal</ALIMT> olifaction by <ALIMT >(PH_1)</ALIMT>,逃跑了阴道给养{0}
RV2_PreyVaginalConvertChemfuelInterrupted.stages.0.description,{1} tried to melt me into chemfuel in their womb! I don't want to be burned!,description,ThoughtDefs\Thoughts_Memory_Vore.xml,def,<ALIMT >(PH_1)</ALIMT> tried to melt me into chemfuel in their womb! I don't want to be burned!,{1}试图在他们的子宫里把我熔化成化合燃料!我可不想被烧伤!
RV2_PredatorVaginalConvertEggsSuccess.stages.0.label,Vaginally ovified {0},label,ThoughtDefs\Thoughts_Memory_Vore.xml,def,Vaginally ovified <ALIMT >(PH_1)</ALIMT>,经阴道受精{0}
RV2_PredatorVaginalConvertEggsSuccess.stages.0.description,I unbirthed and melted {1} into eggs. A treat for later!,description,ThoughtDefs\Thoughts_Memory_Vore.xml,def,I unbirthed and melted <ALIMT >(PH_1)</ALIMT> into eggs. A treat for later!,我刚出生就融化了{1}变成卵。稍后享用!
RV2_PredatorVaginalConvertEggsInterrupted.stages.0.label,Vaginal ovifaction of {0} interrupted,label,ThoughtDefs\Thoughts_Memory_Vore.xml,def,<ALIMT >vaginal</ALIMT> ovifaction of <ALIMT >(PH_1)</ALIMT> interrupted,阴道产出{0}被打断
RV2_PredatorVaginalConvertEggsInterrupted.stages.0.description,"I tried to melt {1} into eggs, but they got away. Now I'm all pent-up...",description,ThoughtDefs\Thoughts_Memory_Vore.xml,def,"I tried to melt <ALIMT >(PH_1)</ALIMT> into eggs, but they got away. Now I'm all pent-up...",我试图融化{1}调查卵，但它们逃走了。现在我都被压抑了...
RV2_PreyVaginalConvertEggsInterrupted.stages.0.label,Escaped vaginal ovifaction by {0},label,ThoughtDefs\Thoughts_Memory_Vore.xml,def,Escaped <ALIMT >vaginal</ALIMT> ovifaction by <ALIMT >(PH_1)</ALIMT>,逃跑了阴道被{0}
RV2_PreyVaginalConvertEggsInterrupted.stages.0.description,{1} tried to melt me into eggs in their womb! I'm not an egg!,description,ThoughtDefs\Thoughts_Memory_Vore.xml,def,<ALIMT >(PH_1)</ALIMT> tried to melt me into eggs in their womb! I'm not an egg!,{1}试图把我熔化成他们子宫里的卵!我又不是卵!
RV2_PredatorCockAmalgamateEnd.stages.0.label,Reshaped {0} from cock-meat,label,ThoughtDefs\Thoughts_Memory_Vore.xml,def,Reshaped <ALIMT >(PH_1)</ALIMT> from cock-meat,重塑{0}来自公鸡肉
RV2_PredatorCockAmalgamateEnd.stages.0.description,"My cock's not as juicy, but it's a little easier to walk.",description,ThoughtDefs\Thoughts_Memory_Vore.xml,def,"My cock's not as juicy, but it's a little easier to walk.",我的公鸡没那么多汁，但行走起来容易一点。
RV2_PreyCockAmalgamateEnd.stages.0.label,Reshaped from {0}'s cock-meat,label,ThoughtDefs\Thoughts_Memory_Vore.xml,def,Reshaped from <ALIMT >(PH_1)</ALIMT>'s cock-meat,重塑自{0}公鸡肉
RV2_PreyCockAmalgamateEnd.stages.0.description,I've been stuck in places I hadn't considered before...,description,ThoughtDefs\Thoughts_Memory_Vore.xml,def,I've been stuck in places I hadn't considered before...,我被困在了从未想过的地方...
RV2_PredatorCockAssimilateSuccess.stages.0.label,Assimilated {0} into cock,label,ThoughtDefs\Thoughts_Memory_Vore.xml,def,Assimilated <ALIMT >(PH_1)</ALIMT> into cock,被同化{0}进入公鸡
RV2_PredatorCockAssimilateSuccess.stages.0.description,I swole my cock up with {1}. My wild ride never ends!,description,ThoughtDefs\Thoughts_Memory_Vore.xml,def,I swole my cock up with <ALIMT >(PH_1)</ALIMT>. My wild ride never ends!,我用{1}没有。我的野性旅程永不结束!
RV2_PredatorCockAssimilateInterrupted.stages.0.label,Assimilation of {0} into cock interrupted,label,ThoughtDefs\Thoughts_Memory_Vore.xml,def,Assimilation of <ALIMT >(PH_1)</ALIMT> into cock interrupted,同化{0}公鸡被打断
RV2_PredatorCockAssimilateInterrupted.stages.0.description,"I tried to swell my cock up with {1}, but they got away. Enjoy your legs while you still have 'em.",description,ThoughtDefs\Thoughts_Memory_Vore.xml,def,"I tried to swell my cock up with <ALIMT >(PH_1)</ALIMT>, but they got away. Enjoy your legs while you still have 'em.","我想用{1},但他们跑了。趁你的腿还在，让它发挥作用吧。"
RV2_PreyCockAssimilateInterrupted.stages.0.label,Escaped assimilation into cock by {0},label,ThoughtDefs\Thoughts_Memory_Vore.xml,def,Escaped assimilation into cock by <ALIMT >(PH_1)</ALIMT>,逃脱同化成公鸡{0}
RV2_PreyCockAssimilateInterrupted.stages.0.description,{1} tried to make me a permanent fixture of their fuck-stick! That's not how I want to be used!,description,ThoughtDefs\Thoughts_Memory_Vore.xml,def,<ALIMT >(PH_1)</ALIMT> tried to make me a permanent fixture of their fuck-stick! That's not how I want to be used!,{1}试图让我成为他们那该死的棍棒的固定装置!我可不想被人这样利用!
RV2_PredatorCockConvertChemfuelSuccess.stages.0.label,Phallically olified {0},label,ThoughtDefs\Thoughts_Memory_Vore.xml,def,Phallically olified <ALIMT >(PH_1)</ALIMT>,阴阳怪气{0}
RV2_PredatorCockConvertChemfuelSuccess.stages.0.description,I unsowed and melted {1} into chemfuel. Maybe I should get my lighter next time I jerk off.,description,ThoughtDefs\Thoughts_Memory_Vore.xml,def,I unsowed and melted <ALIMT >(PH_1)</ALIMT> into chemfuel. Maybe I should get my lighter next time I jerk off.,我未播种，融化了{1}注入化合燃料。也许下次我发疯的时候应该带上我的打火机。
RV2_PredatorCockConvertChemfuelInterrupted.stages.0.label,Phallic olifaction of {0} interrupted,label,ThoughtDefs\Thoughts_Memory_Vore.xml,def,Phallic olifaction of <ALIMT >(PH_1)</ALIMT> interrupted,佛教徒{0}被打断
RV2_PredatorCockConvertChemfuelInterrupted.stages.0.description,"I tried to churn {1} down into chemfuel, but they got away. Now I'm all pent-up...",description,ThoughtDefs\Thoughts_Memory_Vore.xml,def,"I tried to churn <ALIMT >(PH_1)</ALIMT> down into chemfuel, but they got away. Now I'm all pent-up...",我试着搅动{1}下了化合燃料，但跑了。现在我都被压抑了...
RV2_PreyCockConvertChemfuelInterrupted.stages.0.label,Escaped phallic olifaction by {0},label,ThoughtDefs\Thoughts_Memory_Vore.xml,def,Escaped phallic olifaction by <ALIMT >(PH_1)</ALIMT>,逃跑于{0}
RV2_PreyCockConvertChemfuelInterrupted.stages.0.description,{1} tried to melt me into chemfuel! I don't want to be burned!,description,ThoughtDefs\Thoughts_Memory_Vore.xml,def,<ALIMT >(PH_1)</ALIMT> tried to melt me into chemfuel! I don't want to be burned!,{1}想把我熔化成化合燃料!我可不想被烧伤!
RV2_PredatorNippleAmalgamateEnd.stages.0.label,Reshaped {0} from nipple-fat,label,ThoughtDefs\Thoughts_Memory_Vore.xml,def,Reshaped <ALIMT >(PH_1)</ALIMT> from <ALIMT >nipple</ALIMT>-fat,重塑{0}来自乳头-肥胖
RV2_PredatorNippleAmalgamateEnd.stages.0.description,"My nipple's not as puffy, but it's a little easier to wear a shirt.",description,ThoughtDefs\Thoughts_Memory_Vore.xml,def,"My <ALIMT >nipple</ALIMT>'s not as puffy, but it's a little easier to wear a shirt.",我的乳头没有那么蓬松，但是穿衬衫要容易一点。
RV2_PreyNippleAmalgamateEnd.stages.0.label,Reshaped from {0}'s nipple-fat,label,ThoughtDefs\Thoughts_Memory_Vore.xml,def,Reshaped from <ALIMT >(PH_1)</ALIMT>'s <ALIMT >nipple</ALIMT>-fat,重塑自{0}的乳头-肥胖
RV2_PreyNippleAmalgamateEnd.stages.0.description,All that tweaking and chafing...,description,ThoughtDefs\Thoughts_Memory_Vore.xml,def,All that tweaking and chafing...,所有的调整和烧伤...
RV2_PredatorNippleAssimilateSuccess.stages.0.label,Assimilated {0} into nipple,label,ThoughtDefs\Thoughts_Memory_Vore.xml,def,Assimilated <ALIMT >(PH_1)</ALIMT> into <ALIMT >nipple</ALIMT>,被同化{0}入乳头
RV2_PredatorNippleAssimilateSuccess.stages.0.description,I puffed my nipple up with {1}. So sensitive...!~,description,ThoughtDefs\Thoughts_Memory_Vore.xml,def,I puffed my <ALIMT >nipple</ALIMT> up with <ALIMT >(PH_1)</ALIMT>. So sensitive...!~,我吸了一口乳头提升{1}没有。好敏感...!~
RV2_PredatorNippleAssimilateInterrupted.stages.0.label,Assimilation of {0} into nipple interrupted,label,ThoughtDefs\Thoughts_Memory_Vore.xml,def,Assimilation of <ALIMT >(PH_1)</ALIMT> into <ALIMT >nipple</ALIMT> interrupted,同化{0}入乳头被打断
RV2_PredatorNippleAssimilateInterrupted.stages.0.description,"I tried to puff my nipple up with {1}, but they got away. Do you hate milk or something?",description,ThoughtDefs\Thoughts_Memory_Vore.xml,def,"I tried to puff my <ALIMT >nipple</ALIMT> up with <ALIMT >(PH_1)</ALIMT>, but they got away. Do you hate milk or something?","我试过喷吐乳头提升{1},但他们跑了。你讨厌牛奶还是什么？"
RV2_PreyNippleAssimilateInterrupted.stages.0.label,Escaped assimilation into nipple by {0},label,ThoughtDefs\Thoughts_Memory_Vore.xml,def,Escaped assimilation into <ALIMT >nipple</ALIMT> by <ALIMT >(PH_1)</ALIMT>,逃脱同化到乳头由{0}
RV2_PreyNippleAssimilateInterrupted.stages.0.description,{1} tried to turn me into a nipple! That's not how I want to be sucked!,description,ThoughtDefs\Thoughts_Memory_Vore.xml,def,<ALIMT >(PH_1)</ALIMT> tried to turn me into a <ALIMT >nipple</ALIMT>! That's not how I want to be sucked!,{1}试图把我变成一个乳头不!我可不想被人吮吸!
RV2_PredatorNippleConvertChemfuelSuccess.stages.0.label,Mammilly olified {0},label,ThoughtDefs\Thoughts_Memory_Vore.xml,def,Mammilly olified <ALIMT >(PH_1)</ALIMT>,乳房喷出液体（通常是乳汁）。是挤奶的前置标签。喂养{0}
RV2_PredatorNippleConvertChemfuelSuccess.stages.0.description,I unsuckled {1} and melted them into chemfuel. If only they made funnels that milked you...,description,ThoughtDefs\Thoughts_Memory_Vore.xml,def,I unsuckled <ALIMT >(PH_1)</ALIMT> and melted them into chemfuel. If only they made funnels that milked you...,我未吮吸{1}并将其熔化成化合燃料。要是能产出你的产物就更好了
RV2_PredatorNippleConvertChemfuelInterrupted.stages.0.label,Mammary olifaction of {0} interrupted,label,ThoughtDefs\Thoughts_Memory_Vore.xml,def,Mammary olifaction of <ALIMT >(PH_1)</ALIMT> interrupted,乳汁来源{0}被打断
RV2_PredatorNippleConvertChemfuelInterrupted.stages.0.description,"I tried to churn {1} down into chemfuel, but they got away. My taps are so dry...",description,ThoughtDefs\Thoughts_Memory_Vore.xml,def,"I tried to churn <ALIMT >(PH_1)</ALIMT> down into chemfuel, but they got away. My taps are so dry...",我试着搅动{1}下了化合燃料，但跑了。我的水龙头太干了...
RV2_PreyNippleConvertChemfuelInterrupted.stages.0.label,Escaped mammary olifaction by {0},label,ThoughtDefs\Thoughts_Memory_Vore.xml,def,Escaped mammary olifaction by <ALIMT >(PH_1)</ALIMT>,乳汁取出后逃脱{0}
RV2_PreyNippleConvertChemfuelInterrupted.stages.0.description,{1} tried to churn me into chemfuel! I don't want to be burned!,description,ThoughtDefs\Thoughts_Memory_Vore.xml,def,<ALIMT >(PH_1)</ALIMT> tried to churn me into chemfuel! I don't want to be burned!,{1}想让我加入化合燃料!我可不想被烧伤!
RV2_PredatorCockBladderConvertUrineSuccess.stages.0.label,Renally urified {0},label,ThoughtDefs\Thoughts_Memory_Vore.xml,def,Renally urified <ALIMT >(PH_1)</ALIMT>,具象化{0}
RV2_PredatorCockBladderConvertUrineSuccess.stages.0.description,I unsowed {1} and melted them into piss. What a shower!,description,ThoughtDefs\Thoughts_Memory_Vore.xml,def,I unsowed <ALIMT >(PH_1)</ALIMT> and melted them into piss. What a shower!,未播种{1}然后把它们融化成尿。多么好的淋浴设施!
RV2_PredatorCockBladderConvertUrineInterrupted.stages.0.label,Renal urifaction of {0} interrupted,label,ThoughtDefs\Thoughts_Memory_Vore.xml,def,Renal urifaction of <ALIMT >(PH_1)</ALIMT> interrupted,肾分裂{0}被打断
RV2_PredatorCockBladderConvertUrineInterrupted.stages.0.description,"I tried to churn {1} down into piss, but they got away. I guess I'll just drink a lot of water.",description,ThoughtDefs\Thoughts_Memory_Vore.xml,def,"I tried to churn <ALIMT >(PH_1)</ALIMT> down into piss, but they got away. I guess I'll just drink a lot of water.",我试着搅动{1}尿了，但他们逃走了。我想我还是多喝水吧。
RV2_PreyCockBladderConvertUrineInterrupted.stages.0.label,Escaped renal urifaction by {0},label,ThoughtDefs\Thoughts_Memory_Vore.xml,def,Escaped renal urifaction by <ALIMT >(PH_1)</ALIMT>,逃脱的肾脏分裂{0}
RV2_PreyCockBladderConvertUrineInterrupted.stages.0.description,{1} tried to churn me into piss! Fucking gross!,description,ThoughtDefs\Thoughts_Memory_Vore.xml,def,<ALIMT >(PH_1)</ALIMT> tried to churn me into piss! Fucking gross!,{1}想把我弄尿!太恶心了!
RV2_PredatorVaginalBladderConvertUrineSuccess.stages.0.label,Renally urified {0},label,ThoughtDefs\Thoughts_Memory_Vore.xml,def,Renally urified <ALIMT >(PH_1)</ALIMT>,具象化{0}
RV2_PredatorVaginalBladderConvertUrineSuccess.stages.0.description,I unbirthed {1} and melted them into piss. What a drizzle!,description,ThoughtDefs\Thoughts_Memory_Vore.xml,def,I unbirthed <ALIMT >(PH_1)</ALIMT> and melted them into piss. What a drizzle!,我刚出生{1}然后把它们融化成尿。真是一滴毛毛雨!
RV2_PredatorVaginalBladderConvertUrineInterrupted.stages.0.label,Renal urifaction of {0} interrupted,label,ThoughtDefs\Thoughts_Memory_Vore.xml,def,Renal urifaction of <ALIMT >(PH_1)</ALIMT> interrupted,肾分裂{0}被打断
RV2_PredatorVaginalBladderConvertUrineInterrupted.stages.0.description,"I tried to churn {1} down into piss, but they got away. I guess I'll just drink a lot of water.",description,ThoughtDefs\Thoughts_Memory_Vore.xml,def,"I tried to churn <ALIMT >(PH_1)</ALIMT> down into piss, but they got away. I guess I'll just drink a lot of water.",我试着搅动{1}尿了，但他们逃走了。我想我还是多喝水吧。
RV2_PreyVaginalBladderConvertUrineInterrupted.stages.0.label,Escaped renal urifaction by {0},label,ThoughtDefs\Thoughts_Memory_Vore.xml,def,Escaped renal urifaction by <ALIMT >(PH_1)</ALIMT>,逃脱的肾脏分裂{0}
RV2_PreyVaginalBladderConvertUrineInterrupted.stages.0.description,{1} tried to churn me into piss! Fucking gross!,description,ThoughtDefs\Thoughts_Memory_Vore.xml,def,<ALIMT >(PH_1)</ALIMT> tried to churn me into piss! Fucking gross!,{1}想把我弄尿!太恶心了!
RV2_PredatorCockBladderPleasureSuccess.stages.0.label,Unsowed {0} into bladder for pleasure,label,ThoughtDefs\Thoughts_Memory_Vore.xml,def,Unsowed <ALIMT >(PH_1)</ALIMT> into bladder for pleasure,未播种{0}因为愉悦进入膀胱
RV2_PredatorCockBladderPleasureSuccess.stages.0.description,{1} tickled my bladder from the inside! I'm still quivering...~,description,ThoughtDefs\Thoughts_Memory_Vore.xml,def,<ALIMT >(PH_1)</ALIMT> tickled my bladder from the inside! I'm still quivering...~,{1}让我的膀胱发痒!我还在颤抖... ~
RV2_PredatorCockBladderPleasureInterrupted.stages.0.label,Unsowing of {0} into bladder for pleasure interrupted,label,ThoughtDefs\Thoughts_Memory_Vore.xml,def,Unsowing of <ALIMT >(PH_1)</ALIMT> into bladder for pleasure interrupted,未播种{0}感到愉悦时进入膀胱被打断
RV2_PredatorCockBladderPleasureInterrupted.stages.0.description,"I tried to give {1} a golden bath, but we were interrupted. Can't I get just a moment to unwind?",description,ThoughtDefs\Thoughts_Memory_Vore.xml,def,"I tried to give <ALIMT >(PH_1)</ALIMT> a golden bath, but we were interrupted. Can't I get just a <ALIMT >moment</ALIMT> to unwind?",我试图给予{1}一洗金浴，但我们被打断了。我就不能得到一个瞬间放松一下？
RV2_PreyCockBladderPleasureSuccess.stages.0.label,Unsowed by {0} into bladder for pleasure,label,ThoughtDefs\Thoughts_Memory_Vore.xml,def,Unsowed by <ALIMT >(PH_1)</ALIMT> into bladder for pleasure,未播种{0}因为愉悦进入膀胱
RV2_PreyCockBladderPleasureSuccess.stages.0.description,"{1} gave me a long, warm golden bath! I'll need a proper clear shower, but it was relaxing nonetheless!",description,ThoughtDefs\Thoughts_Memory_Vore.xml,def,"<ALIMT >(PH_1)</ALIMT> gave me a long, warm golden bath! I'll need a proper clear shower, but it was relaxing nonetheless!",{1}给我洗了一个温暖的长泡金浴!我需要一个合适的淋浴，尽管如此这还是很让人放松的!
RV2_PreyCockBladderPleasureInterrupted.stages.0.label,Unsowing by {0} into bladder for bladder interrupted,label,ThoughtDefs\Thoughts_Memory_Vore.xml,def,Unsowing by <ALIMT >(PH_1)</ALIMT> into bladder for bladder interrupted,未播种{0}置入膀胱治疗中断
RV2_PreyCockBladderPleasureInterrupted.stages.0.description,"{1} tried to draw me a golden bath, but we were interrupted. I was hoping to relieve some tension in the spa...",description,ThoughtDefs\Thoughts_Memory_Vore.xml,def,"<ALIMT >(PH_1)</ALIMT> tried to draw me a golden bath, but we were interrupted. I was hoping to relieve some tension in the spa...",{1}我想洗个金浴，但被打断了。我想在温泉浴场放松一下...
RV2_PredatorVaginalBladderPleasureSuccess.stages.0.label,Unbirthed {0} into bladder for pleasure,label,ThoughtDefs\Thoughts_Memory_Vore.xml,def,Unbirthed <ALIMT >(PH_1)</ALIMT> into bladder for pleasure,未生育{0}因为愉悦进入膀胱
RV2_PredatorVaginalBladderPleasureSuccess.stages.0.description,{1} tickled my bladder from the inside! I'm still quivering...~,description,ThoughtDefs\Thoughts_Memory_Vore.xml,def,<ALIMT >(PH_1)</ALIMT> tickled my bladder from the inside! I'm still quivering...~,{1}让我的膀胱发痒!我还在颤抖... ~
RV2_PredatorVaginalBladderPleasureInterrupted.stages.0.label,Unbirthing of {0} into bladder for pleasure interrupted,label,ThoughtDefs\Thoughts_Memory_Vore.xml,def,Unbirthing of <ALIMT >(PH_1)</ALIMT> into bladder for pleasure interrupted,展开{0}感到愉悦时进入膀胱被打断
RV2_PredatorVaginalBladderPleasureInterrupted.stages.0.description,"I tried to give {1} a golden bath, but we were interrupted. Can't I get just a moment to unwind?",description,ThoughtDefs\Thoughts_Memory_Vore.xml,def,"I tried to give <ALIMT >(PH_1)</ALIMT> a golden bath, but we were interrupted. Can't I get just a <ALIMT >moment</ALIMT> to unwind?",我试图给予{1}一洗金浴，但我们被打断了。我就不能得到一个瞬间放松一下？
RV2_PreyVaginalBladderPleasureSuccess.stages.0.label,Unbirthed by {0} into bladder for pleasure,label,ThoughtDefs\Thoughts_Memory_Vore.xml,def,Unbirthed by <ALIMT >(PH_1)</ALIMT> into bladder for pleasure,未生育{0}因为愉悦进入膀胱
RV2_PreyVaginalBladderPleasureSuccess.stages.0.description,"{1} gave me a long, warm golden bath! I'll need a proper clear shower, but it was relaxing nonetheless!",description,ThoughtDefs\Thoughts_Memory_Vore.xml,def,"<ALIMT >(PH_1)</ALIMT> gave me a long, warm golden bath! I'll need a proper clear shower, but it was relaxing nonetheless!",{1}给我洗了一个温暖的长泡金浴!我需要一个合适的淋浴，尽管如此这还是很让人放松的!
RV2_PreyVaginalBladderPleasureInterrupted.stages.0.label,Unbirthing by {0} into bladder for bladder interrupted,label,ThoughtDefs\Thoughts_Memory_Vore.xml,def,Unbirthing by <ALIMT >(PH_1)</ALIMT> into bladder for bladder interrupted,展开{0}置入膀胱治疗中断
RV2_PreyVaginalBladderPleasureInterrupted.stages.0.description,"{1} tried to draw me a golden bath, but we were interrupted. I was hoping to relieve some tension in the spa...",description,ThoughtDefs\Thoughts_Memory_Vore.xml,def,"<ALIMT >(PH_1)</ALIMT> tried to draw me a golden bath, but we were interrupted. I was hoping to relieve some tension in the spa...",{1}我想洗个金浴，但被打断了。我想在温泉浴场放松一下...
RV2_PredatorCockBladderStoreEnd.stages.0.label,Released {0} from bladder-storage,label,ThoughtDefs\Thoughts_Memory_Vore.xml,def,Released <ALIMT >(PH_1)</ALIMT> from bladder-storage,已释放{0}从膀胱储存器
RV2_PredatorCockBladderStoreEnd.stages.0.description,That's a load off of my hips!,description,ThoughtDefs\Thoughts_Memory_Vore.xml,def,That's a load off of my hips!,真讨厌我!
RV2_PreyCockBladderStoreEnd.stages.0.label,Released from {0}'s bladder-storage,label,ThoughtDefs\Thoughts_Memory_Vore.xml,def,Released from <ALIMT >(PH_1)</ALIMT>'s bladder-storage,释放{0}膀胱储存器
RV2_PreyCockBladderStoreEnd.stages.0.description,It's nice to have room to stretch again.,description,ThoughtDefs\Thoughts_Memory_Vore.xml,def,It's nice to have room to stretch again.,有空间再次伸展身体真好。
RV2_PredatorVaginalBladderStoreEnd.stages.0.label,Released {0} from bladder-storage,label,ThoughtDefs\Thoughts_Memory_Vore.xml,def,Released <ALIMT >(PH_1)</ALIMT> from bladder-storage,已释放{0}从膀胱储存器
RV2_PredatorVaginalBladderStoreEnd.stages.0.description,That's a load off of my hips!,description,ThoughtDefs\Thoughts_Memory_Vore.xml,def,That's a load off of my hips!,真讨厌我!
RV2_PreyVaginalBladderStoreEnd.stages.0.label,Released from {0}'s bladder-storage,label,ThoughtDefs\Thoughts_Memory_Vore.xml,def,Released from <ALIMT >(PH_1)</ALIMT>'s bladder-storage,释放{0}膀胱储存器
RV2_PreyVaginalBladderStoreEnd.stages.0.description,It's nice to have room to stretch again.,description,ThoughtDefs\Thoughts_Memory_Vore.xml,def,It's nice to have room to stretch again.,有空间再次伸展身体真好。
RV2_PredatorCleavageAmalgamateEnd.stages.0.label,Reshaped {0} from breast-fat,label,ThoughtDefs\Thoughts_Memory_Vore.xml,def,Reshaped <ALIMT >(PH_1)</ALIMT> from <ALIMT >breast</ALIMT>-fat,重塑{0}来自乳房-肥胖
RV2_PredatorCleavageAmalgamateEnd.stages.0.description,"My breasts aren't as big, but it's a little easier to wear a shirt.",description,ThoughtDefs\Thoughts_Memory_Vore.xml,def,"My <ALIMT >breasts</ALIMT> aren't as big, but it's a little easier to wear a shirt.",我的乳房没有那么大，但是穿衬衫容易一点。
RV2_PreyCleavageAmalgamateEnd.stages.0.label,Reshaped from {0}'s breast-fat,label,ThoughtDefs\Thoughts_Memory_Vore.xml,def,Reshaped from <ALIMT >(PH_1)</ALIMT>'s <ALIMT >breast</ALIMT>-fat,重塑自{0}的乳房-肥胖
RV2_PreyCleavageAmalgamateEnd.stages.0.description,All that bouncing and tumbling...,description,ThoughtDefs\Thoughts_Memory_Vore.xml,def,All that bouncing and tumbling...,所有的弹跳和翻腾...
RV2_PredatorCleavageAssimilateSuccess.stages.0.label,Assimilated {0} into cleavage,label,ThoughtDefs\Thoughts_Memory_Vore.xml,def,Assimilated <ALIMT >(PH_1)</ALIMT> into <ALIMT >cleavage</ALIMT>,被同化{0}入乳沟
RV2_PredatorCleavageAssimilateSuccess.stages.0.description,"I stuffed {1} between my tits and absorbed them. I think your chest looks much better on me, anyways.",description,ThoughtDefs\Thoughts_Memory_Vore.xml,def,"I stuffed <ALIMT >(PH_1)</ALIMT> between my tits and absorbed them. I think your chest looks much better on me, anyways.",我把东西塞满了{1}在我的乳房间，吸收了它们。不管怎样，我觉得你的胸部在我身上看起来好多了。
RV2_PredatorCleavageAssimilateInterrupted.stages.0.label,Assimilation of {0} into cleavage interrupted,label,ThoughtDefs\Thoughts_Memory_Vore.xml,def,Assimilation of <ALIMT >(PH_1)</ALIMT> into <ALIMT >cleavage</ALIMT> interrupted,同化{0}入乳沟被打断
RV2_PredatorCleavageAssimilateInterrupted.stages.0.description,"I tried to add {1} to my tits, but they got away. Now who'll stuff my bra?",description,ThoughtDefs\Thoughts_Memory_Vore.xml,def,"I tried to add <ALIMT >(PH_1)</ALIMT> to my tits, but they got away. Now who'll stuff my <ALIMT >bra</ALIMT>?",我试图添加{1}对我来说，但他们跑了。现在谁来装填我的胸罩什么？
RV2_PreyCleavageAssimilateInterrupted.stages.0.label,Escaped assimilation into cleavage,label,ThoughtDefs\Thoughts_Memory_Vore.xml,def,Escaped assimilation into <ALIMT >cleavage</ALIMT>,逃脱同化到乳沟
RV2_PreyCleavageAssimilateInterrupted.stages.0.description,{1} tried to stuff me between their tits! Forever!,description,ThoughtDefs\Thoughts_Memory_Vore.xml,def,<ALIMT >(PH_1)</ALIMT> tried to stuff me between their tits! <ALIMT >forever</ALIMT>!,{1}想把我塞进他们奶子里!永远不!
RV2_PredatorCleavageDigestSuccess.stages.0.label,Sternally digested {0},label,ThoughtDefs\Thoughts_Memory_Vore.xml,def,Sternally digested <ALIMT >(PH_1)</ALIMT>,被消化{0}
RV2_PredatorCleavageDigestSuccess.stages.0.description,I stuffed {1} through my chesthole and gurgled 'em. Bet you thought my cleavage was safe!,description,ThoughtDefs\Thoughts_Memory_Vore.xml,def,I stuffed <ALIMT >(PH_1)</ALIMT> through my chesthole and gurgled 'em. Bet you thought my <ALIMT >cleavage</ALIMT> was safe!,我把东西塞满了{1}穿过我的炮塔，咯咯笑了起来。我打赌你认为我的乳沟很安全!
RV2_PredatorCleavageDigestInterrupted.stages.0.label,Sternal digestion of {0} interrupted,label,ThoughtDefs\Thoughts_Memory_Vore.xml,def,Sternal digestion of <ALIMT >(PH_1)</ALIMT> interrupted,胸骨消化度{0}被打断
RV2_PredatorCleavageDigestInterrupted.stages.0.description,"I tried to gurgle {1}, but they got away. *Now* what am I supposed to eat?",description,ThoughtDefs\Thoughts_Memory_Vore.xml,def,"I tried to gurgle <ALIMT >(PH_1)</ALIMT>, but they got away. *Now* what am I supposed to eat?","我试图咯咯笑{1},但他们跑了。* 现在 * 我应该吃什么？"
RV2_PreyCleavageDigestInterrupted.stages.0.label,Escaped sternal digestion,label,ThoughtDefs\Thoughts_Memory_Vore.xml,def,Escaped sternal digestion,胸骨被消化逃脱
RV2_PreyCleavageDigestInterrupted.stages.0.description,{1} tried to digest me! With their cleavage somehow...,description,ThoughtDefs\Thoughts_Memory_Vore.xml,def,<ALIMT >(PH_1)</ALIMT> tried to digest me! With their <ALIMT >cleavage</ALIMT> somehow...,{1}试图消化我!带着他们的乳沟不知怎的..
RV2_PredatorCleavagePleasureSuccess.stages.0.label,Jostled {0} in cleavage for fun,label,ThoughtDefs\Thoughts_Memory_Vore.xml,def,Jostled <ALIMT >(PH_1)</ALIMT> in <ALIMT >cleavage</ALIMT> for fun,打架{0}于乳沟为了乐趣
RV2_PredatorCleavagePleasureSuccess.stages.0.description,I stuffed {1} between my knockers for some bouncing-around.,description,ThoughtDefs\Thoughts_Memory_Vore.xml,def,I stuffed <ALIMT >(PH_1)</ALIMT> between my knockers for some bouncing-around.,我把东西塞满了{1}在我的门环之间跳脱。
RV2_PredatorCleavagePleasureInterrupted.stages.0.label,Jostling of {0} in cleavage interrupted,label,ThoughtDefs\Thoughts_Memory_Vore.xml,def,Jostling of <ALIMT >(PH_1)</ALIMT> in <ALIMT >cleavage</ALIMT> interrupted,争夺{0}于乳沟被打断
RV2_PredatorCleavagePleasureInterrupted.stages.0.description,"I tried to stuff {1} down my cleavage, but we were interrupted. Can't I get just a moment to unwind?",description,ThoughtDefs\Thoughts_Memory_Vore.xml,def,"I tried to stuff <ALIMT >(PH_1)</ALIMT> down my <ALIMT >cleavage</ALIMT>, but we were interrupted. Can't I get just a <ALIMT >moment</ALIMT> to unwind?","我试着去填充{1}丢下我的乳沟,但我们被打断了。我就不能得到一个瞬间放松一下？"
RV2_PreyCleavagePleasureSuccess.stages.0.label,Jostled by {0} in cleavage for fun,label,ThoughtDefs\Thoughts_Memory_Vore.xml,def,Jostled by <ALIMT >(PH_1)</ALIMT> in <ALIMT >cleavage</ALIMT> for fun,被{0}于乳沟为了乐趣
RV2_PreyCleavagePleasureSuccess.stages.0.description,"{1} shunted me down their cleavage! So warm, so soft...~",description,ThoughtDefs\Thoughts_Memory_Vore.xml,def,"<ALIMT >(PH_1)</ALIMT> shunted me down their <ALIMT >cleavage</ALIMT>! So warm, so soft...~",{1}把我分流至他们的乳沟不!好暖和，好柔软... ~
RV2_PreyCleavagePleasureInterrupted.stages.0.label,Jostling in cleavage by {0} interrupted,label,ThoughtDefs\Thoughts_Memory_Vore.xml,def,Jostling in <ALIMT >cleavage</ALIMT> by <ALIMT >(PH_1)</ALIMT> interrupted,挤在一起乳沟由{0}被打断
RV2_PreyCleavagePleasureInterrupted.stages.0.description,"{1} tried to stick me in their bust, but we were interrupted. How disappointing...",description,ThoughtDefs\Thoughts_Memory_Vore.xml,def,"<ALIMT >(PH_1)</ALIMT> tried to stick me in their bust, but we were interrupted. How disappointing...",{1}试图把我塞进他们的半身，但我们被打断了。多么令人失望...
RV2_PredatorCleavageStoreEnd.stages.0.label,Released {0} from boob-storage,label,ThoughtDefs\Thoughts_Memory_Vore.xml,def,Released <ALIMT >(PH_1)</ALIMT> from boob-storage,已释放{0}从胸部
RV2_PredatorCleavageStoreEnd.stages.0.description,"Oh, my back is ever so grateful!",description,ThoughtDefs\Thoughts_Memory_Vore.xml,def,"Oh, my back is ever so grateful!",噢，我的背真是感激不尽!
RV2_PreyCleavageStoreEnd.stages.0.label,Released from boob-storage inside {0},label,ThoughtDefs\Thoughts_Memory_Vore.xml,def,Released from boob-storage inside <ALIMT >(PH_1)</ALIMT>,从内部隆胸释放{0}
RV2_PreyCleavageStoreEnd.stages.0.description,It's nice to have room to stretch again.,description,ThoughtDefs\Thoughts_Memory_Vore.xml,def,It's nice to have room to stretch again.,有空间再次伸展身体真好。
RV2_PredatorMembraneDigestSuccess.stages.0.label,Engulfed and digested {0},label,ThoughtDefs\Thoughts_Memory_Vore.xml,def,Engulfed and digested <ALIMT >(PH_1)</ALIMT>,被吞噬和消化{0}
RV2_PredatorMembraneDigestSuccess.stages.0.description,I engulfed and gurgled {1}. Filling!,description,ThoughtDefs\Thoughts_Memory_Vore.xml,def,I engulfed and gurgled <ALIMT >(PH_1)</ALIMT>. Filling!,我吞食并咯咯笑{1}没有。装填!
RV2_PredatorMembraneDigestInterrupted.stages.0.label,Engulfing and digestion of {0} interrupted,label,ThoughtDefs\Thoughts_Memory_Vore.xml,def,Engulfing and digestion of <ALIMT >(PH_1)</ALIMT> interrupted,吞噬和消化{0}被打断
RV2_PredatorMembraneDigestInterrupted.stages.0.description,"I tried to engulf and gurgle {1}, but they got away. I feel so empty...",description,ThoughtDefs\Thoughts_Memory_Vore.xml,def,"I tried to engulf and gurgle <ALIMT >(PH_1)</ALIMT>, but they got away. I feel so empty...","我试图吞没和咯咯笑{1},但他们跑了。我感觉好空..."
RV2_PreyMembraneDigestInterrupted.stages.0.label,Escaped engulfment and digestion by {0},label,ThoughtDefs\Thoughts_Memory_Vore.xml,def,Escaped engulfment and digestion by <ALIMT >(PH_1)</ALIMT>,被吞噬和消化后逃脱{0}
RV2_PreyMembraneDigestInterrupted.stages.0.description,{1} tried to engulf me! And digest me! What a violation!,description,ThoughtDefs\Thoughts_Memory_Vore.xml,def,<ALIMT >(PH_1)</ALIMT> tried to engulf me! And digest me! What a violation!,{1}试图吞没我!并且消化我!多么大的违规!
RV2_PredatorMembranePleasureSuccess.stages.0.label,Engulfment-massaged {0},label,ThoughtDefs\Thoughts_Memory_Vore.xml,def,Engulfment-massaged <ALIMT >(PH_1)</ALIMT>,被吞噬{0}
RV2_PredatorMembranePleasureSuccess.stages.0.description,"I engulfed {1} for some deep, *full*-body massaging...~",description,ThoughtDefs\Thoughts_Memory_Vore.xml,def,"I engulfed <ALIMT >(PH_1)</ALIMT> for some deep, *full*-body massaging...~",我被吞没了{1}对于一些深的，* full *-body 的按摩... ~
RV2_PredatorMembranePleasureInterrupted.stages.0.label,Engulfment-massage of {0} interrupted,label,ThoughtDefs\Thoughts_Memory_Vore.xml,def,Engulfment-<ALIMT >massage</ALIMT> of <ALIMT >(PH_1)</ALIMT> interrupted,吞噬-按摩来自{0}被打断
RV2_PredatorMembranePleasureInterrupted.stages.0.description,"I tried to engulf {1} for some intimate explorations, but we were interrupted. Can't I get just a moment to unwind?",description,ThoughtDefs\Thoughts_Memory_Vore.xml,def,"I tried to engulf <ALIMT >(PH_1)</ALIMT> for some <ALIMT >intimate</ALIMT> explorations, but we were interrupted. Can't I get just a <ALIMT >moment</ALIMT> to unwind?",我试图吞噬{1}对部分人来说亲密的探险，但我们被打断了。我就不能得到一个瞬间放松一下？
RV2_PreyMembranePleasureSuccess.stages.0.label,Engulf-massaged by {0},label,ThoughtDefs\Thoughts_Memory_Vore.xml,def,Engulf-massaged by <ALIMT >(PH_1)</ALIMT>,被吞噬按摩{0}
RV2_PreyMembranePleasureSuccess.stages.0.description,{1} engulfed me for a full-body massage *and then some*!~,description,ThoughtDefs\Thoughts_Memory_Vore.xml,def,<ALIMT >(PH_1)</ALIMT> engulfed me for a full-body <ALIMT >massage</ALIMT> *and then some*!~,{1}吞噬了我全身按摩* 然后一些 *!~
RV2_PreyMembranePleasureInterrupted.stages.0.label,Engulfment-massaged by {0} interrupted,label,ThoughtDefs\Thoughts_Memory_Vore.xml,def,Engulfment-massaged by <ALIMT >(PH_1)</ALIMT> interrupted,被吞噬{0}被打断
RV2_PreyMembranePleasureInterrupted.stages.0.description,"{1} tried to engulf me for some intimate explorations, but we were interrupted. How disappointing...",description,ThoughtDefs\Thoughts_Memory_Vore.xml,def,"<ALIMT >(PH_1)</ALIMT> tried to engulf me for some <ALIMT >intimate</ALIMT> explorations, but we were interrupted. How disappointing...",{1}试图吞没我亲密的探险，但我们被打断了。多么令人失望...
RV2_PredatorMembraneStoreEnd.stages.0.label,Released {0} from internal storage,label,ThoughtDefs\Thoughts_Memory_Vore.xml,def,Released <ALIMT >(PH_1)</ALIMT> from internal storage,已释放{0}从内部仓库
RV2_PredatorMembraneStoreEnd.stages.0.description,I feel so much lighter!,description,ThoughtDefs\Thoughts_Memory_Vore.xml,def,I feel so much lighter!,我感觉轻松多了!
RV2_PreyMembraneStoreEnd.stages.0.label,Released from internal storage within {0},label,ThoughtDefs\Thoughts_Memory_Vore.xml,def,Released from internal storage within <ALIMT >(PH_1)</ALIMT>,从内部储存中释放{0}
RV2_PreyMembraneStoreEnd.stages.0.description,It's nice to have room to stretch again.,description,ThoughtDefs\Thoughts_Memory_Vore.xml,def,It's nice to have room to stretch again.,有空间再次伸展身体真好。
RV2_PredatorNavelAssimilateSuccess.stages.0.label,Assimilated {0} into navel,label,ThoughtDefs\Thoughts_Memory_Vore.xml,def,Assimilated <ALIMT >(PH_1)</ALIMT> into navel,被同化{0}进入肚脐
RV2_PredatorNavelAssimilateSuccess.stages.0.description,I assimilated {1} into my navel.,description,ThoughtDefs\Thoughts_Memory_Vore.xml,def,I assimilated <ALIMT >(PH_1)</ALIMT> into my navel.,我被同化了{1}塞进我的肚脐。
RV2_PredatorNavelAssimilateInterrupted.stages.0.label,Assimilation of {0} into navel interrupted,label,ThoughtDefs\Thoughts_Memory_Vore.xml,def,Assimilation of <ALIMT >(PH_1)</ALIMT> into navel interrupted,同化{0}进入肚脐被打断
RV2_PredatorNavelAssimilateInterrupted.stages.0.description,"I tried to assimilate {1} into my navel, but they got away. Oh, well.",description,ThoughtDefs\Thoughts_Memory_Vore.xml,def,"I tried to assimilate <ALIMT >(PH_1)</ALIMT> into my navel, but they got away. Oh, well.",我试图同化{1}塞进我的肚脐，但它们成功逃脱了。哦，好吧。
RV2_PreyNavelAssimilateInterrupted.stages.0.label,Escaped assimilation into navel by {0},label,ThoughtDefs\Thoughts_Memory_Vore.xml,def,Escaped assimilation into navel by <ALIMT >(PH_1)</ALIMT>,逃脱同化进入肚脐{0}
RV2_PreyNavelAssimilateInterrupted.stages.0.description,{1} tried to tie me into their navel! I'd rather not!,description,ThoughtDefs\Thoughts_Memory_Vore.xml,def,<ALIMT >(PH_1)</ALIMT> tried to tie me into their navel! I'd rather not!,{1}想把我拴在他们的肚脐上!我宁愿不要!
RV2_PredatorNavelAmalgamateEnd.stages.0.label,Reshaped {0} from belly-fat,label,ThoughtDefs\Thoughts_Memory_Vore.xml,def,Reshaped <ALIMT >(PH_1)</ALIMT> from belly-fat,重塑{0}腹部肥胖
RV2_PredatorNavelAmalgamateEnd.stages.0.description,"My belly isn't as big, but it's a little easier to wear a shirt.",description,ThoughtDefs\Thoughts_Memory_Vore.xml,def,"My belly isn't as big, but it's a little easier to wear a shirt.",我的肚子没那么大，但穿衬衫容易一点。
RV2_PreyNavelAmalgamateEnd.stages.0.label,Reshaped from {0}'s belly-fat,label,ThoughtDefs\Thoughts_Memory_Vore.xml,def,Reshaped from <ALIMT >(PH_1)</ALIMT>'s belly-fat,重塑自{0}非常肥胖
RV2_PreyNavelAmalgamateEnd.stages.0.description,It's nice to have room to stretch.,description,ThoughtDefs\Thoughts_Memory_Vore.xml,def,It's nice to have room to stretch.,有伸展的空间真好。
RV2_PredatorNavelDigestSuccess.stages.0.label,Umbillically digested {0},label,ThoughtDefs\Thoughts_Memory_Vore.xml,def,Umbillically digested <ALIMT >(PH_1)</ALIMT>,被婴儿消化{0}
RV2_PredatorNavelDigestSuccess.stages.0.description,I stuffed {1} through my navel and gurgled them. A satisfying meal!,description,ThoughtDefs\Thoughts_Memory_Vore.xml,def,I stuffed <ALIMT >(PH_1)</ALIMT> through my navel and gurgled them. A satisfying meal!,我把东西塞满了{1}透过我的肚脐，他们咯咯笑了。令人满意的一餐!
RV2_PredatorNavelDigestInterrupted.stages.0.label,Umbillical digestion of {0} interrupted,label,ThoughtDefs\Thoughts_Memory_Vore.xml,def,Umbillical digestion of <ALIMT >(PH_1)</ALIMT> interrupted,反刍动物消化{0}被打断
RV2_PredatorNavelDigestInterrupted.stages.0.description,"I tried to gurgle {1} behind my navel, but they got away. *Now* what am I supposed to eat?",description,ThoughtDefs\Thoughts_Memory_Vore.xml,def,"I tried to gurgle <ALIMT >(PH_1)</ALIMT> behind my navel, but they got away. *Now* what am I supposed to eat?",我试图咯咯笑{1}在我的肚脐后面，但他们逃走了。* 现在 * 我应该吃什么？
RV2_PreyNavelDigestInterrupted.stages.0.label,Escaped umbillical digestion,label,ThoughtDefs\Thoughts_Memory_Vore.xml,def,Escaped umbillical digestion,野猪消化逃脱
RV2_PreyNavelDigestInterrupted.stages.0.description,{1} tried to eat me with their navel! I'm not food!,description,ThoughtDefs\Thoughts_Memory_Vore.xml,def,<ALIMT >(PH_1)</ALIMT> tried to eat me with their navel! I'm not food!,{1}想用他们的肚脐吃我!我不是食物!
RV2_PredatorNavelPleasureSuccess.stages.0.label,Pleasured {0} in navel for fun,label,ThoughtDefs\Thoughts_Memory_Vore.xml,def,Pleasured <ALIMT >(PH_1)</ALIMT> in navel for fun,愉悦{0}在肚脐玩耍
RV2_PredatorNavelPleasureSuccess.stages.0.description,I stuffed {1} into my navel for some tight wriggling.,description,ThoughtDefs\Thoughts_Memory_Vore.xml,def,I stuffed <ALIMT >(PH_1)</ALIMT> into my navel for some tight wriggling.,我把东西塞满了{1}对着我的肚脐扭动身体。
RV2_PredatorNavelPleasureInterrupted.stages.0.label,Pleasuring of {0} in navel interrupted,label,ThoughtDefs\Thoughts_Memory_Vore.xml,def,Pleasuring of <ALIMT >(PH_1)</ALIMT> in navel interrupted,愉悦的{0}在肚脐被打断
RV2_PredatorNavelPleasureInterrupted.stages.0.description,"I tried to stuff {1} into my navel, but we were interrupted. Can't I get just a moment to unwind?",description,ThoughtDefs\Thoughts_Memory_Vore.xml,def,"I tried to stuff <ALIMT >(PH_1)</ALIMT> into my navel, but we were interrupted. Can't I get just a <ALIMT >moment</ALIMT> to unwind?",我试着去填充{1}塞进我的肚脐，但我们被打断了。我就不能得到一个瞬间放松一下？
RV2_PreyNavelPleasureSuccess.stages.0.label,Pleasured by {0} in navel for fun,label,ThoughtDefs\Thoughts_Memory_Vore.xml,def,Pleasured by <ALIMT >(PH_1)</ALIMT> in navel for fun,快乐{0}在肚脐玩耍
RV2_PreyNavelPleasureSuccess.stages.0.description,"{1} shunted me into their navel! So warm, so soft...~",description,ThoughtDefs\Thoughts_Memory_Vore.xml,def,"<ALIMT >(PH_1)</ALIMT> shunted me into their navel! So warm, so soft...~",{1}把我分流进他们的肚脐!好暖和，好柔软... ~
RV2_PreyNavelPleasureInterrupted.stages.0.label,Pleasuring in navel by {0} interrupted,label,ThoughtDefs\Thoughts_Memory_Vore.xml,def,Pleasuring in navel by <ALIMT >(PH_1)</ALIMT> interrupted,在肚脐前愉悦{0}被打断
RV2_PreyNavelPleasureInterrupted.stages.0.description,"{1} tried to stick me in their navel, but we were interrupted. How disappointing...",description,ThoughtDefs\Thoughts_Memory_Vore.xml,def,"<ALIMT >(PH_1)</ALIMT> tried to stick me in their navel, but we were interrupted. How disappointing...",{1}试图把我塞进他们的肚脐，但我们被打断了。多么令人失望...
RV2_PredatorNavelStoreEnd.stages.0.label,Released {0} from navel-storage,label,ThoughtDefs\Thoughts_Memory_Vore.xml,def,Released <ALIMT >(PH_1)</ALIMT> from navel-storage,已释放{0}从肚脐储存器
RV2_PredatorNavelStoreEnd.stages.0.description,I feel so much lighter!,description,ThoughtDefs\Thoughts_Memory_Vore.xml,def,I feel so much lighter!,我感觉轻松多了!
RV2_PreyNavelStoreEnd.stages.0.label,Released from {0}'s navel-storage,label,ThoughtDefs\Thoughts_Memory_Vore.xml,def,Released from <ALIMT >(PH_1)</ALIMT>'s navel-storage,释放{0}肚脐储存器
RV2_PreyNavelStoreEnd.stages.0.description,It's nice to have room to stretch again.,description,ThoughtDefs\Thoughts_Memory_Vore.xml,def,It's nice to have room to stretch again.,有空间再次伸展身体真好。
RV2_PredatorTailmawDigestSuccess.stages.0.label,Caudally digested {0},label,ThoughtDefs\Thoughts_Memory_Vore.xml,def,Caudally digested <ALIMT >(PH_1)</ALIMT>,被消化{0}
RV2_PredatorTailmawDigestSuccess.stages.0.description,I devoured {1} with the maw of my tail. Filling!,description,ThoughtDefs\Thoughts_Memory_Vore.xml,def,I devoured <ALIMT >(PH_1)</ALIMT> with the maw of my <ALIMT >tail</ALIMT>. Filling!,吞噬了{1}和我的主人一个突出的灵活附肢，是身体的一部分，通常从躯干的后部突出。不适用于没有腿的身体。没有。装填!
RV2_PredatorTailmawDigestInterrupted.stages.0.label,Caudal digestion of {0} interrupted,label,ThoughtDefs\Thoughts_Memory_Vore.xml,def,Caudal digestion of <ALIMT >(PH_1)</ALIMT> interrupted,消化尾数{0}被打断
RV2_PredatorTailmawDigestInterrupted.stages.0.description,"I tried to eat {1} with my tail, but they got away. *Now* what am I supposed to eat?",description,ThoughtDefs\Thoughts_Memory_Vore.xml,def,"I tried to eat <ALIMT >(PH_1)</ALIMT> with my <ALIMT >tail</ALIMT>, but they got away. *Now* what am I supposed to eat?","我试着进食{1}与我的一个突出的灵活附肢，是身体的一部分，通常从躯干的后部突出。不适用于没有腿的身体。,但他们跑了。* 现在 * 我应该吃什么？"
RV2_PreyTailmawDigestInterrupted.stages.0.label,Escaped caudal digestion,label,ThoughtDefs\Thoughts_Memory_Vore.xml,def,Escaped caudal digestion,巢穴消化尾液逃脱
RV2_PreyTailmawDigestInterrupted.stages.0.description,{1} tried to eat me with their tail! I'm not tail-food!,description,ThoughtDefs\Thoughts_Memory_Vore.xml,def,<ALIMT >(PH_1)</ALIMT> tried to eat me with their <ALIMT >tail</ALIMT>! I'm not <ALIMT >tail</ALIMT>-food!,{1}试图用他们的一个突出的灵活附肢，是身体的一部分，通常从躯干的后部突出。不适用于没有腿的身体。不!我没有一个突出的灵活附肢，是身体的一部分，通常从躯干的后部突出。不适用于没有腿的身体。-食物!
RV2_PredatorTailmawPleasureSuccess.stages.0.label,Tail-gulped {0},label,ThoughtDefs\Thoughts_Memory_Vore.xml,def,<ALIMT >tail</ALIMT>-gulped <ALIMT >(PH_1)</ALIMT>,一个突出的灵活附肢，是身体的一部分，通常从躯干的后部突出。不适用于没有腿的身体。-咽了一口{0}
RV2_PredatorTailmawPleasureSuccess.stages.0.description,I slurped {1} into my tail and ground on them for a while!,description,ThoughtDefs\Thoughts_Memory_Vore.xml,def,I slurped <ALIMT >(PH_1)</ALIMT> into my <ALIMT >tail</ALIMT> and ground on them for a while!,我咕哝着{1}走进我的一个突出的灵活附肢，是身体的一部分，通常从躯干的后部突出。不适用于没有腿的身体。在上面地面停留一段时间!
RV2_PredatorTailmawPleasureInterrupted.stages.0.label,Tail-gulping of {0} interrupted,label,ThoughtDefs\Thoughts_Memory_Vore.xml,def,<ALIMT >tail</ALIMT>-gulping of <ALIMT >(PH_1)</ALIMT> interrupted,一个突出的灵活附肢，是身体的一部分，通常从躯干的后部突出。不适用于没有腿的身体。-吞下{0}被打断
RV2_PredatorTailmawPleasureInterrupted.stages.0.description,"I tried to swallow {1} with my tail, but we were interrupted. How disappointing.",description,ThoughtDefs\Thoughts_Memory_Vore.xml,def,"I tried to swallow <ALIMT >(PH_1)</ALIMT> with my <ALIMT >tail</ALIMT>, but we were interrupted. How disappointing.","我试图吞下{1}与我的一个突出的灵活附肢，是身体的一部分，通常从躯干的后部突出。不适用于没有腿的身体。,但我们被打断了。多么令人失望。"
RV2_PreyTailmawPleasureSuccess.stages.0.label,Tail-gulped by {0},label,ThoughtDefs\Thoughts_Memory_Vore.xml,def,<ALIMT >tail</ALIMT>-gulped by <ALIMT >(PH_1)</ALIMT>,一个突出的灵活附肢，是身体的一部分，通常从躯干的后部突出。不适用于没有腿的身体。-吞下{0}
RV2_PreyTailmawPleasureSuccess.stages.0.description,{1}'s tail stole me into their tail for a while. I was so snug and vulnerable...~,description,ThoughtDefs\Thoughts_Memory_Vore.xml,def,<ALIMT >(PH_1)</ALIMT>'s <ALIMT >tail</ALIMT> stole me into their <ALIMT >tail</ALIMT> for a while. I was so snug and vulnerable...~,{1}的一个突出的灵活附肢，是身体的一部分，通常从躯干的后部突出。不适用于没有腿的身体。偷了我进他们的一个突出的灵活附肢，是身体的一部分，通常从躯干的后部突出。不适用于没有腿的身体。有一段时间了。我是如此的舒适和脆弱... ~
RV2_PreyTailmawPleasureInterrupted.stages.0.label,Tail-gulping by {0} interrupted,label,ThoughtDefs\Thoughts_Memory_Vore.xml,def,<ALIMT >tail</ALIMT>-gulping by <ALIMT >(PH_1)</ALIMT> interrupted,一个突出的灵活附肢，是身体的一部分，通常从躯干的后部突出。不适用于没有腿的身体。-吞食{0}被打断
RV2_PreyTailmawPleasureInterrupted.stages.0.description,"{1} tried to slurp me up with their tail-maw, but we were interrupted. How disappointing.",description,ThoughtDefs\Thoughts_Memory_Vore.xml,def,"<ALIMT >(PH_1)</ALIMT> tried to slurp me up with their <ALIMT >tail</ALIMT>-maw, but we were interrupted. How disappointing.","{1}试图用他们的一个突出的灵活附肢，是身体的一部分，通常从躯干的后部突出。不适用于没有腿的身体。-Ma, 但是我们被打断了.多么令人失望。"
RV2_PredatorTailmawStoreEnd.stages.0.label,Released {0} from tail-throat storage,label,ThoughtDefs\Thoughts_Memory_Vore.xml,def,Released <ALIMT >(PH_1)</ALIMT> from <ALIMT >tail</ALIMT>-throat storage,已释放{0}来自一个突出的灵活附肢，是身体的一部分，通常从躯干的后部突出。不适用于没有腿的身体。-咽喉储存器
RV2_PredatorTailmawStoreEnd.stages.0.description,My tail feels so much lighter!,description,ThoughtDefs\Thoughts_Memory_Vore.xml,def,My <ALIMT >tail</ALIMT> feels so much lighter!,我的一个突出的灵活附肢，是身体的一部分，通常从躯干的后部突出。不适用于没有腿的身体。我感觉轻松多了!
RV2_PreyTailmawStoreEnd.stages.0.label,Released from {0}'s tail-throat storage,label,ThoughtDefs\Thoughts_Memory_Vore.xml,def,Released from <ALIMT >(PH_1)</ALIMT>'s <ALIMT >tail</ALIMT>-throat storage,释放{0}的一个突出的灵活附肢，是身体的一部分，通常从躯干的后部突出。不适用于没有腿的身体。-咽喉储存器
RV2_PreyTailmawStoreEnd.stages.0.description,It's nice to have room to stretch again.,description,ThoughtDefs\Thoughts_Memory_Vore.xml,def,It's nice to have room to stretch again.,有空间再次伸展身体真好。
RV2_PredatorUdderAmalgamateEnd.stages.0.label,Reshaped {0} from teat-fat,label,ThoughtDefs\Thoughts_Memory_Vore.xml,def,Reshaped <ALIMT >(PH_1)</ALIMT> from teat-fat,重塑{0}来自奶头-肥猪
RV2_PredatorUdderAmalgamateEnd.stages.0.description,"My teat's not as puffy, but it's a little easier to walk around.",description,ThoughtDefs\Thoughts_Memory_Vore.xml,def,"My teat's not as puffy, but it's a little easier to walk around.",我的乳头没那么肿，但走动起来容易一点。
RV2_PreyUdderAmalgamateEnd.stages.0.label,Reshaped from {0}'s teat-fat,label,ThoughtDefs\Thoughts_Memory_Vore.xml,def,Reshaped from <ALIMT >(PH_1)</ALIMT>'s teat-fat,重塑自{0}非常肥胖
RV2_PreyUdderAmalgamateEnd.stages.0.description,All that tweaking and chafing...,description,ThoughtDefs\Thoughts_Memory_Vore.xml,def,All that tweaking and chafing...,所有的调整和烧伤...
RV2_PredatorUdderAssimilateSuccess.stages.0.label,Assimilated {0} into teat,label,ThoughtDefs\Thoughts_Memory_Vore.xml,def,Assimilated <ALIMT >(PH_1)</ALIMT> into teat,被同化{0}变成奶头
RV2_PredatorUdderAssimilateSuccess.stages.0.description,I puffed my teat up with {1}. So sensitive...!~,description,ThoughtDefs\Thoughts_Memory_Vore.xml,def,I puffed my teat up with <ALIMT >(PH_1)</ALIMT>. So sensitive...!~,我用{1}没有。好敏感...!~
RV2_PredatorUdderAssimilateInterrupted.stages.0.label,Assimilation of {0} into teat interrupted,label,ThoughtDefs\Thoughts_Memory_Vore.xml,def,Assimilation of <ALIMT >(PH_1)</ALIMT> into teat interrupted,同化{0}变成奶头被打断
RV2_PredatorUdderAssimilateInterrupted.stages.0.description,"I tried to puff my teat up with {1}, but they got away. Do you hate milk or something?",description,ThoughtDefs\Thoughts_Memory_Vore.xml,def,"I tried to puff my teat up with <ALIMT >(PH_1)</ALIMT>, but they got away. Do you hate milk or something?","我尝试着用{1},但他们跑了。你讨厌牛奶还是什么？"
RV2_PreyUdderAssimilateInterrupted.stages.0.label,Escaped assimilation into teat by {0},label,ThoughtDefs\Thoughts_Memory_Vore.xml,def,Escaped assimilation into teat by <ALIMT >(PH_1)</ALIMT>,逃脱同化成为 teat{0}
RV2_PreyUdderAssimilateInterrupted.stages.0.description,{1} tried to turn me into a teat on their udder! That's not how I want to be sucked!,description,ThoughtDefs\Thoughts_Memory_Vore.xml,def,<ALIMT >(PH_1)</ALIMT> tried to turn me into a teat on their udder! That's not how I want to be sucked!,{1}想把我变成他们乳房里的奶头!我可不想被人吮吸!
RV2_PredatorUdderConvertChemfuelSuccess.stages.0.label,Mammilly olified {0},label,ThoughtDefs\Thoughts_Memory_Vore.xml,def,Mammilly olified <ALIMT >(PH_1)</ALIMT>,乳房喷出液体（通常是乳汁）。是挤奶的前置标签。喂养{0}
RV2_PredatorUdderConvertChemfuelSuccess.stages.0.description,I unsuckled {1} and melted them into chemfuel. If only they made funnels that milked you...,description,ThoughtDefs\Thoughts_Memory_Vore.xml,def,I unsuckled <ALIMT >(PH_1)</ALIMT> and melted them into chemfuel. If only they made funnels that milked you...,我未吮吸{1}并将其熔化成化合燃料。要是能产出你的产物就更好了
RV2_PredatorUdderConvertChemfuelInterrupted.stages.0.label,Mammary olifaction of {0} interrupted,label,ThoughtDefs\Thoughts_Memory_Vore.xml,def,Mammary olifaction of <ALIMT >(PH_1)</ALIMT> interrupted,乳汁来源{0}被打断
RV2_PredatorUdderConvertChemfuelInterrupted.stages.0.description,"I tried to churn {1} down into chemfuel, but they got away. My taps are so dry...",description,ThoughtDefs\Thoughts_Memory_Vore.xml,def,"I tried to churn <ALIMT >(PH_1)</ALIMT> down into chemfuel, but they got away. My taps are so dry...",我试着搅动{1}下了化合燃料，但跑了。我的水龙头太干了...
RV2_PreyUdderConvertChemfuelInterrupted.stages.0.label,Escaped mammary olifaction by {0},label,ThoughtDefs\Thoughts_Memory_Vore.xml,def,Escaped mammary olifaction by <ALIMT >(PH_1)</ALIMT>,乳汁取出后逃脱{0}
RV2_PreyUdderConvertChemfuelInterrupted.stages.0.description,{1} tried to churn me into chemfuel! I don't want to be burned!,description,ThoughtDefs\Thoughts_Memory_Vore.xml,def,<ALIMT >(PH_1)</ALIMT> tried to churn me into chemfuel! I don't want to be burned!,{1}想让我加入化合燃料!我可不想被烧伤!
RV2_PredatorUdderConvertMilkSuccess.stages.0.label,Mammily lactified {0},label,ThoughtDefs\Thoughts_Memory_Vore.xml,def,Mammily lactified <ALIMT >(PH_1)</ALIMT>,哺乳动物裂解{0}
RV2_PredatorUdderConvertMilkSuccess.stages.0.description,I unsuckled {1} and melted them into milk. They made a delicious batch!,description,ThoughtDefs\Thoughts_Memory_Vore.xml,def,I unsuckled <ALIMT >(PH_1)</ALIMT> and melted them into milk. They made a delicious batch!,我未吮吸{1}并将它们融化成乳汁。他们做出了一批美味的!
RV2_PredatorUdderConvertMilkInterrupted.stages.0.label,Mammary lactifaction of {0} interrupted,label,ThoughtDefs\Thoughts_Memory_Vore.xml,def,Mammary lactifaction of <ALIMT >(PH_1)</ALIMT> interrupted,乳房喷出液体（通常是乳汁）。是挤奶的前置标签。喂养{0}被打断
RV2_PredatorUdderConvertMilkInterrupted.stages.0.description,"I tried to churn {1} down into milk, but they got away. My taps are so dry...",description,ThoughtDefs\Thoughts_Memory_Vore.xml,def,"I tried to churn <ALIMT >(PH_1)</ALIMT> down into milk, but they got away. My taps are so dry...",我试着搅动{1}进入乳汁后，它们成功逃脱了。我的水龙头太干了...
RV2_PreyUdderConvertMilkInterrupted.stages.0.label,Escaped mammary lactifaction by {0},label,ThoughtDefs\Thoughts_Memory_Vore.xml,def,Escaped mammary lactifaction by <ALIMT >(PH_1)</ALIMT>,乳汁裂解至{0}
RV2_PreyUdderConvertMilkInterrupted.stages.0.description,{1} tried to churn me into milk! I'm not an enriching source of calcium!,description,ThoughtDefs\Thoughts_Memory_Vore.xml,def,<ALIMT >(PH_1)</ALIMT> tried to churn me into milk! I'm not an enriching source of calcium!,{1}想把我搅成乳汁!我可不是补钙的来源!
RV2_PredatorUdderPleasureSuccess.stages.0.label,Unsuckled {0} as a sex-toy,label,ThoughtDefs\Thoughts_Memory_Vore.xml,def,Unsuckled <ALIMT >(PH_1)</ALIMT> as a <ALIMT >sex</ALIMT>-<ALIMT >toy</ALIMT>,未吮吸{0}作为一个sexXtoy
RV2_PredatorUdderPleasureSuccess.stages.0.description,{1} massaged my tit from the inside-out! They should bring a friend or two next time...~,description,ThoughtDefs\Thoughts_Memory_Vore.xml,def,<ALIMT >(PH_1)</ALIMT> massaged my tit from the inside-out! They should bring a friend or two next time...~,{1}从里到外给我的乳头按摩了!他们下次应该会带一两个朋友来... ~
RV2_PredatorUdderPleasureInterrupted.stages.0.label,Unsuckling of {0} as a sex-toy interrupted,label,ThoughtDefs\Thoughts_Memory_Vore.xml,def,Unsuckling of <ALIMT >(PH_1)</ALIMT> as a <ALIMT >sex</ALIMT>-<ALIMT >toy</ALIMT> interrupted,未吮吸的{0}作为一个sexXtoy被打断
RV2_PredatorUdderPleasureInterrupted.stages.0.description,"I tried to give {1} a milk-bath, but we were interrupted. Can't I get just a moment to unwind?",description,ThoughtDefs\Thoughts_Memory_Vore.xml,def,"I tried to give <ALIMT >(PH_1)</ALIMT> a milk-bath, but we were interrupted. Can't I get just a <ALIMT >moment</ALIMT> to unwind?",我试图给予{1}洗了牛奶浴，但我们被打断了。我就不能得到一个瞬间放松一下？
RV2_PreyUdderPleasureSuccess.stages.0.label,Unsuckled by {0} as a sex-toy,label,ThoughtDefs\Thoughts_Memory_Vore.xml,def,Unsuckled by <ALIMT >(PH_1)</ALIMT> as a <ALIMT >sex</ALIMT>-<ALIMT >toy</ALIMT>,被吸食{0}作为一个sexXtoy
RV2_PreyUdderPleasureSuccess.stages.0.description,"{1} gave me a long, warm bath in their milk, right where it gets made! I feel revitalized!",description,ThoughtDefs\Thoughts_Memory_Vore.xml,def,"<ALIMT >(PH_1)</ALIMT> gave me a long, warm bath in their milk, right where it gets made! I feel revitalized!",{1}在他们的乳房喷出液体（通常是乳汁）。是挤奶的前置标签。中给我洗了一个长而温暖的浴缸，就在它被制造的地方!我感觉精力充沛了!
RV2_PreyUdderPleasureInterrupted.stages.0.label,Unsuckling by {0} as a sex-toy interrupted,label,ThoughtDefs\Thoughts_Memory_Vore.xml,def,Unsuckling by <ALIMT >(PH_1)</ALIMT> as a <ALIMT >sex</ALIMT>-<ALIMT >toy</ALIMT> interrupted,被吸食{0}作为一个sexXtoy被打断
RV2_PreyUdderPleasureInterrupted.stages.0.description,"{1} tried to draw me a milk-bath, but we were interrupted. I was hoping to relieve some tension in the spa...",description,ThoughtDefs\Thoughts_Memory_Vore.xml,def,"<ALIMT >(PH_1)</ALIMT> tried to draw me a milk-bath, but we were interrupted. I was hoping to relieve some tension in the spa...",{1}我想洗个奶浴，但被打断了。我想在温泉浴场放松一下...
RV2_PredatorUdderStoreEnd.stages.0.label,Released {0} from breast-storage,label,ThoughtDefs\Thoughts_Memory_Vore.xml,def,Released <ALIMT >(PH_1)</ALIMT> from <ALIMT >breast</ALIMT>-storage,已释放{0}来自乳房-储存区
RV2_PredatorUdderStoreEnd.stages.0.description,"Oh, my back is ever so grateful!",description,ThoughtDefs\Thoughts_Memory_Vore.xml,def,"Oh, my back is ever so grateful!",噢，我的背真是感激不尽!
RV2_PreyUdderStoreEnd.stages.0.label,Released from {0}'s breast-storage,label,ThoughtDefs\Thoughts_Memory_Vore.xml,def,Released from <ALIMT >(PH_1)</ALIMT>'s <ALIMT >breast</ALIMT>-storage,释放{0}的乳房-储存区
RV2_PreyUdderStoreEnd.stages.0.description,It's nice to have room to stretch again.,description,ThoughtDefs\Thoughts_Memory_Vore.xml,def,It's nice to have room to stretch again.,有空间再次伸展身体真好。
RV2_GoalPreferenceMatch_Assimilate_Prey.stages.0.label,pawn with meld-wish likes driven assimilator,label,ThoughtDefs\Thoughts_Situation_Social_Vore_Quirks.xml,def,<ALIMT >(PH_1)</ALIMT> with meld-wish likes driven assimilator,pawn拥有融合意像驱动的同化器
RV2_GoalPreferenceMatch_Assimilate_Predator.stages.0.label,driven assimilator likes pawn with meld-wish,label,ThoughtDefs\Thoughts_Situation_Social_Vore_Quirks.xml,def,driven assimilator likes <ALIMT >(PH_1)</ALIMT> with meld-wish,驱动的同化者喜好pawn伴随着融合意像
RV2_GoalPreferenceMatch_Amalgamate_Prey.stages.0.label,pawn with pad-wish likes melangist hoarder,label,ThoughtDefs\Thoughts_Situation_Social_Vore_Quirks.xml,def,<ALIMT >(PH_1)</ALIMT> with pad-wish likes melangist hoarder,pawn拥有类似「垫愿」的收集者
RV2_GoalPreferenceMatch_Amalgamate_Predator.stages.0.label,melangist hoarder prey likes pawn with pad-wish,label,ThoughtDefs\Thoughts_Situation_Social_Vore_Quirks.xml,def,melangist hoarder prey likes <ALIMT >(PH_1)</ALIMT> with pad-wish,梅兰吉派殖民者喜欢捕食pawn带垫愿
RV2_TypePreferenceMatch_Cleavage_Prey.stages.0.label,fissurist prey likes fissurist pred,label,ThoughtDefs\Thoughts_Situation_Social_Vore_Quirks.xml,def,fissurist prey likes fissurist pred,Fissurist 猎物喜欢 fissurist pred
RV2_TypePreferenceMatch_Cleavage_Predator.stages.0.label,fissurist pred likes fissurist prey,label,ThoughtDefs\Thoughts_Situation_Social_Vore_Quirks.xml,def,fissurist pred likes fissurist prey,Fissurist pred 喜欢 fissurist 的猎物
RV2_TypePreferenceMatch_Membrane_Prey.stages.0.label,dermacist prey likes dermacist pred,label,ThoughtDefs\Thoughts_Situation_Social_Vore_Quirks.xml,def,dermacist prey likes dermacist pred,Dermacist 猎物喜欢 dermacist pred
RV2_TypePreferenceMatch_Membrane_Predator.stages.0.label,dermacist pred likes dermacist prey,label,ThoughtDefs\Thoughts_Situation_Social_Vore_Quirks.xml,def,dermacist pred likes dermacist prey,Dermacist pred 喜欢 dermacist 猎物
RV2_TypePreferenceMatch_Navel_Prey.stages.0.label,umbilicist prey likes umbilicist pred,label,ThoughtDefs\Thoughts_Situation_Social_Vore_Quirks.xml,def,umbilicist prey likes umbilicist pred,脐带主义猎物喜欢脐带主义 pred
RV2_TypePreferenceMatch_Navel_Predator.stages.0.label,umbilicist pred likes umbilicist prey,label,ThoughtDefs\Thoughts_Situation_Social_Vore_Quirks.xml,def,umbilicist pred likes umbilicist prey,脐带 pred 喜欢脐带猎物
RV2_TypePreferenceMatch_Tailmaw_Prey.stages.0.label,caudalist prey likes caudalist pred,label,ThoughtDefs\Thoughts_Situation_Social_Vore_Quirks.xml,def,caudalist prey likes caudalist pred,尾乘动物猎物喜欢尾乘动物
RV2_TypePreferenceMatch_Tailmaw_Predator.stages.0.label,caudalist pred likes caudalist prey,label,ThoughtDefs\Thoughts_Situation_Social_Vore_Quirks.xml,def,caudalist pred likes caudalist prey,尾母首领喜欢尾母猎物
RV2_TypePreferenceMatch_Udder_Prey.stages.0.label,uberist prey likes uberist pred,label,ThoughtDefs\Thoughts_Situation_Social_Vore_Quirks.xml,def,uberist prey likes uberist pred,乐观的猎物喜欢乐观的猎物
RV2_TypePreferenceMatch_Udder_Predator.stages.0.label,uberist pred likes uberist prey,label,ThoughtDefs\Thoughts_Situation_Social_Vore_Quirks.xml,def,uberist pred likes uberist prey,乐观的动物首领喜欢乐观的猎物
RV2_PreyInAnusAmalgamating.stages.0.label,One prey amalgamated into ass-fat,label,ThoughtDefs\Thoughts_Situation_Vore.xml,def,One prey amalgamated into <ALIMT >ass</ALIMT>-fat,一只猎物混入屁股-肥胖
RV2_PreyInAnusAmalgamating.stages.0.description,Every seat's just a slight bit softer now.,description,ThoughtDefs\Thoughts_Situation_Vore.xml,def,Every seat's just a slight bit softer now.,现在每个座位都稍微软了一点。
RV2_PreyInAnusAmalgamating.stages.1.label,Two prey amalgamated into ass-fat,label,ThoughtDefs\Thoughts_Situation_Vore.xml,def,Two prey amalgamated into <ALIMT >ass</ALIMT>-fat,两只猎物合并成屁股-肥胖
RV2_PreyInAnusAmalgamating.stages.1.description,Padding for each cheek!,description,ThoughtDefs\Thoughts_Situation_Vore.xml,def,Padding for each cheek!,填充每一侧面颊!
RV2_PreyInAnusAmalgamating.stages.2.label,Three prey amalgamated into ass-fat,label,ThoughtDefs\Thoughts_Situation_Vore.xml,def,Three prey amalgamated into <ALIMT >ass</ALIMT>-fat,三名猎物混入屁股-肥胖
RV2_PreyInAnusAmalgamating.stages.2.description,You're gonna make me so round and soft!,description,ThoughtDefs\Thoughts_Situation_Vore.xml,def,You're gonna make me so round and soft!,你让我变得又圆又软!
RV2_PreyInAnusAmalgamating.stages.3.label,Several prey amalgamated into ass-fat,label,ThoughtDefs\Thoughts_Situation_Vore.xml,def,Several prey amalgamated into <ALIMT >ass</ALIMT>-fat,数个猎物混入屁股-肥胖
RV2_PreyInAnusAmalgamating.stages.3.description,I can sit anywhere! I have the most comfortable ass in the world!,description,ThoughtDefs\Thoughts_Situation_Vore.xml,def,I can sit anywhere! I have the most comfortable <ALIMT >ass</ALIMT> in the world!,我可以坐在任何地方!我拥有最舒适的屁股在世界上!
RV2_PreyInAnusAssimilating.stages.0.label,Assimilating prey into ass-fat,label,ThoughtDefs\Thoughts_Situation_Vore.xml,def,Assimilating prey into <ALIMT >ass</ALIMT>-fat,正在将猎物同化屁股-肥胖
RV2_PreyInAnusAssimilating.stages.0.description,Enjoy padding my butt!,description,ThoughtDefs\Thoughts_Situation_Vore.xml,def,Enjoy padding my butt!,享受填充我的屁股!
RV2_PreyInAnusAssimilating.stages.1.label,Assimilating two prey into ass-fat,label,ThoughtDefs\Thoughts_Situation_Vore.xml,def,Assimilating two prey into <ALIMT >ass</ALIMT>-fat,将两个猎物同化屁股-肥胖
RV2_PreyInAnusAssimilating.stages.1.description,Padding for each cheek!,description,ThoughtDefs\Thoughts_Situation_Vore.xml,def,Padding for each cheek!,填充每一侧面颊!
RV2_PreyInAnusAssimilating.stages.2.label,Assimilating three prey into ass-fat,label,ThoughtDefs\Thoughts_Situation_Vore.xml,def,Assimilating three prey into <ALIMT >ass</ALIMT>-fat,将三名猎物同化屁股-肥胖
RV2_PreyInAnusAssimilating.stages.2.description,You're gonna make me so round and soft!,description,ThoughtDefs\Thoughts_Situation_Vore.xml,def,You're gonna make me so round and soft!,你让我变得又圆又软!
RV2_PreyInAnusAssimilating.stages.3.label,Assimilating several prey into ass-fat,label,ThoughtDefs\Thoughts_Situation_Vore.xml,def,Assimilating several prey into <ALIMT >ass</ALIMT>-fat,多个猎物被吸收屁股-肥胖
RV2_PreyInAnusAssimilating.stages.3.description,Yes! Worship my derriere--and join it!,description,ThoughtDefs\Thoughts_Situation_Vore.xml,def,Yes! Worship my derriere--and join it!,是的!崇拜我的臀部 -- 并加入它!
RV2_PreyInAnusContacting.stages.0.label,Pre-absorption anal pleasure,label,ThoughtDefs\Thoughts_Situation_Vore.xml,def,Pre-absorption <ALIMT >anal</ALIMT> pleasure,预吸收肛门愉悦
RV2_PreyInAnusContacting.stages.0.description,Who says I can't play with my cheek-padder before I absorb them?,description,ThoughtDefs\Thoughts_Situation_Vore.xml,def,Who says I can't play with my cheek-padder before I absorb them?,谁说我不能在吸收面巾纸之前玩弄它们？
RV2_PreyInAnusContacting.stages.1.label,Pre-absorption anal pleasure,label,ThoughtDefs\Thoughts_Situation_Vore.xml,def,Pre-absorption <ALIMT >anal</ALIMT> pleasure,预吸收肛门愉悦
RV2_PreyInAnusContacting.stages.1.description,Everyone's competing for the attentions of my pucker...~,description,ThoughtDefs\Thoughts_Situation_Vore.xml,def,Everyone's competing for the attentions of my pucker...~,每个人都在争夺我那 pucpuc的注意... ~
RV2_PreyInAnusLoosening.stages.0.label,Loosening up to absorb prey into ass,label,ThoughtDefs\Thoughts_Situation_Vore.xml,def,Loosening up to absorb prey into <ALIMT >ass</ALIMT>,松动以将猎物吸收入屁股
RV2_PreyInAnusLoosening.stages.0.description,That's it... Deeper...~,description,ThoughtDefs\Thoughts_Situation_Vore.xml,def,That's it... Deeper...~,就这样...更深... ~
RV2_PreyInAnusLoosening.stages.1.label,Loosening up to absorb multiple prey into ass,label,ThoughtDefs\Thoughts_Situation_Vore.xml,def,Loosening up to absorb multiple prey into <ALIMT >ass</ALIMT>,松懈以吸收多个猎物屁股
RV2_PreyInAnusLoosening.stages.1.description,There's plenty of room for everyone...~,description,ThoughtDefs\Thoughts_Situation_Vore.xml,def,There's plenty of room for everyone...~,每个人都有足够的空间... ~
RV2_PreyInAnusPurging.stages.0.label,Purging remains from ass-fat,label,ThoughtDefs\Thoughts_Situation_Vore.xml,def,Purging remains from <ALIMT >ass</ALIMT>-fat,正在清理残骸屁股-肥胖
RV2_PreyInAnusPurging.stages.0.description,Gotta work the air out!,description,ThoughtDefs\Thoughts_Situation_Vore.xml,def,Gotta work the air out!,我得去吹气!
RV2_PreyInAnusPurging.stages.1.label,Purging multiple remains from ass-fat,label,ThoughtDefs\Thoughts_Situation_Vore.xml,def,Purging multiple remains from <ALIMT >ass</ALIMT>-fat,正在清理多个残骸屁股-肥胖
RV2_PreyInAnusPurging.stages.1.description,I'll be playing this trumpet for a while...,description,ThoughtDefs\Thoughts_Situation_Vore.xml,def,I'll be playing this trumpet for a while...,我会弹一段时间的小号
RV2_PreyInAnusReshaping.stages.0.label,Reshaping prey from ass-fat,label,ThoughtDefs\Thoughts_Situation_Vore.xml,def,Reshaping prey from <ALIMT >ass</ALIMT>-fat,重塑猎物屁股-肥胖
RV2_PreyInAnusReshaping.stages.0.description,I'll miss this padding...,description,ThoughtDefs\Thoughts_Situation_Vore.xml,def,I'll miss this padding...,我会想念这个衬垫的...
RV2_PreyInAnusReshaping.stages.1.label,Reshaping multiple prey from ass-fat,label,ThoughtDefs\Thoughts_Situation_Vore.xml,def,Reshaping multiple prey from <ALIMT >ass</ALIMT>-fat,重塑多个猎物屁股-肥胖
RV2_PreyInAnusReshaping.stages.1.description,I don't wanna be flat again!,description,ThoughtDefs\Thoughts_Situation_Vore.xml,def,I don't wanna be flat again!,我不想再次变成平原!
RV2_PreyInBladderPassing.stages.0.label,Passing prey through bladder,label,ThoughtDefs\Thoughts_Situation_Vore.xml,def,Passing prey through bladder,通过膀胱传递猎物
RV2_PreyInBladderPassing.stages.0.description,You're not stopping here!,description,ThoughtDefs\Thoughts_Situation_Vore.xml,def,You're not stopping here!,你不能停在这!
RV2_PreyInBladderPassing.stages.1.label,Passing two prey through bladder,label,ThoughtDefs\Thoughts_Situation_Vore.xml,def,Passing two prey through bladder,通过两个猎物
RV2_PreyInBladderPassing.stages.1.description,You're not stopping here!,description,ThoughtDefs\Thoughts_Situation_Vore.xml,def,You're not stopping here!,你不能停在这!
RV2_PreyInBladderPassing.stages.2.label,Passing three prey through bladder,label,ThoughtDefs\Thoughts_Situation_Vore.xml,def,Passing three prey through bladder,通过三个猎物
RV2_PreyInBladderPassing.stages.2.description,You're not stopping here!,description,ThoughtDefs\Thoughts_Situation_Vore.xml,def,You're not stopping here!,你不能停在这!
RV2_PreyInBladderPassing.stages.3.label,Passing several prey through bladder,label,ThoughtDefs\Thoughts_Situation_Vore.xml,def,Passing several prey through bladder,通过膀胱传送几只猎物
RV2_PreyInBladderPassing.stages.3.description,You're not stopping here!,description,ThoughtDefs\Thoughts_Situation_Vore.xml,def,You're not stopping here!,你不能停在这!
RV2_PreyInBladderPleasuring.stages.0.label,Pleasuring prey in bladder,label,ThoughtDefs\Thoughts_Situation_Vore.xml,def,Pleasuring prey in bladder,令人愉悦的膀胱猎物
RV2_PreyInBladderPleasuring.stages.0.description,"Hey, that tickles!",description,ThoughtDefs\Thoughts_Situation_Vore.xml,def,"Hey, that tickles!",嘿，好痒!
RV2_PreyInBladderPleasuring.stages.1.label,Pleasuring two prey in bladder,label,ThoughtDefs\Thoughts_Situation_Vore.xml,def,Pleasuring two prey in bladder,取悦膀胱里的两个猎物
RV2_PreyInBladderPleasuring.stages.1.description,It's like I'm full of butterflies!~,description,ThoughtDefs\Thoughts_Situation_Vore.xml,def,It's like I'm full of butterflies!~,就好像我满脑子都是蝴蝶一样!~
RV2_PreyInBladderPleasuring.stages.2.label,Pleasuring three prey in bladder,label,ThoughtDefs\Thoughts_Situation_Vore.xml,def,Pleasuring three prey in bladder,取悦膀胱里的三个猎物
RV2_PreyInBladderPleasuring.stages.2.description,Careful now! You don't want me letting you out early!,description,ThoughtDefs\Thoughts_Situation_Vore.xml,def,Careful now! You don't want me letting you out early!,当心了!你不希望我让你早点出去!
RV2_PreyInBladderPleasuring.stages.3.label,Pleasuring several prey in bladder,label,ThoughtDefs\Thoughts_Situation_Vore.xml,def,Pleasuring several prey in bladder,愉悦膀胱内的猎物
RV2_PreyInBladderPleasuring.stages.3.description,I don't know how much longer I can keep them in there!,description,ThoughtDefs\Thoughts_Situation_Vore.xml,def,I don't know how much longer I can keep them in there!,我不知道我能把他们关在里面多久!
RV2_PreyInBladderStoring.stages.0.label,One prey stored in bladder,label,ThoughtDefs\Thoughts_Situation_Vore.xml,def,One prey stored in bladder,一个猎物储存在膀胱内
RV2_PreyInBladderStoring.stages.0.description,Sit tight!,description,ThoughtDefs\Thoughts_Situation_Vore.xml,def,Sit tight!,坐好!
RV2_PreyInBladderStoring.stages.1.label,Two prey stored in bladder,label,ThoughtDefs\Thoughts_Situation_Vore.xml,def,Two prey stored in bladder,膀胱内储存两个猎物
RV2_PreyInBladderStoring.stages.1.description,Just gotta clench to keep them still.,description,ThoughtDefs\Thoughts_Situation_Vore.xml,def,Just gotta clench to keep them still.,只要紧咬着让他们安静就行了。
RV2_PreyInBladderStoring.stages.2.label,Three prey stored in bladder,label,ThoughtDefs\Thoughts_Situation_Vore.xml,def,Three prey stored in bladder,膀胱内储存三名猎物
RV2_PreyInBladderStoring.stages.2.description,Feeling a little bloated...,description,ThoughtDefs\Thoughts_Situation_Vore.xml,def,Feeling a little bloated...,感觉有点臃肿...
RV2_PreyInBladderStoring.stages.3.label,Several prey stored in bladder,label,ThoughtDefs\Thoughts_Situation_Vore.xml,def,Several prey stored in bladder,有数只猎物储存在膀胱内
RV2_PreyInBladderStoring.stages.3.description,I think I've gotten used to feeling like I need to pee at all times.,description,ThoughtDefs\Thoughts_Situation_Vore.xml,def,I think I've gotten used to feeling like I need to pee at all times.,我想我已经习惯了一直想撒尿。
RV2_PreyInBladderWarming.stages.0.label,Warming up bladder for prey,label,ThoughtDefs\Thoughts_Situation_Vore.xml,def,Warming up bladder for prey,为猎物预热膀胱
RV2_PreyInBladderWarming.stages.0.description,"Oh, the plans I have for you!",description,ThoughtDefs\Thoughts_Situation_Vore.xml,def,"Oh, the plans I have for you!",哦，我为你准备的计划!
RV2_PreyInBladderWarming.stages.1.label,Warming up bladder for multiple prey,label,ThoughtDefs\Thoughts_Situation_Vore.xml,def,Warming up bladder for multiple prey,为多个猎物预热膀胱
RV2_PreyInBladderWarming.stages.1.description,"Oh, the plans I have for you!",description,ThoughtDefs\Thoughts_Situation_Vore.xml,def,"Oh, the plans I have for you!",哦，我为你准备的计划!
RV2_PreyInBreastsAmalgamating.stages.0.label,One prey amalgamated into breast-fat,label,ThoughtDefs\Thoughts_Situation_Vore.xml,def,One prey amalgamated into <ALIMT >breast</ALIMT>-fat,一只猎物混入乳房-肥胖
RV2_PreyInBreastsAmalgamating.stages.0.description,A little bit more jiggle in every step!,description,ThoughtDefs\Thoughts_Situation_Vore.xml,def,A little bit more jiggle in every step!,每走一步都稍微有点摇晃!
RV2_PreyInBreastsAmalgamating.stages.1.label,Two prey amalgamated into breast-fat,label,ThoughtDefs\Thoughts_Situation_Vore.xml,def,Two prey amalgamated into <ALIMT >breast</ALIMT>-fat,两只猎物合并成乳房-肥胖
RV2_PreyInBreastsAmalgamating.stages.1.description,One in each tit!,description,ThoughtDefs\Thoughts_Situation_Vore.xml,def,One in each tit!,每只山雀中一个!
RV2_PreyInBreastsAmalgamating.stages.2.label,Three prey amalgamated into breast-fat,label,ThoughtDefs\Thoughts_Situation_Vore.xml,def,Three prey amalgamated into <ALIMT >breast</ALIMT>-fat,三名猎物混入乳房-肥胖
RV2_PreyInBreastsAmalgamating.stages.2.description,You're all so very worth the extra strain on my back!,description,ThoughtDefs\Thoughts_Situation_Vore.xml,def,You're all so very worth the extra strain on my back!,你们都值得我背上这些额外的压力!
RV2_PreyInBreastsAmalgamating.stages.3.label,Several prey amalgamated into breast-fat,label,ThoughtDefs\Thoughts_Situation_Vore.xml,def,Several prey amalgamated into <ALIMT >breast</ALIMT>-fat,数个猎物混入乳房-肥胖
RV2_PreyInBreastsAmalgamating.stages.3.description,I could knock a wall down with these!,description,ThoughtDefs\Thoughts_Situation_Vore.xml,def,I could knock a wall down with these!,我可以用这些来拆掉一堵墙!
RV2_PreyInBreastsAssimilating.stages.0.label,Assimilating prey into breast-fat,label,ThoughtDefs\Thoughts_Situation_Vore.xml,def,Assimilating prey into <ALIMT >breast</ALIMT>-fat,正在将猎物同化乳房-肥胖
RV2_PreyInBreastsAssimilating.stages.0.description,Enjoy padding my boobs!,description,ThoughtDefs\Thoughts_Situation_Vore.xml,def,Enjoy padding my boobs!,享受填充我的胸部!
RV2_PreyInBreastsAssimilating.stages.1.label,Assimilating two prey into breast-fat,label,ThoughtDefs\Thoughts_Situation_Vore.xml,def,Assimilating two prey into <ALIMT >breast</ALIMT>-fat,将两个猎物同化乳房-肥胖
RV2_PreyInBreastsAssimilating.stages.1.description,One for each tit!,description,ThoughtDefs\Thoughts_Situation_Vore.xml,def,One for each tit!,每只山雀对应一个!
RV2_PreyInBreastsAssimilating.stages.2.label,Assimilating three prey into breast-fat,label,ThoughtDefs\Thoughts_Situation_Vore.xml,def,Assimilating three prey into <ALIMT >breast</ALIMT>-fat,将三名猎物同化乳房-肥胖
RV2_PreyInBreastsAssimilating.stages.2.description,You're gonna make me so top-heavy!,description,ThoughtDefs\Thoughts_Situation_Vore.xml,def,You're gonna make me so top-heavy!,你要让我头昏脑胀的!
RV2_PreyInBreastsAssimilating.stages.3.label,Assimilating several prey into breast-fat,label,ThoughtDefs\Thoughts_Situation_Vore.xml,def,Assimilating several prey into <ALIMT >breast</ALIMT>-fat,多个猎物被吸收乳房-肥胖
RV2_PreyInBreastsAssimilating.stages.3.description,Any one else wanna baloon my bosom? Don't be shy!,description,ThoughtDefs\Thoughts_Situation_Vore.xml,def,Any one else wanna baloon my bosom? Don't be shy!,还有谁想轰炸我的胸口吗？不要害羞!
RV2_PreyInBreastsConvertingChemfuel.stages.0.label,Olifying prey in breast,label,ThoughtDefs\Thoughts_Situation_Vore.xml,def,Olifying prey in <ALIMT >breast</ALIMT>,正在将猎物氧化乳房
RV2_PreyInBreastsConvertingChemfuel.stages.0.description,Is this gentle burn what boomalopes feel? It's like they slurped down some mild peppers...,description,ThoughtDefs\Thoughts_Situation_Vore.xml,def,Is this gentle burn what boomalopes feel? It's like they slurped down some mild peppers...,这是爆炸象的感觉吗？就像他们口吃了一些温和的胡椒.
RV2_PreyInBreastsConvertingChemfuel.stages.1.label,Olifying two prey in breasts,label,ThoughtDefs\Thoughts_Situation_Vore.xml,def,Olifying two prey in <ALIMT >breasts</ALIMT>,正在对两个猎物进行饥饿乳房
RV2_PreyInBreastsConvertingChemfuel.stages.1.description,"I suppose udders don't have the same symmetry problems. Woof, that's some heat!",description,ThoughtDefs\Thoughts_Situation_Vore.xml,def,"I suppose udders don't have the same symmetry problems. Woof, that's some heat!",我想 uders 没有相同的对称问题。哇哦，有点热!
RV2_PreyInBreastsConvertingChemfuel.stages.2.label,Olifying three prey in breasts,label,ThoughtDefs\Thoughts_Situation_Vore.xml,def,Olifying three prey in <ALIMT >breasts</ALIMT>,宰杀三名猎物乳房
RV2_PreyInBreastsConvertingChemfuel.stages.2.description,Hell--oh hell! This has to be way better than being a boomalope!,description,ThoughtDefs\Thoughts_Situation_Vore.xml,def,<ALIMT >hell</ALIMT>--oh <ALIMT >hell</ALIMT>! This has to be way better than being a boomalope!,地狱-- 哦地狱不!这一定比成为一个爆炸羊要好得多!
RV2_PreyInBreastsConvertingChemfuel.stages.3.label,Olifying several prey in breasts,label,ThoughtDefs\Thoughts_Situation_Vore.xml,def,Olifying several prey in <ALIMT >breasts</ALIMT>,宰杀数个猎物乳房
RV2_PreyInBreastsConvertingChemfuel.stages.3.description,"Oh, baby, I'm burning so good! This oughta keep the generators burning for weeks!",description,ThoughtDefs\Thoughts_Situation_Vore.xml,def,"Oh, baby, I'm burning so good! This oughta keep the generators burning for weeks!",哦，宝贝，我好疼!这应该让发电机燃烧数周!
RV2_PreyInBreastsDissolvingChemfuel.stages.0.label,Dissolving live prey into chem-milk,label,ThoughtDefs\Thoughts_Situation_Vore.xml,def,Dissolving live prey into chem-milk,将活着的猎物溶解成乳房喷出液体（通常是乳汁）。是挤奶的前置标签。
RV2_PreyInBreastsDissolvingChemfuel.stages.0.description,"Pretty slippery in there, isn't it? Can't keep upright?",description,ThoughtDefs\Thoughts_Situation_Vore.xml,def,"Pretty slippery in there, isn't it? Can't keep upright?",非常滑，不是吗？无法保持直立？
RV2_PreyInBreastsDissolvingChemfuel.stages.1.label,Dissolving two live prey into chem-milk,label,ThoughtDefs\Thoughts_Situation_Vore.xml,def,Dissolving two live prey into chem-milk,将两个活着的猎物溶解进乳房喷出液体（通常是乳汁）。是挤奶的前置标签。中
RV2_PreyInBreastsDissolvingChemfuel.stages.1.description,"Don't worry, you two won't slide out.",description,ThoughtDefs\Thoughts_Situation_Vore.xml,def,"Don't worry, you two won't slide out.",别担心，你们两个不会滑出去的。
RV2_PreyInBreastsDissolvingChemfuel.stages.2.label,Dissolving three live prey into chem-milk,label,ThoughtDefs\Thoughts_Situation_Vore.xml,def,Dissolving three live prey into chem-milk,将三名活着的猎物溶解进乳房喷出液体（通常是乳汁）。是挤奶的前置标签。中
RV2_PreyInBreastsDissolvingChemfuel.stages.2.description,Starting to get tight enough y'all don't slide around.,description,ThoughtDefs\Thoughts_Situation_Vore.xml,def,Starting to get tight enough y'all don't slide around.,开始变得足够紧，不要四处滑动。
RV2_PreyInBreastsDissolvingChemfuel.stages.3.label,Dissolving several live prey into chem-milk,label,ThoughtDefs\Thoughts_Situation_Vore.xml,def,Dissolving several live prey into chem-milk,将多只活着的猎物溶解进乳房喷出液体（通常是乳汁）。是挤奶的前置标签。中
RV2_PreyInBreastsDissolvingChemfuel.stages.3.description,Think how much more valuable you'll all be as oil!,description,ThoughtDefs\Thoughts_Situation_Vore.xml,def,Think how much more valuable you'll all be as oil!,想想你们所有人作为石油的价值会有多大!
RV2_PreyInBreastsMushingChemfuel.stages.0.label,Breaking down prey into chem-milk,label,ThoughtDefs\Thoughts_Situation_Vore.xml,def,Breaking down prey into chem-milk,将猎物分解成乳房喷出液体（通常是乳汁）。是挤奶的前置标签。
RV2_PreyInBreastsMushingChemfuel.stages.0.description,Stopped trying to fight the slickness already?,description,ThoughtDefs\Thoughts_Situation_Vore.xml,def,Stopped trying to fight the slickness already?,你已经不再尝试用马术了？
RV2_PreyInBreastsMushingChemfuel.stages.1.label,Breaking down two prey into chem-milk,label,ThoughtDefs\Thoughts_Situation_Vore.xml,def,Breaking down two prey into chem-milk,将两个猎物分解成化学产物
RV2_PreyInBreastsMushingChemfuel.stages.1.description,"Jellified already? Just gotta thin you down, then.",description,ThoughtDefs\Thoughts_Situation_Vore.xml,def,"Jellified already? Just gotta thin you down, then.",已经冻僵了？那就让你变得纤细一些。
RV2_PreyInBreastsMushingChemfuel.stages.2.label,Breaking down three prey into chem-milk,label,ThoughtDefs\Thoughts_Situation_Vore.xml,def,Breaking down three prey into chem-milk,将三名猎物分解成化学产物
RV2_PreyInBreastsMushingChemfuel.stages.2.description,Starting to feel a bit of that gentle burn now...,description,ThoughtDefs\Thoughts_Situation_Vore.xml,def,Starting to feel a bit of that gentle burn now...,现在感觉有点烧伤了...
RV2_PreyInBreastsMushingChemfuel.stages.3.label,Breaking down several prey into chem-milk,label,ThoughtDefs\Thoughts_Situation_Vore.xml,def,Breaking down several prey into chem-milk,将多名猎物分解成化学产物
RV2_PreyInBreastsMushingChemfuel.stages.3.description,"Oh yeah, here comes the burn, real soon!",description,ThoughtDefs\Thoughts_Situation_Vore.xml,def,"Oh yeah, here comes the burn, real soon!",哦，是的，烧伤来了，真的很快!
RV2_PreyInCleavageExiting.stages.0.label,Releasing prey from cleavage,label,ThoughtDefs\Thoughts_Situation_Vore.xml,def,Releasing prey from <ALIMT >cleavage</ALIMT>,释放猎物乳沟
RV2_PreyInCleavageExiting.stages.0.description,Time to empty my purse...,description,ThoughtDefs\Thoughts_Situation_Vore.xml,def,Time to empty my purse...,该清空我的钱包了...
RV2_PreyInCleavageExiting.stages.1.label,Releasing multiple prey from cleavage,label,ThoughtDefs\Thoughts_Situation_Vore.xml,def,Releasing multiple prey from <ALIMT >cleavage</ALIMT>,放生多个猎物乳沟
RV2_PreyInCleavageExiting.stages.1.description,That's a load off my back!,description,ThoughtDefs\Thoughts_Situation_Vore.xml,def,That's a load off my back!,我背上的负担!
RV2_PreyInCleavageContacting.stages.0.label,Pre-absorption cleavage,label,ThoughtDefs\Thoughts_Situation_Vore.xml,def,Pre-absorption <ALIMT >cleavage</ALIMT>,预吸收乳沟
RV2_PreyInCleavageContacting.stages.0.description,Who says I can't play with my cheek-padder before I absorb them?,description,ThoughtDefs\Thoughts_Situation_Vore.xml,def,Who says I can't play with my cheek-padder before I absorb them?,谁说我不能在吸收面巾纸之前玩弄它们？
RV2_PreyInCleavageContacting.stages.1.label,Pre-absorption cleavage pleasure,label,ThoughtDefs\Thoughts_Situation_Vore.xml,def,Pre-absorption <ALIMT >cleavage</ALIMT> pleasure,预吸收乳沟愉悦
RV2_PreyInCleavageContacting.stages.1.description,Everyone's competing for the attentions of my breasts...~,description,ThoughtDefs\Thoughts_Situation_Vore.xml,def,Everyone's competing for the attentions of my <ALIMT >breasts</ALIMT>...~,每个人都在争夺我的注意力乳房... ~
RV2_PreyInCleavageLoosening.stages.0.label,Loosening up to absorb prey into cleavage,label,ThoughtDefs\Thoughts_Situation_Vore.xml,def,Loosening up to absorb prey into <ALIMT >cleavage</ALIMT>,松动以将猎物吸收入乳沟
RV2_PreyInCleavageLoosening.stages.0.description,"Started to sink, haven't you?~",description,ThoughtDefs\Thoughts_Situation_Vore.xml,def,"Started to sink, haven't you?~",~ 你开始下沉了，是吗？~
RV2_PreyInCleavageLoosening.stages.1.label,Loosening up to absorb multiple prey into cleavage,label,ThoughtDefs\Thoughts_Situation_Vore.xml,def,Loosening up to absorb multiple prey into <ALIMT >cleavage</ALIMT>,松懈以吸收多个猎物乳沟
RV2_PreyInCleavageLoosening.stages.1.description,There's plenty of room for everyone...~,description,ThoughtDefs\Thoughts_Situation_Vore.xml,def,There's plenty of room for everyone...~,每个人都有足够的空间... ~
RV2_PreyInCleavagePassing.stages.0.label,Prey partially-stuffed into cleavage,label,ThoughtDefs\Thoughts_Situation_Vore.xml,def,Prey partially-stuffed into <ALIMT >cleavage</ALIMT>,部分植入乳沟
RV2_PreyInCleavagePassing.stages.0.description,Come to me...~,description,ThoughtDefs\Thoughts_Situation_Vore.xml,def,Come to me...~,到我这里来... ~
RV2_PreyInCleavagePassing.stages.1.label,Multiple prey partially-stuffed into cleavage,label,ThoughtDefs\Thoughts_Situation_Vore.xml,def,Multiple prey partially-stuffed into <ALIMT >cleavage</ALIMT>,多个猎物被部分植入乳沟
RV2_PreyInCleavagePassing.stages.1.description,I'm getting tugged every-which-way!,description,ThoughtDefs\Thoughts_Situation_Vore.xml,def,I'm getting tugged every-which-way!,我每一次都被拽了!
RV2_PreyInCleavagePleasuring.stages.0.label,Pleasuring prey in breast,label,ThoughtDefs\Thoughts_Situation_Vore.xml,def,Pleasuring prey in <ALIMT >breast</ALIMT>,捕食动物乳房
RV2_PreyInCleavagePleasuring.stages.0.description,Don't stop...,description,ThoughtDefs\Thoughts_Situation_Vore.xml,def,Don't <ALIMT >stop</ALIMT>...,不停止...
RV2_PreyInCleavagePleasuring.stages.1.label,Pleasuring two prey in breasts,label,ThoughtDefs\Thoughts_Situation_Vore.xml,def,Pleasuring two prey in <ALIMT >breasts</ALIMT>,猎杀两个猎物乳房
RV2_PreyInCleavagePleasuring.stages.1.description,"Keep going, both of you...!",description,ThoughtDefs\Thoughts_Situation_Vore.xml,def,"Keep going, both of you...!",你们两个继续...!
RV2_PreyInCleavagePleasuring.stages.2.label,Pleasuring three prey in breasts,label,ThoughtDefs\Thoughts_Situation_Vore.xml,def,Pleasuring three prey in <ALIMT >breasts</ALIMT>,取悦三个猎物乳房
RV2_PreyInCleavagePleasuring.stages.2.description,Three... all at once!,description,ThoughtDefs\Thoughts_Situation_Vore.xml,def,Three... all at once!,三个... 同时建造!
RV2_PreyInCleavagePleasuring.stages.3.label,Pleasuring several prey in breasts,label,ThoughtDefs\Thoughts_Situation_Vore.xml,def,Pleasuring several prey in <ALIMT >breasts</ALIMT>,取悦几个猎物乳房
RV2_PreyInCleavagePleasuring.stages.3.description,I'M GONNA--,description,ThoughtDefs\Thoughts_Situation_Vore.xml,def,I'M GONNA--,我要 --
RV2_PreyInCleavagePurging.stages.0.label,Pulling remains out of cleavage,label,ThoughtDefs\Thoughts_Situation_Vore.xml,def,Pulling remains out of <ALIMT >cleavage</ALIMT>,取出残骸:乳沟
RV2_PreyInCleavagePurging.stages.0.description,Can't have these getting cluttered!,description,ThoughtDefs\Thoughts_Situation_Vore.xml,def,Can't have these getting cluttered!,不能把这些弄得一团糟!
RV2_PreyInCleavagePurging.stages.1.label,Pulling multiple remains out of cleavage,label,ThoughtDefs\Thoughts_Situation_Vore.xml,def,Pulling multiple remains out of <ALIMT >cleavage</ALIMT>,从中取出多件残骸乳沟
RV2_PreyInCleavagePurging.stages.1.description,"Amazing, the stuff you can find in someone's bust!",description,ThoughtDefs\Thoughts_Situation_Vore.xml,def,"Amazing, the stuff you can find in someone's bust!",太神奇了，你能在某人的半身里找到的东西!
RV2_PreyInCleavageReshaping.stages.0.label,Reshaping prey from breast-fat,label,ThoughtDefs\Thoughts_Situation_Vore.xml,def,Reshaping prey from <ALIMT >breast</ALIMT>-fat,重塑猎物乳房-肥胖
RV2_PreyInCleavageReshaping.stages.0.description,I'll miss my implants...,description,ThoughtDefs\Thoughts_Situation_Vore.xml,def,I'll miss my implants...,我会想念我的植入物...
RV2_PreyInCleavageReshaping.stages.1.label,Reshaping multiple prey from breast-fat,label,ThoughtDefs\Thoughts_Situation_Vore.xml,def,Reshaping multiple prey from <ALIMT >breast</ALIMT>-fat,重塑多个猎物乳房-肥胖
RV2_PreyInCleavageReshaping.stages.1.description,I don't wanna be flat again!,description,ThoughtDefs\Thoughts_Situation_Vore.xml,def,I don't wanna be flat again!,我不想再次变成平原!
RV2_PreyInCleavageStoring.stages.0.label,Prey stored between breasts,label,ThoughtDefs\Thoughts_Situation_Vore.xml,def,Prey stored between <ALIMT >breasts</ALIMT>,猎物置放于乳房
RV2_PreyInCleavageStoring.stages.0.description,"Cozy, isn't it?",description,ThoughtDefs\Thoughts_Situation_Vore.xml,def,"Cozy, isn't it?",很舒适，不是吗？
RV2_PreyInCleavageStoring.stages.1.label,Two prey stored between breasts,label,ThoughtDefs\Thoughts_Situation_Vore.xml,def,Two prey stored between <ALIMT >breasts</ALIMT>,两个猎物置放在乳房
RV2_PreyInCleavageStoring.stages.1.description,How am I fitting them all? Don't ask questions.,description,ThoughtDefs\Thoughts_Situation_Vore.xml,def,How am I fitting them all? Don't ask questions.,我如何将它们全部装配好？不要问问题。
RV2_PreyInCleavageStoring.stages.2.label,Three prey stored between breasts,label,ThoughtDefs\Thoughts_Situation_Vore.xml,def,Three prey stored between <ALIMT >breasts</ALIMT>,三个猎物置放在乳房
RV2_PreyInCleavageStoring.stages.2.description,How am I fitting them all? Don't ask questions.,description,ThoughtDefs\Thoughts_Situation_Vore.xml,def,How am I fitting them all? Don't ask questions.,我如何将它们全部装配好？不要问问题。
RV2_PreyInCleavageStoring.stages.3.label,Several prey stored between breasts,label,ThoughtDefs\Thoughts_Situation_Vore.xml,def,Several prey stored between <ALIMT >breasts</ALIMT>,多个猎物储存于乳房
RV2_PreyInCleavageStoring.stages.3.description,How am I fitting them all? Don't ask questions.,description,ThoughtDefs\Thoughts_Situation_Vore.xml,def,How am I fitting them all? Don't ask questions.,我如何将它们全部装配好？不要问问题。
RV2_PreyInCockAmalgamating.stages.0.label,One prey amalgamated onto cock-meat,label,ThoughtDefs\Thoughts_Situation_Vore.xml,def,One prey amalgamated onto cock-meat,一个猎物混合在公鸡肉上
RV2_PreyInCockAmalgamating.stages.0.description,"Oooh, I think you've doubled my sensitivity *on top of* the size gains...~",description,ThoughtDefs\Thoughts_Situation_Vore.xml,def,"Oooh, I think you've doubled my sensitivity *on top of* the size gains...~",哦，我觉得你让我的敏感度提高了一倍... ~
RV2_PreyInCockAmalgamating.stages.1.label,Two prey amalgamated onto cock-meat,label,ThoughtDefs\Thoughts_Situation_Vore.xml,def,Two prey amalgamated onto cock-meat,两个猎物混合在公鸡肉上
RV2_PreyInCockAmalgamating.stages.1.description,"I wonder if you're stacked around each other, or front-to-back in a row?",description,ThoughtDefs\Thoughts_Situation_Vore.xml,def,"I wonder if you're stacked around each other, or front-to-back in a row?",我想知道你们是互相堆叠还是前后连续？
RV2_PreyInCockAmalgamating.stages.2.label,Three prey amalgamated onto cock-meat,label,ThoughtDefs\Thoughts_Situation_Vore.xml,def,Three prey amalgamated onto cock-meat,三名猎物混合在公鸡肉上
RV2_PreyInCockAmalgamating.stages.2.description,"Wow, you're all so heavy...!~",description,ThoughtDefs\Thoughts_Situation_Vore.xml,def,"Wow, you're all so heavy...!~",哇，你们都太重了...!~
RV2_PreyInCockAmalgamating.stages.3.label,Several prey amalgamated onto cock-meat,label,ThoughtDefs\Thoughts_Situation_Vore.xml,def,Several prey amalgamated onto cock-meat,几只猎物混合在公鸡肉上
RV2_PreyInCockAmalgamating.stages.3.description,"Oh man, I'm absolutely massive! Anyone else want in on this shishkebab?~",description,ThoughtDefs\Thoughts_Situation_Vore.xml,def,"Oh man, I'm absolutely massive! Anyone else want in on this shishkebab?~",天啊，我好大!~
RV2_PreyInCockAssimilating.stages.0.label,Assimilating prey onto cock-meat,label,ThoughtDefs\Thoughts_Situation_Vore.xml,def,Assimilating prey onto cock-meat,将猎物吸收到公鸡肉上
RV2_PreyInCockAssimilating.stages.0.description,"Have fun getting pounded, meat!",description,ThoughtDefs\Thoughts_Situation_Vore.xml,def,"Have fun getting pounded, meat!",玩得开心，肉!
RV2_PreyInCockAssimilating.stages.1.label,Assimilating two prey into cock-meat,label,ThoughtDefs\Thoughts_Situation_Vore.xml,def,Assimilating two prey into cock-meat,将两个猎物同化为公鸡肉
RV2_PreyInCockAssimilating.stages.1.description,You'll be doing some real tenderizing!,description,ThoughtDefs\Thoughts_Situation_Vore.xml,def,You'll be doing some real tenderizing!,你将会正在进行一场真正的嫩化!
RV2_PreyInCockAssimilating.stages.2.label,Assimilating three prey into cock-meat,label,ThoughtDefs\Thoughts_Situation_Vore.xml,def,Assimilating three prey into cock-meat,将三名猎物同化为公鸡肉
RV2_PreyInCockAssimilating.stages.2.description,Just how big and meaty will you all make me?~,description,ThoughtDefs\Thoughts_Situation_Vore.xml,def,Just how big and meaty will you all make me?~,~
RV2_PreyInCockAssimilating.stages.3.label,Assimilating several prey into cock-meat,label,ThoughtDefs\Thoughts_Situation_Vore.xml,def,Assimilating several prey into cock-meat,将多名猎物同化为公鸡肉
RV2_PreyInCockAssimilating.stages.3.description,MY DICK IS A SINGULARITY OF ECSTASY! OH FUCK! THE SERPENT HUNGERS FOR MORE!,description,ThoughtDefs\Thoughts_Situation_Vore.xml,def,MY DICK IS A SINGULARITY OF ECSTASY! OH FUCK! THE SERPENT HUNGERS FOR MORE!,我的老二真是迷魂怪形!哦他妈的!毒枭渴望更多!
RV2_PreyInCockContacting.stages.0.label,Pre-absorption cock pleasure,label,ThoughtDefs\Thoughts_Situation_Vore.xml,def,Pre-absorption cock pleasure,吸食前公鸡的快感
RV2_PreyInCockContacting.stages.0.description,Who says I can't play with my cock-meat before I absorb it?,description,ThoughtDefs\Thoughts_Situation_Vore.xml,def,Who says I can't play with my cock-meat before I absorb it?,谁说我不能在吸收之前玩弄我的公鸡肉？
RV2_PreyInCockContacting.stages.1.label,Pre-absorption cock pleasure,label,ThoughtDefs\Thoughts_Situation_Vore.xml,def,Pre-absorption cock pleasure,吸食前公鸡的快感
RV2_PreyInCockContacting.stages.1.description,"There's plenty of meat to go around, folks!~",description,ThoughtDefs\Thoughts_Situation_Vore.xml,def,"There's plenty of meat to go around, folks!~",伙计们，这里有很多肉可以吃!~
RV2_PreyInCockLoosening.stages.0.label,Loosening up to absorb prey onto cock-meat,label,ThoughtDefs\Thoughts_Situation_Vore.xml,def,Loosening up to absorb prey onto cock-meat,松懈起来将猎物吸进公鸡肉
RV2_PreyInCockLoosening.stages.0.description,"No, no, don't get off yet! Let's sit and enjoy ourselves a little longer...~",description,ThoughtDefs\Thoughts_Situation_Vore.xml,def,"No, no, don't get off yet! Let's sit and enjoy ourselves a little longer...~",不，不，还不要下车!让我们坐下来，享受一下时间... ~
RV2_PreyInCockLoosening.stages.1.label,Loosening up to absorb multiple prey onto cock-meat,label,ThoughtDefs\Thoughts_Situation_Vore.xml,def,Loosening up to absorb multiple prey onto cock-meat,松懈起来将多个猎物吸进公鸡肉
RV2_PreyInCockLoosening.stages.1.description,Just gonna hold y'all to my meat like so...~,description,ThoughtDefs\Thoughts_Situation_Vore.xml,def,Just gonna hold y'all to my meat like so...~,就这样抱着我的肉... ~
RV2_PreyInCockPurging.stages.0.label,Purging remains from cock-meat,label,ThoughtDefs\Thoughts_Situation_Vore.xml,def,Purging remains from cock-meat,清理公鸡肉残骸
RV2_PreyInCockPurging.stages.0.description,Like peeling off a condom.,description,ThoughtDefs\Thoughts_Situation_Vore.xml,def,Like peeling off a <ALIMT >condom</ALIMT>.,比如剥光一个塑料套，旨在保护使用者和其伙伴免受不必要的性病以及怀孕。没有。
RV2_PreyInCockPurging.stages.1.label,Purging multiple remains from cock-meat,label,ThoughtDefs\Thoughts_Situation_Vore.xml,def,Purging multiple remains from cock-meat,正在清理公鸡肉的多个残骸
RV2_PreyInCockPurging.stages.1.description,Just a matter of pulling all these clothes off.,description,ThoughtDefs\Thoughts_Situation_Vore.xml,def,Just a matter of pulling all these clothes off.,仅仅是脱下所有这些衣服的问题。
RV2_PreyInCockReshaping.stages.0.label,Reshaping prey from cock-meat,label,ThoughtDefs\Thoughts_Situation_Vore.xml,def,Reshaping prey from cock-meat,用公鸡肉重塑猎物
RV2_PreyInCockReshaping.stages.0.description,I'll miss these inches...,description,ThoughtDefs\Thoughts_Situation_Vore.xml,def,I'll miss these inches...,我会怀念这一英寸的...
RV2_PreyInCockReshaping.stages.1.label,Reshaping multiple prey from cock-meat,label,ThoughtDefs\Thoughts_Situation_Vore.xml,def,Reshaping multiple prey from cock-meat,用公鸡肉改造多个猎物
RV2_PreyInCockReshaping.stages.1.description,I don't wanna be tiny again!,description,ThoughtDefs\Thoughts_Situation_Vore.xml,def,I don't wanna be tiny again!,我不想再小了!
RV2_PreyInKidneyConvertingUrine.stages.0.label,Urifying prey in kidney,label,ThoughtDefs\Thoughts_Situation_Vore.xml,def,Urifying prey in kidney,将猎物植入肾脏
RV2_PreyInKidneyConvertingUrine.stages.0.description,"A whole life, dissolved into piss.",description,ThoughtDefs\Thoughts_Situation_Vore.xml,def,"A whole life, dissolved into piss.",整整一生，溶解进尿里。
RV2_PreyInKidneyConvertingUrine.stages.1.label,Urifying two prey in kidneys,label,ThoughtDefs\Thoughts_Situation_Vore.xml,def,Urifying two prey in kidneys,将两个猎物植入肾脏
RV2_PreyInKidneyConvertingUrine.stages.1.description,Plenty to water the crops with!,description,ThoughtDefs\Thoughts_Situation_Vore.xml,def,Plenty to water the crops with!,有很多东西可以给作物浇水!
RV2_PreyInKidneyConvertingUrine.stages.2.label,Urifying three prey in kidneys,label,ThoughtDefs\Thoughts_Situation_Vore.xml,def,Urifying three prey in kidneys,将三名猎物植入肾脏
RV2_PreyInKidneyConvertingUrine.stages.2.description,You're gonna turn me into a fountain...,description,ThoughtDefs\Thoughts_Situation_Vore.xml,def,You're gonna turn me into a fountain...,你要把我变成喷泉
RV2_PreyInKidneyConvertingUrine.stages.3.label,Urifying several prey in kidneys,label,ThoughtDefs\Thoughts_Situation_Vore.xml,def,Urifying several prey in kidneys,正在使几只猎物的肾脏内腐烂
RV2_PreyInKidneyConvertingUrine.stages.3.description,"Après vous, le déluge.~",description,ThoughtDefs\Thoughts_Situation_Vore.xml,def,"Après vous, le déluge.~",4月，你知道吗？~
RV2_PreyInKidneyDissolvingUrine.stages.0.label,Dissolving prey in kidney,label,ThoughtDefs\Thoughts_Situation_Vore.xml,def,Dissolving prey in kidney,溶解肾脏中的猎物
RV2_PreyInKidneyDissolvingUrine.stages.0.description,Keep it up! Your struggling tickles.~,description,ThoughtDefs\Thoughts_Situation_Vore.xml,def,Keep it up! Your struggling tickles.~,继续!你挣扎的身体好痒。~
RV2_PreyInKidneyDissolvingUrine.stages.1.label,Dissolving two prey in kidneys,label,ThoughtDefs\Thoughts_Situation_Vore.xml,def,Dissolving two prey in kidneys,肾脏正在溶解两个猎物
RV2_PreyInKidneyDissolvingUrine.stages.1.description,"You barely have the room to kick around in there, don't you? Don't drown, now!~",description,ThoughtDefs\Thoughts_Situation_Vore.xml,def,"You barely have the room to kick around in there, don't you? Don't drown, now!~",你几乎没有地方在里面踢球，是吗？不要淹死，现在!~
RV2_PreyInKidneyDissolvingUrine.stages.2.label,Dissolving three prey in kidneys,label,ThoughtDefs\Thoughts_Situation_Vore.xml,def,Dissolving three prey in kidneys,肾脏正在溶解三名猎物
RV2_PreyInKidneyDissolvingUrine.stages.2.description,Good heavens it's tight in there!,description,ThoughtDefs\Thoughts_Situation_Vore.xml,def,Good heavens it's tight in there!,天哪，里面太紧了!
RV2_PreyInKidneyDissolvingUrine.stages.3.label,Dissolving several prey in kidneys,label,ThoughtDefs\Thoughts_Situation_Vore.xml,def,Dissolving several prey in kidneys,肾脏正在溶解多个猎物
RV2_PreyInKidneyDissolvingUrine.stages.3.description,"...I musn't piss them all out yet. Not yet. Soon. Mercy, though...",description,ThoughtDefs\Thoughts_Situation_Vore.xml,def,"...I musn't piss them all out yet. Not yet. Soon. Mercy, though...",没有。... 我还没有让他们都生气。还没有。很快。虽然很仁慈.
RV2_PreyInKidneyMushingUrine.stages.0.label,Breaking down prey in kidney,label,ThoughtDefs\Thoughts_Situation_Vore.xml,def,Breaking down prey in kidney,拆解肾中的猎物
RV2_PreyInKidneyMushingUrine.stages.0.description,"Stopped thrashing, huh?",description,ThoughtDefs\Thoughts_Situation_Vore.xml,def,"Stopped thrashing, huh?",停止敲击了，嗯？
RV2_PreyInKidneyMushingUrine.stages.1.label,Breaking down two prey in kidneys,label,ThoughtDefs\Thoughts_Situation_Vore.xml,def,Breaking down two prey in kidneys,拆解肾脏里的两个猎物
RV2_PreyInKidneyMushingUrine.stages.1.description,You two didn't last long.,description,ThoughtDefs\Thoughts_Situation_Vore.xml,def,You two didn't last long.,你们两个没坚持多久。
RV2_PreyInKidneyMushingUrine.stages.2.label,Breaking down three prey in kidneys,label,ThoughtDefs\Thoughts_Situation_Vore.xml,def,Breaking down three prey in kidneys,拆解肾脏里的三个猎物
RV2_PreyInKidneyMushingUrine.stages.2.description,"You'll be all nothing but a yellow stream, soon.",description,ThoughtDefs\Thoughts_Situation_Vore.xml,def,"You'll be all nothing but a yellow stream, soon.",很快，你们就会变成一条黄色的河流。
RV2_PreyInKidneyMushingUrine.stages.3.label,Breaking down several prey in kidneys,label,ThoughtDefs\Thoughts_Situation_Vore.xml,def,Breaking down several prey in kidneys,拆解肾脏里的猎物
RV2_PreyInKidneyMushingUrine.stages.3.description,Soon... Soon...,description,ThoughtDefs\Thoughts_Situation_Vore.xml,def,Soon... Soon...,很快...很快...
RV2_PreyInInsidesChurning.stages.0.label,Breaking down engulfed prey,label,ThoughtDefs\Thoughts_Situation_Vore.xml,def,Breaking down engulfed prey,拆解被吞噬的猎物
RV2_PreyInInsidesChurning.stages.0.description,You're looking pretty melty...,description,ThoughtDefs\Thoughts_Situation_Vore.xml,def,You're looking pretty melty...,你看起来很融化...
RV2_PreyInInsidesChurning.stages.1.label,Breaking down two engulfed prey,label,ThoughtDefs\Thoughts_Situation_Vore.xml,def,Breaking down two engulfed prey,拆掉两个被吞食的猎物
RV2_PreyInInsidesChurning.stages.1.description,I can barely tell the difference between you two anymore!,description,ThoughtDefs\Thoughts_Situation_Vore.xml,def,I can barely tell the difference between you two anymore!,我几乎没法区分你们两个了!
RV2_PreyInInsidesChurning.stages.2.label,Breaking down three engulfed prey,label,ThoughtDefs\Thoughts_Situation_Vore.xml,def,Breaking down three engulfed prey,拆掉三个被吞噬的猎物
RV2_PreyInInsidesChurning.stages.2.description,Where's one pile of mush begin and the other end?,description,ThoughtDefs\Thoughts_Situation_Vore.xml,def,Where's one pile of mush begin and the other end?,一堆糊状物从哪里开始，另一堆从哪里结束？
RV2_PreyInInsidesChurning.stages.3.label,Breaking down several engulfed prey,label,ThoughtDefs\Thoughts_Situation_Vore.xml,def,Breaking down several engulfed prey,拆掉几个被吞噬的猎物
RV2_PreyInInsidesChurning.stages.3.description,"Oh man, you're all a mess!",description,ThoughtDefs\Thoughts_Situation_Vore.xml,def,"Oh man, you're all a mess!",天啊，你们真是一团糟!
RV2_PreyInInsidesDigesting.stages.0.label,Digesting engulfed live prey,label,ThoughtDefs\Thoughts_Situation_Vore.xml,def,Digesting engulfed live prey,吞噬活猎物
RV2_PreyInInsidesDigesting.stages.0.description,"There's no escape for you, swimmer!",description,ThoughtDefs\Thoughts_Situation_Vore.xml,def,"There's no escape for you, swimmer!",你逃不掉了，游泳运动员!
RV2_PreyInInsidesDigesting.stages.1.label,Digesting two engulfed live prey,label,ThoughtDefs\Thoughts_Situation_Vore.xml,def,Digesting two engulfed live prey,正在消化两个被吞食的活物
RV2_PreyInInsidesDigesting.stages.1.description,Do you like being mashed against each other like that?,description,ThoughtDefs\Thoughts_Situation_Vore.xml,def,Do you like being mashed against each other like that?,你喜欢这样互相残存在一起吗？
RV2_PreyInInsidesDigesting.stages.2.label,Digesting three engulfed live prey,label,ThoughtDefs\Thoughts_Situation_Vore.xml,def,Digesting three engulfed live prey,正在消化三个吞噬的活物
RV2_PreyInInsidesDigesting.stages.2.description,Pop and bubble away...,description,ThoughtDefs\Thoughts_Situation_Vore.xml,def,Pop and bubble away...,砰的一声爆开...
RV2_PreyInInsidesDigesting.stages.3.label,Digesting several engulfed live prey,label,ThoughtDefs\Thoughts_Situation_Vore.xml,def,Digesting several engulfed live prey,正在消化吞噬的活物
RV2_PreyInInsidesDigesting.stages.3.description,"Soon, you'll all be a thin soup!~",description,ThoughtDefs\Thoughts_Situation_Vore.xml,def,"Soon, you'll all be a thin soup!~",很快，你们都会变成一杯羹!~
RV2_PreyInInsidesProcessing.stages.0.label,Absorbing engulfed prey,label,ThoughtDefs\Thoughts_Situation_Vore.xml,def,Absorbing engulfed prey,吸收吞噬的猎物
RV2_PreyInInsidesProcessing.stages.0.description,I suppose it's time to clean up.,description,ThoughtDefs\Thoughts_Situation_Vore.xml,def,I suppose it's time to clean up.,我想是时候清理了。
RV2_PreyInInsidesProcessing.stages.1.label,Absorbing two engulfed prey,label,ThoughtDefs\Thoughts_Situation_Vore.xml,def,Absorbing two engulfed prey,吸收两个被吞食的猎物
RV2_PreyInInsidesProcessing.stages.1.description,I wonder how plump you'll make me?,description,ThoughtDefs\Thoughts_Situation_Vore.xml,def,I wonder how plump you'll make me?,我想知道你能让我变得多胖？
RV2_PreyInInsidesProcessing.stages.2.label,Absorbing three engulfed prey,label,ThoughtDefs\Thoughts_Situation_Vore.xml,def,Absorbing three engulfed prey,吸收三个被吞食的猎物
RV2_PreyInInsidesProcessing.stages.2.description,Gonna be so bloated...,description,ThoughtDefs\Thoughts_Situation_Vore.xml,def,Gonna be so bloated...,要肿了...
RV2_PreyInInsidesProcessing.stages.3.label,Absorbing several engulfed prey,label,ThoughtDefs\Thoughts_Situation_Vore.xml,def,Absorbing several engulfed prey,吸收数个被吞食的猎物
RV2_PreyInInsidesProcessing.stages.3.description,Maybe I overdid it...,description,ThoughtDefs\Thoughts_Situation_Vore.xml,def,Maybe I overdid it...,也许我过度了...
RV2_PreyInInsidesPleasuring.stages.0.label,Pleasured by engulfed prey,label,ThoughtDefs\Thoughts_Situation_Vore.xml,def,Pleasured by engulfed prey,被吞噬的猎物吞食
RV2_PreyInInsidesPleasuring.stages.0.description,"I love a good, deep hug...~",description,ThoughtDefs\Thoughts_Situation_Vore.xml,def,"I love a good, deep <ALIMT >hug</ALIMT>...~",我爱至深拥抱... ~
RV2_PreyInInsidesPleasuring.stages.1.label,Pleasured by two engulfed prey,label,ThoughtDefs\Thoughts_Situation_Vore.xml,def,Pleasured by two engulfed prey,被两个被吞食的猎物吞食
RV2_PreyInInsidesPleasuring.stages.1.description,Let me embrace you...~,description,ThoughtDefs\Thoughts_Situation_Vore.xml,def,Let me embrace you...~,让我拥抱你... ~
RV2_PreyInInsidesPleasuring.stages.2.label,Pleasured by three engulfed prey,label,ThoughtDefs\Thoughts_Situation_Vore.xml,def,Pleasured by three engulfed prey,被三个吞食的猎物吞食
RV2_PreyInInsidesPleasuring.stages.2.description,Three at once? No problem!,description,ThoughtDefs\Thoughts_Situation_Vore.xml,def,Three at once? No problem!,一次三个？没有问题!
RV2_PreyInInsidesPleasuring.stages.3.label,Pleasured by several engulfed prey,label,ThoughtDefs\Thoughts_Situation_Vore.xml,def,Pleasured by several engulfed prey,被几个被吞食的猎物吞食
RV2_PreyInInsidesPleasuring.stages.3.description,Having a hell of a pool party in here!,description,ThoughtDefs\Thoughts_Situation_Vore.xml,def,Having a <ALIMT >hell</ALIMT> of a pool party in here!,拥有一个地狱这里开的泳池派对!
RV2_PreyInInsidesStoring.stages.0.label,Prey engulfed for storage,label,ThoughtDefs\Thoughts_Situation_Vore.xml,def,Prey engulfed for storage,被吞噬的猎物被储存
RV2_PreyInInsidesStoring.stages.0.description,Sealed away!,description,ThoughtDefs\Thoughts_Situation_Vore.xml,def,Sealed away!,已密封!
RV2_PreyInInsidesStoring.stages.1.label,Two prey engulfed for storage,label,ThoughtDefs\Thoughts_Situation_Vore.xml,def,Two prey engulfed for storage,两个猎物被吞没
RV2_PreyInInsidesStoring.stages.1.description,"I think I'm more prey than pred at this point, just by volume!",description,ThoughtDefs\Thoughts_Situation_Vore.xml,def,"I think I'm more prey than pred at this point, just by volume!",就体积而言，在这一点上，我认为我比 pred 更像猎物!
RV2_PreyInInsidesStoring.stages.2.label,Three prey engulfed for storage,label,ThoughtDefs\Thoughts_Situation_Vore.xml,def,Three prey engulfed for storage,三名猎物被吞没
RV2_PreyInInsidesStoring.stages.2.description,So stuffed...~,description,ThoughtDefs\Thoughts_Situation_Vore.xml,def,So stuffed...~,好 stuffed... ~
RV2_PreyInInsidesStoring.stages.3.label,Several prey engulfed for storage,label,ThoughtDefs\Thoughts_Situation_Vore.xml,def,Several prey engulfed for storage,一些猎物被吞没
RV2_PreyInInsidesStoring.stages.3.description,I feel like I'm bursting at the seams!,description,ThoughtDefs\Thoughts_Situation_Vore.xml,def,I feel like I'm bursting at the seams!,我感觉我快要被压垮了!
RV2_PreyInInsidesWarming.stages.0.label,Warming up insides for prey,label,ThoughtDefs\Thoughts_Situation_Vore.xml,def,Warming up insides for prey,为猎物内部预热
RV2_PreyInInsidesWarming.stages.0.description,"Oh, the plans I have for you!",description,ThoughtDefs\Thoughts_Situation_Vore.xml,def,"Oh, the plans I have for you!",哦，我为你准备的计划!
RV2_PreyInInsidesWarming.stages.1.label,Warming up insides for multiple prey,label,ThoughtDefs\Thoughts_Situation_Vore.xml,def,Warming up insides for multiple prey,为多个猎物内部预热
RV2_PreyInInsidesWarming.stages.1.description,"Oh, the plans I have for you!",description,ThoughtDefs\Thoughts_Situation_Vore.xml,def,"Oh, the plans I have for you!",哦，我为你准备的计划!
RV2_PreyInMembraneDumping.stages.0.label,Shedding remains from membrane,label,ThoughtDefs\Thoughts_Situation_Vore.xml,def,Shedding remains from membrane,从膜上脱落残骸
RV2_PreyInMembraneDumping.stages.0.description,Gotta keep my insides clean!,description,ThoughtDefs\Thoughts_Situation_Vore.xml,def,Gotta keep my insides clean!,我得把我的器官清理干净!
RV2_PreyInMembraneDumping.stages.1.label,SHedding multiple remains from membrane,label,ThoughtDefs\Thoughts_Situation_Vore.xml,def,SHedding multiple remains from membrane,从膜上脱落多个残骸
RV2_PreyInMembraneDumping.stages.1.description,Everyone always leaving so much junk inside me... At least it feels nice coming out!,description,ThoughtDefs\Thoughts_Situation_Vore.xml,def,Everyone always leaving so much junk inside me... At least it feels nice coming out!,每个人都在我体内留下很多垃圾...至少出来的感觉真好!
RV2_PreyInMembraneExiting.stages.0.label,Releasing prey from membrane,label,ThoughtDefs\Thoughts_Situation_Vore.xml,def,Releasing prey from membrane,从膜上释放猎物
RV2_PreyInMembraneExiting.stages.0.description,I guess we're splitting here!,description,ThoughtDefs\Thoughts_Situation_Vore.xml,def,I guess we're splitting here!,我想我们要在这里分手了!
RV2_PreyInMembraneExiting.stages.1.label,Releasing multiple prey from membrane,label,ThoughtDefs\Thoughts_Situation_Vore.xml,def,Releasing multiple prey from membrane,从膜上释放多个猎物
RV2_PreyInMembraneExiting.stages.1.description,I feel so much squishier!,description,ThoughtDefs\Thoughts_Situation_Vore.xml,def,I feel so much squishier!,我感觉自己被压死了!
RV2_PreyInMembranePassing.stages.0.label,Prey partially-engulfed,label,ThoughtDefs\Thoughts_Situation_Vore.xml,def,Prey partially-engulfed,猎物被部分吞没
RV2_PreyInMembranePassing.stages.0.description,Come on in; the water's fine!,description,ThoughtDefs\Thoughts_Situation_Vore.xml,def,Come on in; the water's fine!,进来吧; 水很好!
RV2_PreyInMembranePassing.stages.1.label,Multiple prey partially-engulfed,label,ThoughtDefs\Thoughts_Situation_Vore.xml,def,Multiple prey partially-engulfed,多个猎物被部分吞没
RV2_PreyInMembranePassing.stages.1.description,Pool party!~,description,ThoughtDefs\Thoughts_Situation_Vore.xml,def,Pool party!~,泳池派对!~
RV2_PreyInMembranePleasuring.stages.0.label,Pleasuring prey in membrane,label,ThoughtDefs\Thoughts_Situation_Vore.xml,def,Pleasuring prey in membrane,令人愉悦的薄膜猎物
RV2_PreyInMembranePleasuring.stages.0.description,This is just the start of the massage!,description,ThoughtDefs\Thoughts_Situation_Vore.xml,def,This is just the start of the <ALIMT >massage</ALIMT>!,这只是按摩不!
RV2_PreyInMembranePleasuring.stages.1.label,Pleasuring prey in membrane,label,ThoughtDefs\Thoughts_Situation_Vore.xml,def,Pleasuring prey in membrane,令人愉悦的薄膜猎物
RV2_PreyInMembranePleasuring.stages.1.description,"Careful now! Y'all don't wanna tug me apart, do you?",description,ThoughtDefs\Thoughts_Situation_Vore.xml,def,"Careful now! Y'all don't wanna tug me apart, do you?",当心了!你们不想把我分开吧？
RV2_PreyInMouthAmalgamating.stages.0.label,One prey amalgamated into lips,label,ThoughtDefs\Thoughts_Situation_Vore.xml,def,One prey amalgamated into lips,一只猎物混入嘴唇
RV2_PreyInMouthAmalgamating.stages.0.description,I promise to take good care of you.,description,ThoughtDefs\Thoughts_Situation_Vore.xml,def,I promise to take good care of you.,我保证会好好照顾你的.
RV2_PreyInMouthAmalgamating.stages.1.label,Two prey amalgamated into lips,label,ThoughtDefs\Thoughts_Situation_Vore.xml,def,Two prey amalgamated into lips,两个猎物...
RV2_PreyInMouthAmalgamating.stages.1.description,Padding for each lip!,description,ThoughtDefs\Thoughts_Situation_Vore.xml,def,Padding for each lip!,为每个嘴唇填充!
RV2_PreyInMouthAmalgamating.stages.2.label,Three prey amalgamated into lips,label,ThoughtDefs\Thoughts_Situation_Vore.xml,def,Three prey amalgamated into lips,三名猎物...
RV2_PreyInMouthAmalgamating.stages.2.description,You're gonna make my lips so full and juicy!,description,ThoughtDefs\Thoughts_Situation_Vore.xml,def,You're gonna make my lips so full and juicy!,你要让我的嘴唇充盈多汁!
RV2_PreyInMouthAmalgamating.stages.3.label,Several prey amalgamated into lips,label,ThoughtDefs\Thoughts_Situation_Vore.xml,def,Several prey amalgamated into lips,多名猎物...
RV2_PreyInMouthAmalgamating.stages.3.description,"I could kiss the lot of you, if I didn't have to take you out to do that!",description,ThoughtDefs\Thoughts_Situation_Vore.xml,def,"I could <ALIMT >kiss</ALIMT> the lot of you, if I didn't have to take you out to do that!",我可以接吻你们这些人，如果不是我带你们出去的话!
RV2_PreyInMouthAssimilating.stages.0.label,Assimilating prey into lips,label,ThoughtDefs\Thoughts_Situation_Vore.xml,def,Assimilating prey into lips,正在将猎物同化
RV2_PreyInMouthAssimilating.stages.0.description,Juicy!,description,ThoughtDefs\Thoughts_Situation_Vore.xml,def,Juicy!,多汁!
RV2_PreyInMouthAssimilating.stages.1.label,Assimilating two prey into lips,label,ThoughtDefs\Thoughts_Situation_Vore.xml,def,Assimilating two prey into lips,嘴唇被两个猎物吸收
RV2_PreyInMouthAssimilating.stages.1.description,Padding for each lip!,description,ThoughtDefs\Thoughts_Situation_Vore.xml,def,Padding for each lip!,为每个嘴唇填充!
RV2_PreyInMouthAssimilating.stages.2.label,Assimilating three prey into lips,label,ThoughtDefs\Thoughts_Situation_Vore.xml,def,Assimilating three prey into lips,将三个猎物吸进嘴唇
RV2_PreyInMouthAssimilating.stages.2.description,You're gonna make my lips so full and juicy!,description,ThoughtDefs\Thoughts_Situation_Vore.xml,def,You're gonna make my lips so full and juicy!,你要让我的嘴唇充盈多汁!
RV2_PreyInMouthAssimilating.stages.3.label,Assimilating several prey into lips,label,ThoughtDefs\Thoughts_Situation_Vore.xml,def,Assimilating several prey into lips,多名猎物被嘴唇吸收
RV2_PreyInMouthAssimilating.stages.3.description,Anyone else want a kiss?~,description,ThoughtDefs\Thoughts_Situation_Vore.xml,def,Anyone else want a <ALIMT >kiss</ALIMT>?~,有人想要接吻？~
RV2_PreyInMouthContacting.stages.0.label,Pre-absorption oral pleasure,label,ThoughtDefs\Thoughts_Situation_Vore.xml,def,Pre-absorption <ALIMT >oral</ALIMT> pleasure,预吸收用嘴愉悦
RV2_PreyInMouthContacting.stages.0.description,Who says I can't play with my lip-fillers before I absorb them?,description,ThoughtDefs\Thoughts_Situation_Vore.xml,def,Who says I can't play with my lip-fillers before I absorb them?,谁说我不能在吸收之前玩弄我的唇膏？
RV2_PreyInMouthContacting.stages.1.label,Pre-absorption oral pleasure,label,ThoughtDefs\Thoughts_Situation_Vore.xml,def,Pre-absorption <ALIMT >oral</ALIMT> pleasure,预吸收用嘴愉悦
RV2_PreyInMouthContacting.stages.1.description,Everyone's fighting for a kiss!,description,ThoughtDefs\Thoughts_Situation_Vore.xml,def,Everyone's <ALIMT >fighting</ALIMT> for a <ALIMT >kiss</ALIMT>!,所有人战斗中的为一个接吻不!
RV2_PreyInMouthLoosening.stages.0.label,Loosening up to absorb prey into lips,label,ThoughtDefs\Thoughts_Situation_Vore.xml,def,Loosening up to absorb prey into lips,松弛来将猎物吸进嘴唇
RV2_PreyInMouthLoosening.stages.0.description,"Don't mind the warmth in my kiss, dear. That's just... my breath!",description,ThoughtDefs\Thoughts_Situation_Vore.xml,def,"Don't mind the warmth in my <ALIMT >kiss</ALIMT>, dear. That's just... my breath!",漠视我的温暖接吻亲爱的。这只是.我的呼吸!
RV2_PreyInMouthLoosening.stages.1.label,Loosening up to absorb multiple prey into lips,label,ThoughtDefs\Thoughts_Situation_Vore.xml,def,Loosening up to absorb multiple prey into lips,松弛多个猎物进入嘴唇
RV2_PreyInMouthLoosening.stages.1.description,"Gettin' sloppy, huh?~",description,ThoughtDefs\Thoughts_Situation_Vore.xml,def,"Gettin' sloppy, huh?~",很马虎吧？~
RV2_PreyInMouthPurging.stages.0.label,Spitting remains out of lips,label,ThoughtDefs\Thoughts_Situation_Vore.xml,def,Spitting remains out of lips,将遗骸从嘴里吐出来
RV2_PreyInMouthPurging.stages.0.description,Gotta work the air out!,description,ThoughtDefs\Thoughts_Situation_Vore.xml,def,Gotta work the air out!,我得去吹气!
RV2_PreyInMouthPurging.stages.1.label,Spitting multiple remains out of lips,label,ThoughtDefs\Thoughts_Situation_Vore.xml,def,Spitting multiple remains out of lips,将多个遗骸从嘴唇吐出
RV2_PreyInMouthPurging.stages.1.description,*spits*,description,ThoughtDefs\Thoughts_Situation_Vore.xml,def,*spits*,* 喷吐 *
RV2_PreyInMouthReshaping.stages.0.label,Reshaping prey from lip-flesh,label,ThoughtDefs\Thoughts_Situation_Vore.xml,def,Reshaping prey from lip-flesh,重塑唇肉猎物
RV2_PreyInMouthReshaping.stages.0.description,I'll miss this juiciness...,description,ThoughtDefs\Thoughts_Situation_Vore.xml,def,I'll miss this juiciness...,我会怀念这种多汁的感觉...
RV2_PreyInMouthReshaping.stages.1.label,Reshaping multiple prey from lip-flesh,label,ThoughtDefs\Thoughts_Situation_Vore.xml,def,Reshaping multiple prey from lip-flesh,重塑多个唇肉猎物
RV2_PreyInMouthReshaping.stages.1.description,Shriveling... shrinking...,description,ThoughtDefs\Thoughts_Situation_Vore.xml,def,Shriveling... <ALIMT >shrinking</ALIMT>...,枯萎...缩小...
RV2_PreyInNavelContacting.stages.0.label,Prey contacting with belly,label,ThoughtDefs\Thoughts_Situation_Vore.xml,def,Prey contacting with belly,猎物与腹部接触
RV2_PreyInNavelContacting.stages.0.description,Become part of my navel,description,ThoughtDefs\Thoughts_Situation_Vore.xml,def,Become part of my navel,成为我肚脐的一部分
RV2_PreyInNavelAmalgamating.stages.0.label,One prey amalgamated into belly,label,ThoughtDefs\Thoughts_Situation_Vore.xml,def,One prey amalgamated into belly,一只猎物吞食
RV2_PreyInNavelAmalgamating.stages.0.description,Got a little pudge to slap!,description,ThoughtDefs\Thoughts_Situation_Vore.xml,def,Got a little pudge to slap!,我要打一巴掌!
RV2_PreyInNavelAmalgamating.stages.1.label,Two prey amalgamated into belly,label,ThoughtDefs\Thoughts_Situation_Vore.xml,def,Two prey amalgamated into belly,两个猎物合并成腹肉
RV2_PreyInNavelAmalgamating.stages.1.description,"I look pregnant, haha.",description,ThoughtDefs\Thoughts_Situation_Vore.xml,def,"I look <ALIMT >pregnant</ALIMT>, haha.","我看怀孕,哈哈。"
RV2_PreyInNavelAmalgamating.stages.2.label,Three prey amalgamated into belly,label,ThoughtDefs\Thoughts_Situation_Vore.xml,def,Three prey amalgamated into belly,三名猎物吞并并腹部
RV2_PreyInNavelAmalgamating.stages.2.description,I look heavily pregnant!,description,ThoughtDefs\Thoughts_Situation_Vore.xml,def,I look heavily <ALIMT >pregnant</ALIMT>!,我看起来沉沉的怀孕不!
RV2_PreyInNavelAmalgamating.stages.3.label,Several prey amalgamated into belly,label,ThoughtDefs\Thoughts_Situation_Vore.xml,def,Several prey amalgamated into belly,几只猎物...
RV2_PreyInNavelAmalgamating.stages.3.description,I look positively overdue!,description,ThoughtDefs\Thoughts_Situation_Vore.xml,def,I look positively overdue!,我看起来实在太晚了!
RV2_PreyInNavelAssimilating.stages.0.label,Assimilating prey into belly,label,ThoughtDefs\Thoughts_Situation_Vore.xml,def,Assimilating prey into belly,将猎物收腹
RV2_PreyInNavelAssimilating.stages.0.description,Tubby.,description,ThoughtDefs\Thoughts_Situation_Vore.xml,def,Tubby.,Tubby。
RV2_PreyInNavelAssimilating.stages.1.label,Assimilating two prey into belly,label,ThoughtDefs\Thoughts_Situation_Vore.xml,def,Assimilating two prey into belly,将两个猎物收腹
RV2_PreyInNavelAssimilating.stages.1.description,Chubby.,description,ThoughtDefs\Thoughts_Situation_Vore.xml,def,Chubby.,胖乎乎的。
RV2_PreyInNavelAssimilating.stages.2.label,Assimilating three prey into belly,label,ThoughtDefs\Thoughts_Situation_Vore.xml,def,Assimilating three prey into belly,将三个猎物收腹
RV2_PreyInNavelAssimilating.stages.2.description,Pudgy.,description,ThoughtDefs\Thoughts_Situation_Vore.xml,def,Pudgy.,矮胖的。
RV2_PreyInNavelAssimilating.stages.3.label,Assimilating several prey into belly,label,ThoughtDefs\Thoughts_Situation_Vore.xml,def,Assimilating several prey into belly,将几个猎物收腹
RV2_PreyInNavelAssimilating.stages.3.description,Chumby.,description,ThoughtDefs\Thoughts_Situation_Vore.xml,def,Chumby.,Chumby。
RV2_PreyInNavelExiting.stages.0.label,Releasing prey from navel,label,ThoughtDefs\Thoughts_Situation_Vore.xml,def,Releasing prey from navel,从肚脐释放猎物
RV2_PreyInNavelExiting.stages.0.description,Out you go!,description,ThoughtDefs\Thoughts_Situation_Vore.xml,def,Out you go!,出去!
RV2_PreyInNavelExiting.stages.1.label,Releasing multiple prey from navel,label,ThoughtDefs\Thoughts_Situation_Vore.xml,def,Releasing multiple prey from navel,从肚脐放生多只猎物
RV2_PreyInNavelExiting.stages.1.description,Out y'all go!,description,ThoughtDefs\Thoughts_Situation_Vore.xml,def,Out y'all go!,出去!
RV2_PreyInNavelLoosening.stages.0.label,Loosening up to absorb prey into lips,label,ThoughtDefs\Thoughts_Situation_Vore.xml,def,Loosening up to absorb prey into lips,松弛来将猎物吸进嘴唇
RV2_PreyInNavelLoosening.stages.0.description,"Don't mind the warmth in my kiss, dear. That's just... my breath!",description,ThoughtDefs\Thoughts_Situation_Vore.xml,def,"Don't mind the warmth in my <ALIMT >kiss</ALIMT>, dear. That's just... my breath!",漠视我的温暖接吻亲爱的。这只是.我的呼吸!
RV2_PreyInNavelLoosening.stages.1.label,Loosening up to absorb multiple prey into lips,label,ThoughtDefs\Thoughts_Situation_Vore.xml,def,Loosening up to absorb multiple prey into lips,松弛多个猎物进入嘴唇
RV2_PreyInNavelLoosening.stages.1.description,"Gettin' sloppy, huh?~",description,ThoughtDefs\Thoughts_Situation_Vore.xml,def,"Gettin' sloppy, huh?~",很马虎吧？~
RV2_PreyInNavelPassing.stages.0.label,Stuffing prey into navel,label,ThoughtDefs\Thoughts_Situation_Vore.xml,def,Stuffing prey into navel,将猎物塞进肚脐
RV2_PreyInNavelPassing.stages.0.description,In you go!,description,ThoughtDefs\Thoughts_Situation_Vore.xml,def,In you go!,在你身上!
RV2_PreyInNavelPassing.stages.1.label,Stuffing two prey into navel,label,ThoughtDefs\Thoughts_Situation_Vore.xml,def,Stuffing two prey into navel,将两个猎物塞进肚脐
RV2_PreyInNavelPassing.stages.1.description,In y'all go!,description,ThoughtDefs\Thoughts_Situation_Vore.xml,def,In y'all go!,进去吧!
RV2_PreyInNavelPleasuring.stages.0.label,Pleasuring prey in navel,label,ThoughtDefs\Thoughts_Situation_Vore.xml,def,Pleasuring prey in navel,令人愉悦的肚脐猎物
RV2_PreyInNavelPleasuring.stages.0.description,You're really working the lint out!,description,ThoughtDefs\Thoughts_Situation_Vore.xml,def,You're really working the lint out!,你真有在整棉绒!
RV2_PreyInNavelPleasuring.stages.1.label,Pleasuring multiple prey in navel,label,ThoughtDefs\Thoughts_Situation_Vore.xml,def,Pleasuring multiple prey in navel,在肚脐处捕食多只猎物
RV2_PreyInNavelPleasuring.stages.1.description,I didn't think I could even fit all of you.,description,ThoughtDefs\Thoughts_Situation_Vore.xml,def,I didn't think I could even fit all of you.,我甚至不认为我适合你们所有人。
RV2_PreyInNavelPurging.stages.0.label,Digging remains out of navel,label,ThoughtDefs\Thoughts_Situation_Vore.xml,def,Digging remains out of navel,从肚脐挖掘残骸
RV2_PreyInNavelPurging.stages.0.description,"Lint, lint, more lint, and some personal effects...",description,ThoughtDefs\Thoughts_Situation_Vore.xml,def,"Lint, lint, more lint, and some personal effects...",掉毛，掉毛，掉毛更多，还有一些私人物品...
RV2_PreyInNavelPurging.stages.1.label,Digging multiple remains out of navel,label,ThoughtDefs\Thoughts_Situation_Vore.xml,def,Digging multiple remains out of navel,从肚脐挖掘多个残骸
RV2_PreyInNavelPurging.stages.1.description,Crazy what people can lose in here...,description,ThoughtDefs\Thoughts_Situation_Vore.xml,def,Crazy what people can lose in here...,疯狂啊人们会在这里失去什么...
RV2_PreyInNavelReshaping.stages.0.label,Reshaping prey from belly-fat,label,ThoughtDefs\Thoughts_Situation_Vore.xml,def,Reshaping prey from belly-fat,重塑腹部肥胖的猎物
RV2_PreyInNavelReshaping.stages.0.description,I'll miss this pudge...,description,ThoughtDefs\Thoughts_Situation_Vore.xml,def,I'll miss this pudge...,我会想念这个软垫的
RV2_PreyInNavelReshaping.stages.1.label,Reshaping multiple prey from belly-fat,label,ThoughtDefs\Thoughts_Situation_Vore.xml,def,Reshaping multiple prey from belly-fat,从腹部肥胖重塑多个猎物
RV2_PreyInNavelReshaping.stages.1.description,Shriveling... shrinking...,description,ThoughtDefs\Thoughts_Situation_Vore.xml,def,Shriveling... <ALIMT >shrinking</ALIMT>...,枯萎...缩小...
RV2_PreyInNavelStoring.stages.0.label,Prey stored in navel,label,ThoughtDefs\Thoughts_Situation_Vore.xml,def,Prey stored in navel,储存在肚脐的猎物
RV2_PreyInNavelStoring.stages.0.description,Don't get lost!,description,ThoughtDefs\Thoughts_Situation_Vore.xml,def,Don't get lost!,不要迷路了!
RV2_PreyInNavelStoring.stages.1.label,Two prey stored in navel,label,ThoughtDefs\Thoughts_Situation_Vore.xml,def,Two prey stored in navel,两个猎物储存在肚脐
RV2_PreyInNavelStoring.stages.1.description,Don't get lost!,description,ThoughtDefs\Thoughts_Situation_Vore.xml,def,Don't get lost!,不要迷路了!
RV2_PreyInNavelStoring.stages.2.label,Three prey stored in navel,label,ThoughtDefs\Thoughts_Situation_Vore.xml,def,Three prey stored in navel,三个猎物储存在肚脐
RV2_PreyInNavelStoring.stages.2.description,Don't get lost!,description,ThoughtDefs\Thoughts_Situation_Vore.xml,def,Don't get lost!,不要迷路了!
RV2_PreyInNavelStoring.stages.3.label,Several prey stored in navel,label,ThoughtDefs\Thoughts_Situation_Vore.xml,def,Several prey stored in navel,一些猎物储存在肚脐
RV2_PreyInNavelStoring.stages.3.description,Don't get lost!,description,ThoughtDefs\Thoughts_Situation_Vore.xml,def,Don't get lost!,不要迷路了!
RV2_PreyInNippleAmalgamating.stages.0.label,One prey amalgamated into nipple,label,ThoughtDefs\Thoughts_Situation_Vore.xml,def,One prey amalgamated into <ALIMT >nipple</ALIMT>,一只猎物混入乳头
RV2_PreyInNippleAmalgamating.stages.0.description,Stiff and puffy...,description,ThoughtDefs\Thoughts_Situation_Vore.xml,def,Stiff and puffy...,僵硬蓬松...
RV2_PreyInNippleAmalgamating.stages.1.label,Two prey amalgamated into nipples,label,ThoughtDefs\Thoughts_Situation_Vore.xml,def,Two prey amalgamated into <ALIMT >nipples</ALIMT>,两只猎物合并成乳头
RV2_PreyInNippleAmalgamating.stages.1.description,Padding for each bud!,description,ThoughtDefs\Thoughts_Situation_Vore.xml,def,Padding for each bud!,为每个芽填充!
RV2_PreyInNippleAmalgamating.stages.2.label,Three prey amalgamated into nipples,label,ThoughtDefs\Thoughts_Situation_Vore.xml,def,Three prey amalgamated into <ALIMT >nipples</ALIMT>,三名猎物混入乳头
RV2_PreyInNippleAmalgamating.stages.2.description,You're gonna make my nips so big and firm!,description,ThoughtDefs\Thoughts_Situation_Vore.xml,def,You're gonna make my nips so big and firm!,你让我的孩子变得又大又硬!
RV2_PreyInNippleAmalgamating.stages.3.label,Several prey amalgamated into nipples,label,ThoughtDefs\Thoughts_Situation_Vore.xml,def,Several prey amalgamated into <ALIMT >nipples</ALIMT>,数个猎物混入乳头
RV2_PreyInNippleAmalgamating.stages.3.description,"So tender, so perky!~",description,ThoughtDefs\Thoughts_Situation_Vore.xml,def,"So tender, so perky!~",~
RV2_PreyInNippleAssimilating.stages.0.label,Assimilating prey into nipple,label,ThoughtDefs\Thoughts_Situation_Vore.xml,def,Assimilating prey into <ALIMT >nipple</ALIMT>,正在将猎物同化乳头
RV2_PreyInNippleAssimilating.stages.0.description,Stiff and puffy...,description,ThoughtDefs\Thoughts_Situation_Vore.xml,def,Stiff and puffy...,僵硬蓬松...
RV2_PreyInNippleAssimilating.stages.1.label,Assimilating two prey into nipples,label,ThoughtDefs\Thoughts_Situation_Vore.xml,def,Assimilating two prey into <ALIMT >nipples</ALIMT>,将两个猎物同化乳头
RV2_PreyInNippleAssimilating.stages.1.description,Padding for each bud!,description,ThoughtDefs\Thoughts_Situation_Vore.xml,def,Padding for each bud!,为每个芽填充!
RV2_PreyInNippleAssimilating.stages.2.label,Assimilating three prey into nipples,label,ThoughtDefs\Thoughts_Situation_Vore.xml,def,Assimilating three prey into <ALIMT >nipples</ALIMT>,将三名猎物同化乳头
RV2_PreyInNippleAssimilating.stages.2.description,Enjoy being suckled and milked...~,description,ThoughtDefs\Thoughts_Situation_Vore.xml,def,Enjoy being suckled and milked...~,享受被吮吸和收取的乐趣... ~
RV2_PreyInNippleAssimilating.stages.3.label,Assimilating several prey into nipples,label,ThoughtDefs\Thoughts_Situation_Vore.xml,def,Assimilating several prey into <ALIMT >nipples</ALIMT>,多个猎物被吸收乳头
RV2_PreyInNippleAssimilating.stages.3.description,Anyone else wanna give 'em a tweak?,description,ThoughtDefs\Thoughts_Situation_Vore.xml,def,Anyone else wanna give 'em a tweak?,还有谁想稍微调整一下？
RV2_PreyInNippleContacting.stages.0.label,Pre-absorption nipple pleasure,label,ThoughtDefs\Thoughts_Situation_Vore.xml,def,Pre-absorption <ALIMT >nipple</ALIMT> pleasure,预吸收乳头愉悦
RV2_PreyInNippleContacting.stages.0.description,Who says I can't play with my nip-puffers before I absorb them?,description,ThoughtDefs\Thoughts_Situation_Vore.xml,def,Who says I can't play with my nip-puffers before I absorb them?,谁说我不能在吸收它们之前和它们玩？
RV2_PreyInNippleContacting.stages.1.label,Pre-absorption nipple pleasure,label,ThoughtDefs\Thoughts_Situation_Vore.xml,def,Pre-absorption <ALIMT >nipple</ALIMT> pleasure,预吸收乳头愉悦
RV2_PreyInNippleContacting.stages.1.description,Perfect! At least one mouth on each tit!,description,ThoughtDefs\Thoughts_Situation_Vore.xml,def,Perfect! At least one mouth on each tit!,完美!每只山雀上至少有一张嘴!
RV2_PreyInNippleLoosening.stages.0.label,Loosening up to absorb prey into nipple,label,ThoughtDefs\Thoughts_Situation_Vore.xml,def,Loosening up to absorb prey into <ALIMT >nipple</ALIMT>,松动以将猎物吸收入乳头
RV2_PreyInNippleLoosening.stages.0.description,The milk's coming; just keep sucking!,description,ThoughtDefs\Thoughts_Situation_Vore.xml,def,The milk's coming; just keep sucking!,奶白要来了，继续吮吸!
RV2_PreyInNippleLoosening.stages.1.label,Loosening up to absorb multiple prey into nipples,label,ThoughtDefs\Thoughts_Situation_Vore.xml,def,Loosening up to absorb multiple prey into <ALIMT >nipples</ALIMT>,松懈以吸收多个猎物乳头
RV2_PreyInNippleLoosening.stages.1.description,"Greedy drinkers, aren't you?",description,ThoughtDefs\Thoughts_Situation_Vore.xml,def,"Greedy drinkers, aren't you?",贪婪的饮酒者，是吗？
RV2_PreyInNipplePurging.stages.0.label,Pressing remains out of nipple,label,ThoughtDefs\Thoughts_Situation_Vore.xml,def,Pressing remains out of <ALIMT >nipple</ALIMT>,将残骸退出乳头
RV2_PreyInNipplePurging.stages.0.description,Gotta work the air out!,description,ThoughtDefs\Thoughts_Situation_Vore.xml,def,Gotta work the air out!,我得去吹气!
RV2_PreyInNipplePurging.stages.1.label,Pressing multiple remains out of nipples,label,ThoughtDefs\Thoughts_Situation_Vore.xml,def,Pressing multiple remains out of <ALIMT >nipples</ALIMT>,将多个遗骸按出乳头
RV2_PreyInNipplePurging.stages.1.description,I might actually start lactating for real if I keep this up...~,description,ThoughtDefs\Thoughts_Situation_Vore.xml,def,I might actually start lactating for real if I keep this up...~,~ 如果我坚持下去，我可能会真正开始哺乳期... ~
RV2_PreyInNippleReshaping.stages.0.label,Reshaping prey from nipple,label,ThoughtDefs\Thoughts_Situation_Vore.xml,def,Reshaping prey from <ALIMT >nipple</ALIMT>,重塑猎物乳头
RV2_PreyInNippleReshaping.stages.0.description,I'll miss this perkiness...,description,ThoughtDefs\Thoughts_Situation_Vore.xml,def,I'll miss this perkiness...,我会怀念这种充满活力的心情...
RV2_PreyInNippleReshaping.stages.1.label,Reshaping multiple prey from nipples,label,ThoughtDefs\Thoughts_Situation_Vore.xml,def,Reshaping multiple prey from <ALIMT >nipples</ALIMT>,重塑多个猎物乳头
RV2_PreyInNippleReshaping.stages.1.description,Shriveling... shrinking...,description,ThoughtDefs\Thoughts_Situation_Vore.xml,def,Shriveling... <ALIMT >shrinking</ALIMT>...,枯萎...缩小...
RV2_PreyInOvaryConvertingEggs.stages.0.label,Ovifying prey in ovary,label,ThoughtDefs\Thoughts_Situation_Vore.xml,def,Ovifying prey in ovary,卵巢内产卵
RV2_PreyInOvaryConvertingEggs.stages.0.description,I already feel more fertile... I think. Certainly randier!,description,ThoughtDefs\Thoughts_Situation_Vore.xml,def,I already feel more fertile... I think. Certainly randier!,我已经感觉生育能力增强了...是的。非常愤怒!
RV2_PreyInOvaryConvertingEggs.stages.1.label,Ovifying two prey in ovaries,label,ThoughtDefs\Thoughts_Situation_Vore.xml,def,Ovifying two prey in ovaries,在卵巢中产卵
RV2_PreyInOvaryConvertingEggs.stages.1.description,All these eggs...~,description,ThoughtDefs\Thoughts_Situation_Vore.xml,def,All these eggs...~,所有这些蛋... ~
RV2_PreyInOvaryConvertingEggs.stages.2.label,Ovifying three prey in ovaries,label,ThoughtDefs\Thoughts_Situation_Vore.xml,def,Ovifying three prey in ovaries,卵巢内产卵 (三)
RV2_PreyInOvaryConvertingEggs.stages.2.description,"I look pregnant--er, eggnant--already!",description,ThoughtDefs\Thoughts_Situation_Vore.xml,def,"I look <ALIMT >pregnant</ALIMT>--er, eggnant--already!",我看怀孕-- 呃，鸡蛋 -- 已经!
RV2_PreyInOvaryConvertingEggs.stages.3.label,Ovifying several prey in ovaries,label,ThoughtDefs\Thoughts_Situation_Vore.xml,def,Ovifying several prey in ovaries,在卵巢内产卵
RV2_PreyInOvaryConvertingEggs.stages.3.description,OH MERCY CAN SOMEONE PLEASE BREED ME ALREADY?!,description,ThoughtDefs\Thoughts_Situation_Vore.xml,def,OH MERCY CAN SOMEONE PLEASE BREED ME ALREADY?!,哦，仁慈，有人能培育我吗？!
RV2_PreyInOvaryDissolvingEggs.stages.0.label,Dissolving live prey into eggs,label,ThoughtDefs\Thoughts_Situation_Vore.xml,def,Dissolving live prey into eggs,正在将活着的猎物溶解成卵
RV2_PreyInOvaryDissolvingEggs.stages.0.description,At least you'll be making new life!,description,ThoughtDefs\Thoughts_Situation_Vore.xml,def,At least you'll be making new life!,至少你会开始新的生活!
RV2_PreyInOvaryDissolvingEggs.stages.1.label,Dissolving two live prey into eggs,label,ThoughtDefs\Thoughts_Situation_Vore.xml,def,Dissolving two live prey into eggs,将两个活物溶解成卵
RV2_PreyInOvaryDissolvingEggs.stages.1.description,One in each horn! Symmetry!,description,ThoughtDefs\Thoughts_Situation_Vore.xml,def,One in each horn! Symmetry!,每个角各一个!对称!
RV2_PreyInOvaryDissolvingEggs.stages.2.label,Dissolving three live prey into eggs,label,ThoughtDefs\Thoughts_Situation_Vore.xml,def,Dissolving three live prey into eggs,将三名活着的猎物溶解成卵
RV2_PreyInOvaryDissolvingEggs.stages.2.description,"How many eggs will you all make, I wonder?",description,ThoughtDefs\Thoughts_Situation_Vore.xml,def,"How many eggs will you all make, I wonder?",我想知道你们会制作多少个鸡蛋？
RV2_PreyInOvaryDissolvingEggs.stages.3.label,Dissolving several live prey into eggs,label,ThoughtDefs\Thoughts_Situation_Vore.xml,def,Dissolving several live prey into eggs,将多个活着的猎物溶解成卵
RV2_PreyInOvaryDissolvingEggs.stages.3.description,"I think I'm in for a fun time, once you're all eggified.~",description,ThoughtDefs\Thoughts_Situation_Vore.xml,def,"I think I'm in for a fun time, once you're all eggified.~",~
RV2_PreyInOvaryMushingEggs.stages.0.label,Breaking down prey into eggs,label,ThoughtDefs\Thoughts_Situation_Vore.xml,def,Breaking down prey into eggs,将猎物分解成卵
RV2_PreyInOvaryMushingEggs.stages.0.description,"You've accepted your fate, then?",description,ThoughtDefs\Thoughts_Situation_Vore.xml,def,"You've accepted your fate, then?",你已经接受了你的命运？
RV2_PreyInOvaryMushingEggs.stages.1.label,Breaking down two prey into eggs,label,ThoughtDefs\Thoughts_Situation_Vore.xml,def,Breaking down two prey into eggs,将两个猎物分解成卵
RV2_PreyInOvaryMushingEggs.stages.1.description,You two will be put to good use!~,description,ThoughtDefs\Thoughts_Situation_Vore.xml,def,You two will be put to good use!~,你们两个会得到很好的利用的!~
RV2_PreyInOvaryMushingEggs.stages.2.label,Breaking down three prey into eggs,label,ThoughtDefs\Thoughts_Situation_Vore.xml,def,Breaking down three prey into eggs,将三名猎物分解成卵
RV2_PreyInOvaryMushingEggs.stages.2.description,"Gonna need to schedule some dicking-down, and soon!~",description,ThoughtDefs\Thoughts_Situation_Vore.xml,def,"Gonna need to schedule some dicking-down, and soon!~",我需要尽快安排一些鸡仔游戏!~
RV2_PreyInOvaryMushingEggs.stages.3.label,Breaking down several prey into eggs,label,ThoughtDefs\Thoughts_Situation_Vore.xml,def,Breaking down several prey into eggs,将几个猎物分解成卵
RV2_PreyInOvaryMushingEggs.stages.3.description,"After life, death; after death, life again.~",description,ThoughtDefs\Thoughts_Situation_Vore.xml,def,"After life, death; after death, life again.~",生与死之后; 死了之后，又活了一次。~
RV2_PreyInOvaryWarming.stages.0.label,Warming up ovary for prey,label,ThoughtDefs\Thoughts_Situation_Vore.xml,def,Warming up ovary for prey,为猎物预热卵巢
RV2_PreyInOvaryWarming.stages.0.description,"Oh, the plans I have for you!",description,ThoughtDefs\Thoughts_Situation_Vore.xml,def,"Oh, the plans I have for you!",哦，我为你准备的计划!
RV2_PreyInOvaryWarming.stages.1.label,Warming up ovary for multiple prey,label,ThoughtDefs\Thoughts_Situation_Vore.xml,def,Warming up ovary for multiple prey,为多个猎物预热卵巢
RV2_PreyInOvaryWarming.stages.1.description,"Oh, the plans I have for you!",description,ThoughtDefs\Thoughts_Situation_Vore.xml,def,"Oh, the plans I have for you!",哦，我为你准备的计划!
RV2_PreyInTailmawExiting.stages.0.label,Spitting prey out of tailmaw,label,ThoughtDefs\Thoughts_Situation_Vore.xml,def,Spitting prey out of tailmaw,从一个突出的灵活附肢，是身体的一部分，通常从躯干的后部突出。不适用于没有腿的身体。上喷吐猎物
RV2_PreyInTailmawExiting.stages.0.description,Dinner's coming back up... At least it's not out my main mouth.,description,ThoughtDefs\Thoughts_Situation_Vore.xml,def,Dinner's coming back up... At least it's not out my main mouth.,晚餐回来了...至少它不是我的主嘴。
RV2_PreyInTailmawExiting.stages.1.label,Spitting multiple prey out of tailmaw,label,ThoughtDefs\Thoughts_Situation_Vore.xml,def,Spitting multiple prey out of tailmaw,将多个猎物从一个突出的灵活附肢，是身体的一部分，通常从躯干的后部突出。不适用于没有腿的身体。上喷出
RV2_PreyInTailmawExiting.stages.1.description,Really straining my tail-lips here...,description,ThoughtDefs\Thoughts_Situation_Vore.xml,def,Really straining my <ALIMT >tail</ALIMT>-lips here...,好疼一个突出的灵活附肢，是身体的一部分，通常从躯干的后部突出。不适用于没有腿的身体。-嘴唇在这里...
RV2_PreyInTailmawPassing.stages.0.label,Swallowing prey with tail,label,ThoughtDefs\Thoughts_Situation_Vore.xml,def,Swallowing prey with <ALIMT >tail</ALIMT>,吞下猎物一个突出的灵活附肢，是身体的一部分，通常从躯干的后部突出。不适用于没有腿的身体。
RV2_PreyInTailmawPassing.stages.0.description,Bottom's up!,description,ThoughtDefs\Thoughts_Situation_Vore.xml,def,Bottom's up!,自下而上!
RV2_PreyInTailmawPassing.stages.1.label,Swallowing several prey with tail,label,ThoughtDefs\Thoughts_Situation_Vore.xml,def,Swallowing several prey with <ALIMT >tail</ALIMT>,吞下多个猎物一个突出的灵活附肢，是身体的一部分，通常从躯干的后部突出。不适用于没有腿的身体。
RV2_PreyInTailmawPassing.stages.1.description,"Come on, get in there!",description,ThoughtDefs\Thoughts_Situation_Vore.xml,def,"Come on, get in there!",快点，钻进去!
RV2_PreyInTailmawPleasuring.stages.0.label,Pleasuring prey in tailmaw,label,ThoughtDefs\Thoughts_Situation_Vore.xml,def,Pleasuring prey in tailmaw,在一个突出的灵活附肢，是身体的一部分，通常从躯干的后部突出。不适用于没有腿的身体。上愉悦猎物
RV2_PreyInTailmawPleasuring.stages.0.description,"It may not be a true mouth, but it can still explore all your private places!~",description,ThoughtDefs\Thoughts_Situation_Vore.xml,def,"It may not be a true mouth, but it can still explore all your private places!~",它可能不是一个真正的嘴，但它仍然可以探索你所有的私人场所!~
RV2_PreyInTailmawPleasuring.stages.1.label,Pleasuring multiple prey in tailmaw,label,ThoughtDefs\Thoughts_Situation_Vore.xml,def,Pleasuring multiple prey in tailmaw,让多只一个突出的灵活附肢，是身体的一部分，通常从躯干的后部突出。不适用于没有腿的身体。里的猎物愉悦
RV2_PreyInTailmawPleasuring.stages.1.description,Two at once? All the tastier.,description,ThoughtDefs\Thoughts_Situation_Vore.xml,def,Two at once? All the tastier.,一次两个？所有味道都更美味。
RV2_PreyInTailThroatPassing.stages.0.label,Prey in tail-throat,label,ThoughtDefs\Thoughts_Situation_Vore.xml,def,Prey in <ALIMT >tail</ALIMT>-throat,捕食一个突出的灵活附肢，是身体的一部分，通常从躯干的后部突出。不适用于没有腿的身体。-咽喉
RV2_PreyInTailThroatPassing.stages.0.description,Something to grind on while I wait for you to go down...~,description,ThoughtDefs\Thoughts_Situation_Vore.xml,def,Something to grind on while I wait for you to go down...~,在我等待你下去的时候，有东西需要打磨... ~
RV2_PreyInTailThroatPassing.stages.1.label,Multiple prey in tail-throat,label,ThoughtDefs\Thoughts_Situation_Vore.xml,def,Multiple prey in <ALIMT >tail</ALIMT>-throat,多个猎物一个突出的灵活附肢，是身体的一部分，通常从躯干的后部突出。不适用于没有腿的身体。-咽喉
RV2_PreyInTailThroatPassing.stages.1.description,Any more and I might have to start dragging my tail on the ground...~,description,ThoughtDefs\Thoughts_Situation_Vore.xml,def,Any more and I might have to start dragging my <ALIMT >tail</ALIMT> on the ground...~,我可能还得拖拖拉拉了一个突出的灵活附肢，是身体的一部分，通常从躯干的后部突出。不适用于没有腿的身体。在地上... ~
RV2_PreyInTailThroatPleasuring.stages.0.label,Pleasuring prey in tail-throat,label,ThoughtDefs\Thoughts_Situation_Vore.xml,def,Pleasuring prey in <ALIMT >tail</ALIMT>-throat,捕食动物一个突出的灵活附肢，是身体的一部分，通常从躯干的后部突出。不适用于没有腿的身体。-咽喉
RV2_PreyInTailThroatPleasuring.stages.0.description,How close can I pull you to my stomach without taking you all the way in?~,description,ThoughtDefs\Thoughts_Situation_Vore.xml,def,How close can I pull you to my stomach without taking you all the way in?~,我能在不把你完全带进去的情况下把你拉进我的肚子里有多近？~
RV2_PreyInTailThroatPleasuring.stages.1.label,Pleasuring multiple prey in tail-throat,label,ThoughtDefs\Thoughts_Situation_Vore.xml,def,Pleasuring multiple prey in <ALIMT >tail</ALIMT>-throat,捕食多只猎物一个突出的灵活附肢，是身体的一部分，通常从躯干的后部突出。不适用于没有腿的身体。-咽喉
RV2_PreyInTailThroatPleasuring.stages.1.description,I can barely keep my tail straight with all this rocking around!,description,ThoughtDefs\Thoughts_Situation_Vore.xml,def,I can barely keep my <ALIMT >tail</ALIMT> straight with all this rocking around!,我几乎无法保住我的一个突出的灵活附肢，是身体的一部分，通常从躯干的后部突出。不适用于没有腿的身体。所有这些东西都在不停地摇晃!
RV2_PreyInTailThroatStoring.stages.0.label,Prey stored in tail-throat,label,ThoughtDefs\Thoughts_Situation_Vore.xml,def,Prey stored in <ALIMT >tail</ALIMT>-throat,猎物储存于一个突出的灵活附肢，是身体的一部分，通常从躯干的后部突出。不适用于没有腿的身体。-咽喉
RV2_PreyInTailThroatStoring.stages.0.description,A counterbalance!,description,ThoughtDefs\Thoughts_Situation_Vore.xml,def,A counterbalance!,一个制衡者!
RV2_PreyInTailThroatStoring.stages.1.label,Two prey stored in tail-throat,label,ThoughtDefs\Thoughts_Situation_Vore.xml,def,Two prey stored in <ALIMT >tail</ALIMT>-throat,两个猎物储存于一个突出的灵活附肢，是身体的一部分，通常从躯干的后部突出。不适用于没有腿的身体。-咽喉
RV2_PreyInTailThroatStoring.stages.1.description,Look at that--my tail has an elbow now!,description,ThoughtDefs\Thoughts_Situation_Vore.xml,def,Look at that--my <ALIMT >tail</ALIMT> has an elbow now!,快看... 我的一个突出的灵活附肢，是身体的一部分，通常从躯干的后部突出。不适用于没有腿的身体。现在有肘部了!
RV2_PreyInTailThroatStoring.stages.2.label,Three prey stored in tail-throat,label,ThoughtDefs\Thoughts_Situation_Vore.xml,def,Three prey stored in <ALIMT >tail</ALIMT>-throat,三个猎物储存于一个突出的灵活附肢，是身体的一部分，通常从躯干的后部突出。不适用于没有腿的身体。-咽喉
RV2_PreyInTailThroatStoring.stages.2.description,I can't even curl my tail anymore!,description,ThoughtDefs\Thoughts_Situation_Vore.xml,def,I can't even curl my <ALIMT >tail</ALIMT> anymore!,我甚至不能卷曲我的一个突出的灵活附肢，是身体的一部分，通常从躯干的后部突出。不适用于没有腿的身体。再也见不到了!
RV2_PreyInTailThroatStoring.stages.3.label,Several prey stored in tail-throat,label,ThoughtDefs\Thoughts_Situation_Vore.xml,def,Several prey stored in <ALIMT >tail</ALIMT>-throat,一些猎物储存于一个突出的灵活附肢，是身体的一部分，通常从躯干的后部突出。不适用于没有腿的身体。-咽喉
RV2_PreyInTailThroatStoring.stages.3.description,I could knock a building over with my tail!,description,ThoughtDefs\Thoughts_Situation_Vore.xml,def,I could knock a building over with my <ALIMT >tail</ALIMT>!,我可以用我的一个突出的灵活附肢，是身体的一部分，通常从躯干的后部突出。不适用于没有腿的身体。不!
RV2_PreyInTesticlesConvertingChemfuel.stages.0.label,Olifying prey in balls,label,ThoughtDefs\Thoughts_Situation_Vore.xml,def,Olifying prey in balls,将猎物投射出
RV2_PreyInTesticlesConvertingChemfuel.stages.0.description,There's that groovy burn in my balls!,description,ThoughtDefs\Thoughts_Situation_Vore.xml,def,There's that groovy burn in my balls!,我的蛋蛋被灼烧了!
RV2_PreyInTesticlesConvertingChemfuel.stages.1.label,Olifying two prey in balls,label,ThoughtDefs\Thoughts_Situation_Vore.xml,def,Olifying two prey in balls,正在将两个猎物捕获并杀死
RV2_PreyInTesticlesConvertingChemfuel.stages.1.description,This is way better than milking boomalopes all day!,description,ThoughtDefs\Thoughts_Situation_Vore.xml,def,This is way better than <ALIMT >milking</ALIMT> boomalopes all day!,这比挤奶一整天都在爆炸爆炸!
RV2_PreyInTesticlesConvertingChemfuel.stages.2.label,Olifying three prey in balls,label,ThoughtDefs\Thoughts_Situation_Vore.xml,def,Olifying three prey in balls,正在将三名猎物捕获并杀死
RV2_PreyInTesticlesConvertingChemfuel.stages.2.description,Maybe I should get some fire and put on a show...~,description,ThoughtDefs\Thoughts_Situation_Vore.xml,def,Maybe I should get some fire and put on a show...~,~
RV2_PreyInTesticlesConvertingChemfuel.stages.3.label,Olifying several prey in balls,label,ThoughtDefs\Thoughts_Situation_Vore.xml,def,Olifying several prey in balls,正在对几只球里的猎物进行狩猎
RV2_PreyInTesticlesConvertingChemfuel.stages.3.description,Now which generator should I fuck first?,description,ThoughtDefs\Thoughts_Situation_Vore.xml,def,Now which generator should I fuck first?,我应该先操哪台发电机？
RV2_PreyInTesticlesDissolvingChemfuel.stages.0.label,Dissolving live prey into chem-cum,label,ThoughtDefs\Thoughts_Situation_Vore.xml,def,Dissolving live prey into chem-<ALIMT >cum</ALIMT>,正在将活着的猎物溶解成化学-精液
RV2_PreyInTesticlesDissolvingChemfuel.stages.0.description,What's the matter? Can't stay upright in there?,description,ThoughtDefs\Thoughts_Situation_Vore.xml,def,What's the matter? Can't stay upright in there?,什么事？不能直立在那里吗？
RV2_PreyInTesticlesDissolvingChemfuel.stages.1.label,Dissolving two live prey into chem-cum,label,ThoughtDefs\Thoughts_Situation_Vore.xml,def,Dissolving two live prey into chem-<ALIMT >cum</ALIMT>,将两个活物溶解成化学-精液
RV2_PreyInTesticlesDissolvingChemfuel.stages.1.description,Keep thrashing. It's way too slick in there to climb even an inch.,description,ThoughtDefs\Thoughts_Situation_Vore.xml,def,Keep thrashing. It's way too slick in there to climb even an inch.,继续敲打。在那里太光滑了，一英寸也爬不进去。
RV2_PreyInTesticlesDissolvingChemfuel.stages.2.label,Dissolving three live prey into chem-cum,label,ThoughtDefs\Thoughts_Situation_Vore.xml,def,Dissolving three live prey into chem-<ALIMT >cum</ALIMT>,将三名活物溶解成化学-精液
RV2_PreyInTesticlesDissolvingChemfuel.stages.2.description,"You're all more useful this way, I promise!",description,ThoughtDefs\Thoughts_Situation_Vore.xml,def,"You're all more useful this way, I promise!",我保证，这样你们就更有用了!
RV2_PreyInTesticlesDissolvingChemfuel.stages.3.label,Dissolving several live prey into chem-cum,label,ThoughtDefs\Thoughts_Situation_Vore.xml,def,Dissolving several live prey into chem-<ALIMT >cum</ALIMT>,将几个活物溶解成化学-精液
RV2_PreyInTesticlesDissolvingChemfuel.stages.3.description,Was that a lighter? Cute. It's too wet in there to light me up.~,description,ThoughtDefs\Thoughts_Situation_Vore.xml,def,Was that a lighter? Cute. It's too wet in there to light me up.~,那是打火机吗？很可爱。那里太湿了，无法照亮我。~
RV2_PreyInTesticlesMushingChemfuel.stages.0.label,Breaking down prey into chem-cum,label,ThoughtDefs\Thoughts_Situation_Vore.xml,def,Breaking down prey into chem-<ALIMT >cum</ALIMT>,将猎物分解成化学物质-精液
RV2_PreyInTesticlesMushingChemfuel.stages.0.description,The struggle's stopped.,description,ThoughtDefs\Thoughts_Situation_Vore.xml,def,The struggle's stopped.,战斗停止了。
RV2_PreyInTesticlesMushingChemfuel.stages.1.label,Breaking down two prey into chem-cum,label,ThoughtDefs\Thoughts_Situation_Vore.xml,def,Breaking down two prey into chem-<ALIMT >cum</ALIMT>,将两个猎物分解成化学-精液
RV2_PreyInTesticlesMushingChemfuel.stages.1.description,They've started softening.,description,ThoughtDefs\Thoughts_Situation_Vore.xml,def,They've started softening.,它们开始变软了。
RV2_PreyInTesticlesMushingChemfuel.stages.2.label,Breaking down three prey into chem-cum,label,ThoughtDefs\Thoughts_Situation_Vore.xml,def,Breaking down three prey into chem-<ALIMT >cum</ALIMT>,将三个猎物分解成化学-精液
RV2_PreyInTesticlesMushingChemfuel.stages.2.description,"Oh, my loins are heating up now!",description,ThoughtDefs\Thoughts_Situation_Vore.xml,def,"Oh, my loins are heating up now!",哦，我的屁股热了!
RV2_PreyInTesticlesMushingChemfuel.stages.3.label,Breaking down several prey into chem-cum,label,ThoughtDefs\Thoughts_Situation_Vore.xml,def,Breaking down several prey into chem-<ALIMT >cum</ALIMT>,将几个猎物分解成化学物品精液
RV2_PreyInTesticlesMushingChemfuel.stages.3.description,"Come on, finish mushing!",description,ThoughtDefs\Thoughts_Situation_Vore.xml,def,"Come on, finish mushing!",快点，完成糊弄的!
RV2_PreyInUdderConvertingChemfuel.stages.0.label,Olifying prey in udder,label,ThoughtDefs\Thoughts_Situation_Vore.xml,def,Olifying prey in udder,乳房内有正在氧化的猎物
RV2_PreyInUdderConvertingChemfuel.stages.0.description,Is this gentle burn what boomalopes feel? It's like they slurped down some mild peppers...,description,ThoughtDefs\Thoughts_Situation_Vore.xml,def,Is this gentle burn what boomalopes feel? It's like they slurped down some mild peppers...,这是爆炸象的感觉吗？就像他们口吃了一些温和的胡椒.
RV2_PreyInUdderConvertingChemfuel.stages.1.label,Olifying two prey in udder,label,ThoughtDefs\Thoughts_Situation_Vore.xml,def,Olifying two prey in udder,正在对两个乳房下咽
RV2_PreyInUdderConvertingChemfuel.stages.1.description,"Woof, that's some heat!",description,ThoughtDefs\Thoughts_Situation_Vore.xml,def,"Woof, that's some heat!",哇哦，有点热!
RV2_PreyInUdderConvertingChemfuel.stages.2.label,Olifying three prey in udder,label,ThoughtDefs\Thoughts_Situation_Vore.xml,def,Olifying three prey in udder,正在屠宰三个乳房的猎物
RV2_PreyInUdderConvertingChemfuel.stages.2.description,Hell--oh hell! This has to be way better than being a boomalope!,description,ThoughtDefs\Thoughts_Situation_Vore.xml,def,<ALIMT >hell</ALIMT>--oh <ALIMT >hell</ALIMT>! This has to be way better than being a boomalope!,地狱-- 哦地狱不!这一定比成为一个爆炸羊要好得多!
RV2_PreyInUdderConvertingChemfuel.stages.3.label,Olifying several prey in udder,label,ThoughtDefs\Thoughts_Situation_Vore.xml,def,Olifying several prey in udder,正在活跃乳房内的猎物
RV2_PreyInUdderConvertingChemfuel.stages.3.description,"Oh, baby, I'm burning so good! This oughta keep the generators burning for weeks!",description,ThoughtDefs\Thoughts_Situation_Vore.xml,def,"Oh, baby, I'm burning so good! This oughta keep the generators burning for weeks!",哦，宝贝，我好疼!这应该让发电机燃烧数周!
RV2_PreyInUdderConvertingMilk.stages.0.label,Lactifying prey in udder,label,ThoughtDefs\Thoughts_Situation_Vore.xml,def,Lactifying prey in udder,乳房中处于裂解状态的猎物
RV2_PreyInUdderConvertingMilk.stages.0.description,There's that gentle tingle I love...~,description,ThoughtDefs\Thoughts_Situation_Vore.xml,def,There's that gentle tingle I love...~,我喜欢这种温柔的刺痛... ~
RV2_PreyInUdderConvertingMilk.stages.1.label,Lactifying two prey in udder,label,ThoughtDefs\Thoughts_Situation_Vore.xml,def,Lactifying two prey in udder,正在激动两个乳房的猎物
RV2_PreyInUdderConvertingMilk.stages.1.description,"Mmh, I can't wait to have a taste!",description,ThoughtDefs\Thoughts_Situation_Vore.xml,def,"Mmh, I can't wait to have a taste!",嗯，我好想尝尝!
RV2_PreyInUdderConvertingMilk.stages.2.label,Lactifying three prey in udder,label,ThoughtDefs\Thoughts_Situation_Vore.xml,def,Lactifying three prey in udder,使三个猎物集中在乳房里
RV2_PreyInUdderConvertingMilk.stages.2.description,I bet cows are envious of me!,description,ThoughtDefs\Thoughts_Situation_Vore.xml,def,I bet cows are envious of me!,我敢打赌奶牛肯定很羡慕我!
RV2_PreyInUdderConvertingMilk.stages.3.label,Lactifying several prey in udder,label,ThoughtDefs\Thoughts_Situation_Vore.xml,def,Lactifying several prey in udder,正在收集乳房内的猎物
RV2_PreyInUdderConvertingMilk.stages.3.description,I'll have enough to feed the colony for days... Or just myself.~,description,ThoughtDefs\Thoughts_Situation_Vore.xml,def,I'll have enough to feed the colony for days... Or just myself.~,我将有足够的食物来喂养这个殖民地几天...或者只有我自己。~
RV2_PreyInUdderDissolvingChemfuel.stages.0.label,Dissolving live prey into chem-milk,label,ThoughtDefs\Thoughts_Situation_Vore.xml,def,Dissolving live prey into chem-milk,将活着的猎物溶解成乳房喷出液体（通常是乳汁）。是挤奶的前置标签。
RV2_PreyInUdderDissolvingChemfuel.stages.0.description,"Pretty slippery in there, isn't it? Can't keep upright?",description,ThoughtDefs\Thoughts_Situation_Vore.xml,def,"Pretty slippery in there, isn't it? Can't keep upright?",非常滑，不是吗？无法保持直立？
RV2_PreyInUdderDissolvingChemfuel.stages.1.label,Dissolving two live prey into chem-milk,label,ThoughtDefs\Thoughts_Situation_Vore.xml,def,Dissolving two live prey into chem-milk,将两个活着的猎物溶解进乳房喷出液体（通常是乳汁）。是挤奶的前置标签。中
RV2_PreyInUdderDissolvingChemfuel.stages.1.description,"Don't worry, you two won't slide out.",description,ThoughtDefs\Thoughts_Situation_Vore.xml,def,"Don't worry, you two won't slide out.",别担心，你们两个不会滑出去的。
RV2_PreyInUdderDissolvingChemfuel.stages.2.label,Dissolving three live prey into chem-milk,label,ThoughtDefs\Thoughts_Situation_Vore.xml,def,Dissolving three live prey into chem-milk,将三名活着的猎物溶解进乳房喷出液体（通常是乳汁）。是挤奶的前置标签。中
RV2_PreyInUdderDissolvingChemfuel.stages.2.description,Starting to get tight enough y'all don't slide around.,description,ThoughtDefs\Thoughts_Situation_Vore.xml,def,Starting to get tight enough y'all don't slide around.,开始变得足够紧，不要四处滑动。
RV2_PreyInUdderDissolvingChemfuel.stages.3.label,Dissolving several live prey into chem-milk,label,ThoughtDefs\Thoughts_Situation_Vore.xml,def,Dissolving several live prey into chem-milk,将多只活着的猎物溶解进乳房喷出液体（通常是乳汁）。是挤奶的前置标签。中
RV2_PreyInUdderDissolvingChemfuel.stages.3.description,Think how much more valuable you'll all be as oil!,description,ThoughtDefs\Thoughts_Situation_Vore.xml,def,Think how much more valuable you'll all be as oil!,想想你们所有人作为石油的价值会有多大!
RV2_PreyInUdderDissolvingMilk.stages.0.label,Dissolving live prey into milk,label,ThoughtDefs\Thoughts_Situation_Vore.xml,def,Dissolving live prey into milk,将活着的猎物溶解成乳汁
RV2_PreyInUdderDissolvingMilk.stages.0.description,Ever wanted to nurture something to the fullest?,description,ThoughtDefs\Thoughts_Situation_Vore.xml,def,Ever wanted to nurture something to the fullest?,想要培育一个东西到极致吗？
RV2_PreyInUdderDissolvingMilk.stages.1.label,Dissolving two live prey into milk,label,ThoughtDefs\Thoughts_Situation_Vore.xml,def,Dissolving two live prey into milk,将两个活物溶解进乳汁中
RV2_PreyInUdderDissolvingMilk.stages.1.description,You two'll just be milk flowing from my taps here soon.,description,ThoughtDefs\Thoughts_Situation_Vore.xml,def,You two'll just be milk flowing from my taps here soon.,你们两个很快就会从我的水龙头里流出来。
RV2_PreyInUdderDissolvingMilk.stages.2.label,Dissolving three live prey into milk,label,ThoughtDefs\Thoughts_Situation_Vore.xml,def,Dissolving three live prey into milk,将三名活着的猎物溶解进乳汁中
RV2_PreyInUdderDissolvingMilk.stages.2.description,You think I can't handle a little thrashing in my dugs?,description,ThoughtDefs\Thoughts_Situation_Vore.xml,def,You think I can't handle a little thrashing in my dugs?,你认为我不能忍受在我的 dugs 身上敲击？
RV2_PreyInUdderDissolvingMilk.stages.3.label,Dissolving several live prey into milk,label,ThoughtDefs\Thoughts_Situation_Vore.xml,def,Dissolving several live prey into milk,将多只活着的猎物溶解进乳汁中
RV2_PreyInUdderDissolvingMilk.stages.3.description,I hope we can drink all of y'all before you spoil!,description,ThoughtDefs\Thoughts_Situation_Vore.xml,def,I hope we can drink all of y'all before you spoil!,我希望在你们宠坏之前，我们能把你们都喝了!
RV2_PreyInUdderMushingChemfuel.stages.0.label,Breaking down prey into chem-milk,label,ThoughtDefs\Thoughts_Situation_Vore.xml,def,Breaking down prey into chem-milk,将猎物分解成乳房喷出液体（通常是乳汁）。是挤奶的前置标签。
RV2_PreyInUdderMushingChemfuel.stages.0.description,Stopped trying to fight the slickness already?,description,ThoughtDefs\Thoughts_Situation_Vore.xml,def,Stopped trying to fight the slickness already?,你已经不再尝试用马术了？
RV2_PreyInUdderMushingChemfuel.stages.1.label,Breaking down two prey into chem-milk,label,ThoughtDefs\Thoughts_Situation_Vore.xml,def,Breaking down two prey into chem-milk,将两个猎物分解成化学产物
RV2_PreyInUdderMushingChemfuel.stages.1.description,"Jellified already? Just gotta thin you down, then.",description,ThoughtDefs\Thoughts_Situation_Vore.xml,def,"Jellified already? Just gotta thin you down, then.",已经冻僵了？那就让你变得纤细一些。
RV2_PreyInUdderMushingChemfuel.stages.2.label,Breaking down three prey into chem-milk,label,ThoughtDefs\Thoughts_Situation_Vore.xml,def,Breaking down three prey into chem-milk,将三名猎物分解成化学产物
RV2_PreyInUdderMushingChemfuel.stages.2.description,Starting to feel a bit of that gentle burn now...,description,ThoughtDefs\Thoughts_Situation_Vore.xml,def,Starting to feel a bit of that gentle burn now...,现在感觉有点烧伤了...
RV2_PreyInUdderMushingChemfuel.stages.3.label,Breaking down several prey into chem-milk,label,ThoughtDefs\Thoughts_Situation_Vore.xml,def,Breaking down several prey into chem-milk,将多名猎物分解成化学产物
RV2_PreyInUdderMushingChemfuel.stages.3.description,"Oh yeah, here comes the burn, real soon!",description,ThoughtDefs\Thoughts_Situation_Vore.xml,def,"Oh yeah, here comes the burn, real soon!",哦，是的，烧伤来了，真的很快!
RV2_PreyInUdderMushingMilk.stages.0.label,Breaking down prey into milk,label,ThoughtDefs\Thoughts_Situation_Vore.xml,def,Breaking down prey into milk,将猎物分解成乳汁
RV2_PreyInUdderMushingMilk.stages.0.description,Gone soft already?,description,ThoughtDefs\Thoughts_Situation_Vore.xml,def,Gone soft already?,已经温软了？
RV2_PreyInUdderMushingMilk.stages.1.label,Breaking down two prey into milk,label,ThoughtDefs\Thoughts_Situation_Vore.xml,def,Breaking down two prey into milk,将两个猎物分解为乳汁
RV2_PreyInUdderMushingMilk.stages.1.description,Back to the old jiggle-and-wobble.,description,ThoughtDefs\Thoughts_Situation_Vore.xml,def,Back to the old jiggle-and-wobble.,回到过去的摇晃和摇晃状态。
RV2_PreyInUdderMushingMilk.stages.2.label,Breaking down three prey into milk,label,ThoughtDefs\Thoughts_Situation_Vore.xml,def,Breaking down three prey into milk,将三名猎物分解为乳汁
RV2_PreyInUdderMushingMilk.stages.2.description,Looks like my milkbag's rounding out...,description,ThoughtDefs\Thoughts_Situation_Vore.xml,def,Looks like my milkbag's rounding out...,看来我的奶袋已经满了...
RV2_PreyInUdderMushingMilk.stages.3.label,Breaking down several prey into milk,label,ThoughtDefs\Thoughts_Situation_Vore.xml,def,Breaking down several prey into milk,将几个猎物分解成乳汁
RV2_PreyInUdderMushingMilk.stages.3.description,I can already feel that familiar tingle!,description,ThoughtDefs\Thoughts_Situation_Vore.xml,def,I can already feel that familiar tingle!,我已经能感受到那种熟悉的刺痛!
RV2_PreyInUdderPleasuring.stages.0.label,Pleasuring prey in udder,label,ThoughtDefs\Thoughts_Situation_Vore.xml,def,Pleasuring prey in udder,乳房内有愉悦的猎物
RV2_PreyInUdderPleasuring.stages.0.description,Don't stop...,description,ThoughtDefs\Thoughts_Situation_Vore.xml,def,Don't <ALIMT >stop</ALIMT>...,不停止...
RV2_PreyInUdderPleasuring.stages.1.label,Pleasuring two prey in udder,label,ThoughtDefs\Thoughts_Situation_Vore.xml,def,Pleasuring two prey in udder,取悦两个乳房的猎物
RV2_PreyInUdderPleasuring.stages.1.description,"Keep going, both of you...!",description,ThoughtDefs\Thoughts_Situation_Vore.xml,def,"Keep going, both of you...!",你们两个继续...!
RV2_PreyInUdderPleasuring.stages.2.label,Pleasuring three prey in udder,label,ThoughtDefs\Thoughts_Situation_Vore.xml,def,Pleasuring three prey in udder,取悦三个乳房的猎物
RV2_PreyInUdderPleasuring.stages.2.description,Three... all at once!,description,ThoughtDefs\Thoughts_Situation_Vore.xml,def,Three... all at once!,三个... 同时建造!
RV2_PreyInUdderPleasuring.stages.3.label,Pleasuring several prey in udder,label,ThoughtDefs\Thoughts_Situation_Vore.xml,def,Pleasuring several prey in udder,取悦几个乳房的猎物
RV2_PreyInUdderPleasuring.stages.3.description,I'M GONNA--,description,ThoughtDefs\Thoughts_Situation_Vore.xml,def,I'M GONNA--,我要 --
RV2_PreyInUdderStoring.stages.0.label,Prey stored in udder,label,ThoughtDefs\Thoughts_Situation_Vore.xml,def,Prey stored in udder,储存在乳房中的猎物
RV2_PreyInUdderStoring.stages.0.description,My udder's laden. I'd be unbalanced if they were in my tits!,description,ThoughtDefs\Thoughts_Situation_Vore.xml,def,My udder's laden. I'd be unbalanced if they were in my tits!,我的乳房已经满了。如果它们在我的乳房里，我会失去平衡的!
RV2_PreyInUdderStoring.stages.1.label,Two prey stored in udder,label,ThoughtDefs\Thoughts_Situation_Vore.xml,def,Two prey stored in udder,乳房内储存两个猎物
RV2_PreyInUdderStoring.stages.1.description,I'm not even close to having all my teats plugged!,description,ThoughtDefs\Thoughts_Situation_Vore.xml,def,I'm not even close to having all my teats plugged!,我甚至都没有把我所有的乳头都塞好!
RV2_PreyInUdderStoring.stages.2.label,Three prey stored in udder,label,ThoughtDefs\Thoughts_Situation_Vore.xml,def,Three prey stored in udder,乳房内储存三名猎物
RV2_PreyInUdderStoring.stages.2.description,Three vacancies filled!,description,ThoughtDefs\Thoughts_Situation_Vore.xml,def,Three vacancies filled!,三个职位!
RV2_PreyInUdderStoring.stages.3.label,Several prey stored in udder,label,ThoughtDefs\Thoughts_Situation_Vore.xml,def,Several prey stored in udder,数个猎物泡在乳房里
RV2_PreyInUdderStoring.stages.3.description,"Is that all of my teats plugged up now? Eh, might as well make sure.",description,ThoughtDefs\Thoughts_Situation_Vore.xml,def,"Is that all of my teats plugged up now? Eh, might as well make sure.",我所有的奶头都堵上了吗？嗯，还是确保一下为好。
RV2_PreyInUdderWarming.stages.0.label,Warming up udder for prey,label,ThoughtDefs\Thoughts_Situation_Vore.xml,def,Warming up udder for prey,为猎物预热乳房
RV2_PreyInUdderWarming.stages.0.description,"Oh, the plans I have for you!",description,ThoughtDefs\Thoughts_Situation_Vore.xml,def,"Oh, the plans I have for you!",哦，我为你准备的计划!
RV2_PreyInUdderWarming.stages.1.label,Warming up udder for multiple prey,label,ThoughtDefs\Thoughts_Situation_Vore.xml,def,Warming up udder for multiple prey,为多个猎物预热乳房
RV2_PreyInUdderWarming.stages.1.description,"Oh, the plans I have for you!",description,ThoughtDefs\Thoughts_Situation_Vore.xml,def,"Oh, the plans I have for you!",哦，我为你准备的计划!
RV2_PreyInUdderNippleAmalgamating.stages.0.label,One prey amalgamated into teat,label,ThoughtDefs\Thoughts_Situation_Vore.xml,def,One prey amalgamated into teat,一只猎物变成了乳头
RV2_PreyInUdderNippleAmalgamating.stages.0.description,Stiff and puffy...,description,ThoughtDefs\Thoughts_Situation_Vore.xml,def,Stiff and puffy...,僵硬蓬松...
RV2_PreyInUdderNippleAmalgamating.stages.1.label,Two prey amalgamated into teats,label,ThoughtDefs\Thoughts_Situation_Vore.xml,def,Two prey amalgamated into teats,两只猎物合并成乳头
RV2_PreyInUdderNippleAmalgamating.stages.1.description,It's a start!,description,ThoughtDefs\Thoughts_Situation_Vore.xml,def,It's a start!,这是个开始!
RV2_PreyInUdderNippleAmalgamating.stages.2.label,Three prey amalgamated into teats,label,ThoughtDefs\Thoughts_Situation_Vore.xml,def,Three prey amalgamated into teats,三名猎物合并成乳头
RV2_PreyInUdderNippleAmalgamating.stages.2.description,You're gonna make my teats so big and firm!,description,ThoughtDefs\Thoughts_Situation_Vore.xml,def,You're gonna make my teats so big and firm!,你要把我的乳头弄得又大又硬!
RV2_PreyInUdderNippleAmalgamating.stages.3.label,Several prey amalgamated into teats,label,ThoughtDefs\Thoughts_Situation_Vore.xml,def,Several prey amalgamated into teats,几只猎物混合成了奶头
RV2_PreyInUdderNippleAmalgamating.stages.3.description,"So tender, so perky!~",description,ThoughtDefs\Thoughts_Situation_Vore.xml,def,"So tender, so perky!~",~
RV2_PreyInUdderNippleAssimilating.stages.0.label,Assimilating prey into teat,label,ThoughtDefs\Thoughts_Situation_Vore.xml,def,Assimilating prey into teat,正在将猎物同化为乳头
RV2_PreyInUdderNippleAssimilating.stages.0.description,Stiff and puffy...,description,ThoughtDefs\Thoughts_Situation_Vore.xml,def,Stiff and puffy...,僵硬蓬松...
RV2_PreyInUdderNippleAssimilating.stages.1.label,Assimilating two prey into teats,label,ThoughtDefs\Thoughts_Situation_Vore.xml,def,Assimilating two prey into teats,将两个猎物同化
RV2_PreyInUdderNippleAssimilating.stages.1.description,It's a start!,description,ThoughtDefs\Thoughts_Situation_Vore.xml,def,It's a start!,这是个开始!
RV2_PreyInUdderNippleAssimilating.stages.2.label,Assimilating three prey into teats,label,ThoughtDefs\Thoughts_Situation_Vore.xml,def,Assimilating three prey into teats,将三个猎物同化为乳头
RV2_PreyInUdderNippleAssimilating.stages.2.description,Enjoy being suckled and milked...~,description,ThoughtDefs\Thoughts_Situation_Vore.xml,def,Enjoy being suckled and milked...~,享受被吮吸和收取的乐趣... ~
RV2_PreyInUdderNippleAssimilating.stages.3.label,Assimilating several prey into teats,label,ThoughtDefs\Thoughts_Situation_Vore.xml,def,Assimilating several prey into teats,正在将多名猎物同化为乳头
RV2_PreyInUdderNippleAssimilating.stages.3.description,Anyone else wanna give 'em a tweak?,description,ThoughtDefs\Thoughts_Situation_Vore.xml,def,Anyone else wanna give 'em a tweak?,还有谁想稍微调整一下？
RV2_PreyInUdderNippleContacting.stages.0.label,Pre-absorption teat pleasure,label,ThoughtDefs\Thoughts_Situation_Vore.xml,def,Pre-absorption teat pleasure,预先吸收奶头愉悦
RV2_PreyInUdderNippleContacting.stages.0.description,Who says I can't play with my teat-puffers before I absorb them?,description,ThoughtDefs\Thoughts_Situation_Vore.xml,def,Who says I can't play with my teat-puffers before I absorb them?,谁说我不能在吸收之前和我的 teat-puffers 一起玩？
RV2_PreyInUdderNippleContacting.stages.1.label,Pre-absorption teat pleasure,label,ThoughtDefs\Thoughts_Situation_Vore.xml,def,Pre-absorption teat pleasure,预先吸收奶头愉悦
RV2_PreyInUdderNippleContacting.stages.1.description,"That's it! More than one sucker--er, suckler: that's what udders are for!",description,ThoughtDefs\Thoughts_Situation_Vore.xml,def,"That's it! More than one sucker--er, suckler: that's what udders are for!",哦!不止一个混蛋 -- 呃，笨蛋: 这就是乳房的用途!
RV2_PreyInUdderNippleDumping.stages.0.label,Milking out remains,label,ThoughtDefs\Thoughts_Situation_Vore.xml,def,<ALIMT >milking</ALIMT> out remains,挤奶残骸耗尽
RV2_PreyInUdderNippleDumping.stages.0.description,Anyone care for a drink?,description,ThoughtDefs\Thoughts_Situation_Vore.xml,def,Anyone care for a drink?,有人想喝一杯吗？
RV2_PreyInUdderNippleDumping.stages.1.label,Milking out two remains,label,ThoughtDefs\Thoughts_Situation_Vore.xml,def,<ALIMT >milking</ALIMT> out two remains,挤奶拿出两个残骸
RV2_PreyInUdderNippleDumping.stages.1.description,Anyone care for a drink?,description,ThoughtDefs\Thoughts_Situation_Vore.xml,def,Anyone care for a drink?,有人想喝一杯吗？
RV2_PreyInUdderNippleDumping.stages.2.label,Milking out multiple remains,label,ThoughtDefs\Thoughts_Situation_Vore.xml,def,<ALIMT >milking</ALIMT> out multiple remains,挤奶剩余数
RV2_PreyInUdderNippleDumping.stages.2.description,I don't know if I'll ever stop leaking after this...,description,ThoughtDefs\Thoughts_Situation_Vore.xml,def,I don't know if I'll ever <ALIMT >stop</ALIMT> leaking after this...,我不知道我是否会停止在这之后漏水...
RV2_PreyInUdderNippleExiting.stages.0.label,Releasing prey from teat,label,ThoughtDefs\Thoughts_Situation_Vore.xml,def,Releasing prey from teat,从奶头身上释放猎物
RV2_PreyInUdderNippleExiting.stages.0.description,Enjoy your bath? I did!,description,ThoughtDefs\Thoughts_Situation_Vore.xml,def,Enjoy your bath? I did!,洗澡愉快吗？是的!
RV2_PreyInUdderNippleExiting.stages.1.label,Releasing two prey from teats,label,ThoughtDefs\Thoughts_Situation_Vore.xml,def,Releasing two prey from teats,正在释放两个猎物
RV2_PreyInUdderNippleExiting.stages.1.description,Taking out the udder-draggers...,description,ThoughtDefs\Thoughts_Situation_Vore.xml,def,Taking out the udder-draggers...,取出乳房爬虫...
RV2_PreyInUdderNippleExiting.stages.2.label,Releasing several prey from teats,label,ThoughtDefs\Thoughts_Situation_Vore.xml,def,Releasing several prey from teats,从奶头里放生几个猎物
RV2_PreyInUdderNippleExiting.stages.2.description,I don't know if I'll ever stop leaking after this...,description,ThoughtDefs\Thoughts_Situation_Vore.xml,def,I don't know if I'll ever <ALIMT >stop</ALIMT> leaking after this...,我不知道我是否会停止在这之后漏水...
RV2_PreyInUdderNippleLoosening.stages.0.label,Loosening up to absorb prey into teat,label,ThoughtDefs\Thoughts_Situation_Vore.xml,def,Loosening up to absorb prey into teat,放松动作，将猎物吸入乳头
RV2_PreyInUdderNippleLoosening.stages.0.description,The milk's coming; just keep sucking!,description,ThoughtDefs\Thoughts_Situation_Vore.xml,def,The milk's coming; just keep sucking!,奶白要来了，继续吮吸!
RV2_PreyInUdderNippleLoosening.stages.1.label,Loosening up to absorb multiple prey into teats,label,ThoughtDefs\Thoughts_Situation_Vore.xml,def,Loosening up to absorb multiple prey into teats,松懈以将多个猎物吸收成碎片
RV2_PreyInUdderNippleLoosening.stages.1.description,"Greedy drinkers, aren't you?",description,ThoughtDefs\Thoughts_Situation_Vore.xml,def,"Greedy drinkers, aren't you?",贪婪的饮酒者，是吗？
RV2_PreyInUdderNipplePassing.stages.0.label,Unnursing prey,label,ThoughtDefs\Thoughts_Situation_Vore.xml,def,Unnursing prey,未哺乳的猎物
RV2_PreyInUdderNipplePassing.stages.0.description,Drink up!,description,ThoughtDefs\Thoughts_Situation_Vore.xml,def,Drink up!,喝完了!
RV2_PreyInUdderNipplePassing.stages.1.label,Unnursing several prey,label,ThoughtDefs\Thoughts_Situation_Vore.xml,def,Unnursing several prey,解锁几个猎物
RV2_PreyInUdderNipplePassing.stages.1.description,One per teat! Please!~,description,ThoughtDefs\Thoughts_Situation_Vore.xml,def,One per teat! Please!~,每只奶头一个!求求你了!~
RV2_PreyInUdderNipplePleasuring.stages.0.label,Pleasuring teat with prey,label,ThoughtDefs\Thoughts_Situation_Vore.xml,def,Pleasuring teat with prey,用猎物使人愉悦
RV2_PreyInUdderNipplePleasuring.stages.0.description,"Oh, that tingles!",description,ThoughtDefs\Thoughts_Situation_Vore.xml,def,"Oh, that tingles!",哦，好疼!
RV2_PreyInUdderNipplePleasuring.stages.1.label,Pleasuring teat with multiple prey,label,ThoughtDefs\Thoughts_Situation_Vore.xml,def,Pleasuring teat with multiple prey,满足多个猎物
RV2_PreyInUdderNipplePleasuring.stages.1.description,I only have so many hands! I can't keep up!,description,ThoughtDefs\Thoughts_Situation_Vore.xml,def,I only have so many hands! I can't keep up!,我只有这么多手!我没法跟上了!
RV2_PreyInUdderNipplePurging.stages.0.label,Pressing remains out of teat,label,ThoughtDefs\Thoughts_Situation_Vore.xml,def,Pressing remains out of teat,将残片按出
RV2_PreyInUdderNipplePurging.stages.0.description,Gotta work the air out!,description,ThoughtDefs\Thoughts_Situation_Vore.xml,def,Gotta work the air out!,我得去吹气!
RV2_PreyInUdderNipplePurging.stages.1.label,Pressing multiple remains out of teats,label,ThoughtDefs\Thoughts_Situation_Vore.xml,def,Pressing multiple remains out of teats,将多个遗骸按出
RV2_PreyInUdderNipplePurging.stages.1.description,I might actually start lactating for real if I keep this up...~,description,ThoughtDefs\Thoughts_Situation_Vore.xml,def,I might actually start lactating for real if I keep this up...~,~ 如果我坚持下去，我可能会真正开始哺乳期... ~
RV2_PreyInUdderNippleReshaping.stages.0.label,Reshaping prey from teat,label,ThoughtDefs\Thoughts_Situation_Vore.xml,def,Reshaping prey from teat,从奶头身上重塑猎物
RV2_PreyInUdderNippleReshaping.stages.0.description,I'll miss this perkiness...,description,ThoughtDefs\Thoughts_Situation_Vore.xml,def,I'll miss this perkiness...,我会怀念这种充满活力的心情...
RV2_PreyInUdderNippleReshaping.stages.1.label,Reshaping multiple prey from teats,label,ThoughtDefs\Thoughts_Situation_Vore.xml,def,Reshaping multiple prey from teats,重塑多个奶头猎物
RV2_PreyInUdderNippleReshaping.stages.1.description,Shriveling... shrinking...,description,ThoughtDefs\Thoughts_Situation_Vore.xml,def,Shriveling... <ALIMT >shrinking</ALIMT>...,枯萎...缩小...
RV2_PreyInVaginaAmalgamating.stages.0.label,One prey amalgamated into labia,label,ThoughtDefs\Thoughts_Situation_Vore.xml,def,One prey amalgamated into <ALIMT >labia</ALIMT>,一只猎物混入阴唇
RV2_PreyInVaginaAmalgamating.stages.0.description,"Puffier, tighter... and so much more sensitive.~",description,ThoughtDefs\Thoughts_Situation_Vore.xml,def,"Puffier, tighter... and so much more sensitive.~",河豚，更紧.而且要敏感得多。~
RV2_PreyInVaginaAmalgamating.stages.1.label,Two prey amalgamated into labia,label,ThoughtDefs\Thoughts_Situation_Vore.xml,def,Two prey amalgamated into <ALIMT >labia</ALIMT>,两只猎物合并成阴唇
RV2_PreyInVaginaAmalgamating.stages.1.description,One for each lip!,description,ThoughtDefs\Thoughts_Situation_Vore.xml,def,One for each lip!,每个嘴唇一个!
RV2_PreyInVaginaAmalgamating.stages.2.label,Three prey amalgamated into labia,label,ThoughtDefs\Thoughts_Situation_Vore.xml,def,Three prey amalgamated into <ALIMT >labia</ALIMT>,三名猎物混入阴唇
RV2_PreyInVaginaAmalgamating.stages.2.description,"One on the left, one on the right, one on the buzzer.",description,ThoughtDefs\Thoughts_Situation_Vore.xml,def,"One on the left, one on the right, one on the buzzer.",一个在左边，一个在右边，一个在蜂鸣器上。
RV2_PreyInVaginaAmalgamating.stages.3.label,Several prey amalgamated into labia,label,ThoughtDefs\Thoughts_Situation_Vore.xml,def,Several prey amalgamated into <ALIMT >labia</ALIMT>,数个猎物混入阴唇
RV2_PreyInVaginaAmalgamating.stages.3.description,How many more can I line my box with?~,description,ThoughtDefs\Thoughts_Situation_Vore.xml,def,How many more can I line my box with?~,~
RV2_PreyInVaginaAssimilating.stages.0.label,Assimilating prey into teat,label,ThoughtDefs\Thoughts_Situation_Vore.xml,def,Assimilating prey into teat,正在将猎物同化为乳头
RV2_PreyInVaginaAssimilating.stages.0.description,Enjoy getting pounded!,description,ThoughtDefs\Thoughts_Situation_Vore.xml,def,Enjoy getting pounded!,享受被击中时的心情!
RV2_PreyInVaginaAssimilating.stages.1.label,Assimilating two prey into teats,label,ThoughtDefs\Thoughts_Situation_Vore.xml,def,Assimilating two prey into teats,将两个猎物同化
RV2_PreyInVaginaAssimilating.stages.1.description,One for each lip!,description,ThoughtDefs\Thoughts_Situation_Vore.xml,def,One for each lip!,每个嘴唇一个!
RV2_PreyInVaginaAssimilating.stages.2.label,Assimilating three prey into teats,label,ThoughtDefs\Thoughts_Situation_Vore.xml,def,Assimilating three prey into teats,将三个猎物同化为乳头
RV2_PreyInVaginaAssimilating.stages.2.description,"One on the left, one on the right, one on the buzzer.",description,ThoughtDefs\Thoughts_Situation_Vore.xml,def,"One on the left, one on the right, one on the buzzer.",一个在左边，一个在右边，一个在蜂鸣器上。
RV2_PreyInVaginaAssimilating.stages.3.label,Assimilating several prey into teats,label,ThoughtDefs\Thoughts_Situation_Vore.xml,def,Assimilating several prey into teats,正在将多名猎物同化为乳头
RV2_PreyInVaginaAssimilating.stages.3.description,I'm *drooling* at the thought of more...~,description,ThoughtDefs\Thoughts_Situation_Vore.xml,def,I'm *drooling* at the thought of more...~,一想到更多，我就会流口水。~
RV2_PreyInVaginaContacting.stages.0.label,Pre-absorption vaginal pleasure,label,ThoughtDefs\Thoughts_Situation_Vore.xml,def,Pre-absorption <ALIMT >vaginal</ALIMT> pleasure,预吸收阴道愉悦
RV2_PreyInVaginaContacting.stages.0.description,Who says I can't play with my pussy-puffers before I absorb them?,description,ThoughtDefs\Thoughts_Situation_Vore.xml,def,Who says I can't play with my <ALIMT >pussy</ALIMT>-puffers before I absorb them?,谁说我不能玩我的小穴-在我吸收之前吗？
RV2_PreyInVaginaContacting.stages.1.label,Pre-absorption vaginal pleasure,label,ThoughtDefs\Thoughts_Situation_Vore.xml,def,Pre-absorption <ALIMT >vaginal</ALIMT> pleasure,预吸收阴道愉悦
RV2_PreyInVaginaContacting.stages.1.description,"Everyone's thirsty for my nectar, huh?",description,ThoughtDefs\Thoughts_Situation_Vore.xml,def,"Everyone's thirsty for my nectar, huh?",每个人都渴望我的花蜜，嗯？
RV2_PreyInVaginaLoosening.stages.0.label,Loosening up to absorb prey into labia,label,ThoughtDefs\Thoughts_Situation_Vore.xml,def,Loosening up to absorb prey into <ALIMT >labia</ALIMT>,松动以将猎物吸收入阴唇
RV2_PreyInVaginaLoosening.stages.0.description,"That's it, keep eating...~",description,ThoughtDefs\Thoughts_Situation_Vore.xml,def,"That's it, keep eating...~",就这样，继续吃... ~
RV2_PreyInVaginaLoosening.stages.1.label,Loosening up to absorb multiple prey into labia,label,ThoughtDefs\Thoughts_Situation_Vore.xml,def,Loosening up to absorb multiple prey into <ALIMT >labia</ALIMT>,松懈以吸收多个猎物阴唇
RV2_PreyInVaginaLoosening.stages.1.description,There's enough flower for everyone to feast; keep at it!~,description,ThoughtDefs\Thoughts_Situation_Vore.xml,def,There's enough flower for everyone to feast; keep at it!~,有足够的花供每个人享用; 保持它!~
RV2_PreyInVaginaPurging.stages.0.label,Fingering remains out of labia,label,ThoughtDefs\Thoughts_Situation_Vore.xml,def,<ALIMT >fingering</ALIMT> remains out of <ALIMT >labia</ALIMT>,指交剩余剩余部分阴唇
RV2_PreyInVaginaPurging.stages.0.description,Gotta work the air out!,description,ThoughtDefs\Thoughts_Situation_Vore.xml,def,Gotta work the air out!,我得去吹气!
RV2_PreyInVaginaPurging.stages.1.label,Fingering multiple remains out of labia,label,ThoughtDefs\Thoughts_Situation_Vore.xml,def,<ALIMT >fingering</ALIMT> multiple remains out of <ALIMT >labia</ALIMT>,指交剩余数剩余阴唇
RV2_PreyInVaginaPurging.stages.1.description,I honestly might as well just start jilling at this point.,description,ThoughtDefs\Thoughts_Situation_Vore.xml,def,I honestly might as well just start jilling at this point.,老实说，我还不如现在就开始发酵。
RV2_PreyInVaginaReshaping.stages.0.label,Reshaping prey from labia,label,ThoughtDefs\Thoughts_Situation_Vore.xml,def,Reshaping prey from <ALIMT >labia</ALIMT>,重塑猎物阴唇
RV2_PreyInVaginaReshaping.stages.0.description,I'll miss this puffiness...,description,ThoughtDefs\Thoughts_Situation_Vore.xml,def,I'll miss this puffiness...,我会怀念这虚空的虚空...
RV2_PreyInVaginaReshaping.stages.1.label,Reshaping multiple prey from labia,label,ThoughtDefs\Thoughts_Situation_Vore.xml,def,Reshaping multiple prey from <ALIMT >labia</ALIMT>,重塑多个猎物阴唇
RV2_PreyInVaginaReshaping.stages.1.description,I don't wanna be loose again!,description,ThoughtDefs\Thoughts_Situation_Vore.xml,def,I don't wanna be loose again!,我不想再自由了!
RV2_PreyInWombConvertingChemfuel.stages.0.label,Olifying prey in womb,label,ThoughtDefs\Thoughts_Situation_Vore.xml,def,Olifying prey in womb,使子宫内的猎物氧化
RV2_PreyInWombConvertingChemfuel.stages.0.description,"Is this the true meaning of ""burn, baby, burn""?",description,ThoughtDefs\Thoughts_Situation_Vore.xml,def,"Is this the true meaning of ""burn, baby, burn""?",这是 “燃烧，婴儿，燃烧” 的真正含义吗？
RV2_PreyInWombConvertingChemfuel.stages.1.label,Olifying two prey in womb,label,ThoughtDefs\Thoughts_Situation_Vore.xml,def,Olifying two prey in womb,子宫内两个猎物
RV2_PreyInWombConvertingChemfuel.stages.1.description,"My belly's got that half-full jerrycan ""glunk"" to it.",description,ThoughtDefs\Thoughts_Situation_Vore.xml,def,"My belly's got that half-full jerrycan ""glunk"" to it.",我的肚子里装着那半满的雪罐。
RV2_PreyInWombConvertingChemfuel.stages.2.label,Olifying three prey in womb,label,ThoughtDefs\Thoughts_Situation_Vore.xml,def,Olifying three prey in womb,子宫内三名猎物
RV2_PreyInWombConvertingChemfuel.stages.2.description,I'm leaving puddles of fuel everywhere I go...,description,ThoughtDefs\Thoughts_Situation_Vore.xml,def,I'm leaving puddles of fuel everywhere I go...,无论我去哪里，我都会留下很多燃料
RV2_PreyInWombConvertingChemfuel.stages.3.label,Olifying several prey in womb,label,ThoughtDefs\Thoughts_Situation_Vore.xml,def,Olifying several prey in womb,在子宫内捕猎数只猎物
RV2_PreyInWombConvertingChemfuel.stages.3.description,I'm leaking more fuel than a shot-up generator!,description,ThoughtDefs\Thoughts_Situation_Vore.xml,def,I'm leaking more fuel than a shot-up generator!,我泄漏的燃料比速射发电机还多!
RV2_PreyInWombDissolvingChemfuel.stages.0.label,Dissolving live prey into chem-cum,label,ThoughtDefs\Thoughts_Situation_Vore.xml,def,Dissolving live prey into chem-<ALIMT >cum</ALIMT>,正在将活着的猎物溶解成化学-精液
RV2_PreyInWombDissolvingChemfuel.stages.0.description,So what kind of machine do you think you'll power?,description,ThoughtDefs\Thoughts_Situation_Vore.xml,def,So what kind of machine do you think you'll power?,你认为你将为哪种机器供电？
RV2_PreyInWombDissolvingChemfuel.stages.1.label,Dissolving two live prey into chem-cum,label,ThoughtDefs\Thoughts_Situation_Vore.xml,def,Dissolving two live prey into chem-<ALIMT >cum</ALIMT>,将两个活物溶解成化学-精液
RV2_PreyInWombDissolvingChemfuel.stages.1.description,I bet boomalopes don't have this much fun!,description,ThoughtDefs\Thoughts_Situation_Vore.xml,def,I bet boomalopes don't have this much fun!,我敢打赌爆炸魔没有这么多乐趣!
RV2_PreyInWombDissolvingChemfuel.stages.2.label,Dissolving three live prey into chem-cum,label,ThoughtDefs\Thoughts_Situation_Vore.xml,def,Dissolving three live prey into chem-<ALIMT >cum</ALIMT>,将三名活物溶解成化学-精液
RV2_PreyInWombDissolvingChemfuel.stages.2.description,I'm gonna need a barrel for all of you...,description,ThoughtDefs\Thoughts_Situation_Vore.xml,def,I'm gonna need a barrel for all of you...,我需要一个炮管给你们所有人
RV2_PreyInWombDissolvingChemfuel.stages.3.label,Dissolving several live prey into chem-cum,label,ThoughtDefs\Thoughts_Situation_Vore.xml,def,Dissolving several live prey into chem-<ALIMT >cum</ALIMT>,将几个活物溶解成化学-精液
RV2_PreyInWombDissolvingChemfuel.stages.3.description,We'll never run out of chemfuel at this rate!,description,ThoughtDefs\Thoughts_Situation_Vore.xml,def,We'll never run out of chemfuel at this rate!,以这种速度，我们的化合燃料永远不会耗尽!
RV2_PreyInWombMushingChemfuel.stages.0.label,Breaking down prey into chem-cum,label,ThoughtDefs\Thoughts_Situation_Vore.xml,def,Breaking down prey into chem-<ALIMT >cum</ALIMT>,将猎物分解成化学物质-精液
RV2_PreyInWombMushingChemfuel.stages.0.description,Stopped fighting your fuelification?,description,ThoughtDefs\Thoughts_Situation_Vore.xml,def,Stopped <ALIMT >fighting</ALIMT> your fuelification?,已停止战斗中的你的燃料吗？
RV2_PreyInWombMushingChemfuel.stages.1.label,Breaking down two prey into chem-cum,label,ThoughtDefs\Thoughts_Situation_Vore.xml,def,Breaking down two prey into chem-<ALIMT >cum</ALIMT>,将两个猎物分解成化学-精液
RV2_PreyInWombMushingChemfuel.stages.1.description,"Just gotta refine you two down, now!",description,ThoughtDefs\Thoughts_Situation_Vore.xml,def,"Just gotta refine you two down, now!",现在就把你们两个通常通过长时间或严酷的性刺激，训练或扭转人的意志，使其成为性奴。吧!
RV2_PreyInWombMushingChemfuel.stages.2.label,Breaking down three prey into chem-cum,label,ThoughtDefs\Thoughts_Situation_Vore.xml,def,Breaking down three prey into chem-<ALIMT >cum</ALIMT>,将三个猎物分解成化学-精液
RV2_PreyInWombMushingChemfuel.stages.2.description,"Oh my, there's that spicy tingle.",description,ThoughtDefs\Thoughts_Situation_Vore.xml,def,"Oh my, there's that spicy tingle.",天啊，还有那刺鼻的辣味。
RV2_PreyInWombMushingChemfuel.stages.3.label,Breaking down several prey into chem-cum,label,ThoughtDefs\Thoughts_Situation_Vore.xml,def,Breaking down several prey into chem-<ALIMT >cum</ALIMT>,将几个猎物分解成化学物品精液
RV2_PreyInWombMushingChemfuel.stages.3.description,That burning... as though I were a boomalope in heat...~,description,ThoughtDefs\Thoughts_Situation_Vore.xml,def,That burning... as though I were a boomalope in heat...~,好疼...仿佛我是一个受到热捧的爆炸羊... ~
RV2_PreyInWombPassing.stages.0.label,Passing prey through womb,label,ThoughtDefs\Thoughts_Situation_Vore.xml,def,Passing prey through womb,通过子宫传递猎物
RV2_PreyInWombPassing.stages.0.description,You're not stopping here!,description,ThoughtDefs\Thoughts_Situation_Vore.xml,def,You're not stopping here!,你不能停在这!
RV2_PreyInWombPassing.stages.1.label,Passing two prey through womb,label,ThoughtDefs\Thoughts_Situation_Vore.xml,def,Passing two prey through womb,让两个猎物通过子宫
RV2_PreyInWombPassing.stages.1.description,You're not stopping here!,description,ThoughtDefs\Thoughts_Situation_Vore.xml,def,You're not stopping here!,你不能停在这!
RV2_PreyInWombPassing.stages.2.label,Passing three prey through womb,label,ThoughtDefs\Thoughts_Situation_Vore.xml,def,Passing three prey through womb,子宫内有三名猎物
RV2_PreyInWombPassing.stages.2.description,You're not stopping here!,description,ThoughtDefs\Thoughts_Situation_Vore.xml,def,You're not stopping here!,你不能停在这!
RV2_PreyInWombPassing.stages.3.label,Passing several prey through womb,label,ThoughtDefs\Thoughts_Situation_Vore.xml,def,Passing several prey through womb,通过几个猎物的子宫
RV2_PreyInWombPassing.stages.3.description,You're not stopping here!,description,ThoughtDefs\Thoughts_Situation_Vore.xml,def,You're not stopping here!,你不能停在这!
Loosen.label,Loosen,label,VoreDefs\PartGoals.xml,def,Loosen,松开
Purge.label,Purge,label,VoreDefs\PartGoals.xml,def,Purge,净化
Assimilate.label,Assimilate,label,VoreDefs\PartGoals.xml,def,Assimilate,同化
Reshape.label,Reshape,label,VoreDefs\PartGoals.xml,def,Reshape,重塑
Amalgamate.label,Amalgamate,label,VoreDefs\PartGoals.xml,def,Amalgamate,混合物
Contact.label,Contact,label,VoreDefs\PartGoals.xml,def,Contact,接触
Dissolve.label,Dissolve,label,VoreDefs\PartGoals.xml,def,Dissolve,溶解
Ovify.label,Ovify,label,VoreDefs\PartGoals.xml,def,Ovify,产卵
Oleify.label,Oleify,label,VoreDefs\PartGoals.xml,def,Oleify,兴奋
Urify.label,Urify,label,VoreDefs\PartGoals.xml,def,Urify,乌里韦
Process.label,Process,label,VoreDefs\PartGoals.xml,def,Process,处理
Lactify.label,Lactify,label,VoreDefs\PartGoals.xml,def,Lactify,裂解
Spermify.label,Spermify,label,VoreDefs\PartGoals.xml,def,Spermify,精子
Lubrify.label,Lubrify,label,VoreDefs\PartGoals.xml,def,Lubrify,日光
Reform.label,Reform,label,VoreDefs\PartGoals.xml,def,Reform,改革
ConvertChemfuel.label,Olify,label,VoreDefs\VoreGoal.xml,def,Olify,橄榄绿
ConvertEggs.label,Ovify,label,VoreDefs\VoreGoal.xml,def,Ovify,产卵
ConvertUrine.label,Urify,label,VoreDefs\VoreGoal.xml,def,Urify,乌里韦
Assimilate.label,Assimilate,label,VoreDefs\VoreGoal.xml,def,Assimilate,同化
Amalgamate.label,Amalgamate,label,VoreDefs\VoreGoal.xml,def,Amalgamate,混合物
OralAmalgamate.label,(Amalgamate) Lips,label,VoreDefs\VorePath_Amalgamate.xml,def,(Amalgamate) Lips,(合并) 嘴唇
OralAmalgamate.RMBLabel,Lip vore,RMBLabel,VoreDefs\VorePath_Amalgamate.xml,def,Lip <ALIMT >vore</ALIMT>,口器吃人
OralAmalgamate.description,"Oral amalgamation is where the predator reversibly absorbs the prey into their lips for indefinite storage, (presently unrepresented in-game) making their lips plumper and juicier.",description,VoreDefs\VorePath_Amalgamate.xml,def,"<ALIMT >oral</ALIMT> amalgamation is where the predator reversibly absorbs the prey into their lips for indefinite storage, (presently unrepresented in-game) making their lips plumper and juicier.",用嘴合并是捕食者将猎物不可逆转地吸收到其嘴唇上无限期储存的过程 (目前在游戏中没有人参与)，使其嘴唇更加丰满多汁。
AnalAmalgamate.label,(Amalgamate) Ass,label,VoreDefs\VorePath_Amalgamate.xml,def,(Amalgamate) <ALIMT >ass</ALIMT>,(合并)屁股
AnalAmalgamate.RMBLabel,Ass vore,RMBLabel,VoreDefs\VorePath_Amalgamate.xml,def,<ALIMT >ass</ALIMT> <ALIMT >vore</ALIMT>,屁股 吃人
AnalAmalgamate.description,"Anal amalgamation is where the predator reversibly absorbs the prey into their buttocks for indefinite storage, (presently unrepresented in-game) making their ass thicker and rounder.",description,VoreDefs\VorePath_Amalgamate.xml,def,"<ALIMT >anal</ALIMT> amalgamation is where the predator reversibly absorbs the prey into their buttocks for indefinite storage, (presently unrepresented in-game) making their <ALIMT >ass</ALIMT> thicker and rounder.",肛门合并是捕食者将猎物不可逆转地吸收到它们的屁股里无限期储存的过程，(目前在游戏中没有代表) 使得它们屁股更厚更圆。
VaginalAmalgamate.label,(Amalgamate) Pussy,label,VoreDefs\VorePath_Amalgamate.xml,def,(Amalgamate) <ALIMT >pussy</ALIMT>,(合并)小穴
VaginalAmalgamate.RMBLabel,Labia vore,RMBLabel,VoreDefs\VorePath_Amalgamate.xml,def,<ALIMT >labia</ALIMT> <ALIMT >vore</ALIMT>,阴唇 吃人
VaginalAmalgamate.description,"Vaginal amalgamation is where the predator reversibly absorbs the prey into their labia for indefinite storage, (presently unrepresented in-game) making their muff puffier and more sensitive.",description,VoreDefs\VorePath_Amalgamate.xml,def,"<ALIMT >vaginal</ALIMT> amalgamation is where the predator reversibly absorbs the prey into their <ALIMT >labia</ALIMT> for indefinite storage, (presently unrepresented in-game) making their muff puffier and more sensitive.",阴道合并是捕食者不可逆转地将猎物吸收到阴唇对于无限期存储 (目前在游戏中没有代表)，使他们的莫夫泡沫和更敏感。
CockAmalgamate.label,(Amalgamate) Cock,label,VoreDefs\VorePath_Amalgamate.xml,def,(Amalgamate) Cock,(合并) 公鸡
CockAmalgamate.RMBLabel,Cock vore,RMBLabel,VoreDefs\VorePath_Amalgamate.xml,def,Cock <ALIMT >vore</ALIMT>,公鸡吃人
CockAmalgamate.description,"Cock amalgamation is where the predator reversibly absorbs the prey into their cock for indefinite storage, (presently unrepresented in-game) making their cock bigger and more sensitive.",description,VoreDefs\VorePath_Amalgamate.xml,def,"Cock amalgamation is where the predator reversibly absorbs the prey into their cock for indefinite storage, (presently unrepresented in-game) making their cock bigger and more sensitive.",公鸡混合是指捕食者将猎物不可逆转地吸收到公鸡体内以无限期储存，(目前在游戏中没有代表)，使它们的公鸡变得更大更敏感。
NippleAmalgamate.label,(Amalgamate) Nipple,label,VoreDefs\VorePath_Amalgamate.xml,def,(Amalgamate) <ALIMT >nipple</ALIMT>,(合并)乳头
NippleAmalgamate.RMBLabel,Nipple vore,RMBLabel,VoreDefs\VorePath_Amalgamate.xml,def,<ALIMT >nipple</ALIMT> <ALIMT >vore</ALIMT>,乳头 吃人
NippleAmalgamate.description,"Nipple amalgamation is where the predator reversibly absorbs the prey into their nipple for indefinite storage, (presently unrepresented in-game) making their nipple puffier and more sensitive.",description,VoreDefs\VorePath_Amalgamate.xml,def,"<ALIMT >nipple</ALIMT> amalgamation is where the predator reversibly absorbs the prey into their <ALIMT >nipple</ALIMT> for indefinite storage, (presently unrepresented in-game) making their <ALIMT >nipple</ALIMT> puffier and more sensitive.",乳头合并是捕食者不可逆转地将猎物吸收到乳头对于无限期存储，(游戏中目前没有参与者)乳头更加敏感和直发。
CleavageAmalgamate.label,(Amalgamate) Cleavage,label,VoreDefs\VorePath_Amalgamate.xml,def,(Amalgamate) <ALIMT >cleavage</ALIMT>,(合并)乳沟
CleavageAmalgamate.RMBLabel,Cleavage vore,RMBLabel,VoreDefs\VorePath_Amalgamate.xml,def,<ALIMT >cleavage</ALIMT> <ALIMT >vore</ALIMT>,乳沟 吃人
CleavageAmalgamate.description,"Cleavage amalgamation is where the predator reversibly absorbs the prey into their breasts for indefinite storage, (presently unrepresented in-game) making their breasts bigger and heavier.",description,VoreDefs\VorePath_Amalgamate.xml,def,"<ALIMT >cleavage</ALIMT> amalgamation is where the predator reversibly absorbs the prey into their <ALIMT >breasts</ALIMT> for indefinite storage, (presently unrepresented in-game) making their <ALIMT >breasts</ALIMT> bigger and heavier.",乳沟合并是捕食者不可逆转地将猎物吸收到乳房对于无限期存储，(游戏中目前没有参与者)乳房体型越大，越重。
NavelAmalgamate.label,(Amalgamate) Navel,label,VoreDefs\VorePath_Amalgamate.xml,def,(Amalgamate) Navel,(合并) 肚脐
NavelAmalgamate.RMBLabel,Navel vore,RMBLabel,VoreDefs\VorePath_Amalgamate.xml,def,Navel <ALIMT >vore</ALIMT>,肚脐吃人
NavelAmalgamate.description,"Navel amalgamation is where the predator reversibly absorbs the prey into their navel for indefinite storage, (presently unrepresented in-game) making their belly fatter.",description,VoreDefs\VorePath_Amalgamate.xml,def,"Navel amalgamation is where the predator reversibly absorbs the prey into their navel for indefinite storage, (presently unrepresented in-game) making their belly fatter.",肚脐混搭是指捕食者将猎物不可逆转地吸收到肚脐里，无限期储存 (目前在游戏中没有代表)，使它们的肚子变得更加肥胖。
UdderAmalgamate.label,(Amalgamate) Udder,label,VoreDefs\VorePath_Amalgamate.xml,def,(Amalgamate) Udder,(合并) 乳房
UdderAmalgamate.RMBLabel,Udder vore,RMBLabel,VoreDefs\VorePath_Amalgamate.xml,def,Udder <ALIMT >vore</ALIMT>,乳房吃人
UdderAmalgamate.description,"Udder amalgamation is where the predator reversibly absorbs the prey into their teat for indefinite storage, (presently unrepresented in-game) making their teat puffier and more sensitive.",description,VoreDefs\VorePath_Amalgamate.xml,def,"Udder amalgamation is where the predator reversibly absorbs the prey into their teat for indefinite storage, (presently unrepresented in-game) making their teat puffier and more sensitive.",乳房混合是指捕食者不可逆转地将猎物吸收到它们的奶头中，无限制地储存，(目前在游戏中没有代理)，使它们的奶头变得更加愤怒和敏感。
OralAssimilate.label,(Assimilate) Lips,label,VoreDefs\VorePath_Assimilate.xml,def,(Assimilate) Lips,(同化) 嘴唇
OralAssimilate.RMBLabel,Lip vore,RMBLabel,VoreDefs\VorePath_Assimilate.xml,def,Lip <ALIMT >vore</ALIMT>,口器吃人
OralAssimilate.description,"Oral assimilation is where the predator permanently absorbs the prey into their lips, feeding the predator and making their lips plumper and juicier.",description,VoreDefs\VorePath_Assimilate.xml,def,"<ALIMT >oral</ALIMT> assimilation is where the predator permanently absorbs the prey into their lips, feeding the predator and making their lips plumper and juicier.",用嘴同化是捕食者将猎物永久吸收到其嘴唇上，喂养捕食者，使其嘴唇更加丰满多汁。
AnalAssimilate.label,(Assimilate) Ass,label,VoreDefs\VorePath_Assimilate.xml,def,(Assimilate) <ALIMT >ass</ALIMT>,(同化)屁股
AnalAssimilate.RMBLabel,Ass vore,RMBLabel,VoreDefs\VorePath_Assimilate.xml,def,<ALIMT >ass</ALIMT> <ALIMT >vore</ALIMT>,屁股 吃人
AnalAssimilate.description,"Anal assimilation is where the predator permanently absorbs the prey into their buttocks, feeding the predator and making their ass thicker and rounder.",description,VoreDefs\VorePath_Assimilate.xml,def,"<ALIMT >anal</ALIMT> assimilation is where the predator permanently absorbs the prey into their buttocks, feeding the predator and making their <ALIMT >ass</ALIMT> thicker and rounder.",肛门同化作用是捕食者将猎物永久吸收到其臀部，喂养捕食者并使其屁股更厚更圆。
VaginalAssimilate.label,(Assimilate) Pussy,label,VoreDefs\VorePath_Assimilate.xml,def,(Assimilate) <ALIMT >pussy</ALIMT>,(同化)小穴
VaginalAssimilate.RMBLabel,Labia vore,RMBLabel,VoreDefs\VorePath_Assimilate.xml,def,<ALIMT >labia</ALIMT> <ALIMT >vore</ALIMT>,阴唇 吃人
VaginalAssimilate.description,"Vaginal assimilation is where the predator permanently absorbs the prey into their labia, feeding the predator and making their muff puffier and more sensitive.",description,VoreDefs\VorePath_Assimilate.xml,def,"<ALIMT >vaginal</ALIMT> assimilation is where the predator permanently absorbs the prey into their <ALIMT >labia</ALIMT>, feeding the predator and making their muff puffier and more sensitive.","阴道同化是指捕食者将猎物永久吸收到阴唇,喂养捕食者并使其变得更加敏感。"
CockAssimilate.label,(Assimilate) Cock,label,VoreDefs\VorePath_Assimilate.xml,def,(Assimilate) Cock,(同化) 公鸡
CockAssimilate.RMBLabel,Cock vore,RMBLabel,VoreDefs\VorePath_Assimilate.xml,def,Cock <ALIMT >vore</ALIMT>,公鸡吃人
CockAssimilate.description,"Cock assimilation is where the predator permanently absorbs the prey into their cock, feeding the predator and making their cock bigger and more sensitive.",description,VoreDefs\VorePath_Assimilate.xml,def,"Cock assimilation is where the predator permanently absorbs the prey into their cock, feeding the predator and making their cock bigger and more sensitive.",公鸡同化是指捕食者将猎物永久地吸收到它的公鸡里，以喂养捕食者，使它的公鸡变得更大更敏感。
NippleAssimilate.label,(Assimilate) Nipple,label,VoreDefs\VorePath_Assimilate.xml,def,(Assimilate) <ALIMT >nipple</ALIMT>,(同化)乳头
NippleAssimilate.RMBLabel,Nipple vore,RMBLabel,VoreDefs\VorePath_Assimilate.xml,def,<ALIMT >nipple</ALIMT> <ALIMT >vore</ALIMT>,乳头 吃人
NippleAssimilate.description,"Nipple assimilation is where the predator permanently absorbs the prey into their nipple, feeding the predator and making their nipple puffier and more sensitive.",description,VoreDefs\VorePath_Assimilate.xml,def,"<ALIMT >nipple</ALIMT> assimilation is where the predator permanently absorbs the prey into their <ALIMT >nipple</ALIMT>, feeding the predator and making their <ALIMT >nipple</ALIMT> puffier and more sensitive.","乳头同化是指捕食者将猎物永久吸收到乳头,喂养捕食者并制作乳头更加敏感和直发。"
CleavageAssimilate.label,(Assimilate) Cleavage,label,VoreDefs\VorePath_Assimilate.xml,def,(Assimilate) <ALIMT >cleavage</ALIMT>,(同化)乳沟
CleavageAssimilate.RMBLabel,Cleavage vore,RMBLabel,VoreDefs\VorePath_Assimilate.xml,def,<ALIMT >cleavage</ALIMT> <ALIMT >vore</ALIMT>,乳沟 吃人
CleavageAssimilate.description,"Cleavage assimilation is where the predator permanently absorbs the prey into their breasts, feeding the predator and making their breasts bigger and heavier.",description,VoreDefs\VorePath_Assimilate.xml,def,"<ALIMT >cleavage</ALIMT> assimilation is where the predator permanently absorbs the prey into their <ALIMT >breasts</ALIMT>, feeding the predator and making their <ALIMT >breasts</ALIMT> bigger and heavier.","乳沟同化是指捕食者将猎物永久吸收到乳房,喂养捕食者并制作乳房体型越大，越重。"
NavelAssimilate.label,(Assimilate) Navel,label,VoreDefs\VorePath_Assimilate.xml,def,(Assimilate) Navel,(同化) 肚脐
NavelAssimilate.RMBLabel,Navel vore,RMBLabel,VoreDefs\VorePath_Assimilate.xml,def,Navel <ALIMT >vore</ALIMT>,肚脐吃人
NavelAssimilate.description,"Navel assimilation is where the predator permanently absorbs the prey into their navel, feeding the predator and making their belly fatter.",description,VoreDefs\VorePath_Assimilate.xml,def,"Navel assimilation is where the predator permanently absorbs the prey into their navel, feeding the predator and making their belly fatter.",肚脐同化是捕食者将猎物永久吸收到其肚脐内，以喂养捕食者并使其腹部变得更加肥胖。
UdderAssimilate.label,(Assimilate) Udder,label,VoreDefs\VorePath_Assimilate.xml,def,(Assimilate) Udder,(同化) 乳房
UdderAssimilate.RMBLabel,Udder vore,RMBLabel,VoreDefs\VorePath_Assimilate.xml,def,Udder <ALIMT >vore</ALIMT>,乳房吃人
UdderAssimilate.description,"Udder assimilation is where the predator permanently absorbs the prey into their teat, feeding the predator and making their teat puffier and more sensitive.",description,VoreDefs\VorePath_Assimilate.xml,def,"Udder assimilation is where the predator permanently absorbs the prey into their teat, feeding the predator and making their teat puffier and more sensitive.",Udder 同化是指捕食者将猎物永久地吸收到它的奶头中，以喂养捕食者，使它的奶头变得更加蓬松和敏感。
VaginalConvertChemfuel.label,(Olify) Vaginal,label,VoreDefs\VorePath_Convert.xml,def,(Olify) <ALIMT >vaginal</ALIMT>,(Olify)阴道
VaginalConvertChemfuel.RMBLabel,Vaginal vore,RMBLabel,VoreDefs\VorePath_Convert.xml,def,<ALIMT >vaginal</ALIMT> <ALIMT >vore</ALIMT>,阴道 吃人
VaginalConvertChemfuel.description,"Vaginal olifaction is where the predator unbirths the prey into their womb for conversion into chemfuel, like a boomalope. This does not feed the predator and requires the installation of a vore enabler.",description,VoreDefs\VorePath_Convert.xml,def,"<ALIMT >vaginal</ALIMT> olifaction is where the predator unbirths the prey into their womb for conversion into chemfuel, like a boomalope. This does not feed the predator and requires the installation of a <ALIMT >vore</ALIMT> enabler.",阴道政治活动是指捕食者将猎物像爆炸羊一样取出并植入子宫，转化为化合燃料。这不会喂养捕食者，并且需要安装吃人使能者。
VaginalConvertEggs.label,(Ovify) Vaginal,label,VoreDefs\VorePath_Convert.xml,def,(Ovify) <ALIMT >vaginal</ALIMT>,(卵生)阴道
VaginalConvertEggs.RMBLabel,Vaginal vore,RMBLabel,VoreDefs\VorePath_Convert.xml,def,<ALIMT >vaginal</ALIMT> <ALIMT >vore</ALIMT>,阴道 吃人
VaginalConvertEggs.description,Vaginal ovifaction is where the predator unbirths the prey into their ovary for conversion into eggs. This does not feed the predator and requires the installation of a vore enabler.,description,VoreDefs\VorePath_Convert.xml,def,<ALIMT >vaginal</ALIMT> ovifaction is where the predator unbirths the prey into their ovary for conversion into eggs. This does not feed the predator and requires the installation of a <ALIMT >vore</ALIMT> enabler.,阴道产卵是指捕食者将猎物取出并植入其卵巢，转化为卵。这不会喂养捕食者，并且需要安装吃人使能者。
CockConvertChemfuel.label,(Olify) Cock,label,VoreDefs\VorePath_Convert.xml,def,(Olify) Cock,(Olify) 公鸡
CockConvertChemfuel.RMBLabel,Cock vore,RMBLabel,VoreDefs\VorePath_Convert.xml,def,Cock <ALIMT >vore</ALIMT>,公鸡吃人
CockConvertChemfuel.description,"Cock olifaction is where the predator shunts the prey down their cock and into their balls for conversion into chemfuel, like a boomalope. This does not feed the predator and requires the installation of a vore enabler.",description,VoreDefs\VorePath_Convert.xml,def,"Cock olifaction is where the predator shunts the prey down their cock and into their balls for conversion into chemfuel, like a boomalope. This does not feed the predator and requires the installation of a <ALIMT >vore</ALIMT> enabler.",公鸡政治活动是指捕食者像爆炸羊一样，将猎物分流到它们的公鸡和球里，然后转化为化合燃料。这不会喂养捕食者，并且需要安装吃人使能者。
NippleConvertChemfuel.label,(Olify) Nipple,label,VoreDefs\VorePath_Convert.xml,def,(Olify) <ALIMT >nipple</ALIMT>,(Olify)乳头
NippleConvertChemfuel.RMBLabel,Nipple vore,RMBLabel,VoreDefs\VorePath_Convert.xml,def,<ALIMT >nipple</ALIMT> <ALIMT >vore</ALIMT>,乳头 吃人
NippleConvertChemfuel.description,"Nipple olifaction is where the predator shunts the prey through their nipple and into their mammary for conversion into chemfuel, like a boomalope. This does not feed the predator and requires the installation of a vore enabler.",description,VoreDefs\VorePath_Convert.xml,def,"<ALIMT >nipple</ALIMT> olifaction is where the predator shunts the prey through their <ALIMT >nipple</ALIMT> and into their mammary for conversion into chemfuel, like a boomalope. This does not feed the predator and requires the installation of a <ALIMT >vore</ALIMT> enabler.",乳头汲血是捕食者通过它们的乳头植入它们的乳房中，像爆炸羊一样转化为化合燃料。这不会喂养捕食者，并且需要安装吃人使能者。
CockBladderConvertUrine.label,(Urify) Cock,label,VoreDefs\VorePath_Convert.xml,def,(Urify) Cock,(Urify) 公鸡
CockBladderConvertUrine.RMBLabel,Cock vore (bladder),RMBLabel,VoreDefs\VorePath_Convert.xml,def,Cock <ALIMT >vore</ALIMT> (bladder),公鸡吃人(膀胱)
CockBladderConvertUrine.description,"Bladder urifaction is where the predator shunts the prey into whichever genital is chosen and into their kidney for conversion into urine, which can be a fertilizer component. This does not feed the predator.",description,VoreDefs\VorePath_Convert.xml,def,"Bladder urifaction is where the predator shunts the prey into whichever genital is chosen and into their kidney for conversion into urine, which can be a fertilizer component. This does not feed the predator.",膀胱分裂是捕食者将猎物分流到选择的任何一个生殖器官，并注入肾脏，转化为尿液，这可能是肥料的成分。这不会喂养捕食者。
VaginalBladderConvertUrine.label,(Urify) Vaginal,label,VoreDefs\VorePath_Convert.xml,def,(Urify) <ALIMT >vaginal</ALIMT>,(Urify)阴道
VaginalBladderConvertUrine.RMBLabel,Vaginal vore (bladder),RMBLabel,VoreDefs\VorePath_Convert.xml,def,<ALIMT >vaginal</ALIMT> <ALIMT >vore</ALIMT> (bladder),vaginalvore(膀胱)
VaginalBladderConvertUrine.description,"Bladder urifaction is where the predator shunts the prey into whichever genital is chosen and into their kidney for conversion into urine, which can be a fertilizer component. This does not feed the predator.",description,VoreDefs\VorePath_Convert.xml,def,"Bladder urifaction is where the predator shunts the prey into whichever genital is chosen and into their kidney for conversion into urine, which can be a fertilizer component. This does not feed the predator.",膀胱分裂是捕食者将猎物分流到选择的任何一个生殖器官，并注入肾脏，转化为尿液，这可能是肥料的成分。这不会喂养捕食者。
UdderConvertChemfuel.label,(Olify) Udder,label,VoreDefs\VorePath_Convert.xml,def,(Olify) Udder,(Olify) 乳房
UdderConvertChemfuel.RMBLabel,Udder vore,RMBLabel,VoreDefs\VorePath_Convert.xml,def,Udder <ALIMT >vore</ALIMT>,乳房吃人
UdderConvertChemfuel.description,"Udder olifaction is where the predator shunts the prey through theirteat and into their udder for conversion into chemfuel, like a boomalope. This does not feed the predator and requires the installation of a vore enabler.",description,VoreDefs\VorePath_Convert.xml,def,"Udder olifaction is where the predator shunts the prey through theirteat and into their udder for conversion into chemfuel, like a boomalope. This does not feed the predator and requires the installation of a <ALIMT >vore</ALIMT> enabler.",Udder oliction 是指捕食者像爆炸羊一样，通过它们的奶头将猎物分流到 udder 里，转化为化合燃料。这不会喂养捕食者，并且需要安装吃人使能者。
UdderConvertMilk.label,(Lactify) Udder,label,VoreDefs\VorePath_Convert.xml,def,(Lactify) Udder,(Lactify) 乳房
UdderConvertMilk.RMBLabel,Udder vore,RMBLabel,VoreDefs\VorePath_Convert.xml,def,Udder <ALIMT >vore</ALIMT>,乳房吃人
UdderConvertMilk.description,Udder lactifaction is where the predator shoves the prey through their teat and into their udder for conversion into nutritious consumable milk. This process itself does not feed the predator.,description,VoreDefs\VorePath_Convert.xml,def,Udder lactifaction is where the predator shoves the prey through their teat and into their udder for conversion into nutritious consumable milk. This process itself does not feed the predator.,乳房吸引是指捕食者将猎物塞进乳房，转化为营养消耗产物。这个过程本身不会喂养捕食者。
CleavageDigest.label,(Digest) Cleavage-Hole,label,VoreDefs\VorePath_Digest.xml,def,(Digest) <ALIMT >cleavage</ALIMT>-Hole,(摘要)乳沟-洞
CleavageDigest.RMBLabel,Cleavage vore,RMBLabel,VoreDefs\VorePath_Digest.xml,def,<ALIMT >cleavage</ALIMT> <ALIMT >vore</ALIMT>,乳沟 吃人
CleavageDigest.description,"Cleavage digestion is where the predator shoves prey down their cleavage, through a surgically-added hole in the chest, into their stomach for fatal digestion, feeding the predator and turning the prey into either fertilizer components or nothing at all.",description,VoreDefs\VorePath_Digest.xml,def,"<ALIMT >cleavage</ALIMT> digestion is where the predator shoves prey down their <ALIMT >cleavage</ALIMT>, through a surgically-added hole in the chest, into their stomach for fatal digestion, feeding the predator and turning the prey into either fertilizer components or nothing at all.",乳沟消化是捕食者推倒猎物的地方乳沟通过手术在胸部增加一个洞，进入它们的胃进行致命的消化，喂养捕食者，并将猎物转化为肥料成分或根本不吃。
MembraneDigest.label,(Digest) Inside Membrane,label,VoreDefs\VorePath_Digest.xml,def,(Digest) Inside Membrane,(摘要) 膜内
MembraneDigest.RMBLabel,Membrane vore,RMBLabel,VoreDefs\VorePath_Digest.xml,def,Membrane <ALIMT >vore</ALIMT>,薄膜吃人
MembraneDigest.description,"Membrane digestion is where the predator engulfs prey into their vague insides through an outer membrane, like a slime, for fatal digestion, feeding the predator and turning the prey into either fertilizer components or nothing at all.",description,VoreDefs\VorePath_Digest.xml,def,"Membrane digestion is where the predator engulfs prey into their vague insides through an outer membrane, like a <ALIMT >slime</ALIMT>, for fatal digestion, feeding the predator and turning the prey into either fertilizer components or nothing at all.","膜消化是指捕食者通过外膜将猎物吞噬到其模糊的内部，就像史莱姆,为了致命的消化，喂养捕食者，并将猎物转化为肥料成分或根本不吃。"
NavelDigest.label,(Digest) Navel,label,VoreDefs\VorePath_Digest.xml,def,(Digest) Navel,(文摘) 肚脐
NavelDigest.RMBLabel,Navel vore,RMBLabel,VoreDefs\VorePath_Digest.xml,def,Navel <ALIMT >vore</ALIMT>,肚脐吃人
NavelDigest.description,"Navel digestion is where the predator stuffs prey into their surgically-loosened navel and into their stomach for fatal digestion, feeding the predator and turning the prey into either fertilizer components or nothing at all.",description,VoreDefs\VorePath_Digest.xml,def,"Navel digestion is where the predator stuffs prey into their surgically-loosened navel and into their stomach for fatal digestion, feeding the predator and turning the prey into either fertilizer components or nothing at all.",肚脐消化是指捕食者将猎物塞进其手术放松的肚脐，塞进其胃里进行致命消化，喂养捕食者，并将猎物转化为肥料成分，或者根本不吃。
TailmawDigest.label,(Digest) Tailmaw,label,VoreDefs\VorePath_Digest.xml,def,(Digest) Tailmaw,(文摘) 一个突出的灵活附肢，是身体的一部分，通常从躯干的后部突出。不适用于没有腿的身体。
TailmawDigest.RMBLabel,Tail vore,RMBLabel,VoreDefs\VorePath_Digest.xml,def,<ALIMT >tail</ALIMT> <ALIMT >vore</ALIMT>,一个突出的灵活附肢，是身体的一部分，通常从躯干的后部突出。不适用于没有腿的身体。 吃人
TailmawDigest.description,"Tailmaw digestion is where a predator with a mouth in their tail swallows prey through said mouth, down to their stomach, for fatal digestion, feeding the predator and turning the prey into either fertilizer components or nothing at all.",description,VoreDefs\VorePath_Digest.xml,def,"Tailmaw digestion is where a predator with a mouth in their <ALIMT >tail</ALIMT> swallows prey through said mouth, down to their stomach, for fatal digestion, feeding the predator and turning the prey into either fertilizer components or nothing at all.",一个突出的灵活附肢，是身体的一部分，通常从躯干的后部突出。不适用于没有腿的身体。被消化的时候会有一个大嘴的肉食动物。一个突出的灵活附肢，是身体的一部分，通常从躯干的后部突出。不适用于没有腿的身体。通过吞下猎物的嘴，直到它们的胃，以获得致命的消化能力，喂养捕食者，并将猎物转化为肥料成分，或者根本不吃。
VaginalBladderHold.label,(Hold) Vaginal (bladder),label,VoreDefs\VorePath_Hold.xml,def,(Hold) <ALIMT >vaginal</ALIMT> (bladder),(保持)阴道(膀胱)
VaginalBladderHold.RMBLabel,Vaginal vore (bladder),RMBLabel,VoreDefs\VorePath_Hold.xml,def,<ALIMT >vaginal</ALIMT> <ALIMT >vore</ALIMT> (bladder),vaginalvore(膀胱)
VaginalBladderHold.description,Bladder holding is where the predator shunts the prey into whichever genital is chosen and into their bladder for temporary storage.,description,VoreDefs\VorePath_Hold.xml,def,Bladder holding is where the predator shunts the prey into whichever genital is chosen and into their bladder for temporary storage.,压囊是指捕食者将猎物分流到所选择的任何一个生殖器官，并注入猎物的膀胱进行暂时储存。
CockBladderHold.label,(Hold) Cock (bladder),label,VoreDefs\VorePath_Hold.xml,def,(Hold) Cock (bladder),(保持) 公鸡 (膀胱)
CockBladderHold.RMBLabel,Cock vore (bladder),RMBLabel,VoreDefs\VorePath_Hold.xml,def,Cock <ALIMT >vore</ALIMT> (bladder),公鸡吃人(膀胱)
CockBladderHold.description,Bladder holding is where the predator shunts the prey into whichever genital is chosen and into their bladder for temporary storage.,description,VoreDefs\VorePath_Hold.xml,def,Bladder holding is where the predator shunts the prey into whichever genital is chosen and into their bladder for temporary storage.,压囊是指捕食者将猎物分流到所选择的任何一个生殖器官，并注入猎物的膀胱进行暂时储存。
CleavageHold.label,(Hold) Cleavage,label,VoreDefs\VorePath_Hold.xml,def,(Hold) <ALIMT >cleavage</ALIMT>,(保持)乳沟
CleavageHold.RMBLabel,Cleavage vore,RMBLabel,VoreDefs\VorePath_Hold.xml,def,<ALIMT >cleavage</ALIMT> <ALIMT >vore</ALIMT>,乳沟 吃人
CleavageHold.description,Cleavage holding is where the predator shoves the prey into their cleavage for temporary storage.,description,VoreDefs\VorePath_Hold.xml,def,<ALIMT >cleavage</ALIMT> holding is where the predator shoves the prey into their <ALIMT >cleavage</ALIMT> for temporary storage.,乳沟捕食动物的地方乳沟用于临时储存。
MembraneHold.label,(Hold) Inside Membrane,label,VoreDefs\VorePath_Hold.xml,def,(Hold) Inside Membrane,(持有) 膜内
MembraneHold.RMBLabel,Membrane vore,RMBLabel,VoreDefs\VorePath_Hold.xml,def,Membrane <ALIMT >vore</ALIMT>,薄膜吃人
MembraneHold.description,"Membrane holding is where the predator engulfs prey into their vague insides through an outer membrane, like a slime, for temporary storage.",description,VoreDefs\VorePath_Hold.xml,def,"Membrane holding is where the predator engulfs prey into their vague insides through an outer membrane, like a <ALIMT >slime</ALIMT>, for temporary storage.","收容膜是指捕食者通过外膜将猎物吞噬到其模糊的内部，就像史莱姆,用于临时存储。"
NavelHold.label,(Hold) Navel,label,VoreDefs\VorePath_Hold.xml,def,(Hold) Navel,(Hold) 肚脐
NavelHold.RMBLabel,Navel vore,RMBLabel,VoreDefs\VorePath_Hold.xml,def,Navel <ALIMT >vore</ALIMT>,肚脐吃人
NavelHold.description,Navel holding is where the predator stuffs prey into their navel for temporary storage.,description,VoreDefs\VorePath_Hold.xml,def,Navel holding is where the predator stuffs prey into their navel for temporary storage.,保持肚脐是捕食者将猎物塞进肚脐作为临时储存的地方。
TailmawHold.label,(Hold) Tailmaw,label,VoreDefs\VorePath_Hold.xml,def,(Hold) Tailmaw,(按住) 尾毛
TailmawHold.RMBLabel,Tail vore,RMBLabel,VoreDefs\VorePath_Hold.xml,def,<ALIMT >tail</ALIMT> <ALIMT >vore</ALIMT>,一个突出的灵活附肢，是身体的一部分，通常从躯干的后部突出。不适用于没有腿的身体。 吃人
TailmawHold.description,"Tailmaw holding is where a predator with a mouth in their tail swallows prey through said mouth, into their tail's throat, for temporary storage.",description,VoreDefs\VorePath_Hold.xml,def,"Tailmaw holding is where a predator with a mouth in their <ALIMT >tail</ALIMT> swallows prey through said mouth, into their <ALIMT >tail</ALIMT>'s throat, for temporary storage.",猎捕尾兽的目标是拥有一个大嘴的肉食动物。一个突出的灵活附肢，是身体的一部分，通常从躯干的后部突出。不适用于没有腿的身体。通过嘴巴将猎物吞入一个突出的灵活附肢，是身体的一部分，通常从躯干的后部突出。不适用于没有腿的身体。咽喉，用于临时储存。
UdderHold.label,(Hold) Udder,label,VoreDefs\VorePath_Hold.xml,def,(Hold) Udder,(Hold) 乳房
UdderHold.RMBLabel,Udder vore,RMBLabel,VoreDefs\VorePath_Hold.xml,def,Udder <ALIMT >vore</ALIMT>,乳房吃人
UdderHold.description,Udder holding is where the predator stuffs prey into their udder for temporary storage.,description,VoreDefs\VorePath_Hold.xml,def,Udder holding is where the predator stuffs prey into their udder for temporary storage.,收容乳房是指捕食者将猎物塞进乳房中作为临时存储的地方。
CockBladderPleasure.label,(Pleasure) Cock (Bladder),label,VoreDefs\VorePath_Pleasure.xml,def,(Pleasure) Cock (Bladder),(愉悦) 公鸡 (膀胱)
CockBladderPleasure.RMBLabel,Cock vore (bladder),RMBLabel,VoreDefs\VorePath_Pleasure.xml,def,Cock <ALIMT >vore</ALIMT> (bladder),公鸡吃人(膀胱)
CockBladderPleasure.description,Bladder pleasure is where the predator shunts the prey into whichever genital is chosen and into their bladder for mutual sexual pleasure.,description,VoreDefs\VorePath_Pleasure.xml,def,Bladder pleasure is where the predator shunts the prey into whichever genital is chosen and into their bladder for mutual <ALIMT >sexual</ALIMT> pleasure.,膀胱愉悦感是指捕食者将猎物分流到任何被选中的生殖器官，并进入它们的膀胱进行交互。性的幸会。
VaginalBladderPleasure.label,(Pleasure) Vaginal (Bladder),label,VoreDefs\VorePath_Pleasure.xml,def,(Pleasure) <ALIMT >vaginal</ALIMT> (Bladder),(愉悦)阴道(膀胱)
VaginalBladderPleasure.RMBLabel,Vaginal vore (bladder),RMBLabel,VoreDefs\VorePath_Pleasure.xml,def,<ALIMT >vaginal</ALIMT> <ALIMT >vore</ALIMT> (bladder),vaginalvore(膀胱)
VaginalBladderPleasure.description,Bladder pleasure is where the predator shunts the prey into whichever genital is chosen and into their bladder for mutual sexual pleasure.,description,VoreDefs\VorePath_Pleasure.xml,def,Bladder pleasure is where the predator shunts the prey into whichever genital is chosen and into their bladder for mutual <ALIMT >sexual</ALIMT> pleasure.,膀胱愉悦感是指捕食者将猎物分流到任何被选中的生殖器官，并进入它们的膀胱进行交互。性的幸会。
CleavagePleasure.label,(Pleasure) Cleavage,label,VoreDefs\VorePath_Pleasure.xml,def,(Pleasure) <ALIMT >cleavage</ALIMT>,(愉悦)乳沟
CleavagePleasure.RMBLabel,Cleavage vore,RMBLabel,VoreDefs\VorePath_Pleasure.xml,def,<ALIMT >cleavage</ALIMT> <ALIMT >vore</ALIMT>,乳沟 吃人
CleavagePleasure.description,Cleavage pleasure is where the predator shoves they prey down their cleavage into a surgically-added hole in the chest for mutual sexual pleasure.,description,VoreDefs\VorePath_Pleasure.xml,def,<ALIMT >cleavage</ALIMT> pleasure is where the predator shoves they prey down their <ALIMT >cleavage</ALIMT> into a surgically-added hole in the chest for mutual <ALIMT >sexual</ALIMT> pleasure.,乳沟愉悦感是捕食者将它们的猎物推至乳沟通过手术在胸口缝上一洞性的幸会。
MembranePleasure.label,(Pleasure) Inside Membrane,label,VoreDefs\VorePath_Pleasure.xml,def,(Pleasure) Inside Membrane,膜内 (愉悦)
MembranePleasure.RMBLabel,Membrane vore,RMBLabel,VoreDefs\VorePath_Pleasure.xml,def,Membrane <ALIMT >vore</ALIMT>,薄膜吃人
MembranePleasure.description,"Membrane pleasure is where the predator engulfs prey into their vague insides through an outer membrane, like a slime, for mutual sexual pleasure.",description,VoreDefs\VorePath_Pleasure.xml,def,"Membrane pleasure is where the predator engulfs prey into their vague insides through an outer membrane, like a <ALIMT >slime</ALIMT>, for mutual <ALIMT >sexual</ALIMT> pleasure.","薄膜愉悦感是指捕食者通过外膜将猎物吞噬到模糊的内部，就像史莱姆,互助专用性的幸会。"
NavelPleasure.label,(Pleasure) Navel,label,VoreDefs\VorePath_Pleasure.xml,def,(Pleasure) Navel,(愉悦) 肚脐
NavelPleasure.RMBLabel,Navel vore,RMBLabel,VoreDefs\VorePath_Pleasure.xml,def,Navel <ALIMT >vore</ALIMT>,肚脐吃人
NavelPleasure.description,Navel pleasure is where the predator stuffs prey into their surgically-loosened navel for mutual sexual pleasure.,description,VoreDefs\VorePath_Pleasure.xml,def,Navel pleasure is where the predator stuffs prey into their surgically-loosened navel for mutual <ALIMT >sexual</ALIMT> pleasure.,愉悦的肚脐是指捕食者将猎物塞进他们手术放松的肚脐中以便互相攻击。性的幸会。
TailmawPleasure.label,(Pleasure) Tailmaw,label,VoreDefs\VorePath_Pleasure.xml,def,(Pleasure) Tailmaw,(愉悦) 尾 ma
TailmawPleasure.RMBLabel,Tail vore,RMBLabel,VoreDefs\VorePath_Pleasure.xml,def,<ALIMT >tail</ALIMT> <ALIMT >vore</ALIMT>,一个突出的灵活附肢，是身体的一部分，通常从躯干的后部突出。不适用于没有腿的身体。 吃人
TailmawPleasure.description,"Tailmaw pleasure is where a predator with a mouth in their tail swallows prey through said mouth, into their tail's throat, for mutual sexual pleasure.",description,VoreDefs\VorePath_Pleasure.xml,def,"Tailmaw pleasure is where a predator with a mouth in their <ALIMT >tail</ALIMT> swallows prey through said mouth, into their <ALIMT >tail</ALIMT>'s throat, for mutual <ALIMT >sexual</ALIMT> pleasure.",一个突出的灵活附肢，是身体的一部分，通常从躯干的后部突出。不适用于没有腿的身体。上的欢愉指的是拥有一个大嘴的肉食动物。一个突出的灵活附肢，是身体的一部分，通常从躯干的后部突出。不适用于没有腿的身体。通过嘴巴将猎物吞入一个突出的灵活附肢，是身体的一部分，通常从躯干的后部突出。不适用于没有腿的身体。对方的咽喉性的幸会。
UdderPleasure.label,(Pleasure) Udder,label,VoreDefs\VorePath_Pleasure.xml,def,(Pleasure) Udder,(愉悦) 乳房
UdderPleasure.RMBLabel,Udder vore,RMBLabel,VoreDefs\VorePath_Pleasure.xml,def,Udder <ALIMT >vore</ALIMT>,乳房吃人
UdderPleasure.description,Udder pleasure is where the predator stuffs prey through their teat into their udder for mutual sexual pleasure.,description,VoreDefs\VorePath_Pleasure.xml,def,Udder pleasure is where the predator stuffs prey through their teat into their udder for mutual <ALIMT >sexual</ALIMT> pleasure.,乳房的愉悦感是指捕食者为了互相配合，将猎物通过它的奶头塞进乳房里。性的幸会。
VaginalBladderStore.label,(Store) Vaginal (bladder),label,VoreDefs\VorePath_Store.xml,def,(Store) <ALIMT >vaginal</ALIMT> (bladder),(储存)阴道(膀胱)
VaginalBladderStore.RMBLabel,Vaginal vore,RMBLabel,VoreDefs\VorePath_Store.xml,def,<ALIMT >vaginal</ALIMT> <ALIMT >vore</ALIMT>,阴道 吃人
VaginalBladderStore.description,Bladder storage is where the predator shunts the prey into whichever genital is chosen and into their bladder for indefinite storage.,description,VoreDefs\VorePath_Store.xml,def,Bladder storage is where the predator shunts the prey into whichever genital is chosen and into their bladder for indefinite storage.,膀胱储存器是指捕食者将猎物分流到选择的任何一个生殖器官，并无限期储存到它们的膀胱里。
CockBladderStore.label,(Store) Cock (bladder),label,VoreDefs\VorePath_Store.xml,def,(Store) Cock (bladder),(储存) 公鸡 (膀胱)
CockBladderStore.RMBLabel,Cock vore (bladder),RMBLabel,VoreDefs\VorePath_Store.xml,def,Cock <ALIMT >vore</ALIMT> (bladder),公鸡吃人(膀胱)
CockBladderStore.description,Bladder storage is where the predator shunts the prey into whichever genital is chosen and into their bladder for indefinite storage.,description,VoreDefs\VorePath_Store.xml,def,Bladder storage is where the predator shunts the prey into whichever genital is chosen and into their bladder for indefinite storage.,膀胱储存器是指捕食者将猎物分流到选择的任何一个生殖器官，并无限期储存到它们的膀胱里。
CleavageStore.label,(Store) Cleavage,label,VoreDefs\VorePath_Store.xml,def,(Store) <ALIMT >cleavage</ALIMT>,(储存)乳沟
CleavageStore.RMBLabel,Cleavage vore,RMBLabel,VoreDefs\VorePath_Store.xml,def,<ALIMT >cleavage</ALIMT> <ALIMT >vore</ALIMT>,乳沟 吃人
CleavageStore.description,Cleavage storage is where the predator shoves the prey into their cleavage for indefinite storage.,description,VoreDefs\VorePath_Store.xml,def,<ALIMT >cleavage</ALIMT> storage is where the predator shoves the prey into their <ALIMT >cleavage</ALIMT> for indefinite storage.,乳沟储存处是捕食者将猎物刺入的地方乳沟用于无限期存储。
MembraneStore.label,(Store) Inside Membrane,label,VoreDefs\VorePath_Store.xml,def,(Store) Inside Membrane,(储存) 膜内
MembraneStore.RMBLabel,Membrane vore,RMBLabel,VoreDefs\VorePath_Store.xml,def,Membrane <ALIMT >vore</ALIMT>,薄膜吃人
MembraneStore.description,"Membrane storage is where the predator engulfs prey into their vague insides through an outer membrane, like a slime, for indefinite storage.",description,VoreDefs\VorePath_Store.xml,def,"Membrane storage is where the predator engulfs prey into their vague insides through an outer membrane, like a <ALIMT >slime</ALIMT>, for indefinite storage.","储存膜是指捕食者通过外膜将猎物吞噬到其模糊的内部，就像史莱姆,用于无限期存储。"
NavelStore.label,(Store) Navel,label,VoreDefs\VorePath_Store.xml,def,(Store) Navel,(储存) 肚脐
NavelStore.RMBLabel,Navel vore,RMBLabel,VoreDefs\VorePath_Store.xml,def,Navel <ALIMT >vore</ALIMT>,肚脐吃人
NavelStore.description,Navel storage is where the predator stuffs prey into their navel for indefinite storage.,description,VoreDefs\VorePath_Store.xml,def,Navel storage is where the predator stuffs prey into their navel for indefinite storage.,储存于肚脐的地方，捕食者会将东西插入到它们的肚脐里无限制地储存。
TailmawStore.label,(Store) Tailmaw,label,VoreDefs\VorePath_Store.xml,def,(Store) Tailmaw,(储存) 尾毛
TailmawStore.RMBLabel,Tail vore,RMBLabel,VoreDefs\VorePath_Store.xml,def,<ALIMT >tail</ALIMT> <ALIMT >vore</ALIMT>,一个突出的灵活附肢，是身体的一部分，通常从躯干的后部突出。不适用于没有腿的身体。 吃人
TailmawStore.description,"Tailmaw storage is where a predator with a mouth in their tail swallows prey through said mouth, into their tail's throat, for indefinite storage.",description,VoreDefs\VorePath_Store.xml,def,"Tailmaw storage is where a predator with a mouth in their <ALIMT >tail</ALIMT> swallows prey through said mouth, into their <ALIMT >tail</ALIMT>'s throat, for indefinite storage.",一个突出的灵活附肢，是身体的一部分，通常从躯干的后部突出。不适用于没有腿的身体。上的殖民者是指嘴在一个突出的灵活附肢，是身体的一部分，通常从躯干的后部突出。不适用于没有腿的身体。上的捕食者。一个突出的灵活附肢，是身体的一部分，通常从躯干的后部突出。不适用于没有腿的身体。通过嘴巴将猎物吞入一个突出的灵活附肢，是身体的一部分，通常从躯干的后部突出。不适用于没有腿的身体。的咽喉，被无限期储存。
UdderStore.label,(Store) Udder,label,VoreDefs\VorePath_Store.xml,def,(Store) Udder,(储存) 乳房
UdderStore.RMBLabel,Udder vore,RMBLabel,VoreDefs\VorePath_Store.xml,def,Udder <ALIMT >vore</ALIMT>,乳房吃人
UdderStore.description,Udder storage is where the predator stuffs prey into their udder for indefinite storage.,description,VoreDefs\VorePath_Store.xml,def,Udder storage is where the predator stuffs prey into their udder for indefinite storage.,乳房储存器是指捕食者将猎物塞进乳房内无限期储存的地方。
Cleavage.label,Cleavage,label,VoreDefs\VoreType.xml,def,<ALIMT >cleavage</ALIMT>,乳沟
CockBladder.label,Cock (bladder),label,VoreDefs\VoreType.xml,def,Cock (bladder),公鸡 (膀胱)
Membrane.label,Membrane,label,VoreDefs\VoreType.xml,def,Membrane,薄膜
Navel.label,Navel,label,VoreDefs\VoreType.xml,def,Navel,肚脐
Tailmaw.label,Tail (mouth),label,VoreDefs\VoreType.xml,def,<ALIMT >tail</ALIMT> (mouth),一个突出的灵活附肢，是身体的一部分，通常从躯干的后部突出。不适用于没有腿的身体。(嘴)
Udder.label,Udder,label,VoreDefs\VoreType.xml,def,Udder,乳房
VaginalBladder.label,Vaginal (bladder),label,VoreDefs\VoreType.xml,def,<ALIMT >vaginal</ALIMT> (bladder),阴道(膀胱)
