key,text,tag,file,type
RV2_DisplayPart_Chest,Chest,RV2_DisplayPart_Chest,RV2_PartNames.xml,keyed
RV2_DisplayPart_Torso,Torso,RV2_DisplayPart_Torso,RV2_PartNames.xml,keyed
RV2_DisplayPart_UdderNipple,Udder Nipple,RV2_DisplayPart_UdderNipple,RV2_PartNames.xml,keyed
RV2_DisplayPart_Udder,Udder,RV2_DisplayPart_Udder,RV2_PartNames.xml,keyed
RV2_DisplayPart_Kidney,Kidney,RV2_DisplayPart_Kidney,RV2_PartNames.xml,keyed
RV2_DisplayPart_Ovaries,Ovaries,RV2_DisplayPart_Ovaries,RV2_PartNames.xml,keyed
RV2_DisplayPart_Navel,Navel,RV2_DisplayPart_Navel,RV2_PartNames.xml,keyed
RV2_DisplayPart_Tail,Tail,RV2_DisplayPart_Tail,RV2_PartNames.xml,keyed
RV2_DisplayPart_TailMaw,Tail Maw,RV2_DisplayPart_TailMaw,RV2_PartNames.xml,keyed
RV2_DisplayPart_Membrane,Membrane,RV2_DisplayPart_Membrane,RV2_PartNames.xml,keyed
RV2_DisplayPart_Insides,Insides,RV2_DisplayPart_Insides,RV2_PartNames.xml,keyed
RV2_RMB_ConvertChemfuel,Olify,RV2_RMB_ConvertChemfuel,RV2_RMB_Keys.xml,keyed
RV2_RMB_ConvertEggs,Ovify,RV2_RMB_ConvertEggs,RV2_RMB_Keys.xml,keyed
RV2_RMB_ConvertUrine,Urify,RV2_RMB_ConvertUrine,RV2_RMB_Keys.xml,keyed
RV2_RMB_Assimilate,Assimilate,RV2_RMB_Assimilate,RV2_RMB_Keys.xml,keyed
RV2_RMB_Amalgamate,Amalgamate,RV2_RMB_Amalgamate,RV2_RMB_Keys.xml,keyed
RV2_RMB_Cleavage,Cleavage vore,RV2_RMB_Cleavage,RV2_RMB_Keys.xml,keyed
RV2_RMB_Membrane,Membrane vore,RV2_RMB_Membrane,RV2_RMB_Keys.xml,keyed
RV2_RMB_Navel,Navel vore,RV2_RMB_Navel,RV2_RMB_Keys.xml,keyed
RV2_RMB_Tailmaw,Tailmaw vore,RV2_RMB_Tailmaw,RV2_RMB_Keys.xml,keyed
RV2_RMB_Udder,Udder vore,RV2_RMB_Udder,RV2_RMB_Keys.xml,keyed
RV2_RMB_VaginalBladder,Vaginal vore (bladder),RV2_RMB_VaginalBladder,RV2_RMB_Keys.xml,keyed
RV2_RMB_CockBladder,Cock vore (bladder),RV2_RMB_CockBladder,RV2_RMB_Keys.xml,keyed
RV2_ChemfuelConversionEnzymes.label,Damage caused by olifaction.,label,DamageDef/DamageDef.xml,def
RV2_ChemfuelConversionEnzymes.deathMessage,{0} has been melted into chemfuel.,deathMessage,DamageDef/DamageDef.xml,def
RV2_EggConversionEnzymes.label,Damage caused by ovifaction.,label,DamageDef/DamageDef.xml,def
RV2_EggConversionEnzymes.deathMessage,{0} has been melted into eggs.,deathMessage,DamageDef/DamageDef.xml,def
RV2_UrineConversionEnzymes.label,Damage caused by urifaction.,label,DamageDef/DamageDef.xml,def
RV2_UrineConversionEnzymes.deathMessage,{0} has been melted into piss.,deathMessage,DamageDef/DamageDef.xml,def
RV2_AssimilationAvulsion.label,Damage caused by tearing a partially-assimilated pawn free from their predator.,label,DamageDef/DamageDef.xml,def
RV2_AssimilationAvulsion.deathMessage,{0} has been fully-assimilated.,deathMessage,DamageDef/DamageDef.xml,def
RV2_ChemfuelConversionEnzymes.labelNoun,Oleifying enzymes,labelNoun,HediffDef/HediffDef.xml,def
RV2_EggConversionEnzymes.labelNoun,Ovifying enzymes,labelNoun,HediffDef/HediffDef.xml,def
RV2_UrineConversionEnzymes.labelNoun,Urifying enzymes,labelNoun,HediffDef/HediffDef.xml,def
RV2_AssimilationAvulsion.labelNoun,Aborted assimilation,labelNoun,HediffDef/HediffDef.xml,def
RV2_DigestionRecovery.labelNoun,Digestion recovery,labelNoun,HediffDef/HediffDef.xml,def
RV2_DigestionRecovery.description,"This pawn is recovering from almost being digested.\nIf they were to be digested again, the progress would pick up at this hediff's level!",description,HediffDef/HediffDef.xml,def
RV2_DigestionRecovery.stages.0.label,Digestion recovery (<25%),label,HediffDef/HediffDef.xml,def
RV2_DigestionRecovery.stages.1.label,Digestion recovery (>25%),label,HediffDef/HediffDef.xml,def
RV2_DigestionRecovery.stages.2.label,Digestion recovery (>50%),label,HediffDef/HediffDef.xml,def
RV2_DigestionRecovery.stages.3.label,Digestion recovery (>75%),label,HediffDef/HediffDef.xml,def
RV2_AssimilatedLips_Temporary.label,Assimilated lips,label,HediffDef/HediffDef.xml,def
RV2_AssimilatedLips_Temporary.description,Lips temporarily fattened with assimilated prey.,description,HediffDef/HediffDef.xml,def
RV2_AssimilatedLips_Temporary.stages.0.label,Full,label,HediffDef/HediffDef.xml,def
RV2_AssimilatedLips_Temporary.stages.1.label,Plump,label,HediffDef/HediffDef.xml,def
RV2_AssimilatedLips_Temporary.stages.2.label,Bloated,label,HediffDef/HediffDef.xml,def
RV2_AssimilatedLips_Scarred.label,Assimilated lips (scarred),label,HediffDef/HediffDef.xml,def
RV2_AssimilatedLips_Scarred.description,Lips scarred with assimilated prey.,description,HediffDef/HediffDef.xml,def
RV2_AssimilatedLips_Scarred.stages.0.label,Uneven,label,HediffDef/HediffDef.xml,def
RV2_AssimilatedLips_Scarred.stages.1.label,Bulging,label,HediffDef/HediffDef.xml,def
RV2_AssimilatedLips_Scarred.stages.2.label,Bloated,label,HediffDef/HediffDef.xml,def
RV2_AssimilatedLips_Beautiful.label,Assimilated lips (beautiful),label,HediffDef/HediffDef.xml,def
RV2_AssimilatedLips_Beautiful.description,Lips beautifully fattened with assimilated prey.,description,HediffDef/HediffDef.xml,def
RV2_AssimilatedLips_Beautiful.stages.0.label,Full,label,HediffDef/HediffDef.xml,def
RV2_AssimilatedLips_Beautiful.stages.1.label,Plump,label,HediffDef/HediffDef.xml,def
RV2_AssimilatedLips_Beautiful.stages.2.label,Stunning,label,HediffDef/HediffDef.xml,def
RV2_AssimilatedAss_Temporary.label,Assimilated ass,label,HediffDef/HediffDef.xml,def
RV2_AssimilatedAss_Temporary.description,Butt cheeks temporarily fattened with assimilated prey.,description,HediffDef/HediffDef.xml,def
RV2_AssimilatedAss_Temporary.stages.0.label,Hefty,label,HediffDef/HediffDef.xml,def
RV2_AssimilatedAss_Temporary.stages.1.label,Full,label,HediffDef/HediffDef.xml,def
RV2_AssimilatedAss_Temporary.stages.2.label,Morbidly big,label,HediffDef/HediffDef.xml,def
RV2_AssimilatedAss_Scarred.label,Assimilated ass (scarred),label,HediffDef/HediffDef.xml,def
RV2_AssimilatedAss_Scarred.description,Butt cheeks scarred with assimilated prey.,description,HediffDef/HediffDef.xml,def
RV2_AssimilatedAss_Scarred.stages.0.label,Lumpy,label,HediffDef/HediffDef.xml,def
RV2_AssimilatedAss_Scarred.stages.1.label,Corpulent,label,HediffDef/HediffDef.xml,def
RV2_AssimilatedAss_Scarred.stages.2.label,Morbidly big,label,HediffDef/HediffDef.xml,def
RV2_AssimilatedAss_Beautiful.label,Assimilated ass (beautiful),label,HediffDef/HediffDef.xml,def
RV2_AssimilatedAss_Beautiful.description,Butt cheeks beautifully fattened with assimilated prey.,description,HediffDef/HediffDef.xml,def
RV2_AssimilatedAss_Beautiful.stages.0.label,Hefty,label,HediffDef/HediffDef.xml,def
RV2_AssimilatedAss_Beautiful.stages.1.label,Full,label,HediffDef/HediffDef.xml,def
RV2_AssimilatedAss_Beautiful.stages.2.label,Voluptuous,label,HediffDef/HediffDef.xml,def
RV2_AssimilatedLabia_Temporary.label,Assimilated labia,label,HediffDef/HediffDef.xml,def
RV2_AssimilatedLabia_Temporary.description,Labia temporarily fattened with assimilated prey.,description,HediffDef/HediffDef.xml,def
RV2_AssimilatedLabia_Temporary.stages.0.label,Puffy,label,HediffDef/HediffDef.xml,def
RV2_AssimilatedLabia_Temporary.stages.1.label,Fat,label,HediffDef/HediffDef.xml,def
RV2_AssimilatedLabia_Temporary.stages.2.label,Morbidly big,label,HediffDef/HediffDef.xml,def
RV2_AssimilatedLabia_Scarred.label,Assimilated labia (scarred),label,HediffDef/HediffDef.xml,def
RV2_AssimilatedLabia_Scarred.description,Labia scarred with assimilated prey.,description,HediffDef/HediffDef.xml,def
RV2_AssimilatedLabia_Scarred.stages.0.label,Hackjob,label,HediffDef/HediffDef.xml,def
RV2_AssimilatedLabia_Scarred.stages.1.label,Mangled,label,HediffDef/HediffDef.xml,def
RV2_AssimilatedLabia_Scarred.stages.2.label,Disturbing,label,HediffDef/HediffDef.xml,def
RV2_AssimilatedLabia_Beautiful.label,Assimilated labia (beautiful),label,HediffDef/HediffDef.xml,def
RV2_AssimilatedLabia_Beautiful.description,Labia beautifully fattened with assimilated prey.,description,HediffDef/HediffDef.xml,def
RV2_AssimilatedLabia_Beautiful.stages.0.label,Puffy,label,HediffDef/HediffDef.xml,def
RV2_AssimilatedLabia_Beautiful.stages.1.label,Fat,label,HediffDef/HediffDef.xml,def
RV2_AssimilatedLabia_Beautiful.stages.2.label,Irresistible,label,HediffDef/HediffDef.xml,def
RV2_AssimilatedBelly_Temporary.label,Assimilated belly,label,HediffDef/HediffDef.xml,def
RV2_AssimilatedBelly_Temporary.description,Belly temporarily fattened with assimilated prey.,description,HediffDef/HediffDef.xml,def
RV2_AssimilatedBelly_Temporary.stages.0.label,Paunch,label,HediffDef/HediffDef.xml,def
RV2_AssimilatedBelly_Temporary.stages.1.label,Pot belly,label,HediffDef/HediffDef.xml,def
RV2_AssimilatedBelly_Temporary.stages.2.label,Blob,label,HediffDef/HediffDef.xml,def
RV2_AssimilatedBelly_Scarred.label,Assimilated belly (scarred),label,HediffDef/HediffDef.xml,def
RV2_AssimilatedBelly_Scarred.description,Belly scarred with assimilated prey.,description,HediffDef/HediffDef.xml,def
RV2_AssimilatedBelly_Scarred.stages.0.label,Lumpy,label,HediffDef/HediffDef.xml,def
RV2_AssimilatedBelly_Scarred.stages.1.label,Distended,label,HediffDef/HediffDef.xml,def
RV2_AssimilatedBelly_Scarred.stages.2.label,Blob,label,HediffDef/HediffDef.xml,def
RV2_AssimilatedBelly_Beautiful.label,Assimilated belly (beautiful),label,HediffDef/HediffDef.xml,def
RV2_AssimilatedBelly_Beautiful.description,Belly beautifully fattened with assimilated prey.,description,HediffDef/HediffDef.xml,def
RV2_AssimilatedBelly_Beautiful.stages.0.label,Paunch,label,HediffDef/HediffDef.xml,def
RV2_AssimilatedBelly_Beautiful.stages.1.label,Pot belly,label,HediffDef/HediffDef.xml,def
RV2_AssimilatedBelly_Beautiful.stages.2.label,Voluminous,label,HediffDef/HediffDef.xml,def
RV2_PreyInAnusAmalgamating.label,Prey in Buttocks,label,HediffDef/HediffDef.xml,def
RV2_PreyInAnusAmalgamating.description,This pawn is storing absorbed prey as sapient butt-fat.,description,HediffDef/HediffDef.xml,def
RV2_PreyInAnusAssimilating.label,Prey in Buttocks,label,HediffDef/HediffDef.xml,def
RV2_PreyInAnusAssimilating.description,This pawn is fully-absorbing their prey into their buttocks.,description,HediffDef/HediffDef.xml,def
RV2_PreyInAnusContacting.label,Prey in Buttocks,label,HediffDef/HediffDef.xml,def
RV2_PreyInAnusContacting.description,"This pawn is having some form of anal intercourse, with intent to absorb.",description,HediffDef/HediffDef.xml,def
RV2_PreyInAnusLoosening.label,Prey in Buttocks,label,HediffDef/HediffDef.xml,def
RV2_PreyInAnusLoosening.description,This pawn is warming up and loosening their anus for absorption.,description,HediffDef/HediffDef.xml,def
RV2_PreyInAnusPurging.label,Prey in Buttocks,label,HediffDef/HediffDef.xml,def
RV2_PreyInAnusPurging.description,This pawn is removing any unassimilated remains from their butt.,description,HediffDef/HediffDef.xml,def
RV2_PreyInAnusReshaping.label,Prey in Buttocks,label,HediffDef/HediffDef.xml,def
RV2_PreyInAnusReshaping.description,This pawn is reshaping prey stored as butt-fat for release.,description,HediffDef/HediffDef.xml,def
RV2_PreyInBladder.label,Prey in Bladder,label,HediffDef/HediffDef.xml,def
RV2_PreyInBladderPassing.description,This pawn is moving prey even deeper than their bladder.,description,HediffDef/HediffDef.xml,def
RV2_PreyInBladderPleasuring.description,This pawn is being pleasured internally by the prey in their bladder.,description,HediffDef/HediffDef.xml,def
RV2_PreyInBladderStoring.description,This pawn is holding someone in their bladder for storage.,description,HediffDef/HediffDef.xml,def
RV2_PreyInBladderWarming.description,This pawn is preparing to do something to a pawn in their bladder.,description,HediffDef/HediffDef.xml,def
RV2_PreyInBreastsAmalgamating.description,This pawn is storing absorbed prey as sapient breast-fat.,description,HediffDef/HediffDef.xml,def
RV2_PreyInBreastsAssimilating.description,This pawn is fully-absorbing their prey into their breasts.,description,HediffDef/HediffDef.xml,def
RV2_PreyInBreastsConvertingChemfuel.description,This pawn is turning what's left of someone into chemfuel.,description,HediffDef/HediffDef.xml,def
RV2_PreyInCleavage.label,Prey in Cleavage,label,HediffDef/HediffDef.xml,def
RV2_PreyInCleavageExiting.description,This pawn is releasing prey from their cleavage.,description,HediffDef/HediffDef.xml,def
RV2_PreyInCleavageContacting.description,This pawn is beginning to absorb a prey into their cleavage.,description,HediffDef/HediffDef.xml,def
RV2_PreyInCleavageLoosening.description,This pawn is warming up and loosening their cleavage for absorption.,description,HediffDef/HediffDef.xml,def
RV2_PreyInCleavagePassing.description,This pawn is shoving their prey down their cleavage.,description,HediffDef/HediffDef.xml,def
RV2_PreyInCleavagePleasuring.description,This pawn is giving their prey a full-body titjob.,description,HediffDef/HediffDef.xml,def
RV2_PreyInCleavageStoring.description,This pawn is holding someone in their cleavage for storage.,description,HediffDef/HediffDef.xml,def
RV2_PreyInCleavagePurging.description,This pawn is removing any unassimilated remains from their cleavage.,description,HediffDef/HediffDef.xml,def
RV2_PreyInCleavageReshaping.description,This pawn is reshaping prey stored as breast-fat for release.,description,HediffDef/HediffDef.xml,def
RV2_PreyInCockAmalgamating.description,This pawn is storing absorbed prey as sapient cock-meat.,description,HediffDef/HediffDef.xml,def
RV2_PreyInCockAssimilating.description,This pawn is fully-absorbing their prey into their cock.,description,HediffDef/HediffDef.xml,def
RV2_PreyInCockContacting.description,"This pawn is having some form of penile intercourse, with intent to absorb.",description,HediffDef/HediffDef.xml,def
RV2_PreyInCockLoosening.description,This pawn is warming up and loosening their cock for absorption.,description,HediffDef/HediffDef.xml,def
RV2_PreyInCockPurging.description,This pawn is removing any unassimilated remains from their penis.,description,HediffDef/HediffDef.xml,def
RV2_PreyInCockReshaping.description,This pawn is reshaping prey stored as cock-meat for release.,description,HediffDef/HediffDef.xml,def
RV2_PreyInKidney.label,Prey in Kidney,label,HediffDef/HediffDef.xml,def
RV2_PreyInKidneyConvertingUrine.description,This pawn is turning what's left of someone into urine.,description,HediffDef/HediffDef.xml,def
RV2_PreyInKidneyDissolving.description,This pawn is melting living prey down in their kidney. This is non-nutritious.,description,HediffDef/HediffDef.xml,def
RV2_PreyInKidneyMushing.description,This pawn is breaking down dead prey in their kidney. This is non-nutritious.,description,HediffDef/HediffDef.xml,def
RV2_PreyInInsides.label,Prey Inside,label,HediffDef/HediffDef.xml,def
RV2_PreyInInsidesChurning.description,This pawn is breaking down dead prey within their gelatinous body.,description,HediffDef/HediffDef.xml,def
RV2_PreyInInsidesDigesting.description,This pawn is digesting living prey within their gelatinous body.,description,HediffDef/HediffDef.xml,def
RV2_PreyInInsidesProcessing.description,This pawn is absorbing what's left of someone within their gelatinous body.,description,HediffDef/HediffDef.xml,def
RV2_PreyInInsidesPleasuring.description,This pawn is being pleasured internally by the prey within their gelatinous body.,description,HediffDef/HediffDef.xml,def
RV2_PreyInInsidesStoring.description,This pawn is holding someone within their gelatinous body for storage.,description,HediffDef/HediffDef.xml,def
RV2_PreyInInsidesWarming.description,This pawn is preparing to do something to a pawn within their gelatinous body.,description,HediffDef/HediffDef.xml,def
RV2_PreyInMembrane.label,Prey in Membrane,label,HediffDef/HediffDef.xml,def
RV2_PreyInMembraneDumping.description,This pawn is shedding what remains of their prey from their outer membrane.,description,HediffDef/HediffDef.xml,def
RV2_PreyInMembraneExiting.description,This pawn is releasing prey from their outer membrane.,description,HediffDef/HediffDef.xml,def
RV2_PreyInMembranePassing.description,This pawn is shoving their prey through their outer membrane.,description,HediffDef/HediffDef.xml,def
RV2_PreyInMembranePleasuring.description,This pawn is giving their prey a full-body massage with their outer membrane.,description,HediffDef/HediffDef.xml,def
RV2_PreyInMouthAssimilating.label,Prey in Lips,label,HediffDef/HediffDef.xml,def
RV2_PreyInMouthAssimilating.description,"This pawn is absorbing their prey into their lips, which obviously makes talking and breathing a little harder.",description,HediffDef/HediffDef.xml,def
RV2_PreyInMouthContacting.label,Prey in Lips,label,HediffDef/HediffDef.xml,def
RV2_PreyInMouthContacting.description,"This pawn kissing or performing oral sex to their prey, with intent to absorb, which obviously makes talking and breathing a little harder.",description,HediffDef/HediffDef.xml,def
RV2_PreyInMouthLoosening.label,Prey in Lips,label,HediffDef/HediffDef.xml,def
RV2_PreyInMouthLoosening.description,"This pawn is warming up and loosening their lips for absorption, which obviously makes talking and breathing a little harder.",description,HediffDef/HediffDef.xml,def
RV2_PreyInMouthPurging.label,Prey in Lips,label,HediffDef/HediffDef.xml,def
RV2_PreyInMouthPurging.description,"This pawn is removing any unassimilated remains from their lips, which obviously makes talking and breathing a little harder.",description,HediffDef/HediffDef.xml,def
RV2_PreyInMouthReshaping.label,Prey in Lips,label,HediffDef/HediffDef.xml,def
RV2_PreyInMouthReshaping.description,"This pawn is reshaping prey stored as lip-flesh for release, which obviously makes talking and breathing a little harder.",description,HediffDef/HediffDef.xml,def
RV2_PreyInMouthAmalgamating.label,Prey in Lips,label,HediffDef/HediffDef.xml,def
RV2_PreyInMouthAmalgamating.description,This pawn is storing absorbed prey as sapient lip-flesh.,description,HediffDef/HediffDef.xml,def
RV2_PreyInNavel.label,Prey in Navel,label,HediffDef/HediffDef.xml,def
RV2_PreyInNavelContacting.description,This pawn is absorbing prey with their navel.,description,HediffDef/HediffDef.xml,def
RV2_PreyInNavelAmalgamating.description,This pawn is storing absorbed prey as a sapient potbelly.,description,HediffDef/HediffDef.xml,def
RV2_PreyInNavelAssimilating.description,This pawn is fully-absorbing their prey into their navel.,description,HediffDef/HediffDef.xml,def
RV2_PreyInNavelExiting.description,This pawn is releasing prey from their navel.,description,HediffDef/HediffDef.xml,def
RV2_PreyInNavelLoosening.description,This pawn is warming up and loosening their navel for absorption.,description,HediffDef/HediffDef.xml,def
RV2_PreyInNavelPassing.description,This pawn is shoving their prey into their navel.,description,HediffDef/HediffDef.xml,def
RV2_PreyInNavelPleasuring.description,This pawn is using their prey to penetrate their navel.,description,HediffDef/HediffDef.xml,def
RV2_PreyInNavelPurging.description,This pawn is removing any unassimilated remains from their navel.,description,HediffDef/HediffDef.xml,def
RV2_PreyInNavelReshaping.description,This pawn is reshaping prey stored as a potbelly for release.,description,HediffDef/HediffDef.xml,def
RV2_PreyInNavelStoring.description,This pawn is holding someone in their navel for storage.,description,HediffDef/HediffDef.xml,def
RV2_PreyInNippleAmalgamating.description,This pawn is storing absorbed prey as sapient nipple-flesh.,description,HediffDef/HediffDef.xml,def
RV2_PreyInNippleAssimilating.description,This pawn is fully absorbing their prey into their nipple.,description,HediffDef/HediffDef.xml,def
RV2_PreyInNippleContacting.description,"This pawn is having their nipples sucked, with intent to absorb.",description,HediffDef/HediffDef.xml,def
RV2_PreyInNippleLoosening.description,This pawn is warming up and loosening their nipple for absorption.,description,HediffDef/HediffDef.xml,def
RV2_PreyInNipplePurging.description,This pawn is removing any unassimilated remains from their nipple.,description,HediffDef/HediffDef.xml,def
RV2_PreyInNippleReshaping.description,This pawn is reshaping prey stored as nipple-flesh for release.,description,HediffDef/HediffDef.xml,def
RV2_PreyInOvary.label,Prey in Ovary,label,HediffDef/HediffDef.xml,def
RV2_PreyInOvaryConvertingEggs.description,This pawn is turning what's left of someone into eggs.,description,HediffDef/HediffDef.xml,def
RV2_PreyInOvaryDissolving.description,This pawn is melting living prey down in their ovary. This is non-nutritious.,description,HediffDef/HediffDef.xml,def
RV2_PreyInOvaryMushing.description,This pawn is breaking down dead prey in their ovary. This is non-nutritious.,description,HediffDef/HediffDef.xml,def
RV2_PreyInOvaryWarming.description,This pawn is preparing to do something to a pawn in their ovary.,description,HediffDef/HediffDef.xml,def
RV2_PreyInTailmaw.label,Prey in Tailmaw,label,HediffDef/HediffDef.xml,def
RV2_PreyInTailmawExiting.description,This pawn is spitting their prey out of their tailmaw.,description,HediffDef/HediffDef.xml,def
RV2_PreyInTailmawPassing.description,This pawn is swallowing their prey through their tailmaw.,description,HediffDef/HediffDef.xml,def
RV2_PreyInTailmawPleasuring.description,This pawn is performing oral sex on partially-swallowed prey with their tailmaw.,description,HediffDef/HediffDef.xml,def
RV2_PreyInTailthroat.label,Prey in Tail Throat,label,HediffDef/HediffDef.xml,def
RV2_PreyInTailThroatPassing.description,This pawn is swallowing their prey down their tail-throat.,description,HediffDef/HediffDef.xml,def
RV2_PreyInTailThroatPleasuring.description,This pawn is pleasuring themself with the prey inside their tail-throat.,description,HediffDef/HediffDef.xml,def
RV2_PreyInTailThroatStoring.description,This pawn is holding someone in their tail-throat for storage.,description,HediffDef/HediffDef.xml,def
RV2_PreyInTesticlesConvertingChemfuel.description,This pawn is turning what's left of someone into chemfuel.,description,HediffDef/HediffDef.xml,def
RV2_PreyInThroat.label,Prey in Throat,label,HediffDef/HediffDef.xml,def
RV2_PreyInUdder.label,Prey in Udder,label,HediffDef/HediffDef.xml,def
RV2_PreyInUdderConvertingChemfuel.description,This pawn is turning what's left of someone into chemfuel.,description,HediffDef/HediffDef.xml,def
RV2_PreyInUdderConvertingMilk.description,This pawn is turning what's left of someone into milk.,description,HediffDef/HediffDef.xml,def
RV2_PreyInUdderDissolving.description,This pawn is melting living prey down in their udder. This is non-nutritious.,description,HediffDef/HediffDef.xml,def
RV2_PreyInUdderMushing.description,This pawn is breaking down dead prey in their udder. This is non-nutritious.,description,HediffDef/HediffDef.xml,def
RV2_PreyInUdderPleasuring.description,This pawn is being pleasured internally by the prey in their udder.,description,HediffDef/HediffDef.xml,def
RV2_PreyInUdderStoring.description,This pawn is holding someone in their udder for storage.,description,HediffDef/HediffDef.xml,def
RV2_PreyInUdderWarming.description,This pawn is preparing to do something to a pawn in their udder.,description,HediffDef/HediffDef.xml,def
RV2_PreyInUdderNipple.label,Prey in Udder Teat,label,HediffDef/HediffDef.xml,def
RV2_PreyInUdderNippleAmalgamating.description,This pawn is storing absorbed prey as sapient teat-flesh.,description,HediffDef/HediffDef.xml,def
RV2_PreyInUdderNippleAssimilating.description,This pawn is fully-absorbing their prey into their teat.,description,HediffDef/HediffDef.xml,def
RV2_PreyInUdderNippleContacting.description,"This pawn is having their teats sucked, with intent to absorb.",description,HediffDef/HediffDef.xml,def
RV2_PreyInUdderNippleDumping.description,This pawn is lactating what remains of their prey out of their teat.,description,HediffDef/HediffDef.xml,def
RV2_PreyInUdderNippleExiting.description,This pawn is releasing prey from their teat.,description,HediffDef/HediffDef.xml,def
RV2_PreyInUdderNippleLoosening.description,This pawn is warming up and loosening their teat for absorption.,description,HediffDef/HediffDef.xml,def
RV2_PreyInUdderNipplePassing.description,This pawn is shoving their prey into their teat.,description,HediffDef/HediffDef.xml,def
RV2_PreyInUdderNipplePleasuring.description,This pawn is penetrating their teat with their prey.,description,HediffDef/HediffDef.xml,def
RV2_PreyInUdderNipplePurging.description,This pawn is removing any unassimilated remains from their teat.,description,HediffDef/HediffDef.xml,def
RV2_PreyInUdderNippleReshaping.description,This pawn is reshaping prey stored as teat-flesh for release.,description,HediffDef/HediffDef.xml,def
RV2_PreyInVaginaAmalgamating.label,Prey in Vulva,label,HediffDef/HediffDef.xml,def
RV2_PreyInVaginaAmalgamating.description,This pawn is storing absorbed prey as sapient cunt-flesh.,description,HediffDef/HediffDef.xml,def
RV2_PreyInVaginaAssimilating.label,Prey in Vulva,label,HediffDef/HediffDef.xml,def
RV2_PreyInVaginaAssimilating.description,This pawn is fully-absorbing their prey into their vulva.,description,HediffDef/HediffDef.xml,def
RV2_PreyInVaginaContacting.label,Prey in Vulva,label,HediffDef/HediffDef.xml,def
RV2_PreyInVaginaContacting.description,"This pawn is having some form of vaginal intercourse, with intent to absorb.",description,HediffDef/HediffDef.xml,def
RV2_PreyInVaginaLoosening.label,Prey in Vulva,label,HediffDef/HediffDef.xml,def
RV2_PreyInVaginaLoosening.description,This pawn is warming up and loosening their vulva for absorption.,description,HediffDef/HediffDef.xml,def
RV2_PreyInVaginaPurging.description,This pawn is removing any unassimilated remains from their vagina.,description,HediffDef/HediffDef.xml,def
RV2_PreyInVaginaReshaping.description,This pawn is reshaping prey stored as cunt-flesh for release.,description,HediffDef/HediffDef.xml,def
RV2_PreyInWombConvertingChemfuel.description,This pawn is turning what's left of someone into chemfuel.,description,HediffDef/HediffDef.xml,def
RV2_PreyInWombPassing.description,This pawn is moving prey even deeper than their womb.,description,HediffDef/HediffDef.xml,def
RV2_GoalEnabler_Absorb.label,Cellular xenoconvertibility,label,HediffDef/HediffDef.xml,def
RV2_GoalEnabler_Absorb.description,"This pawn's body is capable of absorbing prey, both permanently (assimilation) and temporarily (amalgamation).",description,HediffDef/HediffDef.xml,def
RV2_GoalEnabler_ConvertChemfuel.label,Olifactory enzymes,label,HediffDef/HediffDef.xml,def
RV2_GoalEnabler_ConvertChemfuel.description,This pawn's genitals and breasts can produce an enzyme which distills living tissues into chemfuel.,description,HediffDef/HediffDef.xml,def
RV2_GoalEnabler_ConvertEggs.label,Ovifactory enzymes,label,HediffDef/HediffDef.xml,def
RV2_GoalEnabler_ConvertEggs.description,This pawn's ovaries can produce an enzyme which converts living tissues into eggs.,description,HediffDef/HediffDef.xml,def
RV2_GoalEnabler_ConvertUrine.label,Urifactory enzymes,label,HediffDef/HediffDef.xml,def
RV2_GoalEnabler_ConvertUrine.description,This pawn's organ lining can produce an enzyme which converts living tissues into urine.,description,HediffDef/HediffDef.xml,def
RV2_TypeEnabler_Cleavage.label,Cleavage depth,label,HediffDef/HediffDef.xml,def
RV2_TypeEnabler_Cleavage.description,This pawn has heavily-modified cleavage for cleavage vore.,description,HediffDef/HediffDef.xml,def
RV2_TypeEnabler_Membrane.label,Dermal porocity,label,HediffDef/HediffDef.xml,def
RV2_TypeEnabler_Membrane.description,"This pawn has a permeable membrane for skin, allowing them to engulf prey, like a slime, for membrane vore.",description,HediffDef/HediffDef.xml,def
RV2_TypeEnabler_Navel.label,Umbilical elasticity,label,HediffDef/HediffDef.xml,def
RV2_TypeEnabler_Navel.description,This pawn has an elastic and untied navel for navel vore.,description,HediffDef/HediffDef.xml,def
RV2_TypeEnabler_Tailmaw.label,Tailmaw,label,HediffDef/HediffDef.xml,def
RV2_TypeEnabler_Tailmaw.description,"This tail has a petal-like maw at the tip, which is capable of swallowing prey down to the stomach.",description,HediffDef/HediffDef.xml,def
RV2_TypeEnabler_Udder.label,Uberal elasticity,label,HediffDef/HediffDef.xml,def
RV2_TypeEnabler_Udder.description,"This pawn has an elastic udder and teats, for udder vore.",description,HediffDef/HediffDef.xml,def
PostVoreAssimilation.label,Post vore effects (assimilation),label,RimVore2.QuirkPoolDef/RimVore2.QuirkPoolDef.xml,def
PostVoreAssimilation.description,"These quirks determine the effects that assimilating prey (fatal absorption) has on the predator. These quirks do require the ability to absorb prey in the first place, however.",description,RimVore2.QuirkPoolDef/RimVore2.QuirkPoolDef.xml,def
PostVoreAssimilation_Masterful.label,Masterful assimilator,label,RimVore2.QuirkDef/RimVore2.QuirkDef.xml,def
PostVoreAssimilation_Masterful.description,"As a masterful assimilator, [PAWN_label] will permanently improve the beauty of [PAWN_possessive] assets with assimilated prey.",description,RimVore2.QuirkDef/RimVore2.QuirkDef.xml,def
PostVoreAssimilation_Normal.label,Normal assimilator,label,RimVore2.QuirkDef/RimVore2.QuirkDef.xml,def
PostVoreAssimilation_Normal.description,"As a normal assimilator, [PAWN_label] will temporarily improve the beauty of [PAWN_possessive] assets with reasonable amounts of assimilated prey, but may lose control of [PAWN_possessive] appearance with too much fat around.",description,RimVore2.QuirkDef/RimVore2.QuirkDef.xml,def
PostVoreAssimilation_Clumsy.label,Clumsy assimilator,label,RimVore2.QuirkDef/RimVore2.QuirkDef.xml,def
PostVoreAssimilation_Clumsy.description,"As a clumsy assimilator, [PAWN_label] will never improve the appearance of [PAWN_possessive] assets with assimilated prey, and all of the added fat will remain hideous as long as it's on [PAWN_possessive] body.",description,RimVore2.QuirkDef/RimVore2.QuirkDef.xml,def
PostVoreAssimilation_Unaffected.label,Unaffected assimilator,label,RimVore2.QuirkDef/RimVore2.QuirkDef.xml,def
PostVoreAssimilation_Unaffected.description,"As an unaffected assimilator, [PAWN_label] will seamlessly integrate [PAWN_possessive] assets with assimilated prey, and nobody will ever notice the difference.",description,RimVore2.QuirkDef/RimVore2.QuirkDef.xml,def
Enablers_Overstuffed.label,Overstuffed enablers,label,RimVore2.QuirkPoolDef/RimVore2.QuirkPoolDef.xml,def
Enablers_Overstuffed.description,"These quirks are required for a pawn to be able to use vore, each representing one type or goal. Modifying their commonality sets the global chances that any pawn will be capable of using any given vore path. Vore enablers can be aquired to add the quirk to an existing pawn, even if the quirk itself is set to ForcedOnly; do this if you want vore to be a power unlocked solely through acquisition of the required enablers.",description,RimVore2.QuirkPoolDef/RimVore2.QuirkPoolDef.xml,def
Enablers_Overstuffed_Goal_Absorb.label,Cellular absorbency,label,RimVore2.QuirkDef/RimVore2.QuirkDef.xml,def
Enablers_Overstuffed_Goal_Absorb.description,"[PAWN_label] can merge with other living beings on a cellular level, both permanently (assimilation) and temporarily (amalgamation).",description,RimVore2.QuirkDef/RimVore2.QuirkDef.xml,def
Enablers_Overstuffed_Goal_Amalgamate.label,Cellular amalgamation,label,RimVore2.QuirkDef/RimVore2.QuirkDef.xml,def
Enablers_Overstuffed_Goal_Amalgamate.description,"[PAWN_label] can merge with other living beings on the cellular level, but only safely. Permanent integration is not possible.",description,RimVore2.QuirkDef/RimVore2.QuirkDef.xml,def
Enablers_Overstuffed_Goal_Assimilate.label,Cellular assimilation,label,RimVore2.QuirkDef/RimVore2.QuirkDef.xml,def
Enablers_Overstuffed_Goal_Assimilate.description,"[PAWN_label] can merge with other beings on the cellular level, but it's always a fatal process.",description,RimVore2.QuirkDef/RimVore2.QuirkDef.xml,def
Enablers_Overstuffed_Goal_ConvertChemfuel.label,Olifactive enzymes,label,RimVore2.QuirkDef/RimVore2.QuirkDef.xml,def
Enablers_Overstuffed_Goal_ConvertChemfuel.description,[PAWN_label] can melt live prey down to chemfuel in a number of locations on [PAWN_possessive] body.,description,RimVore2.QuirkDef/RimVore2.QuirkDef.xml,def
Enablers_Overstuffed_Goal_ConvertEggs.label,Ovifactive enzymes,label,RimVore2.QuirkDef/RimVore2.QuirkDef.xml,def
Enablers_Overstuffed_Goal_ConvertEggs.description,[PAWN_label] can melt live prey down to eggs in [PAWN_possessive] ovaries.,description,RimVore2.QuirkDef/RimVore2.QuirkDef.xml,def
Enablers_Overstuffed_Goal_ConvertUrine.label,Urifactive enzymes,label,RimVore2.QuirkDef/RimVore2.QuirkDef.xml,def
Enablers_Overstuffed_Goal_ConvertUrine.description,[PAWN_label]  can melt live prey down to fertilizer-grade urine in [PAWN_possessive] kidneys.,description,RimVore2.QuirkDef/RimVore2.QuirkDef.xml,def
Enablers_Overstuffed_Type_Cleavage.label,Cleavage depth,label,RimVore2.QuirkDef/RimVore2.QuirkDef.xml,def
Enablers_Overstuffed_Type_Cleavage.description,[PAWN_label] has a bust deep enough to contain live prey.,description,RimVore2.QuirkDef/RimVore2.QuirkDef.xml,def
Enablers_Overstuffed_Type_Membrane.label,Dermal porocity,label,RimVore2.QuirkDef/RimVore2.QuirkDef.xml,def
Enablers_Overstuffed_Type_Membrane.description,"[PAWN_label] has a permeable outer membrane which can be used to engulf live prey, like a slime.",description,RimVore2.QuirkDef/RimVore2.QuirkDef.xml,def
Enablers_Overstuffed_Type_Navel.label,Umbilical elasticity,label,RimVore2.QuirkDef/RimVore2.QuirkDef.xml,def
Enablers_Overstuffed_Type_Navel.description,[PAWN_label] has an untied and stretchy navel with which to ennavel live prey.,description,RimVore2.QuirkDef/RimVore2.QuirkDef.xml,def
Enablers_Overstuffed_Type_Tailmaw.label,Tailmaw elasticity,label,RimVore2.QuirkDef/RimVore2.QuirkDef.xml,def
Enablers_Overstuffed_Type_Tailmaw.description,[PAWN_label] has a maw on [PAWN_possessive] tail stretchy enough to pythen live prey.,description,RimVore2.QuirkDef/RimVore2.QuirkDef.xml,def
Enablers_Overstuffed_Type_Udder.label,Uberal elasticity,label,RimVore2.QuirkDef/RimVore2.QuirkDef.xml,def
Enablers_Overstuffed_Type_Udder.description,[PAWN_label] has udder teats stretchy enough to unnurse live prey.,description,RimVore2.QuirkDef/RimVore2.QuirkDef.xml,def
GoalPreference_Predator_Amalgamate.label,Predatory goal preference\n(amalgamation),label,RimVore2.QuirkPoolDef/RimVore2.QuirkPoolDef.xml,def
GoalPreference_Predator_Amalgamate.description,"These quirks determine how much a pawn likes amalgamating prey (non-fatal absorption). At the extremes, the pawn will either never or always try to amalgamate prey. These quirks do require the ability to absorb prey in the first place, however.",description,RimVore2.QuirkPoolDef/RimVore2.QuirkPoolDef.xml,def
GoalPreference_Predator_Amalgamate_Obsessed.label,Melangist hoarder,label,RimVore2.QuirkDef/RimVore2.QuirkDef.xml,def
GoalPreference_Predator_Amalgamate_Obsessed.description,"As an obsessive melangist(e), [PAWN_label] wants to walk around with as many people amalgamated onto [PAWN_objective] as [PAWN_pronoun] can fit, and will waste little time with other goals.",description,RimVore2.QuirkDef/RimVore2.QuirkDef.xml,def
GoalPreference_Predator_Amalgamate_Likes.label,Melangist,label,RimVore2.QuirkDef/RimVore2.QuirkDef.xml,def
GoalPreference_Predator_Amalgamate_Likes.description,"As a melangist(e), [PAWN_label] enjoys having people around as sapient fat.",description,RimVore2.QuirkDef/RimVore2.QuirkDef.xml,def
GoalPreference_Predator_Amalgamate_Neutral.label,Amalgamation ambivalence,label,RimVore2.QuirkDef/RimVore2.QuirkDef.xml,def
GoalPreference_Predator_Amalgamate_Neutral.description,[PAWN_label] doesn't really care one way or the other about amalgamating prey. That may or may not be due to [PAWN_label] not being capable of amalgamation in the first place.,description,RimVore2.QuirkDef/RimVore2.QuirkDef.xml,def
GoalPreference_Predator_Amalgamate_Dislikes.label,Reclusive soul,label,RimVore2.QuirkDef/RimVore2.QuirkDef.xml,def
GoalPreference_Predator_Amalgamate_Dislikes.description,[PAWN_label] dislikes amalgamating prey. The drain (on hunger and focus) isn't worth the gain.,description,RimVore2.QuirkDef/RimVore2.QuirkDef.xml,def
GoalPreference_Predator_Amalgamate_Refuses.label,Solitary soul,label,RimVore2.QuirkDef/RimVore2.QuirkDef.xml,def
GoalPreference_Predator_Amalgamate_Refuses.description,"[PAWN_label] hates amalgamating prey and will never willingly do it. That's a degree of intimacy too close, a loss of privacy too great.",description,RimVore2.QuirkDef/RimVore2.QuirkDef.xml,def
GoalPreference_Predator_Assimilate.label,Predatory goal preference\n(assimilation),label,RimVore2.QuirkPoolDef/RimVore2.QuirkPoolDef.xml,def
GoalPreference_Predator_Assimilate.description,"These quirks determine how much a pawn likes assimilating prey (fatal absorption). At the extremes, the pawn will either never or always try to assimilate prey. These quirks do require the ability to absorb prey in the first place, however.",description,RimVore2.QuirkPoolDef/RimVore2.QuirkPoolDef.xml,def
GoalPreference_Predator_Assimilate_Obsessed.label,Driven assimilator,label,RimVore2.QuirkDef/RimVore2.QuirkDef.xml,def
GoalPreference_Predator_Assimilate_Obsessed.description,"As an obsessive assimilator, [PAWN_label] wants to permanently absorb as many prey as possible and make [PAWN_possessive] assets huge.",description,RimVore2.QuirkDef/RimVore2.QuirkDef.xml,def
GoalPreference_Predator_Assimilate_Likes.label,Assimilator,label,RimVore2.QuirkDef/RimVore2.QuirkDef.xml,def
GoalPreference_Predator_Assimilate_Likes.description,"As an assimilator, [PAWN_label] likes absorbing [PAWN_possessive] prey permanently. Getting targeted size-gains is one advantage over digestion.",description,RimVore2.QuirkDef/RimVore2.QuirkDef.xml,def
GoalPreference_Predator_Assimilate_Neutral.label,Assimilation ambivalence,label,RimVore2.QuirkDef/RimVore2.QuirkDef.xml,def
GoalPreference_Predator_Assimilate_Neutral.description,[PAWN_label] doesn't really care one way or the other about assimilating prey. That may or may not be due to [PAWN_label] not being capable of assimilation in the first place.,description,RimVore2.QuirkDef/RimVore2.QuirkDef.xml,def
GoalPreference_Predator_Assimilate_Dislikes.label,Assimilation aversion,label,RimVore2.QuirkDef/RimVore2.QuirkDef.xml,def
GoalPreference_Predator_Assimilate_Dislikes.description,[PAWN_label] doesn't like permanently assimilating prey. Something less permanent or non-absorptive might be preferable.,description,RimVore2.QuirkDef/RimVore2.QuirkDef.xml,def
GoalPreference_Predator_Assimilate_Refuses.label,Assimilation revulsion,label,RimVore2.QuirkDef/RimVore2.QuirkDef.xml,def
GoalPreference_Predator_Assimilate_Refuses.description,[PAWN_label] hates permanently assimilating prey and will never willingly do it. It's a perversion of the powers of absorption.,description,RimVore2.QuirkDef/RimVore2.QuirkDef.xml,def
GoalPreference_Prey_Amalgamate.label,Preyish goal preference\n(amalgamation),label,RimVore2.QuirkPoolDef/RimVore2.QuirkPoolDef.xml,def
GoalPreference_Prey_Amalgamate.description,"These quirks determine how much a pawn wants to be amalgamated (non-fatally absorbed) into a predator. At the extremes, the pawn will either never or always try to be amalgamated. Be careful increasing the commonality of an amalgamation preference: willing pawns can easily be lost indefinitely among however many predators you have who are capable of absorption.",description,RimVore2.QuirkPoolDef/RimVore2.QuirkPoolDef.xml,def
GoalPreference_Prey_Amalgamate_Obsessed.label,Pad-wish,label,RimVore2.QuirkDef/RimVore2.QuirkDef.xml,def
GoalPreference_Prey_Amalgamate_Obsessed.description,"As an obsessive tapissier(e) [PAWN_label] really wants to spend the rest of eternity absorbed, still-sapient, into some predator's body.",description,RimVore2.QuirkDef/RimVore2.QuirkDef.xml,def
GoalPreference_Prey_Amalgamate_Likes.label,Tapissier,label,RimVore2.QuirkDef/RimVore2.QuirkDef.xml,def
GoalPreference_Prey_Amalgamate_Likes.description,"As a tapissier(e), [PAWN_label] just likes to spend a while as padding on some predator. Not necessarily forever, mind.",description,RimVore2.QuirkDef/RimVore2.QuirkDef.xml,def
GoalPreference_Prey_Amalgamate_Neutral.label,Amalgam ambivalence,label,RimVore2.QuirkDef/RimVore2.QuirkDef.xml,def
GoalPreference_Prey_Amalgamate_Neutral.description,[PAWN_label] doesn't really care one way or the other about being amalgamated.,description,RimVore2.QuirkDef/RimVore2.QuirkDef.xml,def
GoalPreference_Prey_Amalgamate_Dislikes.label,Amalgam aversion,label,RimVore2.QuirkDef/RimVore2.QuirkDef.xml,def
GoalPreference_Prey_Amalgamate_Dislikes.description,"[PAWN_label] dislikes being amalgamated. Either consciousness should cease before [PAWN_pronoun] enhances someone's assets, or [PAWN_pronoun] should be let go safe and sound.",description,RimVore2.QuirkDef/RimVore2.QuirkDef.xml,def
GoalPreference_Prey_Amalgamate_Refuses.label,Amalgam revulsion,label,RimVore2.QuirkDef/RimVore2.QuirkDef.xml,def
GoalPreference_Prey_Amalgamate_Refuses.description,"[PAWN_label] hates being amalgamated. If you have to absorb [PAWN_objective], just take it all the way. Being a pred's *temporary* size-enhancer is a violation [PAWN_pronoun] would rather not live with.",description,RimVore2.QuirkDef/RimVore2.QuirkDef.xml,def
GoalPreference_Prey_Assimilate.label,Preyish goal preference (assimilation),label,RimVore2.QuirkPoolDef/RimVore2.QuirkPoolDef.xml,def
GoalPreference_Prey_Assimilate.description,"These quirks determine how much a pawn wants to be assimilated (fatally absorbed) into a predator. At the extremes, the pawn will either never or always try to be assimilated. Be careful increasing the commonality of an assimilation preference: willing pawns can easily be killed by predators with little notice.",description,RimVore2.QuirkPoolDef/RimVore2.QuirkPoolDef.xml,def
GoalPreference_Prey_Assimilate_Obsessed.label,Meld-wish,label,RimVore2.QuirkDef/RimVore2.QuirkDef.xml,def
GoalPreference_Prey_Assimilate_Obsessed.description,"As an obsessive osmoseu(r/se), [PAWN_label] has made up [PAWN_possessive] mind. $PNom wants to make a predator even more beautiful, and only a permanent absorption is intimate enough to suffice.",description,RimVore2.QuirkDef/RimVore2.QuirkDef.xml,def
GoalPreference_Prey_Assimilate_Likes.label,Osmoseur,label,RimVore2.QuirkDef/RimVore2.QuirkDef.xml,def
GoalPreference_Prey_Assimilate_Likes.description,"As an osmoseu(r/se), [PAWN_label] ideates an end in which [PAWN_pronoun] directly and visibly contributes to a predator's physical gains, by way of permanent absorption.",description,RimVore2.QuirkDef/RimVore2.QuirkDef.xml,def
GoalPreference_Prey_Assimilate_Neutral.label,Assimilant ambivalence,label,RimVore2.QuirkDef/RimVore2.QuirkDef.xml,def
GoalPreference_Prey_Assimilate_Neutral.description,[PAWN_label] doesn't really care one way or the other about being assimilated.,description,RimVore2.QuirkDef/RimVore2.QuirkDef.xml,def
GoalPreference_Prey_Assimilate_Dislikes.label,Assimilant aversion,label,RimVore2.QuirkDef/RimVore2.QuirkDef.xml,def
GoalPreference_Prey_Assimilate_Dislikes.description,[PAWN_label] is put off by the idea of being made a permanent part of someone. There's at least a transience to mere digestion.,description,RimVore2.QuirkDef/RimVore2.QuirkDef.xml,def
GoalPreference_Prey_Assimilate_Refuses.label,Assimilant revulsion,label,RimVore2.QuirkDef/RimVore2.QuirkDef.xml,def
GoalPreference_Prey_Assimilate_Refuses.description,"[PAWN_label] is terrified of being made a permanent part of someone, to be subject to all the degrading, animalistic things a pred might do with [PAWN_objective] after turning [PAWN_objective] into some body part or other.",description,RimVore2.QuirkDef/RimVore2.QuirkDef.xml,def
TypePreference_Predator_Cleavage.label,Predatory type pref. (cleavage),label,RimVore2.QuirkPoolDef/RimVore2.QuirkPoolDef.xml,def
TypePreference_Predator_Cleavage.description,"These quirks determine how much a pawn likes to stuff prey down their cleavage. At the extremes, the pawn will either never or always try to fissure prey.",description,RimVore2.QuirkPoolDef/RimVore2.QuirkPoolDef.xml,def
TypePreference_Predator_Cleavage_Obsessed.label,Ravenous fissurist pred,label,RimVore2.QuirkDef/RimVore2.QuirkDef.xml,def
TypePreference_Predator_Cleavage_Obsessed.description,"[PAWN_label] loves fissuring [PAWN_possessive] prey, to the exclusion of other types. No other type of vore makes it so easy to make out with prey on the way down.",description,RimVore2.QuirkDef/RimVore2.QuirkDef.xml,def
TypePreference_Predator_Cleavage_Likes.label,Fissurist pred,label,RimVore2.QuirkDef/RimVore2.QuirkDef.xml,def
TypePreference_Predator_Cleavage_Likes.description,"[PAWN_label] likes fissuring [PAWN_possessive] prey. Cleavage doesn't need to stretch as far beyond the norm, unlike other methods.",description,RimVore2.QuirkDef/RimVore2.QuirkDef.xml,def
TypePreference_Predator_Cleavage_Neutral.label,Fissure-ambivalent pred,label,RimVore2.QuirkDef/RimVore2.QuirkDef.xml,def
TypePreference_Predator_Cleavage_Neutral.description,[PAWN_label] doesn't really care one way or the other about fissuring prey.,description,RimVore2.QuirkDef/RimVore2.QuirkDef.xml,def
TypePreference_Predator_Cleavage_Dislikes.label,Fissure-averse pred,label,RimVore2.QuirkDef/RimVore2.QuirkDef.xml,def
TypePreference_Predator_Cleavage_Dislikes.description,[PAWN_label] dislikes fissuring [PAWN_possessive] prey. That's not supposed to be a hole.,description,RimVore2.QuirkDef/RimVore2.QuirkDef.xml,def
TypePreference_Predator_Cleavage_Refuses.label,Fissure-abhorring pred,label,RimVore2.QuirkDef/RimVore2.QuirkDef.xml,def
TypePreference_Predator_Cleavage_Refuses.description,[PAWN_label] hates fissuring [PAWN_possessive] prey. It doesn't even deserve to be called vore.,description,RimVore2.QuirkDef/RimVore2.QuirkDef.xml,def
TypePreference_Predator_Membrane.label,Predatory type pref. (membrane),label,RimVore2.QuirkPoolDef/RimVore2.QuirkPoolDef.xml,def
TypePreference_Predator_Membrane.description,"These quirks determine how much a pawn likes to engulf prey through their permeable outer membrane. At the extremes, the pawn will either never or always try to engulf prey.",description,RimVore2.QuirkPoolDef/RimVore2.QuirkPoolDef.xml,def
TypePreference_Predator_Membrane_Obsessed.label,Ravenous dermacist pred,label,RimVore2.QuirkDef/RimVore2.QuirkDef.xml,def
TypePreference_Predator_Membrane_Obsessed.description,"[PAWN_label] loves engulfing prey through [PAWN_possessive] permeable outer membrane, like a slime. It's fun to walk around with prey like you've got a skeleton.",description,RimVore2.QuirkDef/RimVore2.QuirkDef.xml,def
TypePreference_Predator_Membrane_Likes.label,Dermacist pred,label,RimVore2.QuirkDef/RimVore2.QuirkDef.xml,def
TypePreference_Predator_Membrane_Likes.description,"[PAWN_label] likes engulfing prey through [PAWN_possessive] permeable outer membrane, like a slime. Glomp!",description,RimVore2.QuirkDef/RimVore2.QuirkDef.xml,def
TypePreference_Predator_Membrane_Neutral.label,Dermal-ambivalent pred,label,RimVore2.QuirkDef/RimVore2.QuirkDef.xml,def
TypePreference_Predator_Membrane_Neutral.description,[PAWN_label] doesn't really care one way or the other about engulfing prey.,description,RimVore2.QuirkDef/RimVore2.QuirkDef.xml,def
TypePreference_Predator_Membrane_Dislikes.label,Dermal-averse pred,label,RimVore2.QuirkDef/RimVore2.QuirkDef.xml,def
TypePreference_Predator_Membrane_Dislikes.description,[PAWN_label] dislikes engulfing prey through [PAWN_possessive] permeable outer membrane. It's a good way to get filth and grime in your plasm.,description,RimVore2.QuirkDef/RimVore2.QuirkDef.xml,def
TypePreference_Predator_Membrane_Refuses.label,Dermal-abhorring pred,label,RimVore2.QuirkDef/RimVore2.QuirkDef.xml,def
TypePreference_Predator_Membrane_Refuses.description,"[PAWN_label] hates engulfing prey through [PAWN_possessive] permeable outer membrane. Who would ever want to be restricted to a stiff, unyielding skeleton?",description,RimVore2.QuirkDef/RimVore2.QuirkDef.xml,def
TypePreference_Predator_Navel.label,Predatory type preference (navel),label,RimVore2.QuirkPoolDef/RimVore2.QuirkPoolDef.xml,def
TypePreference_Predator_Navel.description,"These quirks determine how much a pawn likes to stuff prey into their navel. At the extremes, the pawn will either never or always try to ennavel prey.",description,RimVore2.QuirkPoolDef/RimVore2.QuirkPoolDef.xml,def
TypePreference_Predator_Navel_Obsessed.label,Ravenous umbilicist pred,label,RimVore2.QuirkDef/RimVore2.QuirkDef.xml,def
TypePreference_Predator_Navel_Obsessed.description,"[PAWN_label] loves ennaveling [PAWN_possessive] prey, to the exclusion of other types. No other method is as belly-centric.",description,RimVore2.QuirkDef/RimVore2.QuirkDef.xml,def
TypePreference_Predator_Navel_Likes.label,Umbilicist pred,label,RimVore2.QuirkDef/RimVore2.QuirkDef.xml,def
TypePreference_Predator_Navel_Likes.description,[PAWN_label] likes ennaveling [PAWN_possessive] prey. It fed 'em once before; it can do so again!,description,RimVore2.QuirkDef/RimVore2.QuirkDef.xml,def
TypePreference_Predator_Navel_Neutral.label,Umbilical-ambivalent pred,label,RimVore2.QuirkDef/RimVore2.QuirkDef.xml,def
TypePreference_Predator_Navel_Neutral.description,[PAWN_label] doesn't really care one way or the other about ennaveling prey.,description,RimVore2.QuirkDef/RimVore2.QuirkDef.xml,def
TypePreference_Predator_Navel_Dislikes.label,Umbilical-averse pred,label,RimVore2.QuirkDef/RimVore2.QuirkDef.xml,def
TypePreference_Predator_Navel_Dislikes.description,[PAWN_label] dislikes ennaveling [PAWN_possessive] prey. That was supposed to be tied a while ago!,description,RimVore2.QuirkDef/RimVore2.QuirkDef.xml,def
TypePreference_Predator_Navel_Refuses.label,Umbilical-abhorring pred,label,RimVore2.QuirkDef/RimVore2.QuirkDef.xml,def
TypePreference_Predator_Navel_Refuses.description,[PAWN_label] hates ennaveling [PAWN_possessive] prey. $PNom isn't a fetus anymore!,description,RimVore2.QuirkDef/RimVore2.QuirkDef.xml,def
TypePreference_Predator_Tailmaw.label,Predatory type preference (tailmaw),label,RimVore2.QuirkPoolDef/RimVore2.QuirkPoolDef.xml,def
TypePreference_Predator_Tailmaw.description,"These quirks determine how much a pawn likes to gulp prey down their tail-throat. At the extremes, the pawn will either never or always try to pythen prey.",description,RimVore2.QuirkPoolDef/RimVore2.QuirkPoolDef.xml,def
TypePreference_Predator_Tailmaw_Obsessed.label,Ravenous caudalist pred,label,RimVore2.QuirkDef/RimVore2.QuirkDef.xml,def
TypePreference_Predator_Tailmaw_Obsessed.description,"[PAWN_label] loves pythening [PAWN_possessive] prey, to the exclusion of other types. It's like having a helping hand hunting.",description,RimVore2.QuirkDef/RimVore2.QuirkDef.xml,def
TypePreference_Predator_Tailmaw_Likes.label,Caudalist pred,label,RimVore2.QuirkDef/RimVore2.QuirkDef.xml,def
TypePreference_Predator_Tailmaw_Likes.description,[PAWN_label] likes pythening [PAWN_possessive] prey. What else do you do with a vore-capable tail?,description,RimVore2.QuirkDef/RimVore2.QuirkDef.xml,def
TypePreference_Predator_Tailmaw_Neutral.label,Caudal-ambivalent pred,label,RimVore2.QuirkDef/RimVore2.QuirkDef.xml,def
TypePreference_Predator_Tailmaw_Neutral.description,[PAWN_label] doesn't really care one way or the other about pythening prey.,description,RimVore2.QuirkDef/RimVore2.QuirkDef.xml,def
TypePreference_Predator_Tailmaw_Dislikes.label,Caudal-averse pred,label,RimVore2.QuirkDef/RimVore2.QuirkDef.xml,def
TypePreference_Predator_Tailmaw_Dislikes.description,[PAWN_label] dislikes pythening [PAWN_possessive] prey. It's even harder to coordinate than anal vore.,description,RimVore2.QuirkDef/RimVore2.QuirkDef.xml,def
TypePreference_Predator_Tailmaw_Refuses.label,Caudal-abhorring pred,label,RimVore2.QuirkDef/RimVore2.QuirkDef.xml,def
TypePreference_Predator_Tailmaw_Refuses.description,[PAWN_label] hates pythening [PAWN_possessive] prey. What's the point when [PAWN_pronoun] already has a mouth?,description,RimVore2.QuirkDef/RimVore2.QuirkDef.xml,def
TypePreference_Predator_Udder.label,Predatory type preference (udder),label,RimVore2.QuirkPoolDef/RimVore2.QuirkPoolDef.xml,def
TypePreference_Predator_Udder.description,"These quirks determine how much a pawn likes to stuff prey into their udder. At the extremes, the pawn will either never or always try to unnurse prey into their udder.",description,RimVore2.QuirkPoolDef/RimVore2.QuirkPoolDef.xml,def
TypePreference_Predator_Udder_Obsessed.label,Ravenous uberist pred,label,RimVore2.QuirkDef/RimVore2.QuirkDef.xml,def
TypePreference_Predator_Udder_Obsessed.description,"[PAWN_label] loves unnursing prey into [PAWN_possessive] udder, to the exclusion of other types. Moo!",description,RimVore2.QuirkDef/RimVore2.QuirkDef.xml,def
TypePreference_Predator_Udder_Likes.label,Uberist pred,label,RimVore2.QuirkDef/RimVore2.QuirkDef.xml,def
TypePreference_Predator_Udder_Likes.description,[PAWN_label] likes unnursing prey into [PAWN_possessive] udder. Milk's good.,description,RimVore2.QuirkDef/RimVore2.QuirkDef.xml,def
TypePreference_Predator_Udder_Neutral.label,Uberal-ambivalent pred,label,RimVore2.QuirkDef/RimVore2.QuirkDef.xml,def
TypePreference_Predator_Udder_Neutral.description,[PAWN_label] doesn't really care one way or the other about unnursing prey into [PAWN_possessive] udder.,description,RimVore2.QuirkDef/RimVore2.QuirkDef.xml,def
TypePreference_Predator_Udder_Dislikes.label,Uberal-averse pred,label,RimVore2.QuirkDef/RimVore2.QuirkDef.xml,def
TypePreference_Predator_Udder_Dislikes.description,[PAWN_label] dislikes unnursing prey into [PAWN_possessive] udder. There are better ways to get milk.,description,RimVore2.QuirkDef/RimVore2.QuirkDef.xml,def
TypePreference_Predator_Udder_Refuses.label,Uberal-abhorring pred,label,RimVore2.QuirkDef/RimVore2.QuirkDef.xml,def
TypePreference_Predator_Udder_Refuses.description,[PAWN_label] hates unnursing prey into [PAWN_possessive] udder. Find another cow.,description,RimVore2.QuirkDef/RimVore2.QuirkDef.xml,def
TypePreference_Prey_Cleavage.label,Preyish type preference (cleavage),label,RimVore2.QuirkPoolDef/RimVore2.QuirkPoolDef.xml,def
TypePreference_Prey_Cleavage.description,"These quirks determine how much a pawn likes to be stuffed in predators' cleavage. At the extremes, the pawn will either never or always try to get fissured.",description,RimVore2.QuirkPoolDef/RimVore2.QuirkPoolDef.xml,def
TypePreference_Prey_Cleavage_Obsessed.label,Obsessive fissurist prey,label,RimVore2.QuirkDef/RimVore2.QuirkDef.xml,def
TypePreference_Prey_Cleavage_Obsessed.description,"[PAWN_label] loves to fit between the letter-slot, to get cosy in the built-in purse, to get a full-body titjob; to be fissured, cleavage-vored.",description,RimVore2.QuirkDef/RimVore2.QuirkDef.xml,def
TypePreference_Prey_Cleavage_Likes.label,Fissurist prey,label,RimVore2.QuirkDef/RimVore2.QuirkDef.xml,def
TypePreference_Prey_Cleavage_Likes.description,[PAWN_label] likes to be fissured. Who doesn't like playing around with a pair of funbags?,description,RimVore2.QuirkDef/RimVore2.QuirkDef.xml,def
TypePreference_Prey_Cleavage_Neutral.label,Fissure-ambivalent prey,label,RimVore2.QuirkDef/RimVore2.QuirkDef.xml,def
TypePreference_Prey_Cleavage_Neutral.description,[PAWN_label] doesn't really care one way or the other about being fissured.,description,RimVore2.QuirkDef/RimVore2.QuirkDef.xml,def
TypePreference_Prey_Cleavage_Dislikes.label,Fissure-averse prey,label,RimVore2.QuirkDef/RimVore2.QuirkDef.xml,def
TypePreference_Prey_Cleavage_Dislikes.description,[PAWN_label] dislikes being fissured. There are higher-intensity forms of vore out there.,description,RimVore2.QuirkDef/RimVore2.QuirkDef.xml,def
TypePreference_Prey_Cleavage_Refuses.label,Fissure-abhorring prey,label,RimVore2.QuirkDef/RimVore2.QuirkDef.xml,def
TypePreference_Prey_Cleavage_Refuses.description,[PAWN_label] hates being fissured. Is it really even vore?,description,RimVore2.QuirkDef/RimVore2.QuirkDef.xml,def
TypePreference_Prey_Membrane.label,Preyish type pref. (membrane),label,RimVore2.QuirkPoolDef/RimVore2.QuirkPoolDef.xml,def
TypePreference_Prey_Membrane.description,"These quirks determine how much a pawn likes to be engulfed through a slimelike being's permeable outer membrane, like by a slime. At the extremes, the pawn will either never or always try to get engulfed.",description,RimVore2.QuirkPoolDef/RimVore2.QuirkPoolDef.xml,def
TypePreference_Prey_Membrane_Obsessed.label,Obsessive dermalist prey,label,RimVore2.QuirkDef/RimVore2.QuirkDef.xml,def
TypePreference_Prey_Membrane_Obsessed.description,"[PAWN_label] loves to bathe in the body, to swim in jelly; to be engulfed, overembraced, membrane-vored.",description,RimVore2.QuirkDef/RimVore2.QuirkDef.xml,def
TypePreference_Prey_Membrane_Likes.label,Dermalist prey,label,RimVore2.QuirkDef/RimVore2.QuirkDef.xml,def
TypePreference_Prey_Membrane_Likes.description,[PAWN_label] likes being engulfed by slime-like beings. It's nice to swim in goo.,description,RimVore2.QuirkDef/RimVore2.QuirkDef.xml,def
TypePreference_Prey_Membrane_Neutral.label,Dermal-ambivalent prey,label,RimVore2.QuirkDef/RimVore2.QuirkDef.xml,def
TypePreference_Prey_Membrane_Neutral.description,[PAWN_label] doesn't really care one way or the other about being engulfed.,description,RimVore2.QuirkDef/RimVore2.QuirkDef.xml,def
TypePreference_Prey_Membrane_Dislikes.label,Dermal-averse prey,label,RimVore2.QuirkDef/RimVore2.QuirkDef.xml,def
TypePreference_Prey_Membrane_Dislikes.description,[PAWN_label] dislikes being engulfed by slimelike beings. The vibe's just off.,description,RimVore2.QuirkDef/RimVore2.QuirkDef.xml,def
TypePreference_Prey_Membrane_Refuses.label,Dermal-averse prey,label,RimVore2.QuirkDef/RimVore2.QuirkDef.xml,def
TypePreference_Prey_Membrane_Refuses.description,"[PAWN_label] hates being engulfed by slimelike beings. It's too public, too roomy, and the slime gets to puppet you around while you're inside.",description,RimVore2.QuirkDef/RimVore2.QuirkDef.xml,def
TypePreference_Prey_Navel.label,Preyish type preference (navel),label,RimVore2.QuirkPoolDef/RimVore2.QuirkPoolDef.xml,def
TypePreference_Prey_Navel.description,"These quirks determine how much a pawn likes to be stuffed into a predator's navel. At the extremes, the pawn will either never or always try to get ennaveled.",description,RimVore2.QuirkPoolDef/RimVore2.QuirkPoolDef.xml,def
TypePreference_Prey_Navel_Obsessed.label,Obsessive umbilicist prey,label,RimVore2.QuirkDef/RimVore2.QuirkDef.xml,def
TypePreference_Prey_Navel_Obsessed.description,"[PAWN_label] loves to dig deep for lint, to untie the old knot, to be navel-vored.",description,RimVore2.QuirkDef/RimVore2.QuirkDef.xml,def
TypePreference_Prey_Navel_Likes.label,Umbilicist prey,label,RimVore2.QuirkDef/RimVore2.QuirkDef.xml,def
TypePreference_Prey_Navel_Likes.description,[PAWN_label] likes being ennaveled. Bellies are good!,description,RimVore2.QuirkDef/RimVore2.QuirkDef.xml,def
TypePreference_Prey_Navel_Neutral.label,Umbilical-ambivalent prey,label,RimVore2.QuirkDef/RimVore2.QuirkDef.xml,def
TypePreference_Prey_Navel_Neutral.description,[PAWN_label] doesn't really care one way or the other about being ennaveled.,description,RimVore2.QuirkDef/RimVore2.QuirkDef.xml,def
TypePreference_Prey_Navel_Dislikes.label,Umbilical-averse prey,label,RimVore2.QuirkDef/RimVore2.QuirkDef.xml,def
TypePreference_Prey_Navel_Dislikes.description,[PAWN_label] dislikes being ennaveled. It's linty and unclean in there.,description,RimVore2.QuirkDef/RimVore2.QuirkDef.xml,def
TypePreference_Prey_Navel_Refuses.label,Umbilical-averse prey,label,RimVore2.QuirkDef/RimVore2.QuirkDef.xml,def
TypePreference_Prey_Navel_Refuses.description,[PAWN_label] hates being ennaveled. The knot was tied for a reason.,description,RimVore2.QuirkDef/RimVore2.QuirkDef.xml,def
TypePreference_Prey_Tailmaw.label,Preyish type preference (tailmaw),label,RimVore2.QuirkPoolDef/RimVore2.QuirkPoolDef.xml,def
TypePreference_Prey_Tailmaw.description,"These quirks determine how much a pawn likes to be gulped down a predator's tailmaw. At the extremes, the pawn will either never or always try to get pythened.",description,RimVore2.QuirkPoolDef/RimVore2.QuirkPoolDef.xml,def
TypePreference_Prey_Tailmaw_Obsessed.label,Obsessive caudalist prey,label,RimVore2.QuirkDef/RimVore2.QuirkDef.xml,def
TypePreference_Prey_Tailmaw_Obsessed.description,"[PAWN_label] loves to be taken by the snake, sucked down the spade; pythened, tail-vored.",description,RimVore2.QuirkDef/RimVore2.QuirkDef.xml,def
TypePreference_Prey_Tailmaw_Likes.label,Caudalist prey,label,RimVore2.QuirkDef/RimVore2.QuirkDef.xml,def
TypePreference_Prey_Tailmaw_Likes.description,[PAWN_label] likes being pythened. Tail-preds can do ever so much with their tails while you're in there.,description,RimVore2.QuirkDef/RimVore2.QuirkDef.xml,def
TypePreference_Prey_Tailmaw_Neutral.label,Caudal-ambivalent prey,label,RimVore2.QuirkDef/RimVore2.QuirkDef.xml,def
TypePreference_Prey_Tailmaw_Neutral.description,[PAWN_label] doesn't really care one way or the other about being pythened.,description,RimVore2.QuirkDef/RimVore2.QuirkDef.xml,def
TypePreference_Prey_Tailmaw_Dislikes.label,Caudal-averse prey,label,RimVore2.QuirkDef/RimVore2.QuirkDef.xml,def
TypePreference_Prey_Tailmaw_Dislikes.description,"[PAWN_label] dislikes being pythened. Tailmaws fall within the uncanny valley, when it comes to mouths.",description,RimVore2.QuirkDef/RimVore2.QuirkDef.xml,def
TypePreference_Prey_Tailmaw_Refuses.label,Caudal-abhorring prey,label,RimVore2.QuirkDef/RimVore2.QuirkDef.xml,def
TypePreference_Prey_Tailmaw_Refuses.description,"[PAWN_label] hates being pythened. It activates some sort of primal fear of snakes in [PAWN_possessive] mind, even if [PAWN_pronoun] might not otherwise dread the slitherers.",description,RimVore2.QuirkDef/RimVore2.QuirkDef.xml,def
TypePreference_Prey_Udder.label,Preyish type preference (udder),label,RimVore2.QuirkPoolDef/RimVore2.QuirkPoolDef.xml,def
TypePreference_Prey_Udder.description,"These quirks determine how much a pawn likes to be stuffed into a predator's udder. At the extremes, the pawn will either never or always try to get unnursed into the udder.",description,RimVore2.QuirkPoolDef/RimVore2.QuirkPoolDef.xml,def
TypePreference_Prey_Udder_Obsessed.label,Obsessive uberist prey,label,RimVore2.QuirkDef/RimVore2.QuirkDef.xml,def
TypePreference_Prey_Udder_Obsessed.description,"[PAWN_label] loves to be unnursed, unsuckled, bathe in milk, all in the beastly manner--to be udder-vored.",description,RimVore2.QuirkDef/RimVore2.QuirkDef.xml,def
TypePreference_Prey_Udder_Likes.label,Uberist prey,label,RimVore2.QuirkDef/RimVore2.QuirkDef.xml,def
TypePreference_Prey_Udder_Likes.description,[PAWN_label] likes being unnursed into an udder. Moo!,description,RimVore2.QuirkDef/RimVore2.QuirkDef.xml,def
TypePreference_Prey_Udder_Neutral.label,Uberal-ambivalent prey,label,RimVore2.QuirkDef/RimVore2.QuirkDef.xml,def
TypePreference_Prey_Udder_Neutral.description,[PAWN_label] doesn't really care one way or the other about being unnursed into an udder.,description,RimVore2.QuirkDef/RimVore2.QuirkDef.xml,def
TypePreference_Prey_Udder_Dislikes.label,Uberal-averse prey,label,RimVore2.QuirkDef/RimVore2.QuirkDef.xml,def
TypePreference_Prey_Udder_Dislikes.description,[PAWN_label] dislikes udder vore. Udders are weird.,description,RimVore2.QuirkDef/RimVore2.QuirkDef.xml,def
TypePreference_Prey_Udder_Refuses.label,Uberal-abhorring prey,label,RimVore2.QuirkDef/RimVore2.QuirkDef.xml,def
TypePreference_Prey_Udder_Refuses.description,"[PAWN_label] hates udder vore. Those are for beasts, not people.",description,RimVore2.QuirkDef/RimVore2.QuirkDef.xml,def
RV2_MakeGoalEnabler_Absorb.label,Make cellular xenoconverter,label,RecipeDef/RecipeDef.xml,def
RV2_MakeGoalEnabler_ConvertChemfuel.label,Make olifactive enzyme seeder,label,RecipeDef/RecipeDef.xml,def
RV2_MakeGoalEnabler_ConvertEggs.label,Make ovifactive enzyme seeder,label,RecipeDef/RecipeDef.xml,def
RV2_MakeGoalEnabler_ConvertUrine.label,Make urifactive enzyme seeder,label,RecipeDef/RecipeDef.xml,def
RV2_MakeTypeEnabler_Cleavage.label,Make cleavage vore suite,label,RecipeDef/RecipeDef.xml,def
RV2_MakeTypeEnabler_Membrane.label,Make dermal porocizer,label,RecipeDef/RecipeDef.xml,def
RV2_MakeTypeEnabler_Navel.label,Make umbilical elasticizer,label,RecipeDef/RecipeDef.xml,def
RV2_MakeTypeEnabler_Tailmaw.label,Make caudal actinodivisor,label,RecipeDef/RecipeDef.xml,def
RV2_MakeTypeEnabler_Udder.label,Make uberal elasticizer,label,RecipeDef/RecipeDef.xml,def
RV2_ChangeCosmeticHediff_Lips.label,Sculpt assimilated fat on lips.,label,RV2_Overstuffed.RecipeDef_SurgeryChangeHediff/RV2_Overstuffed.RecipeDef_SurgeryChangeHediff.xml,def
RV2_ChangeCosmeticHediff_Lips.description,Sculpt assimilated fat on lips.,description,RV2_Overstuffed.RecipeDef_SurgeryChangeHediff/RV2_Overstuffed.RecipeDef_SurgeryChangeHediff.xml,def
RV2_ChangeCosmeticHediff_Lips.jobString,Sculpting assimilated fat on lips,jobString,RV2_Overstuffed.RecipeDef_SurgeryChangeHediff/RV2_Overstuffed.RecipeDef_SurgeryChangeHediff.xml,def
RV2_ChangeCosmeticHediff_Ass.label,Sculpt assimilated fat on ass.,label,RV2_Overstuffed.RecipeDef_SurgeryChangeHediff/RV2_Overstuffed.RecipeDef_SurgeryChangeHediff.xml,def
RV2_ChangeCosmeticHediff_Ass.description,Sculpt assimilated fat on ass.,description,RV2_Overstuffed.RecipeDef_SurgeryChangeHediff/RV2_Overstuffed.RecipeDef_SurgeryChangeHediff.xml,def
RV2_ChangeCosmeticHediff_Ass.jobString,Sculpting assimilated fat on ass,jobString,RV2_Overstuffed.RecipeDef_SurgeryChangeHediff/RV2_Overstuffed.RecipeDef_SurgeryChangeHediff.xml,def
RV2_ChangeCosmeticHediff_Labia.label,Sculpt assimilated fat on labia.,label,RV2_Overstuffed.RecipeDef_SurgeryChangeHediff/RV2_Overstuffed.RecipeDef_SurgeryChangeHediff.xml,def
RV2_ChangeCosmeticHediff_Labia.description,Sculpt assimilated fat on labia.,description,RV2_Overstuffed.RecipeDef_SurgeryChangeHediff/RV2_Overstuffed.RecipeDef_SurgeryChangeHediff.xml,def
RV2_ChangeCosmeticHediff_Labia.jobString,Sculpting assimilated fat on labia,jobString,RV2_Overstuffed.RecipeDef_SurgeryChangeHediff/RV2_Overstuffed.RecipeDef_SurgeryChangeHediff.xml,def
RV2_ChangeCosmeticHediff_Belly.label,Sculpt assimilated fat on belly.,label,RV2_Overstuffed.RecipeDef_SurgeryChangeHediff/RV2_Overstuffed.RecipeDef_SurgeryChangeHediff.xml,def
RV2_ChangeCosmeticHediff_Belly.description,Sculpt assimilated fat on belly.,description,RV2_Overstuffed.RecipeDef_SurgeryChangeHediff/RV2_Overstuffed.RecipeDef_SurgeryChangeHediff.xml,def
RV2_ChangeCosmeticHediff_Belly.jobString,Sculpting assimilated fat on belly,jobString,RV2_Overstuffed.RecipeDef_SurgeryChangeHediff/RV2_Overstuffed.RecipeDef_SurgeryChangeHediff.xml,def
RV2_RemoveCosmeticHediff_Lips.label,Remove assimilated fat from lips.,label,RecipeDef/RecipeDef.xml,def
RV2_RemoveCosmeticHediff_Lips.description,Remove assimilated fat from lips.,description,RecipeDef/RecipeDef.xml,def
RV2_RemoveCosmeticHediff_Lips.jobString,Removing assimilated fat from lips,jobString,RecipeDef/RecipeDef.xml,def
RV2_RemoveCosmeticHediff_Ass.label,Remove assimilated fat from ass.,label,RecipeDef/RecipeDef.xml,def
RV2_RemoveCosmeticHediff_Ass.description,Remove assimilated fat from ass.,description,RecipeDef/RecipeDef.xml,def
RV2_RemoveCosmeticHediff_Ass.jobString,Removing assimilated fat from ass,jobString,RecipeDef/RecipeDef.xml,def
RV2_RemoveCosmeticHediff_Labia.label,Remove assimilated fat from labia.,label,RecipeDef/RecipeDef.xml,def
RV2_RemoveCosmeticHediff_Labia.description,Remove assimilated fat from labia.,description,RecipeDef/RecipeDef.xml,def
RV2_RemoveCosmeticHediff_Labia.jobString,Removing assimilated fat from labia,jobString,RecipeDef/RecipeDef.xml,def
RV2_RemoveCosmeticHediff_Belly.label,Remove assimilated fat from belly.,label,RecipeDef/RecipeDef.xml,def
RV2_RemoveCosmeticHediff_Belly.description,Remove assimilated fat from belly.,description,RecipeDef/RecipeDef.xml,def
RV2_RemoveCosmeticHediff_Belly.jobString,Removing assimilated fat from belly,jobString,RecipeDef/RecipeDef.xml,def
RV2_InstallGoalEnabler_Absorb.label,Install cellular xenoconverter,label,RecipeDef/RecipeDef.xml,def
RV2_InstallGoalEnabler_Absorb.description,Install the cellular xenoconverter required for absorptive vore.,description,RecipeDef/RecipeDef.xml,def
RV2_InstallGoalEnabler_ConvertChemfuel.label,Install olifactive enzyme seeder,label,RecipeDef/RecipeDef.xml,def
RV2_InstallGoalEnabler_ConvertChemfuel.description,Install the enzyme seeder required to allow turning prey into chemfuel.,description,RecipeDef/RecipeDef.xml,def
RV2_InstallGoalEnabler_ConvertEggs.label,Install ovifactive enzyme seeder,label,RecipeDef/RecipeDef.xml,def
RV2_InstallGoalEnabler_ConvertEggs.description,Install the enzyme seeder required to allow turning prey into eggs.,description,RecipeDef/RecipeDef.xml,def
RV2_InstallGoalEnabler_ConvertUrine.label,Install urifactive enzyme seeder,label,RecipeDef/RecipeDef.xml,def
RV2_InstallGoalEnabler_ConvertUrine.description,Install the enzyme seeder required to allow turning prey into urine.,description,RecipeDef/RecipeDef.xml,def
RV2_InstallTypeEnabler_Cleavage.label,Install cleavage vore suite,label,RecipeDef/RecipeDef.xml,def
RV2_InstallTypeEnabler_Cleavage.description,Install the suite of adjustments required to allow cleavage vore.,description,RecipeDef/RecipeDef.xml,def
RV2_InstallTypeEnabler_Membrane.label,Install dermal porocizer,label,RecipeDef/RecipeDef.xml,def
RV2_InstallTypeEnabler_Membrane.description,Install the porocizer required to enable membrane vore.,description,RecipeDef/RecipeDef.xml,def
RV2_InstallTypeEnabler_Navel.label,Install umbilical elasticizer,label,RecipeDef/RecipeDef.xml,def
RV2_InstallTypeEnabler_Navel.description,Install the elasticizer required to enable navel vore.,description,RecipeDef/RecipeDef.xml,def
RV2_InstallTypeEnabler_Tailmaw.label,Install caudal actinodivisor,label,RecipeDef/RecipeDef.xml,def
RV2_InstallTypeEnabler_Tailmaw.description,Install the actinodivisor required to enable tailmaw vore.,description,RecipeDef/RecipeDef.xml,def
RV2_InstallTypeEnabler_Udder.label,Install uberal elasticizer,label,RecipeDef/RecipeDef.xml,def
RV2_InstallTypeEnabler_Udder.description,Install the elasticizer required to enable udder vore.,description,RecipeDef/RecipeDef.xml,def
RV2_Type_Cleavage_Predator.label,Vore: Cleavage Predator,label,RecordDef/RecordDef.xml,def
RV2_Type_Cleavage_Predator.description,The number of times I have vored someone with my cleavage.,description,RecordDef/RecordDef.xml,def
RV2_Type_Cleavage_Prey.label,Vore: Cleavage Prey,label,RecordDef/RecordDef.xml,def
RV2_Type_Cleavage_Prey.description,The number of times I have been vored by someones cleavage.,description,RecordDef/RecordDef.xml,def
RV2_Type_CockBladder_Predator.label,Vore: Bladder (Cock) Predator,label,RecordDef/RecordDef.xml,def
RV2_Type_CockBladder_Predator.description,The number of times I have cock-vored someone into my bladder.,description,RecordDef/RecordDef.xml,def
RV2_Type_CockBladder_Prey.label,Vore: Bladder (Cock) Prey,label,RecordDef/RecordDef.xml,def
RV2_Type_CockBladder_Prey.description,The number of times I have been cock-vored into someones bladder.,description,RecordDef/RecordDef.xml,def
RV2_Type_VaginalBladder_Predator.label,Vore: Bladder (Vaginal) Predator,label,RecordDef/RecordDef.xml,def
RV2_Type_VaginalBladder_Predator.description,The number of times I have vaginally vored someone into my bladder.,description,RecordDef/RecordDef.xml,def
RV2_Type_VaginalBladder_Prey.label,Vore: Bladder (Vaginal) Prey,label,RecordDef/RecordDef.xml,def
RV2_Type_VaginalBladder_Prey.description,The number of times I have been vaginally vored into someones bladder.,description,RecordDef/RecordDef.xml,def
RV2_Type_Membrane_Predator.label,Vore: Membrane Predator,label,RecordDef/RecordDef.xml,def
RV2_Type_Membrane_Predator.description,The number of times I have vored someone through my membrane.,description,RecordDef/RecordDef.xml,def
RV2_Type_Membrane_Prey.label,Vore: Membrane Prey,label,RecordDef/RecordDef.xml,def
RV2_Type_Membrane_Prey.description,The number of times I have been vored through someones membrane.,description,RecordDef/RecordDef.xml,def
RV2_Type_Navel_Predator.label,Vore: Navel Predator,label,RecordDef/RecordDef.xml,def
RV2_Type_Navel_Predator.description,The number of times I have vored someone with my navel.,description,RecordDef/RecordDef.xml,def
RV2_Type_Navel_Prey.label,Vore: Navel Prey,label,RecordDef/RecordDef.xml,def
RV2_Type_Navel_Prey.description,The number of times I have been vored by someones navel.,description,RecordDef/RecordDef.xml,def
RV2_Type_Tailmaw_Predator.label,Vore: Tail Predator,label,RecordDef/RecordDef.xml,def
RV2_Type_Tailmaw_Predator.description,The number of times I have vored someone using my tail.,description,RecordDef/RecordDef.xml,def
RV2_Type_Tailmaw_Prey.label,Vore: Tail Prey,label,RecordDef/RecordDef.xml,def
RV2_Type_Tailmaw_Prey.description,The number of times I have been vored by someones tail.,description,RecordDef/RecordDef.xml,def
RV2_Type_Udder_Predator.label,Vore: Udder Predator,label,RecordDef/RecordDef.xml,def
RV2_Type_Udder_Predator.description,The number of times I have vored someone with my udder.,description,RecordDef/RecordDef.xml,def
RV2_Type_Udder_Prey.label,Vore: Udder Prey,label,RecordDef/RecordDef.xml,def
RV2_Type_Udder_Prey.description,The number of times I have been vored by someones udder.,description,RecordDef/RecordDef.xml,def
RV2_Goal_ConvertChemfuel_Predator.label,Vore: Olify Predator,label,RecordDef/RecordDef.xml,def
RV2_Goal_ConvertChemfuel_Predator.description,The number of times I have converted someone into chemfuel.,description,RecordDef/RecordDef.xml,def
RV2_Goal_ConvertChemfuel_Prey.label,Vore: Olify Prey,label,RecordDef/RecordDef.xml,def
RV2_Goal_ConvertChemfuel_Prey.description,The number of times I have been converted into chemfuel.,description,RecordDef/RecordDef.xml,def
RV2_Goal_ConvertEggs_Predator.label,Vore: Ovify Predator,label,RecordDef/RecordDef.xml,def
RV2_Goal_ConvertEggs_Predator.description,The number of times I have converted someone into eggs.,description,RecordDef/RecordDef.xml,def
RV2_Goal_ConvertEggs_Prey.label,Vore: Ovify Prey,label,RecordDef/RecordDef.xml,def
RV2_Goal_ConvertEggs_Prey.description,The number of times I have been converted into eggs.,description,RecordDef/RecordDef.xml,def
RV2_Goal_ConvertUrine_Predator.label,Vore: Urify Predator,label,RecordDef/RecordDef.xml,def
RV2_Goal_ConvertUrine_Predator.description,The number of times I have converted someone into urine.,description,RecordDef/RecordDef.xml,def
RV2_Goal_ConvertUrine_Prey.label,Vore: Urify Prey,label,RecordDef/RecordDef.xml,def
RV2_Goal_ConvertUrine_Prey.description,The number of times I have been converted into urine.,description,RecordDef/RecordDef.xml,def
RV2_Goal_Assimilate_Predator.label,Vore: Assimilate Predator,label,RecordDef/RecordDef.xml,def
RV2_Goal_Assimilate_Predator.description,The number of times I have assimilated someone.,description,RecordDef/RecordDef.xml,def
RV2_Goal_Assimilate_Prey.label,Vore: Assimilate Prey,label,RecordDef/RecordDef.xml,def
RV2_Goal_Assimilate_Prey.description,The number of times I have been assimilated.,description,RecordDef/RecordDef.xml,def
RV2_Goal_Amalgamate_Predator.label,Vore: Amalgamate Predator,label,RecordDef/RecordDef.xml,def
RV2_Goal_Amalgamate_Predator.description,The number of times I have amalgamated someone.,description,RecordDef/RecordDef.xml,def
RV2_Goal_Amalgamate_Prey.label,Vore: Amalgamate Prey,label,RecordDef/RecordDef.xml,def
RV2_Goal_Amalgamate_Prey.description,The number of times I have been amalgamated.,description,RecordDef/RecordDef.xml,def
RV2_Goal_ConvertChemfuel.rulePack.rulesStrings.0,extraSentencePack->[RECIPIENT_nameDef] for [RV2_goalFinish_noun].,li,RulePackDef/RulePackDef.xml,def
RV2_Goal_ConvertChemfuel.rulePack.rulesStrings.1,RV2_addendum->to convert into chemfuel,li,RulePackDef/RulePackDef.xml,def
RV2_Goal_ConvertChemfuel.rulePack.rulesStrings.2,RV2_adverb->industriously,li,RulePackDef/RulePackDef.xml,def
RV2_Goal_ConvertChemfuel.rulePack.rulesStrings.3,RV2_adjective->industrious,li,RulePackDef/RulePackDef.xml,def
RV2_Goal_ConvertChemfuel.rulePack.rulesStrings.4,RV2_goalProduct->a jerry can of fuel,li,RulePackDef/RulePackDef.xml,def
RV2_Goal_ConvertChemfuel.rulePack.rulesStrings.5,RV2_goalProduct->chemfuel,li,RulePackDef/RulePackDef.xml,def
RV2_Goal_ConvertChemfuel.rulePack.rulesStrings.6,RV2_goalFinish_verb->converting into [RV2_goalProduct],li,RulePackDef/RulePackDef.xml,def
RV2_Goal_ConvertChemfuel.rulePack.rulesStrings.7,RV2_goalFinish_noun->conversion into [RV2_goalProduct],li,RulePackDef/RulePackDef.xml,def
RV2_Goal_ConvertChemfuel.rulePack.rulesStrings.8,RV2_goalFinish_tale_noun->[PREY_definite] turning into [RV2_goalProduct],li,RulePackDef/RulePackDef.xml,def
RV2_Goal_ConvertChemfuel.rulePack.rulesStrings.9,RV2_goalFinish_tale_noun->[PREY_definite] turning into [RV2_goalProduct] inside of [PREDATOR_definite],li,RulePackDef/RulePackDef.xml,def
RV2_Goal_ConvertChemfuel.rulePack.rulesStrings.10,RV2_goalFinish_desc_sentence->[PREY_definite] has turned into [RV2_goalProduct].,li,RulePackDef/RulePackDef.xml,def
RV2_Goal_ConvertChemfuel.rulePack.rulesStrings.11,RV2_goalFinish_desc_sentence->Nothing identifiable remains of [PREY_definite].,li,RulePackDef/RulePackDef.xml,def
RV2_Goal_ConvertEggs.rulePack.rulesStrings.0,extraSentencePack->[RECIPIENT_nameDef] for [RV2_goalFinish_noun].,li,RulePackDef/RulePackDef.xml,def
RV2_Goal_ConvertEggs.rulePack.rulesStrings.1,RV2_addendum->to convert into eggs,li,RulePackDef/RulePackDef.xml,def
RV2_Goal_ConvertEggs.rulePack.rulesStrings.2,RV2_adverb->motherly,li,RulePackDef/RulePackDef.xml,def
RV2_Goal_ConvertEggs.rulePack.rulesStrings.3,RV2_goalFinish_verb->converting into eggs,li,RulePackDef/RulePackDef.xml,def
RV2_Goal_ConvertEggs.rulePack.rulesStrings.4,RV2_goalFinish_noun->conversion into eggs,li,RulePackDef/RulePackDef.xml,def
RV2_Goal_ConvertUrine.rulePack.rulesStrings.0,extraSentencePack->[RECIPIENT_nameDef] for [RV2_goalFinish_noun].,li,RulePackDef/RulePackDef.xml,def
RV2_Goal_ConvertUrine.rulePack.rulesStrings.1,RV2_goalProduct->piss,li,RulePackDef/RulePackDef.xml,def
RV2_Goal_ConvertUrine.rulePack.rulesStrings.2,RV2_goalProduct->pee,li,RulePackDef/RulePackDef.xml,def
RV2_Goal_ConvertUrine.rulePack.rulesStrings.3,RV2_goalProduct->urine,li,RulePackDef/RulePackDef.xml,def
RV2_Goal_ConvertUrine.rulePack.rulesStrings.4,RV2_addendum->to convert into [RV2_goalProduct],li,RulePackDef/RulePackDef.xml,def
RV2_Goal_ConvertUrine.rulePack.rulesStrings.5,RV2_goalFinish_verb->converting into [RV2_goalProduct],li,RulePackDef/RulePackDef.xml,def
RV2_Goal_ConvertUrine.rulePack.rulesStrings.6,RV2_goalFinish_noun->conversion into [RV2_goalProduct],li,RulePackDef/RulePackDef.xml,def
RV2_Goal_Assimilate.rulePack.rulesStrings.0,extraSentencePack->[RECIPIENT_nameDef] for [RV2_goalFinish_noun].,li,RulePackDef/RulePackDef.xml,def
RV2_Goal_Assimilate.rulePack.rulesStrings.1,RV2_addendum->to make [PREY_definite] a part of [PREDATOR_definite],li,RulePackDef/RulePackDef.xml,def
RV2_Goal_Assimilate.rulePack.rulesStrings.2,RV2_goalFinish_verb->assimilating,li,RulePackDef/RulePackDef.xml,def
RV2_Goal_Assimilate.rulePack.rulesStrings.3,RV2_goalFinish_noun->assimilation,li,RulePackDef/RulePackDef.xml,def
RV2_Goal_Assimilate.rulePack.rulesStrings.4,RV2_goalFinish_image->[PREY_definite] has become a part of [PREDATOR_definite].,li,RulePackDef/RulePackDef.xml,def
RV2_Goal_Amalgamate.rulePack.rulesStrings.0,extraSentencePack->[RECIPIENT_nameDef] for [RV2_goalFinish_noun].,li,RulePackDef/RulePackDef.xml,def
RV2_Goal_Amalgamate.rulePack.rulesStrings.1,RV2_addendum->to make [PREY_definite] a part of [PREDATOR_definite] for a bit,li,RulePackDef/RulePackDef.xml,def
RV2_Goal_Amalgamate.rulePack.rulesStrings.2,RV2_goalFinish_verb->amalgamating,li,RulePackDef/RulePackDef.xml,def
RV2_Goal_Amalgamate.rulePack.rulesStrings.3,RV2_goalFinish_noun->amalgamation,li,RulePackDef/RulePackDef.xml,def
RV2_Goal_Amalgamate.rulePack.rulesStrings.4,RV2_goalFinish_image->[PREY_definite] has temporarily become a part of [PREDATOR_definite].,li,RulePackDef/RulePackDef.xml,def
RV2_Type_VaginalBladder.rulePack.rulesStrings.0,extraSentencePack->[INITIATOR_nameDef] is using [INITIATOR_possessive] [RV2_bodypart] to vore,li,RulePackDef/RulePackDef.xml,def
RV2_Type_VaginalBladder.rulePack.rulesStrings.1,RV2_bodypart->urethra,li,RulePackDef/RulePackDef.xml,def
RV2_Type_VaginalBladder.rulePack.rulesStrings.2,RV2_exit_predVerb->pissing out,li,RulePackDef/RulePackDef.xml,def
RV2_Type_VaginalBladder.rulePack.rulesStrings.3,RV2_exit_predVerb->peeing out,li,RulePackDef/RulePackDef.xml,def
RV2_Type_VaginalBladder.rulePack.rulesStrings.4,RV2_exit_preyVerb->being pissed out by,li,RulePackDef/RulePackDef.xml,def
RV2_Type_VaginalBladder.rulePack.rulesStrings.5,RV2_exit_preyVerb->being peed out by,li,RulePackDef/RulePackDef.xml,def
RV2_Type_CockBladder.rulePack.rulesStrings.0,extraSentencePack->[INITIATOR_nameDef] is using [INITIATOR_possessive] [RV2_bodypart] to vore,li,RulePackDef/RulePackDef.xml,def
RV2_Type_CockBladder.rulePack.rulesStrings.1,RV2_bodypart->urethra,li,RulePackDef/RulePackDef.xml,def
RV2_Type_CockBladder.rulePack.rulesStrings.2,RV2_exit_predVerb->pissing out,li,RulePackDef/RulePackDef.xml,def
RV2_Type_CockBladder.rulePack.rulesStrings.3,RV2_exit_predVerb->peeing out,li,RulePackDef/RulePackDef.xml,def
RV2_Type_CockBladder.rulePack.rulesStrings.4,RV2_exit_preyVerb->being pissed out by,li,RulePackDef/RulePackDef.xml,def
RV2_Type_CockBladder.rulePack.rulesStrings.5,RV2_exit_preyVerb->being peed out by,li,RulePackDef/RulePackDef.xml,def
RV2_Type_Cleavage.rulePack.rulesStrings.0,extraSentencePack->[INITIATOR_nameDef] is using [INITIATOR_possessive] [RV2_bodypart] to vore,li,RulePackDef/RulePackDef.xml,def
RV2_Type_Cleavage.rulePack.rulesStrings.1,RV2_bodypart->cleavage,li,RulePackDef/RulePackDef.xml,def
RV2_Type_Cleavage.rulePack.rulesStrings.2,RV2_bodypart->breasts,li,RulePackDef/RulePackDef.xml,def
RV2_Type_Cleavage.rulePack.rulesStrings.3,RV2_adjective->sexual,li,RulePackDef/RulePackDef.xml,def
RV2_Type_Cleavage.rulePack.rulesStrings.4,RV2_adverb->sexually,li,RulePackDef/RulePackDef.xml,def
RV2_Type_Cleavage.rulePack.rulesStrings.5,RV2_init_predVerb->smothering,li,RulePackDef/RulePackDef.xml,def
RV2_Type_Cleavage.rulePack.rulesStrings.6,RV2_exit_predVerb->releasing,li,RulePackDef/RulePackDef.xml,def
RV2_Type_Cleavage.rulePack.rulesStrings.7,RV2_exit_preyVerb->being released by,li,RulePackDef/RulePackDef.xml,def
RV2_Type_Membrane.rulePack.rulesStrings.0,extraSentencePack->[INITIATOR_nameDef] is using [INITIATOR_possessive] [RV2_bodypart] to vore,li,RulePackDef/RulePackDef.xml,def
RV2_Type_Membrane.rulePack.rulesStrings.1,RV2_bodypart->membrane,li,RulePackDef/RulePackDef.xml,def
RV2_Type_Membrane.rulePack.rulesStrings.2,RV2_exit_predVerb->releasing,li,RulePackDef/RulePackDef.xml,def
RV2_Type_Membrane.rulePack.rulesStrings.3,RV2_exit_preyVerb->being released by,li,RulePackDef/RulePackDef.xml,def
RV2_Type_Navel.rulePack.rulesStrings.0,extraSentencePack->[INITIATOR_nameDef] is using [INITIATOR_possessive] [RV2_bodypart] to vore,li,RulePackDef/RulePackDef.xml,def
RV2_Type_Navel.rulePack.rulesStrings.1,RV2_bodypart->navel,li,RulePackDef/RulePackDef.xml,def
RV2_Type_Navel.rulePack.rulesStrings.2,RV2_exit_predVerb->releasing,li,RulePackDef/RulePackDef.xml,def
RV2_Type_Navel.rulePack.rulesStrings.3,RV2_exit_preyVerb->being released by,li,RulePackDef/RulePackDef.xml,def
RV2_Type_Tailmaw.rulePack.rulesStrings.0,extraSentencePack->[INITIATOR_nameDef] is using [INITIATOR_possessive] [RV2_bodypart] to vore,li,RulePackDef/RulePackDef.xml,def
RV2_Type_Tailmaw.rulePack.rulesStrings.1,RV2_bodypart->tailmaw,li,RulePackDef/RulePackDef.xml,def
RV2_Type_Tailmaw.rulePack.rulesStrings.2,RV2_bodypart->tail,li,RulePackDef/RulePackDef.xml,def
RV2_Type_Tailmaw.rulePack.rulesStrings.3,RV2_exit_predVerb->releasing,li,RulePackDef/RulePackDef.xml,def
RV2_Type_Tailmaw.rulePack.rulesStrings.4,RV2_exit_preyVerb->being released by,li,RulePackDef/RulePackDef.xml,def
RV2_Type_Udder.rulePack.rulesStrings.0,extraSentencePack->[INITIATOR_nameDef] is using [INITIATOR_possessive] [RV2_bodypart] to vore,li,RulePackDef/RulePackDef.xml,def
RV2_Type_Udder.rulePack.rulesStrings.1,RV2_bodypart->udder,li,RulePackDef/RulePackDef.xml,def
RV2_Type_Udder.rulePack.rulesStrings.2,RV2_exit_predVerb->milking out,li,RulePackDef/RulePackDef.xml,def
RV2_Type_Udder.rulePack.rulesStrings.3,RV2_exit_preyVerb->being milked out by,li,RulePackDef/RulePackDef.xml,def
RV2_GoalEnabler_Absorb.label,Cellular xenoconverter,label,ThingDef/ThingDef.xml,def
RV2_GoalEnabler_Absorb.description,Special mechanites which transform the cells to be capable of absorption through certain pre-elasticized entryways.,description,ThingDef/ThingDef.xml,def
RV2_GoalEnabler_ConvertChemfuel.label,Olifactive enzyme seeder,label,ThingDef/ThingDef.xml,def
RV2_GoalEnabler_ConvertChemfuel.description,"Special mechanites which enable the production of transformative enzymes in various organs, which distill prey into chemfuel.",description,ThingDef/ThingDef.xml,def
RV2_GoalEnabler_ConvertEggs.label,Ovifactive enzyme seeder,label,ThingDef/ThingDef.xml,def
RV2_GoalEnabler_ConvertEggs.description,"Special mechanites which enable the production of transformative enzymes in the ovaries, which distill prey into eggs.",description,ThingDef/ThingDef.xml,def
RV2_GoalEnabler_ConvertUrine.label,Urifactive enzyme seeder,label,ThingDef/ThingDef.xml,def
RV2_GoalEnabler_ConvertUrine.description,"Special mechanites which enable the production of transformative enzymes in the kidneys, which distill prey into fertilizer-grade urine.",description,ThingDef/ThingDef.xml,def
RV2_TypeEnabler_Cleavage.label,Cleavage vore suite,label,ThingDef/ThingDef.xml,def
RV2_TypeEnabler_Cleavage.description,"Special mechanites which modify the tissues of the breasts to be capable of assorted permitted forms of cleavage vore, including the addition of a sternal hole capable of direct transport to the stomach.",description,ThingDef/ThingDef.xml,def
RV2_TypeEnabler_Membrane.label,Dermal porocizer,label,ThingDef/ThingDef.xml,def
RV2_TypeEnabler_Membrane.description,Special mechanites which jellify a pawn's skin and flesh (or similar outer membrane and plasm) to allow slime-like engulfment (membrane vore) through a permeable outer membrane.,description,ThingDef/ThingDef.xml,def
RV2_TypeEnabler_Navel.label,Navel elasticizer,label,ThingDef/ThingDef.xml,def
RV2_TypeEnabler_Navel.description,"Special mechanites which untie and elasticize a pawn's navel to function both as a pouch and a path to the stomach, granting the power of navel vore.",description,ThingDef/ThingDef.xml,def
RV2_TypeEnabler_Tailmaw.label,Caudal actinodivisor,label,ThingDef/ThingDef.xml,def
RV2_TypeEnabler_Tailmaw.description,"Special mechanites which reshape a pawn's tail to burst into a petal-like maw, capable of swallowing prey down a throat in the tail leading to a stomach.",description,ThingDef/ThingDef.xml,def
RV2_TypeEnabler_Udder.label,Uberal elasticizer,label,ThingDef/ThingDef.xml,def
RV2_TypeEnabler_Udder.description,Special mechanites which elasticize the tissues of the udder and teats to grant the power of udder vore.,description,ThingDef/ThingDef.xml,def
RV2_Resource_Piss.label,Piss,label,ThingDef/ThingDef.xml,def
RV2_Resource_Piss.description,The golden remnants of a urified living being.\nYou can make fertilizer out of this at a crafting spot.,description,ThingDef/ThingDef.xml,def
RV2_Container_PissPuddle.description,"A puddle of piss, in which a number of undigested items may float.",description,ThingDef/ThingDef.xml,def
RV2_Container_PissPuddle.label,Piss puddle,label,ThingDef/ThingDef.xml,def
RV2_GoalPreferenceQuirkSatisfaction_Assimilate_VeryGood.stages.0.label,Loved assimilating {0},label,ThoughtDef/ThoughtDef.xml,def
RV2_GoalPreferenceQuirkSatisfaction_Assimilate_VeryGood.stages.0.description,Always getting bigger and sexier!,description,ThoughtDef/ThoughtDef.xml,def
RV2_GoalPreferenceQuirkSatisfaction_Assimilate_Good.stages.0.label,Liked assimilating {0},label,ThoughtDef/ThoughtDef.xml,def
RV2_GoalPreferenceQuirkSatisfaction_Assimilate_Good.stages.0.description,Sweet gains!,description,ThoughtDef/ThoughtDef.xml,def
RV2_GoalPreferenceQuirkSatisfaction_Assimilate_Bad.stages.0.label,Disliked assimilating {0},label,ThoughtDef/ThoughtDef.xml,def
RV2_GoalPreferenceQuirkSatisfaction_Assimilate_Bad.stages.0.description,All that for some paltry size gains?,description,ThoughtDef/ThoughtDef.xml,def
RV2_GoalPreferenceQuirkSatisfaction_Assimilate_VeryBad.stages.0.label,Hated assimilating {0},label,ThoughtDef/ThoughtDef.xml,def
RV2_GoalPreferenceQuirkSatisfaction_Assimilate_VeryBad.stages.0.description,"...Can I even call my parts mine anymore, when they were once entire people?",description,ThoughtDef/ThoughtDef.xml,def
RV2_TypePreferenceQuirkSatisfaction_Predator_Cleavage_VeryGood.stages.0.label,Loved fissuring {0},label,ThoughtDef/ThoughtDef.xml,def
RV2_TypePreferenceQuirkSatisfaction_Predator_Cleavage_VeryGood.stages.0.description,Gotta keep your boobs happy!,description,ThoughtDef/ThoughtDef.xml,def
RV2_TypePreferenceQuirkSatisfaction_Predator_Cleavage_Good.stages.0.label,Liked fissuring {0},label,ThoughtDef/ThoughtDef.xml,def
RV2_TypePreferenceQuirkSatisfaction_Predator_Cleavage_Good.stages.0.description,Nice and easy.,description,ThoughtDef/ThoughtDef.xml,def
RV2_TypePreferenceQuirkSatisfaction_Predator_Cleavage_Bad.stages.0.label,Disliked fissuring {0},label,ThoughtDef/ThoughtDef.xml,def
RV2_TypePreferenceQuirkSatisfaction_Predator_Cleavage_Bad.stages.0.description,This doesn't feel like much of anything.,description,ThoughtDef/ThoughtDef.xml,def
RV2_TypePreferenceQuirkSatisfaction_Predator_Cleavage_VeryBad.stages.0.label,Hated fissuring {0},label,ThoughtDef/ThoughtDef.xml,def
RV2_TypePreferenceQuirkSatisfaction_Predator_Cleavage_VeryBad.stages.0.description,What a total letdown.,description,ThoughtDef/ThoughtDef.xml,def
RV2_TypePreferenceQuirkSatisfaction_Predator_Membrane_VeryGood.stages.0.label,Loved engulfing {0},label,ThoughtDef/ThoughtDef.xml,def
RV2_TypePreferenceQuirkSatisfaction_Predator_Membrane_VeryGood.stages.0.description,Gotta keep your goo happy!,description,ThoughtDef/ThoughtDef.xml,def
RV2_TypePreferenceQuirkSatisfaction_Predator_Membrane_Good.stages.0.label,Liked engulfing {0},label,ThoughtDef/ThoughtDef.xml,def
RV2_TypePreferenceQuirkSatisfaction_Predator_Membrane_Good.stages.0.description,Glomp!,description,ThoughtDef/ThoughtDef.xml,def
RV2_TypePreferenceQuirkSatisfaction_Predator_Membrane_Bad.stages.0.label,Disliked engulfing {0},label,ThoughtDef/ThoughtDef.xml,def
RV2_TypePreferenceQuirkSatisfaction_Predator_Membrane_Bad.stages.0.description,It's kinda restricting to be wrapped around someone like that.,description,ThoughtDef/ThoughtDef.xml,def
RV2_TypePreferenceQuirkSatisfaction_Predator_Membrane_VeryBad.stages.0.label,Hated engulfing {0},label,ThoughtDef/ThoughtDef.xml,def
RV2_TypePreferenceQuirkSatisfaction_Predator_Membrane_VeryBad.stages.0.description,"I don't need a skeleton, thank you.",description,ThoughtDef/ThoughtDef.xml,def
RV2_TypePreferenceQuirkSatisfaction_Predator_Navel_VeryGood.stages.0.label,Loved ennaveling {0},label,ThoughtDef/ThoughtDef.xml,def
RV2_TypePreferenceQuirkSatisfaction_Predator_Navel_VeryGood.stages.0.description,Gotta keep your belly-button happy!,description,ThoughtDef/ThoughtDef.xml,def
RV2_TypePreferenceQuirkSatisfaction_Predator_Navel_Good.stages.0.label,Liked ennaveling {0},label,ThoughtDef/ThoughtDef.xml,def
RV2_TypePreferenceQuirkSatisfaction_Predator_Navel_Good.stages.0.description,I'm still getting use out of it!,description,ThoughtDef/ThoughtDef.xml,def
RV2_TypePreferenceQuirkSatisfaction_Predator_Navel_Bad.stages.0.label,Disliked ennaveling {0},label,ThoughtDef/ThoughtDef.xml,def
RV2_TypePreferenceQuirkSatisfaction_Predator_Navel_Bad.stages.0.description,I can't help but feel this should have stayed tied.,description,ThoughtDef/ThoughtDef.xml,def
RV2_TypePreferenceQuirkSatisfaction_Predator_Navel_VeryBad.stages.0.label,Hated ennaveling {0},label,ThoughtDef/ThoughtDef.xml,def
RV2_TypePreferenceQuirkSatisfaction_Predator_Navel_VeryBad.stages.0.description,Tie it back up. This sucks.,description,ThoughtDef/ThoughtDef.xml,def
RV2_TypePreferenceQuirkSatisfaction_Predator_Tailmaw_VeryGood.stages.0.label,Loved pythening {0},label,ThoughtDef/ThoughtDef.xml,def
RV2_TypePreferenceQuirkSatisfaction_Predator_Tailmaw_VeryGood.stages.0.description,Gotta keep your tail happy!,description,ThoughtDef/ThoughtDef.xml,def
RV2_TypePreferenceQuirkSatisfaction_Predator_Tailmaw_Good.stages.0.label,Liked pythening {0},label,ThoughtDef/ThoughtDef.xml,def
RV2_TypePreferenceQuirkSatisfaction_Predator_Tailmaw_Good.stages.0.description,Tasty!,description,ThoughtDef/ThoughtDef.xml,def
RV2_TypePreferenceQuirkSatisfaction_Predator_Tailmaw_Bad.stages.0.label,Disliked pythening {0},label,ThoughtDef/ThoughtDef.xml,def
RV2_TypePreferenceQuirkSatisfaction_Predator_Tailmaw_Bad.stages.0.description,Kinda hard to look back and make sure everything's going okay.,description,ThoughtDef/ThoughtDef.xml,def
RV2_TypePreferenceQuirkSatisfaction_Predator_Tailmaw_VeryBad.stages.0.label,Hated pythening {0},label,ThoughtDef/ThoughtDef.xml,def
RV2_TypePreferenceQuirkSatisfaction_Predator_Tailmaw_VeryBad.stages.0.description,I'd rather just eat with my mouth.,description,ThoughtDef/ThoughtDef.xml,def
RV2_TypePreferenceQuirkSatisfaction_Predator_Udder_VeryGood.stages.0.label,Loved unnursing {0} into udder,label,ThoughtDef/ThoughtDef.xml,def
RV2_TypePreferenceQuirkSatisfaction_Predator_Udder_VeryGood.stages.0.description,Gotta keep your udder happy!,description,ThoughtDef/ThoughtDef.xml,def
RV2_TypePreferenceQuirkSatisfaction_Predator_Udder_Good.stages.0.label,Liked unnursing {0} into udder,label,ThoughtDef/ThoughtDef.xml,def
RV2_TypePreferenceQuirkSatisfaction_Predator_Udder_Good.stages.0.description,Nice and milky.,description,ThoughtDef/ThoughtDef.xml,def
RV2_TypePreferenceQuirkSatisfaction_Predator_Udder_Bad.stages.0.label,Disliked unnursing {0} into udder,label,ThoughtDef/ThoughtDef.xml,def
RV2_TypePreferenceQuirkSatisfaction_Predator_Udder_Bad.stages.0.description,Udders are weird.,description,ThoughtDef/ThoughtDef.xml,def
RV2_TypePreferenceQuirkSatisfaction_Predator_Udder_VeryBad.stages.0.label,Hated unnursing {0} into udder,label,ThoughtDef/ThoughtDef.xml,def
RV2_TypePreferenceQuirkSatisfaction_Predator_Udder_VeryBad.stages.0.description,Udderly awful.,description,ThoughtDef/ThoughtDef.xml,def
RV2_TypePreferenceQuirkSatisfaction_Prey_Cleavage_VeryGood.stages.0.label,Loved being fissured by {0},label,ThoughtDef/ThoughtDef.xml,def
RV2_TypePreferenceQuirkSatisfaction_Prey_Cleavage_VeryGood.stages.0.description,Between the boobs are where I belong!,description,ThoughtDef/ThoughtDef.xml,def
RV2_TypePreferenceQuirkSatisfaction_Prey_Cleavage_Good.stages.0.label,Liked being fissured by {0},label,ThoughtDef/ThoughtDef.xml,def
RV2_TypePreferenceQuirkSatisfaction_Prey_Cleavage_Good.stages.0.description,Warm and pillowy!,description,ThoughtDef/ThoughtDef.xml,def
RV2_TypePreferenceQuirkSatisfaction_Prey_Cleavage_Bad.stages.0.label,Disliked being fissured by {0},label,ThoughtDef/ThoughtDef.xml,def
RV2_TypePreferenceQuirkSatisfaction_Prey_Cleavage_Bad.stages.0.description,That wasn't very fun.,description,ThoughtDef/ThoughtDef.xml,def
RV2_TypePreferenceQuirkSatisfaction_Prey_Cleavage_VeryBad.stages.0.label,Hated being fissured by {0},label,ThoughtDef/ThoughtDef.xml,def
RV2_TypePreferenceQuirkSatisfaction_Prey_Cleavage_VeryBad.stages.0.description,That barely felt like vore.,description,ThoughtDef/ThoughtDef.xml,def
RV2_TypePreferenceQuirkSatisfaction_Prey_Membrane_VeryGood.stages.0.label,Loved being engulfed by {0},label,ThoughtDef/ThoughtDef.xml,def
RV2_TypePreferenceQuirkSatisfaction_Prey_Membrane_VeryGood.stages.0.description,In the slime is where I belong!,description,ThoughtDef/ThoughtDef.xml,def
RV2_TypePreferenceQuirkSatisfaction_Prey_Membrane_Good.stages.0.label,Liked being engulfed by {0},label,ThoughtDef/ThoughtDef.xml,def
RV2_TypePreferenceQuirkSatisfaction_Prey_Membrane_Good.stages.0.description,Squishy!,description,ThoughtDef/ThoughtDef.xml,def
RV2_TypePreferenceQuirkSatisfaction_Prey_Membrane_Bad.stages.0.label,Disliked being engulfed by {0},label,ThoughtDef/ThoughtDef.xml,def
RV2_TypePreferenceQuirkSatisfaction_Prey_Membrane_Bad.stages.0.description,It's too spacious.,description,ThoughtDef/ThoughtDef.xml,def
RV2_TypePreferenceQuirkSatisfaction_Prey_Membrane_VeryBad.stages.0.label,Hated being engulfed by {0},label,ThoughtDef/ThoughtDef.xml,def
RV2_TypePreferenceQuirkSatisfaction_Prey_Membrane_VeryBad.stages.0.description,I'm like a puppet on display.,description,ThoughtDef/ThoughtDef.xml,def
RV2_TypePreferenceQuirkSatisfaction_Prey_Navel_VeryGood.stages.0.label,Loved being ennaveled by {0},label,ThoughtDef/ThoughtDef.xml,def
RV2_TypePreferenceQuirkSatisfaction_Prey_Navel_VeryGood.stages.0.description,In the navel is where I belong!,description,ThoughtDef/ThoughtDef.xml,def
RV2_TypePreferenceQuirkSatisfaction_Prey_Navel_Good.stages.0.label,Liked being ennaveled by {0},label,ThoughtDef/ThoughtDef.xml,def
RV2_TypePreferenceQuirkSatisfaction_Prey_Navel_Good.stages.0.description,Linty.,description,ThoughtDef/ThoughtDef.xml,def
RV2_TypePreferenceQuirkSatisfaction_Prey_Navel_Bad.stages.0.label,Disliked being ennaveled by {0},label,ThoughtDef/ThoughtDef.xml,def
RV2_TypePreferenceQuirkSatisfaction_Prey_Navel_Bad.stages.0.description,This feels wrong.,description,ThoughtDef/ThoughtDef.xml,def
RV2_TypePreferenceQuirkSatisfaction_Prey_Navel_VeryBad.stages.0.label,Hated being ennaveled by {0},label,ThoughtDef/ThoughtDef.xml,def
RV2_TypePreferenceQuirkSatisfaction_Prey_Navel_VeryBad.stages.0.description,Re-tie your umbilicals!,description,ThoughtDef/ThoughtDef.xml,def
RV2_TypePreferenceQuirkSatisfaction_Prey_Tailmaw_VeryGood.stages.0.label,Loved being pythened by {0},label,ThoughtDef/ThoughtDef.xml,def
RV2_TypePreferenceQuirkSatisfaction_Prey_Tailmaw_VeryGood.stages.0.description,Down the tail is where I belong!,description,ThoughtDef/ThoughtDef.xml,def
RV2_TypePreferenceQuirkSatisfaction_Prey_Tailmaw_Good.stages.0.label,Liked being pythened by {0},label,ThoughtDef/ThoughtDef.xml,def
RV2_TypePreferenceQuirkSatisfaction_Prey_Tailmaw_Good.stages.0.description,"I love a good, flexible tail-throat!",description,ThoughtDef/ThoughtDef.xml,def
RV2_TypePreferenceQuirkSatisfaction_Prey_Tailmaw_Bad.stages.0.label,Disliked being pythened by {0},label,ThoughtDef/ThoughtDef.xml,def
RV2_TypePreferenceQuirkSatisfaction_Prey_Tailmaw_Bad.stages.0.description,Tailmaws look wrong.,description,ThoughtDef/ThoughtDef.xml,def
RV2_TypePreferenceQuirkSatisfaction_Prey_Tailmaw_VeryBad.stages.0.label,Hated being pythened by {0},label,ThoughtDef/ThoughtDef.xml,def
RV2_TypePreferenceQuirkSatisfaction_Prey_Tailmaw_VeryBad.stages.0.description,That gave me the heebie-jeebies.,description,ThoughtDef/ThoughtDef.xml,def
RV2_TypePreferenceQuirkSatisfaction_Prey_Udder_VeryGood.stages.0.label,Loved being unnursed into udder by {0},label,ThoughtDef/ThoughtDef.xml,def
RV2_TypePreferenceQuirkSatisfaction_Prey_Udder_VeryGood.stages.0.description,In the udder is where I belong!,description,ThoughtDef/ThoughtDef.xml,def
RV2_TypePreferenceQuirkSatisfaction_Prey_Udder_Good.stages.0.label,Liked being unnursed into udder by {0},label,ThoughtDef/ThoughtDef.xml,def
RV2_TypePreferenceQuirkSatisfaction_Prey_Udder_Good.stages.0.description,Milky!,description,ThoughtDef/ThoughtDef.xml,def
RV2_TypePreferenceQuirkSatisfaction_Prey_Udder_Bad.stages.0.label,Disliked being unnursed into udder by {0},label,ThoughtDef/ThoughtDef.xml,def
RV2_TypePreferenceQuirkSatisfaction_Prey_Udder_Bad.stages.0.description,"It's a bit beastly, isn't it?",description,ThoughtDef/ThoughtDef.xml,def
RV2_TypePreferenceQuirkSatisfaction_Prey_Udder_VeryBad.stages.0.label,Hated being unnursed into udder by {0},label,ThoughtDef/ThoughtDef.xml,def
RV2_TypePreferenceQuirkSatisfaction_Prey_Udder_VeryBad.stages.0.description,"Udders are the domain of beasts, not people.",description,ThoughtDef/ThoughtDef.xml,def
RV2_PredatorOralAmalgamateEnd.stages.0.label,Reshaped {0} from lip-fat,label,ThoughtDef/ThoughtDef.xml,def
RV2_PredatorOralAmalgamateEnd.stages.0.description,"My lips are lighter, but it's a little easier to talk.",description,ThoughtDef/ThoughtDef.xml,def
RV2_PreyOralAmalgamateEnd.stages.0.label,Reshaped from {0}'s lip-fat,label,ThoughtDef/ThoughtDef.xml,def
RV2_PreyOralAmalgamateEnd.stages.0.description,Who knew lips had so many uses...,description,ThoughtDef/ThoughtDef.xml,def
RV2_PredatorOralAssimilateSuccess.stages.0.label,Assimilated {0} into lips,label,ThoughtDef/ThoughtDef.xml,def
RV2_PredatorOralAssimilateSuccess.stages.0.description,I assimilated {1} into my lips. Juicy!,description,ThoughtDef/ThoughtDef.xml,def
RV2_PredatorOralAssimilateInterrupted.stages.0.label,Assimilation of {0} into lips interrupted,label,ThoughtDef/ThoughtDef.xml,def
RV2_PredatorOralAssimilateInterrupted.stages.0.description,"I tried to assimilate {1} into my lips, but they got away. That's not very juicy of them.",description,ThoughtDef/ThoughtDef.xml,def
RV2_PreyOralAssimilateInterrupted.stages.0.label,Escaped assimilation into lips by {0},label,ThoughtDef/ThoughtDef.xml,def
RV2_PreyOralAssimilateInterrupted.stages.0.description,{1} tried to lick me into their lips! I'd rather not!,description,ThoughtDef/ThoughtDef.xml,def
RV2_PredatorAnalAmalgamateEnd.stages.0.label,Reshaped {0} from butt-fat,label,ThoughtDef/ThoughtDef.xml,def
RV2_PredatorAnalAmalgamateEnd.stages.0.description,"My butt's not as plush, but it's a little easier to walk.",description,ThoughtDef/ThoughtDef.xml,def
RV2_PreyAnalAmalgamateEnd.stages.0.label,Reshaped from {0}'s butt-fat,label,ThoughtDef/ThoughtDef.xml,def
RV2_PreyAnalAmalgamateEnd.stages.0.description,That's enough seat-cushioning to last me a while!,description,ThoughtDef/ThoughtDef.xml,def
RV2_PredatorAnalAssimilateSuccess.stages.0.label,Assimilated {0} into butt,label,ThoughtDef/ThoughtDef.xml,def
RV2_PredatorAnalAssimilateSuccess.stages.0.description,I padded {1} onto my butt. How plush!,description,ThoughtDef/ThoughtDef.xml,def
RV2_PredatorAnalAssimilateInterrupted.stages.0.label,Assimilation of {0} into butt interrupted,label,ThoughtDef/ThoughtDef.xml,def
RV2_PredatorAnalAssimilateInterrupted.stages.0.description,"I tried to pad {1} onto my butt, but they got away. How much more comfortable could my seats have been?",description,ThoughtDef/ThoughtDef.xml,def
RV2_PreyAnalAssimilateInterrupted.stages.0.label,Escaped assimilation into butt by {0},label,ThoughtDef/ThoughtDef.xml,def
RV2_PreyAnalAssimilateInterrupted.stages.0.description,{1} tried to pad me into butt-fat! I don't wanna be sat on!,description,ThoughtDef/ThoughtDef.xml,def
RV2_PredatorVaginalAmalgamateEnd.stages.0.label,Reshaped {0} from labial fat,label,ThoughtDef/ThoughtDef.xml,def
RV2_PredatorVaginalAmalgamateEnd.stages.0.description,"My pussy's not as puffy, but it's a little easier to walk.",description,ThoughtDef/ThoughtDef.xml,def
RV2_PreyVaginalAmalgamateEnd.stages.0.label,Reshaped from {0}'s labial fat,label,ThoughtDef/ThoughtDef.xml,def
RV2_PreyVaginalAmalgamateEnd.stages.0.description,I've just been pounded so hard...,description,ThoughtDef/ThoughtDef.xml,def
RV2_PredatorVaginalAssimilateSuccess.stages.0.label,Labially assimilated {0},label,ThoughtDef/ThoughtDef.xml,def
RV2_PredatorVaginalAssimilateSuccess.stages.0.description,I puffed out my pussy with {1}. So tight...,description,ThoughtDef/ThoughtDef.xml,def
RV2_PredatorVaginalAssimilateInterrupted.stages.0.label,Labial assimilation of {0} interrupted,label,ThoughtDef/ThoughtDef.xml,def
RV2_PredatorVaginalAssimilateInterrupted.stages.0.description,"I tried to puff {1} into my mound, but they got away. I could have been so much hornier right now.",description,ThoughtDef/ThoughtDef.xml,def
RV2_PreyVaginalAssimilateInterrupted.stages.0.label,Escaped labial assimilation by {0},label,ThoughtDef/ThoughtDef.xml,def
RV2_PreyVaginalAssimilateInterrupted.stages.0.description,{1} tried to puff out their pussy with me! I don't wanna be fucked like that!,description,ThoughtDef/ThoughtDef.xml,def
RV2_PredatorVaginalConvertChemfuelSuccess.stages.0.label,Vaginally oleified {0},label,ThoughtDef/ThoughtDef.xml,def
RV2_PredatorVaginalConvertChemfuelSuccess.stages.0.description,I unbirthed and melted {1} into chemfuel. Flammable materials make for the most exciting lube!,description,ThoughtDef/ThoughtDef.xml,def
RV2_PredatorVaginalConvertChemfuelInterrupted.stages.0.label,Vaginall olifaction of {0} interrupted,label,ThoughtDef/ThoughtDef.xml,def
RV2_PredatorVaginalConvertChemfuelInterrupted.stages.0.description,"I tried to melt {1} into chemfuel, but they got away. Now I'm all pent-up...",description,ThoughtDef/ThoughtDef.xml,def
RV2_PreyVaginalConvertChemfuelInterrupted.stages.0.label,Escaped vaginal olifaction by {0},label,ThoughtDef/ThoughtDef.xml,def
RV2_PreyVaginalConvertChemfuelInterrupted.stages.0.description,{1} tried to melt me into chemfuel in their womb! I don't want to be burned!,description,ThoughtDef/ThoughtDef.xml,def
RV2_PredatorVaginalConvertEggsSuccess.stages.0.label,Vaginally ovified {0},label,ThoughtDef/ThoughtDef.xml,def
RV2_PredatorVaginalConvertEggsSuccess.stages.0.description,I unbirthed and melted {1} into eggs. A treat for later!,description,ThoughtDef/ThoughtDef.xml,def
RV2_PredatorVaginalConvertEggsInterrupted.stages.0.label,Vaginal ovifaction of {0} interrupted,label,ThoughtDef/ThoughtDef.xml,def
RV2_PredatorVaginalConvertEggsInterrupted.stages.0.description,"I tried to melt {1} into eggs, but they got away. Now I'm all pent-up...",description,ThoughtDef/ThoughtDef.xml,def
RV2_PreyVaginalConvertEggsInterrupted.stages.0.label,Escaped vaginal ovifaction by {0},label,ThoughtDef/ThoughtDef.xml,def
RV2_PreyVaginalConvertEggsInterrupted.stages.0.description,{1} tried to melt me into eggs in their womb! I'm not an egg!,description,ThoughtDef/ThoughtDef.xml,def
RV2_PredatorCockAmalgamateEnd.stages.0.label,Reshaped {0} from cock-meat,label,ThoughtDef/ThoughtDef.xml,def
RV2_PredatorCockAmalgamateEnd.stages.0.description,"My cock's not as juicy, but it's a little easier to walk.",description,ThoughtDef/ThoughtDef.xml,def
RV2_PreyCockAmalgamateEnd.stages.0.label,Reshaped from {0}'s cock-meat,label,ThoughtDef/ThoughtDef.xml,def
RV2_PreyCockAmalgamateEnd.stages.0.description,I've been stuck in places I hadn't considered before...,description,ThoughtDef/ThoughtDef.xml,def
RV2_PredatorCockAssimilateSuccess.stages.0.label,Assimilated {0} into cock,label,ThoughtDef/ThoughtDef.xml,def
RV2_PredatorCockAssimilateSuccess.stages.0.description,I swole my cock up with {1}. My wild ride never ends!,description,ThoughtDef/ThoughtDef.xml,def
RV2_PredatorCockAssimilateInterrupted.stages.0.label,Assimilation of {0} into cock interrupted,label,ThoughtDef/ThoughtDef.xml,def
RV2_PredatorCockAssimilateInterrupted.stages.0.description,"I tried to swell my cock up with {1}, but they got away. Enjoy your legs while you still have 'em.",description,ThoughtDef/ThoughtDef.xml,def
RV2_PreyCockAssimilateInterrupted.stages.0.label,Escaped assimilation into cock by {0},label,ThoughtDef/ThoughtDef.xml,def
RV2_PreyCockAssimilateInterrupted.stages.0.description,{1} tried to make me a permanent fixture of their fuck-stick! That's not how I want to be used!,description,ThoughtDef/ThoughtDef.xml,def
RV2_PredatorCockConvertChemfuelSuccess.stages.0.label,Phallically olified {0},label,ThoughtDef/ThoughtDef.xml,def
RV2_PredatorCockConvertChemfuelSuccess.stages.0.description,I unsowed and melted {1} into chemfuel. Maybe I should get my lighter next time I jerk off.,description,ThoughtDef/ThoughtDef.xml,def
RV2_PredatorCockConvertChemfuelInterrupted.stages.0.label,Phallic olifaction of {0} interrupted,label,ThoughtDef/ThoughtDef.xml,def
RV2_PredatorCockConvertChemfuelInterrupted.stages.0.description,"I tried to churn {1} down into chemfuel, but they got away. Now I'm all pent-up...",description,ThoughtDef/ThoughtDef.xml,def
RV2_PreyCockConvertChemfuelInterrupted.stages.0.label,Escaped phallic olifaction by {0},label,ThoughtDef/ThoughtDef.xml,def
RV2_PreyCockConvertChemfuelInterrupted.stages.0.description,{1} tried to melt me into chemfuel! I don't want to be burned!,description,ThoughtDef/ThoughtDef.xml,def
RV2_PredatorNippleAmalgamateEnd.stages.0.label,Reshaped {0} from nipple-fat,label,ThoughtDef/ThoughtDef.xml,def
RV2_PredatorNippleAmalgamateEnd.stages.0.description,"My nipple's not as puffy, but it's a little easier to wear a shirt.",description,ThoughtDef/ThoughtDef.xml,def
RV2_PreyNippleAmalgamateEnd.stages.0.label,Reshaped from {0}'s nipple-fat,label,ThoughtDef/ThoughtDef.xml,def
RV2_PreyNippleAmalgamateEnd.stages.0.description,All that tweaking and chafing...,description,ThoughtDef/ThoughtDef.xml,def
RV2_PredatorNippleAssimilateSuccess.stages.0.label,Assimilated {0} into nipple,label,ThoughtDef/ThoughtDef.xml,def
RV2_PredatorNippleAssimilateSuccess.stages.0.description,I puffed my nipple up with {1}. So sensitive...!~,description,ThoughtDef/ThoughtDef.xml,def
RV2_PredatorNippleAssimilateInterrupted.stages.0.label,Assimilation of {0} into nipple interrupted,label,ThoughtDef/ThoughtDef.xml,def
RV2_PredatorNippleAssimilateInterrupted.stages.0.description,"I tried to puff my nipple up with {1}, but they got away. Do you hate milk or something?",description,ThoughtDef/ThoughtDef.xml,def
RV2_PreyNippleAssimilateInterrupted.stages.0.label,Escaped assimilation into nipple by {0},label,ThoughtDef/ThoughtDef.xml,def
RV2_PreyNippleAssimilateInterrupted.stages.0.description,{1} tried to turn me into a nipple! That's not how I want to be sucked!,description,ThoughtDef/ThoughtDef.xml,def
RV2_PredatorNippleConvertChemfuelSuccess.stages.0.label,Mammilly olified {0},label,ThoughtDef/ThoughtDef.xml,def
RV2_PredatorNippleConvertChemfuelSuccess.stages.0.description,I unsuckled {1} and melted them into chemfuel. If only they made funnels that milked you...,description,ThoughtDef/ThoughtDef.xml,def
RV2_PredatorNippleConvertChemfuelInterrupted.stages.0.label,Mammary olifaction of {0} interrupted,label,ThoughtDef/ThoughtDef.xml,def
RV2_PredatorNippleConvertChemfuelInterrupted.stages.0.description,"I tried to churn {1} down into chemfuel, but they got away. My taps are so dry...",description,ThoughtDef/ThoughtDef.xml,def
RV2_PreyNippleConvertChemfuelInterrupted.stages.0.label,Escaped mammary olifaction by {0},label,ThoughtDef/ThoughtDef.xml,def
RV2_PreyNippleConvertChemfuelInterrupted.stages.0.description,{1} tried to churn me into chemfuel! I don't want to be burned!,description,ThoughtDef/ThoughtDef.xml,def
RV2_PredatorCockBladderConvertUrineSuccess.stages.0.label,Renally urified {0},label,ThoughtDef/ThoughtDef.xml,def
RV2_PredatorCockBladderConvertUrineSuccess.stages.0.description,I unsowed {1} and melted them into piss. What a shower!,description,ThoughtDef/ThoughtDef.xml,def
RV2_PredatorCockBladderConvertUrineInterrupted.stages.0.label,Renal urifaction of {0} interrupted,label,ThoughtDef/ThoughtDef.xml,def
RV2_PredatorCockBladderConvertUrineInterrupted.stages.0.description,"I tried to churn {1} down into piss, but they got away. I guess I'll just drink a lot of water.",description,ThoughtDef/ThoughtDef.xml,def
RV2_PreyCockBladderConvertUrineInterrupted.stages.0.label,Escaped renal urifaction by {0},label,ThoughtDef/ThoughtDef.xml,def
RV2_PreyCockBladderConvertUrineInterrupted.stages.0.description,{1} tried to churn me into piss! Fucking gross!,description,ThoughtDef/ThoughtDef.xml,def
RV2_PredatorVaginalBladderConvertUrineSuccess.stages.0.label,Renally urified {0},label,ThoughtDef/ThoughtDef.xml,def
RV2_PredatorVaginalBladderConvertUrineSuccess.stages.0.description,I unbirthed {1} and melted them into piss. What a drizzle!,description,ThoughtDef/ThoughtDef.xml,def
RV2_PredatorVaginalBladderConvertUrineInterrupted.stages.0.label,Renal urifaction of {0} interrupted,label,ThoughtDef/ThoughtDef.xml,def
RV2_PredatorVaginalBladderConvertUrineInterrupted.stages.0.description,"I tried to churn {1} down into piss, but they got away. I guess I'll just drink a lot of water.",description,ThoughtDef/ThoughtDef.xml,def
RV2_PreyVaginalBladderConvertUrineInterrupted.stages.0.label,Escaped renal urifaction by {0},label,ThoughtDef/ThoughtDef.xml,def
RV2_PreyVaginalBladderConvertUrineInterrupted.stages.0.description,{1} tried to churn me into piss! Fucking gross!,description,ThoughtDef/ThoughtDef.xml,def
RV2_PredatorCockBladderPleasureSuccess.stages.0.label,Unsowed {0} into bladder for pleasure,label,ThoughtDef/ThoughtDef.xml,def
RV2_PredatorCockBladderPleasureSuccess.stages.0.description,{1} tickled my bladder from the inside! I'm still quivering...~,description,ThoughtDef/ThoughtDef.xml,def
RV2_PredatorCockBladderPleasureInterrupted.stages.0.label,Unsowing of {0} into bladder for pleasure interrupted,label,ThoughtDef/ThoughtDef.xml,def
RV2_PredatorCockBladderPleasureInterrupted.stages.0.description,"I tried to give {1} a golden bath, but we were interrupted. Can't I get just a moment to unwind?",description,ThoughtDef/ThoughtDef.xml,def
RV2_PreyCockBladderPleasureSuccess.stages.0.label,Unsowed by {0} into bladder for pleasure,label,ThoughtDef/ThoughtDef.xml,def
RV2_PreyCockBladderPleasureSuccess.stages.0.description,"{1} gave me a long, warm golden bath! I'll need a proper clear shower, but it was relaxing nonetheless!",description,ThoughtDef/ThoughtDef.xml,def
RV2_PreyCockBladderPleasureInterrupted.stages.0.label,Unsowing by {0} into bladder for bladder interrupted,label,ThoughtDef/ThoughtDef.xml,def
RV2_PreyCockBladderPleasureInterrupted.stages.0.description,"{1} tried to draw me a golden bath, but we were interrupted. I was hoping to relieve some tension in the spa...",description,ThoughtDef/ThoughtDef.xml,def
RV2_PredatorVaginalBladderPleasureSuccess.stages.0.label,Unbirthed {0} into bladder for pleasure,label,ThoughtDef/ThoughtDef.xml,def
RV2_PredatorVaginalBladderPleasureSuccess.stages.0.description,{1} tickled my bladder from the inside! I'm still quivering...~,description,ThoughtDef/ThoughtDef.xml,def
RV2_PredatorVaginalBladderPleasureInterrupted.stages.0.label,Unbirthing of {0} into bladder for pleasure interrupted,label,ThoughtDef/ThoughtDef.xml,def
RV2_PredatorVaginalBladderPleasureInterrupted.stages.0.description,"I tried to give {1} a golden bath, but we were interrupted. Can't I get just a moment to unwind?",description,ThoughtDef/ThoughtDef.xml,def
RV2_PreyVaginalBladderPleasureSuccess.stages.0.label,Unbirthed by {0} into bladder for pleasure,label,ThoughtDef/ThoughtDef.xml,def
RV2_PreyVaginalBladderPleasureSuccess.stages.0.description,"{1} gave me a long, warm golden bath! I'll need a proper clear shower, but it was relaxing nonetheless!",description,ThoughtDef/ThoughtDef.xml,def
RV2_PreyVaginalBladderPleasureInterrupted.stages.0.label,Unbirthing by {0} into bladder for bladder interrupted,label,ThoughtDef/ThoughtDef.xml,def
RV2_PreyVaginalBladderPleasureInterrupted.stages.0.description,"{1} tried to draw me a golden bath, but we were interrupted. I was hoping to relieve some tension in the spa...",description,ThoughtDef/ThoughtDef.xml,def
RV2_PredatorCockBladderStoreEnd.stages.0.label,Released {0} from bladder-storage,label,ThoughtDef/ThoughtDef.xml,def
RV2_PredatorCockBladderStoreEnd.stages.0.description,That's a load off of my hips!,description,ThoughtDef/ThoughtDef.xml,def
RV2_PreyCockBladderStoreEnd.stages.0.label,Released from {0}'s bladder-storage,label,ThoughtDef/ThoughtDef.xml,def
RV2_PreyCockBladderStoreEnd.stages.0.description,It's nice to have room to stretch again.,description,ThoughtDef/ThoughtDef.xml,def
RV2_PredatorVaginalBladderStoreEnd.stages.0.label,Released {0} from bladder-storage,label,ThoughtDef/ThoughtDef.xml,def
RV2_PredatorVaginalBladderStoreEnd.stages.0.description,That's a load off of my hips!,description,ThoughtDef/ThoughtDef.xml,def
RV2_PreyVaginalBladderStoreEnd.stages.0.label,Released from {0}'s bladder-storage,label,ThoughtDef/ThoughtDef.xml,def
RV2_PreyVaginalBladderStoreEnd.stages.0.description,It's nice to have room to stretch again.,description,ThoughtDef/ThoughtDef.xml,def
RV2_PredatorCleavageAmalgamateEnd.stages.0.label,Reshaped {0} from breast-fat,label,ThoughtDef/ThoughtDef.xml,def
RV2_PredatorCleavageAmalgamateEnd.stages.0.description,"My breasts aren't as big, but it's a little easier to wear a shirt.",description,ThoughtDef/ThoughtDef.xml,def
RV2_PreyCleavageAmalgamateEnd.stages.0.label,Reshaped from {0}'s breast-fat,label,ThoughtDef/ThoughtDef.xml,def
RV2_PreyCleavageAmalgamateEnd.stages.0.description,All that bouncing and tumbling...,description,ThoughtDef/ThoughtDef.xml,def
RV2_PredatorCleavageAssimilateSuccess.stages.0.label,Assimilated {0} into cleavage,label,ThoughtDef/ThoughtDef.xml,def
RV2_PredatorCleavageAssimilateSuccess.stages.0.description,"I stuffed {1} between my tits and absorbed them. I think your chest looks much better on me, anyways.",description,ThoughtDef/ThoughtDef.xml,def
RV2_PredatorCleavageAssimilateInterrupted.stages.0.label,Assimilation of {0} into cleavage interrupted,label,ThoughtDef/ThoughtDef.xml,def
RV2_PredatorCleavageAssimilateInterrupted.stages.0.description,"I tried to add {1} to my tits, but they got away. Now who'll stuff my bra?",description,ThoughtDef/ThoughtDef.xml,def
RV2_PreyCleavageAssimilateInterrupted.stages.0.label,Escaped assimilation into cleavage,label,ThoughtDef/ThoughtDef.xml,def
RV2_PreyCleavageAssimilateInterrupted.stages.0.description,{1} tried to stuff me between their tits! Forever!,description,ThoughtDef/ThoughtDef.xml,def
RV2_PredatorCleavageDigestSuccess.stages.0.label,Sternally digested {0},label,ThoughtDef/ThoughtDef.xml,def
RV2_PredatorCleavageDigestSuccess.stages.0.description,I stuffed {1} through my chesthole and gurgled 'em. Bet you thought my cleavage was safe!,description,ThoughtDef/ThoughtDef.xml,def
RV2_PredatorCleavageDigestInterrupted.stages.0.label,Sternal digestion of {0} interrupted,label,ThoughtDef/ThoughtDef.xml,def
RV2_PredatorCleavageDigestInterrupted.stages.0.description,"I tried to gurgle {1}, but they got away. *Now* what am I supposed to eat?",description,ThoughtDef/ThoughtDef.xml,def
RV2_PreyCleavageDigestInterrupted.stages.0.label,Escaped sternal digestion,label,ThoughtDef/ThoughtDef.xml,def
RV2_PreyCleavageDigestInterrupted.stages.0.description,{1} tried to digest me! With their cleavage somehow...,description,ThoughtDef/ThoughtDef.xml,def
RV2_PredatorCleavagePleasureSuccess.stages.0.label,Jostled {0} in cleavage for fun,label,ThoughtDef/ThoughtDef.xml,def
RV2_PredatorCleavagePleasureSuccess.stages.0.description,I stuffed {1} between my knockers for some bouncing-around.,description,ThoughtDef/ThoughtDef.xml,def
RV2_PredatorCleavagePleasureInterrupted.stages.0.label,Jostling of {0} in cleavage interrupted,label,ThoughtDef/ThoughtDef.xml,def
RV2_PredatorCleavagePleasureInterrupted.stages.0.description,"I tried to stuff {1} down my cleavage, but we were interrupted. Can't I get just a moment to unwind?",description,ThoughtDef/ThoughtDef.xml,def
RV2_PreyCleavagePleasureSuccess.stages.0.label,Jostled by {0} in cleavage for fun,label,ThoughtDef/ThoughtDef.xml,def
RV2_PreyCleavagePleasureSuccess.stages.0.description,"{1} shunted me down their cleavage! So warm, so soft...~",description,ThoughtDef/ThoughtDef.xml,def
RV2_PreyCleavagePleasureInterrupted.stages.0.label,Jostling in cleavage by {0} interrupted,label,ThoughtDef/ThoughtDef.xml,def
RV2_PreyCleavagePleasureInterrupted.stages.0.description,"{1} tried to stick me in their bust, but we were interrupted. How disappointing...",description,ThoughtDef/ThoughtDef.xml,def
RV2_PredatorCleavageStoreEnd.stages.0.label,Released {0} from boob-storage,label,ThoughtDef/ThoughtDef.xml,def
RV2_PredatorCleavageStoreEnd.stages.0.description,"Oh, my back is ever so grateful!",description,ThoughtDef/ThoughtDef.xml,def
RV2_PreyCleavageStoreEnd.stages.0.label,Released from boob-storage inside {0},label,ThoughtDef/ThoughtDef.xml,def
RV2_PreyCleavageStoreEnd.stages.0.description,It's nice to have room to stretch again.,description,ThoughtDef/ThoughtDef.xml,def
RV2_PredatorMembraneDigestSuccess.stages.0.label,Engulfed and digested {0},label,ThoughtDef/ThoughtDef.xml,def
RV2_PredatorMembraneDigestSuccess.stages.0.description,I engulfed and gurgled {1}. Filling!,description,ThoughtDef/ThoughtDef.xml,def
RV2_PredatorMembraneDigestInterrupted.stages.0.label,Engulfing and digestion of {0} interrupted,label,ThoughtDef/ThoughtDef.xml,def
RV2_PredatorMembraneDigestInterrupted.stages.0.description,"I tried to engulf and gurgle {1}, but they got away. I feel so empty...",description,ThoughtDef/ThoughtDef.xml,def
RV2_PreyMembraneDigestInterrupted.stages.0.label,Escaped engulfment and digestion by {0},label,ThoughtDef/ThoughtDef.xml,def
RV2_PreyMembraneDigestInterrupted.stages.0.description,{1} tried to engulf me! And digest me! What a violation!,description,ThoughtDef/ThoughtDef.xml,def
RV2_PredatorMembranePleasureSuccess.stages.0.label,Engulfment-massaged {0},label,ThoughtDef/ThoughtDef.xml,def
RV2_PredatorMembranePleasureSuccess.stages.0.description,"I engulfed {1} for some deep, *full*-body massaging...~",description,ThoughtDef/ThoughtDef.xml,def
RV2_PredatorMembranePleasureInterrupted.stages.0.label,Engulfment-massage of {0} interrupted,label,ThoughtDef/ThoughtDef.xml,def
RV2_PredatorMembranePleasureInterrupted.stages.0.description,"I tried to engulf {1} for some intimate explorations, but we were interrupted. Can't I get just a moment to unwind?",description,ThoughtDef/ThoughtDef.xml,def
RV2_PreyMembranePleasureSuccess.stages.0.label,Engulf-massaged by {0},label,ThoughtDef/ThoughtDef.xml,def
RV2_PreyMembranePleasureSuccess.stages.0.description,{1} engulfed me for a full-body massage *and then some*!~,description,ThoughtDef/ThoughtDef.xml,def
RV2_PreyMembranePleasureInterrupted.stages.0.label,Engulfment-massaged by {0} interrupted,label,ThoughtDef/ThoughtDef.xml,def
RV2_PreyMembranePleasureInterrupted.stages.0.description,"{1} tried to engulf me for some intimate explorations, but we were interrupted. How disappointing...",description,ThoughtDef/ThoughtDef.xml,def
RV2_PredatorMembraneStoreEnd.stages.0.label,Released {0} from internal storage,label,ThoughtDef/ThoughtDef.xml,def
RV2_PredatorMembraneStoreEnd.stages.0.description,I feel so much lighter!,description,ThoughtDef/ThoughtDef.xml,def
RV2_PreyMembraneStoreEnd.stages.0.label,Released from internal storage within {0},label,ThoughtDef/ThoughtDef.xml,def
RV2_PreyMembraneStoreEnd.stages.0.description,It's nice to have room to stretch again.,description,ThoughtDef/ThoughtDef.xml,def
RV2_PredatorNavelAssimilateSuccess.stages.0.label,Assimilated {0} into navel,label,ThoughtDef/ThoughtDef.xml,def
RV2_PredatorNavelAssimilateSuccess.stages.0.description,I assimilated {1} into my navel.,description,ThoughtDef/ThoughtDef.xml,def
RV2_PredatorNavelAssimilateInterrupted.stages.0.label,Assimilation of {0} into navel interrupted,label,ThoughtDef/ThoughtDef.xml,def
RV2_PredatorNavelAssimilateInterrupted.stages.0.description,"I tried to assimilate {1} into my navel, but they got away. Oh, well.",description,ThoughtDef/ThoughtDef.xml,def
RV2_PreyNavelAssimilateInterrupted.stages.0.label,Escaped assimilation into navel by {0},label,ThoughtDef/ThoughtDef.xml,def
RV2_PreyNavelAssimilateInterrupted.stages.0.description,{1} tried to tie me into their navel! I'd rather not!,description,ThoughtDef/ThoughtDef.xml,def
RV2_PredatorNavelAmalgamateEnd.stages.0.label,Reshaped {0} from belly-fat,label,ThoughtDef/ThoughtDef.xml,def
RV2_PredatorNavelAmalgamateEnd.stages.0.description,"My belly isn't as big, but it's a little easier to wear a shirt.",description,ThoughtDef/ThoughtDef.xml,def
RV2_PreyNavelAmalgamateEnd.stages.0.label,Reshaped from {0}'s belly-fat,label,ThoughtDef/ThoughtDef.xml,def
RV2_PreyNavelAmalgamateEnd.stages.0.description,It's nice to have room to stretch.,description,ThoughtDef/ThoughtDef.xml,def
RV2_PredatorNavelDigestSuccess.stages.0.label,Umbillically digested {0},label,ThoughtDef/ThoughtDef.xml,def
RV2_PredatorNavelDigestSuccess.stages.0.description,I stuffed {1} through my navel and gurgled them. A satisfying meal!,description,ThoughtDef/ThoughtDef.xml,def
RV2_PredatorNavelDigestInterrupted.stages.0.label,Umbillical digestion of {0} interrupted,label,ThoughtDef/ThoughtDef.xml,def
RV2_PredatorNavelDigestInterrupted.stages.0.description,"I tried to gurgle {1} behind my navel, but they got away. *Now* what am I supposed to eat?",description,ThoughtDef/ThoughtDef.xml,def
RV2_PreyNavelDigestInterrupted.stages.0.label,Escaped umbillical digestion,label,ThoughtDef/ThoughtDef.xml,def
RV2_PreyNavelDigestInterrupted.stages.0.description,{1} tried to eat me with their navel! I'm not food!,description,ThoughtDef/ThoughtDef.xml,def
RV2_PredatorNavelPleasureSuccess.stages.0.label,Pleasured {0} in navel for fun,label,ThoughtDef/ThoughtDef.xml,def
RV2_PredatorNavelPleasureSuccess.stages.0.description,I stuffed {1} into my navel for some tight wriggling.,description,ThoughtDef/ThoughtDef.xml,def
RV2_PredatorNavelPleasureInterrupted.stages.0.label,Pleasuring of {0} in navel interrupted,label,ThoughtDef/ThoughtDef.xml,def
RV2_PredatorNavelPleasureInterrupted.stages.0.description,"I tried to stuff {1} into my navel, but we were interrupted. Can't I get just a moment to unwind?",description,ThoughtDef/ThoughtDef.xml,def
RV2_PreyNavelPleasureSuccess.stages.0.label,Pleasured by {0} in navel for fun,label,ThoughtDef/ThoughtDef.xml,def
RV2_PreyNavelPleasureSuccess.stages.0.description,"{1} shunted me into their navel! So warm, so soft...~",description,ThoughtDef/ThoughtDef.xml,def
RV2_PreyNavelPleasureInterrupted.stages.0.label,Pleasuring in navel by {0} interrupted,label,ThoughtDef/ThoughtDef.xml,def
RV2_PreyNavelPleasureInterrupted.stages.0.description,"{1} tried to stick me in their navel, but we were interrupted. How disappointing...",description,ThoughtDef/ThoughtDef.xml,def
RV2_PredatorNavelStoreEnd.stages.0.label,Released {0} from navel-storage,label,ThoughtDef/ThoughtDef.xml,def
RV2_PredatorNavelStoreEnd.stages.0.description,I feel so much lighter!,description,ThoughtDef/ThoughtDef.xml,def
RV2_PreyNavelStoreEnd.stages.0.label,Released from {0}'s navel-storage,label,ThoughtDef/ThoughtDef.xml,def
RV2_PreyNavelStoreEnd.stages.0.description,It's nice to have room to stretch again.,description,ThoughtDef/ThoughtDef.xml,def
RV2_PredatorTailmawDigestSuccess.stages.0.label,Caudally digested {0},label,ThoughtDef/ThoughtDef.xml,def
RV2_PredatorTailmawDigestSuccess.stages.0.description,I devoured {1} with the maw of my tail. Filling!,description,ThoughtDef/ThoughtDef.xml,def
RV2_PredatorTailmawDigestInterrupted.stages.0.label,Caudal digestion of {0} interrupted,label,ThoughtDef/ThoughtDef.xml,def
RV2_PredatorTailmawDigestInterrupted.stages.0.description,"I tried to eat {1} with my tail, but they got away. *Now* what am I supposed to eat?",description,ThoughtDef/ThoughtDef.xml,def
RV2_PreyTailmawDigestInterrupted.stages.0.label,Escaped caudal digestion,label,ThoughtDef/ThoughtDef.xml,def
RV2_PreyTailmawDigestInterrupted.stages.0.description,{1} tried to eat me with their tail! I'm not tail-food!,description,ThoughtDef/ThoughtDef.xml,def
RV2_PredatorTailmawPleasureSuccess.stages.0.label,Tail-gulped {0},label,ThoughtDef/ThoughtDef.xml,def
RV2_PredatorTailmawPleasureSuccess.stages.0.description,I slurped {1} into my tail and ground on them for a while!,description,ThoughtDef/ThoughtDef.xml,def
RV2_PredatorTailmawPleasureInterrupted.stages.0.label,Tail-gulping of {0} interrupted,label,ThoughtDef/ThoughtDef.xml,def
RV2_PredatorTailmawPleasureInterrupted.stages.0.description,"I tried to swallow {1} with my tail, but we were interrupted. How disappointing.",description,ThoughtDef/ThoughtDef.xml,def
RV2_PreyTailmawPleasureSuccess.stages.0.label,Tail-gulped by {0},label,ThoughtDef/ThoughtDef.xml,def
RV2_PreyTailmawPleasureSuccess.stages.0.description,{1}'s tail stole me into their tail for a while. I was so snug and vulnerable...~,description,ThoughtDef/ThoughtDef.xml,def
RV2_PreyTailmawPleasureInterrupted.stages.0.label,Tail-gulping by {0} interrupted,label,ThoughtDef/ThoughtDef.xml,def
RV2_PreyTailmawPleasureInterrupted.stages.0.description,"{1} tried to slurp me up with their tail-maw, but we were interrupted. How disappointing.",description,ThoughtDef/ThoughtDef.xml,def
RV2_PredatorTailmawStoreEnd.stages.0.label,Released {0} from tail-throat storage,label,ThoughtDef/ThoughtDef.xml,def
RV2_PredatorTailmawStoreEnd.stages.0.description,My tail feels so much lighter!,description,ThoughtDef/ThoughtDef.xml,def
RV2_PreyTailmawStoreEnd.stages.0.label,Released from {0}'s tail-throat storage,label,ThoughtDef/ThoughtDef.xml,def
RV2_PreyTailmawStoreEnd.stages.0.description,It's nice to have room to stretch again.,description,ThoughtDef/ThoughtDef.xml,def
RV2_PredatorUdderAmalgamateEnd.stages.0.label,Reshaped {0} from teat-fat,label,ThoughtDef/ThoughtDef.xml,def
RV2_PredatorUdderAmalgamateEnd.stages.0.description,"My teat's not as puffy, but it's a little easier to walk around.",description,ThoughtDef/ThoughtDef.xml,def
RV2_PreyUdderAmalgamateEnd.stages.0.label,Reshaped from {0}'s teat-fat,label,ThoughtDef/ThoughtDef.xml,def
RV2_PreyUdderAmalgamateEnd.stages.0.description,All that tweaking and chafing...,description,ThoughtDef/ThoughtDef.xml,def
RV2_PredatorUdderAssimilateSuccess.stages.0.label,Assimilated {0} into teat,label,ThoughtDef/ThoughtDef.xml,def
RV2_PredatorUdderAssimilateSuccess.stages.0.description,I puffed my teat up with {1}. So sensitive...!~,description,ThoughtDef/ThoughtDef.xml,def
RV2_PredatorUdderAssimilateInterrupted.stages.0.label,Assimilation of {0} into teat interrupted,label,ThoughtDef/ThoughtDef.xml,def
RV2_PredatorUdderAssimilateInterrupted.stages.0.description,"I tried to puff my teat up with {1}, but they got away. Do you hate milk or something?",description,ThoughtDef/ThoughtDef.xml,def
RV2_PreyUdderAssimilateInterrupted.stages.0.label,Escaped assimilation into teat by {0},label,ThoughtDef/ThoughtDef.xml,def
RV2_PreyUdderAssimilateInterrupted.stages.0.description,{1} tried to turn me into a teat on their udder! That's not how I want to be sucked!,description,ThoughtDef/ThoughtDef.xml,def
RV2_PredatorUdderConvertChemfuelSuccess.stages.0.label,Mammilly olified {0},label,ThoughtDef/ThoughtDef.xml,def
RV2_PredatorUdderConvertChemfuelSuccess.stages.0.description,I unsuckled {1} and melted them into chemfuel. If only they made funnels that milked you...,description,ThoughtDef/ThoughtDef.xml,def
RV2_PredatorUdderConvertChemfuelInterrupted.stages.0.label,Mammary olifaction of {0} interrupted,label,ThoughtDef/ThoughtDef.xml,def
RV2_PredatorUdderConvertChemfuelInterrupted.stages.0.description,"I tried to churn {1} down into chemfuel, but they got away. My taps are so dry...",description,ThoughtDef/ThoughtDef.xml,def
RV2_PreyUdderConvertChemfuelInterrupted.stages.0.label,Escaped mammary olifaction by {0},label,ThoughtDef/ThoughtDef.xml,def
RV2_PreyUdderConvertChemfuelInterrupted.stages.0.description,{1} tried to churn me into chemfuel! I don't want to be burned!,description,ThoughtDef/ThoughtDef.xml,def
RV2_PredatorUdderConvertMilkSuccess.stages.0.label,Mammily lactified {0},label,ThoughtDef/ThoughtDef.xml,def
RV2_PredatorUdderConvertMilkSuccess.stages.0.description,I unsuckled {1} and melted them into milk. They made a delicious batch!,description,ThoughtDef/ThoughtDef.xml,def
RV2_PredatorUdderConvertMilkInterrupted.stages.0.label,Mammary lactifaction of {0} interrupted,label,ThoughtDef/ThoughtDef.xml,def
RV2_PredatorUdderConvertMilkInterrupted.stages.0.description,"I tried to churn {1} down into milk, but they got away. My taps are so dry...",description,ThoughtDef/ThoughtDef.xml,def
RV2_PreyUdderConvertMilkInterrupted.stages.0.label,Escaped mammary lactifaction by {0},label,ThoughtDef/ThoughtDef.xml,def
RV2_PreyUdderConvertMilkInterrupted.stages.0.description,{1} tried to churn me into milk! I'm not an enriching source of calcium!,description,ThoughtDef/ThoughtDef.xml,def
RV2_PredatorUdderPleasureSuccess.stages.0.label,Unsuckled {0} as a sex-toy,label,ThoughtDef/ThoughtDef.xml,def
RV2_PredatorUdderPleasureSuccess.stages.0.description,{1} massaged my tit from the inside-out! They should bring a friend or two next time...~,description,ThoughtDef/ThoughtDef.xml,def
RV2_PredatorUdderPleasureInterrupted.stages.0.label,Unsuckling of {0} as a sex-toy interrupted,label,ThoughtDef/ThoughtDef.xml,def
RV2_PredatorUdderPleasureInterrupted.stages.0.description,"I tried to give {1} a milk-bath, but we were interrupted. Can't I get just a moment to unwind?",description,ThoughtDef/ThoughtDef.xml,def
RV2_PreyUdderPleasureSuccess.stages.0.label,Unsuckled by {0} as a sex-toy,label,ThoughtDef/ThoughtDef.xml,def
RV2_PreyUdderPleasureSuccess.stages.0.description,"{1} gave me a long, warm bath in their milk, right where it gets made! I feel revitalized!",description,ThoughtDef/ThoughtDef.xml,def
RV2_PreyUdderPleasureInterrupted.stages.0.label,Unsuckling by {0} as a sex-toy interrupted,label,ThoughtDef/ThoughtDef.xml,def
RV2_PreyUdderPleasureInterrupted.stages.0.description,"{1} tried to draw me a milk-bath, but we were interrupted. I was hoping to relieve some tension in the spa...",description,ThoughtDef/ThoughtDef.xml,def
RV2_PredatorUdderStoreEnd.stages.0.label,Released {0} from breast-storage,label,ThoughtDef/ThoughtDef.xml,def
RV2_PredatorUdderStoreEnd.stages.0.description,"Oh, my back is ever so grateful!",description,ThoughtDef/ThoughtDef.xml,def
RV2_PreyUdderStoreEnd.stages.0.label,Released from {0}'s breast-storage,label,ThoughtDef/ThoughtDef.xml,def
RV2_PreyUdderStoreEnd.stages.0.description,It's nice to have room to stretch again.,description,ThoughtDef/ThoughtDef.xml,def
RV2_GoalPreferenceMatch_Assimilate_Prey.stages.0.label,pawn with meld-wish likes driven assimilator,label,RimVore2.VoreQuirkThoughtDef/RimVore2.VoreQuirkThoughtDef.xml,def
RV2_GoalPreferenceMatch_Assimilate_Predator.stages.0.label,driven assimilator likes pawn with meld-wish,label,RimVore2.VoreQuirkThoughtDef/RimVore2.VoreQuirkThoughtDef.xml,def
RV2_GoalPreferenceMatch_Amalgamate_Prey.stages.0.label,pawn with pad-wish likes melangist hoarder,label,RimVore2.VoreQuirkThoughtDef/RimVore2.VoreQuirkThoughtDef.xml,def
RV2_GoalPreferenceMatch_Amalgamate_Predator.stages.0.label,melangist hoarder prey likes pawn with pad-wish,label,RimVore2.VoreQuirkThoughtDef/RimVore2.VoreQuirkThoughtDef.xml,def
RV2_TypePreferenceMatch_Cleavage_Prey.stages.0.label,fissurist prey likes fissurist pred,label,RimVore2.VoreQuirkThoughtDef/RimVore2.VoreQuirkThoughtDef.xml,def
RV2_TypePreferenceMatch_Cleavage_Predator.stages.0.label,fissurist pred likes fissurist prey,label,RimVore2.VoreQuirkThoughtDef/RimVore2.VoreQuirkThoughtDef.xml,def
RV2_TypePreferenceMatch_Membrane_Prey.stages.0.label,dermacist prey likes dermacist pred,label,RimVore2.VoreQuirkThoughtDef/RimVore2.VoreQuirkThoughtDef.xml,def
RV2_TypePreferenceMatch_Membrane_Predator.stages.0.label,dermacist pred likes dermacist prey,label,RimVore2.VoreQuirkThoughtDef/RimVore2.VoreQuirkThoughtDef.xml,def
RV2_TypePreferenceMatch_Navel_Prey.stages.0.label,umbilicist prey likes umbilicist pred,label,RimVore2.VoreQuirkThoughtDef/RimVore2.VoreQuirkThoughtDef.xml,def
RV2_TypePreferenceMatch_Navel_Predator.stages.0.label,umbilicist pred likes umbilicist prey,label,RimVore2.VoreQuirkThoughtDef/RimVore2.VoreQuirkThoughtDef.xml,def
RV2_TypePreferenceMatch_Tailmaw_Prey.stages.0.label,caudalist prey likes caudalist pred,label,RimVore2.VoreQuirkThoughtDef/RimVore2.VoreQuirkThoughtDef.xml,def
RV2_TypePreferenceMatch_Tailmaw_Predator.stages.0.label,caudalist pred likes caudalist prey,label,RimVore2.VoreQuirkThoughtDef/RimVore2.VoreQuirkThoughtDef.xml,def
RV2_TypePreferenceMatch_Udder_Prey.stages.0.label,uberist prey likes uberist pred,label,RimVore2.VoreQuirkThoughtDef/RimVore2.VoreQuirkThoughtDef.xml,def
RV2_TypePreferenceMatch_Udder_Predator.stages.0.label,uberist pred likes uberist prey,label,RimVore2.VoreQuirkThoughtDef/RimVore2.VoreQuirkThoughtDef.xml,def
RV2_PreyInAnusAmalgamating.stages.0.label,One prey amalgamated into ass-fat,label,ThoughtDef/ThoughtDef.xml,def
RV2_PreyInAnusAmalgamating.stages.0.description,Every seat's just a slight bit softer now.,description,ThoughtDef/ThoughtDef.xml,def
RV2_PreyInAnusAmalgamating.stages.1.label,Two prey amalgamated into ass-fat,label,ThoughtDef/ThoughtDef.xml,def
RV2_PreyInAnusAmalgamating.stages.1.description,Padding for each cheek!,description,ThoughtDef/ThoughtDef.xml,def
RV2_PreyInAnusAmalgamating.stages.2.label,Three prey amalgamated into ass-fat,label,ThoughtDef/ThoughtDef.xml,def
RV2_PreyInAnusAmalgamating.stages.2.description,You're gonna make me so round and soft!,description,ThoughtDef/ThoughtDef.xml,def
RV2_PreyInAnusAmalgamating.stages.3.label,Several prey amalgamated into ass-fat,label,ThoughtDef/ThoughtDef.xml,def
RV2_PreyInAnusAmalgamating.stages.3.description,I can sit anywhere! I have the most comfortable ass in the world!,description,ThoughtDef/ThoughtDef.xml,def
RV2_PreyInAnusAssimilating.stages.0.label,Assimilating prey into ass-fat,label,ThoughtDef/ThoughtDef.xml,def
RV2_PreyInAnusAssimilating.stages.0.description,Enjoy padding my butt!,description,ThoughtDef/ThoughtDef.xml,def
RV2_PreyInAnusAssimilating.stages.1.label,Assimilating two prey into ass-fat,label,ThoughtDef/ThoughtDef.xml,def
RV2_PreyInAnusAssimilating.stages.1.description,Padding for each cheek!,description,ThoughtDef/ThoughtDef.xml,def
RV2_PreyInAnusAssimilating.stages.2.label,Assimilating three prey into ass-fat,label,ThoughtDef/ThoughtDef.xml,def
RV2_PreyInAnusAssimilating.stages.2.description,You're gonna make me so round and soft!,description,ThoughtDef/ThoughtDef.xml,def
RV2_PreyInAnusAssimilating.stages.3.label,Assimilating several prey into ass-fat,label,ThoughtDef/ThoughtDef.xml,def
RV2_PreyInAnusAssimilating.stages.3.description,Yes! Worship my derriere--and join it!,description,ThoughtDef/ThoughtDef.xml,def
RV2_PreyInAnusContacting.stages.0.label,Pre-absorption anal pleasure,label,ThoughtDef/ThoughtDef.xml,def
RV2_PreyInAnusContacting.stages.0.description,Who says I can't play with my cheek-padder before I absorb them?,description,ThoughtDef/ThoughtDef.xml,def
RV2_PreyInAnusContacting.stages.1.label,Pre-absorption anal pleasure,label,ThoughtDef/ThoughtDef.xml,def
RV2_PreyInAnusContacting.stages.1.description,Everyone's competing for the attentions of my pucker...~,description,ThoughtDef/ThoughtDef.xml,def
RV2_PreyInAnusLoosening.stages.0.label,Loosening up to absorb prey into ass,label,ThoughtDef/ThoughtDef.xml,def
RV2_PreyInAnusLoosening.stages.0.description,That's it... Deeper...~,description,ThoughtDef/ThoughtDef.xml,def
RV2_PreyInAnusLoosening.stages.1.label,Loosening up to absorb multiple prey into ass,label,ThoughtDef/ThoughtDef.xml,def
RV2_PreyInAnusLoosening.stages.1.description,There's plenty of room for everyone...~,description,ThoughtDef/ThoughtDef.xml,def
RV2_PreyInAnusPurging.stages.0.label,Purging remains from ass-fat,label,ThoughtDef/ThoughtDef.xml,def
RV2_PreyInAnusPurging.stages.0.description,Gotta work the air out!,description,ThoughtDef/ThoughtDef.xml,def
RV2_PreyInAnusPurging.stages.1.label,Purging multiple remains from ass-fat,label,ThoughtDef/ThoughtDef.xml,def
RV2_PreyInAnusPurging.stages.1.description,I'll be playing this trumpet for a while...,description,ThoughtDef/ThoughtDef.xml,def
RV2_PreyInAnusReshaping.stages.0.label,Reshaping prey from ass-fat,label,ThoughtDef/ThoughtDef.xml,def
RV2_PreyInAnusReshaping.stages.0.description,I'll miss this padding...,description,ThoughtDef/ThoughtDef.xml,def
RV2_PreyInAnusReshaping.stages.1.label,Reshaping multiple prey from ass-fat,label,ThoughtDef/ThoughtDef.xml,def
RV2_PreyInAnusReshaping.stages.1.description,I don't wanna be flat again!,description,ThoughtDef/ThoughtDef.xml,def
RV2_PreyInBladderPassing.stages.0.label,Passing prey through bladder,label,ThoughtDef/ThoughtDef.xml,def
RV2_PreyInBladderPassing.stages.0.description,You're not stopping here!,description,ThoughtDef/ThoughtDef.xml,def
RV2_PreyInBladderPassing.stages.1.label,Passing two prey through bladder,label,ThoughtDef/ThoughtDef.xml,def
RV2_PreyInBladderPassing.stages.1.description,You're not stopping here!,description,ThoughtDef/ThoughtDef.xml,def
RV2_PreyInBladderPassing.stages.2.label,Passing three prey through bladder,label,ThoughtDef/ThoughtDef.xml,def
RV2_PreyInBladderPassing.stages.2.description,You're not stopping here!,description,ThoughtDef/ThoughtDef.xml,def
RV2_PreyInBladderPassing.stages.3.label,Passing several prey through bladder,label,ThoughtDef/ThoughtDef.xml,def
RV2_PreyInBladderPassing.stages.3.description,You're not stopping here!,description,ThoughtDef/ThoughtDef.xml,def
RV2_PreyInBladderPleasuring.stages.0.label,Pleasuring prey in bladder,label,ThoughtDef/ThoughtDef.xml,def
RV2_PreyInBladderPleasuring.stages.0.description,"Hey, that tickles!",description,ThoughtDef/ThoughtDef.xml,def
RV2_PreyInBladderPleasuring.stages.1.label,Pleasuring two prey in bladder,label,ThoughtDef/ThoughtDef.xml,def
RV2_PreyInBladderPleasuring.stages.1.description,It's like I'm full of butterflies!~,description,ThoughtDef/ThoughtDef.xml,def
RV2_PreyInBladderPleasuring.stages.2.label,Pleasuring three prey in bladder,label,ThoughtDef/ThoughtDef.xml,def
RV2_PreyInBladderPleasuring.stages.2.description,Careful now! You don't want me letting you out early!,description,ThoughtDef/ThoughtDef.xml,def
RV2_PreyInBladderPleasuring.stages.3.label,Pleasuring several prey in bladder,label,ThoughtDef/ThoughtDef.xml,def
RV2_PreyInBladderPleasuring.stages.3.description,I don't know how much longer I can keep them in there!,description,ThoughtDef/ThoughtDef.xml,def
RV2_PreyInBladderStoring.stages.0.label,One prey stored in bladder,label,ThoughtDef/ThoughtDef.xml,def
RV2_PreyInBladderStoring.stages.0.description,Sit tight!,description,ThoughtDef/ThoughtDef.xml,def
RV2_PreyInBladderStoring.stages.1.label,Two prey stored in bladder,label,ThoughtDef/ThoughtDef.xml,def
RV2_PreyInBladderStoring.stages.1.description,Just gotta clench to keep them still.,description,ThoughtDef/ThoughtDef.xml,def
RV2_PreyInBladderStoring.stages.2.label,Three prey stored in bladder,label,ThoughtDef/ThoughtDef.xml,def
RV2_PreyInBladderStoring.stages.2.description,Feeling a little bloated...,description,ThoughtDef/ThoughtDef.xml,def
RV2_PreyInBladderStoring.stages.3.label,Several prey stored in bladder,label,ThoughtDef/ThoughtDef.xml,def
RV2_PreyInBladderStoring.stages.3.description,I think I've gotten used to feeling like I need to pee at all times.,description,ThoughtDef/ThoughtDef.xml,def
RV2_PreyInBladderWarming.stages.0.label,Warming up bladder for prey,label,ThoughtDef/ThoughtDef.xml,def
RV2_PreyInBladderWarming.stages.0.description,"Oh, the plans I have for you!",description,ThoughtDef/ThoughtDef.xml,def
RV2_PreyInBladderWarming.stages.1.label,Warming up bladder for multiple prey,label,ThoughtDef/ThoughtDef.xml,def
RV2_PreyInBladderWarming.stages.1.description,"Oh, the plans I have for you!",description,ThoughtDef/ThoughtDef.xml,def
RV2_PreyInBreastsAmalgamating.stages.0.label,One prey amalgamated into breast-fat,label,ThoughtDef/ThoughtDef.xml,def
RV2_PreyInBreastsAmalgamating.stages.0.description,A little bit more jiggle in every step!,description,ThoughtDef/ThoughtDef.xml,def
RV2_PreyInBreastsAmalgamating.stages.1.label,Two prey amalgamated into breast-fat,label,ThoughtDef/ThoughtDef.xml,def
RV2_PreyInBreastsAmalgamating.stages.1.description,One in each tit!,description,ThoughtDef/ThoughtDef.xml,def
RV2_PreyInBreastsAmalgamating.stages.2.label,Three prey amalgamated into breast-fat,label,ThoughtDef/ThoughtDef.xml,def
RV2_PreyInBreastsAmalgamating.stages.2.description,You're all so very worth the extra strain on my back!,description,ThoughtDef/ThoughtDef.xml,def
RV2_PreyInBreastsAmalgamating.stages.3.label,Several prey amalgamated into breast-fat,label,ThoughtDef/ThoughtDef.xml,def
RV2_PreyInBreastsAmalgamating.stages.3.description,I could knock a wall down with these!,description,ThoughtDef/ThoughtDef.xml,def
RV2_PreyInBreastsAssimilating.stages.0.label,Assimilating prey into breast-fat,label,ThoughtDef/ThoughtDef.xml,def
RV2_PreyInBreastsAssimilating.stages.0.description,Enjoy padding my boobs!,description,ThoughtDef/ThoughtDef.xml,def
RV2_PreyInBreastsAssimilating.stages.1.label,Assimilating two prey into breast-fat,label,ThoughtDef/ThoughtDef.xml,def
RV2_PreyInBreastsAssimilating.stages.1.description,One for each tit!,description,ThoughtDef/ThoughtDef.xml,def
RV2_PreyInBreastsAssimilating.stages.2.label,Assimilating three prey into breast-fat,label,ThoughtDef/ThoughtDef.xml,def
RV2_PreyInBreastsAssimilating.stages.2.description,You're gonna make me so top-heavy!,description,ThoughtDef/ThoughtDef.xml,def
RV2_PreyInBreastsAssimilating.stages.3.label,Assimilating several prey into breast-fat,label,ThoughtDef/ThoughtDef.xml,def
RV2_PreyInBreastsAssimilating.stages.3.description,Any one else wanna baloon my bosom? Don't be shy!,description,ThoughtDef/ThoughtDef.xml,def
RV2_PreyInBreastsConvertingChemfuel.stages.0.label,Olifying prey in breast,label,ThoughtDef/ThoughtDef.xml,def
RV2_PreyInBreastsConvertingChemfuel.stages.0.description,Is this gentle burn what boomalopes feel? It's like they slurped down some mild peppers...,description,ThoughtDef/ThoughtDef.xml,def
RV2_PreyInBreastsConvertingChemfuel.stages.1.label,Olifying two prey in breasts,label,ThoughtDef/ThoughtDef.xml,def
RV2_PreyInBreastsConvertingChemfuel.stages.1.description,"I suppose udders don't have the same symmetry problems. Woof, that's some heat!",description,ThoughtDef/ThoughtDef.xml,def
RV2_PreyInBreastsConvertingChemfuel.stages.2.label,Olifying three prey in breasts,label,ThoughtDef/ThoughtDef.xml,def
RV2_PreyInBreastsConvertingChemfuel.stages.2.description,Hell--oh hell! This has to be way better than being a boomalope!,description,ThoughtDef/ThoughtDef.xml,def
RV2_PreyInBreastsConvertingChemfuel.stages.3.label,Olifying several prey in breasts,label,ThoughtDef/ThoughtDef.xml,def
RV2_PreyInBreastsConvertingChemfuel.stages.3.description,"Oh, baby, I'm burning so good! This oughta keep the generators burning for weeks!",description,ThoughtDef/ThoughtDef.xml,def
RV2_PreyInBreastsDissolvingChemfuel.stages.0.label,Dissolving live prey into chem-milk,label,ThoughtDef/ThoughtDef.xml,def
RV2_PreyInBreastsDissolvingChemfuel.stages.0.description,"Pretty slippery in there, isn't it? Can't keep upright?",description,ThoughtDef/ThoughtDef.xml,def
RV2_PreyInBreastsDissolvingChemfuel.stages.1.label,Dissolving two live prey into chem-milk,label,ThoughtDef/ThoughtDef.xml,def
RV2_PreyInBreastsDissolvingChemfuel.stages.1.description,"Don't worry, you two won't slide out.",description,ThoughtDef/ThoughtDef.xml,def
RV2_PreyInBreastsDissolvingChemfuel.stages.2.label,Dissolving three live prey into chem-milk,label,ThoughtDef/ThoughtDef.xml,def
RV2_PreyInBreastsDissolvingChemfuel.stages.2.description,Starting to get tight enough y'all don't slide around.,description,ThoughtDef/ThoughtDef.xml,def
RV2_PreyInBreastsDissolvingChemfuel.stages.3.label,Dissolving several live prey into chem-milk,label,ThoughtDef/ThoughtDef.xml,def
RV2_PreyInBreastsDissolvingChemfuel.stages.3.description,Think how much more valuable you'll all be as oil!,description,ThoughtDef/ThoughtDef.xml,def
RV2_PreyInBreastsMushingChemfuel.stages.0.label,Breaking down prey into chem-milk,label,ThoughtDef/ThoughtDef.xml,def
RV2_PreyInBreastsMushingChemfuel.stages.0.description,Stopped trying to fight the slickness already?,description,ThoughtDef/ThoughtDef.xml,def
RV2_PreyInBreastsMushingChemfuel.stages.1.label,Breaking down two prey into chem-milk,label,ThoughtDef/ThoughtDef.xml,def
RV2_PreyInBreastsMushingChemfuel.stages.1.description,"Jellified already? Just gotta thin you down, then.",description,ThoughtDef/ThoughtDef.xml,def
RV2_PreyInBreastsMushingChemfuel.stages.2.label,Breaking down three prey into chem-milk,label,ThoughtDef/ThoughtDef.xml,def
RV2_PreyInBreastsMushingChemfuel.stages.2.description,Starting to feel a bit of that gentle burn now...,description,ThoughtDef/ThoughtDef.xml,def
RV2_PreyInBreastsMushingChemfuel.stages.3.label,Breaking down several prey into chem-milk,label,ThoughtDef/ThoughtDef.xml,def
RV2_PreyInBreastsMushingChemfuel.stages.3.description,"Oh yeah, here comes the burn, real soon!",description,ThoughtDef/ThoughtDef.xml,def
RV2_PreyInCleavageExiting.stages.0.label,Releasing prey from cleavage,label,ThoughtDef/ThoughtDef.xml,def
RV2_PreyInCleavageExiting.stages.0.description,Time to empty my purse...,description,ThoughtDef/ThoughtDef.xml,def
RV2_PreyInCleavageExiting.stages.1.label,Releasing multiple prey from cleavage,label,ThoughtDef/ThoughtDef.xml,def
RV2_PreyInCleavageExiting.stages.1.description,That's a load off my back!,description,ThoughtDef/ThoughtDef.xml,def
RV2_PreyInCleavageContacting.stages.0.label,Pre-absorption cleavage,label,ThoughtDef/ThoughtDef.xml,def
RV2_PreyInCleavageContacting.stages.0.description,Who says I can't play with my cheek-padder before I absorb them?,description,ThoughtDef/ThoughtDef.xml,def
RV2_PreyInCleavageContacting.stages.1.label,Pre-absorption cleavage pleasure,label,ThoughtDef/ThoughtDef.xml,def
RV2_PreyInCleavageContacting.stages.1.description,Everyone's competing for the attentions of my breasts...~,description,ThoughtDef/ThoughtDef.xml,def
RV2_PreyInCleavageLoosening.stages.0.label,Loosening up to absorb prey into cleavage,label,ThoughtDef/ThoughtDef.xml,def
RV2_PreyInCleavageLoosening.stages.0.description,"Started to sink, haven't you?~",description,ThoughtDef/ThoughtDef.xml,def
RV2_PreyInCleavageLoosening.stages.1.label,Loosening up to absorb multiple prey into cleavage,label,ThoughtDef/ThoughtDef.xml,def
RV2_PreyInCleavageLoosening.stages.1.description,There's plenty of room for everyone...~,description,ThoughtDef/ThoughtDef.xml,def
RV2_PreyInCleavagePassing.stages.0.label,Prey partially-stuffed into cleavage,label,ThoughtDef/ThoughtDef.xml,def
RV2_PreyInCleavagePassing.stages.0.description,Come to me...~,description,ThoughtDef/ThoughtDef.xml,def
RV2_PreyInCleavagePassing.stages.1.label,Multiple prey partially-stuffed into cleavage,label,ThoughtDef/ThoughtDef.xml,def
RV2_PreyInCleavagePassing.stages.1.description,I'm getting tugged every-which-way!,description,ThoughtDef/ThoughtDef.xml,def
RV2_PreyInCleavagePleasuring.stages.0.label,Pleasuring prey in breast,label,ThoughtDef/ThoughtDef.xml,def
RV2_PreyInCleavagePleasuring.stages.0.description,Don't stop...,description,ThoughtDef/ThoughtDef.xml,def
RV2_PreyInCleavagePleasuring.stages.1.label,Pleasuring two prey in breasts,label,ThoughtDef/ThoughtDef.xml,def
RV2_PreyInCleavagePleasuring.stages.1.description,"Keep going, both of you...!",description,ThoughtDef/ThoughtDef.xml,def
RV2_PreyInCleavagePleasuring.stages.2.label,Pleasuring three prey in breasts,label,ThoughtDef/ThoughtDef.xml,def
RV2_PreyInCleavagePleasuring.stages.2.description,Three... all at once!,description,ThoughtDef/ThoughtDef.xml,def
RV2_PreyInCleavagePleasuring.stages.3.label,Pleasuring several prey in breasts,label,ThoughtDef/ThoughtDef.xml,def
RV2_PreyInCleavagePleasuring.stages.3.description,I'M GONNA--,description,ThoughtDef/ThoughtDef.xml,def
RV2_PreyInCleavagePurging.stages.0.label,Pulling remains out of cleavage,label,ThoughtDef/ThoughtDef.xml,def
RV2_PreyInCleavagePurging.stages.0.description,Can't have these getting cluttered!,description,ThoughtDef/ThoughtDef.xml,def
RV2_PreyInCleavagePurging.stages.1.label,Pulling multiple remains out of cleavage,label,ThoughtDef/ThoughtDef.xml,def
RV2_PreyInCleavagePurging.stages.1.description,"Amazing, the stuff you can find in someone's bust!",description,ThoughtDef/ThoughtDef.xml,def
RV2_PreyInCleavageReshaping.stages.0.label,Reshaping prey from breast-fat,label,ThoughtDef/ThoughtDef.xml,def
RV2_PreyInCleavageReshaping.stages.0.description,I'll miss my implants...,description,ThoughtDef/ThoughtDef.xml,def
RV2_PreyInCleavageReshaping.stages.1.label,Reshaping multiple prey from breast-fat,label,ThoughtDef/ThoughtDef.xml,def
RV2_PreyInCleavageReshaping.stages.1.description,I don't wanna be flat again!,description,ThoughtDef/ThoughtDef.xml,def
RV2_PreyInCleavageStoring.stages.0.label,Prey stored between breasts,label,ThoughtDef/ThoughtDef.xml,def
RV2_PreyInCleavageStoring.stages.0.description,"Cozy, isn't it?",description,ThoughtDef/ThoughtDef.xml,def
RV2_PreyInCleavageStoring.stages.1.label,Two prey stored between breasts,label,ThoughtDef/ThoughtDef.xml,def
RV2_PreyInCleavageStoring.stages.1.description,How am I fitting them all? Don't ask questions.,description,ThoughtDef/ThoughtDef.xml,def
RV2_PreyInCleavageStoring.stages.2.label,Three prey stored between breasts,label,ThoughtDef/ThoughtDef.xml,def
RV2_PreyInCleavageStoring.stages.2.description,How am I fitting them all? Don't ask questions.,description,ThoughtDef/ThoughtDef.xml,def
RV2_PreyInCleavageStoring.stages.3.label,Several prey stored between breasts,label,ThoughtDef/ThoughtDef.xml,def
RV2_PreyInCleavageStoring.stages.3.description,How am I fitting them all? Don't ask questions.,description,ThoughtDef/ThoughtDef.xml,def
RV2_PreyInCockAmalgamating.stages.0.label,One prey amalgamated onto cock-meat,label,ThoughtDef/ThoughtDef.xml,def
RV2_PreyInCockAmalgamating.stages.0.description,"Oooh, I think you've doubled my sensitivity *on top of* the size gains...~",description,ThoughtDef/ThoughtDef.xml,def
RV2_PreyInCockAmalgamating.stages.1.label,Two prey amalgamated onto cock-meat,label,ThoughtDef/ThoughtDef.xml,def
RV2_PreyInCockAmalgamating.stages.1.description,"I wonder if you're stacked around each other, or front-to-back in a row?",description,ThoughtDef/ThoughtDef.xml,def
RV2_PreyInCockAmalgamating.stages.2.label,Three prey amalgamated onto cock-meat,label,ThoughtDef/ThoughtDef.xml,def
RV2_PreyInCockAmalgamating.stages.2.description,"Wow, you're all so heavy...!~",description,ThoughtDef/ThoughtDef.xml,def
RV2_PreyInCockAmalgamating.stages.3.label,Several prey amalgamated onto cock-meat,label,ThoughtDef/ThoughtDef.xml,def
RV2_PreyInCockAmalgamating.stages.3.description,"Oh man, I'm absolutely massive! Anyone else want in on this shishkebab?~",description,ThoughtDef/ThoughtDef.xml,def
RV2_PreyInCockAssimilating.stages.0.label,Assimilating prey onto cock-meat,label,ThoughtDef/ThoughtDef.xml,def
RV2_PreyInCockAssimilating.stages.0.description,"Have fun getting pounded, meat!",description,ThoughtDef/ThoughtDef.xml,def
RV2_PreyInCockAssimilating.stages.1.label,Assimilating two prey into cock-meat,label,ThoughtDef/ThoughtDef.xml,def
RV2_PreyInCockAssimilating.stages.1.description,You'll be doing some real tenderizing!,description,ThoughtDef/ThoughtDef.xml,def
RV2_PreyInCockAssimilating.stages.2.label,Assimilating three prey into cock-meat,label,ThoughtDef/ThoughtDef.xml,def
RV2_PreyInCockAssimilating.stages.2.description,Just how big and meaty will you all make me?~,description,ThoughtDef/ThoughtDef.xml,def
RV2_PreyInCockAssimilating.stages.3.label,Assimilating several prey into cock-meat,label,ThoughtDef/ThoughtDef.xml,def
RV2_PreyInCockAssimilating.stages.3.description,MY DICK IS A SINGULARITY OF ECSTASY! OH FUCK! THE SERPENT HUNGERS FOR MORE!,description,ThoughtDef/ThoughtDef.xml,def
RV2_PreyInCockContacting.stages.0.label,Pre-absorption cock pleasure,label,ThoughtDef/ThoughtDef.xml,def
RV2_PreyInCockContacting.stages.0.description,Who says I can't play with my cock-meat before I absorb it?,description,ThoughtDef/ThoughtDef.xml,def
RV2_PreyInCockContacting.stages.1.label,Pre-absorption cock pleasure,label,ThoughtDef/ThoughtDef.xml,def
RV2_PreyInCockContacting.stages.1.description,"There's plenty of meat to go around, folks!~",description,ThoughtDef/ThoughtDef.xml,def
RV2_PreyInCockLoosening.stages.0.label,Loosening up to absorb prey onto cock-meat,label,ThoughtDef/ThoughtDef.xml,def
RV2_PreyInCockLoosening.stages.0.description,"No, no, don't get off yet! Let's sit and enjoy ourselves a little longer...~",description,ThoughtDef/ThoughtDef.xml,def
RV2_PreyInCockLoosening.stages.1.label,Loosening up to absorb multiple prey onto cock-meat,label,ThoughtDef/ThoughtDef.xml,def
RV2_PreyInCockLoosening.stages.1.description,Just gonna hold y'all to my meat like so...~,description,ThoughtDef/ThoughtDef.xml,def
RV2_PreyInCockPurging.stages.0.label,Purging remains from cock-meat,label,ThoughtDef/ThoughtDef.xml,def
RV2_PreyInCockPurging.stages.0.description,Like peeling off a condom.,description,ThoughtDef/ThoughtDef.xml,def
RV2_PreyInCockPurging.stages.1.label,Purging multiple remains from cock-meat,label,ThoughtDef/ThoughtDef.xml,def
RV2_PreyInCockPurging.stages.1.description,Just a matter of pulling all these clothes off.,description,ThoughtDef/ThoughtDef.xml,def
RV2_PreyInCockReshaping.stages.0.label,Reshaping prey from cock-meat,label,ThoughtDef/ThoughtDef.xml,def
RV2_PreyInCockReshaping.stages.0.description,I'll miss these inches...,description,ThoughtDef/ThoughtDef.xml,def
RV2_PreyInCockReshaping.stages.1.label,Reshaping multiple prey from cock-meat,label,ThoughtDef/ThoughtDef.xml,def
RV2_PreyInCockReshaping.stages.1.description,I don't wanna be tiny again!,description,ThoughtDef/ThoughtDef.xml,def
RV2_PreyInKidneyConvertingUrine.stages.0.label,Urifying prey in kidney,label,ThoughtDef/ThoughtDef.xml,def
RV2_PreyInKidneyConvertingUrine.stages.0.description,"A whole life, dissolved into piss.",description,ThoughtDef/ThoughtDef.xml,def
RV2_PreyInKidneyConvertingUrine.stages.1.label,Urifying two prey in kidneys,label,ThoughtDef/ThoughtDef.xml,def
RV2_PreyInKidneyConvertingUrine.stages.1.description,Plenty to water the crops with!,description,ThoughtDef/ThoughtDef.xml,def
RV2_PreyInKidneyConvertingUrine.stages.2.label,Urifying three prey in kidneys,label,ThoughtDef/ThoughtDef.xml,def
RV2_PreyInKidneyConvertingUrine.stages.2.description,You're gonna turn me into a fountain...,description,ThoughtDef/ThoughtDef.xml,def
RV2_PreyInKidneyConvertingUrine.stages.3.label,Urifying several prey in kidneys,label,ThoughtDef/ThoughtDef.xml,def
RV2_PreyInKidneyConvertingUrine.stages.3.description,"Après vous, le déluge.~",description,ThoughtDef/ThoughtDef.xml,def
RV2_PreyInKidneyDissolvingUrine.stages.0.label,Dissolving prey in kidney,label,ThoughtDef/ThoughtDef.xml,def
RV2_PreyInKidneyDissolvingUrine.stages.0.description,Keep it up! Your struggling tickles.~,description,ThoughtDef/ThoughtDef.xml,def
RV2_PreyInKidneyDissolvingUrine.stages.1.label,Dissolving two prey in kidneys,label,ThoughtDef/ThoughtDef.xml,def
RV2_PreyInKidneyDissolvingUrine.stages.1.description,"You barely have the room to kick around in there, don't you? Don't drown, now!~",description,ThoughtDef/ThoughtDef.xml,def
RV2_PreyInKidneyDissolvingUrine.stages.2.label,Dissolving three prey in kidneys,label,ThoughtDef/ThoughtDef.xml,def
RV2_PreyInKidneyDissolvingUrine.stages.2.description,Good heavens it's tight in there!,description,ThoughtDef/ThoughtDef.xml,def
RV2_PreyInKidneyDissolvingUrine.stages.3.label,Dissolving several prey in kidneys,label,ThoughtDef/ThoughtDef.xml,def
RV2_PreyInKidneyDissolvingUrine.stages.3.description,"...I musn't piss them all out yet. Not yet. Soon. Mercy, though...",description,ThoughtDef/ThoughtDef.xml,def
RV2_PreyInKidneyMushingUrine.stages.0.label,Breaking down prey in kidney,label,ThoughtDef/ThoughtDef.xml,def
RV2_PreyInKidneyMushingUrine.stages.0.description,"Stopped thrashing, huh?",description,ThoughtDef/ThoughtDef.xml,def
RV2_PreyInKidneyMushingUrine.stages.1.label,Breaking down two prey in kidneys,label,ThoughtDef/ThoughtDef.xml,def
RV2_PreyInKidneyMushingUrine.stages.1.description,You two didn't last long.,description,ThoughtDef/ThoughtDef.xml,def
RV2_PreyInKidneyMushingUrine.stages.2.label,Breaking down three prey in kidneys,label,ThoughtDef/ThoughtDef.xml,def
RV2_PreyInKidneyMushingUrine.stages.2.description,"You'll be all nothing but a yellow stream, soon.",description,ThoughtDef/ThoughtDef.xml,def
RV2_PreyInKidneyMushingUrine.stages.3.label,Breaking down several prey in kidneys,label,ThoughtDef/ThoughtDef.xml,def
RV2_PreyInKidneyMushingUrine.stages.3.description,Soon... Soon...,description,ThoughtDef/ThoughtDef.xml,def
RV2_PreyInInsidesChurning.stages.0.label,Breaking down engulfed prey,label,ThoughtDef/ThoughtDef.xml,def
RV2_PreyInInsidesChurning.stages.0.description,You're looking pretty melty...,description,ThoughtDef/ThoughtDef.xml,def
RV2_PreyInInsidesChurning.stages.1.label,Breaking down two engulfed prey,label,ThoughtDef/ThoughtDef.xml,def
RV2_PreyInInsidesChurning.stages.1.description,I can barely tell the difference between you two anymore!,description,ThoughtDef/ThoughtDef.xml,def
RV2_PreyInInsidesChurning.stages.2.label,Breaking down three engulfed prey,label,ThoughtDef/ThoughtDef.xml,def
RV2_PreyInInsidesChurning.stages.2.description,Where's one pile of mush begin and the other end?,description,ThoughtDef/ThoughtDef.xml,def
RV2_PreyInInsidesChurning.stages.3.label,Breaking down several engulfed prey,label,ThoughtDef/ThoughtDef.xml,def
RV2_PreyInInsidesChurning.stages.3.description,"Oh man, you're all a mess!",description,ThoughtDef/ThoughtDef.xml,def
RV2_PreyInInsidesDigesting.stages.0.label,Digesting engulfed live prey,label,ThoughtDef/ThoughtDef.xml,def
RV2_PreyInInsidesDigesting.stages.0.description,"There's no escape for you, swimmer!",description,ThoughtDef/ThoughtDef.xml,def
RV2_PreyInInsidesDigesting.stages.1.label,Digesting two engulfed live prey,label,ThoughtDef/ThoughtDef.xml,def
RV2_PreyInInsidesDigesting.stages.1.description,Do you like being mashed against each other like that?,description,ThoughtDef/ThoughtDef.xml,def
RV2_PreyInInsidesDigesting.stages.2.label,Digesting three engulfed live prey,label,ThoughtDef/ThoughtDef.xml,def
RV2_PreyInInsidesDigesting.stages.2.description,Pop and bubble away...,description,ThoughtDef/ThoughtDef.xml,def
RV2_PreyInInsidesDigesting.stages.3.label,Digesting several engulfed live prey,label,ThoughtDef/ThoughtDef.xml,def
RV2_PreyInInsidesDigesting.stages.3.description,"Soon, you'll all be a thin soup!~",description,ThoughtDef/ThoughtDef.xml,def
RV2_PreyInInsidesProcessing.stages.0.label,Absorbing engulfed prey,label,ThoughtDef/ThoughtDef.xml,def
RV2_PreyInInsidesProcessing.stages.0.description,I suppose it's time to clean up.,description,ThoughtDef/ThoughtDef.xml,def
RV2_PreyInInsidesProcessing.stages.1.label,Absorbing two engulfed prey,label,ThoughtDef/ThoughtDef.xml,def
RV2_PreyInInsidesProcessing.stages.1.description,I wonder how plump you'll make me?,description,ThoughtDef/ThoughtDef.xml,def
RV2_PreyInInsidesProcessing.stages.2.label,Absorbing three engulfed prey,label,ThoughtDef/ThoughtDef.xml,def
RV2_PreyInInsidesProcessing.stages.2.description,Gonna be so bloated...,description,ThoughtDef/ThoughtDef.xml,def
RV2_PreyInInsidesProcessing.stages.3.label,Absorbing several engulfed prey,label,ThoughtDef/ThoughtDef.xml,def
RV2_PreyInInsidesProcessing.stages.3.description,Maybe I overdid it...,description,ThoughtDef/ThoughtDef.xml,def
RV2_PreyInInsidesPleasuring.stages.0.label,Pleasured by engulfed prey,label,ThoughtDef/ThoughtDef.xml,def
RV2_PreyInInsidesPleasuring.stages.0.description,"I love a good, deep hug...~",description,ThoughtDef/ThoughtDef.xml,def
RV2_PreyInInsidesPleasuring.stages.1.label,Pleasured by two engulfed prey,label,ThoughtDef/ThoughtDef.xml,def
RV2_PreyInInsidesPleasuring.stages.1.description,Let me embrace you...~,description,ThoughtDef/ThoughtDef.xml,def
RV2_PreyInInsidesPleasuring.stages.2.label,Pleasured by three engulfed prey,label,ThoughtDef/ThoughtDef.xml,def
RV2_PreyInInsidesPleasuring.stages.2.description,Three at once? No problem!,description,ThoughtDef/ThoughtDef.xml,def
RV2_PreyInInsidesPleasuring.stages.3.label,Pleasured by several engulfed prey,label,ThoughtDef/ThoughtDef.xml,def
RV2_PreyInInsidesPleasuring.stages.3.description,Having a hell of a pool party in here!,description,ThoughtDef/ThoughtDef.xml,def
RV2_PreyInInsidesStoring.stages.0.label,Prey engulfed for storage,label,ThoughtDef/ThoughtDef.xml,def
RV2_PreyInInsidesStoring.stages.0.description,Sealed away!,description,ThoughtDef/ThoughtDef.xml,def
RV2_PreyInInsidesStoring.stages.1.label,Two prey engulfed for storage,label,ThoughtDef/ThoughtDef.xml,def
RV2_PreyInInsidesStoring.stages.1.description,"I think I'm more prey than pred at this point, just by volume!",description,ThoughtDef/ThoughtDef.xml,def
RV2_PreyInInsidesStoring.stages.2.label,Three prey engulfed for storage,label,ThoughtDef/ThoughtDef.xml,def
RV2_PreyInInsidesStoring.stages.2.description,So stuffed...~,description,ThoughtDef/ThoughtDef.xml,def
RV2_PreyInInsidesStoring.stages.3.label,Several prey engulfed for storage,label,ThoughtDef/ThoughtDef.xml,def
RV2_PreyInInsidesStoring.stages.3.description,I feel like I'm bursting at the seams!,description,ThoughtDef/ThoughtDef.xml,def
RV2_PreyInInsidesWarming.stages.0.label,Warming up insides for prey,label,ThoughtDef/ThoughtDef.xml,def
RV2_PreyInInsidesWarming.stages.0.description,"Oh, the plans I have for you!",description,ThoughtDef/ThoughtDef.xml,def
RV2_PreyInInsidesWarming.stages.1.label,Warming up insides for multiple prey,label,ThoughtDef/ThoughtDef.xml,def
RV2_PreyInInsidesWarming.stages.1.description,"Oh, the plans I have for you!",description,ThoughtDef/ThoughtDef.xml,def
RV2_PreyInMembraneDumping.stages.0.label,Shedding remains from membrane,label,ThoughtDef/ThoughtDef.xml,def
RV2_PreyInMembraneDumping.stages.0.description,Gotta keep my insides clean!,description,ThoughtDef/ThoughtDef.xml,def
RV2_PreyInMembraneDumping.stages.1.label,SHedding multiple remains from membrane,label,ThoughtDef/ThoughtDef.xml,def
RV2_PreyInMembraneDumping.stages.1.description,Everyone always leaving so much junk inside me... At least it feels nice coming out!,description,ThoughtDef/ThoughtDef.xml,def
RV2_PreyInMembraneExiting.stages.0.label,Releasing prey from membrane,label,ThoughtDef/ThoughtDef.xml,def
RV2_PreyInMembraneExiting.stages.0.description,I guess we're splitting here!,description,ThoughtDef/ThoughtDef.xml,def
RV2_PreyInMembraneExiting.stages.1.label,Releasing multiple prey from membrane,label,ThoughtDef/ThoughtDef.xml,def
RV2_PreyInMembraneExiting.stages.1.description,I feel so much squishier!,description,ThoughtDef/ThoughtDef.xml,def
RV2_PreyInMembranePassing.stages.0.label,Prey partially-engulfed,label,ThoughtDef/ThoughtDef.xml,def
RV2_PreyInMembranePassing.stages.0.description,Come on in; the water's fine!,description,ThoughtDef/ThoughtDef.xml,def
RV2_PreyInMembranePassing.stages.1.label,Multiple prey partially-engulfed,label,ThoughtDef/ThoughtDef.xml,def
RV2_PreyInMembranePassing.stages.1.description,Pool party!~,description,ThoughtDef/ThoughtDef.xml,def
RV2_PreyInMembranePleasuring.stages.0.label,Pleasuring prey in membrane,label,ThoughtDef/ThoughtDef.xml,def
RV2_PreyInMembranePleasuring.stages.0.description,This is just the start of the massage!,description,ThoughtDef/ThoughtDef.xml,def
RV2_PreyInMembranePleasuring.stages.1.label,Pleasuring prey in membrane,label,ThoughtDef/ThoughtDef.xml,def
RV2_PreyInMembranePleasuring.stages.1.description,"Careful now! Y'all don't wanna tug me apart, do you?",description,ThoughtDef/ThoughtDef.xml,def
RV2_PreyInMouthAmalgamating.stages.0.label,One prey amalgamated into lips,label,ThoughtDef/ThoughtDef.xml,def
RV2_PreyInMouthAmalgamating.stages.0.description,I promise to take good care of you.,description,ThoughtDef/ThoughtDef.xml,def
RV2_PreyInMouthAmalgamating.stages.1.label,Two prey amalgamated into lips,label,ThoughtDef/ThoughtDef.xml,def
RV2_PreyInMouthAmalgamating.stages.1.description,Padding for each lip!,description,ThoughtDef/ThoughtDef.xml,def
RV2_PreyInMouthAmalgamating.stages.2.label,Three prey amalgamated into lips,label,ThoughtDef/ThoughtDef.xml,def
RV2_PreyInMouthAmalgamating.stages.2.description,You're gonna make my lips so full and juicy!,description,ThoughtDef/ThoughtDef.xml,def
RV2_PreyInMouthAmalgamating.stages.3.label,Several prey amalgamated into lips,label,ThoughtDef/ThoughtDef.xml,def
RV2_PreyInMouthAmalgamating.stages.3.description,"I could kiss the lot of you, if I didn't have to take you out to do that!",description,ThoughtDef/ThoughtDef.xml,def
RV2_PreyInMouthAssimilating.stages.0.label,Assimilating prey into lips,label,ThoughtDef/ThoughtDef.xml,def
RV2_PreyInMouthAssimilating.stages.0.description,Juicy!,description,ThoughtDef/ThoughtDef.xml,def
RV2_PreyInMouthAssimilating.stages.1.label,Assimilating two prey into lips,label,ThoughtDef/ThoughtDef.xml,def
RV2_PreyInMouthAssimilating.stages.1.description,Padding for each lip!,description,ThoughtDef/ThoughtDef.xml,def
RV2_PreyInMouthAssimilating.stages.2.label,Assimilating three prey into lips,label,ThoughtDef/ThoughtDef.xml,def
RV2_PreyInMouthAssimilating.stages.2.description,You're gonna make my lips so full and juicy!,description,ThoughtDef/ThoughtDef.xml,def
RV2_PreyInMouthAssimilating.stages.3.label,Assimilating several prey into lips,label,ThoughtDef/ThoughtDef.xml,def
RV2_PreyInMouthAssimilating.stages.3.description,Anyone else want a kiss?~,description,ThoughtDef/ThoughtDef.xml,def
RV2_PreyInMouthContacting.stages.0.label,Pre-absorption oral pleasure,label,ThoughtDef/ThoughtDef.xml,def
RV2_PreyInMouthContacting.stages.0.description,Who says I can't play with my lip-fillers before I absorb them?,description,ThoughtDef/ThoughtDef.xml,def
RV2_PreyInMouthContacting.stages.1.label,Pre-absorption oral pleasure,label,ThoughtDef/ThoughtDef.xml,def
RV2_PreyInMouthContacting.stages.1.description,Everyone's fighting for a kiss!,description,ThoughtDef/ThoughtDef.xml,def
RV2_PreyInMouthLoosening.stages.0.label,Loosening up to absorb prey into lips,label,ThoughtDef/ThoughtDef.xml,def
RV2_PreyInMouthLoosening.stages.0.description,"Don't mind the warmth in my kiss, dear. That's just... my breath!",description,ThoughtDef/ThoughtDef.xml,def
RV2_PreyInMouthLoosening.stages.1.label,Loosening up to absorb multiple prey into lips,label,ThoughtDef/ThoughtDef.xml,def
RV2_PreyInMouthLoosening.stages.1.description,"Gettin' sloppy, huh?~",description,ThoughtDef/ThoughtDef.xml,def
RV2_PreyInMouthPurging.stages.0.label,Spitting remains out of lips,label,ThoughtDef/ThoughtDef.xml,def
RV2_PreyInMouthPurging.stages.0.description,Gotta work the air out!,description,ThoughtDef/ThoughtDef.xml,def
RV2_PreyInMouthPurging.stages.1.label,Spitting multiple remains out of lips,label,ThoughtDef/ThoughtDef.xml,def
RV2_PreyInMouthPurging.stages.1.description,*spits*,description,ThoughtDef/ThoughtDef.xml,def
RV2_PreyInMouthReshaping.stages.0.label,Reshaping prey from lip-flesh,label,ThoughtDef/ThoughtDef.xml,def
RV2_PreyInMouthReshaping.stages.0.description,I'll miss this juiciness...,description,ThoughtDef/ThoughtDef.xml,def
RV2_PreyInMouthReshaping.stages.1.label,Reshaping multiple prey from lip-flesh,label,ThoughtDef/ThoughtDef.xml,def
RV2_PreyInMouthReshaping.stages.1.description,Shriveling... shrinking...,description,ThoughtDef/ThoughtDef.xml,def
RV2_PreyInNavelContacting.stages.0.label,Prey contacting with belly,label,ThoughtDef/ThoughtDef.xml,def
RV2_PreyInNavelContacting.stages.0.description,Become part of my navel,description,ThoughtDef/ThoughtDef.xml,def
RV2_PreyInNavelAmalgamating.stages.0.label,One prey amalgamated into belly,label,ThoughtDef/ThoughtDef.xml,def
RV2_PreyInNavelAmalgamating.stages.0.description,Got a little pudge to slap!,description,ThoughtDef/ThoughtDef.xml,def
RV2_PreyInNavelAmalgamating.stages.1.label,Two prey amalgamated into belly,label,ThoughtDef/ThoughtDef.xml,def
RV2_PreyInNavelAmalgamating.stages.1.description,"I look pregnant, haha.",description,ThoughtDef/ThoughtDef.xml,def
RV2_PreyInNavelAmalgamating.stages.2.label,Three prey amalgamated into belly,label,ThoughtDef/ThoughtDef.xml,def
RV2_PreyInNavelAmalgamating.stages.2.description,I look heavily pregnant!,description,ThoughtDef/ThoughtDef.xml,def
RV2_PreyInNavelAmalgamating.stages.3.label,Several prey amalgamated into belly,label,ThoughtDef/ThoughtDef.xml,def
RV2_PreyInNavelAmalgamating.stages.3.description,I look positively overdue!,description,ThoughtDef/ThoughtDef.xml,def
RV2_PreyInNavelAssimilating.stages.0.label,Assimilating prey into belly,label,ThoughtDef/ThoughtDef.xml,def
RV2_PreyInNavelAssimilating.stages.0.description,Tubby.,description,ThoughtDef/ThoughtDef.xml,def
RV2_PreyInNavelAssimilating.stages.1.label,Assimilating two prey into belly,label,ThoughtDef/ThoughtDef.xml,def
RV2_PreyInNavelAssimilating.stages.1.description,Chubby.,description,ThoughtDef/ThoughtDef.xml,def
RV2_PreyInNavelAssimilating.stages.2.label,Assimilating three prey into belly,label,ThoughtDef/ThoughtDef.xml,def
RV2_PreyInNavelAssimilating.stages.2.description,Pudgy.,description,ThoughtDef/ThoughtDef.xml,def
RV2_PreyInNavelAssimilating.stages.3.label,Assimilating several prey into belly,label,ThoughtDef/ThoughtDef.xml,def
RV2_PreyInNavelAssimilating.stages.3.description,Chumby.,description,ThoughtDef/ThoughtDef.xml,def
RV2_PreyInNavelExiting.stages.0.label,Releasing prey from navel,label,ThoughtDef/ThoughtDef.xml,def
RV2_PreyInNavelExiting.stages.0.description,Out you go!,description,ThoughtDef/ThoughtDef.xml,def
RV2_PreyInNavelExiting.stages.1.label,Releasing multiple prey from navel,label,ThoughtDef/ThoughtDef.xml,def
RV2_PreyInNavelExiting.stages.1.description,Out y'all go!,description,ThoughtDef/ThoughtDef.xml,def
RV2_PreyInNavelLoosening.stages.0.label,Loosening up to absorb prey into lips,label,ThoughtDef/ThoughtDef.xml,def
RV2_PreyInNavelLoosening.stages.0.description,"Don't mind the warmth in my kiss, dear. That's just... my breath!",description,ThoughtDef/ThoughtDef.xml,def
RV2_PreyInNavelLoosening.stages.1.label,Loosening up to absorb multiple prey into lips,label,ThoughtDef/ThoughtDef.xml,def
RV2_PreyInNavelLoosening.stages.1.description,"Gettin' sloppy, huh?~",description,ThoughtDef/ThoughtDef.xml,def
RV2_PreyInNavelPassing.stages.0.label,Stuffing prey into navel,label,ThoughtDef/ThoughtDef.xml,def
RV2_PreyInNavelPassing.stages.0.description,In you go!,description,ThoughtDef/ThoughtDef.xml,def
RV2_PreyInNavelPassing.stages.1.label,Stuffing two prey into navel,label,ThoughtDef/ThoughtDef.xml,def
RV2_PreyInNavelPassing.stages.1.description,In y'all go!,description,ThoughtDef/ThoughtDef.xml,def
RV2_PreyInNavelPleasuring.stages.0.label,Pleasuring prey in navel,label,ThoughtDef/ThoughtDef.xml,def
RV2_PreyInNavelPleasuring.stages.0.description,You're really working the lint out!,description,ThoughtDef/ThoughtDef.xml,def
RV2_PreyInNavelPleasuring.stages.1.label,Pleasuring multiple prey in navel,label,ThoughtDef/ThoughtDef.xml,def
RV2_PreyInNavelPleasuring.stages.1.description,I didn't think I could even fit all of you.,description,ThoughtDef/ThoughtDef.xml,def
RV2_PreyInNavelPurging.stages.0.label,Digging remains out of navel,label,ThoughtDef/ThoughtDef.xml,def
RV2_PreyInNavelPurging.stages.0.description,"Lint, lint, more lint, and some personal effects...",description,ThoughtDef/ThoughtDef.xml,def
RV2_PreyInNavelPurging.stages.1.label,Digging multiple remains out of navel,label,ThoughtDef/ThoughtDef.xml,def
RV2_PreyInNavelPurging.stages.1.description,Crazy what people can lose in here...,description,ThoughtDef/ThoughtDef.xml,def
RV2_PreyInNavelReshaping.stages.0.label,Reshaping prey from belly-fat,label,ThoughtDef/ThoughtDef.xml,def
RV2_PreyInNavelReshaping.stages.0.description,I'll miss this pudge...,description,ThoughtDef/ThoughtDef.xml,def
RV2_PreyInNavelReshaping.stages.1.label,Reshaping multiple prey from belly-fat,label,ThoughtDef/ThoughtDef.xml,def
RV2_PreyInNavelReshaping.stages.1.description,Shriveling... shrinking...,description,ThoughtDef/ThoughtDef.xml,def
RV2_PreyInNavelStoring.stages.0.label,Prey stored in navel,label,ThoughtDef/ThoughtDef.xml,def
RV2_PreyInNavelStoring.stages.0.description,Don't get lost!,description,ThoughtDef/ThoughtDef.xml,def
RV2_PreyInNavelStoring.stages.1.label,Two prey stored in navel,label,ThoughtDef/ThoughtDef.xml,def
RV2_PreyInNavelStoring.stages.1.description,Don't get lost!,description,ThoughtDef/ThoughtDef.xml,def
RV2_PreyInNavelStoring.stages.2.label,Three prey stored in navel,label,ThoughtDef/ThoughtDef.xml,def
RV2_PreyInNavelStoring.stages.2.description,Don't get lost!,description,ThoughtDef/ThoughtDef.xml,def
RV2_PreyInNavelStoring.stages.3.label,Several prey stored in navel,label,ThoughtDef/ThoughtDef.xml,def
RV2_PreyInNavelStoring.stages.3.description,Don't get lost!,description,ThoughtDef/ThoughtDef.xml,def
RV2_PreyInNippleAmalgamating.stages.0.label,One prey amalgamated into nipple,label,ThoughtDef/ThoughtDef.xml,def
RV2_PreyInNippleAmalgamating.stages.0.description,Stiff and puffy...,description,ThoughtDef/ThoughtDef.xml,def
RV2_PreyInNippleAmalgamating.stages.1.label,Two prey amalgamated into nipples,label,ThoughtDef/ThoughtDef.xml,def
RV2_PreyInNippleAmalgamating.stages.1.description,Padding for each bud!,description,ThoughtDef/ThoughtDef.xml,def
RV2_PreyInNippleAmalgamating.stages.2.label,Three prey amalgamated into nipples,label,ThoughtDef/ThoughtDef.xml,def
RV2_PreyInNippleAmalgamating.stages.2.description,You're gonna make my nips so big and firm!,description,ThoughtDef/ThoughtDef.xml,def
RV2_PreyInNippleAmalgamating.stages.3.label,Several prey amalgamated into nipples,label,ThoughtDef/ThoughtDef.xml,def
RV2_PreyInNippleAmalgamating.stages.3.description,"So tender, so perky!~",description,ThoughtDef/ThoughtDef.xml,def
RV2_PreyInNippleAssimilating.stages.0.label,Assimilating prey into nipple,label,ThoughtDef/ThoughtDef.xml,def
RV2_PreyInNippleAssimilating.stages.0.description,Stiff and puffy...,description,ThoughtDef/ThoughtDef.xml,def
RV2_PreyInNippleAssimilating.stages.1.label,Assimilating two prey into nipples,label,ThoughtDef/ThoughtDef.xml,def
RV2_PreyInNippleAssimilating.stages.1.description,Padding for each bud!,description,ThoughtDef/ThoughtDef.xml,def
RV2_PreyInNippleAssimilating.stages.2.label,Assimilating three prey into nipples,label,ThoughtDef/ThoughtDef.xml,def
RV2_PreyInNippleAssimilating.stages.2.description,Enjoy being suckled and milked...~,description,ThoughtDef/ThoughtDef.xml,def
RV2_PreyInNippleAssimilating.stages.3.label,Assimilating several prey into nipples,label,ThoughtDef/ThoughtDef.xml,def
RV2_PreyInNippleAssimilating.stages.3.description,Anyone else wanna give 'em a tweak?,description,ThoughtDef/ThoughtDef.xml,def
RV2_PreyInNippleContacting.stages.0.label,Pre-absorption nipple pleasure,label,ThoughtDef/ThoughtDef.xml,def
RV2_PreyInNippleContacting.stages.0.description,Who says I can't play with my nip-puffers before I absorb them?,description,ThoughtDef/ThoughtDef.xml,def
RV2_PreyInNippleContacting.stages.1.label,Pre-absorption nipple pleasure,label,ThoughtDef/ThoughtDef.xml,def
RV2_PreyInNippleContacting.stages.1.description,Perfect! At least one mouth on each tit!,description,ThoughtDef/ThoughtDef.xml,def
RV2_PreyInNippleLoosening.stages.0.label,Loosening up to absorb prey into nipple,label,ThoughtDef/ThoughtDef.xml,def
RV2_PreyInNippleLoosening.stages.0.description,The milk's coming; just keep sucking!,description,ThoughtDef/ThoughtDef.xml,def
RV2_PreyInNippleLoosening.stages.1.label,Loosening up to absorb multiple prey into nipples,label,ThoughtDef/ThoughtDef.xml,def
RV2_PreyInNippleLoosening.stages.1.description,"Greedy drinkers, aren't you?",description,ThoughtDef/ThoughtDef.xml,def
RV2_PreyInNipplePurging.stages.0.label,Pressing remains out of nipple,label,ThoughtDef/ThoughtDef.xml,def
RV2_PreyInNipplePurging.stages.0.description,Gotta work the air out!,description,ThoughtDef/ThoughtDef.xml,def
RV2_PreyInNipplePurging.stages.1.label,Pressing multiple remains out of nipples,label,ThoughtDef/ThoughtDef.xml,def
RV2_PreyInNipplePurging.stages.1.description,I might actually start lactating for real if I keep this up...~,description,ThoughtDef/ThoughtDef.xml,def
RV2_PreyInNippleReshaping.stages.0.label,Reshaping prey from nipple,label,ThoughtDef/ThoughtDef.xml,def
RV2_PreyInNippleReshaping.stages.0.description,I'll miss this perkiness...,description,ThoughtDef/ThoughtDef.xml,def
RV2_PreyInNippleReshaping.stages.1.label,Reshaping multiple prey from nipples,label,ThoughtDef/ThoughtDef.xml,def
RV2_PreyInNippleReshaping.stages.1.description,Shriveling... shrinking...,description,ThoughtDef/ThoughtDef.xml,def
RV2_PreyInOvaryConvertingEggs.stages.0.label,Ovifying prey in ovary,label,ThoughtDef/ThoughtDef.xml,def
RV2_PreyInOvaryConvertingEggs.stages.0.description,I already feel more fertile... I think. Certainly randier!,description,ThoughtDef/ThoughtDef.xml,def
RV2_PreyInOvaryConvertingEggs.stages.1.label,Ovifying two prey in ovaries,label,ThoughtDef/ThoughtDef.xml,def
RV2_PreyInOvaryConvertingEggs.stages.1.description,All these eggs...~,description,ThoughtDef/ThoughtDef.xml,def
RV2_PreyInOvaryConvertingEggs.stages.2.label,Ovifying three prey in ovaries,label,ThoughtDef/ThoughtDef.xml,def
RV2_PreyInOvaryConvertingEggs.stages.2.description,"I look pregnant--er, eggnant--already!",description,ThoughtDef/ThoughtDef.xml,def
RV2_PreyInOvaryConvertingEggs.stages.3.label,Ovifying several prey in ovaries,label,ThoughtDef/ThoughtDef.xml,def
RV2_PreyInOvaryConvertingEggs.stages.3.description,OH MERCY CAN SOMEONE PLEASE BREED ME ALREADY?!,description,ThoughtDef/ThoughtDef.xml,def
RV2_PreyInOvaryDissolvingEggs.stages.0.label,Dissolving live prey into eggs,label,ThoughtDef/ThoughtDef.xml,def
RV2_PreyInOvaryDissolvingEggs.stages.0.description,At least you'll be making new life!,description,ThoughtDef/ThoughtDef.xml,def
RV2_PreyInOvaryDissolvingEggs.stages.1.label,Dissolving two live prey into eggs,label,ThoughtDef/ThoughtDef.xml,def
RV2_PreyInOvaryDissolvingEggs.stages.1.description,One in each horn! Symmetry!,description,ThoughtDef/ThoughtDef.xml,def
RV2_PreyInOvaryDissolvingEggs.stages.2.label,Dissolving three live prey into eggs,label,ThoughtDef/ThoughtDef.xml,def
RV2_PreyInOvaryDissolvingEggs.stages.2.description,"How many eggs will you all make, I wonder?",description,ThoughtDef/ThoughtDef.xml,def
RV2_PreyInOvaryDissolvingEggs.stages.3.label,Dissolving several live prey into eggs,label,ThoughtDef/ThoughtDef.xml,def
RV2_PreyInOvaryDissolvingEggs.stages.3.description,"I think I'm in for a fun time, once you're all eggified.~",description,ThoughtDef/ThoughtDef.xml,def
RV2_PreyInOvaryMushingEggs.stages.0.label,Breaking down prey into eggs,label,ThoughtDef/ThoughtDef.xml,def
RV2_PreyInOvaryMushingEggs.stages.0.description,"You've accepted your fate, then?",description,ThoughtDef/ThoughtDef.xml,def
RV2_PreyInOvaryMushingEggs.stages.1.label,Breaking down two prey into eggs,label,ThoughtDef/ThoughtDef.xml,def
RV2_PreyInOvaryMushingEggs.stages.1.description,You two will be put to good use!~,description,ThoughtDef/ThoughtDef.xml,def
RV2_PreyInOvaryMushingEggs.stages.2.label,Breaking down three prey into eggs,label,ThoughtDef/ThoughtDef.xml,def
RV2_PreyInOvaryMushingEggs.stages.2.description,"Gonna need to schedule some dicking-down, and soon!~",description,ThoughtDef/ThoughtDef.xml,def
RV2_PreyInOvaryMushingEggs.stages.3.label,Breaking down several prey into eggs,label,ThoughtDef/ThoughtDef.xml,def
RV2_PreyInOvaryMushingEggs.stages.3.description,"After life, death; after death, life again.~",description,ThoughtDef/ThoughtDef.xml,def
RV2_PreyInOvaryWarming.stages.0.label,Warming up ovary for prey,label,ThoughtDef/ThoughtDef.xml,def
RV2_PreyInOvaryWarming.stages.0.description,"Oh, the plans I have for you!",description,ThoughtDef/ThoughtDef.xml,def
RV2_PreyInOvaryWarming.stages.1.label,Warming up ovary for multiple prey,label,ThoughtDef/ThoughtDef.xml,def
RV2_PreyInOvaryWarming.stages.1.description,"Oh, the plans I have for you!",description,ThoughtDef/ThoughtDef.xml,def
RV2_PreyInTailmawExiting.stages.0.label,Spitting prey out of tailmaw,label,ThoughtDef/ThoughtDef.xml,def
RV2_PreyInTailmawExiting.stages.0.description,Dinner's coming back up... At least it's not out my main mouth.,description,ThoughtDef/ThoughtDef.xml,def
RV2_PreyInTailmawExiting.stages.1.label,Spitting multiple prey out of tailmaw,label,ThoughtDef/ThoughtDef.xml,def
RV2_PreyInTailmawExiting.stages.1.description,Really straining my tail-lips here...,description,ThoughtDef/ThoughtDef.xml,def
RV2_PreyInTailmawPassing.stages.0.label,Swallowing prey with tail,label,ThoughtDef/ThoughtDef.xml,def
RV2_PreyInTailmawPassing.stages.0.description,Bottom's up!,description,ThoughtDef/ThoughtDef.xml,def
RV2_PreyInTailmawPassing.stages.1.label,Swallowing several prey with tail,label,ThoughtDef/ThoughtDef.xml,def
RV2_PreyInTailmawPassing.stages.1.description,"Come on, get in there!",description,ThoughtDef/ThoughtDef.xml,def
RV2_PreyInTailmawPleasuring.stages.0.label,Pleasuring prey in tailmaw,label,ThoughtDef/ThoughtDef.xml,def
RV2_PreyInTailmawPleasuring.stages.0.description,"It may not be a true mouth, but it can still explore all your private places!~",description,ThoughtDef/ThoughtDef.xml,def
RV2_PreyInTailmawPleasuring.stages.1.label,Pleasuring multiple prey in tailmaw,label,ThoughtDef/ThoughtDef.xml,def
RV2_PreyInTailmawPleasuring.stages.1.description,Two at once? All the tastier.,description,ThoughtDef/ThoughtDef.xml,def
RV2_PreyInTailThroatPassing.stages.0.label,Prey in tail-throat,label,ThoughtDef/ThoughtDef.xml,def
RV2_PreyInTailThroatPassing.stages.0.description,Something to grind on while I wait for you to go down...~,description,ThoughtDef/ThoughtDef.xml,def
RV2_PreyInTailThroatPassing.stages.1.label,Multiple prey in tail-throat,label,ThoughtDef/ThoughtDef.xml,def
RV2_PreyInTailThroatPassing.stages.1.description,Any more and I might have to start dragging my tail on the ground...~,description,ThoughtDef/ThoughtDef.xml,def
RV2_PreyInTailThroatPleasuring.stages.0.label,Pleasuring prey in tail-throat,label,ThoughtDef/ThoughtDef.xml,def
RV2_PreyInTailThroatPleasuring.stages.0.description,How close can I pull you to my stomach without taking you all the way in?~,description,ThoughtDef/ThoughtDef.xml,def
RV2_PreyInTailThroatPleasuring.stages.1.label,Pleasuring multiple prey in tail-throat,label,ThoughtDef/ThoughtDef.xml,def
RV2_PreyInTailThroatPleasuring.stages.1.description,I can barely keep my tail straight with all this rocking around!,description,ThoughtDef/ThoughtDef.xml,def
RV2_PreyInTailThroatStoring.stages.0.label,Prey stored in tail-throat,label,ThoughtDef/ThoughtDef.xml,def
RV2_PreyInTailThroatStoring.stages.0.description,A counterbalance!,description,ThoughtDef/ThoughtDef.xml,def
RV2_PreyInTailThroatStoring.stages.1.label,Two prey stored in tail-throat,label,ThoughtDef/ThoughtDef.xml,def
RV2_PreyInTailThroatStoring.stages.1.description,Look at that--my tail has an elbow now!,description,ThoughtDef/ThoughtDef.xml,def
RV2_PreyInTailThroatStoring.stages.2.label,Three prey stored in tail-throat,label,ThoughtDef/ThoughtDef.xml,def
RV2_PreyInTailThroatStoring.stages.2.description,I can't even curl my tail anymore!,description,ThoughtDef/ThoughtDef.xml,def
RV2_PreyInTailThroatStoring.stages.3.label,Several prey stored in tail-throat,label,ThoughtDef/ThoughtDef.xml,def
RV2_PreyInTailThroatStoring.stages.3.description,I could knock a building over with my tail!,description,ThoughtDef/ThoughtDef.xml,def
RV2_PreyInTesticlesConvertingChemfuel.stages.0.label,Olifying prey in balls,label,ThoughtDef/ThoughtDef.xml,def
RV2_PreyInTesticlesConvertingChemfuel.stages.0.description,There's that groovy burn in my balls!,description,ThoughtDef/ThoughtDef.xml,def
RV2_PreyInTesticlesConvertingChemfuel.stages.1.label,Olifying two prey in balls,label,ThoughtDef/ThoughtDef.xml,def
RV2_PreyInTesticlesConvertingChemfuel.stages.1.description,This is way better than milking boomalopes all day!,description,ThoughtDef/ThoughtDef.xml,def
RV2_PreyInTesticlesConvertingChemfuel.stages.2.label,Olifying three prey in balls,label,ThoughtDef/ThoughtDef.xml,def
RV2_PreyInTesticlesConvertingChemfuel.stages.2.description,Maybe I should get some fire and put on a show...~,description,ThoughtDef/ThoughtDef.xml,def
RV2_PreyInTesticlesConvertingChemfuel.stages.3.label,Olifying several prey in balls,label,ThoughtDef/ThoughtDef.xml,def
RV2_PreyInTesticlesConvertingChemfuel.stages.3.description,Now which generator should I fuck first?,description,ThoughtDef/ThoughtDef.xml,def
RV2_PreyInTesticlesDissolvingChemfuel.stages.0.label,Dissolving live prey into chem-cum,label,ThoughtDef/ThoughtDef.xml,def
RV2_PreyInTesticlesDissolvingChemfuel.stages.0.description,What's the matter? Can't stay upright in there?,description,ThoughtDef/ThoughtDef.xml,def
RV2_PreyInTesticlesDissolvingChemfuel.stages.1.label,Dissolving two live prey into chem-cum,label,ThoughtDef/ThoughtDef.xml,def
RV2_PreyInTesticlesDissolvingChemfuel.stages.1.description,Keep thrashing. It's way too slick in there to climb even an inch.,description,ThoughtDef/ThoughtDef.xml,def
RV2_PreyInTesticlesDissolvingChemfuel.stages.2.label,Dissolving three live prey into chem-cum,label,ThoughtDef/ThoughtDef.xml,def
RV2_PreyInTesticlesDissolvingChemfuel.stages.2.description,"You're all more useful this way, I promise!",description,ThoughtDef/ThoughtDef.xml,def
RV2_PreyInTesticlesDissolvingChemfuel.stages.3.label,Dissolving several live prey into chem-cum,label,ThoughtDef/ThoughtDef.xml,def
RV2_PreyInTesticlesDissolvingChemfuel.stages.3.description,Was that a lighter? Cute. It's too wet in there to light me up.~,description,ThoughtDef/ThoughtDef.xml,def
RV2_PreyInTesticlesMushingChemfuel.stages.0.label,Breaking down prey into chem-cum,label,ThoughtDef/ThoughtDef.xml,def
RV2_PreyInTesticlesMushingChemfuel.stages.0.description,The struggle's stopped.,description,ThoughtDef/ThoughtDef.xml,def
RV2_PreyInTesticlesMushingChemfuel.stages.1.label,Breaking down two prey into chem-cum,label,ThoughtDef/ThoughtDef.xml,def
RV2_PreyInTesticlesMushingChemfuel.stages.1.description,They've started softening.,description,ThoughtDef/ThoughtDef.xml,def
RV2_PreyInTesticlesMushingChemfuel.stages.2.label,Breaking down three prey into chem-cum,label,ThoughtDef/ThoughtDef.xml,def
RV2_PreyInTesticlesMushingChemfuel.stages.2.description,"Oh, my loins are heating up now!",description,ThoughtDef/ThoughtDef.xml,def
RV2_PreyInTesticlesMushingChemfuel.stages.3.label,Breaking down several prey into chem-cum,label,ThoughtDef/ThoughtDef.xml,def
RV2_PreyInTesticlesMushingChemfuel.stages.3.description,"Come on, finish mushing!",description,ThoughtDef/ThoughtDef.xml,def
RV2_PreyInUdderConvertingChemfuel.stages.0.label,Olifying prey in udder,label,ThoughtDef/ThoughtDef.xml,def
RV2_PreyInUdderConvertingChemfuel.stages.0.description,Is this gentle burn what boomalopes feel? It's like they slurped down some mild peppers...,description,ThoughtDef/ThoughtDef.xml,def
RV2_PreyInUdderConvertingChemfuel.stages.1.label,Olifying two prey in udder,label,ThoughtDef/ThoughtDef.xml,def
RV2_PreyInUdderConvertingChemfuel.stages.1.description,"Woof, that's some heat!",description,ThoughtDef/ThoughtDef.xml,def
RV2_PreyInUdderConvertingChemfuel.stages.2.label,Olifying three prey in udder,label,ThoughtDef/ThoughtDef.xml,def
RV2_PreyInUdderConvertingChemfuel.stages.2.description,Hell--oh hell! This has to be way better than being a boomalope!,description,ThoughtDef/ThoughtDef.xml,def
RV2_PreyInUdderConvertingChemfuel.stages.3.label,Olifying several prey in udder,label,ThoughtDef/ThoughtDef.xml,def
RV2_PreyInUdderConvertingChemfuel.stages.3.description,"Oh, baby, I'm burning so good! This oughta keep the generators burning for weeks!",description,ThoughtDef/ThoughtDef.xml,def
RV2_PreyInUdderConvertingMilk.stages.0.label,Lactifying prey in udder,label,ThoughtDef/ThoughtDef.xml,def
RV2_PreyInUdderConvertingMilk.stages.0.description,There's that gentle tingle I love...~,description,ThoughtDef/ThoughtDef.xml,def
RV2_PreyInUdderConvertingMilk.stages.1.label,Lactifying two prey in udder,label,ThoughtDef/ThoughtDef.xml,def
RV2_PreyInUdderConvertingMilk.stages.1.description,"Mmh, I can't wait to have a taste!",description,ThoughtDef/ThoughtDef.xml,def
RV2_PreyInUdderConvertingMilk.stages.2.label,Lactifying three prey in udder,label,ThoughtDef/ThoughtDef.xml,def
RV2_PreyInUdderConvertingMilk.stages.2.description,I bet cows are envious of me!,description,ThoughtDef/ThoughtDef.xml,def
RV2_PreyInUdderConvertingMilk.stages.3.label,Lactifying several prey in udder,label,ThoughtDef/ThoughtDef.xml,def
RV2_PreyInUdderConvertingMilk.stages.3.description,I'll have enough to feed the colony for days... Or just myself.~,description,ThoughtDef/ThoughtDef.xml,def
RV2_PreyInUdderDissolvingChemfuel.stages.0.label,Dissolving live prey into chem-milk,label,ThoughtDef/ThoughtDef.xml,def
RV2_PreyInUdderDissolvingChemfuel.stages.0.description,"Pretty slippery in there, isn't it? Can't keep upright?",description,ThoughtDef/ThoughtDef.xml,def
RV2_PreyInUdderDissolvingChemfuel.stages.1.label,Dissolving two live prey into chem-milk,label,ThoughtDef/ThoughtDef.xml,def
RV2_PreyInUdderDissolvingChemfuel.stages.1.description,"Don't worry, you two won't slide out.",description,ThoughtDef/ThoughtDef.xml,def
RV2_PreyInUdderDissolvingChemfuel.stages.2.label,Dissolving three live prey into chem-milk,label,ThoughtDef/ThoughtDef.xml,def
RV2_PreyInUdderDissolvingChemfuel.stages.2.description,Starting to get tight enough y'all don't slide around.,description,ThoughtDef/ThoughtDef.xml,def
RV2_PreyInUdderDissolvingChemfuel.stages.3.label,Dissolving several live prey into chem-milk,label,ThoughtDef/ThoughtDef.xml,def
RV2_PreyInUdderDissolvingChemfuel.stages.3.description,Think how much more valuable you'll all be as oil!,description,ThoughtDef/ThoughtDef.xml,def
RV2_PreyInUdderDissolvingMilk.stages.0.label,Dissolving live prey into milk,label,ThoughtDef/ThoughtDef.xml,def
RV2_PreyInUdderDissolvingMilk.stages.0.description,Ever wanted to nurture something to the fullest?,description,ThoughtDef/ThoughtDef.xml,def
RV2_PreyInUdderDissolvingMilk.stages.1.label,Dissolving two live prey into milk,label,ThoughtDef/ThoughtDef.xml,def
RV2_PreyInUdderDissolvingMilk.stages.1.description,You two'll just be milk flowing from my taps here soon.,description,ThoughtDef/ThoughtDef.xml,def
RV2_PreyInUdderDissolvingMilk.stages.2.label,Dissolving three live prey into milk,label,ThoughtDef/ThoughtDef.xml,def
RV2_PreyInUdderDissolvingMilk.stages.2.description,You think I can't handle a little thrashing in my dugs?,description,ThoughtDef/ThoughtDef.xml,def
RV2_PreyInUdderDissolvingMilk.stages.3.label,Dissolving several live prey into milk,label,ThoughtDef/ThoughtDef.xml,def
RV2_PreyInUdderDissolvingMilk.stages.3.description,I hope we can drink all of y'all before you spoil!,description,ThoughtDef/ThoughtDef.xml,def
RV2_PreyInUdderMushingChemfuel.stages.0.label,Breaking down prey into chem-milk,label,ThoughtDef/ThoughtDef.xml,def
RV2_PreyInUdderMushingChemfuel.stages.0.description,Stopped trying to fight the slickness already?,description,ThoughtDef/ThoughtDef.xml,def
RV2_PreyInUdderMushingChemfuel.stages.1.label,Breaking down two prey into chem-milk,label,ThoughtDef/ThoughtDef.xml,def
RV2_PreyInUdderMushingChemfuel.stages.1.description,"Jellified already? Just gotta thin you down, then.",description,ThoughtDef/ThoughtDef.xml,def
RV2_PreyInUdderMushingChemfuel.stages.2.label,Breaking down three prey into chem-milk,label,ThoughtDef/ThoughtDef.xml,def
RV2_PreyInUdderMushingChemfuel.stages.2.description,Starting to feel a bit of that gentle burn now...,description,ThoughtDef/ThoughtDef.xml,def
RV2_PreyInUdderMushingChemfuel.stages.3.label,Breaking down several prey into chem-milk,label,ThoughtDef/ThoughtDef.xml,def
RV2_PreyInUdderMushingChemfuel.stages.3.description,"Oh yeah, here comes the burn, real soon!",description,ThoughtDef/ThoughtDef.xml,def
RV2_PreyInUdderMushingMilk.stages.0.label,Breaking down prey into milk,label,ThoughtDef/ThoughtDef.xml,def
RV2_PreyInUdderMushingMilk.stages.0.description,Gone soft already?,description,ThoughtDef/ThoughtDef.xml,def
RV2_PreyInUdderMushingMilk.stages.1.label,Breaking down two prey into milk,label,ThoughtDef/ThoughtDef.xml,def
RV2_PreyInUdderMushingMilk.stages.1.description,Back to the old jiggle-and-wobble.,description,ThoughtDef/ThoughtDef.xml,def
RV2_PreyInUdderMushingMilk.stages.2.label,Breaking down three prey into milk,label,ThoughtDef/ThoughtDef.xml,def
RV2_PreyInUdderMushingMilk.stages.2.description,Looks like my milkbag's rounding out...,description,ThoughtDef/ThoughtDef.xml,def
RV2_PreyInUdderMushingMilk.stages.3.label,Breaking down several prey into milk,label,ThoughtDef/ThoughtDef.xml,def
RV2_PreyInUdderMushingMilk.stages.3.description,I can already feel that familiar tingle!,description,ThoughtDef/ThoughtDef.xml,def
RV2_PreyInUdderPleasuring.stages.0.label,Pleasuring prey in udder,label,ThoughtDef/ThoughtDef.xml,def
RV2_PreyInUdderPleasuring.stages.0.description,Don't stop...,description,ThoughtDef/ThoughtDef.xml,def
RV2_PreyInUdderPleasuring.stages.1.label,Pleasuring two prey in udder,label,ThoughtDef/ThoughtDef.xml,def
RV2_PreyInUdderPleasuring.stages.1.description,"Keep going, both of you...!",description,ThoughtDef/ThoughtDef.xml,def
RV2_PreyInUdderPleasuring.stages.2.label,Pleasuring three prey in udder,label,ThoughtDef/ThoughtDef.xml,def
RV2_PreyInUdderPleasuring.stages.2.description,Three... all at once!,description,ThoughtDef/ThoughtDef.xml,def
RV2_PreyInUdderPleasuring.stages.3.label,Pleasuring several prey in udder,label,ThoughtDef/ThoughtDef.xml,def
RV2_PreyInUdderPleasuring.stages.3.description,I'M GONNA--,description,ThoughtDef/ThoughtDef.xml,def
RV2_PreyInUdderStoring.stages.0.label,Prey stored in udder,label,ThoughtDef/ThoughtDef.xml,def
RV2_PreyInUdderStoring.stages.0.description,My udder's laden. I'd be unbalanced if they were in my tits!,description,ThoughtDef/ThoughtDef.xml,def
RV2_PreyInUdderStoring.stages.1.label,Two prey stored in udder,label,ThoughtDef/ThoughtDef.xml,def
RV2_PreyInUdderStoring.stages.1.description,I'm not even close to having all my teats plugged!,description,ThoughtDef/ThoughtDef.xml,def
RV2_PreyInUdderStoring.stages.2.label,Three prey stored in udder,label,ThoughtDef/ThoughtDef.xml,def
RV2_PreyInUdderStoring.stages.2.description,Three vacancies filled!,description,ThoughtDef/ThoughtDef.xml,def
RV2_PreyInUdderStoring.stages.3.label,Several prey stored in udder,label,ThoughtDef/ThoughtDef.xml,def
RV2_PreyInUdderStoring.stages.3.description,"Is that all of my teats plugged up now? Eh, might as well make sure.",description,ThoughtDef/ThoughtDef.xml,def
RV2_PreyInUdderWarming.stages.0.label,Warming up udder for prey,label,ThoughtDef/ThoughtDef.xml,def
RV2_PreyInUdderWarming.stages.0.description,"Oh, the plans I have for you!",description,ThoughtDef/ThoughtDef.xml,def
RV2_PreyInUdderWarming.stages.1.label,Warming up udder for multiple prey,label,ThoughtDef/ThoughtDef.xml,def
RV2_PreyInUdderWarming.stages.1.description,"Oh, the plans I have for you!",description,ThoughtDef/ThoughtDef.xml,def
RV2_PreyInUdderNippleAmalgamating.stages.0.label,One prey amalgamated into teat,label,ThoughtDef/ThoughtDef.xml,def
RV2_PreyInUdderNippleAmalgamating.stages.0.description,Stiff and puffy...,description,ThoughtDef/ThoughtDef.xml,def
RV2_PreyInUdderNippleAmalgamating.stages.1.label,Two prey amalgamated into teats,label,ThoughtDef/ThoughtDef.xml,def
RV2_PreyInUdderNippleAmalgamating.stages.1.description,It's a start!,description,ThoughtDef/ThoughtDef.xml,def
RV2_PreyInUdderNippleAmalgamating.stages.2.label,Three prey amalgamated into teats,label,ThoughtDef/ThoughtDef.xml,def
RV2_PreyInUdderNippleAmalgamating.stages.2.description,You're gonna make my teats so big and firm!,description,ThoughtDef/ThoughtDef.xml,def
RV2_PreyInUdderNippleAmalgamating.stages.3.label,Several prey amalgamated into teats,label,ThoughtDef/ThoughtDef.xml,def
RV2_PreyInUdderNippleAmalgamating.stages.3.description,"So tender, so perky!~",description,ThoughtDef/ThoughtDef.xml,def
RV2_PreyInUdderNippleAssimilating.stages.0.label,Assimilating prey into teat,label,ThoughtDef/ThoughtDef.xml,def
RV2_PreyInUdderNippleAssimilating.stages.0.description,Stiff and puffy...,description,ThoughtDef/ThoughtDef.xml,def
RV2_PreyInUdderNippleAssimilating.stages.1.label,Assimilating two prey into teats,label,ThoughtDef/ThoughtDef.xml,def
RV2_PreyInUdderNippleAssimilating.stages.1.description,It's a start!,description,ThoughtDef/ThoughtDef.xml,def
RV2_PreyInUdderNippleAssimilating.stages.2.label,Assimilating three prey into teats,label,ThoughtDef/ThoughtDef.xml,def
RV2_PreyInUdderNippleAssimilating.stages.2.description,Enjoy being suckled and milked...~,description,ThoughtDef/ThoughtDef.xml,def
RV2_PreyInUdderNippleAssimilating.stages.3.label,Assimilating several prey into teats,label,ThoughtDef/ThoughtDef.xml,def
RV2_PreyInUdderNippleAssimilating.stages.3.description,Anyone else wanna give 'em a tweak?,description,ThoughtDef/ThoughtDef.xml,def
RV2_PreyInUdderNippleContacting.stages.0.label,Pre-absorption teat pleasure,label,ThoughtDef/ThoughtDef.xml,def
RV2_PreyInUdderNippleContacting.stages.0.description,Who says I can't play with my teat-puffers before I absorb them?,description,ThoughtDef/ThoughtDef.xml,def
RV2_PreyInUdderNippleContacting.stages.1.label,Pre-absorption teat pleasure,label,ThoughtDef/ThoughtDef.xml,def
RV2_PreyInUdderNippleContacting.stages.1.description,"That's it! More than one sucker--er, suckler: that's what udders are for!",description,ThoughtDef/ThoughtDef.xml,def
RV2_PreyInUdderNippleDumping.stages.0.label,Milking out remains,label,ThoughtDef/ThoughtDef.xml,def
RV2_PreyInUdderNippleDumping.stages.0.description,Anyone care for a drink?,description,ThoughtDef/ThoughtDef.xml,def
RV2_PreyInUdderNippleDumping.stages.1.label,Milking out two remains,label,ThoughtDef/ThoughtDef.xml,def
RV2_PreyInUdderNippleDumping.stages.1.description,Anyone care for a drink?,description,ThoughtDef/ThoughtDef.xml,def
RV2_PreyInUdderNippleDumping.stages.2.label,Milking out multiple remains,label,ThoughtDef/ThoughtDef.xml,def
RV2_PreyInUdderNippleDumping.stages.2.description,I don't know if I'll ever stop leaking after this...,description,ThoughtDef/ThoughtDef.xml,def
RV2_PreyInUdderNippleExiting.stages.0.label,Releasing prey from teat,label,ThoughtDef/ThoughtDef.xml,def
RV2_PreyInUdderNippleExiting.stages.0.description,Enjoy your bath? I did!,description,ThoughtDef/ThoughtDef.xml,def
RV2_PreyInUdderNippleExiting.stages.1.label,Releasing two prey from teats,label,ThoughtDef/ThoughtDef.xml,def
RV2_PreyInUdderNippleExiting.stages.1.description,Taking out the udder-draggers...,description,ThoughtDef/ThoughtDef.xml,def
RV2_PreyInUdderNippleExiting.stages.2.label,Releasing several prey from teats,label,ThoughtDef/ThoughtDef.xml,def
RV2_PreyInUdderNippleExiting.stages.2.description,I don't know if I'll ever stop leaking after this...,description,ThoughtDef/ThoughtDef.xml,def
RV2_PreyInUdderNippleLoosening.stages.0.label,Loosening up to absorb prey into teat,label,ThoughtDef/ThoughtDef.xml,def
RV2_PreyInUdderNippleLoosening.stages.0.description,The milk's coming; just keep sucking!,description,ThoughtDef/ThoughtDef.xml,def
RV2_PreyInUdderNippleLoosening.stages.1.label,Loosening up to absorb multiple prey into teats,label,ThoughtDef/ThoughtDef.xml,def
RV2_PreyInUdderNippleLoosening.stages.1.description,"Greedy drinkers, aren't you?",description,ThoughtDef/ThoughtDef.xml,def
RV2_PreyInUdderNipplePassing.stages.0.label,Unnursing prey,label,ThoughtDef/ThoughtDef.xml,def
RV2_PreyInUdderNipplePassing.stages.0.description,Drink up!,description,ThoughtDef/ThoughtDef.xml,def
RV2_PreyInUdderNipplePassing.stages.1.label,Unnursing several prey,label,ThoughtDef/ThoughtDef.xml,def
RV2_PreyInUdderNipplePassing.stages.1.description,One per teat! Please!~,description,ThoughtDef/ThoughtDef.xml,def
RV2_PreyInUdderNipplePleasuring.stages.0.label,Pleasuring teat with prey,label,ThoughtDef/ThoughtDef.xml,def
RV2_PreyInUdderNipplePleasuring.stages.0.description,"Oh, that tingles!",description,ThoughtDef/ThoughtDef.xml,def
RV2_PreyInUdderNipplePleasuring.stages.1.label,Pleasuring teat with multiple prey,label,ThoughtDef/ThoughtDef.xml,def
RV2_PreyInUdderNipplePleasuring.stages.1.description,I only have so many hands! I can't keep up!,description,ThoughtDef/ThoughtDef.xml,def
RV2_PreyInUdderNipplePurging.stages.0.label,Pressing remains out of teat,label,ThoughtDef/ThoughtDef.xml,def
RV2_PreyInUdderNipplePurging.stages.0.description,Gotta work the air out!,description,ThoughtDef/ThoughtDef.xml,def
RV2_PreyInUdderNipplePurging.stages.1.label,Pressing multiple remains out of teats,label,ThoughtDef/ThoughtDef.xml,def
RV2_PreyInUdderNipplePurging.stages.1.description,I might actually start lactating for real if I keep this up...~,description,ThoughtDef/ThoughtDef.xml,def
RV2_PreyInUdderNippleReshaping.stages.0.label,Reshaping prey from teat,label,ThoughtDef/ThoughtDef.xml,def
RV2_PreyInUdderNippleReshaping.stages.0.description,I'll miss this perkiness...,description,ThoughtDef/ThoughtDef.xml,def
RV2_PreyInUdderNippleReshaping.stages.1.label,Reshaping multiple prey from teats,label,ThoughtDef/ThoughtDef.xml,def
RV2_PreyInUdderNippleReshaping.stages.1.description,Shriveling... shrinking...,description,ThoughtDef/ThoughtDef.xml,def
RV2_PreyInVaginaAmalgamating.stages.0.label,One prey amalgamated into labia,label,ThoughtDef/ThoughtDef.xml,def
RV2_PreyInVaginaAmalgamating.stages.0.description,"Puffier, tighter... and so much more sensitive.~",description,ThoughtDef/ThoughtDef.xml,def
RV2_PreyInVaginaAmalgamating.stages.1.label,Two prey amalgamated into labia,label,ThoughtDef/ThoughtDef.xml,def
RV2_PreyInVaginaAmalgamating.stages.1.description,One for each lip!,description,ThoughtDef/ThoughtDef.xml,def
RV2_PreyInVaginaAmalgamating.stages.2.label,Three prey amalgamated into labia,label,ThoughtDef/ThoughtDef.xml,def
RV2_PreyInVaginaAmalgamating.stages.2.description,"One on the left, one on the right, one on the buzzer.",description,ThoughtDef/ThoughtDef.xml,def
RV2_PreyInVaginaAmalgamating.stages.3.label,Several prey amalgamated into labia,label,ThoughtDef/ThoughtDef.xml,def
RV2_PreyInVaginaAmalgamating.stages.3.description,How many more can I line my box with?~,description,ThoughtDef/ThoughtDef.xml,def
RV2_PreyInVaginaAssimilating.stages.0.label,Assimilating prey into teat,label,ThoughtDef/ThoughtDef.xml,def
RV2_PreyInVaginaAssimilating.stages.0.description,Enjoy getting pounded!,description,ThoughtDef/ThoughtDef.xml,def
RV2_PreyInVaginaAssimilating.stages.1.label,Assimilating two prey into teats,label,ThoughtDef/ThoughtDef.xml,def
RV2_PreyInVaginaAssimilating.stages.1.description,One for each lip!,description,ThoughtDef/ThoughtDef.xml,def
RV2_PreyInVaginaAssimilating.stages.2.label,Assimilating three prey into teats,label,ThoughtDef/ThoughtDef.xml,def
RV2_PreyInVaginaAssimilating.stages.2.description,"One on the left, one on the right, one on the buzzer.",description,ThoughtDef/ThoughtDef.xml,def
RV2_PreyInVaginaAssimilating.stages.3.label,Assimilating several prey into teats,label,ThoughtDef/ThoughtDef.xml,def
RV2_PreyInVaginaAssimilating.stages.3.description,I'm *drooling* at the thought of more...~,description,ThoughtDef/ThoughtDef.xml,def
RV2_PreyInVaginaContacting.stages.0.label,Pre-absorption vaginal pleasure,label,ThoughtDef/ThoughtDef.xml,def
RV2_PreyInVaginaContacting.stages.0.description,Who says I can't play with my pussy-puffers before I absorb them?,description,ThoughtDef/ThoughtDef.xml,def
RV2_PreyInVaginaContacting.stages.1.label,Pre-absorption vaginal pleasure,label,ThoughtDef/ThoughtDef.xml,def
RV2_PreyInVaginaContacting.stages.1.description,"Everyone's thirsty for my nectar, huh?",description,ThoughtDef/ThoughtDef.xml,def
RV2_PreyInVaginaLoosening.stages.0.label,Loosening up to absorb prey into labia,label,ThoughtDef/ThoughtDef.xml,def
RV2_PreyInVaginaLoosening.stages.0.description,"That's it, keep eating...~",description,ThoughtDef/ThoughtDef.xml,def
RV2_PreyInVaginaLoosening.stages.1.label,Loosening up to absorb multiple prey into labia,label,ThoughtDef/ThoughtDef.xml,def
RV2_PreyInVaginaLoosening.stages.1.description,There's enough flower for everyone to feast; keep at it!~,description,ThoughtDef/ThoughtDef.xml,def
RV2_PreyInVaginaPurging.stages.0.label,Fingering remains out of labia,label,ThoughtDef/ThoughtDef.xml,def
RV2_PreyInVaginaPurging.stages.0.description,Gotta work the air out!,description,ThoughtDef/ThoughtDef.xml,def
RV2_PreyInVaginaPurging.stages.1.label,Fingering multiple remains out of labia,label,ThoughtDef/ThoughtDef.xml,def
RV2_PreyInVaginaPurging.stages.1.description,I honestly might as well just start jilling at this point.,description,ThoughtDef/ThoughtDef.xml,def
RV2_PreyInVaginaReshaping.stages.0.label,Reshaping prey from labia,label,ThoughtDef/ThoughtDef.xml,def
RV2_PreyInVaginaReshaping.stages.0.description,I'll miss this puffiness...,description,ThoughtDef/ThoughtDef.xml,def
RV2_PreyInVaginaReshaping.stages.1.label,Reshaping multiple prey from labia,label,ThoughtDef/ThoughtDef.xml,def
RV2_PreyInVaginaReshaping.stages.1.description,I don't wanna be loose again!,description,ThoughtDef/ThoughtDef.xml,def
RV2_PreyInWombConvertingChemfuel.stages.0.label,Olifying prey in womb,label,ThoughtDef/ThoughtDef.xml,def
RV2_PreyInWombConvertingChemfuel.stages.0.description,"Is this the true meaning of ""burn, baby, burn""?",description,ThoughtDef/ThoughtDef.xml,def
RV2_PreyInWombConvertingChemfuel.stages.1.label,Olifying two prey in womb,label,ThoughtDef/ThoughtDef.xml,def
RV2_PreyInWombConvertingChemfuel.stages.1.description,"My belly's got that half-full jerrycan ""glunk"" to it.",description,ThoughtDef/ThoughtDef.xml,def
RV2_PreyInWombConvertingChemfuel.stages.2.label,Olifying three prey in womb,label,ThoughtDef/ThoughtDef.xml,def
RV2_PreyInWombConvertingChemfuel.stages.2.description,I'm leaving puddles of fuel everywhere I go...,description,ThoughtDef/ThoughtDef.xml,def
RV2_PreyInWombConvertingChemfuel.stages.3.label,Olifying several prey in womb,label,ThoughtDef/ThoughtDef.xml,def
RV2_PreyInWombConvertingChemfuel.stages.3.description,I'm leaking more fuel than a shot-up generator!,description,ThoughtDef/ThoughtDef.xml,def
RV2_PreyInWombDissolvingChemfuel.stages.0.label,Dissolving live prey into chem-cum,label,ThoughtDef/ThoughtDef.xml,def
RV2_PreyInWombDissolvingChemfuel.stages.0.description,So what kind of machine do you think you'll power?,description,ThoughtDef/ThoughtDef.xml,def
RV2_PreyInWombDissolvingChemfuel.stages.1.label,Dissolving two live prey into chem-cum,label,ThoughtDef/ThoughtDef.xml,def
RV2_PreyInWombDissolvingChemfuel.stages.1.description,I bet boomalopes don't have this much fun!,description,ThoughtDef/ThoughtDef.xml,def
RV2_PreyInWombDissolvingChemfuel.stages.2.label,Dissolving three live prey into chem-cum,label,ThoughtDef/ThoughtDef.xml,def
RV2_PreyInWombDissolvingChemfuel.stages.2.description,I'm gonna need a barrel for all of you...,description,ThoughtDef/ThoughtDef.xml,def
RV2_PreyInWombDissolvingChemfuel.stages.3.label,Dissolving several live prey into chem-cum,label,ThoughtDef/ThoughtDef.xml,def
RV2_PreyInWombDissolvingChemfuel.stages.3.description,We'll never run out of chemfuel at this rate!,description,ThoughtDef/ThoughtDef.xml,def
RV2_PreyInWombMushingChemfuel.stages.0.label,Breaking down prey into chem-cum,label,ThoughtDef/ThoughtDef.xml,def
RV2_PreyInWombMushingChemfuel.stages.0.description,Stopped fighting your fuelification?,description,ThoughtDef/ThoughtDef.xml,def
RV2_PreyInWombMushingChemfuel.stages.1.label,Breaking down two prey into chem-cum,label,ThoughtDef/ThoughtDef.xml,def
RV2_PreyInWombMushingChemfuel.stages.1.description,"Just gotta refine you two down, now!",description,ThoughtDef/ThoughtDef.xml,def
RV2_PreyInWombMushingChemfuel.stages.2.label,Breaking down three prey into chem-cum,label,ThoughtDef/ThoughtDef.xml,def
RV2_PreyInWombMushingChemfuel.stages.2.description,"Oh my, there's that spicy tingle.",description,ThoughtDef/ThoughtDef.xml,def
RV2_PreyInWombMushingChemfuel.stages.3.label,Breaking down several prey into chem-cum,label,ThoughtDef/ThoughtDef.xml,def
RV2_PreyInWombMushingChemfuel.stages.3.description,That burning... as though I were a boomalope in heat...~,description,ThoughtDef/ThoughtDef.xml,def
RV2_PreyInWombPassing.stages.0.label,Passing prey through womb,label,ThoughtDef/ThoughtDef.xml,def
RV2_PreyInWombPassing.stages.0.description,You're not stopping here!,description,ThoughtDef/ThoughtDef.xml,def
RV2_PreyInWombPassing.stages.1.label,Passing two prey through womb,label,ThoughtDef/ThoughtDef.xml,def
RV2_PreyInWombPassing.stages.1.description,You're not stopping here!,description,ThoughtDef/ThoughtDef.xml,def
RV2_PreyInWombPassing.stages.2.label,Passing three prey through womb,label,ThoughtDef/ThoughtDef.xml,def
RV2_PreyInWombPassing.stages.2.description,You're not stopping here!,description,ThoughtDef/ThoughtDef.xml,def
RV2_PreyInWombPassing.stages.3.label,Passing several prey through womb,label,ThoughtDef/ThoughtDef.xml,def
RV2_PreyInWombPassing.stages.3.description,You're not stopping here!,description,ThoughtDef/ThoughtDef.xml,def
Loosen.label,Loosen,label,RimVore2.PartGoalDef/RimVore2.PartGoalDef.xml,def
Purge.label,Purge,label,RimVore2.PartGoalDef/RimVore2.PartGoalDef.xml,def
Assimilate.label,Assimilate,label,RimVore2.PartGoalDef/RimVore2.PartGoalDef.xml,def
Reshape.label,Reshape,label,RimVore2.PartGoalDef/RimVore2.PartGoalDef.xml,def
Amalgamate.label,Amalgamate,label,RimVore2.PartGoalDef/RimVore2.PartGoalDef.xml,def
Contact.label,Contact,label,RimVore2.PartGoalDef/RimVore2.PartGoalDef.xml,def
Dissolve.label,Dissolve,label,RimVore2.PartGoalDef/RimVore2.PartGoalDef.xml,def
Ovify.label,Ovify,label,RimVore2.PartGoalDef/RimVore2.PartGoalDef.xml,def
Oleify.label,Oleify,label,RimVore2.PartGoalDef/RimVore2.PartGoalDef.xml,def
Urify.label,Urify,label,RimVore2.PartGoalDef/RimVore2.PartGoalDef.xml,def
Process.label,Process,label,RimVore2.PartGoalDef/RimVore2.PartGoalDef.xml,def
Lactify.label,Lactify,label,RimVore2.PartGoalDef/RimVore2.PartGoalDef.xml,def
Spermify.label,Spermify,label,RimVore2.PartGoalDef/RimVore2.PartGoalDef.xml,def
Lubrify.label,Lubrify,label,RimVore2.PartGoalDef/RimVore2.PartGoalDef.xml,def
Reform.label,Reform,label,RimVore2.PartGoalDef/RimVore2.PartGoalDef.xml,def
ConvertChemfuel.label,Olify,label,RimVore2.VoreGoalDef/RimVore2.VoreGoalDef.xml,def
ConvertEggs.label,Ovify,label,RimVore2.VoreGoalDef/RimVore2.VoreGoalDef.xml,def
ConvertUrine.label,Urify,label,RimVore2.VoreGoalDef/RimVore2.VoreGoalDef.xml,def
Assimilate.label,Assimilate,label,RimVore2.VoreGoalDef/RimVore2.VoreGoalDef.xml,def
Amalgamate.label,Amalgamate,label,RimVore2.VoreGoalDef/RimVore2.VoreGoalDef.xml,def
OralAmalgamate.label,(Amalgamate) Lips,label,RimVore2.VorePathDef/RimVore2.VorePathDef.xml,def
OralAmalgamate.RMBLabel,Lip vore,RMBLabel,RimVore2.VorePathDef/RimVore2.VorePathDef.xml,def
OralAmalgamate.description,"Oral amalgamation is where the predator reversibly absorbs the prey into their lips for indefinite storage, (presently unrepresented in-game) making their lips plumper and juicier.",description,RimVore2.VorePathDef/RimVore2.VorePathDef.xml,def
AnalAmalgamate.label,(Amalgamate) Ass,label,RimVore2.VorePathDef/RimVore2.VorePathDef.xml,def
AnalAmalgamate.RMBLabel,Ass vore,RMBLabel,RimVore2.VorePathDef/RimVore2.VorePathDef.xml,def
AnalAmalgamate.description,"Anal amalgamation is where the predator reversibly absorbs the prey into their buttocks for indefinite storage, (presently unrepresented in-game) making their ass thicker and rounder.",description,RimVore2.VorePathDef/RimVore2.VorePathDef.xml,def
VaginalAmalgamate.label,(Amalgamate) Pussy,label,RimVore2.VorePathDef/RimVore2.VorePathDef.xml,def
VaginalAmalgamate.RMBLabel,Labia vore,RMBLabel,RimVore2.VorePathDef/RimVore2.VorePathDef.xml,def
VaginalAmalgamate.description,"Vaginal amalgamation is where the predator reversibly absorbs the prey into their labia for indefinite storage, (presently unrepresented in-game) making their muff puffier and more sensitive.",description,RimVore2.VorePathDef/RimVore2.VorePathDef.xml,def
CockAmalgamate.label,(Amalgamate) Cock,label,RimVore2.VorePathDef/RimVore2.VorePathDef.xml,def
CockAmalgamate.RMBLabel,Cock vore,RMBLabel,RimVore2.VorePathDef/RimVore2.VorePathDef.xml,def
CockAmalgamate.description,"Cock amalgamation is where the predator reversibly absorbs the prey into their cock for indefinite storage, (presently unrepresented in-game) making their cock bigger and more sensitive.",description,RimVore2.VorePathDef/RimVore2.VorePathDef.xml,def
NippleAmalgamate.label,(Amalgamate) Nipple,label,RimVore2.VorePathDef/RimVore2.VorePathDef.xml,def
NippleAmalgamate.RMBLabel,Nipple vore,RMBLabel,RimVore2.VorePathDef/RimVore2.VorePathDef.xml,def
NippleAmalgamate.description,"Nipple amalgamation is where the predator reversibly absorbs the prey into their nipple for indefinite storage, (presently unrepresented in-game) making their nipple puffier and more sensitive.",description,RimVore2.VorePathDef/RimVore2.VorePathDef.xml,def
CleavageAmalgamate.label,(Amalgamate) Cleavage,label,RimVore2.VorePathDef/RimVore2.VorePathDef.xml,def
CleavageAmalgamate.RMBLabel,Cleavage vore,RMBLabel,RimVore2.VorePathDef/RimVore2.VorePathDef.xml,def
CleavageAmalgamate.description,"Cleavage amalgamation is where the predator reversibly absorbs the prey into their breasts for indefinite storage, (presently unrepresented in-game) making their breasts bigger and heavier.",description,RimVore2.VorePathDef/RimVore2.VorePathDef.xml,def
NavelAmalgamate.label,(Amalgamate) Navel,label,RimVore2.VorePathDef/RimVore2.VorePathDef.xml,def
NavelAmalgamate.RMBLabel,Navel vore,RMBLabel,RimVore2.VorePathDef/RimVore2.VorePathDef.xml,def
NavelAmalgamate.description,"Navel amalgamation is where the predator reversibly absorbs the prey into their navel for indefinite storage, (presently unrepresented in-game) making their belly fatter.",description,RimVore2.VorePathDef/RimVore2.VorePathDef.xml,def
UdderAmalgamate.label,(Amalgamate) Udder,label,RimVore2.VorePathDef/RimVore2.VorePathDef.xml,def
UdderAmalgamate.RMBLabel,Udder vore,RMBLabel,RimVore2.VorePathDef/RimVore2.VorePathDef.xml,def
UdderAmalgamate.description,"Udder amalgamation is where the predator reversibly absorbs the prey into their teat for indefinite storage, (presently unrepresented in-game) making their teat puffier and more sensitive.",description,RimVore2.VorePathDef/RimVore2.VorePathDef.xml,def
OralAssimilate.label,(Assimilate) Lips,label,RimVore2.VorePathDef/RimVore2.VorePathDef.xml,def
OralAssimilate.RMBLabel,Lip vore,RMBLabel,RimVore2.VorePathDef/RimVore2.VorePathDef.xml,def
OralAssimilate.description,"Oral assimilation is where the predator permanently absorbs the prey into their lips, feeding the predator and making their lips plumper and juicier.",description,RimVore2.VorePathDef/RimVore2.VorePathDef.xml,def
AnalAssimilate.label,(Assimilate) Ass,label,RimVore2.VorePathDef/RimVore2.VorePathDef.xml,def
AnalAssimilate.RMBLabel,Ass vore,RMBLabel,RimVore2.VorePathDef/RimVore2.VorePathDef.xml,def
AnalAssimilate.description,"Anal assimilation is where the predator permanently absorbs the prey into their buttocks, feeding the predator and making their ass thicker and rounder.",description,RimVore2.VorePathDef/RimVore2.VorePathDef.xml,def
VaginalAssimilate.label,(Assimilate) Pussy,label,RimVore2.VorePathDef/RimVore2.VorePathDef.xml,def
VaginalAssimilate.RMBLabel,Labia vore,RMBLabel,RimVore2.VorePathDef/RimVore2.VorePathDef.xml,def
VaginalAssimilate.description,"Vaginal assimilation is where the predator permanently absorbs the prey into their labia, feeding the predator and making their muff puffier and more sensitive.",description,RimVore2.VorePathDef/RimVore2.VorePathDef.xml,def
CockAssimilate.label,(Assimilate) Cock,label,RimVore2.VorePathDef/RimVore2.VorePathDef.xml,def
CockAssimilate.RMBLabel,Cock vore,RMBLabel,RimVore2.VorePathDef/RimVore2.VorePathDef.xml,def
CockAssimilate.description,"Cock assimilation is where the predator permanently absorbs the prey into their cock, feeding the predator and making their cock bigger and more sensitive.",description,RimVore2.VorePathDef/RimVore2.VorePathDef.xml,def
NippleAssimilate.label,(Assimilate) Nipple,label,RimVore2.VorePathDef/RimVore2.VorePathDef.xml,def
NippleAssimilate.RMBLabel,Nipple vore,RMBLabel,RimVore2.VorePathDef/RimVore2.VorePathDef.xml,def
NippleAssimilate.description,"Nipple assimilation is where the predator permanently absorbs the prey into their nipple, feeding the predator and making their nipple puffier and more sensitive.",description,RimVore2.VorePathDef/RimVore2.VorePathDef.xml,def
CleavageAssimilate.label,(Assimilate) Cleavage,label,RimVore2.VorePathDef/RimVore2.VorePathDef.xml,def
CleavageAssimilate.RMBLabel,Cleavage vore,RMBLabel,RimVore2.VorePathDef/RimVore2.VorePathDef.xml,def
CleavageAssimilate.description,"Cleavage assimilation is where the predator permanently absorbs the prey into their breasts, feeding the predator and making their breasts bigger and heavier.",description,RimVore2.VorePathDef/RimVore2.VorePathDef.xml,def
NavelAssimilate.label,(Assimilate) Navel,label,RimVore2.VorePathDef/RimVore2.VorePathDef.xml,def
NavelAssimilate.RMBLabel,Navel vore,RMBLabel,RimVore2.VorePathDef/RimVore2.VorePathDef.xml,def
NavelAssimilate.description,"Navel assimilation is where the predator permanently absorbs the prey into their navel, feeding the predator and making their belly fatter.",description,RimVore2.VorePathDef/RimVore2.VorePathDef.xml,def
UdderAssimilate.label,(Assimilate) Udder,label,RimVore2.VorePathDef/RimVore2.VorePathDef.xml,def
UdderAssimilate.RMBLabel,Udder vore,RMBLabel,RimVore2.VorePathDef/RimVore2.VorePathDef.xml,def
UdderAssimilate.description,"Udder assimilation is where the predator permanently absorbs the prey into their teat, feeding the predator and making their teat puffier and more sensitive.",description,RimVore2.VorePathDef/RimVore2.VorePathDef.xml,def
VaginalConvertChemfuel.label,(Olify) Vaginal,label,RimVore2.VorePathDef/RimVore2.VorePathDef.xml,def
VaginalConvertChemfuel.RMBLabel,Vaginal vore,RMBLabel,RimVore2.VorePathDef/RimVore2.VorePathDef.xml,def
VaginalConvertChemfuel.description,"Vaginal olifaction is where the predator unbirths the prey into their womb for conversion into chemfuel, like a boomalope. This does not feed the predator and requires the installation of a vore enabler.",description,RimVore2.VorePathDef/RimVore2.VorePathDef.xml,def
VaginalConvertEggs.label,(Ovify) Vaginal,label,RimVore2.VorePathDef/RimVore2.VorePathDef.xml,def
VaginalConvertEggs.RMBLabel,Vaginal vore,RMBLabel,RimVore2.VorePathDef/RimVore2.VorePathDef.xml,def
VaginalConvertEggs.description,Vaginal ovifaction is where the predator unbirths the prey into their ovary for conversion into eggs. This does not feed the predator and requires the installation of a vore enabler.,description,RimVore2.VorePathDef/RimVore2.VorePathDef.xml,def
CockConvertChemfuel.label,(Olify) Cock,label,RimVore2.VorePathDef/RimVore2.VorePathDef.xml,def
CockConvertChemfuel.RMBLabel,Cock vore,RMBLabel,RimVore2.VorePathDef/RimVore2.VorePathDef.xml,def
CockConvertChemfuel.description,"Cock olifaction is where the predator shunts the prey down their cock and into their balls for conversion into chemfuel, like a boomalope. This does not feed the predator and requires the installation of a vore enabler.",description,RimVore2.VorePathDef/RimVore2.VorePathDef.xml,def
NippleConvertChemfuel.label,(Olify) Nipple,label,RimVore2.VorePathDef/RimVore2.VorePathDef.xml,def
NippleConvertChemfuel.RMBLabel,Nipple vore,RMBLabel,RimVore2.VorePathDef/RimVore2.VorePathDef.xml,def
NippleConvertChemfuel.description,"Nipple olifaction is where the predator shunts the prey through their nipple and into their mammary for conversion into chemfuel, like a boomalope. This does not feed the predator and requires the installation of a vore enabler.",description,RimVore2.VorePathDef/RimVore2.VorePathDef.xml,def
CockBladderConvertUrine.label,(Urify) Cock,label,RimVore2.VorePathDef/RimVore2.VorePathDef.xml,def
CockBladderConvertUrine.RMBLabel,Cock vore (bladder),RMBLabel,RimVore2.VorePathDef/RimVore2.VorePathDef.xml,def
CockBladderConvertUrine.description,"Bladder urifaction is where the predator shunts the prey into whichever genital is chosen and into their kidney for conversion into urine, which can be a fertilizer component. This does not feed the predator.",description,RimVore2.VorePathDef/RimVore2.VorePathDef.xml,def
VaginalBladderConvertUrine.label,(Urify) Vaginal,label,RimVore2.VorePathDef/RimVore2.VorePathDef.xml,def
VaginalBladderConvertUrine.RMBLabel,Vaginal vore (bladder),RMBLabel,RimVore2.VorePathDef/RimVore2.VorePathDef.xml,def
VaginalBladderConvertUrine.description,"Bladder urifaction is where the predator shunts the prey into whichever genital is chosen and into their kidney for conversion into urine, which can be a fertilizer component. This does not feed the predator.",description,RimVore2.VorePathDef/RimVore2.VorePathDef.xml,def
UdderConvertChemfuel.label,(Olify) Udder,label,RimVore2.VorePathDef/RimVore2.VorePathDef.xml,def
UdderConvertChemfuel.RMBLabel,Udder vore,RMBLabel,RimVore2.VorePathDef/RimVore2.VorePathDef.xml,def
UdderConvertChemfuel.description,"Udder olifaction is where the predator shunts the prey through theirteat and into their udder for conversion into chemfuel, like a boomalope. This does not feed the predator and requires the installation of a vore enabler.",description,RimVore2.VorePathDef/RimVore2.VorePathDef.xml,def
UdderConvertMilk.label,(Lactify) Udder,label,RimVore2.VorePathDef/RimVore2.VorePathDef.xml,def
UdderConvertMilk.RMBLabel,Udder vore,RMBLabel,RimVore2.VorePathDef/RimVore2.VorePathDef.xml,def
UdderConvertMilk.description,Udder lactifaction is where the predator shoves the prey through their teat and into their udder for conversion into nutritious consumable milk. This process itself does not feed the predator.,description,RimVore2.VorePathDef/RimVore2.VorePathDef.xml,def
CleavageDigest.label,(Digest) Cleavage-Hole,label,RimVore2.VorePathDef/RimVore2.VorePathDef.xml,def
CleavageDigest.RMBLabel,Cleavage vore,RMBLabel,RimVore2.VorePathDef/RimVore2.VorePathDef.xml,def
CleavageDigest.description,"Cleavage digestion is where the predator shoves prey down their cleavage, through a surgically-added hole in the chest, into their stomach for fatal digestion, feeding the predator and turning the prey into either fertilizer components or nothing at all.",description,RimVore2.VorePathDef/RimVore2.VorePathDef.xml,def
MembraneDigest.label,(Digest) Inside Membrane,label,RimVore2.VorePathDef/RimVore2.VorePathDef.xml,def
MembraneDigest.RMBLabel,Membrane vore,RMBLabel,RimVore2.VorePathDef/RimVore2.VorePathDef.xml,def
MembraneDigest.description,"Membrane digestion is where the predator engulfs prey into their vague insides through an outer membrane, like a slime, for fatal digestion, feeding the predator and turning the prey into either fertilizer components or nothing at all.",description,RimVore2.VorePathDef/RimVore2.VorePathDef.xml,def
NavelDigest.label,(Digest) Navel,label,RimVore2.VorePathDef/RimVore2.VorePathDef.xml,def
NavelDigest.RMBLabel,Navel vore,RMBLabel,RimVore2.VorePathDef/RimVore2.VorePathDef.xml,def
NavelDigest.description,"Navel digestion is where the predator stuffs prey into their surgically-loosened navel and into their stomach for fatal digestion, feeding the predator and turning the prey into either fertilizer components or nothing at all.",description,RimVore2.VorePathDef/RimVore2.VorePathDef.xml,def
TailmawDigest.label,(Digest) Tailmaw,label,RimVore2.VorePathDef/RimVore2.VorePathDef.xml,def
TailmawDigest.RMBLabel,Tail vore,RMBLabel,RimVore2.VorePathDef/RimVore2.VorePathDef.xml,def
TailmawDigest.description,"Tailmaw digestion is where a predator with a mouth in their tail swallows prey through said mouth, down to their stomach, for fatal digestion, feeding the predator and turning the prey into either fertilizer components or nothing at all.",description,RimVore2.VorePathDef/RimVore2.VorePathDef.xml,def
VaginalBladderHold.label,(Hold) Vaginal (bladder),label,RimVore2.VorePathDef/RimVore2.VorePathDef.xml,def
VaginalBladderHold.RMBLabel,Vaginal vore (bladder),RMBLabel,RimVore2.VorePathDef/RimVore2.VorePathDef.xml,def
VaginalBladderHold.description,Bladder holding is where the predator shunts the prey into whichever genital is chosen and into their bladder for temporary storage.,description,RimVore2.VorePathDef/RimVore2.VorePathDef.xml,def
CockBladderHold.label,(Hold) Cock (bladder),label,RimVore2.VorePathDef/RimVore2.VorePathDef.xml,def
CockBladderHold.RMBLabel,Cock vore (bladder),RMBLabel,RimVore2.VorePathDef/RimVore2.VorePathDef.xml,def
CockBladderHold.description,Bladder holding is where the predator shunts the prey into whichever genital is chosen and into their bladder for temporary storage.,description,RimVore2.VorePathDef/RimVore2.VorePathDef.xml,def
CleavageHold.label,(Hold) Cleavage,label,RimVore2.VorePathDef/RimVore2.VorePathDef.xml,def
CleavageHold.RMBLabel,Cleavage vore,RMBLabel,RimVore2.VorePathDef/RimVore2.VorePathDef.xml,def
CleavageHold.description,Cleavage holding is where the predator shoves the prey into their cleavage for temporary storage.,description,RimVore2.VorePathDef/RimVore2.VorePathDef.xml,def
MembraneHold.label,(Hold) Inside Membrane,label,RimVore2.VorePathDef/RimVore2.VorePathDef.xml,def
MembraneHold.RMBLabel,Membrane vore,RMBLabel,RimVore2.VorePathDef/RimVore2.VorePathDef.xml,def
MembraneHold.description,"Membrane holding is where the predator engulfs prey into their vague insides through an outer membrane, like a slime, for temporary storage.",description,RimVore2.VorePathDef/RimVore2.VorePathDef.xml,def
NavelHold.label,(Hold) Navel,label,RimVore2.VorePathDef/RimVore2.VorePathDef.xml,def
NavelHold.RMBLabel,Navel vore,RMBLabel,RimVore2.VorePathDef/RimVore2.VorePathDef.xml,def
NavelHold.description,Navel holding is where the predator stuffs prey into their navel for temporary storage.,description,RimVore2.VorePathDef/RimVore2.VorePathDef.xml,def
TailmawHold.label,(Hold) Tailmaw,label,RimVore2.VorePathDef/RimVore2.VorePathDef.xml,def
TailmawHold.RMBLabel,Tail vore,RMBLabel,RimVore2.VorePathDef/RimVore2.VorePathDef.xml,def
TailmawHold.description,"Tailmaw holding is where a predator with a mouth in their tail swallows prey through said mouth, into their tail's throat, for temporary storage.",description,RimVore2.VorePathDef/RimVore2.VorePathDef.xml,def
UdderHold.label,(Hold) Udder,label,RimVore2.VorePathDef/RimVore2.VorePathDef.xml,def
UdderHold.RMBLabel,Udder vore,RMBLabel,RimVore2.VorePathDef/RimVore2.VorePathDef.xml,def
UdderHold.description,Udder holding is where the predator stuffs prey into their udder for temporary storage.,description,RimVore2.VorePathDef/RimVore2.VorePathDef.xml,def
CockBladderPleasure.label,(Pleasure) Cock (Bladder),label,RimVore2.VorePathDef/RimVore2.VorePathDef.xml,def
CockBladderPleasure.RMBLabel,Cock vore (bladder),RMBLabel,RimVore2.VorePathDef/RimVore2.VorePathDef.xml,def
CockBladderPleasure.description,Bladder pleasure is where the predator shunts the prey into whichever genital is chosen and into their bladder for mutual sexual pleasure.,description,RimVore2.VorePathDef/RimVore2.VorePathDef.xml,def
VaginalBladderPleasure.label,(Pleasure) Vaginal (Bladder),label,RimVore2.VorePathDef/RimVore2.VorePathDef.xml,def
VaginalBladderPleasure.RMBLabel,Vaginal vore (bladder),RMBLabel,RimVore2.VorePathDef/RimVore2.VorePathDef.xml,def
VaginalBladderPleasure.description,Bladder pleasure is where the predator shunts the prey into whichever genital is chosen and into their bladder for mutual sexual pleasure.,description,RimVore2.VorePathDef/RimVore2.VorePathDef.xml,def
CleavagePleasure.label,(Pleasure) Cleavage,label,RimVore2.VorePathDef/RimVore2.VorePathDef.xml,def
CleavagePleasure.RMBLabel,Cleavage vore,RMBLabel,RimVore2.VorePathDef/RimVore2.VorePathDef.xml,def
CleavagePleasure.description,Cleavage pleasure is where the predator shoves they prey down their cleavage into a surgically-added hole in the chest for mutual sexual pleasure.,description,RimVore2.VorePathDef/RimVore2.VorePathDef.xml,def
MembranePleasure.label,(Pleasure) Inside Membrane,label,RimVore2.VorePathDef/RimVore2.VorePathDef.xml,def
MembranePleasure.RMBLabel,Membrane vore,RMBLabel,RimVore2.VorePathDef/RimVore2.VorePathDef.xml,def
MembranePleasure.description,"Membrane pleasure is where the predator engulfs prey into their vague insides through an outer membrane, like a slime, for mutual sexual pleasure.",description,RimVore2.VorePathDef/RimVore2.VorePathDef.xml,def
NavelPleasure.label,(Pleasure) Navel,label,RimVore2.VorePathDef/RimVore2.VorePathDef.xml,def
NavelPleasure.RMBLabel,Navel vore,RMBLabel,RimVore2.VorePathDef/RimVore2.VorePathDef.xml,def
NavelPleasure.description,Navel pleasure is where the predator stuffs prey into their surgically-loosened navel for mutual sexual pleasure.,description,RimVore2.VorePathDef/RimVore2.VorePathDef.xml,def
TailmawPleasure.label,(Pleasure) Tailmaw,label,RimVore2.VorePathDef/RimVore2.VorePathDef.xml,def
TailmawPleasure.RMBLabel,Tail vore,RMBLabel,RimVore2.VorePathDef/RimVore2.VorePathDef.xml,def
TailmawPleasure.description,"Tailmaw pleasure is where a predator with a mouth in their tail swallows prey through said mouth, into their tail's throat, for mutual sexual pleasure.",description,RimVore2.VorePathDef/RimVore2.VorePathDef.xml,def
UdderPleasure.label,(Pleasure) Udder,label,RimVore2.VorePathDef/RimVore2.VorePathDef.xml,def
UdderPleasure.RMBLabel,Udder vore,RMBLabel,RimVore2.VorePathDef/RimVore2.VorePathDef.xml,def
UdderPleasure.description,Udder pleasure is where the predator stuffs prey through their teat into their udder for mutual sexual pleasure.,description,RimVore2.VorePathDef/RimVore2.VorePathDef.xml,def
VaginalBladderStore.label,(Store) Vaginal (bladder),label,RimVore2.VorePathDef/RimVore2.VorePathDef.xml,def
VaginalBladderStore.RMBLabel,Vaginal vore,RMBLabel,RimVore2.VorePathDef/RimVore2.VorePathDef.xml,def
VaginalBladderStore.description,Bladder storage is where the predator shunts the prey into whichever genital is chosen and into their bladder for indefinite storage.,description,RimVore2.VorePathDef/RimVore2.VorePathDef.xml,def
CockBladderStore.label,(Store) Cock (bladder),label,RimVore2.VorePathDef/RimVore2.VorePathDef.xml,def
CockBladderStore.RMBLabel,Cock vore (bladder),RMBLabel,RimVore2.VorePathDef/RimVore2.VorePathDef.xml,def
CockBladderStore.description,Bladder storage is where the predator shunts the prey into whichever genital is chosen and into their bladder for indefinite storage.,description,RimVore2.VorePathDef/RimVore2.VorePathDef.xml,def
CleavageStore.label,(Store) Cleavage,label,RimVore2.VorePathDef/RimVore2.VorePathDef.xml,def
CleavageStore.RMBLabel,Cleavage vore,RMBLabel,RimVore2.VorePathDef/RimVore2.VorePathDef.xml,def
CleavageStore.description,Cleavage storage is where the predator shoves the prey into their cleavage for indefinite storage.,description,RimVore2.VorePathDef/RimVore2.VorePathDef.xml,def
MembraneStore.label,(Store) Inside Membrane,label,RimVore2.VorePathDef/RimVore2.VorePathDef.xml,def
MembraneStore.RMBLabel,Membrane vore,RMBLabel,RimVore2.VorePathDef/RimVore2.VorePathDef.xml,def
MembraneStore.description,"Membrane storage is where the predator engulfs prey into their vague insides through an outer membrane, like a slime, for indefinite storage.",description,RimVore2.VorePathDef/RimVore2.VorePathDef.xml,def
NavelStore.label,(Store) Navel,label,RimVore2.VorePathDef/RimVore2.VorePathDef.xml,def
NavelStore.RMBLabel,Navel vore,RMBLabel,RimVore2.VorePathDef/RimVore2.VorePathDef.xml,def
NavelStore.description,Navel storage is where the predator stuffs prey into their navel for indefinite storage.,description,RimVore2.VorePathDef/RimVore2.VorePathDef.xml,def
TailmawStore.label,(Store) Tailmaw,label,RimVore2.VorePathDef/RimVore2.VorePathDef.xml,def
TailmawStore.RMBLabel,Tail vore,RMBLabel,RimVore2.VorePathDef/RimVore2.VorePathDef.xml,def
TailmawStore.description,"Tailmaw storage is where a predator with a mouth in their tail swallows prey through said mouth, into their tail's throat, for indefinite storage.",description,RimVore2.VorePathDef/RimVore2.VorePathDef.xml,def
UdderStore.label,(Store) Udder,label,RimVore2.VorePathDef/RimVore2.VorePathDef.xml,def
UdderStore.RMBLabel,Udder vore,RMBLabel,RimVore2.VorePathDef/RimVore2.VorePathDef.xml,def
UdderStore.description,Udder storage is where the predator stuffs prey into their udder for indefinite storage.,description,RimVore2.VorePathDef/RimVore2.VorePathDef.xml,def
Cleavage.label,Cleavage,label,RimVore2.VoreTypeDef/RimVore2.VoreTypeDef.xml,def
CockBladder.label,Cock (bladder),label,RimVore2.VoreTypeDef/RimVore2.VoreTypeDef.xml,def
Membrane.label,Membrane,label,RimVore2.VoreTypeDef/RimVore2.VoreTypeDef.xml,def
Navel.label,Navel,label,RimVore2.VoreTypeDef/RimVore2.VoreTypeDef.xml,def
Tailmaw.label,Tail (mouth),label,RimVore2.VoreTypeDef/RimVore2.VoreTypeDef.xml,def
Udder.label,Udder,label,RimVore2.VoreTypeDef/RimVore2.VoreTypeDef.xml,def
VaginalBladder.label,Vaginal (bladder),label,RimVore2.VoreTypeDef/RimVore2.VoreTypeDef.xml,def
