key,text,tag,file,type,protected_text,translated
RV2_RitualInvalidReasons_NoRoles,No assignments,RV2_RitualInvalidReasons_NoRoles,RitualInvalidReasons.xml,keyed,No assignments,无任务
RV2_RitualInvalidReasons_PredatorNotSet,No Predator,RV2_RitualInvalidReasons_PredatorNotSet,RitualInvalidReasons.xml,keyed,No Predator,没有捕食者
RV2_RitualInvalidReasons_PreyNotSet,No Prey,RV2_RitualInvalidReasons_PreyNotSet,RitualInvalidReasons.xml,keyed,No Prey,没有猎物
RV2_RitualInvalidReasons_NoPath,Vore initiator has no preferred VorePath,RV2_RitualInvalidReasons_NoPath,RitualInvalidReasons.xml,keyed,<ALIMT >vore</ALIMT> initiator has no preferred VorePath,吃人发起者没有偏好的 VorePath
RV2_OutcomeMessage_IdeologyReassured,{0} has been reassured in their blief in {1},RV2_OutcomeMessage_IdeologyReassured,RitualOutcomeMessages.xml,keyed,<ALIMT >(PH_2)</ALIMT> has been reassured in their blief in <ALIMT >(PH_1)</ALIMT>,{0}因其在{1}
RV2_OutcomeMessage_IdeologyConversionAttempt,{0} has changed their belief in {1},RV2_OutcomeMessage_IdeologyConversionAttempt,RitualOutcomeMessages.xml,keyed,<ALIMT >(PH_2)</ALIMT> has changed their belief in <ALIMT >(PH_1)</ALIMT>,{0}改变了他们的信仰{1}
RV2_TargetComponentCombination_Or,Or,RV2_TargetComponentCombination_Or,RV2_EnumPresenters.xml,keyed,Or,或
RV2_TargetComponentCombination_And,And,RV2_TargetComponentCombination_And,RV2_EnumPresenters.xml,keyed,And,和
RV2_RuleTargetRole_All,All,RV2_RuleTargetRole_All,RV2_EnumPresenters.xml,keyed,All,全部
RV2_RuleTargetRole_Predator,Predator,RV2_RuleTargetRole_Predator,RV2_EnumPresenters.xml,keyed,Predator,捕食者
RV2_RuleTargetRole_Prey,Prey,RV2_RuleTargetRole_Prey,RV2_EnumPresenters.xml,keyed,Prey,猎物
RV2_RuleTargetRole_Feeder,Feeder,RV2_RuleTargetRole_Feeder,RV2_EnumPresenters.xml,keyed,Feeder,饲养员
RV2_CorpseProcessingType_Dessicate,Dessicate,RV2_CorpseProcessingType_Dessicate,RV2_EnumPresenters.xml,keyed,Dessicate,刻印
RV2_CorpseProcessingType_Rot,Rot,RV2_CorpseProcessingType_Rot,RV2_EnumPresenters.xml,keyed,Rot,腐烂
RV2_CorpseProcessingType_Destroy,Destroy,RV2_CorpseProcessingType_Destroy,RV2_EnumPresenters.xml,keyed,Destroy,销毁
RV2_CorpseProcessingType_Fresh,Fresh,RV2_CorpseProcessingType_Fresh,RV2_EnumPresenters.xml,keyed,Fresh,新鲜
RV2_CorpseProcessingType_None,None,RV2_CorpseProcessingType_None,RV2_EnumPresenters.xml,keyed,None,无
RV2_StruggleForceMode_Invalid,Invalid,RV2_StruggleForceMode_Invalid,RV2_EnumPresenters.xml,keyed,Invalid,无效
RV2_StruggleForceMode_WhenForced,When Forced,RV2_StruggleForceMode_WhenForced,RV2_EnumPresenters.xml,keyed,When <ALIMT >forced</ALIMT>,何时强迫
RV2_StruggleForceMode_WhenNotForced,When Not Forced,RV2_StruggleForceMode_WhenNotForced,RV2_EnumPresenters.xml,keyed,When Not <ALIMT >forced</ALIMT>,非时强迫
RV2_StruggleForceMode_Never,Never,RV2_StruggleForceMode_Never,RV2_EnumPresenters.xml,keyed,Never,从不
RV2_StruggleForceMode_Always,Always,RV2_StruggleForceMode_Always,RV2_EnumPresenters.xml,keyed,Always,总是
RV2_QuirkRarity_Invalid,Invalid,RV2_QuirkRarity_Invalid,RV2_EnumPresenters.xml,keyed,Invalid,无效
RV2_QuirkRarity_ForcedOnly,Forced Only,RV2_QuirkRarity_ForcedOnly,RV2_EnumPresenters.xml,keyed,<ALIMT >forced</ALIMT> Only,强迫仅限
RV2_QuirkRarity_Guaranteed,Guaranteed,RV2_QuirkRarity_Guaranteed,RV2_EnumPresenters.xml,keyed,Guaranteed,保证书
RV2_QuirkRarity_Abundant,Abundant,RV2_QuirkRarity_Abundant,RV2_EnumPresenters.xml,keyed,Abundant,富足
RV2_QuirkRarity_Common,Common,RV2_QuirkRarity_Common,RV2_EnumPresenters.xml,keyed,Common,普遍
RV2_QuirkRarity_Uncommon,Uncommon,RV2_QuirkRarity_Uncommon,RV2_EnumPresenters.xml,keyed,Uncommon,罕有
RV2_QuirkRarity_Rare,Rare,RV2_QuirkRarity_Rare,RV2_EnumPresenters.xml,keyed,Rare,极少
RV2_QuirkRarity_VeryRare,Very Rare,RV2_QuirkRarity_VeryRare,RV2_EnumPresenters.xml,keyed,Very Rare,极其少见
RV2_UseGrappleGizmoInvalid_DisabledInSettings,Disabled in settings,RV2_UseGrappleGizmoInvalid_DisabledInSettings,RV2_GrappleInvalidReasons.xml,keyed,Disabled in settings,在设置中禁用
RV2_GrappleInvalid_RaceUnable,{0} can't grapple,RV2_GrappleInvalid_RaceUnable,RV2_GrappleInvalidReasons.xml,keyed,<ALIMT >(PH_1)</ALIMT> can't grapple,{0}无法搏斗
RV2_GrappleInvalid_AlreadyGrappling,{0} is already grappling,RV2_GrappleInvalid_AlreadyGrappling,RV2_GrappleInvalidReasons.xml,keyed,<ALIMT >(PH_1)</ALIMT> is already grappling,{0}正在咬紧牙关
RV2_GrappleInvalid_ChanceIsZero,{0} has 0 chance to succeed,RV2_GrappleInvalid_ChanceIsZero,RV2_GrappleInvalidReasons.xml,keyed,<ALIMT >(PH_1)</ALIMT> has 0 chance to succeed,{0}有 0 的几率成功
RV2_IdeologyDescription_QuirksHeader,Quirks,RV2_IdeologyDescription_QuirksHeader,RV2_IdeologyDescriptions.xml,keyed,Quirks,怪癖
RV2_IdeologyDescription_PreceptComp_AddQuirks,Add Quirks:,RV2_IdeologyDescription_PreceptComp_AddQuirks,RV2_IdeologyDescriptions.xml,keyed,Add Quirks:,添加怪癖:
RV2_IdeologyDescription_PreceptComp_RemoveQuirks,Remove Quirks:,RV2_IdeologyDescription_PreceptComp_RemoveQuirks,RV2_IdeologyDescriptions.xml,keyed,Remove Quirks:,破体怪癖:
RV2_IdeologyDescription_PreceptComp_EnsureOneOf,Guarantee one of:,RV2_IdeologyDescription_PreceptComp_EnsureOneOf,RV2_IdeologyDescriptions.xml,keyed,Guarantee one of:,保修之一:
RV2_Message_VoreProposalForced,{INITIATOR} is forcing a vore proposal on {TARGET},RV2_Message_VoreProposalForced,RV2_Messages.xml,keyed,<ALIMT >(PH_2)</ALIMT> is forcing a <ALIMT >vore</ALIMT> proposal on <ALIMT >(PH_1)</ALIMT>,{INITIATOR}正在强制一个吃人提议{TARGET}
RV2_Message_VoreProposalAccepted,{TARGET} accepted {INITIATOR}'s vore proposal,RV2_Message_VoreProposalAccepted,RV2_Messages.xml,keyed,<ALIMT >(PH_2)</ALIMT> accepted <ALIMT >(PH_1)</ALIMT>'s <ALIMT >vore</ALIMT> proposal,{TARGET}认同{INITIATOR}的吃人求婚
RV2_Message_VoreProposalDenied,{TARGET} denied {INITIATOR}'s vore proposal,RV2_Message_VoreProposalDenied,RV2_Messages.xml,keyed,<ALIMT >(PH_2)</ALIMT> denied <ALIMT >(PH_1)</ALIMT>'s <ALIMT >vore</ALIMT> proposal,{TARGET}拒绝{INITIATOR}的吃人求婚
RV2_Message_VoreProposalAccepted_Feeder_Predator,{PREDATOR} accepted {FEEDER}'s vore proposal to be fed prey,RV2_Message_VoreProposalAccepted_Feeder_Predator,RV2_Messages.xml,keyed,<ALIMT >(PH_2)</ALIMT> accepted <ALIMT >(PH_1)</ALIMT>'s <ALIMT >vore</ALIMT> proposal to be fed prey,{PREDATOR}认同{FEEDER}的吃人喂养猎物的提议
RV2_Message_VoreProposalForced_Feeder_Predator,{FEEDER} is forcing {PREDATOR} to be fed with prey,RV2_Message_VoreProposalForced_Feeder_Predator,RV2_Messages.xml,keyed,<ALIMT >(PH_2)</ALIMT> is forcing <ALIMT >(PH_1)</ALIMT> to be fed with prey,{FEEDER}正在强制{PREDATOR}喂养猎物
RV2_Message_VoreProposalDenied_Feeder_Predator,{PREDATOR} denied {FEEDER}'s proposal to be fed with prey,RV2_Message_VoreProposalDenied_Feeder_Predator,RV2_Messages.xml,keyed,<ALIMT >(PH_2)</ALIMT> denied <ALIMT >(PH_1)</ALIMT>'s proposal to be fed with prey,{PREDATOR}拒绝{FEEDER}喂养猎物的提议
RV2_Message_VoreProposalAccepted_Feeder_Prey,{PREY} accepted {FEEDER}'s vore proposal to be fed to {PREDATOR},RV2_Message_VoreProposalAccepted_Feeder_Prey,RV2_Messages.xml,keyed,<ALIMT >(PH_3)</ALIMT> accepted <ALIMT >(PH_2)</ALIMT>'s <ALIMT >vore</ALIMT> proposal to be fed to <ALIMT >(PH_1)</ALIMT>,{PREY}认同{FEEDER}的吃人被馈送至的提案{PREDATOR}
RV2_Message_VoreProposalForced_Feeder_Prey,{FEEDER} is forcing {PREDATOR} to be fed with prey,RV2_Message_VoreProposalForced_Feeder_Prey,RV2_Messages.xml,keyed,<ALIMT >(PH_2)</ALIMT> is forcing <ALIMT >(PH_1)</ALIMT> to be fed with prey,{FEEDER}正在强制{PREDATOR}喂养猎物
RV2_Message_VoreProposalDenied_Feeder_Prey,{PREY} denied {FEEDER}'s proposal to be fed to {PREDATOR},RV2_Message_VoreProposalDenied_Feeder_Prey,RV2_Messages.xml,keyed,<ALIMT >(PH_3)</ALIMT> denied <ALIMT >(PH_2)</ALIMT>'s proposal to be fed to <ALIMT >(PH_1)</ALIMT>,{PREY}拒绝{FEEDER}的喂养方案{PREDATOR}
RV2_Message_ReformationFailed_PawnDead,{0} died before being reformed,RV2_Message_ReformationFailed_PawnDead,RV2_Messages.xml,keyed,<ALIMT >(PH_1)</ALIMT> died before being reformed,{0}在重组前死亡
RV2_Message_AsPredatorTargetChange,{0} has decided to vore {1} instead.,RV2_Message_AsPredatorTargetChange,RV2_Messages.xml,keyed,<ALIMT >(PH_2)</ALIMT> has decided to <ALIMT >vore</ALIMT> <ALIMT >(PH_1)</ALIMT> instead.,{0}已决定吃人{1}相反。
RV2_Message_AsPreyTargetChange,{0} has decided to slip into {1} instead.,RV2_Message_AsPreyTargetChange,RV2_Messages.xml,keyed,<ALIMT >(PH_2)</ALIMT> has decided to slip into <ALIMT >(PH_1)</ALIMT> instead.,{0}已决定溜入{1}相反。
MessageRitualRoleMustBeColonyAnimal,{0} must be a colony animal,MessageRitualRoleMustBeColonyAnimal,RV2_Messages.xml,keyed,<ALIMT >(PH_1)</ALIMT> must be a colony animal,{0}必须是殖民地动物
RV2_Message_StrugglingBrokeFree,{0} has struggled out of {1},RV2_Message_StrugglingBrokeFree,RV2_Messages.xml,keyed,<ALIMT >(PH_2)</ALIMT> has struggled out of <ALIMT >(PH_1)</ALIMT>,{0}挣扎着逃离{1}
RV2_Message_FailedTameVore_Title,Taming retaliation,RV2_Message_FailedTameVore_Title,RV2_Messages.xml,keyed,Taming retaliation,驯服报复
RV2_Message_FailedTameVore_Description,"{TAMER} has failed to tame a wild {TAMEE}, which responded with voring {TAMER}",RV2_Message_FailedTameVore_Description,RV2_Messages.xml,keyed,"<ALIMT >(PH_3)</ALIMT> has failed to tame a wild <ALIMT >(PH_2)</ALIMT>, which responded with voring <ALIMT >(PH_1)</ALIMT>","{TAMER}未能驯服野生动物{TAMEE},以 v罪回应{TAMER}"
RV2_Message_ExternalEjectFailed,{INITIATOR} failed to force {TARGET} to eject {PREY},RV2_Message_ExternalEjectFailed,RV2_Messages.xml,keyed,<ALIMT >(PH_3)</ALIMT> failed to force <ALIMT >(PH_2)</ALIMT> to eject <ALIMT >(PH_1)</ALIMT>,{INITIATOR}强制失败{TARGET}弹出{PREY}
RV2_SurgeryRemovePrey,Removing prey from {0},RV2_SurgeryRemovePrey,RV2_Misc_Keys.xml,keyed,Removing prey from <ALIMT >(PH_1)</ALIMT>,正在移除猎物{0}
RV2_ThingList_None,None,RV2_ThingList_None,RV2_Misc_Keys.xml,keyed,None,无
RV2_DisposalUrn_Empty,Empty,RV2_DisposalUrn_Empty,RV2_Misc_Keys.xml,keyed,Empty,清空
RV2_DisposalUrn_Contents,Contents: ,RV2_DisposalUrn_Contents,RV2_Misc_Keys.xml,keyed,Contents: ,内容:
RV2_Time_Seconds,{0} Seconds,RV2_Time_Seconds,RV2_Misc_Keys.xml,keyed,<ALIMT >(PH_1)</ALIMT> Seconds,{0}秒
RV2_Time_Minutes,{0} Minutes,RV2_Time_Minutes,RV2_Misc_Keys.xml,keyed,<ALIMT >(PH_1)</ALIMT> Minutes,{0}分钟
RV2_Time_Hours,{0} Hours,RV2_Time_Hours,RV2_Misc_Keys.xml,keyed,<ALIMT >(PH_1)</ALIMT> Hours,{0}小时
RV2_Time_Days,{0} Days,RV2_Time_Days,RV2_Misc_Keys.xml,keyed,<ALIMT >(PH_1)</ALIMT> Days,{0}天
RV2_Time_Weeks,{0} Weeks,RV2_Time_Weeks,RV2_Misc_Keys.xml,keyed,<ALIMT >(PH_1)</ALIMT> Weeks,{0}周
RV2_Dialog_RestartNotification,"RimVore-2 settings had to be wiped and a game restart is required to properly destroy the old settings.\n\nNot restarting right now may break RV-2 and its settings menu, so it's highly encouraged to do so.",RV2_Dialog_RestartNotification,RV2_Misc_Keys.xml,keyed,"RimVore-2 settings had to be wiped and a game restart is required to properly destroy the old settings.<ALIMT >(PH_2)</ALIMT><ALIMT >(PH_1)</ALIMT>Not restarting right now may break RV-2 and its settings menu, so it's highly encouraged to do so.","RimVore-2 设置必须被抹除，并且需要重新启动游戏来正确销毁旧的设置。

现在不重新启动可能会破坏 RV-2 及其设置菜单，因此强烈鼓励它这样做。"
RV2_Dialog_RestartOkay,"Okay, restart",RV2_Dialog_RestartOkay,RV2_Misc_Keys.xml,keyed,"Okay, restart",好，重启
RV2_Dialog_RestartNo,Do not restart,RV2_Dialog_RestartNo,RV2_Misc_Keys.xml,keyed,Do not restart,不重启
RV2_Dialog_RestartDeniedNotification,Oh well. The RimVore-2 mod and its settings menu will probably break. If you change your mind you can re-open this dialog and re-wipe the settings by looking at the DebugActions menu for RV-2.,RV2_Dialog_RestartDeniedNotification,RV2_Misc_Keys.xml,keyed,Oh well. The RimVore-2 mod and its settings menu will probably break. If you change your mind you can re-open this dialog and re-wipe the settings by looking at the DebugActions menu for RV-2.,好吧。RimVore-2 mod 及其设置菜单可能会崩溃。如果你改变主意，可以重新打开此对话框，并通过查看 “调试” 菜单来重新擦除设置 RV-2。
RV2_PredatorSwitchedVoreGoal_Key,Vore goal switched,RV2_PredatorSwitchedVoreGoal_Key,RV2_Misc_Keys.xml,keyed,<ALIMT >vore</ALIMT> goal switched,吃人目标切换
RV2_PredatorSwitchedVoreGoal,{PREDATOR} changed the vore goal they used on {PREY} from {PREVIOUSGOAL} to {NEWGOAL},RV2_PredatorSwitchedVoreGoal,RV2_Misc_Keys.xml,keyed,<ALIMT >(PH_4)</ALIMT> changed the <ALIMT >vore</ALIMT> goal they used on <ALIMT >(PH_3)</ALIMT> from <ALIMT >(PH_2)</ALIMT> to <ALIMT >(PH_1)</ALIMT>,{PREDATOR}改变了吃人使用的目标{PREY}来自{PREVIOUSGOAL}到{NEWGOAL}
RV2_VoreMentalBreakNoPathAvailable,Reason: Could not do desired vore for mental break,RV2_VoreMentalBreakNoPathAvailable,RV2_Misc_Keys.xml,keyed,Reason: Could not do desired <ALIMT >vore</ALIMT> for mental break,原因: 无法完成期望吃人因精神崩溃
RV2_Pronoun_Unnamed,Unnamed {0},RV2_Pronoun_Unnamed,RV2_Pronouns_Keys.xml,keyed,Unnamed <ALIMT >(PH_1)</ALIMT>,未命名{0}
RV2_Pronoun_nomMale,he,RV2_Pronoun_nomMale,RV2_Pronouns_Keys.xml,keyed,he,他
RV2_Pronoun_accMale,him,RV2_Pronoun_accMale,RV2_Pronouns_Keys.xml,keyed,him,他
RV2_Pronoun_posMale,his,RV2_Pronoun_posMale,RV2_Pronouns_Keys.xml,keyed,his,他的
RV2_Pronoun_genMale,his,RV2_Pronoun_genMale,RV2_Pronouns_Keys.xml,keyed,his,他的
RV2_Pronoun_refMale,himself,RV2_Pronoun_refMale,RV2_Pronouns_Keys.xml,keyed,himself,自己
RV2_Pronoun_nomFemale,she,RV2_Pronoun_nomFemale,RV2_Pronouns_Keys.xml,keyed,she,她
RV2_Pronoun_accFemale,her,RV2_Pronoun_accFemale,RV2_Pronouns_Keys.xml,keyed,her,她
RV2_Pronoun_posFemale,her,RV2_Pronoun_posFemale,RV2_Pronouns_Keys.xml,keyed,her,她
RV2_Pronoun_genFemale,hers,RV2_Pronoun_genFemale,RV2_Pronouns_Keys.xml,keyed,hers,她的
RV2_Pronoun_refFemale,herself,RV2_Pronoun_refFemale,RV2_Pronouns_Keys.xml,keyed,herself,自己
RV2_Pronoun_nomObject,it,RV2_Pronoun_nomObject,RV2_Pronouns_Keys.xml,keyed,it,它
RV2_Pronoun_accObject,it,RV2_Pronoun_accObject,RV2_Pronouns_Keys.xml,keyed,it,它
RV2_Pronoun_posObject,its,RV2_Pronoun_posObject,RV2_Pronouns_Keys.xml,keyed,its,它的
RV2_Pronoun_genObject,it,RV2_Pronoun_genObject,RV2_Pronouns_Keys.xml,keyed,it,它
RV2_Pronoun_refObject,itself,RV2_Pronoun_refObject,RV2_Pronouns_Keys.xml,keyed,itself,自身
RV2_Pronoun_nomNeutral,they,RV2_Pronoun_nomNeutral,RV2_Pronouns_Keys.xml,keyed,they,他们
RV2_Pronoun_accNeutral,them,RV2_Pronoun_accNeutral,RV2_Pronouns_Keys.xml,keyed,them,他们
RV2_Pronoun_posNeutral,their,RV2_Pronoun_posNeutral,RV2_Pronouns_Keys.xml,keyed,their,他们的
RV2_Pronoun_genNeutral,theirs,RV2_Pronoun_genNeutral,RV2_Pronouns_Keys.xml,keyed,theirs,他们的
RV2_Pronoun_refNeutral,themself,RV2_Pronoun_refNeutral,RV2_Pronouns_Keys.xml,keyed,themself,祂
RV2_QuirkInvalid_Reason_NoPoolForQuirk,Quirk has no pool,RV2_QuirkInvalid_Reason_NoPoolForQuirk,RV2_QuirkInvalidReasons.xml,keyed,Quirk has no pool,怪人没有泳池
RV2_QuirkInvalid_BackstoryBlocking,Backstory blocks quirk,RV2_QuirkInvalid_BackstoryBlocking,RV2_QuirkInvalidReasons.xml,keyed,Backstory blocks quirk,背景故事阻挡怪癖
RV2_QuirkInvalid_DisabledInSettings,Disabled in settings,RV2_QuirkInvalid_DisabledInSettings,RV2_QuirkInvalidReasons.xml,keyed,Disabled in settings,在设置中禁用
RV2_QuirkInvalid_AlreadyHasQuirk,Already has quirk,RV2_QuirkInvalid_AlreadyHasQuirk,RV2_QuirkInvalidReasons.xml,keyed,Already has quirk,已经有怪癖
RV2_QuirkInvalid_Reason_WouldRemoveRequiredQuirk,Would remove quirk {0} that is required by {1},RV2_QuirkInvalid_Reason_WouldRemoveRequiredQuirk,RV2_QuirkInvalidReasons.xml,keyed,Would remove quirk <ALIMT >(PH_2)</ALIMT> that is required by <ALIMT >(PH_1)</ALIMT>,会消除怪癖{0}需要{1}
RV2_QuirkInvalid_Reason_WouldRemoveBackstoryForcedQuirk,Would remove quirk {0} that is forced by backstory,RV2_QuirkInvalid_Reason_WouldRemoveBackstoryForcedQuirk,RV2_QuirkInvalidReasons.xml,keyed,Would remove quirk <ALIMT >(PH_1)</ALIMT> that is <ALIMT >forced</ALIMT> by backstory,会消除怪癖{0}也就是强迫背景故事
RV2_QuirkInvalid_Reason_WouldRemoveHediffForcedQuirk,Would remove quirk {0} that is forced by hediff,RV2_QuirkInvalid_Reason_WouldRemoveHediffForcedQuirk,RV2_QuirkInvalidReasons.xml,keyed,Would remove quirk <ALIMT >(PH_1)</ALIMT> that is <ALIMT >forced</ALIMT> by hediff,会消除怪癖{0}也就是强迫作者: 赫迪弗
RV2_QuirkInvalid_Reason_OtherQuirkBlocks,Another quirk blocks this quirk,RV2_QuirkInvalid_Reason_OtherQuirkBlocks,RV2_QuirkInvalidReasons.xml,keyed,Another quirk blocks this quirk,另一个怪癖阻止了这个怪癖
RV2_QuirkInvalid_Reason_BackstoryBlocks,Blocked by backstory,RV2_QuirkInvalid_Reason_BackstoryBlocks,RV2_QuirkInvalidReasons.xml,keyed,Blocked by backstory,被背景故事阻挡
RV2_QuirkInvalid_Blocking,Blocked by {0} {1},RV2_QuirkInvalid_Blocking,RV2_QuirkInvalidReasons.xml,keyed,Blocked by <ALIMT >(PH_2)</ALIMT> <ALIMT >(PH_1)</ALIMT>,被该物品阻挡:{0}{1}
RV2_QuirkInvalid_Required,Requires {0} {1},RV2_QuirkInvalid_Required,RV2_QuirkInvalidReasons.xml,keyed,Requires <ALIMT >(PH_2)</ALIMT> <ALIMT >(PH_1)</ALIMT>,需要{0}{1}
RV2_QuirkInvalid_CouldNotAddWithReason,Could not add quirk {0}: {1},RV2_QuirkInvalid_CouldNotAddWithReason,RV2_QuirkInvalidReasons.xml,keyed,Could not add quirk <ALIMT >(PH_2)</ALIMT>: <ALIMT >(PH_1)</ALIMT>,无法添加怪癖{0}:{1}
RV2_Category_None,Uncategorized,RV2_Category_None,RV2_QuirkWindow_Keys.xml,keyed,Uncategorized,未分类
RV2_QuirkWindow_Header,Vore Quirks,RV2_QuirkWindow_Header,RV2_QuirkWindow_Keys.xml,keyed,<ALIMT >vore</ALIMT> Quirks,吃人怪癖
RV2_QuirkWindow_RerollButtonLabel,Reroll All,RV2_QuirkWindow_RerollButtonLabel,RV2_QuirkWindow_Keys.xml,keyed,Reroll All,重获全部
RV2_QuirkWindow_RerollPool,Reroll quirk pool,RV2_QuirkWindow_RerollPool,RV2_QuirkWindow_Keys.xml,keyed,Reroll quirk pool,重装古怪泳池
RV2_QuirkWindow_SavePreset,Save Preset,RV2_QuirkWindow_SavePreset,RV2_QuirkWindow_Keys.xml,keyed,Save Preset,保存预设
RV2_QuirkWindow_LoadPreset,Load Preset,RV2_QuirkWindow_LoadPreset,RV2_QuirkWindow_Keys.xml,keyed,Load Preset,载入预设
RV2_QuirkWindow_DeletePreset,Delete Preset,RV2_QuirkWindow_DeletePreset,RV2_QuirkWindow_Keys.xml,keyed,Delete Preset,删除预设
RV2_QuirkWindow_CycleQuirk,Cycle quirk,RV2_QuirkWindow_CycleQuirk,RV2_QuirkWindow_Keys.xml,keyed,Cycle quirk,周期怪癖
RV2_QuirkWindow_RemoveQuirk,Remove quirk,RV2_QuirkWindow_RemoveQuirk,RV2_QuirkWindow_Keys.xml,keyed,Remove quirk,移除怪癖
RV2_QuirkWindow_InvalidButton,This entry is invalid. Refer to the description in dev mode to understand why.\n\nIt is highly recommended to remove this quirk or resolve the conflict!,RV2_QuirkWindow_InvalidButton,RV2_QuirkWindow_Keys.xml,keyed,This entry is invalid. Refer to the description in dev mode to understand why.<ALIMT >(PH_2)</ALIMT><ALIMT >(PH_1)</ALIMT>It is highly recommended to remove this quirk or resolve the conflict!,"此项无效。请参阅「开发」模式中的说明以了解原因。

强烈建议消除此怪癖或解决冲突!"
RV2_QuirkWindow_HiddenButton,This entry is normally not visible. You can see it because you have dev mode turned on.,RV2_QuirkWindow_HiddenButton,RV2_QuirkWindow_Keys.xml,keyed,This entry is normally not visible. You can see it because you have dev mode turned on.,此项目通常不可见。你可以看到它，因为你已经打开了开发者模式。
RV2_QuirkWindow_TemporaryButton,"This entry is temporary and will expire at some point, which removes it or replaces it with the original.",RV2_QuirkWindow_TemporaryButton,RV2_QuirkWindow_Keys.xml,keyed,"This entry is temporary and will expire at some point, which removes it or replaces it with the original.",此条目是临时的，将在某个时候到期，这会将其删除或替换为原始条目。
RV2_QuirkWindow_IdeologyButton,This entry is enforced by this pawns ideology. It can force quirks that the pawn would normally not have.,RV2_QuirkWindow_IdeologyButton,RV2_QuirkWindow_Keys.xml,keyed,This entry is enforced by this pawns ideology. It can force quirks that the <ALIMT >(PH_1)</ALIMT> would normally not have.,此条目由此 pawns 的文化形态所强制执行。它可以迫使古怪的人pawn通常不会。
RV2_QuirkWindow_IdeologySuppressingQuirk,Currently suppressing:,RV2_QuirkWindow_IdeologySuppressingQuirk,RV2_QuirkWindow_Keys.xml,keyed,Currently suppressing:,正在抑制:
RV2_RequirementInvalidReasons_NoDef,Pawn does not have {0} {1},RV2_RequirementInvalidReasons_NoDef,RV2_RequirementInvalidReasons.xml,keyed,Pawn does not have <ALIMT >(PH_2)</ALIMT> <ALIMT >(PH_1)</ALIMT>,Pawn 没有{0}{1}
RV2_RequirementInvalidReasons_DefTooLow,"{0} {1} too low, min: {2}",RV2_RequirementInvalidReasons_DefTooLow,RV2_RequirementInvalidReasons.xml,keyed,"<ALIMT >(PH_3)</ALIMT> <ALIMT >(PH_2)</ALIMT> too low, min: <ALIMT >(PH_1)</ALIMT>",{0}{1}过低，最低:{2}
RV2_RequirementInvalidReasons_DefTooHigh,"{0} {1} too high, max: {2}",RV2_RequirementInvalidReasons_DefTooHigh,RV2_RequirementInvalidReasons.xml,keyed,"<ALIMT >(PH_3)</ALIMT> <ALIMT >(PH_2)</ALIMT> too high, max: <ALIMT >(PH_1)</ALIMT>",{0}{1}过高，最高:{2}
RV2_RequirementInvalidReasons_NoHediffInRange,No hediff severity was in valid range: {0},RV2_RequirementInvalidReasons_NoHediffInRange,RV2_RequirementInvalidReasons.xml,keyed,No hediff severity was in valid range: <ALIMT >(PH_1)</ALIMT>,未在有效范围内:{0}
RV2_RequirementInvalidReasons_NoQuirks,Pawn has no quirks,RV2_RequirementInvalidReasons_NoQuirks,RV2_RequirementInvalidReasons.xml,keyed,Pawn has no quirks,小卒没有怪癖
RV2_RequirementInvalidReasons_InvalidRace,"Pawn is race {0}, but must be {1}",RV2_RequirementInvalidReasons_InvalidRace,RV2_RequirementInvalidReasons.xml,keyed,"Pawn is race <ALIMT >(PH_2)</ALIMT>, but must be <ALIMT >(PH_1)</ALIMT>","Pawn 正在种族中{0},但必须{1}"
RV2_RequirementInvalidReasons_InvalidRelation,"Pawn has relations {0}, but needs {1}",RV2_RequirementInvalidReasons_InvalidRelation,RV2_RequirementInvalidReasons.xml,keyed,"Pawn has relations <ALIMT >(PH_2)</ALIMT>, but needs <ALIMT >(PH_1)</ALIMT>","卒兽有关系{0},但需要{1}"
RV2_RequirementInvalidReasons_MissingAlias,Pawn does not have any of {0},RV2_RequirementInvalidReasons_MissingAlias,RV2_RequirementInvalidReasons.xml,keyed,Pawn does not have any of <ALIMT >(PH_1)</ALIMT>,Pawn 没有任何{0}
RV2_RequirementInvalidReasons_MissingBodyPart,Missing body part alias {0},RV2_RequirementInvalidReasons_MissingBodyPart,RV2_RequirementInvalidReasons.xml,keyed,Missing body part alias <ALIMT >(PH_1)</ALIMT>,缺少身体部件别名{0}
RV2_RequirementInvalidReasons_MissingHediff,Missing hediff alias {0},RV2_RequirementInvalidReasons_MissingHediff,RV2_RequirementInvalidReasons.xml,keyed,Missing hediff alias <ALIMT >(PH_1)</ALIMT>,缺少 hediff 别名{0}
RV2_RequirementInvalidReasons_MissingQuirk,Missing quirks: {0},RV2_RequirementInvalidReasons_MissingQuirk,RV2_RequirementInvalidReasons.xml,keyed,Missing quirks: <ALIMT >(PH_1)</ALIMT>,缺少怪癖:{0}
RV2_RequirementInvalidReasons_NoHediffInSeverityRange,No hediff in range: {0},RV2_RequirementInvalidReasons_NoHediffInSeverityRange,RV2_RequirementInvalidReasons.xml,keyed,No hediff in range: <ALIMT >(PH_1)</ALIMT>,无血红蛋白在射程内:{0}
RV2_RMB_Home,Vore,RV2_RMB_Home,RV2_RMB_Keys.xml,keyed,<ALIMT >vore</ALIMT>,吃人
RV2_RMB_VoreTarget,Vore - {0},RV2_RMB_VoreTarget,RV2_RMB_Keys.xml,keyed,<ALIMT >vore</ALIMT> - <ALIMT >(PH_1)</ALIMT>,voreX{0}
RV2_RMB_InitiateAsPredator,DEV: Vore {0},RV2_RMB_InitiateAsPredator,RV2_RMB_Keys.xml,keyed,DEV: <ALIMT >vore</ALIMT> <ALIMT >(PH_1)</ALIMT>,开发者:吃人{0}
RV2_RMB_InitiateAsPrey,DEV: Get vored by {0},RV2_RMB_InitiateAsPrey,RV2_RMB_Keys.xml,keyed,DEV: Get vored by <ALIMT >(PH_1)</ALIMT>,开发者: 躲避{0}
RV2_RMB_AsFeeder,DEV: Feed {0} to ...,RV2_RMB_AsFeeder,RV2_RMB_Keys.xml,keyed,DEV: Feed <ALIMT >(PH_1)</ALIMT> to ...,DEV: 喂食{0}到.
RV2_RMB_ManualPass,Pass manual stage,RV2_RMB_ManualPass,RV2_RMB_Keys.xml,keyed,Pass manual stage,通过操作阶段
RV2_RMB_JumpGoal,Change vore goal,RV2_RMB_JumpGoal,RV2_RMB_Keys.xml,keyed,Change <ALIMT >vore</ALIMT> goal,改变吃人目标
RV2_RMB_Random,Random,RV2_RMB_Random,RV2_RMB_Keys.xml,keyed,Random,随机
RV2_RMB_RandomPreferred,Random Preferred,RV2_RMB_RandomPreferred,RV2_RMB_Keys.xml,keyed,Random Preferred,喜好随机
RV2_RMB_EjectPrey_Self,Eject Prey,RV2_RMB_EjectPrey_Self,RV2_RMB_Keys.xml,keyed,Eject Prey,弹出猎物
RV2_RMB_EjectPrey_Target,Force {0} to eject prey,RV2_RMB_EjectPrey_Target,RV2_RMB_Keys.xml,keyed,Force <ALIMT >(PH_1)</ALIMT> to eject prey,强制{0}弹出猎物
RV2_RMB_AlreadyAttemptedEject,Already attempted,RV2_RMB_AlreadyAttemptedEject,RV2_RMB_Keys.xml,keyed,Already attempted,已尝试
RV2_RMB_EjectIncapable,Incapable of violence,RV2_RMB_EjectIncapable,RV2_RMB_Keys.xml,keyed,Incapable of violence,无暴力能力
RV2_RMB_ProposeAsPredator,Propose as predator to {0},RV2_RMB_ProposeAsPredator,RV2_RMB_Keys.xml,keyed,Propose as predator to <ALIMT >(PH_1)</ALIMT>,被提议为捕食者{0}
RV2_RMB_ProposeAsPrey,Propose as prey to {0},RV2_RMB_ProposeAsPrey,RV2_RMB_Keys.xml,keyed,Propose as prey to <ALIMT >(PH_1)</ALIMT>,被提议为猎物{0}
RV2_RMB_ProposeAsFeederRandomPrey,Propose feeding vore to {0} (random prey),RV2_RMB_ProposeAsFeederRandomPrey,RV2_RMB_Keys.xml,keyed,Propose feeding <ALIMT >vore</ALIMT> to <ALIMT >(PH_1)</ALIMT> (random prey),提议喂养吃人到{0}(随机猎物)
RV2_RMB_ProposeAsFeederTargetPrey,Propose feeding vore to {0} (targeted prey),RV2_RMB_ProposeAsFeederTargetPrey,RV2_RMB_Keys.xml,keyed,Propose feeding <ALIMT >vore</ALIMT> to <ALIMT >(PH_1)</ALIMT> (targeted prey),提议喂养吃人到{0}(猎物目标)
RV2_Settings_On,On,RV2_Settings_On,RV2_Settings_Keys.xml,keyed,On,开
RV2_Settings_Off,Off,RV2_Settings_Off,RV2_Settings_Keys.xml,keyed,Off,关
RV2_Settings_EnableAll,Enable all,RV2_Settings_EnableAll,RV2_Settings_Keys.xml,keyed,Enable all,全部启用
RV2_Settings_DisableAll,Disable all,RV2_Settings_DisableAll,RV2_Settings_Keys.xml,keyed,Disable all,全部禁用
RV2_Settings_Disabled,Disabled,RV2_Settings_Disabled,RV2_Settings_Keys.xml,keyed,Disabled,禁用
RV2_Settings_Enabled,Enabled,RV2_Settings_Enabled,RV2_Settings_Keys.xml,keyed,Enabled,启用
RV2_Settings_Reset,Reset,RV2_Settings_Reset,RV2_Settings_Keys.xml,keyed,Reset,重置
RV2_Settings_ResetAll,Reset all,RV2_Settings_ResetAll,RV2_Settings_Keys.xml,keyed,Reset all,全部重置
RV2_Settings_Guaranteed,Guaranteed,RV2_Settings_Guaranteed,RV2_Settings_Keys.xml,keyed,Guaranteed,保证书
RV2_Settings_None,None,RV2_Settings_None,RV2_Settings_Keys.xml,keyed,None,无
RV2_Settings_Add,Add,RV2_Settings_Add,RV2_Settings_Keys.xml,keyed,Add,添加
RV2_Settings_Remove,Remove,RV2_Settings_Remove,RV2_Settings_Keys.xml,keyed,Remove,移除
RV2_Settings_DisableRule,Disable rule,RV2_Settings_DisableRule,RV2_Settings_Keys.xml,keyed,Disable rule,禁用规则
RV2_Settings_EnableRule,Enable rule,RV2_Settings_EnableRule,RV2_Settings_Keys.xml,keyed,Enable rule,启用规则
RV2_Settings_RuleDisabled,Rule is currently disabled,RV2_Settings_RuleDisabled,RV2_Settings_Keys.xml,keyed,Rule is currently disabled,规则当前已禁用
RV2_Settings_MoveUp,Move up,RV2_Settings_MoveUp,RV2_Settings_Keys.xml,keyed,Move up,上移
RV2_Settings_MoveDown,Move down,RV2_Settings_MoveDown,RV2_Settings_Keys.xml,keyed,Move down,下移
RV2_Settings_Edit,Edit,RV2_Settings_Edit,RV2_Settings_Keys.xml,keyed,Edit,编辑
RV2_Settings_Expand,Expand,RV2_Settings_Expand,RV2_Settings_Keys.xml,keyed,Expand,扩大
RV2_Settings_Collapse,Collapse,RV2_Settings_Collapse,RV2_Settings_Keys.xml,keyed,Collapse,崩溃
RV2_Settings_SearchToolInfo,Filter settings?,RV2_Settings_SearchToolInfo,RV2_Settings_Keys.xml,keyed,Filter settings?,筛选设置？
RV2_Settings_SearchToolInfo_Tip,Enabling this will hide all settings that do not contain the given search text. This includes the tooltip and the set value for settings.\n\nSome basic labels like section text will still be displayed.,RV2_Settings_SearchToolInfo_Tip,RV2_Settings_Keys.xml,keyed,Enabling this will hide all settings that do not contain the given search text. This includes the tooltip and the set value for settings.<ALIMT >(PH_2)</ALIMT><ALIMT >(PH_1)</ALIMT>Some basic labels like section text will still be displayed.,"启用此选项将隐藏不包含给定搜索文本的所有设置。这包括工具提示和设定值。

一些基本的标签，如横断面文本，仍然会显示。"
RV2_Settings_Infinite,Infinite,RV2_Settings_Infinite,RV2_Settings_Keys.xml,keyed,Infinite,无限
RV2_Settings_Category,RimVore-2,RV2_Settings_Category,RV2_Settings_Keys.xml,keyed,RimVore-2,缔约 RimVore-2
RV2_Settings_TabNames_Debug,Debug,RV2_Settings_TabNames_Debug,RV2_Settings_Keys.xml,keyed,Debug,调试
RV2_Settings_TabNames_Features,Features,RV2_Settings_TabNames_Features,RV2_Settings_Keys.xml,keyed,Features,特性
RV2_Settings_TabNames_FineTuning,Fine-Tuning,RV2_Settings_TabNames_FineTuning,RV2_Settings_Keys.xml,keyed,Fine-Tuning,微调
RV2_Settings_TabNames_Sounds,Sounds,RV2_Settings_TabNames_Sounds,RV2_Settings_Keys.xml,keyed,Sounds,声音
RV2_Settings_TabNames_Cheats,Cheats,RV2_Settings_TabNames_Cheats,RV2_Settings_Keys.xml,keyed,Cheats,骗子
RV2_Settings_TabNames_Rules,Rules,RV2_Settings_TabNames_Rules,RV2_Settings_Keys.xml,keyed,Rules,规矩
RV2_Settings_TabNames_Quirks,Quirks,RV2_Settings_TabNames_Quirks,RV2_Settings_Keys.xml,keyed,Quirks,怪癖
RV2_Settings_TabNames_Ideology,Ideology,RV2_Settings_TabNames_Ideology,RV2_Settings_Keys.xml,keyed,Ideology,文化
RV2_Settings_TabNames_Combat,Combat,RV2_Settings_TabNames_Combat,RV2_Settings_Keys.xml,keyed,Combat,战斗
RV2_Settings_Debug_Logging,Logging,RV2_Settings_Debug_Logging,RV2_Settings_Keys.xml,keyed,Logging,伐木工人
RV2_Settings_Debug_VerboseLogging,Verbose logging,RV2_Settings_Debug_VerboseLogging,RV2_Settings_Keys.xml,keyed,Verbose logging,详细日志
RV2_Settings_Debug_PassPredatorTick,Pass predator tick,RV2_Settings_Debug_PassPredatorTick,RV2_Settings_Keys.xml,keyed,Pass predator tick,通过捕食者 tick
RV2_Settings_Debug_LabelRefresh,Hediff label refresh interval (ticks),RV2_Settings_Debug_LabelRefresh,RV2_Settings_Keys.xml,keyed,Hediff label refresh interval (ticks),Hediff 标签刷新间隔 (tick)
RV2_Settings_Debug_MaxCachedInteractions,Max cached vore interactions,RV2_Settings_Debug_MaxCachedInteractions,RV2_Settings_Keys.xml,keyed,Max cached <ALIMT >vore</ALIMT> interactions,最大缓存量吃人互动
RV2_Settings_Debug_MaxCachedInteractions_Tip,"Going too big here might bloat your RAM, you have been warned",RV2_Settings_Debug_MaxCachedInteractions_Tip,RV2_Settings_Keys.xml,keyed,"Going too big here might bloat your RAM, you have been warned",有人警告过你，在这里太大可能会让你的公绵羊膨胀
RV2_Settings_Features_VoreQuirksEnabled,Vore Quirks,RV2_Settings_Features_VoreQuirksEnabled,RV2_Settings_Keys.xml,keyed,<ALIMT >vore</ALIMT> Quirks,吃人怪癖
RV2_Settings_Features_VoreQuirksEnabled_Tip,Enable the quirk creation for pawns.\nThe quirks of each pawn can be accessed via the gizmo when the pawn is selected.,RV2_Settings_Features_VoreQuirksEnabled_Tip,RV2_Settings_Keys.xml,keyed,Enable the quirk creation for pawns.<ALIMT >(PH_3)</ALIMT>The quirks of each <ALIMT >(PH_2)</ALIMT> can be accessed via the gizmo when the <ALIMT >(PH_1)</ALIMT> is selected.,"为殖民者启用古怪创造。
每个的怪癖pawn可通过 gizmo 访问pawn被选中。"
RV2_Settings_Features_FatalVoreEnabled,Fatal vore,RV2_Settings_Features_FatalVoreEnabled,RV2_Settings_Keys.xml,keyed,Fatal <ALIMT >vore</ALIMT>,致命吃人
RV2_Settings_Features_FatalVoreEnabled_Tip,Enable vore with the intent to kill a prey.,RV2_Settings_Features_FatalVoreEnabled_Tip,RV2_Settings_Keys.xml,keyed,Enable <ALIMT >vore</ALIMT> with the intent to kill a prey.,启用吃人意图杀死猎物。
RV2_Settings_Features_EndoVoreEnabled,Endo vore,RV2_Settings_Features_EndoVoreEnabled,RV2_Settings_Keys.xml,keyed,Endo <ALIMT >vore</ALIMT>,接上吃人
RV2_Settings_Features_EndoVoreEnabled_Tip,Enable vore that does not directly lead to a pawns death.,RV2_Settings_Features_EndoVoreEnabled_Tip,RV2_Settings_Keys.xml,keyed,Enable <ALIMT >vore</ALIMT> that does not directly lead to a pawns death.,启用吃人这并不会直接导致殖民者的死亡。
RV2_Settings_Features_FeederVoreEnabled,Feeder vore,RV2_Settings_Features_FeederVoreEnabled,RV2_Settings_Keys.xml,keyed,Feeder <ALIMT >vore</ALIMT>,饲养员吃人
RV2_Settings_Features_FeederVoreEnabled_Tip,Enable pawns feeding a prey to a predator without doing any direct vore themself.,RV2_Settings_Features_FeederVoreEnabled_Tip,RV2_Settings_Keys.xml,keyed,Enable pawns feeding a prey to a predator without doing any direct <ALIMT >vore</ALIMT> themself.,允许 pawns 直接将猎物喂给捕食者吃人它自己。
RV2_Settings_Features_AnimalsEnabled,Animals,RV2_Settings_Features_AnimalsEnabled,RV2_Settings_Keys.xml,keyed,Animals,驯兽工作
RV2_Settings_Features_AnimalsEnabled_Tip,Enable animals voring and being vored.\nCan also be disabled in the rules - this is more of a legacy setting.,RV2_Settings_Features_AnimalsEnabled_Tip,RV2_Settings_Keys.xml,keyed,Enable animals voring and being vored.<ALIMT >(PH_1)</ALIMT>Can also be disabled in the rules - this is more of a legacy setting.,"允许收留和被伏击的动物。
也可以在规则中禁用-这更像是一个遗留设置。"
RV2_Settings_Features_ShowVoreTab,Vore tab,RV2_Settings_Features_ShowVoreTab,RV2_Settings_Keys.xml,keyed,<ALIMT >vore</ALIMT> tab,吃人标签
RV2_Settings_Features_ShowVoreTab_Tip,Enable the vore tab.\nThe vore tab shows up on active predators and displays all of their prey in a fancier way than the hediffs.\nThe hediffs will still show up in the health tab though!,RV2_Settings_Features_ShowVoreTab_Tip,RV2_Settings_Keys.xml,keyed,Enable the <ALIMT >vore</ALIMT> tab.<ALIMT >(PH_2)</ALIMT>The <ALIMT >vore</ALIMT> tab shows up on active predators and displays all of their prey in a fancier way than the hediffs.<ALIMT >(PH_1)</ALIMT>The hediffs will still show up in the health tab though!,"启用吃人标签。
该吃人选项卡在主动肉食动物上显示，并以比野人更喜欢的方式显示它们所有的猎物。
尽管如此，这些蹒跚怪还是会出现在「健康」选项卡中!"
RV2_Settings_Features_ShowRMBVoreMenu,Manual Vore,RV2_Settings_Features_ShowRMBVoreMenu,RV2_Settings_Keys.xml,keyed,Manual <ALIMT >vore</ALIMT>,手动吃人
RV2_Settings_Features_ShowRMBVoreMenu_Tip,Enable the RMB context options when right-clicking on a pawn.\nThis includes options to reserve prey for feeding vore and proposing vore directly.,RV2_Settings_Features_ShowRMBVoreMenu_Tip,RV2_Settings_Keys.xml,keyed,Enable the RMB context options when right-clicking on a <ALIMT >(PH_2)</ALIMT>.<ALIMT >(PH_1)</ALIMT>This includes options to reserve prey for feeding <ALIMT >vore</ALIMT> and proposing <ALIMT >vore</ALIMT> directly.,"当右键单击pawn
这包括了猎物的储备选项吃人和求婚吃人直接。"
RV2_Settings_Features_RMBProposalsUseAutoVoreInterval,RMB Proposals use auto vore interval,RV2_Settings_Features_RMBProposalsUseAutoVoreInterval,RV2_Settings_Keys.xml,keyed,RMB Proposals use auto <ALIMT >vore</ALIMT> interval,人民币提案使用自动吃人间隔
RV2_Settings_Features_RMBProposalsUseAutoVoreInterval_Tip,This will block vore proposals initatiated via the RMB menu if the auto vore cooldown for the given pawn has not elapsed yet.\n\nYou can configure this cooldown interval in the fine-tuning settings.,RV2_Settings_Features_RMBProposalsUseAutoVoreInterval_Tip,RV2_Settings_Keys.xml,keyed,This will block <ALIMT >vore</ALIMT> proposals initatiated via the RMB menu if the auto <ALIMT >vore</ALIMT> cooldown for the given <ALIMT >(PH_3)</ALIMT> has not elapsed yet.<ALIMT >(PH_2)</ALIMT><ALIMT >(PH_1)</ALIMT>You can configure this cooldown interval in the fine-tuning settings.,"阻挡吃人通过「人民币」菜单激活的方案，如果自动吃人给定的冷却时间pawn尚未消逝。

你可以在微调设置中配置此冷却时间间隔。"
RV2_Settings_Features_ShowGizmo,Gizmo,RV2_Settings_Features_ShowGizmo,RV2_Settings_Keys.xml,keyed,Gizmo,小发明
RV2_Settings_Features_ShowGizmo_Tip,"Enable the RV2 gizmo containing Predator, Endo Prey and Fatal Prey designations, and the quirk menu.\nThe gizmo shows up whenever a pawn is selected.",RV2_Settings_Features_ShowGizmo_Tip,RV2_Settings_Keys.xml,keyed,"Enable the RV2 gizmo containing Predator, Endo Prey and Fatal Prey designations, and the quirk menu.<ALIMT >(PH_2)</ALIMT>The gizmo shows up whenever a <ALIMT >(PH_1)</ALIMT> is selected.","启用 RV2 gizmo，其中包含捕食者，猎物和致命猎物的标记，以及古怪菜单。
只要pawn被选中。"
RV2_Settings_Features_ScatEnabled,Scat,RV2_Settings_Features_ScatEnabled,RV2_Settings_Keys.xml,keyed,<ALIMT >scat</ALIMT>,粪便💩
RV2_Settings_Features_ScatEnabled_Tip,This will not affect any already existing items or curently ongoing Vore!,RV2_Settings_Features_ScatEnabled_Tip,RV2_Settings_Keys.xml,keyed,This will not affect any already existing items or curently ongoing <ALIMT >vore</ALIMT>!,这不会影响任何已经存在的或目前正在进行的物品吃人不!
RV2_Settings_Features_BonesEnabled,Bones,RV2_Settings_Features_BonesEnabled,RV2_Settings_Keys.xml,keyed,Bones,骷髅
RV2_Settings_Features_BonesEnabled_Tip,This will not affect any already existing items or curently ongoing Vore!,RV2_Settings_Features_BonesEnabled_Tip,RV2_Settings_Keys.xml,keyed,This will not affect any already existing items or curently ongoing <ALIMT >vore</ALIMT>!,这不会影响任何已经存在的或目前正在进行的物品吃人不!
RV2_Settings_Features_BackstoryGenitalsEnabled,Backstory genitals,RV2_Settings_Features_BackstoryGenitalsEnabled,RV2_Settings_Keys.xml,keyed,Backstory genitals,背景故事生殖器
RV2_Settings_Features_BackstoryGenitalsEnabled_Tip,"If this is enabled, backstories provided by RV2 are allowed to force pawns to have specific genitalia. This may result in futanari pawns being generated! If you disable this and get stuck with an ""invalid"" backstory, you need to overwrite the backstory via dev mode.",RV2_Settings_Features_BackstoryGenitalsEnabled_Tip,RV2_Settings_Keys.xml,keyed,"If this is enabled, backstories provided by RV2 are allowed to force pawns to have specific genitalia. This may result in <ALIMT >futanari</ALIMT> pawns being generated! If you disable this and get stuck with an ""invalid"" backstory, you need to overwrite the backstory via dev mode.",如果启用此选项，则允许 RV2 提供的背景故事强制 pawns 拥有特定的生殖器。这可能会导致futanariPawns 正在生成中!如果你禁用了这个选项，并陷入了一个 “无效” 的背景故事，你需要通过开发模式覆盖这个背景故事。
RV2_Settings_Features_GrapplingEnabled,Grappling,RV2_Settings_Features_GrapplingEnabled,RV2_Settings_Keys.xml,keyed,Grappling,格斗
RV2_Settings_Features_GrapplingEnabled_Tip,Pawns can initiate a grapple move in which they attempt to throw their target to the ground and vore them.,RV2_Settings_Features_GrapplingEnabled_Tip,RV2_Settings_Keys.xml,keyed,Pawns can initiate a grapple move in which they attempt to throw their target to the ground and <ALIMT >vore</ALIMT> them.,殖民者可以发起一个格斗动作，在这个动作中他们会将目标扔到地上吃人他们。
RV2_Settings_Features_StrugglingEnabled,Struggling,RV2_Settings_Features_StrugglingEnabled,RV2_Settings_Keys.xml,keyed,Struggling,挣扎中
RV2_Settings_Features_StrugglingEnabled_Tip,Unwilling prey can struggle inside of predators to force their release from vore,RV2_Settings_Features_StrugglingEnabled_Tip,RV2_Settings_Keys.xml,keyed,Unwilling prey can struggle inside of predators to force their release from <ALIMT >vore</ALIMT>,不情愿的猎物会在捕食动物的体内挣扎以强制将其从吃人
RV2_Settings_Features_SpecificVoreScenariosIgnoreDesignations,Specific vore scenarios ignore designations,RV2_Settings_Features_SpecificVoreScenariosIgnoreDesignations,RV2_Settings_Keys.xml,keyed,Specific <ALIMT >vore</ALIMT> scenarios ignore designations,具体吃人剧本忽略指派
RV2_Settings_Features_SpecificVoreScenariosIgnoreDesignations_Tip,"In some cases pawns may be allowed to ignore the designations (predator, endo prey, fatal prey).\n\nThe setting is meant to provide some level of immersion, where in some scenarios the ""will of the player"" should be ignored.\n\nThis means some pawns may be fatally vored when they have the fatal vore designation disabled! The rest of the rules (like age) are still enforced!\n\nExamples include but are not limited to manhunting animals and vore-kidnapping raiders.",RV2_Settings_Features_SpecificVoreScenariosIgnoreDesignations_Tip,RV2_Settings_Keys.xml,keyed,"In some cases pawns may be allowed to ignore the designations (predator, endo prey, fatal prey).<ALIMT >(PH_6)</ALIMT><ALIMT >(PH_5)</ALIMT>The setting is meant to provide some level of immersion, where in some scenarios the ""will of the player"" should be ignored.<ALIMT >(PH_4)</ALIMT><ALIMT >(PH_3)</ALIMT>This means some pawns may be fatally vored when they have the fatal <ALIMT >vore</ALIMT> designation disabled! The rest of the rules (like age) are still enforced!<ALIMT >(PH_2)</ALIMT><ALIMT >(PH_1)</ALIMT>Examples include but are not limited to manhunting animals and <ALIMT >vore</ALIMT>-kidnapping raiders.","在某些情况下，可能允许 pawns 忽略指定 (捕食者，近亲猎物，致命猎物)。

该设置旨在提供一定程度的沉浸感，在某些场景中，“玩家的意志” 应该被忽略。

这意味着当一些殖民者拥有致命武器时，他们可能会被致死吃人指定禁用!其余的规则 (如年龄) 仍然被强制执行!

例子包括但不限于猎杀人类动物和吃人-绑架袭击者。"
RV2_Settings_Features_IgnoreDesignations_MentalState,Vore mental states,RV2_Settings_Features_IgnoreDesignations_MentalState,RV2_Settings_Keys.xml,keyed,<ALIMT >vore</ALIMT> mental states,吃人精神状态
RV2_Settings_Features_IgnoreDesignations_MentalState_Tip,Note: Vore mental states may pick either endo or fatal goals,RV2_Settings_Features_IgnoreDesignations_MentalState_Tip,RV2_Settings_Keys.xml,keyed,Note: <ALIMT >vore</ALIMT> mental states may pick either endo or fatal goals,注意:吃人精神状态可能会选择强化目标或致命目标
RV2_Settings_Features_IgnoreDesignations_VoreHuntingAnimals,Vore hunting animals,RV2_Settings_Features_IgnoreDesignations_VoreHuntingAnimals,RV2_Settings_Keys.xml,keyed,<ALIMT >vore</ALIMT> hunting animals,吃人猎杀动物
RV2_Settings_Features_IgnoreDesignations_VoreHuntingAnimals_Tip,Note: Aggressive animals will almost always pick fatal goals!\n\nIncludes manhunting animals choosing to do vore,RV2_Settings_Features_IgnoreDesignations_VoreHuntingAnimals_Tip,RV2_Settings_Keys.xml,keyed,Note: Aggressive animals will almost always pick fatal goals!<ALIMT >(PH_2)</ALIMT><ALIMT >(PH_1)</ALIMT>Includes manhunting animals choosing to do <ALIMT >vore</ALIMT>,"注意: 好斗的动物几乎总是会选择致命的目标!

包括选择猎杀人类的动物吃人"
RV2_Settings_Features_IgnoreDesignations_KidnappingRaiders,Kidnapping raiders,RV2_Settings_Features_IgnoreDesignations_KidnappingRaiders,RV2_Settings_Keys.xml,keyed,Kidnapping raiders,绑架袭击者
RV2_Settings_Features_IgnoreDesignations_KidnappingRaiders_Tip,Note: Vore-napping raiders will always use the Store goal,RV2_Settings_Features_IgnoreDesignations_KidnappingRaiders_Tip,RV2_Settings_Keys.xml,keyed,Note: <ALIMT >vore</ALIMT>-napping raiders will always use the Store goal,注意:吃人-打盹的袭击者将始终使用商店的目标
RV2_Settings_Features_IgnoreDesignations_IgnoreDesignationsGoalSwitching,Goal switching,RV2_Settings_Features_IgnoreDesignations_IgnoreDesignationsGoalSwitching,RV2_Settings_Keys.xml,keyed,Goal switching,目标切换
RV2_Settings_Features_IgnoreDesignations_IgnoreDesignationsGoalSwitching_Tip,Note: Enabling this means that pawns that predators can switch the vore goal (pleasure -> digest) on their prey even if they are not designated as fatal prey!,RV2_Settings_Features_IgnoreDesignations_IgnoreDesignationsGoalSwitching_Tip,RV2_Settings_Keys.xml,keyed,Note: Enabling this means that pawns that predators can <ALIMT >switch</ALIMT> the <ALIMT >vore</ALIMT> goal (pleasure -> digest) on their prey even if they are not designated as fatal prey!,注意: 启用这意味着捕食者的 pawns 可以转变该吃人目标 (愉悦-> 消化) 猎物，即使他们没有被指定为致命的猎物!
RV2_Settings_Features_AlwaysShowDesignationGizmos,Always show designation gizmos,RV2_Settings_Features_AlwaysShowDesignationGizmos,RV2_Settings_Keys.xml,keyed,Always show designation gizmos,总是显示指定装置
RV2_Settings_Features_AlwaysShowDesignationGizmos_Tip,"By default you can only directly control the vore designations (predator, fatal, endo) of player controlled pawns. Turning this on will allow you to change hostile pawns designations.",RV2_Settings_Features_AlwaysShowDesignationGizmos_Tip,RV2_Settings_Keys.xml,keyed,"By default you can only directly control the <ALIMT >vore</ALIMT> designations (predator, fatal, endo) of player controlled pawns. Turning this on will allow you to change hostile pawns designations.",默认情况下，你只能直接控制吃人玩家控制的 pawns 的标记 (捕食者，致命的，endo)。启用此项将允许你更改敌对 pawns 的名称。
RV2_Settings_Features_AddVoredPawnsToColonistBar,Add vored pawns to colonist bar,RV2_Settings_Features_AddVoredPawnsToColonistBar,RV2_Settings_Keys.xml,keyed,Add vored pawns to colonist bar,将被伏击的 pawns 加入殖民者酒吧
RV2_Settings_Features_AddVoredPawnsToColonistBar_Tip,Vored pawns will be drawn in their own group on the colonist bar,RV2_Settings_Features_AddVoredPawnsToColonistBar_Tip,RV2_Settings_Keys.xml,keyed,Vored pawns will be drawn in their own group on the colonist bar,被奴役的 pawns 将会在殖民者酒吧里被吸引到他们自己的团体里。
RV2_Settings_FineTuning_Header_VoreProposals,Vore Proposals,RV2_Settings_FineTuning_Header_VoreProposals,RV2_Settings_Keys.xml,keyed,<ALIMT >vore</ALIMT> Proposals,吃人提议
RV2_Settings_FineTuning_Header_Misc,Misc,RV2_Settings_FineTuning_Header_Misc,RV2_Settings_Keys.xml,keyed,Misc,杂项
RV2_Settings_FineTuning_Header_AutoVore,Auto-Vore,RV2_Settings_FineTuning_Header_AutoVore,RV2_Settings_Keys.xml,keyed,Auto-<ALIMT >vore</ALIMT>,自动吃人
RV2_Settings_FineTuning_Header_Feeding,Feeding,RV2_Settings_FineTuning_Header_Feeding,RV2_Settings_Keys.xml,keyed,Feeding,喂养
RV2_Settings_FineTuning_Header_Struggling,Struggling,RV2_Settings_FineTuning_Header_Struggling,RV2_Settings_Keys.xml,keyed,Struggling,挣扎中
RV2_Settings_FineTuning_ForbidDigestedCorpse,Forbid digested Corpse,RV2_Settings_FineTuning_ForbidDigestedCorpse,RV2_Settings_Keys.xml,keyed,Forbid digested Corpse,禁用被消化的尸体
RV2_Settings_FineTuning_ForbidDigestedCorpse_Tip,This setting allows you to automatically set corpses spawned by opening a vore product container to forbidden.,RV2_Settings_FineTuning_ForbidDigestedCorpse_Tip,RV2_Settings_Keys.xml,keyed,This setting allows you to automatically set corpses spawned by opening a <ALIMT >vore</ALIMT> product container to forbidden.,此设置允许你自动设置通过打开一个吃人产品容器已禁用。
RV2_Settings_FineTuning_DefaultStripBehaviour,Default strip?,RV2_Settings_FineTuning_DefaultStripBehaviour,RV2_Settings_Keys.xml,keyed,Default strip?,默认剥光区？
RV2_Settings_FineTuning_DefaultStripBehaviour_Tip,This will only be used when predator and quirk either have no quirks to determine stripping OR their quirks cancel each other out,RV2_Settings_FineTuning_DefaultStripBehaviour_Tip,RV2_Settings_Keys.xml,keyed,This will only be used when predator and quirk either have no quirks to determine stripping OR their quirks cancel each other out,只有当捕食者和怪癖者没有怪癖来决定剥光或它们的怪癖相互抵消时才会使用。
RV2_Settings_FineTuning_AutoHaulVoreContainer,Auto-haul vore containers,RV2_Settings_FineTuning_AutoHaulVoreContainer,RV2_Settings_Keys.xml,keyed,Auto-haul <ALIMT >vore</ALIMT> containers,自动搬运吃人容器
RV2_Settings_FineTuning_AutoHaulVoreContainer_Tip,"Automatically designate vore containers to be hauled, which will mean hauling pawns will take it to a dumping stockpile.",RV2_Settings_FineTuning_AutoHaulVoreContainer_Tip,RV2_Settings_Keys.xml,keyed,"Automatically designate <ALIMT >vore</ALIMT> containers to be hauled, which will mean hauling pawns will take it to a dumping stockpile.",自动指定吃人要搬运的容器，这意味着搬运的 pawns 会把它带到垃圾储存区。
RV2_Settings_FineTuning_AutoOpenVoreContainer,Auto-open vore containers,RV2_Settings_FineTuning_AutoOpenVoreContainer,RV2_Settings_Keys.xml,keyed,Auto-open <ALIMT >vore</ALIMT> containers,自动开启吃人容器
RV2_Settings_FineTuning_AutoOpenVoreContainer_Tip,"Automatically designate vore containers to be opened, pawns generally prioritize opening over hauling, so they will pretty much always open the container before hauling the items.",RV2_Settings_FineTuning_AutoOpenVoreContainer_Tip,RV2_Settings_Keys.xml,keyed,"Automatically designate <ALIMT >vore</ALIMT> containers to be opened, pawns generally prioritize opening over hauling, so they will pretty much always open the container before hauling the items.",自动指定吃人如果打开容器，pawns 通常会优先考虑打开容器而不是搬运，因此他们几乎总是会在搬运物品之前打开容器。
RV2_Settings_FineTuning_ForbidNonFactionVoreContainer,Forbid non-faction vore containers,RV2_Settings_FineTuning_ForbidNonFactionVoreContainer,RV2_Settings_Keys.xml,keyed,Forbid non-faction <ALIMT >vore</ALIMT> containers,禁止非派系成员吃人容器
RV2_Settings_FineTuning_ForbidNonFactionVoreContainer_Tip,Turning this on will automatically forbid vore containers produced by pawns that do not belong to the player faction.\n\nThis means your colonists won't automatically haul scat piles and the likes from wild animals.,RV2_Settings_FineTuning_ForbidNonFactionVoreContainer_Tip,RV2_Settings_Keys.xml,keyed,Turning this on will automatically forbid <ALIMT >vore</ALIMT> containers produced by pawns that do not belong to the player faction.<ALIMT >(PH_2)</ALIMT><ALIMT >(PH_1)</ALIMT>This means your colonists won't automatically haul <ALIMT >scat</ALIMT> piles and the likes from wild animals.,"开启后将会自动禁用吃人由不属于玩家派系的殖民者生产的容器。

这意味着你的殖民者不会自动搬运粪便💩来自野生动物的堆和类似的东西。"
RV2_Settings_FineTuning_ReformHumanoidsAsNewborn,Reform humanoid as newborn,RV2_Settings_FineTuning_ReformHumanoidsAsNewborn,RV2_Settings_Keys.xml,keyed,Reform humanoid as newborn,改造刚出生的人类
RV2_Settings_FineTuning_ReformHumanoidsAsNewborn_Tip,"If this is set to false, RV2 will try to determine the minimum age required to participate in vore for the reformed pawn.\nThis can not affect non-humanoids due to complications with PawnKinds and their valid age ranges",RV2_Settings_FineTuning_ReformHumanoidsAsNewborn_Tip,RV2_Settings_Keys.xml,keyed,"If this is set to false, RV2 will try to determine the minimum age required to participate in <ALIMT >vore</ALIMT> for the reformed <ALIMT >(PH_2)</ALIMT>.<ALIMT >(PH_1)</ALIMT>This can not affect non-humanoids due to complications with PawnKinds and their valid age ranges","如果设置为 false，RV2 将尝试确定参加吃人对于改革pawn
这不能影响非人体由于并发症与 PawnKinds 和他们的有效年龄范围"
RV2_Settings_FineTuning_SkipWarmupWhenAlreadyDigesting,Skip warmup when already digesting,RV2_Settings_FineTuning_SkipWarmupWhenAlreadyDigesting,RV2_Settings_Keys.xml,keyed,Skip warmup when already digesting,在已经在消化的环境中跳过预热
RV2_Settings_FineTuning_SkipWarmupWhenAlreadyDigesting_Tip,"If a predator is already digesting prey, or churning digested prey, any new prey to be digested by the same part will skip the warmup phase, and immediately begin digesting.",RV2_Settings_FineTuning_SkipWarmupWhenAlreadyDigesting_Tip,RV2_Settings_Keys.xml,keyed,"If a predator is already digesting prey, or churning digested prey, any new prey to be digested by the same part will skip the warmup phase, and immediately begin digesting.",如果捕食者已经在消化或搅动已消化的猎物，任何新的被同一部分消化的猎物都会跳过预热阶段，并立即开始消化。
RV2_Settings_FineTuning_ManhuntersVoreDownedPawns,Manhunters vore downed pawns,RV2_Settings_FineTuning_ManhuntersVoreDownedPawns,RV2_Settings_Keys.xml,keyed,Manhunters <ALIMT >vore</ALIMT> downed pawns,猎杀人类吃人倒地的 pawns
RV2_Settings_FineTuning_ManhuntersVoreDownedPawns_Tip,"Toggles manhunters voring downed pawns if there are no new pawns to attack.\nDue to the way the jobGiver for manhunters works, this is a simple true/false and not a chance like with kidnapping or hunting.",RV2_Settings_FineTuning_ManhuntersVoreDownedPawns_Tip,RV2_Settings_Keys.xml,keyed,"Toggles manhunters voring downed pawns if there are no new pawns to attack.<ALIMT >(PH_1)</ALIMT>Due to the way the jobGiver for manhunters works, this is a simple true/false and not a chance like with kidnapping or hunting.","如果没有新的猎杀兽需要攻击，便会让猎杀人类的活跃度不断。
由于猎杀人类者的工作方式，这是一个简单的对/错，而不是像绑架或狩猎这样的机会。"
RV2_Settings_FineTuning_HuntingAnimalsVoreChance,Hunting animals vore chance,RV2_Settings_FineTuning_HuntingAnimalsVoreChance,RV2_Settings_Keys.xml,keyed,Hunting animals <ALIMT >vore</ALIMT> chance,猎杀动物吃人几率
RV2_Settings_FineTuning_HuntingAnimalsVoreChance_Tip,"When an animal uses its hunting AI, this setting can intercept the base game hunting and replace it with a job that makes the animal down their prey and then vore it.",RV2_Settings_FineTuning_HuntingAnimalsVoreChance_Tip,RV2_Settings_Keys.xml,keyed,"When an animal uses its hunting AI, this setting can intercept the base game hunting and replace it with a job that makes the animal down their prey and then <ALIMT >vore</ALIMT> it.",当动物使用其狩猎 AI 时，此设置可以拦截基础游戏狩猎，并代之以一份能让动物击倒其猎物的工作，然后吃人它。
RV2_Settings_FineTuning_FailedTameVoreChance,Chance to be vored when taming failed,RV2_Settings_FineTuning_FailedTameVoreChance,RV2_Settings_Keys.xml,keyed,Chance to be vored when taming failed,驯服失败后被背叛的几率
RV2_Settings_FineTuning_FailedTameVoreChance_Tip,"When a taming attempt fails, this is the chance that the tamer will be vored by the animal. Literal predator animals will use fatal vore, other animals will use endo vore.\n\nAnimal skill impacts this with a multiplier of 1.5x - 0.5x for animal skill 0 - 20 respectively",RV2_Settings_FineTuning_FailedTameVoreChance_Tip,RV2_Settings_Keys.xml,keyed,"When a taming attempt fails, this is the chance that the tamer will be vored by the animal. Literal predator animals will use fatal <ALIMT >vore</ALIMT>, other animals will use endo <ALIMT >vore</ALIMT>.<ALIMT >(PH_2)</ALIMT><ALIMT >(PH_1)</ALIMT>Animal skill impacts this with a multiplier of 1.5x - 0.5x for animal skill 0 - 20 respectively","当尝试驯服失败时，这就是驯兽师被动物奴役的几率。捕食者将使用致命的文字吃人,其他动物将使用吃人

动物技能的影响系数为 1.5x-0.5x，动物技能为 0-20。"
RV2_Settings_FineTuning_RaiderVorenappingChance,Raider kidnap vore chance,RV2_Settings_FineTuning_RaiderVorenappingChance,RV2_Settings_Keys.xml,keyed,Raider kidnap <ALIMT >vore</ALIMT> chance,袭击者绑架吃人几率
RV2_Settings_FineTuning_RaiderVorenappingChance_Tip,"When a hostile pawn would kidnap a colonist, this setting can intercept the kidnap job and replace it with a job that makes the raider vore the colonist.",RV2_Settings_FineTuning_RaiderVorenappingChance_Tip,RV2_Settings_Keys.xml,keyed,"When a hostile <ALIMT >(PH_1)</ALIMT> would kidnap a colonist, this setting can intercept the kidnap job and replace it with a job that makes the raider <ALIMT >vore</ALIMT> the colonist.",当敌人pawn会绑架一个殖民者，这个设置可以拦截绑架任务，并替换为一个任务，这个任务会让袭击者吃人殖民者。
RV2_Settings_FineTuning_MinVoreProposalCooldown,Minimum vore proposal cooldown ticks,RV2_Settings_FineTuning_MinVoreProposalCooldown,RV2_Settings_Keys.xml,keyed,Minimum <ALIMT >vore</ALIMT> proposal cooldown ticks,最小值吃人求婚冷却滴答
RV2_Settings_FineTuning_MaxVoreProposalCooldown,Maximum vore proposal cooldown ticks,RV2_Settings_FineTuning_MaxVoreProposalCooldown,RV2_Settings_Keys.xml,keyed,Maximum <ALIMT >vore</ALIMT> proposal cooldown ticks,最高吃人求婚冷却滴答
RV2_Settings_FineTuning_VoreProposalCooldown_Tip,"After a proposal there is a randomized cooldown. You can set the minimum and maximum range for the cooldown, with a detailed time explanation below the two settings.",RV2_Settings_FineTuning_VoreProposalCooldown_Tip,RV2_Settings_Keys.xml,keyed,"After a proposal there is a randomized cooldown. You can set the minimum and maximum range for the cooldown, with a detailed time explanation below the two settings.",求婚后会有一个随机的冷却时间。你可以设置冷却时间的最小和最大范围，在这两个设置的下方有详细的时间说明。
RV2_Settings_FineTuning_ExplainedProposalCooldown,Proposal cooldown (ingame): {0} - {1},RV2_Settings_FineTuning_ExplainedProposalCooldown,RV2_Settings_Keys.xml,keyed,Proposal cooldown (ingame): <ALIMT >(PH_2)</ALIMT> - <ALIMT >(PH_1)</ALIMT>,提案冷却时间 (ingame):{0}X{1}
RV2_Settings_FineTuning_ExplainedProposalCooldown_Tip,"In real-time (speed 1):\n{0}\nto\n{1}\n\nFor Speed 2 divide by 3, Speed 3 by 6\n- unless you use mods that change these values.",RV2_Settings_FineTuning_ExplainedProposalCooldown_Tip,RV2_Settings_Keys.xml,keyed,"In real-time (speed 1):<ALIMT >(PH_8)</ALIMT><ALIMT >(PH_7)</ALIMT><ALIMT >(PH_6)</ALIMT>to<ALIMT >(PH_5)</ALIMT><ALIMT >(PH_4)</ALIMT><ALIMT >(PH_3)</ALIMT><ALIMT >(PH_2)</ALIMT>For Speed 2 divide by 3, Speed 3 by 6<ALIMT >(PH_1)</ALIMT>- unless you use mods that change these values.","实时 (速度 1):
{0}
到
{1}

对于速度 2 除以 3，速度 3 乘 6
-除非你使用了改变这些值的 mod。"
RV2_Settings_FineTuning_ProposalTimeTicks,Active proposal duration,RV2_Settings_FineTuning_ProposalTimeTicks,RV2_Settings_Keys.xml,keyed,Active proposal duration,方案生效持续时间
RV2_Settings_FineTuning_ProposalTimeTicks_Tip,The amount of time it takes to verbally propose to another pawn (the wait time until proposal acceptance is calculated),RV2_Settings_FineTuning_ProposalTimeTicks_Tip,RV2_Settings_Keys.xml,keyed,The amount of time it takes to verbally propose to another <ALIMT >(PH_1)</ALIMT> (the wait time until proposal acceptance is calculated),口头求婚所需的时间pawn(方案接受计算所需的等待时间)
RV2_Settings_FineTuning_ForcedVoreChanceOnFailedProposal,Denied proposal leads to forced vore fight chance: ,RV2_Settings_FineTuning_ForcedVoreChanceOnFailedProposal,RV2_Settings_Keys.xml,keyed,Denied proposal leads to <ALIMT >forced</ALIMT> <ALIMT >vore</ALIMT> fight chance: ,拒绝求婚导致forcedvore战斗几率:
RV2_Settings_FineTuning_ForcedVoreChanceOnFailedProposal_Tip,The likelihood an initiator engages in combat with their target when they deny a proposal from them.,RV2_Settings_FineTuning_ForcedVoreChanceOnFailedProposal_Tip,RV2_Settings_Keys.xml,keyed,The likelihood an initiator engages in combat with their target when they deny a proposal from them.,当发起者拒绝其目标的提议时，其参与战斗的可能性。
RV2_Settings_FineTuning_PrisonersMustConsentToProposal,Prisoners must agree to be vored,RV2_Settings_FineTuning_PrisonersMustConsentToProposal,RV2_Settings_Keys.xml,keyed,Prisoners must agree to be vored,囚犯必须同意被伏击
RV2_Settings_FineTuning_PrisonersMustConsentToProposal_Tip,Enabling this means that prisoners can deny vore proposals.,RV2_Settings_FineTuning_PrisonersMustConsentToProposal_Tip,RV2_Settings_Keys.xml,keyed,Enabling this means that prisoners can deny <ALIMT >vore</ALIMT> proposals.,启用这意味着囚犯可以否认吃人提议。
RV2_Settings_FineTuning_SlavesMustConsentToProposal,Slaves must agree to be vored,RV2_Settings_FineTuning_SlavesMustConsentToProposal,RV2_Settings_Keys.xml,keyed,Slaves must agree to be vored,奴隶必须同意被奴役
RV2_Settings_FineTuning_SlavesMustConsentToProposal_Tip,Enabling this means that slaves can deny vore proposals.,RV2_Settings_FineTuning_SlavesMustConsentToProposal_Tip,RV2_Settings_Keys.xml,keyed,Enabling this means that slaves can deny <ALIMT >vore</ALIMT> proposals.,启用这意味着奴隶可以否认吃人提议。
RV2_Settings_FineTuning_AutoAcceptAnimal,Auto-accept on high animal skill,RV2_Settings_FineTuning_AutoAcceptAnimal,RV2_Settings_Keys.xml,keyed,Auto-accept on high animal skill,自动接受动物技能满
RV2_Settings_FineTuning_AutoAcceptAnimal_Tip,Vore proposals directed at animals can be skipped if the proposer has a high animal skill.,RV2_Settings_FineTuning_AutoAcceptAnimal_Tip,RV2_Settings_Keys.xml,keyed,<ALIMT >vore</ALIMT> proposals directed at animals can be skipped if the proposer has a high animal skill.,吃人如果发起者有很高的动物技能，则可以跳过针对动物的提议。
RV2_Settings_FineTuning_AutoAcceptAnimalSkill,Animal skill to auto-accept,RV2_Settings_FineTuning_AutoAcceptAnimalSkill,RV2_Settings_Keys.xml,keyed,Animal skill to auto-accept,自动接受的动物技能
RV2_Settings_FineTuning_AutoAcceptAnimalSkill_Tip,Pawns with an animal skill equals or higher than this will always succeed in proposing to animals.,RV2_Settings_FineTuning_AutoAcceptAnimalSkill_Tip,RV2_Settings_Keys.xml,keyed,Pawns with an animal skill equals or higher than this will always succeed in proposing to animals.,拥有技能等于或高于此数值的 Pawns 将永远成功地向动物求婚。
RV2_Settings_FineTuning_AutoAcceptSocial,Auto-accept on high social skill,RV2_Settings_FineTuning_AutoAcceptSocial,RV2_Settings_Keys.xml,keyed,Auto-accept on high social skill,自动接受社交技能高
RV2_Settings_FineTuning_AutoAcceptSocial_Tip,Vore proposals directed at humans can be skipped if the initiator has a much higher social skill than the target.,RV2_Settings_FineTuning_AutoAcceptSocial_Tip,RV2_Settings_Keys.xml,keyed,<ALIMT >vore</ALIMT> proposals directed at humans can be skipped if the initiator has a much higher social skill than the target.,吃人如果发起者的社交能力远高于目标，则可以跳过针对人类的提议。
RV2_Settings_FineTuning_AutoAcceptSocialSkillDifference,Auto-Accept social difference,RV2_Settings_FineTuning_AutoAcceptSocialSkillDifference,RV2_Settings_Keys.xml,keyed,Auto-Accept social difference,自动接受社会差异
RV2_Settings_FineTuning_AutoAcceptSocialSkillDifference_Tip,The social skill can factor in the targets social skill as well. Turning this on will subtract the targets social skill from the initiators social skill before checking the threshold.,RV2_Settings_FineTuning_AutoAcceptSocialSkillDifference_Tip,RV2_Settings_Keys.xml,keyed,The social skill can factor in the targets social skill as well. Turning this on will subtract the targets social skill from the initiators social skill before checking the threshold.,社交技能也可以计入目标的社交技能。在设置阈值之前，发起者的「社交技能」属性会被移除。
RV2_Settings_FineTuning_ProposalDeniedNotification,Notification type on denied vore proposal,RV2_Settings_FineTuning_ProposalDeniedNotification,RV2_Settings_Keys.xml,keyed,Notification type on denied <ALIMT >vore</ALIMT> proposal,拒绝通知类型吃人求婚
RV2_Settings_FineTuning_ProposalAcceptedNotification,Notification type on accepted vore proposal,RV2_Settings_FineTuning_ProposalAcceptedNotification,RV2_Settings_Keys.xml,keyed,Notification type on accepted <ALIMT >vore</ALIMT> proposal,接受通知类型吃人求婚
RV2_Settings_FineTuning_FatalProposalAcceptedNotification,Notification type on accepted fatal vore proposal,RV2_Settings_FineTuning_FatalProposalAcceptedNotification,RV2_Settings_Keys.xml,keyed,Notification type on accepted fatal <ALIMT >vore</ALIMT> proposal,接受致命伤害的通知类型吃人求婚
RV2_Settings_FineTuning_UnwrapOnDisposalContainerRelease,Unwrap products when releasing in disposal containers,RV2_Settings_FineTuning_UnwrapOnDisposalContainerRelease,RV2_Settings_Keys.xml,keyed,Unwrap products when releasing in disposal containers,在处置容器中释放产品时打开包装
RV2_Settings_FineTuning_UnwrapOnDisposalContainerRelease_Tip,"When releasing fatally vored prey into a disposal building like disposal urns, should the original vore product container be removed?\n\nFalse - After opening the urn, you need to open the vore product container as well\nTrue - After opening the urn, the corpse and other items are directly dropped",RV2_Settings_FineTuning_UnwrapOnDisposalContainerRelease_Tip,RV2_Settings_Keys.xml,keyed,"When releasing fatally vored prey into a disposal building like disposal urns, should the original <ALIMT >vore</ALIMT> product container be removed?<ALIMT >(PH_3)</ALIMT><ALIMT >(PH_2)</ALIMT>False - After opening the urn, you need to open the <ALIMT >vore</ALIMT> product container as well<ALIMT >(PH_1)</ALIMT>True - After opening the urn, the corpse and other items are directly dropped","当将致命的猎物释放到类似处置瓮的处置建筑中时，原吃人产品容器是否被移除？

False-在打开瓮之后，你需要打开吃人产品容器
True-打开瓮后，尸体和其他物品会被直接丢弃"
RV2_Settings_FineTuning_MentalBreaksUseAutoVoreRules,Mental breaks use auto vore rules,RV2_Settings_FineTuning_MentalBreaksUseAutoVoreRules,RV2_Settings_Keys.xml,keyed,Mental breaks use auto <ALIMT >vore</ALIMT> rules,精神崩溃 (使用自动)吃人规矩
RV2_Settings_FineTuning_MentalBreaksUseAutoVoreRules_Tip,Forces pawns in mental breaks to follow rules flagged with auto-vore on,RV2_Settings_FineTuning_MentalBreaksUseAutoVoreRules_Tip,RV2_Settings_Keys.xml,keyed,Forces pawns in mental breaks to follow rules flagged with auto-<ALIMT >vore</ALIMT> on,迫使精神崩溃的 pawns 遵循被自动标记的规则吃人开
RV2_Settings_FineTuning_StruggleBreakFreeNotification,Successful Struggle Notification,RV2_Settings_FineTuning_StruggleBreakFreeNotification,RV2_Settings_Keys.xml,keyed,Successful Struggle Notification,成功挣扎通知
RV2_Settings_FineTuning_DefaultStruggleForceMode,Default struggle behaviour,RV2_Settings_FineTuning_DefaultStruggleForceMode,RV2_Settings_Keys.xml,keyed,Default struggle behaviour,默认的挣扎行为
RV2_Settings_FineTuning_DefaultStruggleForceMode_Tip,The default value for the vore path rules struggle mode,RV2_Settings_FineTuning_DefaultStruggleForceMode_Tip,RV2_Settings_Keys.xml,keyed,The default value for the <ALIMT >vore</ALIMT> path rules struggle mode,默认值吃人路径规则挣扎模式
RV2_Settings_FineTuning_FeederVoreMinPrey,Minimum prey for feeder,RV2_Settings_FineTuning_FeederVoreMinPrey,RV2_Settings_Keys.xml,keyed,Minimum prey for feeder,汲食者最低限度
RV2_Settings_FineTuning_FeederVoreMinPrey_Tip,The lower bound of prey to be fed into a predator by a feeder,RV2_Settings_FineTuning_FeederVoreMinPrey_Tip,RV2_Settings_Keys.xml,keyed,The lower <ALIMT >bound</ALIMT> of prey to be fed into a predator by a feeder,低绑住的一只会捕食的动物
RV2_Settings_FineTuning_FeederVoreMaxPrey,Maximum prey for feeder,RV2_Settings_FineTuning_FeederVoreMaxPrey,RV2_Settings_Keys.xml,keyed,Maximum prey for feeder,汲食者最大
RV2_Settings_FineTuning_FeederVoreMaxPrey_Tip,The upper bound of prey to be fed into a predator by a feeder,RV2_Settings_FineTuning_FeederVoreMaxPrey_Tip,RV2_Settings_Keys.xml,keyed,The upper <ALIMT >bound</ALIMT> of prey to be fed into a predator by a feeder,上层绑住的一只会捕食的动物
RV2_Settings_FineTuning_StrugglingCreatesInteractions,Struggle interactions,RV2_Settings_FineTuning_StrugglingCreatesInteractions,RV2_Settings_Keys.xml,keyed,Struggle interactions,挣扎互动
RV2_Settings_FineTuning_StrugglingCreatesInteractions_Tip,"Whenever a prey actively struggles inside a predator, this will cause an interaction. This may result in spammed interaction logs.",RV2_Settings_FineTuning_StrugglingCreatesInteractions_Tip,RV2_Settings_Keys.xml,keyed,"Whenever a prey actively struggles inside a predator, this will cause an interaction. This may result in spammed interaction logs.",每当有猎物在捕食者体内主动挣扎时，就会引发互动。这可能会产生垃圾邮件发送的交互日志。
RV2_Settings_FineTuning_UseAlternativeMainVoreIcon,Use alternative main vore icon,RV2_Settings_FineTuning_UseAlternativeMainVoreIcon,RV2_Settings_Keys.xml,keyed,Use alternative main <ALIMT >vore</ALIMT> icon,使用替代主体吃人标志
RV2_Settings_FineTuning_UseAlternativeMainVoreIcon_Tip,"For true purveyors of art, only the best icon will do!",RV2_Settings_FineTuning_UseAlternativeMainVoreIcon_Tip,RV2_Settings_Keys.xml,keyed,"For true purveyors of art, only the best icon will do!",对于真正的艺术供应商来说，只有最好的偶像才有效果!
RV2_Settings_FineTuning_GoalSwitchNotification,Notification type on switched vore goal,RV2_Settings_FineTuning_GoalSwitchNotification,RV2_Settings_Keys.xml,keyed,Notification type on switched <ALIMT >vore</ALIMT> goal,已切换通知类型吃人目标
RV2_Settings_FineTuning_FailedTameVoreNotification,Notification type on failed taming vore,RV2_Settings_FineTuning_FailedTameVoreNotification,RV2_Settings_Keys.xml,keyed,Notification type on failed taming <ALIMT >vore</ALIMT>,驯服失败后的通知类型吃人
RV2_Settings_FineTuning_EjectStunDuration,Stun duration on vore eject,RV2_Settings_FineTuning_EjectStunDuration,RV2_Settings_Keys.xml,keyed,Stun duration on <ALIMT >vore</ALIMT> eject,昏迷持续时间吃人弹出
RV2_Settings_FineTuning_EjectStunDuration_Tip,"Whenever a pawn is released or ejected from a predator, they are stunned for this duration",RV2_Settings_FineTuning_EjectStunDuration_Tip,RV2_Settings_Keys.xml,keyed,"Whenever a <ALIMT >(PH_1)</ALIMT> is released or ejected from a predator, they are stunned for this duration",当一个pawn如果被捕食者释放或弹出，它们会在此期间被惊呆
RV2_Settings_FineTuning_BlockProposalInitiationDuringWorkTime,Block auto-vore proposals during work-hours,RV2_Settings_FineTuning_BlockProposalInitiationDuringWorkTime,RV2_Settings_Keys.xml,keyed,Block auto-<ALIMT >vore</ALIMT> proposals during work-hours,阻挡自动吃人工作时间内的提议
RV2_Settings_FineTuning_BlockProposalInitiationDuringWorkTime_Tip,"Prevents pawns from proposing to other pawns while they are scheduled to work.\n\nThis does NOT prevent being proposed TO during work time.\n\nDo note that if this is enabled, pawns whose proposal cooldown expires during work hours will immediately propose vore once they ""finish their work shift""",RV2_Settings_FineTuning_BlockProposalInitiationDuringWorkTime_Tip,RV2_Settings_Keys.xml,keyed,"Prevents pawns from proposing to other pawns while they are scheduled to work.<ALIMT >(PH_4)</ALIMT><ALIMT >(PH_3)</ALIMT>This does NOT prevent being proposed TO during work time.<ALIMT >(PH_2)</ALIMT><ALIMT >(PH_1)</ALIMT>Do note that if this is enabled, pawns whose proposal cooldown expires during work hours will immediately propose <ALIMT >vore</ALIMT> once they ""finish their work shift""","防止 pawns 在预定工作时间内向其他 pawns 求婚。

这并不妨碍被提议在工作时间内。

请注意，如果启用此选项，其提议冷却时间在工作时间内到期的 pawns 将立即提议吃人一旦他们 “完成轮班”"
RV2_Settings_FineTuning_AllowVisitorsAsAutoProposalTargets,Allow visitors as auto-proposal targets,RV2_Settings_FineTuning_AllowVisitorsAsAutoProposalTargets,RV2_Settings_Keys.xml,keyed,Allow visitors as auto-proposal targets,允许访客作为自动方案目标
RV2_Settings_FineTuning_AllowVisitorsAsAutoProposalTargets_Tip,By default only colonists and colony animals are valid targets for automatic vore proposals,RV2_Settings_FineTuning_AllowVisitorsAsAutoProposalTargets_Tip,RV2_Settings_Keys.xml,keyed,By default only colonists and colony animals are valid targets for automatic <ALIMT >vore</ALIMT> proposals,默认情况下，只有殖民者和殖民地动物是自动的有效目标吃人提议
RV2_Settings_FineTuning_AllowWildAnimalAsAutoProposalTargets,Allow wild animals as auto-proposal targets,RV2_Settings_FineTuning_AllowWildAnimalAsAutoProposalTargets,RV2_Settings_Keys.xml,keyed,Allow wild animals as auto-proposal targets,允许野生动物作为自动求婚目标
RV2_Settings_FineTuning_AllowWildAnimalAsAutoProposalTargets_Tip,By default only colonists and colony animals are valid targets for automatic vore proposals,RV2_Settings_FineTuning_AllowWildAnimalAsAutoProposalTargets_Tip,RV2_Settings_Keys.xml,keyed,By default only colonists and colony animals are valid targets for automatic <ALIMT >vore</ALIMT> proposals,默认情况下，只有殖民者和殖民地动物是自动的有效目标吃人提议
RV2_Settings_FineTuning_PredatorAnimalsOnlyUseDigestGoal,Predator animals only use digest goal,RV2_Settings_FineTuning_PredatorAnimalsOnlyUseDigestGoal,RV2_Settings_Keys.xml,keyed,Predator animals only use digest goal,捕食动物仅使用摘要目标点
RV2_Settings_FineTuning_PredatorAnimalsOnlyUseDigestGoal_Tip,"Predator animals are animals with the base game predator icon (warg, fox, jaguar, etc.). Whenever they vore someone through normal hunting or grappling, they only use digestive vore. Turning this off means wild animals may non-fatally vore pawns.",RV2_Settings_FineTuning_PredatorAnimalsOnlyUseDigestGoal_Tip,RV2_Settings_Keys.xml,keyed,"Predator animals are animals with the base game predator icon (warg, <ALIMT >fox</ALIMT>, jaguar, etc.). Whenever they <ALIMT >vore</ALIMT> someone through normal hunting or grappling, they only use digestive <ALIMT >vore</ALIMT>. Turning this off means wild animals may non-fatally <ALIMT >vore</ALIMT> pawns.","捕食动物是具有基础游戏捕食者图标的动物 (座狼,狐狸🦊、美洲虎等)。每当他们吃人普通狩猎或格斗的人，他们只使用消化能力吃人关闭此选项意味着野生动物可能不会死亡吃人爪子。"
RV2_Settings_FineTuning_ProposalRange,Proposal range,RV2_Settings_FineTuning_ProposalRange,RV2_Settings_Keys.xml,keyed,Proposal range,求婚范围
RV2_Settings_FineTuning_ProposalRange_Tip,Only pawns within this range will be considered for vore proposals.,RV2_Settings_FineTuning_ProposalRange_Tip,RV2_Settings_Keys.xml,keyed,Only pawns within this range will be considered for <ALIMT >vore</ALIMT> proposals.,只考虑此范围内的殖民者吃人提议。
RV2_Settings_Sounds_SoundsEnabled,Sounds enabled,RV2_Settings_Sounds_SoundsEnabled,RV2_Settings_Keys.xml,keyed,Sounds enabled,声音启用
RV2_Settings_Sounds_SoundVolumeModifier,Volume modifier,RV2_Settings_Sounds_SoundVolumeModifier,RV2_Settings_Keys.xml,keyed,Volume modifier,音量修改器
RV2_Settings_Cheats_VoreSpeedMultiplier,Vore speed multiplier,RV2_Settings_Cheats_VoreSpeedMultiplier,RV2_Settings_Keys.xml,keyed,<ALIMT >vore</ALIMT> speed multiplier,吃人速度乘数
RV2_Settings_Cheats_VoreSpeedMultiplier_Tip,"Can be used to speed up many parts of the mod. Some things may not be impacted though, but it should influence swallow speed, passing between vore stages and digestion / processing of pawns.",RV2_Settings_Cheats_VoreSpeedMultiplier_Tip,RV2_Settings_Keys.xml,keyed,"Can be used to speed up many parts of the mod. Some things may not be impacted though, but it should influence swallow speed, passing between <ALIMT >vore</ALIMT> stages and digestion / processing of pawns.",可以用来加速 mod 的许多部分。虽然有些东西可能不会受到影响，但它应该会影响吞下的速度，从吃人阶段和 pawns 的消化/处理。
RV2_Settings_Cheats_BodySizeToVoreCapacity,Bodysize to vore capacity ratio,RV2_Settings_Cheats_BodySizeToVoreCapacity,RV2_Settings_Keys.xml,keyed,Bodysize to <ALIMT >vore</ALIMT> capacity ratio,体型到吃人容量比率
RV2_Settings_Cheats_BodySizeToVoreCapacity_Tip,"This ratio is used to calculate the base vore capacity.\nHumans at BodySize 1 with a ratio of 1.5 have a total vore capacity of 1.5, which fits 10 rats (0.15 BodySize each).",RV2_Settings_Cheats_BodySizeToVoreCapacity_Tip,RV2_Settings_Keys.xml,keyed,"This ratio is used to calculate the base <ALIMT >vore</ALIMT> capacity.<ALIMT >(PH_1)</ALIMT>Humans at BodySize 1 with a ratio of 1.5 have a total <ALIMT >vore</ALIMT> capacity of 1.5, which fits 10 rats (0.15 BodySize each).","这个比率是用来计算基础的吃人容量。
体型 1 (1.5) 的人类拥有总和吃人容量 1.5，适合 10 只 (每只 0.15 人)。"
RV2_Settings_Cheats_MinimumVoreCapacity,Minimum vore capacity,RV2_Settings_Cheats_MinimumVoreCapacity,RV2_Settings_Keys.xml,keyed,Minimum <ALIMT >vore</ALIMT> capacity,最小值吃人容量
RV2_Settings_Cheats_MinimumVoreCapacity_Tip,"You can override the calculated ratio with this setting. Every pawn, no matter their size will always have at least THIS much vore capacity.",RV2_Settings_Cheats_MinimumVoreCapacity_Tip,RV2_Settings_Keys.xml,keyed,"You can override the calculated ratio with this setting. Every <ALIMT >(PH_1)</ALIMT>, no matter their size will always have at least THIS much <ALIMT >vore</ALIMT> capacity.","你可以使用此设置覆盖计算出的比率。每pawn,无论他们的大小将永远有至少这个多吃人容量。"
RV2_Settings_Cheats_BaseInitAsPredatorChance,Base chance to initate as predator,RV2_Settings_Cheats_BaseInitAsPredatorChance,RV2_Settings_Keys.xml,keyed,Base chance to initate as predator,提高成为捕食者的基础几率
RV2_Settings_Cheats_BaseInitAsPredatorChance_Tip,This value serves as the starting point for predator role preference.,RV2_Settings_Cheats_BaseInitAsPredatorChance_Tip,RV2_Settings_Keys.xml,keyed,This value serves as the starting point for predator role preference.,该值可以作为捕食者角色偏好的起始点。
RV2_Settings_Cheats_BaseStripChance,Chance to strip,RV2_Settings_Cheats_BaseStripChance,RV2_Settings_Keys.xml,keyed,Chance to strip,剥光的几率
RV2_Settings_Cheats_BaseStripChance_Tip,"This applies to random stripping! So if the predator + prey have decided they want to strip / not strip, this will not affect it!",RV2_Settings_Cheats_BaseStripChance_Tip,RV2_Settings_Keys.xml,keyed,"This applies to random stripping! So if the predator + prey have decided they want to strip / not strip, this will not affect it!",这适用于随机剥光!所以如果捕食者 + 猎物已经决定要剥光/不剥光，这不会影响它!
RV2_Settings_Cheats_FallbackNutritionValue,Fallback nutrition value,RV2_Settings_Cheats_FallbackNutritionValue,RV2_Settings_Keys.xml,keyed,Fallback nutrition value,备用营养值
RV2_Settings_Cheats_FallbackNutritionValue_Tip,"Nutrition value is used to calculate the amount of resources generated from a pawn. This is normally calculated by asking the base game how much ""meat"" the pawn has. This settings serves as a fallback for pawns without meat (mechanoids, etc.)",RV2_Settings_Cheats_FallbackNutritionValue_Tip,RV2_Settings_Keys.xml,keyed,"Nutrition value is used to calculate the amount of resources generated from a <ALIMT >(PH_2)</ALIMT>. This is normally calculated by asking the base game how much ""meat"" the <ALIMT >(PH_1)</ALIMT> has. This settings serves as a fallback for pawns without meat (mechanoids, etc.)",营养值用于计算因pawn这通常是通过询问基础游戏的 “肉” 多少来计算的pawn有。此设置可作为没有肉的 pawns (机械体等) 的退路
RV2_Settings_Cheats_PreventStarvingPrey,Prevent starving prey,RV2_Settings_Cheats_PreventStarvingPrey,RV2_Settings_Keys.xml,keyed,Prevent starving prey,防止饥饿的猎物
RV2_Settings_Cheats_PreventStarvingPrey_Tip,"Normally your prey should never starve, but people keep reporting issues, so this is your last resort to not have prey starve inside of predators. Only enable this if you have issues with starving prey, this basically checks if a prey is starving and then sets their food to 50%",RV2_Settings_Cheats_PreventStarvingPrey_Tip,RV2_Settings_Keys.xml,keyed,"Normally your prey should never starve, but people keep reporting issues, so this is your last resort to not have prey starve inside of predators. Only enable this if you have issues with starving prey, this basically checks if a prey is starving and then sets their food to 50%",通常情况下，你的猎物永远不会挨饿，但是人们会不断报告问题，所以这是你最后的手段，不要让猎物在里面挨饿。只有当你遇到猎物挨饿的问题时才启用此项，这基本上会检查猎物是否挨饿，然后将它们的食物设置为 50%
RV2_Settings_Cheats_PreventDrainingPredatorFood,Prevent draining predator food,RV2_Settings_Cheats_PreventDrainingPredatorFood,RV2_Settings_Keys.xml,keyed,Prevent draining predator food,防止抽取捕食者食物
RV2_Settings_Cheats_PreventDrainingPredatorFood_Tip,"Normally prey steal food from their predator, turning this on will not deduct food from the predator, but still add it to the prey.",RV2_Settings_Cheats_PreventDrainingPredatorFood_Tip,RV2_Settings_Keys.xml,keyed,"Normally prey steal food from their predator, turning this on will not deduct food from the predator, but still add it to the prey.",通常情况下，猎物会从它们的捕食者那里窃取食物，打开它不会从捕食者那里扣除食物，但仍然会将其加入猎物。
RV2_Settings_Cheats_CanStealFromNullNeed,Can steal from NULL need,RV2_Settings_Cheats_CanStealFromNullNeed,RV2_Settings_Keys.xml,keyed,Can steal from NULL need,可以从无需求偷东西
RV2_Settings_Cheats_CanStealFromNullNeed_Tip,Whether or not pawns can steal a need value when the other pawn doesn't have that need.\nAllows for stealing food from Mechanoids for example,RV2_Settings_Cheats_CanStealFromNullNeed_Tip,RV2_Settings_Keys.xml,keyed,Whether or not pawns can steal a need value when the other <ALIMT >(PH_2)</ALIMT> doesn't have that need.<ALIMT >(PH_1)</ALIMT>Allows for stealing food from Mechanoids for example,"Pawns 是否能盗取一个需求值，当其他pawn没有这个需求。
例如，允许从机械体那里获取食物"
RV2_Settings_Cheats_InternalTemperature,Default internal temperature: ,RV2_Settings_Cheats_InternalTemperature,RV2_Settings_Keys.xml,keyed,Default internal temperature: ,默认内部温度:
RV2_Settings_Cheats_InternalTemperature_Tip,"The temperature prey will experience while inside a predator.\n\nYou can override this by adding the RimVore2.InternalTemperatureExtension ModExtension to the ThingDef of any race, check RV2s /Patches folder for examples.",RV2_Settings_Cheats_InternalTemperature_Tip,RV2_Settings_Keys.xml,keyed,"The temperature prey will experience while inside a predator.<ALIMT >(PH_2)</ALIMT><ALIMT >(PH_1)</ALIMT>You can override this by adding the RimVore2.InternalTemperatureExtension ModExtension to the ThingDef of any race, check RV2s /Patches folder for examples.","被捕食的动物进入捕食者体内时的体温。

你可以通过在任何种族的 ThingDef 中添加 rimvore2.internameatureextension mod 来覆盖它，查看 RV2s/Patches 文件夹中的示例。"
RV2_Settings_Cheats_AcidSavingThrowChance,Likelihood of body parts not being digested,RV2_Settings_Cheats_AcidSavingThrowChance,RV2_Settings_Keys.xml,keyed,Likelihood of body parts not being digested,身体部位未被消化的可能性
RV2_Settings_Cheats_AcidSavingThrowChance_Tip,This applies to interrupted vore where the prey has entered the digestion stages and is afflicted with acid hediffs.,RV2_Settings_Cheats_AcidSavingThrowChance_Tip,RV2_Settings_Keys.xml,keyed,This applies to interrupted <ALIMT >vore</ALIMT> where the prey has entered the digestion stages and is afflicted with acid hediffs.,这适用于已中断的吃人猎物已进入消化阶段，且受到了酸性七色血的折磨。
RV2_Settings_Cheats_AcidPityHealthFactor,Damage to body part when not digested,RV2_Settings_Cheats_AcidPityHealthFactor,RV2_Settings_Keys.xml,keyed,Damage to body part when not digested,未消化对身体部位的伤害
RV2_Settings_Cheats_AcidPityHealthFactor_Tip,"If the acid did not digest the body part (see above setting), how much damage is applied in relation to the body parts current health?",RV2_Settings_Cheats_AcidPityHealthFactor_Tip,RV2_Settings_Keys.xml,keyed,"If the acid did not digest the body part (see above setting), how much damage is applied in relation to the body parts current health?",如果酸没有消化身体部位 (见上述设置)，相对于身体部位当前的健康状况，受到的伤害是多少？
RV2_Settings_Cheats_AcidImplantDamage,Implant damage,RV2_Settings_Cheats_AcidImplantDamage,RV2_Settings_Keys.xml,keyed,Implant damage,植入体损伤
RV2_Settings_Cheats_AcidImplantDamage_Tip,Damage applied to undigested implants - relative to current item health.,RV2_Settings_Cheats_AcidImplantDamage_Tip,RV2_Settings_Keys.xml,keyed,Damage applied to undigested implants - relative to current item health.,对未消化的植入物造成的伤害-相对于当前物品的健康状况。
RV2_Settings_Cheats_ReformedPawnTraitCount,Number of traits for reformed pawns,RV2_Settings_Cheats_ReformedPawnTraitCount,RV2_Settings_Keys.xml,keyed,Number of traits for reformed pawns,重组 pawns 的特性数
RV2_Settings_Cheats_ReformedPawnTraitCount_Tip,"When a pawn is reformed, how many traits can the new pawn have?\nThis does not overwrite the amount of traits naturally generated, only the amount of traits ""inherited"" from the original pawn and the predator doing the reformation",RV2_Settings_Cheats_ReformedPawnTraitCount_Tip,RV2_Settings_Keys.xml,keyed,"When a <ALIMT >(PH_4)</ALIMT> is reformed, how many traits can the new <ALIMT >(PH_3)</ALIMT> have?<ALIMT >(PH_2)</ALIMT>This does not overwrite the amount of traits naturally generated, only the amount of traits ""inherited"" from the original <ALIMT >(PH_1)</ALIMT> and the predator doing the reformation","当一个pawn进行改革，可以改革多少特性pawn有吗？
这不会覆盖自然生成的特性数量，只会覆盖从原始特性中 “继承” 的特性数量pawn而正在进行宗教改革的捕食者"
RV2_Settings_Cheats_BaseProposalAcceptanceChance,Proposal acceptance chance,RV2_Settings_Cheats_BaseProposalAcceptanceChance,RV2_Settings_Keys.xml,keyed,Proposal acceptance chance,提案被接受几率
RV2_Settings_Cheats_BaseProposalAcceptanceChance_Tip,The base chance that a vore proposal is accepted.,RV2_Settings_Cheats_BaseProposalAcceptanceChance_Tip,RV2_Settings_Keys.xml,keyed,The base chance that a <ALIMT >vore</ALIMT> proposal is accepted.,基础几率吃人已接受提议。
RV2_Settings_Cheats_MaxProposalModifierViaQuirks,Max proposal modifier via quirks,RV2_Settings_Cheats_MaxProposalModifierViaQuirks,RV2_Settings_Keys.xml,keyed,Max proposal modifier via quirks,通过怪癖获得最多的求婚修改器
RV2_Settings_Cheats_MaxProposalModifierViaQuirks_Tip,The maximum a proposal can be modified with in regards to preferences.,RV2_Settings_Cheats_MaxProposalModifierViaQuirks_Tip,RV2_Settings_Keys.xml,keyed,The maximum a proposal can be modified with in regards to preferences.,提案可以根据偏好修改的最大值。
RV2_Settings_Cheats_ProposalModifierPerPreference,Quirk acceptance chance impact,RV2_Settings_Cheats_ProposalModifierPerPreference,RV2_Settings_Keys.xml,keyed,Quirk acceptance chance impact,怪癖接受几率影响
RV2_Settings_Cheats_ProposalModifierPerPreference_Tip,Each preference quirk points impact to acceptance chance,RV2_Settings_Cheats_ProposalModifierPerPreference_Tip,RV2_Settings_Keys.xml,keyed,Each preference quirk points impact to acceptance chance,每种偏好都会对接受几率产生异象点数的影响。
RV2_Settings_Cheats_MaxPawnTraits,Maximum pawn traits,RV2_Settings_Cheats_MaxPawnTraits,RV2_Settings_Keys.xml,keyed,Maximum <ALIMT >(PH_1)</ALIMT> traits,最高pawn特性
RV2_Settings_Cheats_MaxPawnTraits_Tip,"With a special quirk predators may ""steal"" traits from other pawns - this number determines the maximum amount of traits a pawn can have\n\nIncreasing this too much breaks game balance, but if you use trait framework mods you can increase this number",RV2_Settings_Cheats_MaxPawnTraits_Tip,RV2_Settings_Keys.xml,keyed,"With a special quirk predators may ""steal"" traits from other pawns - this number determines the maximum amount of traits a <ALIMT >(PH_3)</ALIMT> can have<ALIMT >(PH_2)</ALIMT><ALIMT >(PH_1)</ALIMT>Increasing this too much breaks game balance, but if you use trait framework mods you can increase this number","带着一种特殊的怪癖，捕食者可能会从其他动物身上 “窃取” 特性 -- 这个数字决定了特性的最大数量 apawn可以有

增加太多会打破游戏平衡，但是如果你使用特性框架 mod，你可以增加这个数字"
RV2_Settings_Cheats_TraitStealIgnoresLearningFactor,Ignore learning factor,RV2_Settings_Cheats_TraitStealIgnoresLearningFactor,RV2_Settings_Keys.xml,keyed,Ignore learning factor,忽略学习系数
RV2_Settings_Cheats_TraitStealIgnoresLearningFactor_Tip,"When stealing experience from another pawn the experience points are multiplied with the learning factor (burning passion, etc.)\n\nThis setting can toggle that behaviour off and will apply the raw XP that were actually stolen",RV2_Settings_Cheats_TraitStealIgnoresLearningFactor_Tip,RV2_Settings_Keys.xml,keyed,"When stealing experience from another <ALIMT >(PH_3)</ALIMT> the experience points are multiplied with the learning factor (burning <ALIMT >passion</ALIMT>, etc.)<ALIMT >(PH_2)</ALIMT><ALIMT >(PH_1)</ALIMT>This setting can toggle that behaviour off and will apply the raw XP that were actually stolen","从他人那里汲取经验时pawn经验点数乘以学习系数 (燃烧激情等等)

此选项可以切换关闭的行为和将应用原始的经验，实际上是偷来的。"
RV2_Settings_Cheats_DisableFactionImpact,Disable faction impact,RV2_Settings_Cheats_DisableFactionImpact,RV2_Settings_Keys.xml,keyed,Disable faction impact,禁用派系影响
RV2_Settings_Cheats_DisableFactionImpact_Tip,Fatally voring any pawns from other factions will never impact the faction relations. What an absolute cheater you are.,RV2_Settings_Cheats_DisableFactionImpact_Tip,RV2_Settings_Keys.xml,keyed,Fatally voring any pawns from other factions will never impact the faction relations. What an absolute cheater you are.,策反任何来自其他派系的兵员永远不会影响派系关系。你真是个骗子。
RV2_Settings_Cheats_ImplantDestructionChance,Implant destruction chance,RV2_Settings_Cheats_ImplantDestructionChance,RV2_Settings_Keys.xml,keyed,Implant destruction chance,植入物销毁几率
RV2_Settings_Cheats_ImplantDestructionChance_Tip,The global chance for an implant to be destroyed upon digestion,RV2_Settings_Cheats_ImplantDestructionChance_Tip,RV2_Settings_Keys.xml,keyed,The global chance for an implant to be destroyed upon digestion,植入物被消化后被销毁的全局几率
RV2_Settings_Cheats_DisableMentalStateChecks,Disable mental state checks,RV2_Settings_Cheats_DisableMentalStateChecks,RV2_Settings_Keys.xml,keyed,Disable mental state checks,禁用精神状态检查
RV2_Settings_Cheats_DisableMentalStateChecks_Tip,"By default only specific mental states allow a pawn to be vored, enabling this will allow you to vore anyone in a mental state.",RV2_Settings_Cheats_DisableMentalStateChecks_Tip,RV2_Settings_Keys.xml,keyed,"By default only specific mental states allow a <ALIMT >(PH_1)</ALIMT> to be vored, enabling this will allow you to <ALIMT >vore</ALIMT> anyone in a mental state.",默认情况下，特定的精神状态只允许pawn要被冲洗，启用可以让你吃人任何精神崩溃的人。
RV2_Settings_Cheats_AllowSelfVoreJumpOnPlayerForcedVore,Allow vore jump on player forced vore,RV2_Settings_Cheats_AllowSelfVoreJumpOnPlayerForcedVore,RV2_Settings_Keys.xml,keyed,Allow <ALIMT >vore</ALIMT> jump on player <ALIMT >forced</ALIMT> <ALIMT >vore</ALIMT>,解禁吃人对玩家发起攻击forcedvore
RV2_Settings_Cheats_AllowSelfVoreJumpOnPlayerForcedVore_Tip,Normally vore goal jumping (the predator deciding on their own to switch the goal on their prey) is only possible for auto-vore. Enabling this setting means the players chosen vore goal may be swapped out for something else if the predator has the required quirk.,RV2_Settings_Cheats_AllowSelfVoreJumpOnPlayerForcedVore_Tip,RV2_Settings_Keys.xml,keyed,Normally <ALIMT >vore</ALIMT> goal jumping (the predator deciding on their own to <ALIMT >switch</ALIMT> the goal on their prey) is only possible for auto-<ALIMT >vore</ALIMT>. Enabling this setting means the players chosen <ALIMT >vore</ALIMT> goal may be swapped out for something else if the predator has the required quirk.,通常吃人跳楼 (肉食动物自行决定转变对它们的猎物) 的目标是唯一可能的自动-吃人启用此选项意味着选中吃人如果捕食者有所需的怪癖，可以用别的东西来换取目标。
RV2_Settings_Cheats_ExternalEjectAlwaysSucceeds,External eject attempts are always successful,RV2_Settings_Cheats_ExternalEjectAlwaysSucceeds,RV2_Settings_Keys.xml,keyed,External eject attempts are always successful,外部弹出尝试总是成功的
RV2_Settings_Cheats_ExternalEjectAlwaysSucceeds_Tip,Pawns can try to force other predators to eject their prey. This performs a random roll based on the pawns ejection strength stat. This cheat ignores the stat and guarantees success when attempting to eject.,RV2_Settings_Cheats_ExternalEjectAlwaysSucceeds_Tip,RV2_Settings_Keys.xml,keyed,Pawns can try to force other predators to eject their prey. This performs a random roll based on the pawns ejection strength stat. This cheat ignores the stat and guarantees success when attempting to eject.,Pawns 可以试图迫使其他捕食者弹出他们的猎物。这将基于 pawns 弹出强度属性执行随机滚动。当试图弹出时，该骗局将忽略此属性并保证成功。
RV2_Settings_Cheats_AllowMultipleExternalEjectAttempts,Allow multiple external eject attempts,RV2_Settings_Cheats_AllowMultipleExternalEjectAttempts,RV2_Settings_Keys.xml,keyed,Allow multiple external eject attempts,允许多个外部弹出尝试
RV2_Settings_Cheats_AllowMultipleExternalEjectAttempts_Tip,Normally only one attempt to eject another predators prey is allowed.,RV2_Settings_Cheats_AllowMultipleExternalEjectAttempts_Tip,RV2_Settings_Keys.xml,keyed,Normally only one attempt to eject another predators prey is allowed.,通常只允许一次尝试弹出另一个捕食者猎物。
RV2_Settings_General_DisplayUnavailableRMBOptions,Display invalid RMB options,RV2_Settings_General_DisplayUnavailableRMBOptions,RV2_Settings_Keys.xml,keyed,Display invalid RMB options,显示无效的人民币选项
RV2_Settings_General_DisplayUnavailableRMBOptions_Tip,Toggle showing unavailable vores with their given reason in the RMB menu,RV2_Settings_General_DisplayUnavailableRMBOptions_Tip,RV2_Settings_Keys.xml,keyed,Toggle showing unavailable vores with their given reason in the RMB menu,开关在「人民币」菜单中显示不可用的海盗及其原因
RV2_Settings_General_ResetAllSettings,Reset all settings,RV2_Settings_General_ResetAllSettings,RV2_Settings_Keys.xml,keyed,Reset all settings,重置所有设置
RV2_Settings_General_ResetGeneralSettings,Reset general settings,RV2_Settings_General_ResetGeneralSettings,RV2_Settings_Keys.xml,keyed,Reset general settings,重置常规
RV2_Settings_General_FeederVore_Tip,"Will allow you to ""Reserve"" a pawn as prey and then make a third pawn feed that reserved prey to a predator.",RV2_Settings_General_FeederVore_Tip,RV2_Settings_Keys.xml,keyed,"Will allow you to ""Reserve"" a <ALIMT >(PH_2)</ALIMT> as prey and then make a third <ALIMT >(PH_1)</ALIMT> feed that reserved prey to a predator.",将允许你 “预留” 一个pawn作为猎物然后掠夺第三只pawn将猎物喂给捕食者。
RV2_Settings_Ideology_AutoVoreInterceptChance,Ideology role intercept chance,RV2_Settings_Ideology_AutoVoreInterceptChance,RV2_Settings_Keys.xml,keyed,Ideology role intercept chance,文化角色拦截几率
RV2_Settings_Ideology_AutoVoreInterceptChance_Tip,"The chance that - if one is available - a chosen prey or alpha predator make auto-voring pawns target them and use the appropriate role on them. (eg If chosen prey available, pick it and set proposal to Predator role)",RV2_Settings_Ideology_AutoVoreInterceptChance_Tip,RV2_Settings_Keys.xml,keyed,"The chance that - if one is available - a chosen prey or alpha predator make auto-voring pawns target them and use the appropriate role on them. (eg If chosen prey available, pick it and set proposal to Predator role)",如果可以的话，被选中的猎物或阿尔法捕食者使自动狱卒瞄准并对其使用适当角色的几率。 (例如，如果选择了可用的猎物，选择它并将方案设置为捕食者角色)
RV2_Settings_Ideology_VoreFeastProposalAcceptanceModifier,Ritual proposal modifier,RV2_Settings_Ideology_VoreFeastProposalAcceptanceModifier,RV2_Settings_Keys.xml,keyed,Ritual proposal modifier,求婚修改器
RV2_Settings_Ideology_VoreFeastProposalAcceptanceModifier_Tip,"In a vore feast, all participants spam vore proposals at each other, this can be used to make the voring happen faster and otherwise make proposals made in rituals more likely to be accepted",RV2_Settings_Ideology_VoreFeastProposalAcceptanceModifier_Tip,RV2_Settings_Keys.xml,keyed,"In a <ALIMT >vore</ALIMT> feast, all participants spam <ALIMT >vore</ALIMT> proposals at each other, this can be used to make the voring happen faster and otherwise make proposals made in rituals more likely to be accepted",在吃人盛宴，所有参与者均发送垃圾邮件吃人互相求婚，这可以用来让 v徒事件更快发生，或者让在仪式上的求婚更容易被接受
RV2_Settings_Combat_GrappleVerbSelectionBaseChance,Grapple move chance,RV2_Settings_Combat_GrappleVerbSelectionBaseChance,RV2_Settings_Keys.xml,keyed,Grapple move chance,格斗移动几率
RV2_Settings_Combat_GrappleVerbSelectionBaseChance_Tip,"The base % chance that the grapple verb is used when two pawns are in combat. This chance is further modified by quirks.\n\nEven if you set this to 100% the game might not pick the grapple, this is because base game calculates verb selection based on weight - there is currently no way of forcing a 100% chance to pick this quirk without breaking other mods, but a 100% weight will favor the grapple move heavily",RV2_Settings_Combat_GrappleVerbSelectionBaseChance_Tip,RV2_Settings_Keys.xml,keyed,"The base % chance that the grapple verb is used when two pawns are in combat. This chance is further modified by quirks.<ALIMT >(PH_2)</ALIMT><ALIMT >(PH_1)</ALIMT>Even if you set this to 100% the game might not pick the grapple, this is because base game calculates verb selection based on weight - there is currently no way of forcing a 100% chance to pick this quirk without breaking other mods, but a 100% weight will favor the grapple move heavily","当两个 pawns 处于战斗状态时，使用格斗动词的基础 % 几率。这个机会因古怪而进一步修改了。

即使你将此设置为 100%，游戏也可能不会选择格斗, 这是因为基础游戏会根据权重来计算动词选择 -- 目前没有办法在不打破其他 mod 的情况下强迫 100% 的几率选择这个怪癖, 但是 100% 的重量会极大地有利于格斗的移动"
RV2_Settings_Combat_GrappleVerbSelectionMaxChance,Max grapple move chance,RV2_Settings_Combat_GrappleVerbSelectionMaxChance,RV2_Settings_Keys.xml,keyed,Max grapple move chance,最大格斗移动几率
RV2_Settings_Combat_GrappleVerbSelectionMaxChance_Tip,"The maximum weight that the verb can receive through modifiers. Base game is very very odd with how verb selection weights work, settings this value too high may result in odd combat behaviour!",RV2_Settings_Combat_GrappleVerbSelectionMaxChance_Tip,RV2_Settings_Keys.xml,keyed,"The maximum weight that the verb can receive through modifiers. Base game is very very odd with how verb selection weights work, settings this value too high may result in odd combat behaviour!",动词通过修改器所能接受的最大权重。基础游戏非常奇怪，动词选择权重是如何工作的，设置这个值太高可能会导致奇怪的战斗行为!
RV2_Settings_Combat_GrappleStrengthMeleeSkillDivider,Melee Strength divider,RV2_Settings_Combat_GrappleStrengthMeleeSkillDivider,RV2_Settings_Keys.xml,keyed,Melee Strength divider,近战分度器
RV2_Settings_Combat_GrappleStrengthMeleeSkillDivider_Tip,"The grapple strength of a pawn is divided by this value times their melee skill.\n\nExample: \nDefault divider of 5, Pawn has melee skill 7, base grapple strength is 10 -> (7/5)*10 = 14",RV2_Settings_Combat_GrappleStrengthMeleeSkillDivider_Tip,RV2_Settings_Keys.xml,keyed,"The grapple strength of a <ALIMT >(PH_4)</ALIMT> is divided by this value times their melee skill.<ALIMT >(PH_3)</ALIMT><ALIMT >(PH_2)</ALIMT>Example: <ALIMT >(PH_1)</ALIMT>Default divider of 5, Pawn has melee skill 7, base grapple strength is 10 -> (7/5)*10 = 14","pawn除以这个值乘以他们的近战技能。

示例:
默认 5 分，Pawn 有近战技能 7，基础格斗强度是 10-> (7/5) * 10 = 14"
RV2_Settings_Combat_UseAutoRules,Use auto vore rules,RV2_Settings_Combat_UseAutoRules,RV2_Settings_Keys.xml,keyed,Use auto <ALIMT >vore</ALIMT> rules,使用自动吃人规矩
RV2_Settings_Combat_UseAutoRules_Tip,"Whether or not the grapple validation logic should use the rules flagges as ""auto vore"" or not",RV2_Settings_Combat_UseAutoRules_Tip,RV2_Settings_Keys.xml,keyed,"Whether or not the grapple validation logic should use the rules flagges as ""auto <ALIMT >vore</ALIMT>"" or not",格斗验证逻辑是否应该使用规则标记为 “自动”吃人“或者不
RV2_Settings_Combat_DefaultRequiredStruggles,Fallback required struggles,RV2_Settings_Combat_DefaultRequiredStruggles,RV2_Settings_Keys.xml,keyed,Fallback required struggles,撤退需要挣扎
RV2_Settings_Combat_DefaultRequiredStruggles_Tip,The amount of successful struggles required for a prey to break free from their predator\n\nThis value will be used as the fallback value for VorePath rules where the VorePathDef does not provide its own defaultRequiredStruggles value,RV2_Settings_Combat_DefaultRequiredStruggles_Tip,RV2_Settings_Keys.xml,keyed,The amount of successful struggles required for a prey to break free from their predator<ALIMT >(PH_2)</ALIMT><ALIMT >(PH_1)</ALIMT>This value will be used as the fallback value for VorePath rules where the VorePathDef does not provide its own defaultRequiredStruggles value,"猎物脱离捕食者所需的成功挣扎次数。

此值将用作 VorePathDef 不提供其自己的 defaultrecipireddef 规则的回退值。"
RV2_Settings_Combat_DefaultStruggleChance,Successful struggle chance,RV2_Settings_Combat_DefaultStruggleChance,RV2_Settings_Keys.xml,keyed,Successful struggle chance,挣扎成功率
RV2_Settings_Combat_DefaultStruggleChance_Tip,The chance that a pawn manages to do a successful struggle during a vore tick. This is NOT the total chance of a prey to break free during struggling!\n\nIf you want a mechanic like that you can set the amount of required struggles to 0 and then lower this chance to a very low value.,RV2_Settings_Combat_DefaultStruggleChance_Tip,RV2_Settings_Keys.xml,keyed,The chance that a <ALIMT >(PH_3)</ALIMT> manages to do a successful struggle during a <ALIMT >vore</ALIMT> tick. This is NOT the total chance of a prey to break free during struggling!<ALIMT >(PH_2)</ALIMT><ALIMT >(PH_1)</ALIMT>If you want a mechanic like that you can set the amount of required struggles to 0 and then lower this chance to a very low value.,"一个pawn设法在voreTick 一下。这并不是猎物在挣扎中突破自我的总几率!

如果你想要一个这样的机械师，你可以将所需的挣扎次数设置为 0，然后将这个机会降低到一个非常低的值。"
RV2_Settings_Combat_GrapplePawnsShareCell,Grappling pawns share cell,RV2_Settings_Combat_GrapplePawnsShareCell,RV2_Settings_Keys.xml,keyed,Grappling pawns share cell,格斗兽共享牢房
RV2_Settings_Combat_GrapplePawnsShareCell_Tip,"During vore grapples the attacker and defender are placed on the same cell, when the vore combat stops they will automatically be ""pushed"" out of that cell in a random direction by the game. This may lead to your pawns getting out-of-position during combat, so you can turn it off.\n\nThis adds realism and looks neat, so you are very uncool if you turn this off B)",RV2_Settings_Combat_GrapplePawnsShareCell_Tip,RV2_Settings_Keys.xml,keyed,"During <ALIMT >vore</ALIMT> grapples the attacker and defender are placed on the same cell, when the <ALIMT >vore</ALIMT> combat stops they will automatically be ""pushed"" out of that cell in a random direction by the game. This may lead to your pawns getting out-of-position during combat, so you can turn it off.<ALIMT >(PH_2)</ALIMT><ALIMT >(PH_1)</ALIMT>This adds realism and looks neat, so you are very uncool if you turn this off B)","在吃人格斗攻击者和防御者被放置在同一个地格，当吃人战斗停止时，他们会被游戏自动随机地 “推” 出战斗区域。这可能会导致你的 pawns 在战斗中偏离位置，所以你可以将其关闭。

这增加了真实感，看起来很整洁，所以如果你关闭它，你会非常不酷 B)"
RV2_Settings_Combat_GrappleFailureStunDuration,Grapple failure stun duration,RV2_Settings_Combat_GrappleFailureStunDuration,RV2_Settings_Keys.xml,keyed,Grapple failure stun duration,格斗失败眩晕持续时间
RV2_Settings_Combat_GrappleFailureStunDuration_Tip,How long (in ticks) an attacker is stunned when their vore grapple fails,RV2_Settings_Combat_GrappleFailureStunDuration_Tip,RV2_Settings_Keys.xml,keyed,How long (in ticks) an attacker is stunned when their <ALIMT >vore</ALIMT> grapple fails,攻击者 (以蜱为单位) 被眩晕的时间吃人格斗失败
RV2_Settings_Combat_UseGrappleGizmoEnabled,"""Use Grapple"" Gizmo",RV2_Settings_Combat_UseGrappleGizmoEnabled,RV2_Settings_Keys.xml,keyed,"""Use Grapple"" Gizmo",“使用格斗” 小发明
RV2_Settings_Combat_ToggleGrappleGizmoEnabled,"""Toggle Free Grapple Use"" Gizmo",RV2_Settings_Combat_ToggleGrappleGizmoEnabled,RV2_Settings_Keys.xml,keyed,"""Toggle Free Grapple Use"" Gizmo",开关「自由格斗」小发明
RV2_Settings_Combat_GrappleCanTimeout,Grapple can time-out,RV2_Settings_Combat_GrappleCanTimeout,RV2_Settings_Keys.xml,keyed,Grapple can time-out,格斗罐超时
RV2_Settings_Combat_GrappleCanTimeout_Tip,"This refers to started grapple-fights, if they are not finished before the time-out, the initiator will lose the grapple",RV2_Settings_Combat_GrappleCanTimeout_Tip,RV2_Settings_Keys.xml,keyed,"This refers to started grapple-fights, if they are not finished before the time-out, the initiator will lose the grapple",这是指已经开始的格斗，如果在超时前没有完成，发起者将会输掉格斗
RV2_Settings_Combat_GrappleTimeoutTicks,Grapple timeout ticks,RV2_Settings_Combat_GrappleTimeoutTicks,RV2_Settings_Keys.xml,keyed,Grapple timeout ticks,格斗超时滴答
RV2_Settings_Combat_GrappleTimeoutTicks_Tip,The time needed before a grapple times out.,RV2_Settings_Combat_GrappleTimeoutTicks_Tip,RV2_Settings_Keys.xml,keyed,The time needed before a grapple times out.,格斗超时所需的时间。
RV2_Settings_Combat_GrappleTimeoutExplanation,Grapples will time-out after {0},RV2_Settings_Combat_GrappleTimeoutExplanation,RV2_Settings_Keys.xml,keyed,Grapples will time-out after <ALIMT >(PH_1)</ALIMT>,格斗将在之后超时{0}
RV2_Settings_General_StrippingRandom,Random,RV2_Settings_General_StrippingRandom,RV2_Settings_Keys.xml,keyed,Random,随机
RV2_Settings_General_StrippingRandom_Tip,There will be a 50% chance to strip or not strip,RV2_Settings_General_StrippingRandom_Tip,RV2_Settings_Keys.xml,keyed,There will be a 50% chance to strip or not strip,有 50% 的几率剥光或者不剥光
RV2_Settings_General_StrippingAlways,Always strip,RV2_Settings_General_StrippingAlways,RV2_Settings_Keys.xml,keyed,Always strip,总是剥光
RV2_Settings_General_StrippingAlways_Tip,The prey will always undress by default,RV2_Settings_General_StrippingAlways_Tip,RV2_Settings_Keys.xml,keyed,The prey will always undress by default,默认情况下，猎物总是会脱衣服
RV2_Settings_General_StrippingNever,Never strip,RV2_Settings_General_StrippingNever,RV2_Settings_Keys.xml,keyed,Never strip,不剥光
RV2_Settings_General_StrippingNever_Tip,The prey will never undress by default,RV2_Settings_General_StrippingNever_Tip,RV2_Settings_Keys.xml,keyed,The prey will never undress by default,默认情况下，猎物永远不会脱衣服
RV2_Settings_MessageNeutral,Neutral Message,RV2_Settings_MessageNeutral,RV2_Settings_Keys.xml,keyed,Neutral Message,中立信息
RV2_Settings_MessageThreatSmall,Small Threat Message,RV2_Settings_MessageThreatSmall,RV2_Settings_Keys.xml,keyed,Small Threat Message,小型威胁信息
RV2_Settings_MessageThreatBig,Big Threat Message,RV2_Settings_MessageThreatBig,RV2_Settings_Keys.xml,keyed,Big Threat Message,大型威胁消息
RV2_Settings_Letter,Letter,RV2_Settings_Letter,RV2_Settings_Keys.xml,keyed,Letter,信件
RV2_Settings_LetterThreatSmall,Small Threat Letter,RV2_Settings_LetterThreatSmall,RV2_Settings_Keys.xml,keyed,Small Threat Letter,小尺寸威胁信
RV2_Settings_LetterThreatBig,Big Threat Letter,RV2_Settings_LetterThreatBig,RV2_Settings_Keys.xml,keyed,Big Threat Letter,大型威胁信
RV2_Settings_Designations_Category,RimVore-2 [B] Designations,RV2_Settings_Designations_Category,RV2_Settings_Keys.xml,keyed,RimVore-2 <ALIMT >(PH_1)</ALIMT> Designations,缔约 RimVore-2[B]指派
RV2_Settings_Designations_ResetDesignations,Reset designations,RV2_Settings_Designations_ResetDesignations,RV2_Settings_Keys.xml,keyed,Reset designations,重置指派
RV2_Settings_Designations_MinimumAge,Minimum age for vore,RV2_Settings_Designations_MinimumAge,RV2_Settings_Keys.xml,keyed,Minimum age for <ALIMT >vore</ALIMT>,最低年龄吃人
RV2_Settings_Designations_ColonyRelationOptions,DEFAULTS for roles,RV2_Settings_Designations_ColonyRelationOptions,RV2_Settings_Keys.xml,keyed,DEFAULTS for roles,职位默认设置
RV2_Settings_Designations_RaceVoreOptions,OVERRIDES for custom races,RV2_Settings_Designations_RaceVoreOptions,RV2_Settings_Keys.xml,keyed,OVERRIDES for custom races,自定义种族覆盖
RV2_Settings_Designations_AnimalVoreOptions,OVERRIDES for animals,RV2_Settings_Designations_AnimalVoreOptions,RV2_Settings_Keys.xml,keyed,OVERRIDES for animals,动物覆盖
RV2_Settings_Designations_NoHAR,No Humanoid Alien Races loaded,RV2_Settings_Designations_NoHAR,RV2_Settings_Keys.xml,keyed,No Humanoid Alien Races loaded,未装载人形异域种族
RV2_Settings_Designations_DesignatedPredator,Is predator,RV2_Settings_Designations_DesignatedPredator,RV2_Settings_Keys.xml,keyed,Is predator,是捕食者
RV2_Settings_Designations_DesignatedEndoPrey,Is endo prey,RV2_Settings_Designations_DesignatedEndoPrey,RV2_Settings_Keys.xml,keyed,Is endo prey,是远行的猎物
RV2_Settings_Designations_DesignatedFatalPrey,Is fatal prey,RV2_Settings_Designations_DesignatedFatalPrey,RV2_Settings_Keys.xml,keyed,Is fatal prey,是致命的猎物
RV2_Settings_Designations_IgnoreMinimumAge,Ignore minimum age,RV2_Settings_Designations_IgnoreMinimumAge,RV2_Settings_Keys.xml,keyed,Ignore minimum age,忽略最小年龄
RV2_Settings_Designations_RelationKey_Base,Base,RV2_Settings_Designations_RelationKey_Base,RV2_Settings_Keys.xml,keyed,Base,角根
RV2_Settings_Designations_RelationKey_Colonist,Colonist,RV2_Settings_Designations_RelationKey_Colonist,RV2_Settings_Keys.xml,keyed,Colonist,殖民者
RV2_Settings_Designations_RelationKey_TemporaryColonist,Temporary Colonist,RV2_Settings_Designations_RelationKey_TemporaryColonist,RV2_Settings_Keys.xml,keyed,Temporary Colonist,临时殖民者
RV2_Settings_Designations_RelationKey_Prisoner,Prisoner,RV2_Settings_Designations_RelationKey_Prisoner,RV2_Settings_Keys.xml,keyed,Prisoner,囚犯
RV2_Settings_Designations_RelationKey_Raider,Raider,RV2_Settings_Designations_RelationKey_Raider,RV2_Settings_Keys.xml,keyed,Raider,掠袭者
RV2_Settings_Designations_RelationKey_Visitor,Visitor,RV2_Settings_Designations_RelationKey_Visitor,RV2_Settings_Keys.xml,keyed,Visitor,访客
RV2_Settings_Designations_RelationKey_Trader,Trader,RV2_Settings_Designations_RelationKey_Trader,RV2_Settings_Keys.xml,keyed,Trader,商队
RV2_Settings_Designations_RelationKey_Mechanoid,Mechanoid,RV2_Settings_Designations_RelationKey_Mechanoid,RV2_Settings_Keys.xml,keyed,Mechanoid,机械体
RV2_Settings_Designations_RelationKey_WildAnimal,Wild Animal,RV2_Settings_Designations_RelationKey_WildAnimal,RV2_Settings_Keys.xml,keyed,Wild Animal,野生动物
RV2_Settings_Designations_RelationKey_ColonyAnimal,Colony Animal,RV2_Settings_Designations_RelationKey_ColonyAnimal,RV2_Settings_Keys.xml,keyed,Colony Animal,殖民地动物
RV2_Settings_Designations_RelationKey_WildMan,Wild Human,RV2_Settings_Designations_RelationKey_WildMan,RV2_Settings_Keys.xml,keyed,Wild Human,野人
RV2_Settings_Quirks_Category,RimVore-2 [C] Quirks,RV2_Settings_Quirks_Category,RV2_Settings_Keys.xml,keyed,RimVore-2 <ALIMT >(PH_1)</ALIMT> Quirks,缔约 RimVore-2[C]怪癖
RV2_Settings_Quirks_Pools_Header,Quirk pools,RV2_Settings_Quirks_Pools_Header,RV2_Settings_Keys.xml,keyed,Quirk pools,古怪泳池
RV2_Settings_Quirks_PoolInfo_Header,Quirk pool info,RV2_Settings_Quirks_PoolInfo_Header,RV2_Settings_Keys.xml,keyed,Quirk pool info,古怪泳池信息
RV2_Settings_Quirks_QuirkInfo_Header,Quirk info,RV2_Settings_Quirks_QuirkInfo_Header,RV2_Settings_Keys.xml,keyed,Quirk info,古怪信息
RV2_Settings_Quirks_ResetQuirks,Reset quirks and pools,RV2_Settings_Quirks_ResetQuirks,RV2_Settings_Keys.xml,keyed,Reset quirks and pools,重置怪癖和泳池
RV2_Settings_ResetAllRaritiesPoolList,Reset all quirk rarities in all pools,RV2_Settings_ResetAllRaritiesPoolList,RV2_Settings_Keys.xml,keyed,Reset all quirk rarities in all pools,重置所有泳池中的所有古怪稀有品
RV2_Settings_ResetAllRaritiesPool,Reset all quirk rarities in pool,RV2_Settings_ResetAllRaritiesPool,RV2_Settings_Keys.xml,keyed,Reset all quirk rarities in pool,重置池中的所有古怪稀有
RV2_Settings_SetAllRaritiesPool,Set all quirk rarities in pool,RV2_Settings_SetAllRaritiesPool,RV2_Settings_Keys.xml,keyed,Set all quirk rarities in pool,在泳池里设置所有古怪的稀有物品
RV2_Settings_SetAllRaritiesPool_Tip,All quirks in this pool will be set to the given rarity,RV2_Settings_SetAllRaritiesPool_Tip,RV2_Settings_Keys.xml,keyed,All quirks in this pool will be set to the given rarity,这个泳池里的所有怪癖都将被设置为稀有度。
RV2_Settings_Quirks_PoolInfo_Enabled,Enabled?,RV2_Settings_Quirks_PoolInfo_Enabled,RV2_Settings_Keys.xml,keyed,Enabled?,启用？
RV2_Settings_Quirks_PoolInfo_NoPoolSelected,No pool selected,RV2_Settings_Quirks_PoolInfo_NoPoolSelected,RV2_Settings_Keys.xml,keyed,No pool selected,未选择池
RV2_Settings_Quirks_PoolInfo_PoolName,Name: ,RV2_Settings_Quirks_PoolInfo_PoolName,RV2_Settings_Keys.xml,keyed,Name: ,名字:
RV2_Settings_Quirks_PoolInfo_PoolType,Pool Type: ,RV2_Settings_Quirks_PoolInfo_PoolType,RV2_Settings_Keys.xml,keyed,Pool Type: ,泳池类型:
RV2_Settings_Quirks_PoolInfo_GenerationOrder,Generation index: ,RV2_Settings_Quirks_PoolInfo_GenerationOrder,RV2_Settings_Keys.xml,keyed,Generation index: ,世代索引:
RV2_Settings_Quirks_PoolInfo_Description,Description:,RV2_Settings_Quirks_PoolInfo_Description,RV2_Settings_Keys.xml,keyed,Description:,描述:
RV2_Settings_Quirks_PoolInfo_Quirks,Quirks:,RV2_Settings_Quirks_PoolInfo_Quirks,RV2_Settings_Keys.xml,keyed,Quirks:,怪癖:
RV2_Settings_Quirks_QuirkInfo_Enabled,Enabled?,RV2_Settings_Quirks_QuirkInfo_Enabled,RV2_Settings_Keys.xml,keyed,Enabled?,启用？
RV2_Settings_Quirks_QuirkInfo_NoQuirkSelected,No quirk selected,RV2_Settings_Quirks_QuirkInfo_NoQuirkSelected,RV2_Settings_Keys.xml,keyed,No quirk selected,未选择怪癖
RV2_Settings_Quirks_PoolInfo_Chance,Chance: ,RV2_Settings_Quirks_PoolInfo_Chance,RV2_Settings_Keys.xml,keyed,Chance: ,几率:
RV2_Settings_Quirks_PoolInfo_Weight,Weight: ,RV2_Settings_Quirks_PoolInfo_Weight,RV2_Settings_Keys.xml,keyed,Weight: ,重量:
RV2_Settings_Quirks_PoolInfo_Rarity,Rarity: ,RV2_Settings_Quirks_PoolInfo_Rarity,RV2_Settings_Keys.xml,keyed,Rarity: ,稀有度:
RV2_Settings_Quirks_PoolInfo_Rarity_TipOverriden,This rarity has been overriden and does not represent the intended rarity in the QuirkDef!,RV2_Settings_Quirks_PoolInfo_Rarity_TipOverriden,RV2_Settings_Keys.xml,keyed,This rarity has been overriden and does not represent the intended rarity in the QuirkDef!,这种稀有性已经被超越，并不能代表怪里怪气中预期的稀有!
RV2_Settings_Quirks_PoolInfo_Rarity_TipDefault,This rarity is equal to the intended rarity in the QuirkDef,RV2_Settings_Quirks_PoolInfo_Rarity_TipDefault,RV2_Settings_Keys.xml,keyed,This rarity is equal to the intended rarity in the QuirkDef,这种稀有性等同于怪癖中的预期稀有性。
RV2_Settings_Quirks_RequiredQuirks,Required quirks:,RV2_Settings_Quirks_RequiredQuirks,RV2_Settings_Keys.xml,keyed,Required quirks:,怪癖:
RV2_Settings_Quirks_BlockingQuirks,Blocking quirks:,RV2_Settings_Quirks_BlockingQuirks,RV2_Settings_Keys.xml,keyed,Blocking quirks:,阻挡怪癖:
RV2_Settings_Quirks_RequiredTraits,Required traits:,RV2_Settings_Quirks_RequiredTraits,RV2_Settings_Keys.xml,keyed,Required traits:,所需特性:
RV2_Settings_Quirks_BlockingTraits,Blocking traits:,RV2_Settings_Quirks_BlockingTraits,RV2_Settings_Keys.xml,keyed,Blocking traits:,阻挡特性:
RV2_Settings_Quirks_RequiredKeywords,Required keywords:,RV2_Settings_Quirks_RequiredKeywords,RV2_Settings_Keys.xml,keyed,Required keywords:,必需的关键词:
RV2_Settings_Quirks_BlockingKeywords,Blocking keywords:,RV2_Settings_Quirks_BlockingKeywords,RV2_Settings_Keys.xml,keyed,Blocking keywords:,拦截关键词:
RV2_Settings_Quirks_ListNone,None,RV2_Settings_Quirks_ListNone,RV2_Settings_Keys.xml,keyed,None,无
RV2_Settings_Quirks_QuirkPoolFilter,Quirk pool filter,RV2_Settings_Quirks_QuirkPoolFilter,RV2_Settings_Keys.xml,keyed,Quirk pool filter,古怪泳池过滤器
RV2_Settings_Quirks_QuirkFilter,Quirk / rarity filter,RV2_Settings_Quirks_QuirkFilter,RV2_Settings_Keys.xml,keyed,Quirk / rarity filter,怪癖/稀有度过滤器
RV2_Settings_Rules_Category,RimVore-2 [B] Rules,RV2_Settings_Rules_Category,RV2_Settings_Keys.xml,keyed,RimVore-2 <ALIMT >(PH_1)</ALIMT> Rules,缔约 RimVore-2[B]规矩
RV2_Settings_Rules_RulesHeader,Rules,RV2_Settings_Rules_RulesHeader,RV2_Settings_Keys.xml,keyed,Rules,规矩
RV2_Settings_Rules_Reset,Reset rules,RV2_Settings_Rules_Reset,RV2_Settings_Keys.xml,keyed,Reset rules,重置规则
RV2_Settings_Rules_SavePreset,Save preset,RV2_Settings_Rules_SavePreset,RV2_Settings_Keys.xml,keyed,Save preset,保存预设
RV2_Settings_Rules_LoadPreset,Load preset,RV2_Settings_Rules_LoadPreset,RV2_Settings_Keys.xml,keyed,Load preset,载入预设
RV2_Settings_Rules_RemovePreset,Remove preset,RV2_Settings_Rules_RemovePreset,RV2_Settings_Keys.xml,keyed,Remove preset,移除预设
RV2_Settings_Rules_PresetName,Name: ,RV2_Settings_Rules_PresetName,RV2_Settings_Keys.xml,keyed,Name: ,名字:
RV2_Settings_Rules_TargetHeader,Target criteria,RV2_Settings_Rules_TargetHeader,RV2_Settings_Keys.xml,keyed,Target criteria,目标标准
RV2_Settings_Rules_Target_PawnPickerNoMapActive,"When playing on a map, you can select a pawn here to use as an example for the rules",RV2_Settings_Rules_Target_PawnPickerNoMapActive,RV2_Settings_Keys.xml,keyed,"When playing on a map, you can select a <ALIMT >(PH_1)</ALIMT> here to use as an example for the rules",在地图上播放时，你可以选择一个pawn此处用作规则的示例
RV2_Settings_Rules_Target_PawnPickerLabel,Currently selected pawn: ,RV2_Settings_Rules_Target_PawnPickerLabel,RV2_Settings_Keys.xml,keyed,Currently selected <ALIMT >(PH_1)</ALIMT>: ,当前已选择pawn:
RV2_Settings_Rules_Target_PawnPickerPickNew,Pick new,RV2_Settings_Rules_Target_PawnPickerPickNew,RV2_Settings_Keys.xml,keyed,Pick new,选择新的
RV2_Settings_Rules_Target_PawnPickerUnselect,Unselect,RV2_Settings_Rules_Target_PawnPickerUnselect,RV2_Settings_Keys.xml,keyed,Unselect,取消选择
RV2_Settings_Rule_RuleTargetComponent_Inverted,Inverted,RV2_Settings_Rule_RuleTargetComponent_Inverted,RV2_Settings_Keys.xml,keyed,Inverted,反向选择
RV2_Settings_Rule_RuleTargetComponent_NewComponent,New Component,RV2_Settings_Rule_RuleTargetComponent_NewComponent,RV2_Settings_Keys.xml,keyed,New Component,新零部件
RV2_Settings_Rule_RuleTargetComponent_Everyone,Everyone,RV2_Settings_Rule_RuleTargetComponent_Everyone,RV2_Settings_Keys.xml,keyed,Everyone,所有人
RV2_Settings_Rule_RuleTargetComponent_ColonyRelation,Colony Relation,RV2_Settings_Rule_RuleTargetComponent_ColonyRelation,RV2_Settings_Keys.xml,keyed,Colony Relation,殖民地关系
RV2_Settings_Rule_RuleTargetComponent_Race,Race,RV2_Settings_Rule_RuleTargetComponent_Race,RV2_Settings_Keys.xml,keyed,Race,种族
RV2_Settings_Rule_RuleTargetComponent_AnimalRace,Animal Race,RV2_Settings_Rule_RuleTargetComponent_AnimalRace,RV2_Settings_Keys.xml,keyed,Animal Race,动物种族
RV2_Settings_Rule_RuleTargetComponent_Diet,Diet,RV2_Settings_Rule_RuleTargetComponent_Diet,RV2_Settings_Keys.xml,keyed,Diet,饮食
RV2_Settings_Rule_RuleTargetComponent_Gender,Gender,RV2_Settings_Rule_RuleTargetComponent_Gender,RV2_Settings_Keys.xml,keyed,Gender,性别
RV2_Settings_Rule_RuleTargetComponent_WorkType,Work Type,RV2_Settings_Rule_RuleTargetComponent_WorkType,RV2_Settings_Keys.xml,keyed,Work Type,工作类型
RV2_Settings_Rule_RuleTargetComponent_Precept,Ideology Precept,RV2_Settings_Rule_RuleTargetComponent_Precept,RV2_Settings_Keys.xml,keyed,Ideology Precept,文化戒律
RV2_Settings_Rule_RuleTargetComponent_Hediff,Hediff,RV2_Settings_Rule_RuleTargetComponent_Hediff,RV2_Settings_Keys.xml,keyed,Hediff,狂奔
RV2_Settings_Rule_RuleTargetComponent_Ability,Ability,RV2_Settings_Rule_RuleTargetComponent_Ability,RV2_Settings_Keys.xml,keyed,Ability,能力
RV2_Settings_Rule_RuleTargetComponent_Apparel,Apparel,RV2_Settings_Rule_RuleTargetComponent_Apparel,RV2_Settings_Keys.xml,keyed,Apparel,衣物
RV2_Settings_Rule_RuleTargetComponent_Quirk,Quirk,RV2_Settings_Rule_RuleTargetComponent_Quirk,RV2_Settings_Keys.xml,keyed,Quirk,古怪
RV2_Settings_Rule_RuleTargetComponent_RoyalTitle_Faction,Faction,RV2_Settings_Rule_RuleTargetComponent_RoyalTitle_Faction,RV2_Settings_Keys.xml,keyed,Faction,派系
RV2_Settings_Rule_RuleTargetComponent_RoyalTitle,Royal Title,RV2_Settings_Rule_RuleTargetComponent_RoyalTitle,RV2_Settings_Keys.xml,keyed,Royal Title,荣誉头衔
RV2_Settings_Rule_RuleTargetComponent_Xenotype,Xenotype,RV2_Settings_Rule_RuleTargetComponent_Xenotype,RV2_Settings_Keys.xml,keyed,Xenotype,异种人
RV2_Settings_Rule_RuleTargetComponent_Combinator,Combination,RV2_Settings_Rule_RuleTargetComponent_Combinator,RV2_Settings_Keys.xml,keyed,Combination,组合
RV2_Settings_Rule_RuleTargetComponent_Combinator_And,And,RV2_Settings_Rule_RuleTargetComponent_Combinator_And,RV2_Settings_Keys.xml,keyed,And,和
RV2_Settings_Rule_RuleTargetComponent_Combinator_Or,Or,RV2_Settings_Rule_RuleTargetComponent_Combinator_Or,RV2_Settings_Keys.xml,keyed,Or,或
RV2_Settings_Rule_RuleExplanation_NoPawnSelected,Select a pawn to see if the rules would apply to them.,RV2_Settings_Rule_RuleExplanation_NoPawnSelected,RV2_Settings_Keys.xml,keyed,Select a <ALIMT >(PH_1)</ALIMT> to see if the rules would apply to them.,选择一个pawn查看这些规则是否适用于他们。
RV2_Settings_Rule_RuleExplanation_Everyone,Always applies,RV2_Settings_Rule_RuleExplanation_Everyone,RV2_Settings_Keys.xml,keyed,Always applies,总是适用
RV2_Settings_Rule_RuleExplanation_ColonyRelation,{0} has these relations: {1},RV2_Settings_Rule_RuleExplanation_ColonyRelation,RV2_Settings_Keys.xml,keyed,<ALIMT >(PH_2)</ALIMT> has these relations: <ALIMT >(PH_1)</ALIMT>,{0}有这些关系:{1}
RV2_Settings_Rule_RuleExplanation_Race,{0} has race: {1},RV2_Settings_Rule_RuleExplanation_Race,RV2_Settings_Keys.xml,keyed,<ALIMT >(PH_2)</ALIMT> has race: <ALIMT >(PH_1)</ALIMT>,{0}有种族:{1}
RV2_Settings_Rule_RuleExplanation_NotAnimal,{0} is not an animal,RV2_Settings_Rule_RuleExplanation_NotAnimal,RV2_Settings_Keys.xml,keyed,<ALIMT >(PH_1)</ALIMT> is not an animal,{0}不是动物
RV2_Settings_Rule_RuleExplanation_AnimalRace,{0} is animal pawn kind: {1},RV2_Settings_Rule_RuleExplanation_AnimalRace,RV2_Settings_Keys.xml,keyed,<ALIMT >(PH_3)</ALIMT> is animal <ALIMT >(PH_2)</ALIMT> kind: <ALIMT >(PH_1)</ALIMT>,{0}是动物pawn种类:{1}
RV2_Settings_Rule_RuleExplanation_Diet,{0} has diet: {1},RV2_Settings_Rule_RuleExplanation_Diet,RV2_Settings_Keys.xml,keyed,<ALIMT >(PH_2)</ALIMT> has diet: <ALIMT >(PH_1)</ALIMT>,{0}有饮食:{1}
RV2_Settings_Rule_RuleExplanation_Gender,{0} has gender: {1},RV2_Settings_Rule_RuleExplanation_Gender,RV2_Settings_Keys.xml,keyed,<ALIMT >(PH_2)</ALIMT> has gender: <ALIMT >(PH_1)</ALIMT>,{0}有性别:{1}
RV2_Settings_Rule_RuleExplanation_WorkType_NeverWorks,{0} never works,RV2_Settings_Rule_RuleExplanation_WorkType_NeverWorks,RV2_Settings_Keys.xml,keyed,<ALIMT >(PH_1)</ALIMT> never works,{0}不工作
RV2_Settings_Rule_RuleExplanation_WorkType,{0} has work types: {1},RV2_Settings_Rule_RuleExplanation_WorkType,RV2_Settings_Keys.xml,keyed,<ALIMT >(PH_2)</ALIMT> has work types: <ALIMT >(PH_1)</ALIMT>,{0}有工作类型:{1}
RV2_Settings_Rule_RuleExplanation_Precept_NoIdeo,{0} has no ideology,RV2_Settings_Rule_RuleExplanation_Precept_NoIdeo,RV2_Settings_Keys.xml,keyed,<ALIMT >(PH_1)</ALIMT> has no ideology,{0}没有文化
RV2_Settings_Rule_RuleExplanation_Precept,{0}'s ideology {1} has precepts: {2},RV2_Settings_Rule_RuleExplanation_Precept,RV2_Settings_Keys.xml,keyed,<ALIMT >(PH_3)</ALIMT>'s ideology <ALIMT >(PH_2)</ALIMT> has precepts: <ALIMT >(PH_1)</ALIMT>,{0}的文化{1}有戒律:{2}
RV2_Settings_Rule_RuleExplanation_Hediff_NoHealth,{0} has no health,RV2_Settings_Rule_RuleExplanation_Hediff_NoHealth,RV2_Settings_Keys.xml,keyed,<ALIMT >(PH_1)</ALIMT> has no health,{0}没有健康
RV2_Settings_Rule_RuleExplanation_Hediff,{0} has hediffs: {1},RV2_Settings_Rule_RuleExplanation_Hediff,RV2_Settings_Keys.xml,keyed,<ALIMT >(PH_2)</ALIMT> has hediffs: <ALIMT >(PH_1)</ALIMT>,{0}有分歧的:{1}
RV2_Settings_Rule_RuleExplanation_Ability_NoAbilities,{0} has no abilities,RV2_Settings_Rule_RuleExplanation_Ability_NoAbilities,RV2_Settings_Keys.xml,keyed,<ALIMT >(PH_1)</ALIMT> has no abilities,{0}没有能力
RV2_Settings_Rule_RuleExplanation_Ability,{0} has abilities: {1},RV2_Settings_Rule_RuleExplanation_Ability,RV2_Settings_Keys.xml,keyed,<ALIMT >(PH_2)</ALIMT> has abilities: <ALIMT >(PH_1)</ALIMT>,{0}能够:{1}
RV2_Settings_Rule_RuleExplanation_Apparel_NoApparel,{0} has no apparel,RV2_Settings_Rule_RuleExplanation_Apparel_NoApparel,RV2_Settings_Keys.xml,keyed,<ALIMT >(PH_1)</ALIMT> has no apparel,{0}没有衣物
RV2_Settings_Rule_RuleExplanation_Apparel,{0} has apparel: {1},RV2_Settings_Rule_RuleExplanation_Apparel,RV2_Settings_Keys.xml,keyed,<ALIMT >(PH_2)</ALIMT> has apparel: <ALIMT >(PH_1)</ALIMT>,{0}有衣物:{1}
RV2_Settings_Rule_RuleExplanation_Quirk_NoQuirks,{0} has no quirks,RV2_Settings_Rule_RuleExplanation_Quirk_NoQuirks,RV2_Settings_Keys.xml,keyed,<ALIMT >(PH_1)</ALIMT> has no quirks,{0}没有怪癖
RV2_Settings_Rule_RuleExplanation_Quirk,{0} has quirks: {1},RV2_Settings_Rule_RuleExplanation_Quirk,RV2_Settings_Keys.xml,keyed,<ALIMT >(PH_2)</ALIMT> has quirks: <ALIMT >(PH_1)</ALIMT>,{0}有怪癖:{1}
RV2_Settings_Rule_RuleExplanation_RoyalTitle_NoTitle,{0} has no title,RV2_Settings_Rule_RuleExplanation_RoyalTitle_NoTitle,RV2_Settings_Keys.xml,keyed,<ALIMT >(PH_1)</ALIMT> has no title,{0}没有头衔
RV2_Settings_Rule_RuleExplanation_RoyalTitle,{0} has title: {1},RV2_Settings_Rule_RuleExplanation_RoyalTitle,RV2_Settings_Keys.xml,keyed,<ALIMT >(PH_2)</ALIMT> has title: <ALIMT >(PH_1)</ALIMT>,{0}有头衔:{1}
RV2_Settings_Rule_RuleExplanation_NoXenotype,{0} has no xeno type,RV2_Settings_Rule_RuleExplanation_NoXenotype,RV2_Settings_Keys.xml,keyed,<ALIMT >(PH_1)</ALIMT> has no xeno type,{0}没有异种人类型
RV2_Settings_Rule_RuleExplanation_Xenotype,{0} has xeno type: {1},RV2_Settings_Rule_RuleExplanation_Xenotype,RV2_Settings_Keys.xml,keyed,<ALIMT >(PH_2)</ALIMT> has xeno type: <ALIMT >(PH_1)</ALIMT>,{0}具有异种体类型:{1}
RV2_Settings_Rule_RuleExplanation_DoesNotApply,{0} is currently NOT targeted by the parameters,RV2_Settings_Rule_RuleExplanation_DoesNotApply,RV2_Settings_Keys.xml,keyed,<ALIMT >(PH_1)</ALIMT> is currently NOT targeted by the parameters,{0}当前未指定参数
RV2_Settings_Rule_RuleExplanation_DoesApply,{0} is currently targeted by the parameters,RV2_Settings_Rule_RuleExplanation_DoesApply,RV2_Settings_Keys.xml,keyed,<ALIMT >(PH_1)</ALIMT> is currently targeted by the parameters,{0}被参数指定
RV2_Settings_Rules_Name,Rule name,RV2_Settings_Rules_Name,RV2_Settings_Keys.xml,keyed,Rule name,规则名称
RV2_Settings_Rules_IdentifierType,Type,RV2_Settings_Rules_IdentifierType,RV2_Settings_Keys.xml,keyed,Type,类型
RV2_Settings_Rules_IdentifierType_Tip,What kind of pawn are the rules for?,RV2_Settings_Rules_IdentifierType_Tip,RV2_Settings_Keys.xml,keyed,What kind of <ALIMT >(PH_1)</ALIMT> are the rules for?,什么样的pawn规矩是为了什么？
RV2_Settings_Rules_IdentifierRole,Role,RV2_Settings_Rules_IdentifierRole,RV2_Settings_Keys.xml,keyed,Role,职位
RV2_Settings_Rules_IdentifierRole_Tip,Which role does the pawn play for the rule?,RV2_Settings_Rules_IdentifierRole_Tip,RV2_Settings_Keys.xml,keyed,Which role does the <ALIMT >(PH_1)</ALIMT> play for the rule?,分配哪一种仪式角色pawn为规则而战？
RV2_Settings_Rules_Save,Save,RV2_Settings_Rules_Save,RV2_Settings_Keys.xml,keyed,Save,保存
RV2_Settings_Rules_OK,OK,RV2_Settings_Rules_OK,RV2_Settings_Keys.xml,keyed,OK,健康
RV2_Settings_Rules_Cancel,Cancel,RV2_Settings_Rules_Cancel,RV2_Settings_Keys.xml,keyed,Cancel,取消
RV2_Settings_Rules_Controls,Edit rule order,RV2_Settings_Rules_Controls,RV2_Settings_Keys.xml,keyed,Edit rule order,编辑规则顺序
RV2_Settings_Rules_RuleStateOn,"Currently ignoring previous rules and setting to ""Enabled""",RV2_Settings_Rules_RuleStateOn,RV2_Settings_Keys.xml,keyed,"Currently ignoring previous rules and setting to ""Enabled""",当前忽略了之前的规则并且设置为 “已启用”
RV2_Settings_Rules_RuleStateOff,"Currently ignoring previous rules and setting to ""Disabled""",RV2_Settings_Rules_RuleStateOff,RV2_Settings_Keys.xml,keyed,"Currently ignoring previous rules and setting to ""Disabled""",当前忽略了之前的规则并且正在设置为 “禁用”
RV2_Settings_Rules_RuleStateCopy,Currently copying previous rules,RV2_Settings_Rules_RuleStateCopy,RV2_Settings_Keys.xml,keyed,Currently copying previous rules,当前正在复制以前的规则
RV2_Settings_Rules_General,General rules,RV2_Settings_Rules_General,RV2_Settings_Keys.xml,keyed,General rules,一般规则
RV2_Settings_Rules_ConsiderMinimumAge,Consider minimum age?,RV2_Settings_Rules_ConsiderMinimumAge,RV2_Settings_Keys.xml,keyed,Consider minimum age?,考虑最低年龄？
RV2_Settings_Rules_MinimumAge,Minimum age,RV2_Settings_Rules_MinimumAge,RV2_Settings_Keys.xml,keyed,Minimum age,最小年龄
RV2_Settings_Rules_Designation,Default Designations,RV2_Settings_Rules_Designation,RV2_Settings_Keys.xml,keyed,Default Designations,默认标记
RV2_settings_Rules_UsesVorePathRules,Use path rules,RV2_settings_Rules_UsesVorePathRules,RV2_Settings_Keys.xml,keyed,Use path rules,使用路径规则
RV2_settings_Rules_UsesVorePathRules_Tip,With this option specific vore paths can be enabled or disabled.,RV2_settings_Rules_UsesVorePathRules_Tip,RV2_Settings_Keys.xml,keyed,With this option specific <ALIMT >vore</ALIMT> paths can be enabled or disabled.,特定于此选项吃人可以启用或禁用路径。
RV2_settings_Rules_CanBeProposedTo,Can be proposed to,RV2_settings_Rules_CanBeProposedTo,RV2_Settings_Keys.xml,keyed,Can be proposed to,可被提议给
RV2_settings_Rules_CanBeProposedTo_Tip,Allow vore proposals directed at this pawn? This does not imply predator or prey roles!,RV2_settings_Rules_CanBeProposedTo_Tip,RV2_Settings_Keys.xml,keyed,Allow <ALIMT >vore</ALIMT> proposals directed at this <ALIMT >(PH_1)</ALIMT>? This does not imply predator or prey roles!,解禁吃人针对此的提案pawn什么？这并不意味着捕食者或猎物的角色!
RV2_settings_Rules_CanForceFailedProposals,Can fight after failed vore proposals,RV2_settings_Rules_CanForceFailedProposals,RV2_Settings_Keys.xml,keyed,Can fight after failed <ALIMT >vore</ALIMT> proposals,能够在失败后战斗吃人提议
RV2_settings_Rules_CanForceFailedProposals_Tip,"Allow this pawn to fight other pawns if they deny this pawns vore proposal. Upon winning the vore fight, the initiator will then vore the target.\nThis does not imply predator or prey roles!\nThis may lead to this pawn being injured.",RV2_settings_Rules_CanForceFailedProposals_Tip,RV2_Settings_Keys.xml,keyed,"Allow this <ALIMT >(PH_4)</ALIMT> to fight other pawns if they deny this pawns <ALIMT >vore</ALIMT> proposal. Upon winning the <ALIMT >vore</ALIMT> fight, the initiator will then <ALIMT >vore</ALIMT> the target.<ALIMT >(PH_3)</ALIMT>This does not imply predator or prey roles!<ALIMT >(PH_2)</ALIMT>This may lead to this <ALIMT >(PH_1)</ALIMT> being injured.","解禁这个pawn与其他棋子战斗，如果他们否认这一点吃人求婚。在赢得吃人战斗中，发起者将吃人目标。
这并不意味着捕食者或猎物的角色!
这可能会导致pawn正在受伤。"
RV2_settings_Rules_CanBeForcedFailedProposals,Can be fought after failed vore proposals,RV2_settings_Rules_CanBeForcedFailedProposals,RV2_Settings_Keys.xml,keyed,Can be fought after failed <ALIMT >vore</ALIMT> proposals,可在失败后继续战斗吃人提议
RV2_settings_Rules_CanBeForcedFailedProposals_Tip,"Allow this pawn to be fought after other denying a vore proposal. If this pawn loses the fight, the initiator will vore their target.\nThis does not imply predator or prey roles!\nThis may lead to this pawn being injured.",RV2_settings_Rules_CanBeForcedFailedProposals_Tip,RV2_Settings_Keys.xml,keyed,"Allow this <ALIMT >(PH_5)</ALIMT> to be fought after other denying a <ALIMT >vore</ALIMT> proposal. If this <ALIMT >(PH_4)</ALIMT> loses the fight, the initiator will <ALIMT >vore</ALIMT> their target.<ALIMT >(PH_3)</ALIMT>This does not imply predator or prey roles!<ALIMT >(PH_2)</ALIMT>This may lead to this <ALIMT >(PH_1)</ALIMT> being injured.","解禁这个pawn在其他人拒绝 a 之后继续战斗吃人求婚。如果这样pawn输掉战斗，发起者意志吃人他们的目标。
这并不意味着捕食者或猎物的角色!
这可能会导致pawn正在受伤。"
RV2_settings_Rules_CanBeForcedIfDowned,Can be forced if downed,RV2_settings_Rules_CanBeForcedIfDowned,RV2_Settings_Keys.xml,keyed,Can be <ALIMT >forced</ALIMT> if downed,可以是强迫如果倒地
RV2_settings_Rules_CanBeForcedIfDowned_Tip,"If this pawn is downed and another colonist proposes vore to them, they will automatically accept the proposal.\nThis does not imply predator or prey roles!",RV2_settings_Rules_CanBeForcedIfDowned_Tip,RV2_Settings_Keys.xml,keyed,"If this <ALIMT >(PH_2)</ALIMT> is downed and another colonist proposes <ALIMT >vore</ALIMT> to them, they will automatically accept the proposal.<ALIMT >(PH_1)</ALIMT>This does not imply predator or prey roles!","如果这样pawn倒地和另一个殖民者求婚吃人对他们来说，他们会自动接受这个提议。
这并不意味着捕食者或猎物的角色!"
RV2_Settings_Rules_VorePathsHeader,Vore Paths Rules,RV2_Settings_Rules_VorePathsHeader,RV2_Settings_Keys.xml,keyed,<ALIMT >vore</ALIMT> Paths Rules,吃人路径规则
RV2_Settings_Rules_VorePathsEnableAll,Enable all,RV2_Settings_Rules_VorePathsEnableAll,RV2_Settings_Keys.xml,keyed,Enable all,全部启用
RV2_Settings_Rules_VorePathsDisableAll,Disable all,RV2_Settings_Rules_VorePathsDisableAll,RV2_Settings_Keys.xml,keyed,Disable all,全部禁用
RV2_Settings_Rules_Enabled,Enabled?,RV2_Settings_Rules_Enabled,RV2_Settings_Keys.xml,keyed,Enabled?,启用？
RV2_Settings_Rules_Enabled_Tip,Allows you to disable the VorePath entirely for the pawns,RV2_Settings_Rules_Enabled_Tip,RV2_Settings_Keys.xml,keyed,Allows you to disable the VorePath entirely for the pawns,允许你完全禁用 pawns 的 VorePath
RV2_Settings_Rules_AllowedInAutoVore,Auto-vore?,RV2_Settings_Rules_AllowedInAutoVore,RV2_Settings_Keys.xml,keyed,Auto-<ALIMT >vore</ALIMT>?,自动吃人什么？
RV2_Settings_Rules_AllowedInAutoVore_Tip,Disabling this means the pawns can not use this path for automatically initiated vore,RV2_Settings_Rules_AllowedInAutoVore_Tip,RV2_Settings_Keys.xml,keyed,Disabling this means the pawns can not use this path for automatically initiated <ALIMT >vore</ALIMT>,禁用意味着 pawns 无法将此路径用于自动初始化的路径吃人
RV2_Settings_Rules_Container,Container,RV2_Settings_Rules_Container,RV2_Settings_Keys.xml,keyed,Container,集装箱
RV2_Settings_Rules_Container_Tip,"Setting this will ""wrap"" the products of this vore path. Normally this is to be used to contain the products of digestive vore.",RV2_Settings_Rules_Container_Tip,RV2_Settings_Keys.xml,keyed,"Setting this will ""wrap"" the products of this <ALIMT >vore</ALIMT> path. Normally this is to be used to contain the products of digestive <ALIMT >vore</ALIMT>.",设置此将 “包装” 此产品吃人路径。通常情况下，这将用于包含消化产物。吃人
RV2_Settings_Rules_CorpseProcessing,Corpse,RV2_Settings_Rules_CorpseProcessing,RV2_Settings_Keys.xml,keyed,Corpse,尸体
RV2_Settings_Rules_CorpseProcessing_Tip,"This controls how produced corpses are treated when they are put into the container. This does not affect items or apparel carried by the pawn, only the corpse itself!\n\nDessicate - Produces skeletons\nRot - Sets the corpse to half of its rot time to become a skeleton\nDestroy - Removes the corpse entirely\nNone - Leaves the corpse alone.",RV2_Settings_Rules_CorpseProcessing_Tip,RV2_Settings_Keys.xml,keyed,"This controls how produced corpses are treated when they are put into the container. This does not affect items or apparel carried by the <ALIMT >(PH_6)</ALIMT>, only the corpse itself!<ALIMT >(PH_5)</ALIMT><ALIMT >(PH_4)</ALIMT>Dessicate - Produces skeletons<ALIMT >(PH_3)</ALIMT>Rot - Sets the corpse to half of its rot time to become a skeleton<ALIMT >(PH_2)</ALIMT>Destroy - Removes the corpse entirely<ALIMT >(PH_1)</ALIMT>None - Leaves the corpse alone.","此选项可控制已生产的尸体放入容器后如何处理。这不会影响携带的物品或衣物pawn,只有尸体本身!

产生干燥的骷髅
腐烂-将尸体设置为腐烂时间的一半，即可变成骷髅
摧毁-完全移除尸体
无-别动尸体。"
RV2_Settings_Rules_StruggleForceMode,Struggle,RV2_Settings_Rules_StruggleForceMode,RV2_Settings_Keys.xml,keyed,Struggle,挣扎
RV2_Settings_Rules_StruggleForceMode_Tip,"The occasion in which prey will struggle when they are vored with this vore path.\n\Vore is considered forced when voring downed pawns, forcing proposals or being vored by wild animals and raiders",RV2_Settings_Rules_StruggleForceMode_Tip,RV2_Settings_Keys.xml,keyed,"The occasion in which prey will struggle when they are vored with this <ALIMT >vore</ALIMT> path.<ALIMT >(PH_1)</ALIMT>\<ALIMT >vore</ALIMT> is considered <ALIMT >forced</ALIMT> when voring downed pawns, forcing proposals or being vored by wild animals and raiders","被捕食的猎物捕获后能挣扎的场合吃人路径。
\吃人被考虑强迫当 v见倒地的 pawns，强迫求婚，或者被野兽和袭击者打劫"
RV2_Settings_Rules_RequiredStruggles,Required struggles,RV2_Settings_Rules_RequiredStruggles,RV2_Settings_Keys.xml,keyed,Required struggles,需要战斗
RV2_Settings_Rules_RequiredStruggles_Tip,How many successful struggles the prey needs to escape their predator,RV2_Settings_Rules_RequiredStruggles_Tip,RV2_Settings_Keys.xml,keyed,How many successful struggles the prey needs to escape their predator,被捕食的动物成功逃脱所需的次数
RV2_Settings_Rules_AutoVoreOn,Currently allowed to automatically initiate vore\nClick to turn off,RV2_Settings_Rules_AutoVoreOn,RV2_Settings_Keys.xml,keyed,Currently allowed to automatically initiate <ALIMT >vore</ALIMT><ALIMT >(PH_1)</ALIMT>Click to turn off,"目前允许自动初始化吃人
点击关闭"
RV2_Settings_Rules_AutoVoreOff,Currently not allowed to automatically initiate vore\nClick to turn on,RV2_Settings_Rules_AutoVoreOff,RV2_Settings_Keys.xml,keyed,Currently not allowed to automatically initiate <ALIMT >vore</ALIMT><ALIMT >(PH_1)</ALIMT>Click to turn on,"当前不允许自动初始化吃人
点击以开启"
RV2_Settings_Rules_DesignatedPredatorOn,Currently automatically designated as predator\nClick to turn off,RV2_Settings_Rules_DesignatedPredatorOn,RV2_Settings_Keys.xml,keyed,Currently automatically designated as predator<ALIMT >(PH_1)</ALIMT>Click to turn off,"当前被自动指定为捕食者
点击关闭"
RV2_Settings_Rules_DesignatedPredatorOff,Currently automatically designated as non-predator\nClick to turn on,RV2_Settings_Rules_DesignatedPredatorOff,RV2_Settings_Keys.xml,keyed,Currently automatically designated as non-predator<ALIMT >(PH_1)</ALIMT>Click to turn on,"当前被自动指定为非捕食者
点击以开启"
RV2_Settings_Rules_DesignatedEndoPreyOn,Currently automatically designated as endo prey\nClick to turn off,RV2_Settings_Rules_DesignatedEndoPreyOn,RV2_Settings_Keys.xml,keyed,Currently automatically designated as endo prey<ALIMT >(PH_1)</ALIMT>Click to turn off,"当前被自动指定为近亲猎物
点击关闭"
RV2_Settings_Rules_DesignatedEndoPreyOff,Currently automatically designated as non endo prey\nClick to turn on,RV2_Settings_Rules_DesignatedEndoPreyOff,RV2_Settings_Keys.xml,keyed,Currently automatically designated as non endo prey<ALIMT >(PH_1)</ALIMT>Click to turn on,"当前被自动指定为非近亲猎物
点击以开启"
RV2_Settings_Rules_DesignatedFatalPreyOn,Currently automatically designated as fatal prey\nClick to turn off,RV2_Settings_Rules_DesignatedFatalPreyOn,RV2_Settings_Keys.xml,keyed,Currently automatically designated as fatal prey<ALIMT >(PH_1)</ALIMT>Click to turn off,"当前被自动指定为致命猎物
点击关闭"
RV2_Settings_Rules_DesignatedFatalPreyOff,Currently automatically designated as non fatal prey\nClick to turn on,RV2_Settings_Rules_DesignatedFatalPreyOff,RV2_Settings_Keys.xml,keyed,Currently automatically designated as non fatal prey<ALIMT >(PH_1)</ALIMT>Click to turn on,"当前自动指定为非致命猎物
点击以开启"
RV2_Settings_ChangePrompt_DefaultStruggleForceMode,"The default struggle mode has changed. Would you like to apply this change to all existing vore path settings? \n\nThis will set all settings with ""{0}"" to ""{1}"", but won't touch any other ones.",RV2_Settings_ChangePrompt_DefaultStruggleForceMode,RV2_Settings_Keys.xml,keyed,"The default struggle mode has changed. Would you like to apply this change to all existing <ALIMT >vore</ALIMT> path settings? <ALIMT >(PH_4)</ALIMT><ALIMT >(PH_3)</ALIMT>This will set all settings with ""<ALIMT >(PH_2)</ALIMT>"" to ""<ALIMT >(PH_1)</ALIMT>"", but won't <ALIMT >touch</ALIMT> any other ones.","默认的挣扎模式已改变。是否将此更改应用到所有已存在的吃人路径设置？

这将设置所有设置与“{0}“到”{1}“，但不会触摸任何其他的。"
RV2_StatsReport_FactorForBodySize,Body size,RV2_StatsReport_FactorForBodySize,RV2_Stats.xml,keyed,Body size,体型
RV2_StatsReport_InfluencedMeleeImpact,Melee skill factor,RV2_StatsReport_InfluencedMeleeImpact,RV2_Stats.xml,keyed,Melee skill factor,近战技能系数
RV2_StatsReport_DefaultGrappleChance,Base grapple Chance (Settings),RV2_StatsReport_DefaultGrappleChance,RV2_Stats.xml,keyed,Base grapple Chance (Settings),基础格斗几率 (设置)
RV2_StatsReport_MaxGrappleChance,Max grapple Chance (Settings),RV2_StatsReport_MaxGrappleChance,RV2_Stats.xml,keyed,Max grapple Chance (Settings),最大格斗几率 (设置)
RV2_StatsReport_VoredPrey,Vored prey,RV2_StatsReport_VoredPrey,RV2_Stats.xml,keyed,Vored prey,被收留的猎物
RV2_StatsReport_VoreProductContainerContents,Contents,RV2_StatsReport_VoreProductContainerContents,RV2_Stats.xml,keyed,Contents,内容
RV2_StatsReport_VoreCapacityMultiplier,Body size to vore capacity multiplier,RV2_StatsReport_VoreCapacityMultiplier,RV2_Stats.xml,keyed,Body size to <ALIMT >vore</ALIMT> capacity multiplier,体型到吃人容量乘数
RV2_StatsReport_VoreCapacityMinimum,(Cheat) Forced Minimum,RV2_StatsReport_VoreCapacityMinimum,RV2_Stats.xml,keyed,(Cheat) <ALIMT >forced</ALIMT> Minimum,(欺骗)强迫最小值
RV2_PawnVoreTab,Vore,RV2_PawnVoreTab,RV2_Tabs_Keys.xml,keyed,<ALIMT >vore</ALIMT>,吃人
RV2_Tab_HiddenPreyCount,{0} More prey,RV2_Tab_HiddenPreyCount,RV2_Tabs_Keys.xml,keyed,<ALIMT >(PH_1)</ALIMT> More prey,{0}更多猎物
RV2_Tab_ExpandOrCollapse,Expand / Collapse,RV2_Tab_ExpandOrCollapse,RV2_Tabs_Keys.xml,keyed,Expand / Collapse,展开/折叠
RV2_Interactive_Tab,Interactive View,RV2_Interactive_Tab,RV2_Tabs_Keys.xml,keyed,Interactive View,互动视图
RV2_Overview_Table,Overview,RV2_Overview_Table,RV2_Tabs_Keys.xml,keyed,Overview,概况
RV2_Pawn_Source_All,All,RV2_Pawn_Source_All,RV2_Tabs_Keys.xml,keyed,All,全部
RV2_Pawn_Source_Map,All Map,RV2_Pawn_Source_Map,RV2_Tabs_Keys.xml,keyed,All Map,所有地图
RV2_Toggle_Struggle,Toggle Struggle,RV2_Toggle_Struggle,RV2_Tabs_Keys.xml,keyed,Toggle Struggle,开关挣扎
RV2_Tab_Inspect,Select Prey,RV2_Tab_Inspect,RV2_Tabs_Keys.xml,keyed,Select Prey,选择猎物
RV2_ExtraDescription_VoreProductContainer_Label, ({NAME}),RV2_ExtraDescription_VoreProductContainer_Label,RV2_ThingExtraDescriptions.xml,keyed, (<ALIMT >(PH_1)</ALIMT>),({NAME})
RV2_ExtraDescription_VoreProductContainer,"These remains belong to {NAME}, aged {AGE}. They were a {PROFESSION} of the {FACTION} faction.",RV2_ExtraDescription_VoreProductContainer,RV2_ThingExtraDescriptions.xml,keyed,"These remains belong to <ALIMT >(PH_4)</ALIMT>, aged <ALIMT >(PH_3)</ALIMT>. They were a <ALIMT >(PH_2)</ALIMT> of the <ALIMT >(PH_1)</ALIMT> faction.","这些残骸属于{NAME},岁{AGE}他们曾是一个{PROFESSION}的{FACTION}派系。"
RV2_ExtraDescription_VoreProductContainer_ProfessionFallback,Member,RV2_ExtraDescription_VoreProductContainer_ProfessionFallback,RV2_ThingExtraDescriptions.xml,keyed,Member,信众
RV2_DisplayPart_Anus,Anus,RV2_DisplayPart_Anus,RV2_VoreDisplayPartNames.xml,keyed,<ALIMT >anus</ALIMT>,肛门
RV2_DisplayPart_Breasts,Breasts,RV2_DisplayPart_Breasts,RV2_VoreDisplayPartNames.xml,keyed,<ALIMT >breasts</ALIMT>,乳房
RV2_DisplayPart_Cock,Cock,RV2_DisplayPart_Cock,RV2_VoreDisplayPartNames.xml,keyed,Cock,公鸡
RV2_DisplayPart_Intestines,Intestines,RV2_DisplayPart_Intestines,RV2_VoreDisplayPartNames.xml,keyed,Intestines,肠子
RV2_DisplayPart_Mouth,Mouth,RV2_DisplayPart_Mouth,RV2_VoreDisplayPartNames.xml,keyed,Mouth,大嘴的
RV2_DisplayPart_Nipple,Nipple,RV2_DisplayPart_Nipple,RV2_VoreDisplayPartNames.xml,keyed,<ALIMT >nipple</ALIMT>,乳头
RV2_DisplayPart_Stomach,Stomach,RV2_DisplayPart_Stomach,RV2_VoreDisplayPartNames.xml,keyed,Stomach,胃
RV2_DisplayPart_Testicles,Testicles,RV2_DisplayPart_Testicles,RV2_VoreDisplayPartNames.xml,keyed,<ALIMT >testicles</ALIMT>,睾丸/蛋蛋
RV2_DisplayPart_Vagina,Vagina,RV2_DisplayPart_Vagina,RV2_VoreDisplayPartNames.xml,keyed,<ALIMT >vagina</ALIMT>,阴道
RV2_DisplayPart_Womb,Womb,RV2_DisplayPart_Womb,RV2_VoreDisplayPartNames.xml,keyed,Womb,子宫
RV2_DisplayPart_Genitals,Genitals,RV2_DisplayPart_Genitals,RV2_VoreDisplayPartNames.xml,keyed,Genitals,生殖器
RV2_VoreInvalidReasons_TooYoung,Too young,RV2_VoreInvalidReasons_TooYoung,RV2_VoreInvalidReasons_Keys.xml,keyed,Too young,太年轻
RV2_VoreInvalidReasons_Animal,Animal,RV2_VoreInvalidReasons_Animal,RV2_VoreInvalidReasons_Keys.xml,keyed,Animal,动物
RV2_VoreInvalidReasons_WildAnimalForAuto,Wild animals disabled for auto-proposals,RV2_VoreInvalidReasons_WildAnimalForAuto,RV2_VoreInvalidReasons_Keys.xml,keyed,Wild animals disabled for auto-proposals,自动提议禁用野生动物
RV2_VoreInvalidReasons_VisitorForAuto,Visitors disabled for auto-proposals,RV2_VoreInvalidReasons_VisitorForAuto,RV2_VoreInvalidReasons_Keys.xml,keyed,Visitors disabled for auto-proposals,自动求婚禁用访客
RV2_VoreInvalidReasons_SelfVore,Cannot vore self,RV2_VoreInvalidReasons_SelfVore,RV2_VoreInvalidReasons_Keys.xml,keyed,Cannot <ALIMT >vore</ALIMT> self,无法吃人自
RV2_VoreInvalidReasons_QuirksDisabled,Quirks disabled,RV2_VoreInvalidReasons_QuirksDisabled,RV2_VoreInvalidReasons_Keys.xml,keyed,Quirks disabled,禁用怪癖
RV2_VoreInvalidReasons_FatalDisabled,Fatal disabled,RV2_VoreInvalidReasons_FatalDisabled,RV2_VoreInvalidReasons_Keys.xml,keyed,Fatal disabled,致命禁用
RV2_VoreInvalidReasons_EndoDisabled,Endo disabled,RV2_VoreInvalidReasons_EndoDisabled,RV2_VoreInvalidReasons_Keys.xml,keyed,Endo disabled,Endo 禁用
RV2_VoreInvalidReasons_FeedingDisabled,Feeding vore disabled,RV2_VoreInvalidReasons_FeedingDisabled,RV2_VoreInvalidReasons_Keys.xml,keyed,Feeding <ALIMT >vore</ALIMT> disabled,喂养吃人禁用
RV2_VoreInvalidReasons_FatalAndEndoDisabled,Fatal and endo disabled,RV2_VoreInvalidReasons_FatalAndEndoDisabled,RV2_VoreInvalidReasons_Keys.xml,keyed,Fatal and endo disabled,致命和 endo 禁用
RV2_VoreInvalidReasons_FatalDisabledAndQuirkFatalOnlyPredator,Fatal disabled + fatal only predator,RV2_VoreInvalidReasons_FatalDisabledAndQuirkFatalOnlyPredator,RV2_VoreInvalidReasons_Keys.xml,keyed,Fatal disabled + fatal only predator,致命禁用 + 仅致命的捕食者
RV2_VoreInvalidReasons_EndoDisabledAndQuirkEndoOnlyPredator,Endo disabled + endo only predator,RV2_VoreInvalidReasons_EndoDisabledAndQuirkEndoOnlyPredator,RV2_VoreInvalidReasons_Keys.xml,keyed,Endo disabled + endo only predator,Endo 禁用 + endo only 捕食者
RV2_VoreInvalidReasons_QuirkNeverPredator,Quirk: never predator,RV2_VoreInvalidReasons_QuirkNeverPredator,RV2_VoreInvalidReasons_Keys.xml,keyed,Quirk: never predator,怪癖: 从不捕食
RV2_VoreInvalidReasons_QuirkNeverPrey,Quirk: never prey,RV2_VoreInvalidReasons_QuirkNeverPrey,RV2_VoreInvalidReasons_Keys.xml,keyed,Quirk: never prey,怪癖: 从不捕食
RV2_VoreInvalidReasons_QuirkFatalOnlyPredator,Quirk: fatal only predator,RV2_VoreInvalidReasons_QuirkFatalOnlyPredator,RV2_VoreInvalidReasons_Keys.xml,keyed,Quirk: fatal only predator,怪癖: 致命的捕食者
RV2_VoreInvalidReasons_QuirkEndoOnlyPredator,Quirk: endo only predator,RV2_VoreInvalidReasons_QuirkEndoOnlyPredator,RV2_VoreInvalidReasons_Keys.xml,keyed,Quirk: endo only predator,怪癖: 远行捕食者
RV2_VoreInvalidReasons_PredatorCantVore,Predator can't vore: ,RV2_VoreInvalidReasons_PredatorCantVore,RV2_VoreInvalidReasons_Keys.xml,keyed,Predator can't <ALIMT >vore</ALIMT>: ,捕食者不能吃人:
RV2_VoreInvalidReasons_PreyCantBeVored,Prey can't be vored: ,RV2_VoreInvalidReasons_PreyCantBeVored,RV2_VoreInvalidReasons_Keys.xml,keyed,Prey can't be vored: ,不能被掠夺的猎物:
RV2_VoreInvalidReasons_OngoingVore,Can't vore a current predator,RV2_VoreInvalidReasons_OngoingVore,RV2_VoreInvalidReasons_Keys.xml,keyed,Can't <ALIMT >vore</ALIMT> a current predator,不能吃人当前的捕食者
RV2_VoreInvalidReasons_NoCapacity,No capacity,RV2_VoreInvalidReasons_NoCapacity,RV2_VoreInvalidReasons_Keys.xml,keyed,No capacity,无容量
RV2_VoreInvalidReasons_MentalState,Mental state,RV2_VoreInvalidReasons_MentalState,RV2_VoreInvalidReasons_Keys.xml,keyed,Mental state,精神状态
RV2_VoreInvalidReasons_NoGoals,No vore goal valid,RV2_VoreInvalidReasons_NoGoals,RV2_VoreInvalidReasons_Keys.xml,keyed,No <ALIMT >vore</ALIMT> goal valid,否吃人目标有效
RV2_VoreInvalidReasons_NoTypes,No vore type valid,RV2_VoreInvalidReasons_NoTypes,RV2_VoreInvalidReasons_Keys.xml,keyed,No <ALIMT >vore</ALIMT> type valid,否吃人类型有效
RV2_VoreInvalidReasons_Predator,Predator,RV2_VoreInvalidReasons_Predator,RV2_VoreInvalidReasons_Keys.xml,keyed,Predator,捕食者
RV2_VoreInvalidReasons_Prey,Prey,RV2_VoreInvalidReasons_Prey,RV2_VoreInvalidReasons_Keys.xml,keyed,Prey,猎物
RV2_VoreInvalidReasons_DesignationMissing,{0} does not have designation {1},RV2_VoreInvalidReasons_DesignationMissing,RV2_VoreInvalidReasons_Keys.xml,keyed,<ALIMT >(PH_2)</ALIMT> does not have designation <ALIMT >(PH_1)</ALIMT>,{0}没有指定{1}
RV2_VoreInvalidReasons_NoPredatorDesignations,{0} has no predator designation,RV2_VoreInvalidReasons_NoPredatorDesignations,RV2_VoreInvalidReasons_Keys.xml,keyed,<ALIMT >(PH_1)</ALIMT> has no predator designation,{0}没有指定捕食者
RV2_VoreInvalidReasons_NoPreyDesignations,No prey designations,RV2_VoreInvalidReasons_NoPreyDesignations,RV2_VoreInvalidReasons_Keys.xml,keyed,No prey designations,未指定猎物
RV2_VoreInvalidReasons_CurrentlyInitiatingVore,Prey is already involved in vore,RV2_VoreInvalidReasons_CurrentlyInitiatingVore,RV2_VoreInvalidReasons_Keys.xml,keyed,Prey is already involved in <ALIMT >vore</ALIMT>,猎物已经被卷入吃人
RV2_VoreInvalidReasons_PredatorInRitual,Predator busy in ritual,RV2_VoreInvalidReasons_PredatorInRitual,RV2_VoreInvalidReasons_Keys.xml,keyed,Predator busy in ritual,仪式繁忙的捕食者
RV2_VoreInvalidReasons_PreyInRitual,Prey busy in ritual,RV2_VoreInvalidReasons_PreyInRitual,RV2_VoreInvalidReasons_Keys.xml,keyed,Prey busy in ritual,猎物仪式繁忙
RV2_VoreInvalidReasons_Unavailable,Unavailable,RV2_VoreInvalidReasons_Unavailable,RV2_VoreInvalidReasons_Keys.xml,keyed,Unavailable,不可用
RV2_VoreInvalidReasons_NoPreyAvailable,No prey available,RV2_VoreInvalidReasons_NoPreyAvailable,RV2_VoreInvalidReasons_Keys.xml,keyed,No prey available,没有可用的猎物
RV2_VoreInvalidReasons_PawnsWithoutSexNeed,Pleasure goal not allowed because neither pawn has sex need,RV2_VoreInvalidReasons_PawnsWithoutSexNeed,RV2_VoreInvalidReasons_Keys.xml,keyed,Pleasure goal not allowed because neither <ALIMT >(PH_1)</ALIMT> has <ALIMT >sex</ALIMT> need,愉悦目标未被允许，因为两者都不允许pawn有性交需求
RV2_VoreInvalidReasons_AlreadyPleasured,Already pleasured,RV2_VoreInvalidReasons_AlreadyPleasured,RV2_VoreInvalidReasons_Keys.xml,keyed,Already pleasured,已经过得很愉快
RV2_VoreInvalidReasons_PredatorRuleBlockingPath,Predator rules blocking,RV2_VoreInvalidReasons_PredatorRuleBlockingPath,RV2_VoreInvalidReasons_Keys.xml,keyed,Predator rules blocking,捕食者规则阻挡
RV2_VoreInvalidReasons_PreyRuleBlockingPath,Prey rules blocking,RV2_VoreInvalidReasons_PreyRuleBlockingPath,RV2_VoreInvalidReasons_Keys.xml,keyed,Prey rules blocking,猎物规则阻挡
RV2_VoreInvalidReasons_NoPaths,No vore path valid: {0},RV2_VoreInvalidReasons_NoPaths,RV2_VoreInvalidReasons_Keys.xml,keyed,No <ALIMT >vore</ALIMT> path valid: <ALIMT >(PH_1)</ALIMT>,否吃人有效路径:{0}
RV2_VoreInvalidReasons_NoValidRole,No valid role,RV2_VoreInvalidReasons_NoValidRole,RV2_VoreInvalidReasons_Keys.xml,keyed,No valid role,没有有效的职位
RV2_VoreInvalidReasons_RoleBlacklisted,VoreRole is blacklisted,RV2_VoreInvalidReasons_RoleBlacklisted,RV2_VoreInvalidReasons_Keys.xml,keyed,VoreRole is blacklisted,沃罗莱被列入黑名单
RV2_VoreInvalidReasons_RoleNotWhitelisted,VoreRole is not whitelisted,RV2_VoreInvalidReasons_RoleNotWhitelisted,RV2_VoreInvalidReasons_Keys.xml,keyed,VoreRole is not whitelisted,VoreRole 未被列入白名单
RV2_VoreInvalidReasons_TypeBlacklisted,VoreType is blacklisted,RV2_VoreInvalidReasons_TypeBlacklisted,RV2_VoreInvalidReasons_Keys.xml,keyed,VoreType is blacklisted,VoreType 被列入黑名单
RV2_VoreInvalidReasons_TypeNotWhitelisted,VoreType is not whitelisted,RV2_VoreInvalidReasons_TypeNotWhitelisted,RV2_VoreInvalidReasons_Keys.xml,keyed,VoreType is not whitelisted,VoreType 未被列入白名单
RV2_VoreInvalidReasons_GoalBlacklisted,VoreGoal is blacklisted,RV2_VoreInvalidReasons_GoalBlacklisted,RV2_VoreInvalidReasons_Keys.xml,keyed,VoreGoal is blacklisted,目标被列入黑名单
RV2_VoreInvalidReasons_GoalNotWhitelisted,VoreGoal is not whitelisted,RV2_VoreInvalidReasons_GoalNotWhitelisted,RV2_VoreInvalidReasons_Keys.xml,keyed,VoreGoal is not whitelisted,目标未被列入白名单
RV2_VoreInvalidReasons_PathBlacklisted,VorePath is blacklisted,RV2_VoreInvalidReasons_PathBlacklisted,RV2_VoreInvalidReasons_Keys.xml,keyed,VorePath is blacklisted,迷雾被列入黑名单
RV2_VoreInvalidReasons_PathNotWhitelisted,VorePath is not whitelisted,RV2_VoreInvalidReasons_PathNotWhitelisted,RV2_VoreInvalidReasons_Keys.xml,keyed,VorePath is not whitelisted,VorePath 未列入白名单
RV2_VoreInvalidReasons_DesignationBlacklisted,Designation is blacklisted,RV2_VoreInvalidReasons_DesignationBlacklisted,RV2_VoreInvalidReasons_Keys.xml,keyed,Designation is blacklisted,指派被列入黑名单
RV2_VoreInvalidReasons_DesignationNotWhitelisted,Designation is not whitelisted,RV2_VoreInvalidReasons_DesignationNotWhitelisted,RV2_VoreInvalidReasons_Keys.xml,keyed,Designation is not whitelisted,指定未被列入
RV2_VoreInvalidReasons_NoPreferredGoal,No preferred goal,RV2_VoreInvalidReasons_NoPreferredGoal,RV2_VoreInvalidReasons_Keys.xml,keyed,No preferred goal,没有偏好的目标
RV2_VoreInvalidReasons_NoPreferredType,No preferred type,RV2_VoreInvalidReasons_NoPreferredType,RV2_VoreInvalidReasons_Keys.xml,keyed,No preferred type,没有偏好的类型
RV2_VoreInvalidReasons_NoPreferredPath,No preferred path,RV2_VoreInvalidReasons_NoPreferredPath,RV2_VoreInvalidReasons_Keys.xml,keyed,No preferred path,没有偏好路径
RV2_VoreInvalidReasons_AlreadyReserved,Already reserved,RV2_VoreInvalidReasons_AlreadyReserved,RV2_VoreInvalidReasons_Keys.xml,keyed,Already reserved,已经被预留
RV2_VoreInvalidReasons_NoReservedPrey,No reserved prey,RV2_VoreInvalidReasons_NoReservedPrey,RV2_VoreInvalidReasons_Keys.xml,keyed,No reserved prey,没有预留的猎物
RV2_VoreInvalidReasons_PawnDead,Pawn is dead,RV2_VoreInvalidReasons_PawnDead,RV2_VoreInvalidReasons_Keys.xml,keyed,Pawn is dead,爪牙已死亡
RV2_VoreInvalidReasons_ProposalCooldown,Vore proposal cooldown,RV2_VoreInvalidReasons_ProposalCooldown,RV2_VoreInvalidReasons_Keys.xml,keyed,<ALIMT >vore</ALIMT> proposal cooldown,吃人求婚冷却时间
RV2_Widget_IsPredatorAutoOnDesc,Currently allowed to vore other pawns.\nAutomatically assigned by settings,RV2_Widget_IsPredatorAutoOnDesc,RV2_Widget_Keys.xml,keyed,Currently allowed to <ALIMT >vore</ALIMT> other pawns.<ALIMT >(PH_1)</ALIMT>Automatically assigned by settings,"当前允许吃人其他 pawns。
由设置自动分配"
RV2_Widget_IsPredatorAutoOffDesc,Currently not allowed to vore other pawns.\nAutomatically assigned by settings,RV2_Widget_IsPredatorAutoOffDesc,RV2_Widget_Keys.xml,keyed,Currently not allowed to <ALIMT >vore</ALIMT> other pawns.<ALIMT >(PH_1)</ALIMT>Automatically assigned by settings,"目前不允许吃人其他 pawns。
由设置自动分配"
RV2_Widget_IsPredatorManualOnDesc,Currently allowed to vore other pawns.\nManually assigned by player,RV2_Widget_IsPredatorManualOnDesc,RV2_Widget_Keys.xml,keyed,Currently allowed to <ALIMT >vore</ALIMT> other pawns.<ALIMT >(PH_1)</ALIMT>Manually assigned by player,"当前允许吃人其他 pawns。
由玩家手动分配"
RV2_Widget_IsPredatorManualOffDesc,Currently not allowed to vore other pawns.\nManually assigned by player,RV2_Widget_IsPredatorManualOffDesc,RV2_Widget_Keys.xml,keyed,Currently not allowed to <ALIMT >vore</ALIMT> other pawns.<ALIMT >(PH_1)</ALIMT>Manually assigned by player,"目前不允许吃人其他 pawns。
由玩家手动分配"
RV2_Widget_IsNeverPredatorDesc,Can not vore other pawns.,RV2_Widget_IsNeverPredatorDesc,RV2_Widget_Keys.xml,keyed,Can not <ALIMT >vore</ALIMT> other pawns.,不能吃人其他 pawns。
RV2_Widget_IsEndoPreyAutoOnDesc,Currently allowed to be non-fatally vored by other pawns.\nAutomatically assigned by settings,RV2_Widget_IsEndoPreyAutoOnDesc,RV2_Widget_Keys.xml,keyed,Currently allowed to be non-fatally vored by other pawns.<ALIMT >(PH_1)</ALIMT>Automatically assigned by settings,"当前被允许被其他殖民者非致命的伤害。
由设置自动分配"
RV2_Widget_IsEndoPreyAutoOffDesc,Currently not allowed to be non-fatally vored by other pawns.\nAutomatically assigned by settings,RV2_Widget_IsEndoPreyAutoOffDesc,RV2_Widget_Keys.xml,keyed,Currently not allowed to be non-fatally vored by other pawns.<ALIMT >(PH_1)</ALIMT>Automatically assigned by settings,"目前不允许被其他殖民者非致命主义奴役。
由设置自动分配"
RV2_Widget_IsEndoPreyManualOnDesc,Currently allowed to be non-fatally vored by other pawns.\nManually assigned by player,RV2_Widget_IsEndoPreyManualOnDesc,RV2_Widget_Keys.xml,keyed,Currently allowed to be non-fatally vored by other pawns.<ALIMT >(PH_1)</ALIMT>Manually assigned by player,"当前被允许被其他殖民者非致命的伤害。
由玩家手动分配"
RV2_Widget_IsEndoPreyManualOffDesc,Currently not allowed to be non-fatally vored by other pawns.\nManually assigned by player,RV2_Widget_IsEndoPreyManualOffDesc,RV2_Widget_Keys.xml,keyed,Currently not allowed to be non-fatally vored by other pawns.<ALIMT >(PH_1)</ALIMT>Manually assigned by player,"目前不允许被其他殖民者非致命主义奴役。
由玩家手动分配"
RV2_Widget_IsNeverEndoPreyDesc,Can not be non-fatally vored by other pawns.,RV2_Widget_IsNeverEndoPreyDesc,RV2_Widget_Keys.xml,keyed,Can not be non-fatally vored by other pawns.,不能被其他殖民者致死。
RV2_Widget_IsFatalPreyAutoOnDesc,Currently allowed to be fatally vored by other pawns.\nAutomatically assigned by settings,RV2_Widget_IsFatalPreyAutoOnDesc,RV2_Widget_Keys.xml,keyed,Currently allowed to be fatally vored by other pawns.<ALIMT >(PH_1)</ALIMT>Automatically assigned by settings,"目前被允许被其他殖民者致死。
由设置自动分配"
RV2_Widget_IsFatalPreyAutoOffDesc,Currently not allowed to be fatally vored by other pawns.\nAutomatically assigned by settings,RV2_Widget_IsFatalPreyAutoOffDesc,RV2_Widget_Keys.xml,keyed,Currently not allowed to be fatally vored by other pawns.<ALIMT >(PH_1)</ALIMT>Automatically assigned by settings,"目前不允许被其他爪牙致死。
由设置自动分配"
RV2_Widget_IsFatalPreyManualOnDesc,Currently allowed to be fatally vored by other pawns.\nManually assigned by player,RV2_Widget_IsFatalPreyManualOnDesc,RV2_Widget_Keys.xml,keyed,Currently allowed to be fatally vored by other pawns.<ALIMT >(PH_1)</ALIMT>Manually assigned by player,"目前被允许被其他殖民者致死。
由玩家手动分配"
RV2_Widget_IsFatalPreyManualOffDesc,Currently not allowed to be fatally vored by other pawns.\nManually assigned by player,RV2_Widget_IsFatalPreyManualOffDesc,RV2_Widget_Keys.xml,keyed,Currently not allowed to be fatally vored by other pawns.<ALIMT >(PH_1)</ALIMT>Manually assigned by player,"目前不允许被其他爪牙致死。
由玩家手动分配"
RV2_Widget_IsNeverFatalPreyDesc,Can not be fatally vored by other pawns.,RV2_Widget_IsNeverFatalPreyDesc,RV2_Widget_Keys.xml,keyed,Can not be fatally vored by other pawns.,不会被其他殖民者致死。
RV2_Widget_Grapple_UnavailablePrefix,(Unavailable)\n,RV2_Widget_Grapple_UnavailablePrefix,RV2_Widget_Keys.xml,keyed,(Unavailable)<ALIMT >(PH_1)</ALIMT>,"(不可用)
"
RV2_Widget_Grapple,Force the pawn to walk to and initiate a vore grapple with the selected target,RV2_Widget_Grapple,RV2_Widget_Keys.xml,keyed,Force the <ALIMT >(PH_1)</ALIMT> to walk to and initiate a <ALIMT >vore</ALIMT> grapple with the selected target,强制pawn步行到并初始化吃人与所选目标搏斗
RV2_Command_ToggleGrapple_DescOn,This pawn is currently allowed to use grapple moves during combat,RV2_Command_ToggleGrapple_DescOn,RV2_Widget_Keys.xml,keyed,This <ALIMT >(PH_1)</ALIMT> is currently allowed to use grapple moves during combat,这个pawn当前被允许在战斗中使用格斗动作
RV2_Command_ToggleGrapple_DescOff,This pawn is currently NOT allowed to use grapple moves during combat,RV2_Command_ToggleGrapple_DescOff,RV2_Widget_Keys.xml,keyed,This <ALIMT >(PH_1)</ALIMT> is currently NOT allowed to use grapple moves during combat,这个pawn当前不允许在战斗中使用格斗动作
bodyPart_tailTip.label,Tail tip,label,AliasDefs\BodyPartAlias.xml,def,<ALIMT >tail</ALIMT> tip,一个突出的灵活附肢，是身体的一部分，通常从躯干的后部突出。不适用于没有腿的身体。小费
bodyPart_mouth.label,Mouth,label,AliasDefs\BodyPartAlias.xml,def,Mouth,大嘴的
bodyPart_body.label,Body,label,AliasDefs\BodyPartAlias.xml,def,Body,躯干
bodyPart_stomach.label,Stomach,label,AliasDefs\BodyPartAlias.xml,def,Stomach,胃
hediff_penis.label,Penis,label,AliasDefs\GenitalHediffAlias.xml,def,<ALIMT >penis</ALIMT>,阳具/屌
hediff_vagina.label,Vagina,label,AliasDefs\GenitalHediffAlias.xml,def,<ALIMT >vagina</ALIMT>,阴道
hediff_anus.label,Anus,label,AliasDefs\GenitalHediffAlias.xml,def,<ALIMT >anus</ALIMT>,肛门
hediff_breasts.label,Breasts,label,AliasDefs\GenitalHediffAlias.xml,def,<ALIMT >breasts</ALIMT>,乳房
hediff_udder.label,Udder,label,AliasDefs\GenitalHediffAlias.xml,def,Udder,乳房
RV2_Adult_PredAnytypeAnygoal_CasualDubious_SuperstarPredator.title,predator superstar,title,BackstoryDefs\Backstories_Adult.xml,def,predator superstar,捕食者巨星
RV2_Adult_PredAnytypeAnygoal_CasualDubious_SuperstarPredator.titleShort,pred star,titleShort,BackstoryDefs\Backstories_Adult.xml,def,pred star,Pred star
RV2_Adult_PredAnytypeAnygoal_CasualDubious_SuperstarPredator.baseDesc,"[PAWN_nameDef] might as well have been a god, for all the worship [PAWN_pronoun] received, all the prey sacrificed to [PAWN_objective], and all the power [PAWN_pronoun] flexed. [PAWN_possessive] name and face were inescapable, plastered on every other screen and advert. If [PAWN_pronoun] wanted to add you to [PAWN_possessive] body, for a while or forever, [PAWN_pronoun] didn’t even have to ask--but who would say no?",baseDesc,BackstoryDefs\Backstories_Adult.xml,def,"<ALIMT >(PH_8)</ALIMT> might as well have been a god, for all the worship <ALIMT >(PH_7)</ALIMT> received, all the prey sacrificed to <ALIMT >(PH_6)</ALIMT>, and all the power <ALIMT >(PH_5)</ALIMT> flexed. <ALIMT >(PH_4)</ALIMT> name and face were inescapable, plastered on every other screen and advert. If <ALIMT >(PH_3)</ALIMT> wanted to add you to <ALIMT >(PH_2)</ALIMT> body, for a while or <ALIMT >forever</ALIMT>, <ALIMT >(PH_1)</ALIMT> didn’t even have to ask--but who would say no?","[PAWN_nameDef]作为神，对于所有的崇拜[PAWN_pronoun]收到，所有的猎物献祭给[PAWN_objective],以及所有的力量[PAWN_pronoun]屈伸。[PAWN_possessive]名字和脸是不可避免的，贴在每隔一个屏幕和广告上。如果[PAWN_pronoun]想要将你加入[PAWN_possessive]身体，暂时或永远,[PAWN_pronoun]甚至不用问 -- 但是谁会说不？"
RV2_Adult_PredAnytypeAnygoal_CasualDubious_VacationerVoracious.title,voracious vacationer,title,BackstoryDefs\Backstories_Adult.xml,def,voracious vacationer,贪婪的旅行者
RV2_Adult_PredAnytypeAnygoal_CasualDubious_VacationerVoracious.titleShort,pred star,titleShort,BackstoryDefs\Backstories_Adult.xml,def,pred star,Pred star
RV2_Adult_PredAnytypeAnygoal_CasualDubious_VacationerVoracious.baseDesc,"[PAWN_nameDef] didn’t care to get a job, instead whittling away at [PAWN_possessive] comfortable pile of savings by touring the galaxy. [PAWN_pronoun] loves nothing more than to see new sights, breathe new air, and above all else, get acquainted with the flavor of the locals. There’s nothing quite like relaxing on a beach with a full belly.",baseDesc,BackstoryDefs\Backstories_Adult.xml,def,"<ALIMT >(PH_3)</ALIMT> didn’t care to get a job, instead whittling away at <ALIMT >(PH_2)</ALIMT> comfortable pile of savings by touring the galaxy. <ALIMT >(PH_1)</ALIMT> loves nothing more than to see new sights, breathe new air, and above all else, get acquainted with the flavor of the locals. There’s nothing quite like relaxing on a beach with a full belly.",[PAWN_nameDef]不愿意得到一份工作，只想尽可能的工作[PAWN_possessive]通过游览星系节省了很多舒适的钱。[PAWN_pronoun]没有什么比看到新的风景，呼吸新的空气，最重要的是，熟悉当地的风味。没有什么比在沙滩上吃饱了肚子放松更好了。
RV2_Adult_PredAnytypeAnygoal_OpenWilling_PhagologistPredatory.title,predatory phagologist,title,BackstoryDefs\Backstories_Adult.xml,def,predatory phagologist,捕食吞噬学家
RV2_Adult_PredAnytypeAnygoal_OpenWilling_PhagologistPredatory.titleShort,phagologist,titleShort,BackstoryDefs\Backstories_Adult.xml,def,phagologist,吞噬学家
RV2_Adult_PredAnytypeAnygoal_OpenWilling_PhagologistPredatory.baseDesc,"As a phagologist, [PAWN_nameDef] has dedicated [PAWN_possessive] life to studying vore: where it comes from, how it develops and works, and its effects on society. [PAWN_nameDef] has a particularly hands-on approach, taking particular pleasure in testing hypotheses on [PAWN_objective]self, with the help of willing and disposable volunteers. It is a challenge to fit into [PAWN_possessive] labcoat sometimes, though.",baseDesc,BackstoryDefs\Backstories_Adult.xml,def,"As a phagologist, <ALIMT >(PH_5)</ALIMT> has dedicated <ALIMT >(PH_4)</ALIMT> life to studying <ALIMT >vore</ALIMT>: where it comes from, how it develops and works, and its effects on society. <ALIMT >(PH_3)</ALIMT> has a particularly hands-on approach, taking particular pleasure in testing hypotheses on <ALIMT >(PH_2)</ALIMT>self, with the help of willing and disposable volunteers. It is a challenge to fit into <ALIMT >(PH_1)</ALIMT> labcoat sometimes, though.","作为一名吞噬学家,[PAWN_nameDef]有奉献精神[PAWN_possessive]学习生涯吃人: 它来自哪里，它如何发展和工作，及其对社会的影响。[PAWN_nameDef]有一个特别实际的方法，特别乐于测试[PAWN_objective]自己，在志愿者和一次性志愿者的帮助下。很难适应[PAWN_possessive]不过，labelcoat 有时候也是如此。"
RV2_Adult_PredAnytypeAnygoal_OpenDubious_BellyDancerFull.title,full-belly-dancer,title,BackstoryDefs\Backstories_Adult.xml,def,full-belly-dancer,跳大小姐舞
RV2_Adult_PredAnytypeAnygoal_OpenDubious_BellyDancerFull.titleShort,belly-dancer,titleShort,BackstoryDefs\Backstories_Adult.xml,def,belly-dancer,肚皮舞者
RV2_Adult_PredAnytypeAnygoal_OpenDubious_BellyDancerFull.baseDesc,[PAWN_nameDef] was trained in the art of dancing with a full belly for the enjoyment of a private audience. They would watch [PAWN_objective] sway and twirl and counterbalance as [PAWN_possessive] prey kicked about.,baseDesc,BackstoryDefs\Backstories_Adult.xml,def,<ALIMT >(PH_3)</ALIMT> was trained in the art of dancing with a full belly for the enjoyment of a private audience. They would watch <ALIMT >(PH_2)</ALIMT> sway and twirl and counterbalance as <ALIMT >(PH_1)</ALIMT> prey kicked about.,[PAWN_nameDef]被训练为吃饱了肚子跳舞的艺术，以获得私人观众的乐趣。他们会看[PAWN_objective]摇摆和旋转以及平衡[PAWN_possessive]猎物四处游荡。
RV2_Adult_PredAnytypeDigest_CasualDubious_BodybuilderVoracious.title,voracious bodybuilder,title,BackstoryDefs\Backstories_Adult.xml,def,voracious bodybuilder,贪婪的健美者
RV2_Adult_PredAnytypeDigest_CasualDubious_BodybuilderVoracious.titleShort,bodybuilder,titleShort,BackstoryDefs\Backstories_Adult.xml,def,bodybuilder,健美运动员
RV2_Adult_PredAnytypeDigest_CasualDubious_BodybuilderVoracious.baseDesc,"[PAWN_nameDef] was a bodybuilder, supplementing [PAWN_possessive] extensive workout routine with the handy packs of protein milling about the gym around [PAWN_objective]. [PAWN_pronoun] always seemed to spend more time burning off fat than toning [PAWN_possessive] muscles, though...",baseDesc,BackstoryDefs\Backstories_Adult.xml,def,"<ALIMT >(PH_5)</ALIMT> was a bodybuilder, supplementing <ALIMT >(PH_4)</ALIMT> extensive workout routine with the handy packs of protein milling about the gym around <ALIMT >(PH_3)</ALIMT>. <ALIMT >(PH_2)</ALIMT> always seemed to spend more time burning off fat than toning <ALIMT >(PH_1)</ALIMT> muscles, though...",[PAWN_nameDef]曾是一名健美运动员，补充[PAWN_possessive]拥有丰富锻炼流程，并在健身房周围配备了方便携带的蛋白质研磨包。[PAWN_objective][PAWN_pronoun]总是看起来燃烧脂肪的时间比调整[PAWN_possessive]不过肌肉发达的角色。...
RV2_Adult_PredAnytypeDigest_CasualUnwilling_BarflyBellyFilling.title,belly-filling barfly,title,BackstoryDefs\Backstories_Adult.xml,def,belly-filling barfly,一只大麻烟
RV2_Adult_PredAnytypeDigest_CasualUnwilling_BarflyBellyFilling.titleShort,barfly,titleShort,BackstoryDefs\Backstories_Adult.xml,def,barfly,巴 fly
RV2_Adult_PredAnytypeDigest_CasualUnwilling_BarflyBellyFilling.baseDesc,"[PAWN_nameDef] went to a different bar every night, on the hunt for one-night-stands [PAWN_pronoun] could bring back to [PAWN_possessive] hotel room. At the end of the night, [PAWN_nameDef] would gulp down [PAWN_possessive] partner, whether they asked to be eaten or not, and leave a mess in the hotel room’s bathroom come morning. [PAWN_nameDef] did learn a thing or two about mixed drinks and dart-throwing in the process, though.",baseDesc,BackstoryDefs\Backstories_Adult.xml,def,"<ALIMT >(PH_6)</ALIMT> went to a different bar every night, on the hunt for one-night-stands <ALIMT >(PH_5)</ALIMT> could bring back to <ALIMT >(PH_4)</ALIMT> hotel room. At the end of the night, <ALIMT >(PH_3)</ALIMT> would gulp down <ALIMT >(PH_2)</ALIMT> partner, whether they asked to be eaten or not, and leave a mess in the hotel room’s bathroom come morning. <ALIMT >(PH_1)</ALIMT> did learn a thing or two about mixed drinks and dart-throwing in the process, though.","[PAWN_nameDef]每天晚上去不同的酒吧，寻找一夜情[PAWN_pronoun]可以带回[PAWN_possessive]宾馆房间。晚上结束时,[PAWN_nameDef]会吞食[PAWN_possessive]伴侣，不管他们要求不要求吃，第二天早上就在酒店房间的浴室里留下一团乱。[PAWN_nameDef]不过，我在这个过程中确实学到了一两件关于混合饮料和飞镖的事情。"
RV2_Adult_PredAnytypeDigest_OpenWilling_ArtModelDigestion.title,digestion art model,title,BackstoryDefs\Backstories_Adult.xml,def,digestion art model,消化艺术模特
RV2_Adult_PredAnytypeDigest_OpenWilling_ArtModelDigestion.titleShort,art model,titleShort,BackstoryDefs\Backstories_Adult.xml,def,art model,模特
RV2_Adult_PredAnytypeDigest_OpenWilling_ArtModelDigestion.baseDesc,"[PAWN_nameDef] was a professional artist’s model, hired to swallow down some belly-stuffer and digest them in front of an artist, or even a crowd of art students, so that they could then portray the predator’s body in the process of digestion, or a before-and-after of the distribution of body fat. [PAWN_nameDef] picked up a few art techniques from the conversations going on around [PAWN_objective].",baseDesc,BackstoryDefs\Backstories_Adult.xml,def,"<ALIMT >(PH_3)</ALIMT> was a professional artist’s model, hired to swallow down some belly-stuffer and digest them in front of an artist, or even a crowd of art students, so that they could then portray the predator’s body in the process of digestion, or a before-and-after of the distribution of body fat. <ALIMT >(PH_2)</ALIMT> picked up a few art techniques from the conversations going on around <ALIMT >(PH_1)</ALIMT>.","[PAWN_nameDef]是一名专业艺术家的模特，被雇来在艺术家甚至是一群艺术生面前吞下一些填充肚子的东西并进行消化, 这样它们就可以描绘捕食者的身体在消化过程中，或者前后身体脂肪的分布情况。[PAWN_nameDef]从周围的对话中获得了一些艺术技巧[PAWN_objective]"
RV2_Adult_PredAnytypeDigest_OpenWilling_CallChurnerEasygoing.title,easygoing call-churner,title,BackstoryDefs\Backstories_Adult.xml,def,easygoing call-churner,友善的呼唤者
RV2_Adult_PredAnytypeDigest_OpenWilling_CallChurnerEasygoing.titleShort,call-churner,titleShort,BackstoryDefs\Backstories_Adult.xml,def,call-churner,召唤者
RV2_Adult_PredAnytypeDigest_OpenWilling_CallChurnerEasygoing.baseDesc,"[PAWN_nameDef] was a vore prostitute--a call-pred, but a specific kind of call-pred known as a call-churner--who allowed those with the money and the death-wish/reformation-access to purchase a gurgling on top of the vore. [PAWN_nameDef], in particular, offered all of [PAWN_possessive] holes up for [PAWN_possessive] clients to melt away in, which left [PAWN_objective] very busy and very accustomed to negotiating.",baseDesc,BackstoryDefs\Backstories_Adult.xml,def,"<ALIMT >(PH_5)</ALIMT> was a <ALIMT >vore</ALIMT> prostitute--a call-pred, but a specific kind of call-pred known as a call-churner--who allowed those with the money and the death-wish/reformation-access to purchase a gurgling on top of the <ALIMT >vore</ALIMT>. <ALIMT >(PH_4)</ALIMT>, in particular, offered all of <ALIMT >(PH_3)</ALIMT> holes up for <ALIMT >(PH_2)</ALIMT> clients to melt away in, which left <ALIMT >(PH_1)</ALIMT> very busy and very accustomed to negotiating.","[PAWN_nameDef]曾是一个吃人妓院 -- 一个叫妓女的装置, 而是一种被称为召唤者的特定类型的召唤者，它允许那些有钱并且有死亡愿望/改革的人在上面购买一个咯咯的吃人[PAWN_nameDef],特别的，奉献全部[PAWN_possessive]打孔至[PAWN_possessive]需要融化的客户端，离开[PAWN_objective]非常忙，非常习惯谈判。"
RV2_Adult_PredAnytypeDigest_OpenWilling_CallChurnerRoleplaying.title,roleplaying call-churner,title,BackstoryDefs\Backstories_Adult.xml,def,roleplaying call-churner,角色扮演
RV2_Adult_PredAnytypeDigest_OpenWilling_CallChurnerRoleplaying.titleShort,call-churner,titleShort,BackstoryDefs\Backstories_Adult.xml,def,call-churner,召唤者
RV2_Adult_PredAnytypeDigest_OpenWilling_CallChurnerRoleplaying.baseDesc,"[PAWN_nameDef] was a vore prostitute--a call-pred, but a specific kind of call-pred known as a call-churner--who allowed those with the money and the death-wish/reformation-access to purchase a gurgling on top of the vore. [PAWN_nameDef] went beyond mere digestion, however, seeking clients who wanted to be legitimately gurgled, under non-consensual circumstances, by a fearsome predator, but who wanted a degree of control in how that situation was actually staged out. [PAWN_pronoun] even picked up a few practical melee techniques, for those who wanted to give a real struggle.",baseDesc,BackstoryDefs\Backstories_Adult.xml,def,"<ALIMT >(PH_3)</ALIMT> was a <ALIMT >vore</ALIMT> prostitute--a call-pred, but a specific kind of call-pred known as a call-churner--who allowed those with the money and the death-wish/reformation-access to purchase a gurgling on top of the <ALIMT >vore</ALIMT>. <ALIMT >(PH_2)</ALIMT> went beyond mere digestion, however, seeking clients who wanted to be legitimately gurgled, under non-consensual circumstances, by a fearsome predator, but who wanted a degree of control in how that situation was actually staged out. <ALIMT >(PH_1)</ALIMT> even picked up a few practical melee techniques, for those who wanted to give a real struggle.","[PAWN_nameDef]曾是一个吃人妓院 -- 一个叫妓女的装置, 而是一种被称为召唤者的特定类型的召唤者，它允许那些有钱并且有死亡愿望/改革的人在上面购买一个咯咯的吃人[PAWN_nameDef]然而，不仅仅是简单的消化，而是寻找那些想在未经同意的情况下被一个可怕的捕食者合理地咯咯笑的客户, 但是谁想对这种情况的实际发展有一定的控制呢？[PAWN_pronoun]甚至学会了一些实用的近战技巧，对于那些想付出真正的斗争。"
RV2_Adult_PredAnytypeDigest_OpenWilling_RitualDancerRavenous.title,ravenous ritual dancer,title,BackstoryDefs\Backstories_Adult.xml,def,ravenous ritual dancer,贪婪的仪式舞者
RV2_Adult_PredAnytypeDigest_OpenWilling_RitualDancerRavenous.titleShort,ritual dancer,titleShort,BackstoryDefs\Backstories_Adult.xml,def,ritual dancer,仪式舞者
RV2_Adult_PredAnytypeDigest_OpenWilling_RitualDancerRavenous.baseDesc,"[PAWN_nameDef] was a powerful psychic, tasked with performing a sacred rite for [PAWN_possessive] people in which [PAWN_pronoun] had to dance through the entire process of vore, from ingestion to disposal, surrounded by clouds of incense. [PAWN_possessive] people sacrificed themselves willingly to [PAWN_possessive] body, as merely feeding normal food to [PAWN_objective] was a taboo; preparing [PAWN_possessive] own food was downright blasphemous.",baseDesc,BackstoryDefs\Backstories_Adult.xml,def,"<ALIMT >(PH_7)</ALIMT> was a powerful psychic, tasked with performing a sacred rite for <ALIMT >(PH_6)</ALIMT> people in which <ALIMT >(PH_5)</ALIMT> had to dance through the entire process of <ALIMT >vore</ALIMT>, from ingestion to disposal, surrounded by clouds of incense. <ALIMT >(PH_4)</ALIMT> people sacrificed themselves willingly to <ALIMT >(PH_3)</ALIMT> body, as merely feeding normal food to <ALIMT >(PH_2)</ALIMT> was a taboo; preparing <ALIMT >(PH_1)</ALIMT> own food was downright blasphemous.","[PAWN_nameDef]是一个强大的灵能者，其任务是为[PAWN_possessive]殖民者[PAWN_pronoun]不得不在跳舞的整个过程中吃人,从摄取到处置，四周弥漫着熏香的迷雾。[PAWN_possessive]人们自愿牺牲自己[PAWN_possessive]身体，作为简单的正常食物喂养[PAWN_objective]是一个禁忌; 准备[PAWN_possessive]自己的食物简直是亵渎神明。"
RV2_Adult_PredAnytypeDigest_OpenWilling_ModelVorewear.title,vorewear model,title,BackstoryDefs\Backstories_Adult.xml,def,vorewear model,狱卒模特
RV2_Adult_PredAnytypeDigest_OpenWilling_ModelVorewear.titleShort,model,titleShort,BackstoryDefs\Backstories_Adult.xml,def,model,模特
RV2_Adult_PredAnytypeDigest_OpenWilling_ModelVorewear.baseDesc,"A vorewear designer needs a model for their designs. That’s where [PAWN_nameDef] comes in. [PAWN_pronoun] would shunt a belly-stuffer wherever one was needed, before walking onto the runway and showing off [PAWN_possessive] predatory style. Of course, it’s a cutthroat industry and models don’t always get along, so [PAWN_nameDef] had to be quicker of wit and maw than your typical non-vore model.",baseDesc,BackstoryDefs\Backstories_Adult.xml,def,"A vorewear designer needs a model for their designs. That’s where <ALIMT >(PH_4)</ALIMT> comes in. <ALIMT >(PH_3)</ALIMT> would shunt a belly-stuffer wherever one was needed, before walking onto the runway and showing off <ALIMT >(PH_2)</ALIMT> predatory style. Of course, it’s a cutthroat industry and models don’t always get along, so <ALIMT >(PH_1)</ALIMT> had to be quicker of wit and maw than your typical non-<ALIMT >vore</ALIMT> model.",Vorewear 的设计师需要一个模特的设计。就是在那里[PAWN_nameDef]请进。[PAWN_pronoun]会在需要的地方分流收腹装置，然后走上跑道炫耀[PAWN_possessive]捕食动物的风格。当然，这是一个残酷的行业，模特并不总是相处融洽，所以[PAWN_nameDef]必须比典型的正常人更聪明、更敏捷。吃人模特。
RV2_Adult_PredAnytypeDigest_OpenWilling_VStreamerDigestive.title,digestive V-streamer,title,BackstoryDefs\Backstories_Adult.xml,def,digestive V-streamer,消化流光
RV2_Adult_PredAnytypeDigest_OpenWilling_VStreamerDigestive.titleShort,V-streamer,titleShort,BackstoryDefs\Backstories_Adult.xml,def,V-streamer,虚拟主播
RV2_Adult_PredAnytypeDigest_OpenWilling_VStreamerDigestive.baseDesc,"While the webnet was oversaturated with vanilla porn and sketchy vorno startups, [PAWN_nameDef] found a lucrative niche in indie vore streaming. [PAWN_pronoun] started small, with maybe a household object or a pet, but finally made a splash when [PAWN_pronoun] devoured a special guest on stream, leaving the camera on, all the way through digestion, while [PAWN_pronoun] drifted off in [PAWN_possessive] chair.",baseDesc,BackstoryDefs\Backstories_Adult.xml,def,"While the webnet was oversaturated with vanilla porn and sketchy vorno startups, <ALIMT >(PH_5)</ALIMT> found a lucrative niche in indie <ALIMT >vore</ALIMT> streaming. <ALIMT >(PH_4)</ALIMT> started small, with maybe a household object or a pet, but finally made a splash when <ALIMT >(PH_3)</ALIMT> devoured a special guest on stream, leaving the camera on, <ALIMT >all the way through</ALIMT> digestion, while <ALIMT >(PH_2)</ALIMT> drifted off in <ALIMT >(PH_1)</ALIMT> chair.","虽然网络已经被普通的色情和粗略的沃尔诺创业公司饱和了,[PAWN_nameDef]在独立殖民地找到了商机吃人正在流。[PAWN_pronoun]一开始很小，可能养了一件家用物品或宠物，但最终引起了轰动[PAWN_pronoun]吞噬了一位正在流中的特殊宾客，让镜头保持开启,消化道贯穿被消化，同时[PAWN_pronoun]飘走于[PAWN_possessive]椅子。"
RV2_Adult_PredAnytypeDigest_OpenWilling_VrestlerAss.title,vrestling ass,title,BackstoryDefs\Backstories_Adult.xml,def,vrestling <ALIMT >ass</ALIMT>,重炮屁股
RV2_Adult_PredAnytypeDigest_OpenWilling_VrestlerAss.titleShort,vrestler,titleShort,BackstoryDefs\Backstories_Adult.xml,def,vrestler,重炮机
RV2_Adult_PredAnytypeDigest_OpenWilling_VrestlerAss.baseDesc,"[PAWN_nameDef] was a professional vrestler, a subgenre of wrestling that incorporates vore into its flashy routines and staged outcomes. [PAWN_pronoun] played an ass (equivalent to a heel), whom the fans would boo and hiss at as [PAWN_pronoun] sent another underperforming face to [PAWN_possessive] belly.",baseDesc,BackstoryDefs\Backstories_Adult.xml,def,"<ALIMT >(PH_4)</ALIMT> was a professional vrestler, a subgenre of wrestling that incorporates <ALIMT >vore</ALIMT> into its flashy routines and staged outcomes. <ALIMT >(PH_3)</ALIMT> played an <ALIMT >ass</ALIMT> (equivalent to a heel), whom the fans would boo and hiss at as <ALIMT >(PH_2)</ALIMT> sent another underperforming face to <ALIMT >(PH_1)</ALIMT> belly.",[PAWN_nameDef]是一名专业的虚拟球员，一个融合了吃人进入其华丽的套路和阶段性成果。[PAWN_pronoun]演奏过屁股(相当于脚跟)，粉丝们会对他嘘和嘘[PAWN_pronoun]发送了另一张表现不佳的脸给[PAWN_possessive]肚子。
RV2_Adult_PredAnytypeDigest_OpenWilling_VrestlerMouth.title,vrestling mouth,title,BackstoryDefs\Backstories_Adult.xml,def,vrestling mouth,大嘴
RV2_Adult_PredAnytypeDigest_OpenWilling_VrestlerMouth.titleShort,vrestler,titleShort,BackstoryDefs\Backstories_Adult.xml,def,vrestler,重炮机
RV2_Adult_PredAnytypeDigest_OpenWilling_VrestlerMouth.baseDesc,"[PAWN_nameDef] was a professional vrestler, a subgenre of wrestling that incorporates vore into its flashy routines and staged outcomes. [PAWN_pronoun] played a mouth (equivalent to a face) and the fans went wild whenever [PAWN_pronoun] permanently retired that season’s ass (at least, until the ass came back, depending on the writing).",baseDesc,BackstoryDefs\Backstories_Adult.xml,def,"<ALIMT >(PH_3)</ALIMT> was a professional vrestler, a subgenre of wrestling that incorporates <ALIMT >vore</ALIMT> into its flashy routines and staged outcomes. <ALIMT >(PH_2)</ALIMT> played a mouth (equivalent to a face) and the fans went wild whenever <ALIMT >(PH_1)</ALIMT> permanently retired that season’s <ALIMT >ass</ALIMT> (at least, until the <ALIMT >ass</ALIMT> came back, depending on the writing).",[PAWN_nameDef]是一名专业的虚拟球员，一个融合了吃人进入其华丽的套路和阶段性成果。[PAWN_pronoun]打了一张嘴 (相当于一张脸)，粉丝们就会发疯[PAWN_pronoun]已永久退役屁股(至少，直到屁股回来，这取决于写作)。
RV2_Adult_PredAnytypeDigest_OpenDubious_BellavoreCovert.title,covert bellavore,title,BackstoryDefs\Backstories_Adult.xml,def,covert bellavore,隐蔽的贝拉沃
RV2_Adult_PredAnytypeDigest_OpenDubious_BellavoreCovert.titleShort,bellavore,titleShort,BackstoryDefs\Backstories_Adult.xml,def,bellavore,贝拉沃
RV2_Adult_PredAnytypeDigest_OpenDubious_BellavoreCovert.baseDesc,"[PAWN_nameDef] was a covert operator specializing in bellavory. There aren’t any bodies, dead or unconscious, for the guards to stumble across if you bring the obstacles you remove with you, and what better place to stow them than inside?",baseDesc,BackstoryDefs\Backstories_Adult.xml,def,"<ALIMT >(PH_1)</ALIMT> was a covert operator specializing in bellavory. There aren’t any bodies, dead or unconscious, for the guards to stumble across if you bring the obstacles you remove with you, and what better place to stow them than inside?",[PAWN_nameDef]是一个专精贝拉沃里的秘密特工。没有任何尸体，无论是死了还是失去了知觉，如果你带着你所移除的障碍物，守卫们可能会偶然发现，还有什么比在里面更好的地方来阻挡它们呢？
RV2_Adult_PredAnytypeDigest_OpenDubious_DisposalOfficerBiohazard.title,biohazard disposal officer,title,BackstoryDefs\Backstories_Adult.xml,def,biohazard disposal officer,生还危险处置官
RV2_Adult_PredAnytypeDigest_OpenDubious_DisposalOfficerBiohazard.titleShort,biohazard disposal,titleShort,BackstoryDefs\Backstories_Adult.xml,def,biohazard disposal,生灵质处置
RV2_Adult_PredAnytypeDigest_OpenDubious_DisposalOfficerBiohazard.baseDesc,"A plague hit [PAWN_nameDef]’s home and tore through the population. Few survived, and bodies were contagious even after death. [PAWN_nameDef], however, developed immunity. As such, [PAWN_pronoun] was enlisted to “process” those whose prognosis was bleak, to save up medical supplies. They would be told they were entering a living quarantine unit, only to be digested and safely disposed of. There were ever so many doomed in need of disposal.",baseDesc,BackstoryDefs\Backstories_Adult.xml,def,"A plague hit <ALIMT >(PH_3)</ALIMT>’s home and tore through the population. Few survived, and bodies were contagious even after death. <ALIMT >(PH_2)</ALIMT>, however, developed immunity. As such, <ALIMT >(PH_1)</ALIMT> was enlisted to “process” those whose prognosis was bleak, to save up medical supplies. They would be told they were entering a living quarantine unit, only to be digested and safely disposed of. There were ever so many doomed in need of disposal.","瘟疫袭击[PAWN_nameDef]摧毁了这里的居民很少有人活下来，甚至在死后尸体也会传染。[PAWN_nameDef]然而，却产生了免疫能力。正因如此,[PAWN_pronoun]被招募 “处理” 那些预后不佳的人，以节省医疗用品。他们会被告知他们正在进入一个活体隔离装置，只会被消化并安全处置。从未有过如此多的人注定要被处置。"
RV2_Adult_PredAnytypeDigest_OpenDubious_GladiatorGluttonous.title,gluttonous gladiator,title,BackstoryDefs\Backstories_Adult.xml,def,gluttonous gladiator,贪食的角斗士
RV2_Adult_PredAnytypeDigest_OpenDubious_GladiatorGluttonous.titleShort,gladiator,titleShort,BackstoryDefs\Backstories_Adult.xml,def,gladiator,角斗士
RV2_Adult_PredAnytypeDigest_OpenDubious_GladiatorGluttonous.baseDesc,"[PAWN_nameDef] was a favorite in the colosseum, fighting for fame and glory instead of freedom. While other gladiators might conclude their fights by spilling guts or cutting off heads, [PAWN_nameDef] had [PAWN_possessive] own way of ending worn-down foes: a lengthy, elaborate vore routine that showed off both party’s finer angles and left the audience eager, desperate to know if the loser would be gurgled or spared.",baseDesc,BackstoryDefs\Backstories_Adult.xml,def,"<ALIMT >(PH_3)</ALIMT> was a favorite in the colosseum, <ALIMT >fighting</ALIMT> for fame and glory instead of freedom. While other gladiators might conclude their fights by spilling guts or cutting off heads, <ALIMT >(PH_2)</ALIMT> had <ALIMT >(PH_1)</ALIMT> own way of ending worn-down foes: a lengthy, elaborate <ALIMT >vore</ALIMT> routine that showed off both party’s finer angles and left the audience eager, desperate to know if the loser would be gurgled or spared.","[PAWN_nameDef]是竞技场的宠儿,战斗中的为了名声和荣耀，而不是自由。其他角斗士在战斗结束时可能会肠胀气或者砍掉脑袋,[PAWN_nameDef]曾拥有[PAWN_possessive]自己的方式来结束破旧的敌人: 一个漫长的，精心安排的吃人展示了双方更微妙视角的流程，让观众急切地想知道失败者是会被咯咯笑还是会被放过。"
RV2_Adult_PredAnytypeDigest_OpenDubious_GodFalse.title,false god,title,BackstoryDefs\Backstories_Adult.xml,def,false god,假神
RV2_Adult_PredAnytypeDigest_OpenDubious_GodFalse.titleShort,god,titleShort,BackstoryDefs\Backstories_Adult.xml,def,god,神之
RV2_Adult_PredAnytypeDigest_OpenDubious_GodFalse.baseDesc,"[PAWN_nameDef] had it pretty good as a charlatan, posing as a deity in exchange for regular sacrifices. While [PAWN_possessive] followers knew what was up, [PAWN_nameDef] made for a convenient way to get rid of excess captives, and [PAWN_pronoun] so desperately demanded absurd luxury that [PAWN_pronoun] voluntarily helped research useful technologies (if in a rather condescending manner).",baseDesc,BackstoryDefs\Backstories_Adult.xml,def,"<ALIMT >(PH_5)</ALIMT> had it pretty good as a charlatan, posing as a deity in exchange for regular sacrifices. While <ALIMT >(PH_4)</ALIMT> followers knew what was up, <ALIMT >(PH_3)</ALIMT> made for a convenient way to get rid of excess captives, and <ALIMT >(PH_2)</ALIMT> so desperately demanded absurd luxury that <ALIMT >(PH_1)</ALIMT> voluntarily helped research useful technologies (if in a rather condescending manner).","[PAWN_nameDef]作为一名骗子，他表现得很好，以神明的身份换取定期的献祭。期间[PAWN_possessive]追随者知道发生了什么,[PAWN_nameDef]一种方便的方式来摆脱多余的俘虏，和[PAWN_pronoun]迫切需要荒谬的奢侈以至于[PAWN_pronoun]自愿帮助研究有用的技术 (如果以一种相当居高临下的方式)。"
RV2_Adult_PredAnytypeDigest_OpenDubious_LibertineGluttonous.title,gluttonous libertine,title,BackstoryDefs\Backstories_Adult.xml,def,gluttonous libertine,暴食的开明
RV2_Adult_PredAnytypeDigest_OpenDubious_LibertineGluttonous.titleShort,libertine,titleShort,BackstoryDefs\Backstories_Adult.xml,def,libertine,开明
RV2_Adult_PredAnytypeDigest_OpenDubious_LibertineGluttonous.baseDesc,"A lover of fine society and finer dining, [PAWN_nameDef] made a name for [PAWN_objective]self challenging [PAWN_possessive] competitors over the hand of those [PAWN_pronoun] coveted, only to later devour that plaything after the affair ran its course. Often, the news that so-and-so had been first stripped of all dignity and then churned, provoked even flashier fights than the initial duel, for which [PAWN_nameDef] has been declared persona-non-grata in many a city.",baseDesc,BackstoryDefs\Backstories_Adult.xml,def,"A lover of fine society and finer dining, <ALIMT >(PH_5)</ALIMT> made a name for <ALIMT >(PH_4)</ALIMT>self challenging <ALIMT >(PH_3)</ALIMT> competitors over the hand of those <ALIMT >(PH_2)</ALIMT> coveted, only to later devour that plaything after the affair ran its course. Often, the news that so-and-so had been first stripped of all dignity and then churned, provoked even flashier fights than the initial duel, for which <ALIMT >(PH_1)</ALIMT> has been declared persona-non-grata in many a city.","热爱精致的社会和美食,[PAWN_nameDef]成名于[PAWN_objective]自我挑战[PAWN_possessive]越过那些人的手的竞争对手[PAWN_pronoun]令人垂涎欲滴，后来在事情发展到一定程度后又将其吞食。通常，某某人首先被剥夺所有尊严，然后被翻腾的消息，会引发比最初的决斗更闪亮的打斗，为此[PAWN_nameDef]在许多城市中被宣布为不受欢迎的人。"
RV2_Adult_PredAnytypeDigest_OpenDubious_PredAtArms.title,pred-at-arms,title,BackstoryDefs\Backstories_Adult.xml,def,pred-at-arms,Pred-at-arms
RV2_Adult_PredAnytypeDigest_OpenDubious_PredAtArms.titleShort,pred-at-arms,titleShort,BackstoryDefs\Backstories_Adult.xml,def,pred-at-arms,Pred-at-arms
RV2_Adult_PredAnytypeDigest_OpenDubious_PredAtArms.baseDesc,"[PAWN_nameDef] was a tanky medieval bellavore, marching into battle fully-armored and empty-bellied. Preds-at-arms specialize in overwhelming and intimidating poorly-trained and ill-equipped soldiers, as well as capturing or melting through heavily-armored targets. All that plate does nothing against the scouring of acids and enzymes, after all.",baseDesc,BackstoryDefs\Backstories_Adult.xml,def,"<ALIMT >(PH_1)</ALIMT> was a tanky medieval bellavore, marching into battle fully-armored and empty-bellied. Preds-at-arms specialize in overwhelming and intimidating poorly-trained and ill-equipped soldiers, as well as capturing or melting through heavily-armored targets. All that plate does nothing against the scouring of acids and enzymes, after all.",[PAWN_nameDef]拥有一罐坦克，中世纪大下巴，脸颊或上唇上有明显的毛发。，身披全甲，大肚子空无一人。快速的武器专家擅长压制和恐吓缺乏训练和装备的士兵，以及捕获或熔化重甲的目标。毕竟，所有这些盘子与酸液和酶的侵蚀毫无关系。
RV2_Adult_PredAnytypeDigest_OpenDubious_ProstitutePredacious.title,predacious prostitute,title,BackstoryDefs\Backstories_Adult.xml,def,predacious prostitute,淫荡的妓女
RV2_Adult_PredAnytypeDigest_OpenDubious_ProstitutePredacious.titleShort,prostitute,titleShort,BackstoryDefs\Backstories_Adult.xml,def,prostitute,名妓
RV2_Adult_PredAnytypeDigest_OpenDubious_ProstitutePredacious.baseDesc,"[PAWN_nameDef] was just a normal sex-prostitute, neither a call-pred nor call-prey. However, in case someone tried to take advantage of [PAWN_objective] (or was willing to pay extra for it), [PAWN_pronoun] wasn’t opposed to demonstrating some vore from time to time, so long as [PAWN_pronoun] could maintain [PAWN_possessive] figure.",baseDesc,BackstoryDefs\Backstories_Adult.xml,def,"<ALIMT >(PH_5)</ALIMT> was just a normal <ALIMT >sex</ALIMT>-prostitute, neither a call-pred nor call-prey. However, in case someone tried to take advantage of <ALIMT >(PH_4)</ALIMT> (or was willing to pay extra for it), <ALIMT >(PH_3)</ALIMT> wasn’t opposed to demonstrating some <ALIMT >vore</ALIMT> from time to time, so long as <ALIMT >(PH_2)</ALIMT> could maintain <ALIMT >(PH_1)</ALIMT> figure.","[PAWN_nameDef]只是正常人性交-名妓，既没有召唤兽，也没有召唤兽的猎物。但是，万一有人试图利用[PAWN_objective](或者愿意支付额外费用),[PAWN_pronoun]不反对示范吃人不时地，只要[PAWN_pronoun]维持[PAWN_possessive]身影。"
RV2_Adult_PredAnytypeDigest_OpenDubious_SpaceHeaterLiving.title,living space heater,title,BackstoryDefs\Backstories_Adult.xml,def,living space heater,生存空间加热器
RV2_Adult_PredAnytypeDigest_OpenDubious_SpaceHeaterLiving.titleShort,room warmer,titleShort,BackstoryDefs\Backstories_Adult.xml,def,room warmer,房间取暖器
RV2_Adult_PredAnytypeDigest_OpenDubious_SpaceHeaterLiving.baseDesc,"[PAWN_nameDef]’s tribe lived in a tundra where enemies were many and firewood was scarce. For the good of [PAWN_possessive] people, [PAWN_pronoun] forwent the scant vegetables and grains they grew and foraged, in favor of all the live, hostile prey that came a-raiding. As it turns out, digesting a bunch of people at once can keep an entire lodge nice and cozy, even in the middle of a blizzard.",baseDesc,BackstoryDefs\Backstories_Adult.xml,def,"<ALIMT >(PH_3)</ALIMT>’s tribe lived in a tundra where enemies were many and firewood was scarce. For the good of <ALIMT >(PH_2)</ALIMT> people, <ALIMT >(PH_1)</ALIMT> forwent the scant vegetables and grains they grew and foraged, in favor of all the live, hostile prey that came a-raiding. As it turns out, digesting a bunch of people at once can keep an entire lodge nice and cozy, even in the middle of a blizzard.","[PAWN_nameDef]的部落居住在敌人很多，木柴很少的冻土苔原上。为了利益[PAWN_possessive]人们,[PAWN_pronoun]放弃了他们种植和采集的少量蔬菜和谷物，取而代之的是所有幸存的敌对猎物。事实证明，即使在暴风雪中，同时消化一群人的食物也可以让整个小屋保持舒适。"
RV2_Adult_PredAnytypeDigest_OpenDubious_ServantBurglarEating.title,burglar-eating butler,title,BackstoryDefs\Backstories_Adult.xml,def,burglar-eating <ALIMT >butler</ALIMT>,盗贼成瘾管家
RV2_Adult_PredAnytypeDigest_OpenDubious_ServantBurglarEating.titleShort,butler,titleShort,BackstoryDefs\Backstories_Adult.xml,def,<ALIMT >butler</ALIMT>,管家
RV2_Adult_PredAnytypeDigest_OpenDubious_ServantBurglarEating.baseDesc,"[PAWN_nameDef] was a very loyal servant. Not only did [PAWN_pronoun] clean and cook; [PAWN_pronoun] was also an attack dog who devoured [PAWN_possessive] share of burglars, intruders, and unwanted guests.",baseDesc,BackstoryDefs\Backstories_Adult.xml,def,"<ALIMT >(PH_4)</ALIMT> was a very loyal servant. Not only did <ALIMT >(PH_3)</ALIMT> clean and cook; <ALIMT >(PH_2)</ALIMT> was also an attack dog who devoured <ALIMT >(PH_1)</ALIMT> share of burglars, intruders, and unwanted guests.",[PAWN_nameDef]是一个非常忠诚的仆人。不仅如此[PAWN_pronoun]清洁和烹饪;[PAWN_pronoun]也是一只吞噬了食物的攻击犬[PAWN_possessive]窃贼、入侵者和不受欢迎的客人的份额。
RV2_Adult_PredAnytypeDigest_OpenDubious_Voreserker.title,voreserker,title,BackstoryDefs\Backstories_Adult.xml,def,voreserker,迷魂
RV2_Adult_PredAnytypeDigest_OpenDubious_Voreserker.titleShort,voreserker,titleShort,BackstoryDefs\Backstories_Adult.xml,def,voreserker,迷魂
RV2_Adult_PredAnytypeDigest_OpenDubious_Voreserker.baseDesc,"[PAWN_nameDef] raided settlements as a bellavorous berserker. [PAWN_pronoun] would charge into battle, bits-out, hopped up on natural narcotics, and hands empty, pushing, grabbing, and shoving [PAWN_possessive] enemies into whatever orifice [PAWN_pronoun] had ready for them. Afterwards, [PAWN_nameDef] patched [PAWN_possessive] own injuries, as few would approach [PAWN_objective] for fear of “friendly fire”. Unfortunately, the cocktail of painkillers, uppers, aphrodisiacs, and so on that enabled [PAWN_nameDef]’s rampages have dulled [PAWN_possessive] brain.",baseDesc,BackstoryDefs\Backstories_Adult.xml,def,"<ALIMT >(PH_9)</ALIMT> raided settlements as a bellavorous berserker. <ALIMT >(PH_8)</ALIMT> would charge into battle, bits-out, hopped up on natural narcotics, and hands empty, pushing, grabbing, and shoving <ALIMT >(PH_7)</ALIMT> enemies into whatever orifice <ALIMT >(PH_6)</ALIMT> had ready for them. Afterwards, <ALIMT >(PH_5)</ALIMT> patched <ALIMT >(PH_4)</ALIMT> own injuries, as few would approach <ALIMT >(PH_3)</ALIMT> for fear of “friendly fire”. Unfortunately, the <ALIMT >cocktail</ALIMT> of painkillers, uppers, aphrodisiacs, and so on that enabled <ALIMT >(PH_2)</ALIMT>’s rampages have dulled <ALIMT >(PH_1)</ALIMT> <ALIMT >brain</ALIMT>.","[PAWN_nameDef]作为一名狂暴的狂战士袭击了定居点。[PAWN_pronoun]将会投入战斗，耗尽能量，使用自然成瘾品，空手、推、抓、推[PAWN_possessive]敌人进入任意孔内[PAWN_pronoun]已经为他们准备好了。之后,[PAWN_nameDef]已包扎[PAWN_possessive]自己受伤，很少有人会靠近[PAWN_objective]因为害怕 “友方误伤”。不幸的是,鸡尾酒启用的止痛药、兴奋剂、壮阳药等等[PAWN_nameDef]的狂暴已经变得迟钝[PAWN_possessive]脑"
RV2_Adult_PredAnytypeDigest_OpenDubious_VorriorTribal.title,tribal vorrior,title,BackstoryDefs\Backstories_Adult.xml,def,tribal vorrior,部落迷魂
RV2_Adult_PredAnytypeDigest_OpenDubious_VorriorTribal.titleShort,vorrior,titleShort,BackstoryDefs\Backstories_Adult.xml,def,vorrior,迷雾者
RV2_Adult_PredAnytypeDigest_OpenDubious_VorriorTribal.baseDesc,"[PAWN_nameDef] was a courageous tribal bellavore. Unlike those drug-addled voreserkers, [PAWN_nameDef] kept [PAWN_possessive] mind focused and alert as [PAWN_pronoun] wove between blades and arrows to devour an enemy in strictly hand-to-hand combat. Back home, the band of vorriors would have their needs catered to by the youngbloods in their ranks.",baseDesc,BackstoryDefs\Backstories_Adult.xml,def,"<ALIMT >(PH_4)</ALIMT> was a courageous tribal bellavore. Unlike those drug-addled voreserkers, <ALIMT >(PH_3)</ALIMT> kept <ALIMT >(PH_2)</ALIMT> mind focused and alert as <ALIMT >(PH_1)</ALIMT> wove between blades and arrows to devour an enemy in strictly hand-to-hand combat. Back home, the band of vorriors would have their needs catered to by the youngbloods in their ranks.","[PAWN_nameDef]是一个勇敢的部落贝拉沃。与那些沉迷成瘾品的迷魂不同,[PAWN_nameDef]保持[PAWN_possessive]专注与警觉[PAWN_pronoun]在严格的肉搏中，拨动镰刃和箭矢，吞噬吞噬敌人。回到家，这一群吞食者会得到他们队伍中年轻人的满足。"
RV2_Adult_PredAnytypeDigest_OpenUnwilling_Digesticutioner.title,digesticutioner,title,BackstoryDefs\Backstories_Adult.xml,def,digesticutioner,消化工
RV2_Adult_PredAnytypeDigest_OpenUnwilling_Digesticutioner.titleShort,digesticutioner,titleShort,BackstoryDefs\Backstories_Adult.xml,def,digesticutioner,消化工
RV2_Adult_PredAnytypeDigest_OpenUnwilling_Digesticutioner.baseDesc,"The laws of [PAWN_nameDef]'s home specifically prohibited any ""inhumane"" form of execution. The only death sentence not considered inhumane under this code was digestion. [PAWN_possessive] body ended the lives of many prisoners, and after a while, [PAWN_pronoun] found it much easier to ignore their pleas and bargains in favor of the satisfaction of [PAWN_possessive] hunger.",baseDesc,BackstoryDefs\Backstories_Adult.xml,def,"The laws of <ALIMT >(PH_4)</ALIMT>'s home specifically prohibited any ""inhumane"" form of execution. The only death sentence not considered inhumane under this code was digestion. <ALIMT >(PH_3)</ALIMT> body ended the lives of many prisoners, and after a while, <ALIMT >(PH_2)</ALIMT> found it much easier to ignore their pleas and bargains in favor of the satisfaction of <ALIMT >(PH_1)</ALIMT> hunger.","的法则[PAWN_nameDef]特别禁止任何 “不人道” 的处决方式。根据该法典，唯一不被认为不人道的死亡判决是被消化。[PAWN_possessive]尸体终止了许多囚犯的生命，过了一会儿,[PAWN_pronoun]我发现无视他们的恳求和讨价还价，更容易满足[PAWN_possessive]饥饿。"
RV2_Adult_PredAnytypeDigest_OpenUnwilling_JesterWellFed.title,well-fed jester,title,BackstoryDefs\Backstories_Adult.xml,def,well-fed jester,营养充足的小丑
RV2_Adult_PredAnytypeDigest_OpenUnwilling_JesterWellFed.titleShort,jester,titleShort,BackstoryDefs\Backstories_Adult.xml,def,jester,小丑
RV2_Adult_PredAnytypeDigest_OpenUnwilling_JesterWellFed.baseDesc,"In addition to all the normal things a jester might be asked to do--juggle, tell jokes, critique battle plans--[PAWN_nameDef] was also kept around the court as a pet, to whom any visitor that displeased [PAWN_possessive] master was fed.",baseDesc,BackstoryDefs\Backstories_Adult.xml,def,"In addition to all the normal things a jester might be asked to do--juggle, tell jokes, critique battle plans--<ALIMT >(PH_2)</ALIMT> was also kept around the court as a pet, to whom any visitor that displeased <ALIMT >(PH_1)</ALIMT> master was fed.",除了小丑可能被要求做的所有普通事情之外 -- 杂役、讲笑话、批评作战计划 --[PAWN_nameDef]也被作为宠物饲养在法院周围，任何访客的不满[PAWN_possessive]主人被喂养了。
RV2_Adult_PredAnytypeDigest_OpenUnwilling_PeacekeperPredatory.title,predatory peacekeeper,title,BackstoryDefs\Backstories_Adult.xml,def,predatory peacekeeper,掠夺者
RV2_Adult_PredAnytypeDigest_OpenUnwilling_PeacekeperPredatory.titleShort,peacekeper,titleShort,BackstoryDefs\Backstories_Adult.xml,def,peacekeper,和平者
RV2_Adult_PredAnytypeDigest_OpenUnwilling_PeacekeperPredatory.baseDesc,"[PAWN_nameDef] kept the peace in a recently-annexed region, suppressing the last embers of rebellion. [PAWN_pronoun] took special pleasure in churning malcontents into martyrs, even if they didn’t leave much evidence behind to indicate their guilt once they’d passed through [PAWN_possessive] body.",baseDesc,BackstoryDefs\Backstories_Adult.xml,def,"<ALIMT >(PH_3)</ALIMT> kept the peace in a recently-annexed region, suppressing the last embers of rebellion. <ALIMT >(PH_2)</ALIMT> took special pleasure in churning malcontents into martyrs, even if they didn’t leave much evidence behind to indicate their guilt once they’d passed through <ALIMT >(PH_1)</ALIMT> body.",[PAWN_nameDef]在最近被吞并的一个地区维持和平，镇压着最后的叛乱余烬。[PAWN_pronoun]我特别喜欢把不满的人翻腾成烈士，即使他们没有留下太多证据来表明他们有罪[PAWN_possessive]身体。
RV2_Adult_PredAnytypeDigest_OpenUnwilling_ProfessorOfPredation.title,professor of predation,title,BackstoryDefs\Backstories_Adult.xml,def,professor of predation,捕食教教授
RV2_Adult_PredAnytypeDigest_OpenUnwilling_ProfessorOfPredation.titleShort,professor,titleShort,BackstoryDefs\Backstories_Adult.xml,def,professor,教授
RV2_Adult_PredAnytypeDigest_OpenUnwilling_ProfessorOfPredation.baseDesc,"[PAWN_nameDef] taught aspiring predators how to pred at an obscure yet prestigious university. While the faculty were discouraged from eating students willy-nilly, everyone--teachers included--were on the menu. Plenty of star students who got cocky and thought they could take on their teacher found the tables turned and their bodies melted away in [PAWN_nameDef]’s body. There’s a reason [PAWN_pronoun] was paid to teach.",baseDesc,BackstoryDefs\Backstories_Adult.xml,def,"<ALIMT >(PH_3)</ALIMT> taught aspiring predators how to pred at an obscure yet prestigious university. While the faculty were discouraged from eating students willy-nilly, everyone--teachers included--were on the menu. Plenty of star students who got cocky and thought they could take on their teacher found the tables turned and their bodies melted away in <ALIMT >(PH_2)</ALIMT>’s body. There’s a reason <ALIMT >(PH_1)</ALIMT> was paid to teach.",[PAWN_nameDef]在一所不起眼但享有盛誉的大学里，我向有抱负的捕食者传授如何怀孕。虽然角色作为教师参与。不鼓励随意吃学生，但每个人 -- 包括老师 -- 都在菜单上。许多自大的明星学生认为他们可以与老师相比，但却发现情况发生了变化，他们的身体也逐渐融化了。[PAWN_nameDef]的身体。这是有原因的[PAWN_pronoun]被奖励教书。
RV2_Adult_PredAnytypeDigest_OpenUnwilling_ProfessorPredatory.title,predatory professor,title,BackstoryDefs\Backstories_Adult.xml,def,predatory professor,掠夺性教授
RV2_Adult_PredAnytypeDigest_OpenUnwilling_ProfessorPredatory.titleShort,professor,titleShort,BackstoryDefs\Backstories_Adult.xml,def,professor,教授
RV2_Adult_PredAnytypeDigest_OpenUnwilling_ProfessorPredatory.baseDesc,"[PAWN_nameDef] was a tenured professor at a prestigious university. Despite [PAWN_possessive] assorted eccentricities, such as devouring failing students and the odd GTA, the administration wouldn’t dream of firing [PAWN_nameDef], no matter how many complaints they got.",baseDesc,BackstoryDefs\Backstories_Adult.xml,def,"<ALIMT >(PH_3)</ALIMT> was a tenured professor at a prestigious university. Despite <ALIMT >(PH_2)</ALIMT> assorted eccentricities, such as devouring failing students and the odd GTA, the administration wouldn’t dream of firing <ALIMT >(PH_1)</ALIMT>, no matter how many complaints they got.","[PAWN_nameDef]曾是一所著名大学的终身教授。尽管[PAWN_possessive]各种怪癖，比如吞噬失败的学生和古怪的 GTA，政府不会梦想解雇[PAWN_nameDef],无论他们收到多少投诉。"
RV2_Adult_PredAnytypeDigest_SecretDubious_CircusPerformerMarauding.title,marauding circus performer,title,BackstoryDefs\Backstories_Adult.xml,def,marauding circus performer,掠夺马戏团表演者
RV2_Adult_PredAnytypeDigest_SecretDubious_CircusPerformerMarauding.titleShort,circus performer,titleShort,BackstoryDefs\Backstories_Adult.xml,def,circus performer,马戏团表演者
RV2_Adult_PredAnytypeDigest_SecretDubious_CircusPerformerMarauding.baseDesc,"[PAWN_nameDef] performed for a sketchy traveling circus, which relied extensively on audience volunteers. [PAWN_nameDef] and [PAWN_possessive] coworkers would stuff themselves with dubiously-willing volunteers and perform great feats of agility and balance. By the time anyone realized those volunteers hadn’t come back, the circus had already left.",baseDesc,BackstoryDefs\Backstories_Adult.xml,def,"<ALIMT >(PH_3)</ALIMT> performed for a sketchy traveling circus, which relied extensively on audience volunteers. <ALIMT >(PH_2)</ALIMT> and <ALIMT >(PH_1)</ALIMT> coworkers would stuff themselves with dubiously-willing volunteers and perform great feats of agility and balance. By the time anyone realized those volunteers hadn’t come back, the circus had already left.",[PAWN_nameDef]为一个广泛依赖观众志愿者的粗略旅行马戏团演出。[PAWN_nameDef]和[PAWN_possessive]同事们会自愿招募志愿者，在敏捷和平衡方面取得巨大的成就。当有人意识到那些志愿者们没有回来时，马戏团已经离开了。
RV2_Adult_PredAnytypeDigest_SecretDubious_HypnotistHungry.title,hungry hypnotist,title,BackstoryDefs\Backstories_Adult.xml,def,hungry hypnotist,饥饿强迫参与者做某事，但违背自己的意愿。装置
RV2_Adult_PredAnytypeDigest_SecretDubious_HypnotistHungry.titleShort,hypnotist,titleShort,BackstoryDefs\Backstories_Adult.xml,def,hypnotist,强迫参与者做某事，但违背自己的意愿。者
RV2_Adult_PredAnytypeDigest_SecretDubious_HypnotistHungry.baseDesc,"As a pred-inclined pacifist, [PAWN_nameDef] was always in a tricky position. The longer [PAWN_pronoun] stayed in one place, the harder it got to find a willing meal. Hypnosis helped pressure the ones who suppressed their preyish desires, but it wasn’t until [PAWN_pronoun] started channeling [PAWN_possessive] latent psychic powers into the practice, that [PAWN_nameDef] could dine on any patient [PAWN_pronoun] wanted, given enough sessions.",baseDesc,BackstoryDefs\Backstories_Adult.xml,def,"As a pred-inclined pacifist, <ALIMT >(PH_6)</ALIMT> was always in a tricky position. The longer <ALIMT >(PH_5)</ALIMT> stayed in one place, the harder it got to find a willing meal. Hypnosis helped pressure the ones who suppressed their preyish desires, but it wasn’t until <ALIMT >(PH_4)</ALIMT> started channeling <ALIMT >(PH_3)</ALIMT> latent psychic powers into the practice, that <ALIMT >(PH_2)</ALIMT> could dine on any patient <ALIMT >(PH_1)</ALIMT> wanted, given enough sessions.","作为一个和平主义者,[PAWN_nameDef]总是处于棘手的位置。越久[PAWN_pronoun]待在一个地方，就越难找到想要的食物。强迫参与者做某事，但违背自己的意愿。有助于向抑制欲望的人施加压力，但直到[PAWN_pronoun]开始通灵[PAWN_possessive]潜于修习的心灵能力[PAWN_nameDef]可以招待任何病人[PAWN_pronoun]需要足够的时间。"
RV2_Adult_PredAnytypeDigest_SecretDubious_MagicianMunchy.title,munchy magician,title,BackstoryDefs\Backstories_Adult.xml,def,munchy magician,饥饿的魔术师
RV2_Adult_PredAnytypeDigest_SecretDubious_MagicianMunchy.titleShort,magician,titleShort,BackstoryDefs\Backstories_Adult.xml,def,magician,魔术师
RV2_Adult_PredAnytypeDigest_SecretDubious_MagicianMunchy.baseDesc,"Making someone disappear is a classic magic trick, if a bit unimaginative. Likewise, using vore to do it is the next step for such unambitious magicians. Perhaps predictably, the audience members who'd volunteer to come up to the blindingly-lit stage and enter that dark wooden box with [PAWN_nameDef] would disappear a little more permanently than expected.",baseDesc,BackstoryDefs\Backstories_Adult.xml,def,"Making someone disappear is a classic magic trick, if a bit unimaginative. Likewise, using <ALIMT >vore</ALIMT> to do it is the next step for such unambitious magicians. Perhaps predictably, the audience members who'd volunteer to come up to the blindingly-lit stage and enter that dark wooden box with <ALIMT >(PH_1)</ALIMT> would disappear a little more permanently than expected.",让人消失是一个经典的魔术，如果有点缺乏想象力的话。同样，使用吃人对于这样没有雄心壮志的魔术师来说，这是下一步。也许可以预见的是，那些自愿来到盲光舞台，带着[PAWN_nameDef]会比预期的更永久地消失。
RV2_Adult_PredAnytypeDigest_SecretDubious_VornstarPredSketchy.title,sketchy vornstar pred,title,BackstoryDefs\Backstories_Adult.xml,def,sketchy vornstar pred,粗糙的伏击虫
RV2_Adult_PredAnytypeDigest_SecretDubious_VornstarPredSketchy.titleShort,vornstar,titleShort,BackstoryDefs\Backstories_Adult.xml,def,vornstar,迷雾之星
RV2_Adult_PredAnytypeDigest_SecretDubious_VornstarPredSketchy.baseDesc,"[PAWN_nameDef] starred in illicit vornagraphy as a predator. Supposedly it was all fake, and just edited to look real, but [PAWN_possessive] fans noticed the shoots never starred the same prey actors twice, and [PAWN_nameDef] would put on weight after shoots...",baseDesc,BackstoryDefs\Backstories_Adult.xml,def,"<ALIMT >(PH_3)</ALIMT> starred in illicit vornagraphy as a predator. Supposedly it was all fake, and just edited to look real, but <ALIMT >(PH_2)</ALIMT> fans noticed the shoots never starred the same prey actors twice, and <ALIMT >(PH_1)</ALIMT> would put on weight after shoots...",[PAWN_nameDef]在《迷魂》中被称为捕食者。据说这一切都是假的，只是编辑成真实的，但是[PAWN_possessive]粉丝们注意到这些镜头从来没有由同一个猎物演员主演过两次，而且[PAWN_nameDef]射击后体重会增加...
RV2_Adult_PredAnytypeDigest_SecretUnwilling_AssassinEdacious.title,edacious assassin,title,BackstoryDefs\Backstories_Adult.xml,def,edacious <ALIMT >assassin</ALIMT>,贪婪刺客
RV2_Adult_PredAnytypeDigest_SecretUnwilling_AssassinEdacious.titleShort,assassin,titleShort,BackstoryDefs\Backstories_Adult.xml,def,<ALIMT >assassin</ALIMT>,刺客
RV2_Adult_PredAnytypeDigest_SecretUnwilling_AssassinEdacious.baseDesc,"[PAWN_nameDef] was an assassin with very particular methods. [PAWN_pronoun] differentiated [PAWN_objective]self from all the other cutthroats, by never cutting any throats at all. The way [PAWN_pronoun] saw it, throats weren’t for cutting; they were for swallowing: swallowing [PAWN_possessive] targets, swallowing any witnesses, swallowing any contractees who refused to pay up.",baseDesc,BackstoryDefs\Backstories_Adult.xml,def,"<ALIMT >(PH_5)</ALIMT> was an <ALIMT >assassin</ALIMT> with very particular methods. <ALIMT >(PH_4)</ALIMT> differentiated <ALIMT >(PH_3)</ALIMT>self from all the other cutthroats, by never cutting any throats at all. The way <ALIMT >(PH_2)</ALIMT> saw it, throats weren’t for cutting; they were for swallowing: swallowing <ALIMT >(PH_1)</ALIMT> targets, swallowing any witnesses, swallowing any contractees who refused to pay up.",[PAWN_nameDef]是一个刺客使用非常特殊的方法。[PAWN_pronoun]差异化[PAWN_objective]从不割除任何喉咙，将自己从所有其他的割除。路径[PAWN_pronoun]看见了，喉咙不是用来割伤的; 他们是用来吞下的: 吞下[PAWN_possessive]目标，吞下任何目击者，吞下任何拒绝付钱的签字人。
RV2_Adult_PredAnytypeDigest_SecretUnwilling_BlackWidow.title,black widower,title,BackstoryDefs\Backstories_Adult.xml,def,black widower,黑 wid
RV2_Adult_PredAnytypeDigest_SecretUnwilling_BlackWidow.titleShort,widower,titleShort,BackstoryDefs\Backstories_Adult.xml,def,widower,鳏夫
RV2_Adult_PredAnytypeDigest_SecretUnwilling_BlackWidow.baseDesc,"[PAWN_nameDef] moved from settlement to settlement, taking and wedding a new lover in each one. But, without fail, after just a few weeks of marriage, [PAWN_possessive] spouse would always suddenly disappear, [PAWN_nameDef] would put on some weight, and, after exhausting [PAWN_possessive] inheritance, [PAWN_pronoun] would move somewhere new.",baseDesc,BackstoryDefs\Backstories_Adult.xml,def,"<ALIMT >(PH_5)</ALIMT> moved from settlement to settlement, taking and wedding a new lover in each one. But, without fail, after just a few weeks of marriage, <ALIMT >(PH_4)</ALIMT> spouse would always suddenly disappear, <ALIMT >(PH_3)</ALIMT> would put on some weight, and, after exhausting <ALIMT >(PH_2)</ALIMT> inheritance, <ALIMT >(PH_1)</ALIMT> would move somewhere new.","[PAWN_nameDef]从一个定居点搬到另一个定居点，每个人都会带走一个新的情人并与之结婚。但是，毫无疑问，在仅仅几周的婚姻之后,[PAWN_possessive]配偶总是突然消失,[PAWN_nameDef]会增加一些重量，并且在筋疲力尽之后[PAWN_possessive]继承,[PAWN_pronoun]会搬到新的地方。"
RV2_Adult_PredAnytypeDigest_SecretUnwilling_Bluebeard.title,bluebeard,title,BackstoryDefs\Backstories_Adult.xml,def,bluebeard,蓝须胡
RV2_Adult_PredAnytypeDigest_SecretUnwilling_Bluebeard.titleShort,bluebeard,titleShort,BackstoryDefs\Backstories_Adult.xml,def,bluebeard,蓝须胡
RV2_Adult_PredAnytypeDigest_SecretUnwilling_Bluebeard.baseDesc,"After [PAWN_nameDef] built [PAWN_possessive] own house, [PAWN_pronoun] sought a spouse to share it with. Unfortunately, [PAWN_nameDef]’s spouses had a habit of disappearing without a trace. What confounded investigators and kept [PAWN_nameDef] on the right side of the law is, typically, bluebeards hide the body somewhere in the house, or at least somewhere in the local area, but no trace of [PAWN_possessive] lovers could ever be found. Incidentally, it appeared [PAWN_nameDef] dealt with grief by overeating, judging by the weight put on after every disappearance.",baseDesc,BackstoryDefs\Backstories_Adult.xml,def,"After <ALIMT >(PH_7)</ALIMT> built <ALIMT >(PH_6)</ALIMT> own house, <ALIMT >(PH_5)</ALIMT> sought a spouse to share it with. Unfortunately, <ALIMT >(PH_4)</ALIMT>’s spouses had a habit of disappearing without a trace. What confounded investigators and kept <ALIMT >(PH_3)</ALIMT> on the right side of the law is, typically, bluebeards hide the body somewhere in the house, or at least somewhere in the local area, but no trace of <ALIMT >(PH_2)</ALIMT> lovers could ever be found. Incidentally, it appeared <ALIMT >(PH_1)</ALIMT> dealt with grief by overeating, judging by the weight put on after every disappearance.","追杀[PAWN_nameDef]建造[PAWN_possessive]有自己的房子,[PAWN_pronoun]寻找一个可以分享它的配偶。很可惜,[PAWN_nameDef]他的配偶有消失得无影无踪的习惯。让调查员感到困惑和茫然的东西[PAWN_nameDef]法律的右侧通常是蓝胡须将身体隐藏在房子的某个地方，或者至少在当地的某个地方，但没有任何痕迹[PAWN_possessive]不可能找到情人。顺便说一句，它出现了[PAWN_nameDef]通过暴饮暴食来处理悲伤，从每次消失后的体重来看。"
RV2_Adult_PredAnytypeDigest_SecretUnwilling_ClownCarnivorous.title,carnivorous clown,title,BackstoryDefs\Backstories_Adult.xml,def,carnivorous <ALIMT >clown</ALIMT>,肉食小丑🤡
RV2_Adult_PredAnytypeDigest_SecretUnwilling_ClownCarnivorous.titleShort,clown,titleShort,BackstoryDefs\Backstories_Adult.xml,def,<ALIMT >clown</ALIMT>,小丑🤡
RV2_Adult_PredAnytypeDigest_SecretUnwilling_ClownCarnivorous.baseDesc,"[PAWN_nameDef] got a degree at the only college that would take [PAWN_objective]--a clown college--and set about making the best of [PAWN_possessive] few actual skills. [PAWN_pronoun] didn’t even qualify for a troupe and had to settle on being an independent party clown. However, every party to which [PAWN_nameDef] was hired, one of the guests was sure to disappear.",baseDesc,BackstoryDefs\Backstories_Adult.xml,def,"<ALIMT >(PH_5)</ALIMT> got a degree at the only college that would take <ALIMT >(PH_4)</ALIMT>--a <ALIMT >clown</ALIMT> college--and set about making the best of <ALIMT >(PH_3)</ALIMT> few actual skills. <ALIMT >(PH_2)</ALIMT> didn’t even qualify for a troupe and had to settle on being an independent party <ALIMT >clown</ALIMT>. However, every party to which <ALIMT >(PH_1)</ALIMT> was hired, one of the guests was sure to disappear.",[PAWN_nameDef]在唯一需要的大学获得学位[PAWN_objective]-- Aclown大学 -- 充分利用[PAWN_possessive]很少有实际技能。[PAWN_pronoun]甚至没有资格加入剧团，只能选择独立派对小丑🤡然而，每一方[PAWN_nameDef]被雇佣后，其中一名客人肯定会消失。
RV2_Adult_PredAnytypeDigest_SecretUnwilling_CourtesanChurning.title,churning courtesan,title,BackstoryDefs\Backstories_Adult.xml,def,churning courtesan,翻腾的面妓
RV2_Adult_PredAnytypeDigest_SecretUnwilling_CourtesanChurning.titleShort,courtesan,titleShort,BackstoryDefs\Backstories_Adult.xml,def,courtesan,面首
RV2_Adult_PredAnytypeDigest_SecretUnwilling_CourtesanChurning.baseDesc,"[PAWN_nameDef] was a dignified courtesan of the noble courts, attending to the digestive needs of high society. More often than not, [PAWN_pronoun] was paid not to churn [PAWN_possessive] client, but a rival lured into a trap, or some undesirable no one would miss. Sometimes, [PAWN_pronoun] even had to take down [PAWN_possessive] prey [PAWN_objective]self, with [PAWN_possessive] wits and a hidden weapon. However, brushing elbows with high society has made [PAWN_objective] picky about doing more conventional sorts of dirty work.",baseDesc,BackstoryDefs\Backstories_Adult.xml,def,"<ALIMT >(PH_8)</ALIMT> was a dignified courtesan of the noble courts, attending to the digestive needs of high society. More often than not, <ALIMT >(PH_7)</ALIMT> was paid not to churn <ALIMT >(PH_6)</ALIMT> client, but a rival lured into a trap, or some undesirable no one would miss. Sometimes, <ALIMT >(PH_5)</ALIMT> even had to take down <ALIMT >(PH_4)</ALIMT> prey <ALIMT >(PH_3)</ALIMT>self, with <ALIMT >(PH_2)</ALIMT> wits and a hidden weapon. However, brushing elbows with high society has made <ALIMT >(PH_1)</ALIMT> picky about doing more conventional sorts of dirty work.","[PAWN_nameDef]是贵族法院的有尊严的妓女，致力于满足上流社会的消化需求。通常情况下,[PAWN_pronoun]不是为搅动付钱的[PAWN_possessive]客户，但却被一个敌对派系引向了一个陷阱，或是一些无人会错过的不良客户。有时,[PAWN_pronoun]甚至不得不击倒[PAWN_possessive]猎物[PAWN_objective]自己，与[PAWN_possessive]机智和隐藏的武器。然而，与上流社会擦肘已经[PAWN_objective]对做更传统的脏活很挑剔。"
RV2_Adult_PredAnytypeDigest_SecretUnwilling_GarbageDisposal.title,garbage disposal,title,BackstoryDefs\Backstories_Adult.xml,def,garbage disposal,垃圾处理
RV2_Adult_PredAnytypeDigest_SecretUnwilling_GarbageDisposal.titleShort,garbage disposal,titleShort,BackstoryDefs\Backstories_Adult.xml,def,garbage disposal,垃圾处理
RV2_Adult_PredAnytypeDigest_SecretUnwilling_GarbageDisposal.baseDesc,"[PAWN_nameDef] was a valued asset to a large and powerful urbworld gang. [PAWN_pronoun] had achieved [PAWN_possessive] standing by offering [PAWN_possessive] services as a different sort of cleaner: any captives, witnesses, incorruptible officials, or disloyal members the gang had? Just send them down [PAWN_possessive] gullet.",baseDesc,BackstoryDefs\Backstories_Adult.xml,def,"<ALIMT >(PH_5)</ALIMT> was a valued asset to a large and powerful urbworld gang. <ALIMT >(PH_4)</ALIMT> had achieved <ALIMT >(PH_3)</ALIMT> standing by offering <ALIMT >(PH_2)</ALIMT> services as a different sort of cleaner: any captives, witnesses, incorruptible officials, or disloyal members the gang had? Just send them down <ALIMT >(PH_1)</ALIMT> gullet.",[PAWN_nameDef]是强大的都市世界黑帮的宝贵财富。[PAWN_pronoun]已实现[PAWN_possessive]准备祭品[PAWN_possessive]作为一种不同类型的清洁工的服务: 有俘虏、证人、清廉的官员或该团伙的不忠成员吗？把它们发下去就行了[PAWN_possessive]大口胡。
RV2_Adult_PredAnytypeDigest_SecretUnwilling_HitmanHungry.title,hungry hitman,title,BackstoryDefs\Backstories_Adult.xml,def,hungry hitman,饥饿的刺客
RV2_Adult_PredAnytypeDigest_SecretUnwilling_HitmanHungry.titleShort,hitman,titleShort,BackstoryDefs\Backstories_Adult.xml,def,hitman,刺客
RV2_Adult_PredAnytypeDigest_SecretUnwilling_HitmanHungry.baseDesc,"[PAWN_nameDef] was a corporate hitman, trained in all manner of infiltration techniques--but only one method of elimination. [PAWN_possessive] weapon of choice was whichever hole was handy. Of course, sometimes holes aren’t handy. Thus [PAWN_pronoun] knew how to shoot a fleeing target in the legs to knock them down for consumption, or dose [PAWN_possessive] quarry’s food with aphrodisiac and lull the target directly into [PAWN_nameDef]’s open mouth. Above all, though, [PAWN_nameDef] left no trace of [PAWN_possessive] deeds.",baseDesc,BackstoryDefs\Backstories_Adult.xml,def,"<ALIMT >(PH_7)</ALIMT> was a corporate hitman, trained in all manner of infiltration techniques--but only one method of elimination. <ALIMT >(PH_6)</ALIMT> weapon of choice was whichever hole was handy. Of course, sometimes holes aren’t handy. Thus <ALIMT >(PH_5)</ALIMT> knew how to shoot a fleeing target in the legs to knock them down for consumption, or dose <ALIMT >(PH_4)</ALIMT> quarry’s food with aphrodisiac and lull the target directly into <ALIMT >(PH_3)</ALIMT>’s open mouth. Above all, though, <ALIMT >(PH_2)</ALIMT> left no trace of <ALIMT >(PH_1)</ALIMT> deeds.","[PAWN_nameDef]是一名刺杀企业的人，身经百战，身经百战，身经百战，但都掌握着各种渗透技术 -- 当然只有一种方法。[PAWN_possessive]随手可及的洞口选择了武器。当然，有时候洞并不是那么方便。因此[PAWN_pronoun]知道如何从逃跑的目标的腿部射击，将其击倒并食用，或剂量[PAWN_possessive]含有壮阳药的采石场食物可以让目标直接进入[PAWN_nameDef]张开嘴。然而最重要的是,[PAWN_nameDef]未留下任何痕迹[PAWN_possessive]行动。"
RV2_Adult_PredAnytypeDigest_SecretUnwilling_InnkeeperInsatiable.title,insatiable innkeeper,title,BackstoryDefs\Backstories_Adult.xml,def,insatiable innkeeper,贪得无厌的客栈老板
RV2_Adult_PredAnytypeDigest_SecretUnwilling_InnkeeperInsatiable.titleShort,innkeeper,titleShort,BackstoryDefs\Backstories_Adult.xml,def,innkeeper,客栈老板
RV2_Adult_PredAnytypeDigest_SecretUnwilling_InnkeeperInsatiable.baseDesc,"[PAWN_nameDef] built and ran an inn along an occasionally-travelled road. It was the only place to rest for hours, either way, so just about every traveller heading therealong stopped by. This allowed [PAWN_objective] to have [PAWN_possessive] pick of sleeping and often solitary travellers for a midnight snack.",baseDesc,BackstoryDefs\Backstories_Adult.xml,def,"<ALIMT >(PH_3)</ALIMT> built and ran an inn along an occasionally-travelled road. It was the only place to rest for hours, either way, so just about every traveller heading therealong stopped by. This allowed <ALIMT >(PH_2)</ALIMT> to have <ALIMT >(PH_1)</ALIMT> pick of sleeping and often solitary travellers for a midnight snack.",[PAWN_nameDef]沿着偶尔旅行的道路建造并经营了一家客栈。不管怎样，这都是唯一可以休息几个小时的地方，所以几乎每个前往那里的旅行者都会停下来。允许[PAWN_objective]拥有[PAWN_possessive]为沉睡且经常独来独往的旅行者挑选一份吃夜宵。
RV2_Adult_PredAnytypeDigest_SecretUnwilling_Plutophage.title,plutophage,title,BackstoryDefs\Backstories_Adult.xml,def,plutophage,程序员
RV2_Adult_PredAnytypeDigest_SecretUnwilling_Plutophage.titleShort,predator,titleShort,BackstoryDefs\Backstories_Adult.xml,def,predator,捕食者
RV2_Adult_PredAnytypeDigest_SecretUnwilling_Plutophage.baseDesc,"[PAWN_nameDef] took the phrase “eat the rich” very literally. Whenever [PAWN_pronoun] gets the opportunity to dine on the rich and powerful, and get rid of one of society’s parasites, [PAWN_pronoun] takes it. It’s just a matter of getting away with it.",baseDesc,BackstoryDefs\Backstories_Adult.xml,def,"<ALIMT >(PH_3)</ALIMT> took the phrase “eat the rich” very literally. Whenever <ALIMT >(PH_2)</ALIMT> gets the opportunity to dine on the rich and powerful, and get rid of one of society’s parasites, <ALIMT >(PH_1)</ALIMT> takes it. It’s just a matter of getting away with it.","[PAWN_nameDef]非常符合 “吃富人” 这一短语的字面意思。无论何时[PAWN_pronoun]有机会对有钱人家和有权的人用餐，摆脱一个社会寄生虫,[PAWN_pronoun]拿着它。侥幸逃脱只是一个问题。"
RV2_Adult_PredAnytypeDigest_SecretUnwilling_PirateCaptainPredacious.title,predacious pirate captain,title,BackstoryDefs\Backstories_Adult.xml,def,predacious pirate captain,叛逆的海盗船长
RV2_Adult_PredAnytypeDigest_SecretUnwilling_PirateCaptainPredacious.titleShort,pirate captain,titleShort,BackstoryDefs\Backstories_Adult.xml,def,pirate captain,海盗船长
RV2_Adult_PredAnytypeDigest_SecretUnwilling_PirateCaptainPredacious.baseDesc,"[PAWN_nameDef] was the captain of a pirate starship, raiding cargo haulers and pillaging space stations. While the loot was nice, and bossing [PAWN_possessive] crew around was fun, nothing quite compared to filling out [PAWN_possessive] own booty with those captured in their raids.",baseDesc,BackstoryDefs\Backstories_Adult.xml,def,"<ALIMT >(PH_3)</ALIMT> was the captain of a pirate starship, raiding cargo haulers and pillaging space stations. While the loot was nice, and bossing <ALIMT >(PH_2)</ALIMT> crew around was fun, nothing quite compared to filling out <ALIMT >(PH_1)</ALIMT> own booty with those captured in their raids.",[PAWN_nameDef]曾经是一艘海盗星际飞船的船长，现在正在掠夺货船和空间站。当战利品很好，发号施令的时候[PAWN_possessive]周围的船员很有趣，没有什么比填平更有趣的了[PAWN_possessive]拥有在袭击中被俘的战利品。
RV2_Adult_PredAnytypeDigest_SecretUnwilling_ServantMunchy.title,hungry butler,title,BackstoryDefs\Backstories_Adult.xml,def,hungry <ALIMT >butler</ALIMT>,饥饿管家
RV2_Adult_PredAnytypeDigest_SecretUnwilling_ServantMunchy.titleShort,butler,titleShort,BackstoryDefs\Backstories_Adult.xml,def,<ALIMT >butler</ALIMT>,管家
RV2_Adult_PredAnytypeDigest_SecretUnwilling_ServantMunchy.baseDesc,"[PAWN_nameDef] worked as a servant for many rich families, but never for very long. After ingratiating [PAWN_objective]self with the family, learning all the codes to their safes and where they keep the good wine, [PAWN_pronoun] would sneakily “clean up” every single member of the household and staff before fencing their valuables and moving to a new city.",baseDesc,BackstoryDefs\Backstories_Adult.xml,def,"<ALIMT >(PH_3)</ALIMT> worked as a servant for many rich families, but never for very long. After ingratiating <ALIMT >(PH_2)</ALIMT>self with the family, learning all the codes to their safes and where they keep the good wine, <ALIMT >(PH_1)</ALIMT> would sneakily “clean up” every single member of the household and staff before fencing their valuables and moving to a new city.","[PAWN_nameDef]为许多富贵家庭当仆人，但从工很长时间。讨好后[PAWN_objective]和家人在一起，学习他们保险箱的所有密码，以及他们存放红酒的地点,[PAWN_pronoun]会偷偷 “清理” 每个家庭成员和工作人员，然后将他们的贵重物品围起来，搬到一个新的城市。"
RV2_Adult_PredAnytypeDigest_SecretUnwilling_SmugglerInsatiable.title,insatiable smuggler,title,BackstoryDefs\Backstories_Adult.xml,def,insatiable smuggler,贪得无厌的走私者
RV2_Adult_PredAnytypeDigest_SecretUnwilling_SmugglerInsatiable.titleShort,smuggler,titleShort,BackstoryDefs\Backstories_Adult.xml,def,smuggler,走私者
RV2_Adult_PredAnytypeDigest_SecretUnwilling_SmugglerInsatiable.baseDesc,"[PAWN_nameDef] was a smuggler of the stars, skipping from system to system to collect and deliver all manner of packages too personal or clandestine to be sent through the Intersystem delivery corps. It was a lonely job, so [PAWN_pronoun] made sure to bring a passenger or two along. However, unless they were paying well, the only destination those passengers ever reached was [PAWN_possessive] hips. Any remains or unwanted possessions would be shot out the waste chute.",baseDesc,BackstoryDefs\Backstories_Adult.xml,def,"<ALIMT >(PH_3)</ALIMT> was a smuggler of the stars, skipping from system to system to collect and deliver all manner of packages too personal or clandestine to be sent through the Intersystem delivery corps. It was a lonely job, so <ALIMT >(PH_2)</ALIMT> made sure to bring a passenger or two along. However, unless they were paying well, the only destination those passengers ever reached was <ALIMT >(PH_1)</ALIMT> hips. Any remains or unwanted possessions would be shot out the waste chute.",[PAWN_nameDef]是一名星际走私者，从一个系统跳到另一个系统，收集和运送各种过于私人或秘密的包裹，不能通过系统间运输团运送。这是一份孤独的工作，所以[PAWN_pronoun]确保带一两名乘客。然而，除非他们报酬丰厚，否则乘客唯一到达的目的地是[PAWN_possessive]臀部。任何剩余的东西或不需要的财产都会从垃圾通道中被射掉。
RV2_Adult_PredAnytypeDigest_SecretUnwilling_SerialPredator.title,serial predator,title,BackstoryDefs\Backstories_Adult.xml,def,serial predator,系列肉食动物
RV2_Adult_PredAnytypeDigest_SecretUnwilling_SerialPredator.titleShort,serial predator,titleShort,BackstoryDefs\Backstories_Adult.xml,def,serial predator,系列肉食动物
RV2_Adult_PredAnytypeDigest_SecretUnwilling_SerialPredator.baseDesc,"[PAWN_nameDef] stalked the streets like a hunting ground, preying indiscriminately on the masses to satisfy [PAWN_possessive] hunger and lust. Countless hapless victims have disappeared, leaving nothing behind, into any hole [PAWN_pronoun] felt like filling that day. [PAWN_pronoun] has no desire to stop any time soon.",baseDesc,BackstoryDefs\Backstories_Adult.xml,def,"<ALIMT >(PH_4)</ALIMT> stalked the streets like a hunting ground, preying indiscriminately on the masses to satisfy <ALIMT >(PH_3)</ALIMT> hunger and <ALIMT >lust</ALIMT>. Countless hapless victims have disappeared, leaving nothing behind, into any hole <ALIMT >(PH_2)</ALIMT> felt like filling that day. <ALIMT >(PH_1)</ALIMT> has no <ALIMT >desire</ALIMT> to <ALIMT >stop</ALIMT> any time soon.",[PAWN_nameDef]像猎场一样潜伏在街道上，不加区别地捕食大众以满足[PAWN_possessive]饥饿与性欲无数不幸的受害者消失在任何洞穴中，留下任何东西[PAWN_pronoun]那天想装填。[PAWN_pronoun]没有欲望到停止很快的任何时候。
RV2_Adult_PredAnytypeDigest_SecretUnwilling_VigilanteUnlawful.title,voregilante,title,BackstoryDefs\Backstories_Adult.xml,def,voregilante,迷雾战将
RV2_Adult_PredAnytypeDigest_SecretUnwilling_VigilanteUnlawful.titleShort,vigilante,titleShort,BackstoryDefs\Backstories_Adult.xml,def,vigilante,义务警员
RV2_Adult_PredAnytypeDigest_SecretUnwilling_VigilanteUnlawful.baseDesc,"[PAWN_nameDef] was a vigilante with a very punitive sense of justice. As self-elected judge, jury, and executioner, any criminal [PAWN_pronoun] got [PAWN_possessive] hands on was guaranteed to receive the death sentence in [PAWN_possessive] belly.",baseDesc,BackstoryDefs\Backstories_Adult.xml,def,"<ALIMT >(PH_4)</ALIMT> was a vigilante with a very punitive sense of justice. As self-elected judge, jury, and executioner, any criminal <ALIMT >(PH_3)</ALIMT> got <ALIMT >(PH_2)</ALIMT> hands on was guaranteed to receive the death sentence in <ALIMT >(PH_1)</ALIMT> belly.",[PAWN_nameDef]是一名具有非常惩罚性的正义感的义务警员。作为自选的法官、陪审团和刽子手，任何罪犯[PAWN_pronoun]得到[PAWN_possessive]一只手肯定会在 2012 年被判处死刑。[PAWN_possessive]肚子。
RV2_Adult_PredAnytypeDigest_ReluctantUnwilling_SurvivoreApocalyptic.title,apocalyptic survivore,title,BackstoryDefs\Backstories_Adult.xml,def,apocalyptic survivore,启示性幸存者
RV2_Adult_PredAnytypeDigest_ReluctantUnwilling_SurvivoreApocalyptic.titleShort,survivore,titleShort,BackstoryDefs\Backstories_Adult.xml,def,survivore,幸存者
RV2_Adult_PredAnytypeDigest_ReluctantUnwilling_SurvivoreApocalyptic.baseDesc,"When [PAWN_nameDef]’s homeworld came crashing down around [PAWN_objective], [PAWN_possessive] quality of life plummeted sharply. [PAWN_pronoun] did what it took to survive, awakening a voracious, predatory impulse in [PAWN_objective]self which [PAWN_possessive] former cushy lifestyle had suppressed.",baseDesc,BackstoryDefs\Backstories_Adult.xml,def,"When <ALIMT >(PH_6)</ALIMT>’s homeworld came crashing down around <ALIMT >(PH_5)</ALIMT>, <ALIMT >(PH_4)</ALIMT> quality of life plummeted sharply. <ALIMT >(PH_3)</ALIMT> did what it took to survive, awakening a voracious, predatory impulse in <ALIMT >(PH_2)</ALIMT>self which <ALIMT >(PH_1)</ALIMT> former cushy lifestyle had suppressed.","何时[PAWN_nameDef]附近的母星崩毁了[PAWN_objective],[PAWN_possessive]生活质量急剧下降。[PAWN_pronoun]不惜一切代价生存，唤醒了一股贪婪的掠夺性冲动，在[PAWN_objective]哪些拥有[PAWN_possessive]以前安逸的生活方式被抑制了。"
RV2_Adult_PredAnytypeDigest_ReluctantUnwilling_SurvivoreCastaway.title,castaway survivore,title,BackstoryDefs\Backstories_Adult.xml,def,castaway survivore,空投幸存者
RV2_Adult_PredAnytypeDigest_ReluctantUnwilling_SurvivoreCastaway.titleShort,castaway,titleShort,BackstoryDefs\Backstories_Adult.xml,def,castaway,空难幸存者
RV2_Adult_PredAnytypeDigest_ReluctantUnwilling_SurvivoreCastaway.baseDesc,"The vessel carrying [PAWN_nameDef] hit bad weather and crashed upon a deserted island, far from any shore. A quadrum or two later, a passing ship noted the campfire and sent its crew over to investigate. There they found, to their shock, a surprisingly healthy [PAWN_nameDef] and no sign of any of the other passengers, except for far more improvised shelter than [PAWN_pronoun] could have possibly needed.",baseDesc,BackstoryDefs\Backstories_Adult.xml,def,"The vessel carrying <ALIMT >(PH_3)</ALIMT> hit bad weather and crashed upon a deserted island, far from any shore. A quadrum or two later, a passing ship noted the campfire and sent its crew over to investigate. There they found, to their shock, a surprisingly healthy <ALIMT >(PH_2)</ALIMT> and no sign of any of the other passengers, except for far more improvised shelter than <ALIMT >(PH_1)</ALIMT> could have possibly needed.",携带的飞船[PAWN_nameDef]遇到恶劣天气，坠毁在一个远离任何海岸的荒岛上。一两个象后，一艘路过的飞船发现了篝火，并派船员过来调查。在那里，他们发现，令他们震惊的是，一个惊人的健康[PAWN_nameDef]没有任何其他乘客的迹象，除了简易的庇护所[PAWN_pronoun]可能需要。
RV2_Adult_PredAnytypeDigest_ReluctantUnwilling_SurvivoreCaveIn.title,cave-in survivore,title,BackstoryDefs\Backstories_Adult.xml,def,cave-in survivore,塌陷幸存者
RV2_Adult_PredAnytypeDigest_ReluctantUnwilling_SurvivoreCaveIn.titleShort,survivore,titleShort,BackstoryDefs\Backstories_Adult.xml,def,survivore,幸存者
RV2_Adult_PredAnytypeDigest_ReluctantUnwilling_SurvivoreCaveIn.baseDesc,"[PAWN_nameDef] was trapped when the mine [PAWN_pronoun] toiled in collapsed, trapping [PAWN_objective] and dozens of other miners. Both sides of the cave-in toiled day and night to clear the rubble, but halfway through excavation, the sound of picks on the inside died down to just one. When the barrier was finally broken, they only found [PAWN_nameDef] digging away, alive and surprisingly healthy.",baseDesc,BackstoryDefs\Backstories_Adult.xml,def,"<ALIMT >(PH_4)</ALIMT> was trapped when the mine <ALIMT >(PH_3)</ALIMT> toiled in collapsed, trapping <ALIMT >(PH_2)</ALIMT> and dozens of other miners. Both sides of the cave-in toiled day and night to clear the rubble, but halfway through excavation, the sound of picks on the inside died down to just one. When the barrier was finally <ALIMT >broken</ALIMT>, they only found <ALIMT >(PH_1)</ALIMT> digging away, alive and surprisingly healthy.","[PAWN_nameDef]被困住时，矿工[PAWN_pronoun]被困住了[PAWN_objective]和其他数十名矿工。洞穴的两侧 -- 为了清理废墟，日夜劳作，但挖掘进行到一半时，里面的拨片声只剩下一声。当栅栏终于形成时破碎的,他们只发现[PAWN_nameDef]正在挖掘，充满活力和惊人的健康。"
RV2_Adult_PredAnytypeDigest_ReluctantUnwilling_SurvivoreCrash.title,crash survivore,title,BackstoryDefs\Backstories_Adult.xml,def,crash survivore,幸存的幸存者
RV2_Adult_PredAnytypeDigest_ReluctantUnwilling_SurvivoreCrash.titleShort,survivore,titleShort,BackstoryDefs\Backstories_Adult.xml,def,survivore,幸存者
RV2_Adult_PredAnytypeDigest_ReluctantUnwilling_SurvivoreCrash.baseDesc,"[PAWN_nameDef]’s spaceship fell from the sky over an animal world, where humans had yet to colonize. When a large carnivore decided to take a bite out of one of [PAWN_possessive] compatriots hunting for food, it awakened something in [PAWN_nameDef] that urged [PAWN_objective] to do the same. Throughout the repair process, [PAWN_nameDef] devoured all of [PAWN_possessive] humanoid companions and took off alone, drooling at the opportunity to try what the animal kingdom taught [PAWN_objective] on the rest of the solar system.",baseDesc,BackstoryDefs\Backstories_Adult.xml,def,"<ALIMT >(PH_7)</ALIMT>’s spaceship fell from the sky over an animal world, where humans had yet to colonize. When a large carnivore decided to take a bite out of one of <ALIMT >(PH_6)</ALIMT> compatriots hunting for food, it awakened something in <ALIMT >(PH_5)</ALIMT> that urged <ALIMT >(PH_4)</ALIMT> to do the same. Throughout the repair process, <ALIMT >(PH_3)</ALIMT> devoured all of <ALIMT >(PH_2)</ALIMT> humanoid companions and took off alone, drooling at the opportunity to try what the animal kingdom taught <ALIMT >(PH_1)</ALIMT> on the rest of the solar system.","[PAWN_nameDef]他的宇宙飞船从天而降，坠落在一个动物世界上，人类尚未在那里定居。当一只大型肉食动物决定咬一口时,[PAWN_possessive]同胞在捕猎食物，它唤醒了[PAWN_nameDef]敦促[PAWN_objective]也这么做。在整个维修过程中,[PAWN_nameDef]吞噬了全部[PAWN_possessive]人类的同伴独自离开，一有机会就流口水，试试动物世界教的东西[PAWN_objective]在太阳系的其他部分。"
RV2_Adult_PredAnytypeDigest_ReluctantUnwilling_SurvivoreCryptawoken.title,cryptawoken survivore,title,BackstoryDefs\Backstories_Adult.xml,def,cryptawoken survivore,密码唤醒幸存者
RV2_Adult_PredAnytypeDigest_ReluctantUnwilling_SurvivoreCryptawoken.titleShort,survivore,titleShort,BackstoryDefs\Backstories_Adult.xml,def,survivore,幸存者
RV2_Adult_PredAnytypeDigest_ReluctantUnwilling_SurvivoreCryptawoken.baseDesc,"[PAWN_nameDef] joined a colonization program and entered a Cryptosleep Pod for a long journey. Unfortunately, the navigation system malfunctioned, and [PAWN_nameDef] woke up alone and way off course. Once the emergency food left around for just this purpose ran out, however, it was with some hesitation (weakened by maddening loneliness and hunger) that [PAWN_pronoun] turned to the other kind of meals, while [PAWN_pronoun] fixed the ship and located a new world to land on, with whoever, if anyone, remained.",baseDesc,BackstoryDefs\Backstories_Adult.xml,def,"<ALIMT >(PH_4)</ALIMT> joined a colonization program and entered a Cryptosleep Pod for a long journey. Unfortunately, the navigation system malfunctioned, and <ALIMT >(PH_3)</ALIMT> woke up alone and way off course. Once the emergency food left around for just this purpose ran out, however, it was with some hesitation (weakened by maddening loneliness and hunger) that <ALIMT >(PH_2)</ALIMT> turned to the other kind of meals, while <ALIMT >(PH_1)</ALIMT> fixed the ship and located a new world to land on, with whoever, if anyone, remained.",[PAWN_nameDef]加入了殖民计划，进入低温休眠舱进行长途旅行。不幸的是，导航系统出了故障，并且[PAWN_nameDef]醒来时孤身一人，偏离了轨道。然而，当为这一目的而准备的食物消耗殆尽时，(由于饥肠辘辘而逐渐衰弱)，它有些犹豫[PAWN_pronoun]转向其他类型的食物，而[PAWN_pronoun]修好了飞船，并且定位了一个可以着陆的新世界，和任何活着的人 (如果有的话) 在一起。
RV2_Adult_PredAnytypeDigest_ReluctantUnwilling_SurvivoreSiege.title,siege survivore,title,BackstoryDefs\Backstories_Adult.xml,def,siege survivore,围攻幸存者
RV2_Adult_PredAnytypeDigest_ReluctantUnwilling_SurvivoreSiege.titleShort,survivore,titleShort,BackstoryDefs\Backstories_Adult.xml,def,survivore,幸存者
RV2_Adult_PredAnytypeDigest_ReluctantUnwilling_SurvivoreSiege.baseDesc,"[PAWN_nameDef] was trapped in a city under an unending siege. As the granaries ran empty and [PAWN_possessive] stomach rumbled louder and louder, [PAWN_nameDef] submitted to [PAWN_possessive] forbidden temptations and began to prey upon those who’d fallen weak with hunger. When the remaining watchmen finally gave in and opened the gates to the army outside, [PAWN_nameDef] used that preserved strength to slip away unapprehended.",baseDesc,BackstoryDefs\Backstories_Adult.xml,def,"<ALIMT >(PH_5)</ALIMT> was trapped in a city under an unending siege. As the granaries ran empty and <ALIMT >(PH_4)</ALIMT> stomach rumbled louder and louder, <ALIMT >(PH_3)</ALIMT> submitted to <ALIMT >(PH_2)</ALIMT> forbidden temptations and began to prey upon those who’d fallen weak with hunger. When the remaining watchmen finally gave in and opened the gates to the army outside, <ALIMT >(PH_1)</ALIMT> used that preserved strength to slip away unapprehended.","[PAWN_nameDef]被困在一个不断被围困的城市里。当粮仓空荡荡的时候[PAWN_possessive]胃部越来越响,[PAWN_nameDef]提交给[PAWN_possessive]禁用诱惑并开始掠夺那些因饥饿而虚弱的人。当剩下的守夜人最终屈服并打开通往外面军队的大门时,[PAWN_nameDef]将保存的力量用于悄悄溜。"
RV2_Adult_PredAnytypeTempEndo_OpenWilling_AcrobatEndo.title,endo art model,title,BackstoryDefs\Backstories_Adult.xml,def,endo art model,远行艺术模特
RV2_Adult_PredAnytypeTempEndo_OpenWilling_AcrobatEndo.titleShort,art model,titleShort,BackstoryDefs\Backstories_Adult.xml,def,art model,模特
RV2_Adult_PredAnytypeTempEndo_OpenWilling_AcrobatEndo.baseDesc,"[PAWN_nameDef] was an acrobat who pulled off great feats of voracity, strength, and acrobatics, all while laden down with up to ten other performers and even volunteers from [PAWN_possessive] audience, before safely letting them out back on the ground--or even into the waiting maw of another performer--dizzy, but alive.",baseDesc,BackstoryDefs\Backstories_Adult.xml,def,"<ALIMT >(PH_2)</ALIMT> was an acrobat who pulled off great feats of voracity, strength, and acrobatics, all while laden down with up to ten other performers and even volunteers from <ALIMT >(PH_1)</ALIMT> audience, before safely letting them out back on the ground--or even into the waiting maw of another performer--dizzy, but alive.",[PAWN_nameDef]是一名杂技演员，他完成了伟大的壮举，如贪婪、力量和杂技，同时与多达 10 名其他表演者甚至志愿者一起倒下[PAWN_possessive]观众头晕目眩，但还活着。
RV2_Adult_PredAnytypeTempEndo_OpenWilling_ArtModelEndo.title,endo art model,title,BackstoryDefs\Backstories_Adult.xml,def,endo art model,远行艺术模特
RV2_Adult_PredAnytypeTempEndo_OpenWilling_ArtModelEndo.titleShort,art model,titleShort,BackstoryDefs\Backstories_Adult.xml,def,art model,模特
RV2_Adult_PredAnytypeTempEndo_OpenWilling_ArtModelEndo.baseDesc,"[PAWN_nameDef] was an artist’s model specializing in modeling the form of [PAWN_possessive] body while a whole live person was inside. After the session, [PAWN_pronoun] would let [PAWN_possessive] belly-stuffer out and see what the artist(s) had made.",baseDesc,BackstoryDefs\Backstories_Adult.xml,def,"<ALIMT >(PH_5)</ALIMT> was an artist’s model specializing in modeling the form of <ALIMT >(PH_4)</ALIMT> body while a whole live person was inside. After the session, <ALIMT >(PH_3)</ALIMT> would let <ALIMT >(PH_2)</ALIMT> belly-stuffer out and see what the <ALIMT >(PH_1)</ALIMT> had made.","[PAWN_nameDef]是一个艺术家的模特，专门为[PAWN_possessive]活人在里面时的尸体。会议结束后,[PAWN_pronoun]允许[PAWN_possessive]拿出肚子看看artist(s)制作完成。"
RV2_Adult_PredAnytypeTempEndo_OpenWilling_CallPlaireEasygoing.title,easygoing call-plaire,title,BackstoryDefs\Backstories_Adult.xml,def,easygoing call-plaire,随遇而安
RV2_Adult_PredAnytypeTempEndo_OpenWilling_CallPlaireEasygoing.titleShort,call-plaire,titleShort,BackstoryDefs\Backstories_Adult.xml,def,call-plaire,呼求者
RV2_Adult_PredAnytypeTempEndo_OpenWilling_CallPlaireEasygoing.baseDesc,"[PAWN_nameDef] was a vore prostitute--a call-pred, but a specific kind of call-pred known as a call-plaire--who sold access to [PAWN_possessive] insides for individual clients and groups to pleasure themselves in before being let out after a while. Since [PAWN_nameDef] granted access to every hole on [PAWN_possessive] body, [PAWN_pronoun] was able to make money from multiple concurrent clients.",baseDesc,BackstoryDefs\Backstories_Adult.xml,def,"<ALIMT >(PH_5)</ALIMT> was a <ALIMT >vore</ALIMT> prostitute--a call-pred, but a specific kind of call-pred known as a call-plaire--who sold access to <ALIMT >(PH_4)</ALIMT> insides for individual clients and groups to pleasure themselves in before being let out after a while. Since <ALIMT >(PH_3)</ALIMT> granted access to every hole on <ALIMT >(PH_2)</ALIMT> body, <ALIMT >(PH_1)</ALIMT> was able to make money from multiple concurrent clients.","[PAWN_nameDef]曾是一个吃人名妓 -- 一种呼唤者，但又有一种被称为呼唤者的呼唤者 -- 出售给[PAWN_possessive]为客户和团体提供娱乐的内部空间，一段时间后才被放出去。自[PAWN_nameDef]允许进入每个洞[PAWN_possessive]躯干,[PAWN_pronoun]能够从多个并发客户身上赚钱。"
RV2_Adult_PredAnytypeTempEndo_OpenWilling_CallPlaireRoleplaying.title,roleplaying call-plaire,title,BackstoryDefs\Backstories_Adult.xml,def,roleplaying call-plaire,角色扮演
RV2_Adult_PredAnytypeTempEndo_OpenWilling_CallPlaireRoleplaying.titleShort,call-plaire,titleShort,BackstoryDefs\Backstories_Adult.xml,def,call-plaire,呼求者
RV2_Adult_PredAnytypeTempEndo_OpenWilling_CallPlaireRoleplaying.baseDesc,"[PAWN_nameDef] was a vore prostitute--a call-pred, but a specific kind of call-pred known as a call-plaire--who sold access to [PAWN_possessive] insides for individual clients and groups to pleasure themselves in before being let out after a while. [PAWN_nameDef] specifically appealed to clients looking for someone to roleplay a non-consensual predator encounter: after a foreplay of false threats and lurid digestion descriptions, the prey would actually be perfectly safe inside of [PAWN_nameDef] and the roleplay would conclude. However, all those pretend-fights have given [PAWN_nameDef] some strange expectations about real combat.",baseDesc,BackstoryDefs\Backstories_Adult.xml,def,"<ALIMT >(PH_5)</ALIMT> was a <ALIMT >vore</ALIMT> prostitute--a call-pred, but a specific kind of call-pred known as a call-plaire--who sold access to <ALIMT >(PH_4)</ALIMT> insides for individual clients and groups to pleasure themselves in before being let out after a while. <ALIMT >(PH_3)</ALIMT> specifically appealed to clients looking for someone to roleplay a non-consensual predator encounter: after a <ALIMT >foreplay</ALIMT> of false threats and lurid digestion descriptions, the prey would actually be perfectly safe inside of <ALIMT >(PH_2)</ALIMT> and the roleplay would conclude. However, all those pretend-fights have given <ALIMT >(PH_1)</ALIMT> some strange expectations about real combat.",[PAWN_nameDef]曾是一个吃人名妓 -- 一种呼唤者，但又有一种被称为呼唤者的呼唤者 -- 出售给[PAWN_possessive]为客户和团体提供娱乐的内部空间，一段时间后才被放出去。[PAWN_nameDef]特别针对寻找角色扮演的客户提出了上诉: 在一个之后前戏关于虚假的威胁和可怕的消化描述，猎物在[PAWN_nameDef]角色扮演就会结束。然而，所有那些假装的打斗已经给予[PAWN_nameDef]对真实战斗的一些奇怪的期望。
RV2_Adult_PredAnytypeTempEndo_OpenWilling_ClownCarLiving.title,living clown car,title,BackstoryDefs\Backstories_Adult.xml,def,living <ALIMT >clown</ALIMT> car,活人小丑🤡车
RV2_Adult_PredAnytypeTempEndo_OpenWilling_ClownCarLiving.titleShort,clown,titleShort,BackstoryDefs\Backstories_Adult.xml,def,<ALIMT >clown</ALIMT>,小丑🤡
RV2_Adult_PredAnytypeTempEndo_OpenWilling_ClownCarLiving.baseDesc,[PAWN_nameDef] was a circus clown whose gimmick was *being* the clown car. [PAWN_possessive] cohorts would all climb inside and be let out all at once after [PAWN_nameDef] staged a fall or other slapstick accident.,baseDesc,BackstoryDefs\Backstories_Adult.xml,def,<ALIMT >(PH_3)</ALIMT> was a circus <ALIMT >clown</ALIMT> whose gimmick was *being* the <ALIMT >clown</ALIMT> car. <ALIMT >(PH_2)</ALIMT> cohorts would all climb inside and be let out all at once after <ALIMT >(PH_1)</ALIMT> staged a fall or other slapstick accident.,[PAWN_nameDef]曾是马戏团小丑🤡谁的花招 * 成为 *小丑🤡车。[PAWN_possessive]一群同伴爬了进去，之后会立刻被放出去[PAWN_nameDef]上演了一场坠落或其他闹剧。
RV2_Adult_PredAnytypeTempEndo_OpenWilling_GuardianGullet.title,guardian gullet,title,BackstoryDefs\Backstories_Adult.xml,def,guardian gullet,守护者幼崽
RV2_Adult_PredAnytypeTempEndo_OpenWilling_GuardianGullet.titleShort,guardian,titleShort,BackstoryDefs\Backstories_Adult.xml,def,guardian,守护者
RV2_Adult_PredAnytypeTempEndo_OpenWilling_GuardianGullet.baseDesc,"[PAWN_nameDef] was a bodyguard with an unconventional strategy: when shit hit the fan, the safest possible place for the VIP to be was inside of [PAWN_nameDef]. [PAWN_pronoun] is trained to shoot and brawl even while burdened down by another’s body.",baseDesc,BackstoryDefs\Backstories_Adult.xml,def,"<ALIMT >(PH_3)</ALIMT> was a bodyguard with an unconventional strategy: when shit hit the fan, the safest possible place for the VIP to be was inside of <ALIMT >(PH_2)</ALIMT>. <ALIMT >(PH_1)</ALIMT> is trained to shoot and brawl even while burdened down by another’s body.",[PAWN_nameDef]成为了一名有超凡战术的保镖: 当粉丝遭遇糟糕的事情时，贵宾应该待在最安全的地方。[PAWN_nameDef][PAWN_pronoun]被训练成在受到他人身体负担的情况下射击和打架。
RV2_Adult_PredAnytypeTempEndo_OpenWilling_SleepingBagRental.title,rental sleeping bag,title,BackstoryDefs\Backstories_Adult.xml,def,rental sleeping bag,出租睡袋
RV2_Adult_PredAnytypeTempEndo_OpenWilling_SleepingBagRental.titleShort,sleeping Bag,titleShort,BackstoryDefs\Backstories_Adult.xml,def,sleeping Bag,睡袋
RV2_Adult_PredAnytypeTempEndo_OpenWilling_SleepingBagRental.baseDesc,"[PAWN_nameDef] was a vore prostitute--a call-pred, but a specific kind of call-pred known as a call-plaire--who sold access to [PAWN_possessive] insides for individual clients and groups to pleasure themselves in before being let out after a while. [PAWN_nameDef] specifically appealed to clients looking for someone to roleplay a non-consensual predator encounter: after a foreplay of false threats and lurid digestion descriptions, the prey would actually be perfectly safe inside of [PAWN_nameDef] and the roleplay would conclude. However, all those pretend-fights have given [PAWN_nameDef] some strange expectations about real combat.",baseDesc,BackstoryDefs\Backstories_Adult.xml,def,"<ALIMT >(PH_5)</ALIMT> was a <ALIMT >vore</ALIMT> prostitute--a call-pred, but a specific kind of call-pred known as a call-plaire--who sold access to <ALIMT >(PH_4)</ALIMT> insides for individual clients and groups to pleasure themselves in before being let out after a while. <ALIMT >(PH_3)</ALIMT> specifically appealed to clients looking for someone to roleplay a non-consensual predator encounter: after a <ALIMT >foreplay</ALIMT> of false threats and lurid digestion descriptions, the prey would actually be perfectly safe inside of <ALIMT >(PH_2)</ALIMT> and the roleplay would conclude. However, all those pretend-fights have given <ALIMT >(PH_1)</ALIMT> some strange expectations about real combat.",[PAWN_nameDef]曾是一个吃人名妓 -- 一种呼唤者，但又有一种被称为呼唤者的呼唤者 -- 出售给[PAWN_possessive]为客户和团体提供娱乐的内部空间，一段时间后才被放出去。[PAWN_nameDef]特别针对寻找角色扮演的客户提出了上诉: 在一个之后前戏关于虚假的威胁和可怕的消化描述，猎物在[PAWN_nameDef]角色扮演就会结束。然而，所有那些假装的打斗已经给予[PAWN_nameDef]对真实战斗的一些奇怪的期望。
RV2_Adult_PredAnytypeTempEndo_OpenWilling_StruggleStripper.title,struggle-stripper,title,BackstoryDefs\Backstories_Adult.xml,def,struggle-stripper,挣扎中的脱衣舞娘
RV2_Adult_PredAnytypeTempEndo_OpenWilling_StruggleStripper.titleShort,stripper,titleShort,BackstoryDefs\Backstories_Adult.xml,def,stripper,脱衣舞女
RV2_Adult_PredAnytypeTempEndo_OpenWilling_StruggleStripper.baseDesc,"In the sleazy bars and clubs of [PAWN_possessive] homeworld, struggle-strippers like [PAWN_nameDef] can be found putting on voracious shows, putting away their coworkers (or particularly generous audience members) while fully-clothed and then stripping down to slowly grant their bulges more room to thrash about. Popped buttons, torn fabric, and other visceral markers of tight clothes, overstuffed and overstressed, abound.",baseDesc,BackstoryDefs\Backstories_Adult.xml,def,"In the sleazy bars and clubs of <ALIMT >(PH_2)</ALIMT> homeworld, struggle-strippers like <ALIMT >(PH_1)</ALIMT> can be found putting on voracious shows, putting away their coworkers (or particularly generous audience members) while fully-<ALIMT >clothed</ALIMT> and then stripping down to slowly grant their bulges more room to thrash about. Popped <ALIMT >buttons</ALIMT>, torn fabric, and other visceral markers of tight clothes, overstuffed and overstressed, abound.",在低贱的酒吧和俱乐部[PAWN_possessive]家乡，挣扎中的脱衣舞娘[PAWN_nameDef]可以看到他们正在进行贪婪的演出，完全抛弃他们的同事 (或特别慷慨的观众)穿着衣服然后脱下衣服，慢慢给它们的凸起更多的敲击空间。已弹出纽扣破旧的织物和其他拥挤不堪的紧身衣物的内在标志，比比皆是。
RV2_Adult_PredAnytypeTempEndo_OpenWilling_TaxiLiving.title,living taxi,title,BackstoryDefs\Backstories_Adult.xml,def,living taxi,出租车
RV2_Adult_PredAnytypeTempEndo_OpenWilling_TaxiLiving.titleShort,taxi,titleShort,BackstoryDefs\Backstories_Adult.xml,def,taxi,出租车
RV2_Adult_PredAnytypeTempEndo_OpenWilling_TaxiLiving.baseDesc,"Maybe the streets aren’t wide enough to fit more than pedestrian traffic, or maybe you just don’t want to crawl into the back of a dingy cab, but you absolutely do not want to walk all the way to where you need to be. That’s where living taxis like [PAWN_nameDef] come in, escorting passengers safely inside [PAWN_possessive] body.",baseDesc,BackstoryDefs\Backstories_Adult.xml,def,"Maybe the streets aren’t wide enough to fit more than pedestrian traffic, or maybe you just don’t want to crawl into the back of a dingy cab, but you absolutely do not want to walk all the way to where you need to be. That’s where living taxis like <ALIMT >(PH_2)</ALIMT> come in, escorting passengers safely inside <ALIMT >(PH_1)</ALIMT> body.","也许街道的宽度不足以容纳比步行更多的交通，或者你只是不想爬进一辆昏暗的出租车, 但是你绝对不想一路走到你需要的地方。出租车就在那里[PAWN_nameDef]请进，押送乘客进入[PAWN_possessive]身体。"
RV2_Adult_PredAnytypeTempEndo_OpenWilling_VornstarPred.title,vornstar pred,title,BackstoryDefs\Backstories_Adult.xml,def,vornstar pred,伏击先知
RV2_Adult_PredAnytypeTempEndo_OpenWilling_VornstarPred.titleShort,vornstar,titleShort,BackstoryDefs\Backstories_Adult.xml,def,vornstar,迷雾之星
RV2_Adult_PredAnytypeTempEndo_OpenWilling_VornstarPred.baseDesc,"[PAWN_nameDef] acted out the role of pred in a range of vornographic films and photoshoots. Of course, all of the digestions were faked: it’s expensive to keep replacing prey actors (especially good ones), and you can’t exactly make marketable celebrities out of them when they’re gone.",baseDesc,BackstoryDefs\Backstories_Adult.xml,def,"<ALIMT >(PH_1)</ALIMT> acted out the role of pred in a range of vornographic films and photoshoots. Of course, all of the digestions were faked: it’s expensive to keep replacing prey actors (especially good ones), and you can’t exactly make marketable celebrities out of them when they’re gone.",[PAWN_nameDef]在一系列的迷雾胶片和照相工具中扮演 pred 的角色。当然，所有的消化都是假的: 不断更换猎物演员 (尤其是优秀的) 是很昂贵的，而且当他们离开时，你也无法确定他们是有前途的名人。
RV2_Adult_PredAnytypeTempEndo_OpenDubious_BellavoreImperial.title,imperial bellavore,title,BackstoryDefs\Backstories_Adult.xml,def,imperial bellavore,帝国贝拉沃
RV2_Adult_PredAnytypeTempEndo_OpenDubious_BellavoreImperial.titleShort,bellavore,titleShort,BackstoryDefs\Backstories_Adult.xml,def,bellavore,贝拉沃
RV2_Adult_PredAnytypeTempEndo_OpenDubious_BellavoreImperial.baseDesc,"[PAWN_nameDef] was a bellavore serving the local star empire, charged with the incapacitation and capture of particularly valuable enemies of the empire, whether for intelligence-gathering or slavery. It’s a job that demands great willpower and self-control, lest the prey be churned into worthless mush before drop-off.",baseDesc,BackstoryDefs\Backstories_Adult.xml,def,"<ALIMT >(PH_1)</ALIMT> was a bellavore serving the local star empire, charged with the incapacitation and capture of particularly valuable enemies of the empire, whether for intelligence-gathering or slavery. It’s a job that demands great willpower and self-control, lest the prey be churned into worthless mush before drop-off.",[PAWN_nameDef]曾经是一名为本地星际帝国服务的贝拉沃，被指控无法行动并且俘虏了帝国特别有价值的敌人，不管是为了收集情报还是奴役。这份工作需要极大的意志力和自我控制能力，以免猎物在降落前被搅成一文不值的糊状物。
RV2_Adult_PredAnytypeTempEndo_OpenUnwilling_VigilanteLawful.title,voregilante,title,BackstoryDefs\Backstories_Adult.xml,def,voregilante,迷雾战将
RV2_Adult_PredAnytypeTempEndo_OpenUnwilling_VigilanteLawful.titleShort,vigilante,titleShort,BackstoryDefs\Backstories_Adult.xml,def,vigilante,义务警员
RV2_Adult_PredAnytypeTempEndo_OpenUnwilling_VigilanteLawful.baseDesc,"[PAWN_nameDef] was a vigilante who hid an appetite for justice behind the appearance of unassuming citizen strolling into a dangerous situation. Anyone who tried to take advantage of [PAWN_objective] found themselves overpowered and devoured, to be left in the custody of law enforcement. Between masking [PAWN_possessive] strength and smoothing misunderstandings over with the law, [PAWN_nameDef] has developed people skills in addition to melee competence.",baseDesc,BackstoryDefs\Backstories_Adult.xml,def,"<ALIMT >(PH_4)</ALIMT> was a vigilante who hid an appetite for justice behind the appearance of unassuming citizen strolling into a dangerous situation. Anyone who tried to take advantage of <ALIMT >(PH_3)</ALIMT> found themselves overpowered and devoured, to be left in the custody of law enforcement. Between masking <ALIMT >(PH_2)</ALIMT> strength and smoothing misunderstandings over with the law, <ALIMT >(PH_1)</ALIMT> has developed people skills in addition to melee competence.","[PAWN_nameDef]是一名义务警员，他对正义有着强烈的渴望，不知道谦逊的公民们是否陷入了危险的境地。任何试图利用[PAWN_objective]发现自己被制服和吞噬，被执法部门拘留。掩体之间[PAWN_possessive]加强对法律的误解,[PAWN_nameDef]在近战能力之外，还有其他技能的发展。"
RV2_Adult_PredAnytypeTempEndo_SecretDubious_Trunketeer.title,trunketeer,title,BackstoryDefs\Backstories_Adult.xml,def,trunketeer,集群炮塔
RV2_Adult_PredAnytypeTempEndo_SecretDubious_Trunketeer.titleShort,trunketeer,titleShort,BackstoryDefs\Backstories_Adult.xml,def,trunketeer,集群炮塔
RV2_Adult_PredAnytypeTempEndo_SecretDubious_Trunketeer.baseDesc,"[PAWN_nameDef] was a smuggler who used vore to hide contraband inside [PAWN_possessive] body. So long as you stuff things in deep enough, it won’t be found in a cavity search, and most people will think you’re just pregnant.",baseDesc,BackstoryDefs\Backstories_Adult.xml,def,"<ALIMT >(PH_2)</ALIMT> was a smuggler who used <ALIMT >vore</ALIMT> to hide contraband inside <ALIMT >(PH_1)</ALIMT> body. So long as you stuff things in deep enough, it won’t be found in a cavity search, and most people will think you’re just <ALIMT >pregnant</ALIMT>.",[PAWN_nameDef]曾经是一个走私者吃人将违禁品藏在里面[PAWN_possessive]身体。只要你把东西塞得足够深，在洞穴搜索中就不会找到，大多数人会认为你只是怀孕
RV2_Adult_PredAnytypeTempEndo_SecretUnwilling_SerialRavisseur.title,serial ravisseur,title,BackstoryDefs\Backstories_Adult.xml,def,serial ravisseur,系列 ravisseur
RV2_Adult_PredAnytypeTempEndo_SecretUnwilling_SerialRavisseur.titleShort,ravisseur,titleShort,BackstoryDefs\Backstories_Adult.xml,def,ravisseur,蹒跚怪
RV2_Adult_PredAnytypeTempEndo_SecretUnwilling_SerialRavisseur.baseDesc,"[PAWN_nameDef] is a ravisseur: a predator who uses vore for short-term kidnapping. [PAWN_pronoun] just did it to unwilling prey for kicks. Sometimes you just have an itch that needs scratching; an itch deep, deep inside your body.",baseDesc,BackstoryDefs\Backstories_Adult.xml,def,"<ALIMT >(PH_2)</ALIMT> is a ravisseur: a predator who uses <ALIMT >vore</ALIMT> for short-term kidnapping. <ALIMT >(PH_1)</ALIMT> just did it to unwilling prey for kicks. Sometimes you just have an itch that needs scratching; an itch deep, deep inside your body.",[PAWN_nameDef]是一名 ravisseur: 一种使用吃人罪名是短期绑架。[PAWN_pronoun]只是为了不愿意被捕食。有时候你只是有一个瘙痒需要挠; 一种瘙痒，在你的身体深处。
RV2_Adult_PredAnytypeLongendo_OpenWilling_QuarantineUnitLiving.title,living quarantine unit,title,BackstoryDefs\Backstories_Adult.xml,def,living quarantine unit,生活隔离区
RV2_Adult_PredAnytypeLongendo_OpenWilling_QuarantineUnitLiving.titleShort,quarantine unit,titleShort,BackstoryDefs\Backstories_Adult.xml,def,quarantine unit,隔离区
RV2_Adult_PredAnytypeLongendo_OpenWilling_QuarantineUnitLiving.baseDesc,"When a deadly plague hit and [PAWN_nameDef] developed immunity, [PAWN_pronoun] enlisted with the medical corps. While [PAWN_pronoun] couldn’t stomach the burden of being a disposal officer, [PAWN_pronoun] did find [PAWN_possessive] calling personally quarantining very important people.",baseDesc,BackstoryDefs\Backstories_Adult.xml,def,"When a deadly plague hit and <ALIMT >(PH_5)</ALIMT> developed immunity, <ALIMT >(PH_4)</ALIMT> enlisted with the medical corps. While <ALIMT >(PH_3)</ALIMT> couldn’t stomach the burden of being a disposal officer, <ALIMT >(PH_2)</ALIMT> did find <ALIMT >(PH_1)</ALIMT> calling personally quarantining very important people.","当致命的瘟疫袭击和[PAWN_nameDef]免疫系统发达[PAWN_pronoun]加入医疗队。期间[PAWN_pronoun]无法承受作为一名处置官的重担,[PAWN_pronoun]发现了[PAWN_possessive]召集重要人物进行隔离。"
RV2_Adult_PredAnytypeLongendo_OpenDubious_JailCellLiving.title,living jail cell,title,BackstoryDefs\Backstories_Adult.xml,def,living jail cell,活体牢房
RV2_Adult_PredAnytypeLongendo_OpenDubious_JailCellLiving.titleShort,jailor,titleShort,BackstoryDefs\Backstories_Adult.xml,def,jailor,狱卒
RV2_Adult_PredAnytypeLongendo_OpenDubious_JailCellLiving.baseDesc,"When a stationary, inanimate jail cell just won’t cut it, the law employs living jail cells like [PAWN_nameDef] to hold captives awaiting processing.",baseDesc,BackstoryDefs\Backstories_Adult.xml,def,"When a stationary, inanimate jail cell just won’t cut it, the law employs living jail cells like <ALIMT >(PH_1)</ALIMT> to hold captives awaiting processing.",当一个固定的、没有生命的牢房无法摧毁它时，法律会使用像这样的活体牢房[PAWN_nameDef]收容等待处理的俘虏。
RV2_Adult_PredAnytypeLongendo_OpenUnwilling_SlaveWarehouseLiving.title,living slave warehouse,title,BackstoryDefs\Backstories_Adult.xml,def,living <ALIMT >slave</ALIMT> warehouse,活人奴隶仓库
RV2_Adult_PredAnytypeLongendo_OpenUnwilling_SlaveWarehouseLiving.titleShort,slaver,titleShort,BackstoryDefs\Backstories_Adult.xml,def,slaver,奴隶贩子
RV2_Adult_PredAnytypeLongendo_OpenUnwilling_SlaveWarehouseLiving.baseDesc,"For merchandise with a tendency to try and run away, unscrupulous geoliers like [PAWN_nameDef] serve as inescapable slave quarters during transit.",baseDesc,BackstoryDefs\Backstories_Adult.xml,def,"For merchandise with a tendency to try and run away, unscrupulous geoliers like <ALIMT >(PH_1)</ALIMT> serve as inescapable <ALIMT >slave</ALIMT> quarters during transit.",对于有试图逃跑倾向的商品，如[PAWN_nameDef]不可逃脱奴隶中途宿舍。
RV2_Adult_PredAnytypeLongendo_SecretUnwilling_SerialGeolier.title,serial geolier,title,BackstoryDefs\Backstories_Adult.xml,def,serial geolier,系列地质体
RV2_Adult_PredAnytypeLongendo_SecretUnwilling_SerialGeolier.titleShort,geolier,titleShort,BackstoryDefs\Backstories_Adult.xml,def,geolier,大地巨石
RV2_Adult_PredAnytypeLongendo_SecretUnwilling_SerialGeolier.baseDesc,"[PAWN_nameDef] is a geolier: a predator who uses vore for long-term imprisonment. [PAWN_pronoun] just did it to unwilling prey for kicks. To just lose the prey for a while, forgetting them but for the weight and metabolic drain? To have no plans on their release, perhaps to hold them indefinitely? Thrilling.",baseDesc,BackstoryDefs\Backstories_Adult.xml,def,"<ALIMT >(PH_2)</ALIMT> is a geolier: a predator who uses <ALIMT >vore</ALIMT> for long-term imprisonment. <ALIMT >(PH_1)</ALIMT> just did it to unwilling prey for kicks. To just lose the prey for a while, forgetting them but for the weight and metabolic drain? To have no plans on their release, perhaps to hold them indefinitely? Thrilling.",[PAWN_nameDef]是一个地质体: 一种捕食者使用吃人长期监禁。[PAWN_pronoun]只是为了不愿意被捕食。暂时失去猎物，忘记它们只是因为重量和代谢流失？不打算释放他们，也许无限期关押他们？激动人心。
RV2_Adult_PredOralAnygoal_CasualDubious_SuperstarPredatorOral.title,oral pred superstar,title,BackstoryDefs\Backstories_Adult.xml,def,<ALIMT >oral</ALIMT> pred superstar,oralPred 巨星
RV2_Adult_PredOralAnygoal_CasualDubious_SuperstarPredatorOral.titleShort,oral star,titleShort,BackstoryDefs\Backstories_Adult.xml,def,<ALIMT >oral</ALIMT> star,用嘴童星
RV2_Adult_PredOralAnygoal_CasualDubious_SuperstarPredatorOral.baseDesc,"[PAWN_nameDef] made [PAWN_possessive] mouth immortal in the public consciousness: [PAWN_possessive] juicy lips, [PAWN_possessive] polished teeth, [PAWN_possessive] slavering tongue, [PAWN_possessive] lusty voice. Countless prey have slid down [PAWN_possessive] gullet, willingly or at [PAWN_possessive] whim.",baseDesc,BackstoryDefs\Backstories_Adult.xml,def,"<ALIMT >(PH_8)</ALIMT> made <ALIMT >(PH_7)</ALIMT> mouth immortal in the <ALIMT >public</ALIMT> consciousness: <ALIMT >(PH_6)</ALIMT> juicy lips, <ALIMT >(PH_5)</ALIMT> polished teeth, <ALIMT >(PH_4)</ALIMT> slavering tongue, <ALIMT >(PH_3)</ALIMT> lusty voice. Countless prey have slid down <ALIMT >(PH_2)</ALIMT> gullet, willingly or at <ALIMT >(PH_1)</ALIMT> whim.","[PAWN_nameDef]制作[PAWN_possessive]不死之口公共场所意识:[PAWN_possessive]多汁的嘴唇,[PAWN_possessive]抛光牙齿,[PAWN_possessive]有奴隶的舌头,[PAWN_possessive]甜美的声音。无数猎物坠落[PAWN_possessive]吞食 (自愿或在)[PAWN_possessive]心血来潮。"
RV2_Adult_PredOralDigest_OpenWilling_CallChurnerOral.title,oral call-churner,title,BackstoryDefs\Backstories_Adult.xml,def,<ALIMT >oral</ALIMT> call-churner,用嘴召唤者
RV2_Adult_PredOralDigest_OpenWilling_CallChurnerOral.titleShort,call-churner,titleShort,BackstoryDefs\Backstories_Adult.xml,def,call-churner,召唤者
RV2_Adult_PredOralDigest_OpenWilling_CallChurnerOral.baseDesc,"[PAWN_nameDef] was a vore prostitute--a call-pred, but a specific kind of call-pred known as a call-churner--who allowed those with the money and the death-wish/reformation-access to purchase a gurgling on top of the vore. [PAWN_nameDef] specialized in oral vore, constantly forced to spend [PAWN_possessive] earnings at the gym to keep in working shape from all the fat [PAWN_possessive] clients left [PAWN_objective] with.",baseDesc,BackstoryDefs\Backstories_Adult.xml,def,"<ALIMT >(PH_5)</ALIMT> was a <ALIMT >vore</ALIMT> prostitute--a call-pred, but a specific kind of call-pred known as a call-churner--who allowed those with the money and the death-wish/reformation-access to purchase a gurgling on top of the <ALIMT >vore</ALIMT>. <ALIMT >(PH_4)</ALIMT> specialized in <ALIMT >oral</ALIMT> <ALIMT >vore</ALIMT>, constantly <ALIMT >forced</ALIMT> to spend <ALIMT >(PH_3)</ALIMT> earnings at the gym to keep in working shape from all the fat <ALIMT >(PH_2)</ALIMT> clients left <ALIMT >(PH_1)</ALIMT> with.","[PAWN_nameDef]曾是一个吃人妓院 -- 一个叫妓女的装置, 而是一种被称为召唤者的特定类型的召唤者，它允许那些有钱并且有死亡愿望/改革的人在上面购买一个咯咯的吃人[PAWN_nameDef]专精于oralvore,不断强迫花费[PAWN_possessive]在健身房所有的脂肪收入，以保持在工作状态。[PAWN_possessive]客户离开[PAWN_objective]陪同。"
RV2_Adult_PredOralDigest_OpenDubious_KnightBite.title,bite-knight,title,BackstoryDefs\Backstories_Adult.xml,def,bite-knight,咬骑士
RV2_Adult_PredOralDigest_OpenDubious_KnightBite.titleShort,bite-knight,titleShort,BackstoryDefs\Backstories_Adult.xml,def,bite-knight,咬骑士
RV2_Adult_PredOralDigest_OpenDubious_KnightBite.baseDesc,"[PAWN_nameDef] stood among the elite ranks of [PAWN_possessive] kingdom’s prestigious bite-knights: warriors who donned no helmet in combat, so as to keep their gleaming teeth and yawning maws free. Though going helmetless had its risks, it did grant [PAWN_objective] a certain presence on the battlefield that awed comrades and intimidated enemies alike. All [PAWN_possessive] hygienic needs were attended to by a squire, who’d sometimes have to climb quite deep into [PAWN_possessive] maw to clean up...",baseDesc,BackstoryDefs\Backstories_Adult.xml,def,"<ALIMT >(PH_5)</ALIMT> stood among the elite ranks of <ALIMT >(PH_4)</ALIMT> kingdom’s prestigious bite-knights: warriors who donned no helmet in combat, so as to keep their gleaming teeth and yawning maws free. Though going helmetless had its risks, it did grant <ALIMT >(PH_3)</ALIMT> a certain presence on the battlefield that awed comrades and intimidated enemies alike. All <ALIMT >(PH_2)</ALIMT> hygienic needs were attended to by a squire, who’d sometimes have to climb quite deep into <ALIMT >(PH_1)</ALIMT> maw to clean up...",[PAWN_nameDef]精英阶层之一[PAWN_possessive]王国享有盛誉的咬伤骑士: 在战斗中不戴头盔，以保持闪闪发光的牙齿和哈欠 maw 的自由。虽然无爬有风险，但它确实同意了[PAWN_objective]在战场上的某一种存在，使战友感到敬畏并恐吓敌人。全部[PAWN_possessive]一名 squ从满足了卫生需求，squ从有时不得不爬得相当深[PAWN_possessive]大下巴，脸颊或上唇上有明显的毛发。要清理...
RV2_Adult_PredOralDigest_OpenUnwilling_FarmerFertilizerOral.title,vore-fertilizing farmer,title,BackstoryDefs\Backstories_Adult.xml,def,<ALIMT >vore</ALIMT>-fertilizing farmer,吃人-使农民受精
RV2_Adult_PredOralDigest_OpenUnwilling_FarmerFertilizerOral.titleShort,farmer,titleShort,BackstoryDefs\Backstories_Adult.xml,def,farmer,农夫
RV2_Adult_PredOralDigest_OpenUnwilling_FarmerFertilizerOral.baseDesc,[PAWN_nameDef] ran a farm on which [PAWN_pronoun] was all too happy to recycle lazy workers or purchased slaves into fertilizer for the fields. Such soil yields a bountiful harvest.,baseDesc,BackstoryDefs\Backstories_Adult.xml,def,<ALIMT >(PH_2)</ALIMT> ran a farm on which <ALIMT >(PH_1)</ALIMT> was all too happy to recycle lazy workers or purchased slaves into fertilizer for the fields. Such soil yields a bountiful harvest.,[PAWN_nameDef]经营了一个农场[PAWN_pronoun]我非常乐意回收懒惰的工人，或者把奴隶购买成肥料用于耕种土地。这样的土壤可以收获很多东西。
RV2_Adult_PredOralDigest_SecretUnwilling_SerialPredatorOral.title,serial devourer,title,BackstoryDefs\Backstories_Adult.xml,def,serial devourer,系列吞噬兽
RV2_Adult_PredOralDigest_SecretUnwilling_SerialPredatorOral.titleShort,serial predator,titleShort,BackstoryDefs\Backstories_Adult.xml,def,serial predator,系列肉食动物
RV2_Adult_PredOralDigest_SecretUnwilling_SerialPredatorOral.baseDesc,"[PAWN_nameDef] is a serial swallower of fatal persuasion. Vore is full of ever so many delightful experiences: the taste of sweaty skin on the tongue, slaked with fear and flight; the racing heart and blood pulsing upon one’s lips; the wriggling in the throat, while the prey thinks they still have a chance of escape; the fullness of a stomach packed so tight the prey can barely squirm as the acid rises around them. [PAWN_nameDef] savors each of these as [PAWN_pronoun] swallows down each new victim.",baseDesc,BackstoryDefs\Backstories_Adult.xml,def,"<ALIMT >(PH_3)</ALIMT> is a serial swallower of fatal persuasion. <ALIMT >vore</ALIMT> is full of ever so many delightful experiences: the taste of sweaty skin on the tongue, slaked with fear and flight; the racing heart and <ALIMT >blood</ALIMT> pulsing upon one’s lips; the wriggling in the throat, while the prey thinks they still have a chance of escape; the fullness of a stomach packed so tight the prey can barely squirm as the acid rises around them. <ALIMT >(PH_2)</ALIMT> savors each of these as <ALIMT >(PH_1)</ALIMT> swallows down each new victim.",[PAWN_nameDef]是一个具有致命信仰的连续吞噬者。吃人充满了许多快乐的经历: 舌头上出汗的皮肤，充满了恐惧和逃跑的味道; 狂奔的心和血嘴唇发出脉动的声音; 猎物的喉咙在蠕动，猎物认为它还有机会逃跑; 一个胃里塞得太紧了，以至于当猎物周围的酸液上升时，它几乎不会蠕动。[PAWN_nameDef]将每一种都当作[PAWN_pronoun]将每一位新的受害者吞掉。
RV2_Adult_PredOralTempEndo_OpenWilling_CallPlaireOral.title,oral call-plaire,title,BackstoryDefs\Backstories_Adult.xml,def,<ALIMT >oral</ALIMT> call-plaire,用嘴呼求者
RV2_Adult_PredOralTempEndo_OpenWilling_CallPlaireOral.titleShort,call-plaire,titleShort,BackstoryDefs\Backstories_Adult.xml,def,call-plaire,呼求者
RV2_Adult_PredOralTempEndo_OpenWilling_CallPlaireOral.baseDesc,"[PAWN_nameDef] was a vore prostitute--a call-pred, but a specific kind of call-pred known as a call-plaire--who sold access to [PAWN_possessive] insides for individual clients and groups to pleasure themselves in before being let out after a while. [PAWN_nameDef] specialized in oral vore, but the problem with oral endosoma is that it really gets you in the mood to actually eat and digest something. So, [PAWN_pronoun] picked up cooking, both to sate [PAWN_possessive] hunger after the job was done and to satisfy clients who wanted the “bathing in chewed-up food” experience.",baseDesc,BackstoryDefs\Backstories_Adult.xml,def,"<ALIMT >(PH_5)</ALIMT> was a <ALIMT >vore</ALIMT> prostitute--a call-pred, but a specific kind of call-pred known as a call-plaire--who sold access to <ALIMT >(PH_4)</ALIMT> insides for individual clients and groups to pleasure themselves in before being let out after a while. <ALIMT >(PH_3)</ALIMT> specialized in <ALIMT >oral</ALIMT> <ALIMT >vore</ALIMT>, but the problem with <ALIMT >oral</ALIMT> endosoma is that it really gets you in the mood to actually eat and digest something. So, <ALIMT >(PH_2)</ALIMT> picked up cooking, both to sate <ALIMT >(PH_1)</ALIMT> hunger after the job was done and to satisfy clients who wanted the “bathing in chewed-up food” experience.","[PAWN_nameDef]曾是一个吃人名妓 -- 一种呼唤者，但又有一种被称为呼唤者的呼唤者 -- 出售给[PAWN_possessive]为客户和团体提供娱乐的内部空间，一段时间后才被放出去。[PAWN_nameDef]专精于oralvore,但问题是用嘴内膜瘤是它真的让你有心情吃和消化一些东西。所以,[PAWN_pronoun]学会烹饪，两种烹饪都已满足[PAWN_possessive]工作完成后渴望满足那些想要 “用咀嚼过的食物洗澡” 的体验的客户。"
RV2_Adult_PredOralTempEndo_OpenWilling_TasterPrey.title,prey taster,title,BackstoryDefs\Backstories_Adult.xml,def,prey taster,猎物试膳官
RV2_Adult_PredOralTempEndo_OpenWilling_TasterPrey.titleShort,taster,titleShort,BackstoryDefs\Backstories_Adult.xml,def,taster,王国试膳官
RV2_Adult_PredOralTempEndo_OpenWilling_TasterPrey.baseDesc,"[PAWN_nameDef] got the first taste of prey for [PAWN_possessive] big, important master. After all, prey with poisoned skins are often used to assassinate powerful predators.",baseDesc,BackstoryDefs\Backstories_Adult.xml,def,"<ALIMT >(PH_2)</ALIMT> got the first taste of prey for <ALIMT >(PH_1)</ALIMT> big, important master. After all, prey with poisoned skins are often used to assassinate powerful predators.",[PAWN_nameDef]第一口猎物给[PAWN_possessive]又大又重要的主人。毕竟，拥有有毒皮肤的猎物通常被用来暗杀强大的捕食者。
RV2_Adult_PredOralTempEndo_SecretUnwilling_SerialRavisseurOral.title,serial oral ravisseur,title,BackstoryDefs\Backstories_Adult.xml,def,serial <ALIMT >oral</ALIMT> ravisseur,连载用嘴蹒跚怪
RV2_Adult_PredOralTempEndo_SecretUnwilling_SerialRavisseurOral.titleShort,ravisseur,titleShort,BackstoryDefs\Backstories_Adult.xml,def,ravisseur,蹒跚怪
RV2_Adult_PredOralTempEndo_SecretUnwilling_SerialRavisseurOral.baseDesc,"[PAWN_nameDef] is a ravisseur: a predator who uses vore for short-term kidnapping. [PAWN_pronoun] just did it to unwilling prey for kicks. People can be like pipe-cleaners for the gastrointestinal system. Just gotta get ‘em down first, and do something to hide your face.",baseDesc,BackstoryDefs\Backstories_Adult.xml,def,"<ALIMT >(PH_2)</ALIMT> is a ravisseur: a predator who uses <ALIMT >vore</ALIMT> for short-term kidnapping. <ALIMT >(PH_1)</ALIMT> just did it to unwilling prey for kicks. People can be like pipe-cleaners for the gastrointestinal system. Just gotta get ‘em down first, and do something to hide your face.",[PAWN_nameDef]是一名 ravisseur: 一种使用吃人罪名是短期绑架。[PAWN_pronoun]只是为了不愿意被捕食。人们可能就像消化系统的管道清洁工。只要先让他们下来，做点什么隐藏你的脸。
RV2_Adult_PredOralLongendo_SecretUnwilling_SerialGeolierOral.title,serial oral geolier,title,BackstoryDefs\Backstories_Adult.xml,def,serial <ALIMT >oral</ALIMT> geolier,连载用嘴大地巨石
RV2_Adult_PredOralLongendo_SecretUnwilling_SerialGeolierOral.titleShort,geolier,titleShort,BackstoryDefs\Backstories_Adult.xml,def,geolier,大地巨石
RV2_Adult_PredOralLongendo_SecretUnwilling_SerialGeolierOral.baseDesc,"[PAWN_nameDef] is a geolier: a predator who uses vore for long-term imprisonment. [PAWN_pronoun] just did it to unwilling prey for kicks. Just remember, you’re eating for two (or however many you’ve gulped down)!",baseDesc,BackstoryDefs\Backstories_Adult.xml,def,"<ALIMT >(PH_2)</ALIMT> is a geolier: a predator who uses <ALIMT >vore</ALIMT> for long-term imprisonment. <ALIMT >(PH_1)</ALIMT> just did it to unwilling prey for kicks. Just remember, you’re eating for two (or however many you’ve gulped down)!",[PAWN_nameDef]是一个地质体: 一种捕食者使用吃人长期监禁。[PAWN_pronoun]只是为了不愿意被捕食。请记住，你是在为两个人吃饭 (或者无论你吃了多少)!
RV2_Adult_PredAnalAnygoal_CasualDubious_SuperstarPredatorAnal.title,anal pred superstar,title,BackstoryDefs\Backstories_Adult.xml,def,<ALIMT >anal</ALIMT> pred superstar,analPred 巨星
RV2_Adult_PredAnalAnygoal_CasualDubious_SuperstarPredatorAnal.titleShort,anal star,titleShort,BackstoryDefs\Backstories_Adult.xml,def,<ALIMT >anal</ALIMT> star,肛门童星
RV2_Adult_PredAnalAnygoal_CasualDubious_SuperstarPredatorAnal.baseDesc,"[PAWN_nameDef] has an ass worshipped by the masses--sometimes literally. Its shapely width, the divine jiggle in every stride, and the sublime shape of [PAWN_possessive] ring, are enough to drive any passerby to climb up there, maddened by lust (if [PAWN_pronoun] didn’t sit on them first).",baseDesc,BackstoryDefs\Backstories_Adult.xml,def,"<ALIMT >(PH_3)</ALIMT> has an <ALIMT >ass</ALIMT> worshipped by the masses--sometimes literally. Its shapely width, the divine jiggle in every stride, and the sublime shape of <ALIMT >(PH_2)</ALIMT> ring, are enough to drive any passerby to climb up there, maddened by <ALIMT >lust</ALIMT> (if <ALIMT >(PH_1)</ALIMT> didn’t sit on them first).",[PAWN_nameDef]有一个屁股受到大众的崇拜 -- 有时是字面上的。它塑形的宽度，每一步的神圣摇晃，崇高的形状[PAWN_possessive]圆环，足以驱使任何一个路人爬上去，发狂于性欲(如果[PAWN_pronoun]没有先坐在上面)。
RV2_Adult_PredAnalAnygoal_SecretUnwilling_ParkouristPosternator.title,parkour posternator,title,BackstoryDefs\Backstories_Adult.xml,def,parkour posternator,跑酷者
RV2_Adult_PredAnalAnygoal_SecretUnwilling_ParkouristPosternator.titleShort,parkourist,titleShort,BackstoryDefs\Backstories_Adult.xml,def,parkourist,跑酷者
RV2_Adult_PredAnalAnygoal_SecretUnwilling_ParkouristPosternator.baseDesc,"Probably the quickest way to stuff someone all the way up “where the sun don’t shine” is to drop down ass-first on them from above. For some preds, this is merely an occasional convenience, but for [PAWN_nameDef], it was the name of the game. [PAWN_pronoun] would stalk [PAWN_possessive] quarry overhead, through the trees or buildings, before, when the prey was finally alone, pouncing. Parkour with a full belly is another story.",baseDesc,BackstoryDefs\Backstories_Adult.xml,def,"Probably the quickest way to stuff someone all the way up “where the sun don’t shine” is to drop down <ALIMT >ass</ALIMT>-first on them from above. For some preds, this is merely an occasional convenience, but for <ALIMT >(PH_3)</ALIMT>, it was the name of the game. <ALIMT >(PH_2)</ALIMT> would stalk <ALIMT >(PH_1)</ALIMT> quarry overhead, through the trees or buildings, before, when the prey was finally alone, pouncing. Parkour with a full belly is another story.","“在太阳不照耀的地方” 一路向上升，最快的方法可能是丢下屁股-首先从上方对他们。对于一些 preds，这只是偶尔的方便，但对于[PAWN_nameDef],这是游戏的名称。[PAWN_pronoun]会追踪[PAWN_possessive]采石场从头顶穿过，穿过树木或建筑，在猎物终于独处时突袭。满肚子的跑酷是另一个故事。"
RV2_Adult_PredAnalDigest_OpenWilling_CallChurnerAnal.title,anal call-churner,title,BackstoryDefs\Backstories_Adult.xml,def,<ALIMT >anal</ALIMT> call-churner,肛门召唤者
RV2_Adult_PredAnalDigest_OpenWilling_CallChurnerAnal.titleShort,call-churner,titleShort,BackstoryDefs\Backstories_Adult.xml,def,call-churner,召唤者
RV2_Adult_PredAnalDigest_OpenWilling_CallChurnerAnal.baseDesc,"[PAWN_nameDef] was a vore prostitute--a call-pred, but a specific kind of call-pred known as a call-churner--who allowed those with the money and the death-wish/reformation-access to purchase a gurgling on top of the vore. [PAWN_nameDef] specialized in anal vore, and spent a great deal of [PAWN_possessive] time and exercise keeping [PAWN_possessive] butt in perfect shape.",baseDesc,BackstoryDefs\Backstories_Adult.xml,def,"<ALIMT >(PH_4)</ALIMT> was a <ALIMT >vore</ALIMT> prostitute--a call-pred, but a specific kind of call-pred known as a call-churner--who allowed those with the money and the death-wish/reformation-access to purchase a gurgling on top of the <ALIMT >vore</ALIMT>. <ALIMT >(PH_3)</ALIMT> specialized in <ALIMT >anal</ALIMT> <ALIMT >vore</ALIMT>, and spent a great deal of <ALIMT >(PH_2)</ALIMT> time and exercise keeping <ALIMT >(PH_1)</ALIMT> butt in perfect shape.","[PAWN_nameDef]曾是一个吃人妓院 -- 一个叫妓女的装置, 而是一种被称为召唤者的特定类型的召唤者，它允许那些有钱并且有死亡愿望/改革的人在上面购买一个咯咯的吃人[PAWN_nameDef]专精于analvore,花费了大量[PAWN_possessive]坚持锻炼时间[PAWN_possessive]完美的屁股。"
RV2_Adult_PredAnalDigest_OpenUnwilling_FarmerFertilizerOral.title,vore-fertilizing farmer,title,BackstoryDefs\Backstories_Adult.xml,def,<ALIMT >vore</ALIMT>-fertilizing farmer,吃人-使农民受精
RV2_Adult_PredAnalDigest_OpenUnwilling_FarmerFertilizerOral.titleShort,farmer,titleShort,BackstoryDefs\Backstories_Adult.xml,def,farmer,农夫
RV2_Adult_PredAnalDigest_OpenUnwilling_FarmerFertilizerOral.baseDesc,[PAWN_nameDef] ran a farm on which [PAWN_pronoun] was all too happy to recycle lazy workers or purchased slaves into fertilizer for the fields. Such soil yields a bountiful harvest.,baseDesc,BackstoryDefs\Backstories_Adult.xml,def,<ALIMT >(PH_2)</ALIMT> ran a farm on which <ALIMT >(PH_1)</ALIMT> was all too happy to recycle lazy workers or purchased slaves into fertilizer for the fields. Such soil yields a bountiful harvest.,[PAWN_nameDef]经营了一个农场[PAWN_pronoun]我非常乐意回收懒惰的工人，或者把奴隶购买成肥料用于耕种土地。这样的土壤可以收获很多东西。
RV2_Adult_PredAnalDigest_SecretUnwilling_SerialPredatorAnal.title,serial glute-glutton,title,BackstoryDefs\Backstories_Adult.xml,def,serial glute-glutton,连续臀部-暴食
RV2_Adult_PredAnalDigest_SecretUnwilling_SerialPredatorAnal.titleShort,serial glute-glutton,titleShort,BackstoryDefs\Backstories_Adult.xml,def,serial glute-glutton,连续臀部-暴食
RV2_Adult_PredAnalDigest_SecretUnwilling_SerialPredatorAnal.baseDesc,"[PAWN_nameDef] is a serial posternator of fatal persuasion. There’s something about the challenge inherent to swiftly, silently, and efficiently shunting unsuspecting prey into a hole that’s below and behind most of the body. Oral vore is much simpler to manage--people evolved to eat with their hands--but where’s the fun in that? [PAWN_nameDef] is proud to always be finding new and exciting ways to cram [PAWN_possessive] victims through a backdoor they’ll never escape from.",baseDesc,BackstoryDefs\Backstories_Adult.xml,def,"<ALIMT >(PH_3)</ALIMT> is a serial posternator of fatal persuasion. There’s something about the challenge inherent to swiftly, silently, and efficiently shunting unsuspecting prey into a hole that’s below and behind most of the body. <ALIMT >oral</ALIMT> <ALIMT >vore</ALIMT> is much simpler to manage--people evolved to eat with their hands--but where’s the fun in that? <ALIMT >(PH_2)</ALIMT> is proud to always be finding new and exciting ways to cram <ALIMT >(PH_1)</ALIMT> victims through a backdoor they’ll never escape from.",[PAWN_nameDef]是一个由致命信仰构成的连续发射器。将毫无戒心的猎物迅速、悄无声息、高效地分流到身体大部分部位的洞穴中，这是一种与生俱来的挑战。oralvore管理要简单得多 -- 人们进化为用手吃饭 -- 但这有什么乐趣呢？[PAWN_nameDef]总是能找到令人兴奋的新方法来大快朵颐，这让我很自豪。[PAWN_possessive]受害者通过永远无法逃脱的后门。
RV2_Adult_EndoPredAnal_CallPlaireAnal.title,anal call-plaire,title,BackstoryDefs\Backstories_Adult.xml,def,<ALIMT >anal</ALIMT> call-plaire,肛门呼求者
RV2_Adult_EndoPredAnal_CallPlaireAnal.titleShort,call-plaire,titleShort,BackstoryDefs\Backstories_Adult.xml,def,call-plaire,呼求者
RV2_Adult_EndoPredAnal_CallPlaireAnal.baseDesc,"[PAWN_nameDef] was a vore prostitute--a call-pred, but a specific kind of call-pred known as a call-plaire--who sold access to [PAWN_possessive] insides for individual clients and groups to pleasure themselves in before being let out after a while. [PAWN_nameDef] specialized in anal vore, and all that time spent chest-down, ass-up, [PAWN_possessive] client’s exit unobstructed left [PAWN_objective] in serious need of a hobby. So, [PAWN_pronoun] dabbled, between reading, art, handcrafts, and so on.",baseDesc,BackstoryDefs\Backstories_Adult.xml,def,"<ALIMT >(PH_6)</ALIMT> was a <ALIMT >vore</ALIMT> prostitute--a call-pred, but a specific kind of call-pred known as a call-plaire--who sold access to <ALIMT >(PH_5)</ALIMT> insides for individual clients and groups to pleasure themselves in before being let out after a while. <ALIMT >(PH_4)</ALIMT> specialized in <ALIMT >anal</ALIMT> <ALIMT >vore</ALIMT>, and all that time spent chest-down, <ALIMT >ass</ALIMT>-up, <ALIMT >(PH_3)</ALIMT> client’s exit unobstructed left <ALIMT >(PH_2)</ALIMT> in serious need of a hobby. So, <ALIMT >(PH_1)</ALIMT> dabbled, between reading, art, handcrafts, and so on.","[PAWN_nameDef]曾是一个吃人名妓 -- 一种呼唤者，但又有一种被称为呼唤者的呼唤者 -- 出售给[PAWN_possessive]为客户和团体提供娱乐的内部空间，一段时间后才被放出去。[PAWN_nameDef]专精于analvore,所有的时间都花费在胸部以下,屁股-Up,[PAWN_possessive]客户端的出口无遮挡 (左)[PAWN_objective]非常需要爱好的人。所以,[PAWN_pronoun]在阅读、艺术、手工等之间试探。"
RV2_Adult_PredAnalTempEndo_SecretUnwilling_SerialRavisseurAnal.title,serial anal ravisseur,title,BackstoryDefs\Backstories_Adult.xml,def,serial <ALIMT >anal</ALIMT> ravisseur,连载肛门蹒跚怪
RV2_Adult_PredAnalTempEndo_SecretUnwilling_SerialRavisseurAnal.titleShort,ravisseur,titleShort,BackstoryDefs\Backstories_Adult.xml,def,ravisseur,蹒跚怪
RV2_Adult_PredAnalTempEndo_SecretUnwilling_SerialRavisseurAnal.baseDesc,"[PAWN_nameDef] is a ravisseur: a predator who uses vore for short-term kidnapping. [PAWN_pronoun] just did it to unwilling prey for kicks. The best thing about anal ravisseury is that the prey don’t even need to see your front, let alone your face.",baseDesc,BackstoryDefs\Backstories_Adult.xml,def,"<ALIMT >(PH_2)</ALIMT> is a ravisseur: a predator who uses <ALIMT >vore</ALIMT> for short-term kidnapping. <ALIMT >(PH_1)</ALIMT> just did it to unwilling prey for kicks. The best thing about <ALIMT >anal</ALIMT> ravisseury is that the prey don’t even need to see your front, let alone your face.",[PAWN_nameDef]是一名 ravisseur: 一种使用吃人罪名是短期绑架。[PAWN_pronoun]只是为了不愿意被捕食。最棒的地方是analRavisseury 认为猎物甚至不需要看到你的前方，更不用说看到你的脸了。
RV2_Adult_PredAnalLongendo_SecretUnwilling_SerialGeolierAnal.title,serial anal geolier,title,BackstoryDefs\Backstories_Adult.xml,def,serial <ALIMT >anal</ALIMT> geolier,连载肛门大地巨石
RV2_Adult_PredAnalLongendo_SecretUnwilling_SerialGeolierAnal.titleShort,geolier,titleShort,BackstoryDefs\Backstories_Adult.xml,def,geolier,大地巨石
RV2_Adult_PredAnalLongendo_SecretUnwilling_SerialGeolierAnal.baseDesc,[PAWN_nameDef] is a geolier: a predator who uses vore for long-term imprisonment. [PAWN_pronoun] just did it to unwilling prey for kicks. There are at least fifteen feet of intestine in the human-sized body; that’s enough for at least two prey!,baseDesc,BackstoryDefs\Backstories_Adult.xml,def,<ALIMT >(PH_2)</ALIMT> is a geolier: a predator who uses <ALIMT >vore</ALIMT> for long-term imprisonment. <ALIMT >(PH_1)</ALIMT> just did it to unwilling prey for kicks. There are at least fifteen feet of intestine in the human-sized body; that’s enough for at least two prey!,[PAWN_nameDef]是一个地质体: 一种捕食者使用吃人长期监禁。[PAWN_pronoun]只是为了不愿意被捕食。人类大小的身体内至少有 15英尺的肠道; 这至少足以容纳两个猎物!
RV2_Adult_PredVaginalAnygoal_CasualDubious_SuperstarPredatorYonic.title,yonic pred superstar,title,BackstoryDefs\Backstories_Adult.xml,def,yonic pred superstar,你的 pred 巨星
RV2_Adult_PredVaginalAnygoal_CasualDubious_SuperstarPredatorYonic.titleShort,yonic star,titleShort,BackstoryDefs\Backstories_Adult.xml,def,yonic star,友之星
RV2_Adult_PredVaginalAnygoal_CasualDubious_SuperstarPredatorYonic.baseDesc,"[PAWN_nameDef] is practically a fertility god(dess), whose drooling honeypot has served and swallowed countless would-be bees. The smell--the perfume--[PAWN_possessive] flower exudes is intoxicating, to the point of just about hypnotizing anyone nearby to climb all the way inside.",baseDesc,BackstoryDefs\Backstories_Adult.xml,def,"<ALIMT >(PH_3)</ALIMT> is practically a fertility <ALIMT >(PH_2)</ALIMT>, whose drooling honeypot has served and swallowed countless would-be bees. The <ALIMT >smell</ALIMT>--the perfume--<ALIMT >(PH_1)</ALIMT> flower exudes is intoxicating, to the point of just about hypnotizing anyone nearby to climb all the way inside.",[PAWN_nameDef]实际上是生育能力god(dess)它流口水的蜜罐吞噬了无数潜在的蜜蜂。该气味-香水味 --[PAWN_possessive]外面的花令人醉人，几乎可以强迫参与者做某事，但违背自己的意愿。附近的任何人，让他们一路爬进去。
RV2_Adult_PredVaginalDigest_OpenWilling_CallChurnerYonic.title,yonic call-churner,title,BackstoryDefs\Backstories_Adult.xml,def,yonic call-churner,你的召唤者
RV2_Adult_PredVaginalDigest_OpenWilling_CallChurnerYonic.titleShort,call-churner,titleShort,BackstoryDefs\Backstories_Adult.xml,def,call-churner,召唤者
RV2_Adult_PredVaginalDigest_OpenWilling_CallChurnerYonic.baseDesc,"[PAWN_nameDef] was a vore prostitute--a call-pred, but a specific kind of call-pred known as a call-churner--who allowed those with the money and the death-wish/reformation-access to purchase a gurgling on top of the vore. [PAWN_nameDef] specialized in unbirthing, returning clients to the womb to be melted into lube, eggs, or whatever it is that [PAWN_pronoun] produced. Many paid extra for [PAWN_objective] to roleplay as their parent, leaving [PAWN_nameDef] with a bit of acting experience.",baseDesc,BackstoryDefs\Backstories_Adult.xml,def,"<ALIMT >(PH_5)</ALIMT> was a <ALIMT >vore</ALIMT> prostitute--a call-pred, but a specific kind of call-pred known as a call-churner--who allowed those with the money and the death-wish/reformation-access to purchase a gurgling on top of the <ALIMT >vore</ALIMT>. <ALIMT >(PH_4)</ALIMT> specialized in unbirthing, returning clients to the womb to be melted into <ALIMT >lube</ALIMT>, eggs, or whatever it is that <ALIMT >(PH_3)</ALIMT> produced. Many paid extra for <ALIMT >(PH_2)</ALIMT> to roleplay as their parent, leaving <ALIMT >(PH_1)</ALIMT> with a bit of acting experience.","[PAWN_nameDef]曾是一个吃人妓院 -- 一个叫妓女的装置, 而是一种被称为召唤者的特定类型的召唤者，它允许那些有钱并且有死亡愿望/改革的人在上面购买一个咯咯的吃人[PAWN_nameDef]专精于拆解生育，将被融化的客户送回子宫润滑油、卵、或者别的什么[PAWN_pronoun]产生。许多人额外付费[PAWN_objective]角色扮演他们的父母，离开[PAWN_nameDef]有一点表演经验。"
RV2_Adult_PredVaginalDigest_OpenDubious_GodFertility.title,fertility god,title,BackstoryDefs\Backstories_Adult.xml,def,fertility god,哺育之神
RV2_Adult_PredVaginalDigest_OpenDubious_GodFertility.titleShort,god,titleShort,BackstoryDefs\Backstories_Adult.xml,def,god,神之
RV2_Adult_PredVaginalDigest_OpenDubious_GodFertility.baseDesc,"[PAWN_nameDef] was supposedly a living fertility deity, to which many were sacrificed. It was believed that those sacrifices, packed tight inside [PAWN_nameDef]’s womb, would be sloshed into an elixir sure to ensure an imminent pregnancy in any who drank of it.",baseDesc,BackstoryDefs\Backstories_Adult.xml,def,"<ALIMT >(PH_2)</ALIMT> was supposedly a living fertility deity, to which many were sacrificed. It was believed that those sacrifices, packed tight inside <ALIMT >(PH_1)</ALIMT>’s womb, would be sloshed into an elixir sure to ensure an imminent pregnancy in any who drank of it.",[PAWN_nameDef]据说是一个活的生育神明，许多人为此而牺牲。人们相信那些祭品封装在里面[PAWN_nameDef]的子宫内，将被分解成长生不死的药剂，以确保任何喝了它的人都能即将怀孕。
RV2_Adult_PredVaginalDigest_OpenDubious_LubricatorIndustrial.title,industrial lubricator,title,BackstoryDefs\Backstories_Adult.xml,def,industrial lubricator,工业润滑器
RV2_Adult_PredVaginalDigest_OpenDubious_LubricatorIndustrial.titleShort,lubricator,titleShort,BackstoryDefs\Backstories_Adult.xml,def,lubricator,润滑器
RV2_Adult_PredVaginalDigest_OpenDubious_LubricatorIndustrial.baseDesc,"[PAWN_nameDef]’s snatch drools a long-lasting, slippery, perfectly-edible lubricant that [PAWN_pronoun] was tasked with spreading onto all sorts of machinery and moving parts. Of course, to get lube in such quantities, [PAWN_pronoun] needs to feed [PAWN_possessive] pussy first.",baseDesc,BackstoryDefs\Backstories_Adult.xml,def,"<ALIMT >(PH_4)</ALIMT>’s snatch drools a long-lasting, slippery, perfectly-edible <ALIMT >lubricant</ALIMT> that <ALIMT >(PH_3)</ALIMT> was tasked with spreading onto all sorts of machinery and moving parts. Of course, to get <ALIMT >lube</ALIMT> in such quantities, <ALIMT >(PH_2)</ALIMT> needs to feed <ALIMT >(PH_1)</ALIMT> <ALIMT >pussy</ALIMT> first.","[PAWN_nameDef]的抓举下垂，一种持久、光滑且完全可以食用的润滑剂那个[PAWN_pronoun]其任务是将其散布到各种机械和活动部件上。当然，要得到润滑油在这样的数量下,[PAWN_pronoun]需要喂养[PAWN_possessive]小穴第一个。"
RV2_Adult_PredVaginalDigest_SecretUnwilling_NurseMaternityEnviousl.title,envious maternity nurse,title,BackstoryDefs\Backstories_Adult.xml,def,envious maternity nurse,嫉妒的产科护士
RV2_Adult_PredVaginalDigest_SecretUnwilling_NurseMaternityEnviousl.titleShort,nurse,titleShort,BackstoryDefs\Backstories_Adult.xml,def,nurse,护士
RV2_Adult_PredVaginalDigest_SecretUnwilling_NurseMaternityEnviousl.baseDesc,"[PAWN_nameDef] worked as a maternity nurse, as a way of satisfying [PAWN_possessive] parental urges in spite of [PAWN_possessive] personal difficulty conceiving. However, [PAWN_pronoun] grew jealous of [PAWN_possessive] patients and eventually convinced another nurse to let [PAWN_objective] unbirth them. While [PAWN_pronoun] was disappointed that [PAWN_possessive] “child” churned away instead, [PAWN_pronoun] still found the experience uniquely thrilling, and went on the prowl for more soon afterward.",baseDesc,BackstoryDefs\Backstories_Adult.xml,def,"<ALIMT >(PH_9)</ALIMT> worked as a maternity nurse, as a way of satisfying <ALIMT >(PH_8)</ALIMT> parental urges in spite of <ALIMT >(PH_7)</ALIMT> personal difficulty conceiving. However, <ALIMT >(PH_6)</ALIMT> grew jealous of <ALIMT >(PH_5)</ALIMT> patients and eventually convinced another nurse to let <ALIMT >(PH_4)</ALIMT> unbirth them. While <ALIMT >(PH_3)</ALIMT> was disappointed that <ALIMT >(PH_2)</ALIMT> “child” churned away instead, <ALIMT >(PH_1)</ALIMT> still found the experience uniquely thrilling, and went on the prowl for more soon afterward.","[PAWN_nameDef]作为一名产妇护士，这是一种令人满意的方式[PAWN_possessive]父母的冲动[PAWN_possessive]个人怀孕困难。然而,[PAWN_pronoun]逐渐妒忌[PAWN_possessive]并最终说服了另一名护士让[PAWN_objective]解锁。期间[PAWN_pronoun]很失望[PAWN_possessive]“孩子” 转而翻腾起来,[PAWN_pronoun]他仍然觉得这段经历非常激动人心，并在之后不久继续徘徊。"
RV2_Adult_PredVaginalDigest_SecretUnwilling_SerialPredatorVaginal.title,serial vaggusher,title,BackstoryDefs\Backstories_Adult.xml,def,serial vaggusher,系列迷走者
RV2_Adult_PredVaginalDigest_SecretUnwilling_SerialPredatorVaginal.titleShort,serial vaggusher,titleShort,BackstoryDefs\Backstories_Adult.xml,def,serial vaggusher,系列迷走者
RV2_Adult_PredVaginalDigest_SecretUnwilling_SerialPredatorVaginal.baseDesc,"[PAWN_nameDef] is a serial unbirther of fatal persuasion. There’s poetry in ending life the same place it started: the womb. Such is how [PAWN_nameDef] characterizes [PAWN_possessive] hobby. Away these perfect strangers go, tricked or just snatched up, into [PAWN_possessive] nethers, leaving nothing behind but an orgasm.",baseDesc,BackstoryDefs\Backstories_Adult.xml,def,"<ALIMT >(PH_4)</ALIMT> is a serial unbirther of fatal persuasion. There’s poetry in ending life the same place it started: the womb. Such is how <ALIMT >(PH_3)</ALIMT> characterizes <ALIMT >(PH_2)</ALIMT> hobby. Away these perfect strangers go, tricked or just snatched up, into <ALIMT >(PH_1)</ALIMT> nethers, leaving nothing behind but an <ALIMT >orgasm</ALIMT>.",[PAWN_nameDef]是一个连续的致命传教者。结束生命的地方有诗: 子宫。就是这样[PAWN_nameDef]特性[PAWN_possessive]爱好。跑远点，这些完全陌生的人走了，被骗了，或者只是被抓，被抓了进去[PAWN_possessive]洞穴中，只留下高潮
RV2_Adult_EndoPredVaginal_CallPlaireYonic.title,yonic call-plaire,title,BackstoryDefs\Backstories_Adult.xml,def,yonic call-plaire,你的召唤
RV2_Adult_EndoPredVaginal_CallPlaireYonic.titleShort,call-plaire,titleShort,BackstoryDefs\Backstories_Adult.xml,def,call-plaire,呼求者
RV2_Adult_EndoPredVaginal_CallPlaireYonic.baseDesc,"[PAWN_nameDef] was a vore prostitute--a call-pred, but a specific kind of call-pred known as a call-plaire--who sold access to [PAWN_possessive] insides for individual clients and groups to pleasure themselves in before being let out after a while. [PAWN_nameDef] specialized in unbirthing, which gave [PAWN_objective] a great deal of experience not only in the process of taking prey in, but also in birthing them back out (and finding birth control, for those who left a mess behind). [PAWN_pronoun] reckons [PAWN_pronoun] could help someone actually going through labor through the process.",baseDesc,BackstoryDefs\Backstories_Adult.xml,def,"<ALIMT >(PH_6)</ALIMT> was a <ALIMT >vore</ALIMT> prostitute--a call-pred, but a specific kind of call-pred known as a call-plaire--who sold access to <ALIMT >(PH_5)</ALIMT> insides for individual clients and groups to pleasure themselves in before being let out after a while. <ALIMT >(PH_4)</ALIMT> specialized in unbirthing, which gave <ALIMT >(PH_3)</ALIMT> a great deal of experience not only in the process of taking prey in, but also in birthing them back out (and finding birth control, for those who left a mess behind). <ALIMT >(PH_2)</ALIMT> reckons <ALIMT >(PH_1)</ALIMT> could help someone actually going through labor through the process.",[PAWN_nameDef]曾是一个吃人名妓 -- 一种呼唤者，但又有一种被称为呼唤者的呼唤者 -- 出售给[PAWN_possessive]为客户和团体提供娱乐的内部空间，一段时间后才被放出去。[PAWN_nameDef]专门负责拆解，这给[PAWN_objective]大量的经验，不仅在过程中捕获猎物的过程中，而且在生产他们回来 (和寻找计划生育，为那些留下的混乱)。[PAWN_pronoun]估值[PAWN_pronoun]可以帮助实际分娩的人完成整个过程。
RV2_Adult_PredVaginalTempEndo_SecretUnwilling_SerialRavisseurVaginal.title,serial yonic ravisseur,title,BackstoryDefs\Backstories_Adult.xml,def,serial yonic ravisseur,系列 yoic ravisseur
RV2_Adult_PredVaginalTempEndo_SecretUnwilling_SerialRavisseurVaginal.titleShort,ravisseur,titleShort,BackstoryDefs\Backstories_Adult.xml,def,ravisseur,蹒跚怪
RV2_Adult_PredVaginalTempEndo_SecretUnwilling_SerialRavisseurVaginal.baseDesc,"[PAWN_nameDef] is a ravisseur: a predator who uses vore for short-term kidnapping. [PAWN_pronoun] just did it to unwilling prey for kicks. Body-sized dildos are expensive, and unwitting prey are everywhere.",baseDesc,BackstoryDefs\Backstories_Adult.xml,def,"<ALIMT >(PH_2)</ALIMT> is a ravisseur: a predator who uses <ALIMT >vore</ALIMT> for short-term kidnapping. <ALIMT >(PH_1)</ALIMT> just did it to unwilling prey for kicks. Body-sized dildos are expensive, and unwitting prey are everywhere.",[PAWN_nameDef]是一名 ravisseur: 一种使用吃人罪名是短期绑架。[PAWN_pronoun]只是为了不愿意被捕食。体型大小的假阳具非常昂贵，而且随处可见意想不到的猎物。
RV2_Adult_PredVaginalLongendo_SecretUnwilling_SerialGeolierVaginal.title,serial yonic geolier,title,BackstoryDefs\Backstories_Adult.xml,def,serial yonic geolier,系列荣耀地质岩
RV2_Adult_PredVaginalLongendo_SecretUnwilling_SerialGeolierVaginal.titleShort,geolier,titleShort,BackstoryDefs\Backstories_Adult.xml,def,geolier,大地巨石
RV2_Adult_PredVaginalLongendo_SecretUnwilling_SerialGeolierVaginal.baseDesc,"[PAWN_nameDef] is a geolier: a predator who uses vore for long-term imprisonment. [PAWN_pronoun] just did it to unwilling prey for kicks. Oh, whenever is [PAWN_pronoun] due?",baseDesc,BackstoryDefs\Backstories_Adult.xml,def,"<ALIMT >(PH_3)</ALIMT> is a geolier: a predator who uses <ALIMT >vore</ALIMT> for long-term imprisonment. <ALIMT >(PH_2)</ALIMT> just did it to unwilling prey for kicks. Oh, whenever is <ALIMT >(PH_1)</ALIMT> due?",[PAWN_nameDef]是一个地质体: 一种捕食者使用吃人长期监禁。[PAWN_pronoun]只是为了不愿意被捕食。哦，只要是[PAWN_pronoun]到期？
RV2_Adult_PredCockAnygoal_CasualDubious_SuperstarPredatorPhallic.title,phallic pred superstar,title,BackstoryDefs\Backstories_Adult.xml,def,phallic pred superstar,阳刚 pred 巨星
RV2_Adult_PredCockAnygoal_CasualDubious_SuperstarPredatorPhallic.titleShort,phallic star,titleShort,BackstoryDefs\Backstories_Adult.xml,def,phallic star,佛教徒
RV2_Adult_PredCockAnygoal_CasualDubious_SuperstarPredatorPhallic.baseDesc,"[PAWN_nameDef] carries [PAWN_possessive] perfect cock like a royal scepter. So many have offered themselves in sacrifice to those beautiful balls, or been unsown at the whim of this cocky monarch.",baseDesc,BackstoryDefs\Backstories_Adult.xml,def,"<ALIMT >(PH_2)</ALIMT> carries <ALIMT >(PH_1)</ALIMT> perfect cock like a royal scepter. So many have offered themselves in sacrifice to those beautiful balls, or been unsown at the whim of this cocky monarch.",[PAWN_nameDef]携带[PAWN_possessive]像皇家权杖一样完美的公鸡。许多人自愿为这些美丽的球献祭，或者因这位自大的君主的心血来潮而放弃了。
RV2_Adult_PredCockDigest_CasualDubious_DrinkingFountainCockOut.title,cock-out drinking fountain,title,BackstoryDefs\Backstories_Adult.xml,def,cock-out drinking fountain,喷泉
RV2_Adult_PredCockDigest_CasualDubious_DrinkingFountainCockOut.titleShort,drinking fountain,titleShort,BackstoryDefs\Backstories_Adult.xml,def,drinking fountain,喷泉
RV2_Adult_PredCockDigest_CasualDubious_DrinkingFountainCockOut.baseDesc,"[PAWN_nameDef] likes to walk about with no pants and nuts full of spunk, free for anyone to walk up and suck out for a treat. Though, to keep up with demand, every now and then, someone has to get stuffed in and melted down into more batter.",baseDesc,BackstoryDefs\Backstories_Adult.xml,def,"<ALIMT >(PH_1)</ALIMT> likes to walk about with no pants and nuts full of spunk, free for anyone to walk up and suck out for a treat. Though, to keep up with demand, every now and then, someone has to get stuffed in and melted down into more batter.",[PAWN_nameDef]喜欢在没有裤子和充满勇气的坚果的情况下四处走动，任何人都可以自由走上前去吮吸食物。然而，为了满足需求，偶尔会有人被塞进去，熔化成更多的面糊。
RV2_Adult_PredCockDigest_OpenWilling_CallChurnerCock.title,phallic call-churner,title,BackstoryDefs\Backstories_Adult.xml,def,phallic call-churner,阳刚召唤
RV2_Adult_PredCockDigest_OpenWilling_CallChurnerCock.titleShort,call-churner,titleShort,BackstoryDefs\Backstories_Adult.xml,def,call-churner,召唤者
RV2_Adult_PredCockDigest_OpenWilling_CallChurnerCock.baseDesc,"[PAWN_nameDef] was a vore prostitute--a call-pred, but a specific kind of call-pred known as a call-churner--who allowed those with the money and the death-wish/reformation-access to purchase a gurgling on top of the vore. [PAWN_nameDef] specialized in cock vore, melting clients into cum, and then taking that cum to [PAWN_possessive] side-gig as a surrogate sire/sperm bank top-donator.",baseDesc,BackstoryDefs\Backstories_Adult.xml,def,"<ALIMT >(PH_3)</ALIMT> was a <ALIMT >vore</ALIMT> prostitute--a call-pred, but a specific kind of call-pred known as a call-churner--who allowed those with the money and the death-wish/reformation-access to purchase a gurgling on top of the <ALIMT >vore</ALIMT>. <ALIMT >(PH_2)</ALIMT> specialized in cock <ALIMT >vore</ALIMT>, melting clients into <ALIMT >cum</ALIMT>, and then taking that <ALIMT >cum</ALIMT> to <ALIMT >(PH_1)</ALIMT> side-gig as a surrogate sire/<ALIMT >sperm</ALIMT> bank top-donator.","[PAWN_nameDef]曾是一个吃人妓院 -- 一个叫妓女的装置, 而是一种被称为召唤者的特定类型的召唤者，它允许那些有钱并且有死亡愿望/改革的人在上面购买一个咯咯的吃人[PAWN_nameDef]专精公鸡吃人,将客户融化成精液,拿走精液到[PAWN_possessive]作为代孕陛下的兼职/精子银行的最高捐献者。"
RV2_Adult_PredCockDigest_OpenWilling_ChefCumAvantGarde.title,cum chef,title,BackstoryDefs\Backstories_Adult.xml,def,<ALIMT >cum</ALIMT> chef,精液前大厨
RV2_Adult_PredCockDigest_OpenWilling_ChefCumAvantGarde.titleShort,chef,titleShort,BackstoryDefs\Backstories_Adult.xml,def,chef,前大厨
RV2_Adult_PredCockDigest_OpenWilling_ChefCumAvantGarde.baseDesc,"[PAWN_nameDef] sought to revolutionize cooking with a heretofore-underutilized culinary ingredient: cum, and lots of it. While not as popular as the vanguards of breastmilk, [PAWN_nameDef] has had plenty of opportunity to figure out the do’s and don’ts of cooking with cum.",baseDesc,BackstoryDefs\Backstories_Adult.xml,def,"<ALIMT >(PH_2)</ALIMT> sought to revolutionize cooking with a heretofore-underutilized culinary ingredient: <ALIMT >cum</ALIMT>, and lots of it. While not as popular as the vanguards of breastmilk, <ALIMT >(PH_1)</ALIMT> has had plenty of opportunity to figure out the do’s and don’ts of cooking with <ALIMT >cum</ALIMT>.","[PAWN_nameDef]用以前没有得到充分利用的烹饪原料进行烹饪可以为烹饪带来革命性的变化:精液,而且很多。虽然不如乳房喷出液体（通常是乳汁）。是挤奶的前置标签。喂养的先锋队受欢迎,[PAWN_nameDef]有足够的机会了解如何烹饪精液"
RV2_Adult_PredCockDigest_OpenWilling_ModelTanukiwear.title,tanukiwear model,title,BackstoryDefs\Backstories_Adult.xml,def,tanukiwear model,Tanukiwear 模特
RV2_Adult_PredCockDigest_OpenWilling_ModelTanukiwear.titleShort,model,titleShort,BackstoryDefs\Backstories_Adult.xml,def,model,模特
RV2_Adult_PredCockDigest_OpenWilling_ModelTanukiwear.baseDesc,"Vorewear isn’t one-size-fits-all. For predators specializing in cock vore, there’s a need for skirts and dresses that can hide a swollen, struggling scrotum, or trousers that will stretch to fit and support the loins. [PAWN_nameDef] modeled those particular fashions, assisted by a sack-stuffer or two.",baseDesc,BackstoryDefs\Backstories_Adult.xml,def,"Vorewear isn’t one-size-fits-all. For predators specializing in cock <ALIMT >vore</ALIMT>, there’s a need for skirts and dresses that can hide a swollen, struggling scrotum, or trousers that will stretch to fit and support the loins. <ALIMT >(PH_1)</ALIMT> modeled those particular fashions, assisted by a sack-stuffer or two.","Vorewear 并非万能的。专门从事公鸡工作的捕食者吃人,他们需要能隐藏肿胀且挣扎的阴囊的裙子和裤子，或者能伸展以适应并支撑腰部的裤子。[PAWN_nameDef]在一两个装袋器的帮助下，为这些特殊的服装设计模型。"
RV2_Adult_PredCockDigest_OpenDubious_LivingFirehose.title,living firehose,title,BackstoryDefs\Backstories_Adult.xml,def,living firehose,活火
RV2_Adult_PredCockDigest_OpenDubious_LivingFirehose.titleShort,firefighter,titleShort,BackstoryDefs\Backstories_Adult.xml,def,<ALIMT >firefighter</ALIMT>,消防队员
RV2_Adult_PredCockDigest_OpenDubious_LivingFirehose.baseDesc,"Not every society is principled enough to value life over property. [PAWN_nameDef] was a firefighter of sorts, whose job was to commandeer any nearby ogglers into [PAWN_possessive] cock, break them down into cum, and let loose on the burning building.",baseDesc,BackstoryDefs\Backstories_Adult.xml,def,"Not every society is principled enough to value life over property. <ALIMT >(PH_2)</ALIMT> was a <ALIMT >firefighter</ALIMT> of sorts, whose job was to commandeer any nearby ogglers into <ALIMT >(PH_1)</ALIMT> cock, break them down into <ALIMT >cum</ALIMT>, and let loose on the burning building.","并不是每个社会都有足够的原则，将生命看得比财产更重要。[PAWN_nameDef]曾是一个消防队员他的工作是把附近的任何一个奥格人[PAWN_possessive]公鸡，拆成精液,并释放在着火的建筑物上。"
RV2_Adult_PredCockDigest_OpenDubious_LivingFountainCum.title,cum fountain,title,BackstoryDefs\Backstories_Adult.xml,def,<ALIMT >cum</ALIMT> fountain,精液喷泉
RV2_Adult_PredCockDigest_OpenDubious_LivingFountainCum.titleShort,living fountain,titleShort,BackstoryDefs\Backstories_Adult.xml,def,living fountain,活水喷泉
RV2_Adult_PredCockDigest_OpenDubious_LivingFountainCum.baseDesc,"Somewhere near the height of decadence is having someone on payroll whose sole job is to sit around, churn provided prey into cum, and spray it into a basin like a living fountain. [PAWN_nameDef] was that fountain.",baseDesc,BackstoryDefs\Backstories_Adult.xml,def,"Somewhere near the height of decadence is having someone on payroll whose sole job is to sit around, churn provided prey into <ALIMT >cum</ALIMT>, and spray it into a basin like a living fountain. <ALIMT >(PH_1)</ALIMT> was that fountain.","某个接近堕落顶峰的地方，有人在工资单上，其唯一的工作是坐以待毙，翻腾着提供猎物精液,然后像活水一样喷入水盆。[PAWN_nameDef]那是喷泉吗？"
RV2_Adult_PredCockDigest_OpenDubious_MintSperm.title,sperm mint,title,BackstoryDefs\Backstories_Adult.xml,def,<ALIMT >sperm</ALIMT> mint,精子薄荷
RV2_Adult_PredCockDigest_OpenDubious_MintSperm.titleShort,sperm mint,titleShort,BackstoryDefs\Backstories_Adult.xml,def,<ALIMT >sperm</ALIMT> mint,精子薄荷
RV2_Adult_PredCockDigest_OpenDubious_MintSperm.baseDesc,"[PAWN_nameDef] was a part of the sperm banking industry, but [PAWN_pronoun] didn’t receive others’ sperm in these transactions. Rather, [PAWN_possessive] job was to process society’s suicidal, undesirables, and dying, into viable sperm with which to supply the banks.",baseDesc,BackstoryDefs\Backstories_Adult.xml,def,"<ALIMT >(PH_3)</ALIMT> was a part of the <ALIMT >sperm</ALIMT> banking industry, but <ALIMT >(PH_2)</ALIMT> didn’t receive others’ <ALIMT >sperm</ALIMT> in these transactions. Rather, <ALIMT >(PH_1)</ALIMT> job was to process society’s suicidal, undesirables, and dying, into viable <ALIMT >sperm</ALIMT> with which to supply the banks.","[PAWN_nameDef]是精子银行业，但是[PAWN_pronoun]未接收其他人精子在这些交易中。相反,[PAWN_possessive]Job 是将社会上的自杀、不希望的人和垂死的人培养成可行的精子用以供应银行。"
RV2_Adult_PredCockDigest_OpenDubious_MixologistSemen.title,semenologist,title,BackstoryDefs\Backstories_Adult.xml,def,semenologist,符号学家
RV2_Adult_PredCockDigest_OpenDubious_MixologistSemen.titleShort,bartender,titleShort,BackstoryDefs\Backstories_Adult.xml,def,bartender,酒保
RV2_Adult_PredCockDigest_OpenDubious_MixologistSemen.baseDesc,Keeping up with the demand for semen-infused drinks is the sort of thing that only a regular phallic solveur like [PAWN_nameDef] can muster. The hose is kept spraying with a supply of unruly patrons.,baseDesc,BackstoryDefs\Backstories_Adult.xml,def,Keeping up with the demand for <ALIMT >semen</ALIMT>-infused drinks is the sort of thing that only a regular phallic solveur like <ALIMT >(PH_1)</ALIMT> can muster. The hose is kept spraying with a supply of unruly patrons.,满足需求精液-泡制饮料是只有普通的佛教徒喜欢的东西[PAWN_nameDef]可以聚集。水管不断喷出一些不守规矩的赞助人。
RV2_Adult_PredCockDigest_OpenDubious_SpermBullAlpha.title,alpha sperm bull,title,BackstoryDefs\Backstories_Adult.xml,def,alpha <ALIMT >sperm</ALIMT> <ALIMT >bull</ALIMT>,阿尔法spermbull
RV2_Adult_PredCockDigest_OpenDubious_SpermBullAlpha.titleShort,sperm bull,titleShort,BackstoryDefs\Backstories_Adult.xml,def,<ALIMT >sperm</ALIMT> <ALIMT >bull</ALIMT>,精子 牛🐂
RV2_Adult_PredCockDigest_OpenDubious_SpermBullAlpha.baseDesc,"[PAWN_nameDef] was a free-range sperm bull who abused the lack of constant oversight to form a clique and hog the feeder-prey. Whenever prey for the bulls’ hogs were released into the fraternal neighborhood, [PAWN_pronoun] beat [PAWN_possessive] comrades to the punch and took more prey than [PAWN_pronoun] needed.",baseDesc,BackstoryDefs\Backstories_Adult.xml,def,"<ALIMT >(PH_4)</ALIMT> was a free-range <ALIMT >sperm</ALIMT> <ALIMT >bull</ALIMT> who abused the lack of constant oversight to form a clique and hog the feeder-prey. Whenever prey for the bulls’ hogs were released into the fraternal neighborhood, <ALIMT >(PH_3)</ALIMT> beat <ALIMT >(PH_2)</ALIMT> comrades to the punch and took more prey than <ALIMT >(PH_1)</ALIMT> needed.","[PAWN_nameDef]是自由放养的spermbull谁滥用缺乏持续的监督来形成一个集团和猪的饲养员-猎物。每当公牛猪的猎物被释放到兄弟般的社区,[PAWN_pronoun]击败[PAWN_possessive]战友对拳猛击和掠夺的猎物比[PAWN_pronoun]需要。"
RV2_Adult_PredCockDigest_OpenDubious_SpermBullFreeRange.title,free-range sperm bull,title,BackstoryDefs\Backstories_Adult.xml,def,free-range <ALIMT >sperm</ALIMT> <ALIMT >bull</ALIMT>,自由射程spermbull
RV2_Adult_PredCockDigest_OpenDubious_SpermBullFreeRange.titleShort,sperm bull,titleShort,BackstoryDefs\Backstories_Adult.xml,def,<ALIMT >sperm</ALIMT> <ALIMT >bull</ALIMT>,精子 牛🐂
RV2_Adult_PredCockDigest_OpenDubious_SpermBullFreeRange.baseDesc,"[PAWN_nameDef] was basically an industrial stud with a bit of freedom. Instead of the solitude of the pen, a diet of meds, and a constant forced unsowing of more prey, [PAWN_pronoun] got to live in a sperm bull fraternity with less dehumanizing furniture, better food, and a loose schedule, on the condition that [PAWN_pronoun] still met production quotas. To that end, prey would still be delivered to the fraternal neighborhood: it was up to the bulls to seek them out.",baseDesc,BackstoryDefs\Backstories_Adult.xml,def,"<ALIMT >(PH_3)</ALIMT> was basically an industrial stud with a bit of freedom. Instead of the solitude of the pen, a diet of meds, and a constant <ALIMT >forced</ALIMT> unsowing of more prey, <ALIMT >(PH_2)</ALIMT> got to live in a <ALIMT >sperm</ALIMT> <ALIMT >bull</ALIMT> fraternity with less dehumanizing furniture, better food, and a loose schedule, on the condition that <ALIMT >(PH_1)</ALIMT> still met production quotas. To that end, prey would still be delivered to the fraternal neighborhood: it was up to the bulls to seek them out.","[PAWN_nameDef]基本上是一个有点自由的工业动物。而不是孤独的畜栏，一个饮食的药物，和一个恒定的强迫解锁播种更多的猎物,[PAWN_pronoun]必须居住在spermbull拥有更少的非人化家具、更好的食物、松散的日程安排的联谊会，条件是[PAWN_pronoun]仍然达到生产配额。为此，猎物仍然会被送到兄弟般的社区: 这取决于公牛去寻找它们。"
RV2_Adult_PredCockDigest_OpenDubious_SpermBullIndustrial.title,industrial sperm bull,title,BackstoryDefs\Backstories_Adult.xml,def,industrial <ALIMT >sperm</ALIMT> <ALIMT >bull</ALIMT>,工业时代spermbull
RV2_Adult_PredCockDigest_OpenDubious_SpermBullIndustrial.titleShort,sperm bull,titleShort,BackstoryDefs\Backstories_Adult.xml,def,<ALIMT >sperm</ALIMT> <ALIMT >bull</ALIMT>,精子 牛🐂
RV2_Adult_PredCockDigest_OpenDubious_SpermBullIndustrial.baseDesc,"[PAWN_nameDef] was, essentially, an industrial stud, on a farm which produced rich, potent semen from chemically-enhanced bulls and bullesses. To enhance [PAWN_possessive] production, they medicated [PAWN_possessive] food and slipped plenty of prey into [PAWN_possessive] cock. While the drugs have dulled [PAWN_possessive] mind and neutered [PAWN_possessive] violent urges, [PAWN_nameDef] has learned a lot about how to treat a farm animal.",baseDesc,BackstoryDefs\Backstories_Adult.xml,def,"<ALIMT >(PH_7)</ALIMT> was, essentially, an industrial stud, on a farm which produced rich, potent <ALIMT >semen</ALIMT> from chemically-enhanced bulls and bullesses. To enhance <ALIMT >(PH_6)</ALIMT> production, they medicated <ALIMT >(PH_5)</ALIMT> food and slipped plenty of prey into <ALIMT >(PH_4)</ALIMT> cock. While the <ALIMT >drugs</ALIMT> have dulled <ALIMT >(PH_3)</ALIMT> mind and neutered <ALIMT >(PH_2)</ALIMT> violent urges, <ALIMT >(PH_1)</ALIMT> has learned a lot about how to treat a farm animal.","[PAWN_nameDef]从根本上说，它是一个工业母树，生长迅速，产出丰厚精液来自于经过化学强化的公牛和斗牛士。增强[PAWN_possessive]生产中，他们使用医药[PAWN_possessive]食物和大量猎物[PAWN_possessive]公鸡。虽然药物变得迟钝[PAWN_possessive]意志与阉割[PAWN_possessive]暴力冲动,[PAWN_nameDef]学会了如何对待农场动物。"
RV2_Adult_PredCockDigest_SecretDubious_PulverizerProteinPowder.title,protein powder pulverizer,title,BackstoryDefs\Backstories_Adult.xml,def,protein powder pulverizer,蛋白粉粉碎机
RV2_Adult_PredCockDigest_SecretDubious_PulverizerProteinPowder.titleShort,pulverizer,titleShort,BackstoryDefs\Backstories_Adult.xml,def,pulverizer,粉碎机者
RV2_Adult_PredCockDigest_SecretDubious_PulverizerProteinPowder.baseDesc,"[PAWN_nameDef] mixed protein powder at a factory with two trade secrets, one layered within the other. First, the protein powder they sold was 90% semen by volume. Second, that semen was originally people.",baseDesc,BackstoryDefs\Backstories_Adult.xml,def,"<ALIMT >(PH_1)</ALIMT> mixed protein powder at a factory with two trade secrets, one layered within the other. First, the protein powder they sold was 90% <ALIMT >semen</ALIMT> by volume. Second, that <ALIMT >semen</ALIMT> was originally people.",[PAWN_nameDef]在一个有两个商业秘密的工厂里混合蛋白质粉末，一个内部分层另一个内部分层。一、他们卖的蛋白粉是 90%精液按体积计算。第二，那个精液最初是人。
RV2_Adult_PredCockDigest_SecretDubious_PunkSpunk.title,spunk punk,title,BackstoryDefs\Backstories_Adult.xml,def,spunk punk,尖刺朋克
RV2_Adult_PredCockDigest_SecretDubious_PunkSpunk.titleShort,punk,titleShort,BackstoryDefs\Backstories_Adult.xml,def,punk,朋克
RV2_Adult_PredCockDigest_SecretDubious_PunkSpunk.baseDesc,"[PAWN_nameDef] was like many artsy urban hooligans, channeling their creative energies into graffiti, but unlike the rest, [PAWN_pronoun] used cum instead of spraypaint, churned from those who encroached on [PAWN_possessive] territory and spritzed with an adherent oil that made it stick. Eventually, [PAWN_pronoun] got very talented at controlling the spurts.",baseDesc,BackstoryDefs\Backstories_Adult.xml,def,"<ALIMT >(PH_4)</ALIMT> was like many artsy urban hooligans, channeling their creative energies into graffiti, but unlike the rest, <ALIMT >(PH_3)</ALIMT> used <ALIMT >cum</ALIMT> instead of spraypaint, churned from those who encroached on <ALIMT >(PH_2)</ALIMT> territory and spritzed with an adherent oil that made it stick. Eventually, <ALIMT >(PH_1)</ALIMT> got very talented at controlling the spurts.","[PAWN_nameDef]就像许多艺术都市流氓一样，将他们的创造力转化为涂鸦，但和其他人不同,[PAWN_pronoun]使用精液不是喷涂涂料，而是由那些侵犯了[PAWN_possessive]然后喷上一种可以使其保持行动能力的油质。最终,[PAWN_pronoun]在控制喷射体方面非常有天赋。"
RV2_Adult_PredCockDigest_SecretUnwilling_SerialPredatorCock.title,serial cumgester,title,BackstoryDefs\Backstories_Adult.xml,def,serial cumgester,连载破布者
RV2_Adult_PredCockDigest_SecretUnwilling_SerialPredatorCock.titleShort,serial cumgester,titleShort,BackstoryDefs\Backstories_Adult.xml,def,serial cumgester,连载破布者
RV2_Adult_PredCockDigest_SecretUnwilling_SerialPredatorCock.baseDesc,"[PAWN_nameDef] is a serial unsower of fatal persuasion. [PAWN_pronoun] prowled around at night, always looking for more warm bodies to sound down [PAWN_possessive] cock and churn into a puddle of splooge or an overfilled extra-large condom. Leaving [PAWN_possessive] batter somewhere it would be noticed was the finishing touch on the deed.",baseDesc,BackstoryDefs\Backstories_Adult.xml,def,"<ALIMT >(PH_4)</ALIMT> is a serial unsower of fatal persuasion. <ALIMT >(PH_3)</ALIMT> prowled around at night, always looking for more warm bodies to sound down <ALIMT >(PH_2)</ALIMT> cock and churn into a puddle of splooge or an overfilled extra-large <ALIMT >condom</ALIMT>. Leaving <ALIMT >(PH_1)</ALIMT> batter somewhere it would be noticed was the finishing <ALIMT >touch</ALIMT> on the deed.",[PAWN_nameDef]是一个连续的致命劝说者。[PAWN_pronoun]晚上四处游荡，总是寻找更温暖的身体声音[PAWN_possessive]将公鸡和大鸡仔翻腾成一滩血或者是一个超大件塑料套，旨在保护使用者和其伙伴免受不必要的性病以及怀孕。正在离开[PAWN_possessive]在某处，它会被注意到是完成触摸在契约上。
RV2_Adult_PredNippleDigest_OpenDubious_SpermBullEscaped.title,escaped sperm bull,title,BackstoryDefs\Backstories_Adult.xml,def,escaped <ALIMT >sperm</ALIMT> <ALIMT >bull</ALIMT>,逃跑了spermbull
RV2_Adult_PredNippleDigest_OpenDubious_SpermBullEscaped.titleShort,sperm bull,titleShort,BackstoryDefs\Backstories_Adult.xml,def,<ALIMT >sperm</ALIMT> <ALIMT >bull</ALIMT>,精子 牛🐂
RV2_Adult_PredNippleDigest_OpenDubious_SpermBullEscaped.baseDesc,"[PAWN_nameDef] was kidnapped and held against [PAWN_possessive] will by a sperm farm, in which [PAWN_pronoun] was dehumanized, forcefully medicated, and made to unsow countless dubiously-sourced prey in the name of constant milk production. [PAWN_pronoun] managed to escape before the drugs effectively himbofied [PAWN_objective], but [PAWN_pronoun] empathizes too much with animals to treat them as such anymore.",baseDesc,BackstoryDefs\Backstories_Adult.xml,def,"<ALIMT >(PH_6)</ALIMT> was kidnapped and held against <ALIMT >(PH_5)</ALIMT> will by a <ALIMT >sperm</ALIMT> farm, in which <ALIMT >(PH_4)</ALIMT> was dehumanized, forcefully medicated, and made to unsow countless dubiously-sourced prey in the name of constant milk production. <ALIMT >(PH_3)</ALIMT> managed to escape before the <ALIMT >drugs</ALIMT> effectively himbofied <ALIMT >(PH_2)</ALIMT>, but <ALIMT >(PH_1)</ALIMT> empathizes too much with animals to treat them as such anymore.","[PAWN_nameDef]被绑架并关押[PAWN_possessive]意志由一个精子农场，在[PAWN_pronoun]因其失去了人性，被强力的医药所强化，并以持续产出为名，驱赶了无数个来源可疑的猎物。[PAWN_pronoun]成功逃脱前药物被有效地游泳[PAWN_objective],但[PAWN_pronoun]同情太多的动物，以至于不能再这样对待它们。"
RV2_Adult_PredCockTempEndo_OpenWilling_CallPlairePhallic.title,phallic call-plaire,title,BackstoryDefs\Backstories_Adult.xml,def,phallic call-plaire,阳具召唤
RV2_Adult_PredCockTempEndo_OpenWilling_CallPlairePhallic.titleShort,call-plaire,titleShort,BackstoryDefs\Backstories_Adult.xml,def,call-plaire,呼求者
RV2_Adult_PredCockTempEndo_OpenWilling_CallPlairePhallic.baseDesc,"[PAWN_nameDef] was a vore prostitute--a call-pred, but a specific kind of call-pred known as a call-plaire--who sold access to [PAWN_possessive] insides for individual clients and groups to pleasure themselves in before being let out after a while. [PAWN_nameDef] specialized in cock vore, which ended up becoming a core part of [PAWN_possessive] weightlifting routine, since [PAWN_possessive] legs and abs started to bulk up anyways, just from supporting the weight of [PAWN_possessive] clients, which made [PAWN_possessive] arms look weak.",baseDesc,BackstoryDefs\Backstories_Adult.xml,def,"<ALIMT >(PH_7)</ALIMT> was a <ALIMT >vore</ALIMT> prostitute--a call-pred, but a specific kind of call-pred known as a call-plaire--who sold access to <ALIMT >(PH_6)</ALIMT> insides for individual clients and groups to pleasure themselves in before being let out after a while. <ALIMT >(PH_5)</ALIMT> specialized in cock <ALIMT >vore</ALIMT>, which ended up becoming a core part of <ALIMT >(PH_4)</ALIMT> weightlifting routine, since <ALIMT >(PH_3)</ALIMT> legs and abs started to bulk up anyways, just from supporting the weight of <ALIMT >(PH_2)</ALIMT> clients, which made <ALIMT >(PH_1)</ALIMT> arms look weak.","[PAWN_nameDef]曾是一个吃人名妓 -- 一种呼唤者，但又有一种被称为呼唤者的呼唤者 -- 出售给[PAWN_possessive]为客户和团体提供娱乐的内部空间，一段时间后才被放出去。[PAWN_nameDef]专精公鸡吃人,最终成为[PAWN_possessive]举重程序，自[PAWN_possessive]无论如何腿部和腹肌都开始增大，仅仅因为支撑着[PAWN_possessive]客户端，它使[PAWN_possessive]手臂看起来很虚弱。"
RV2_Adult_PredCockTempEndo_OpenWilling_MasseurCock.title,schlong masseur,title,BackstoryDefs\Backstories_Adult.xml,def,schlong masseur,斜刘海按摩师
RV2_Adult_PredCockTempEndo_OpenWilling_MasseurCock.titleShort,masseur,titleShort,BackstoryDefs\Backstories_Adult.xml,def,masseur,按摩师
RV2_Adult_PredCockTempEndo_OpenWilling_MasseurCock.baseDesc,"[PAWN_nameDef] was a vore prostitute--a call-pred, but a specific kind of call-pred known as a call-plaire--who sold access to [PAWN_possessive] insides for individual clients and groups to pleasure themselves in before being let out after a while. [PAWN_nameDef] specialized in cock vore, which ended up becoming a core part of [PAWN_possessive] weightlifting routine, since [PAWN_possessive] legs and abs started to bulk up anyways, just from supporting the weight of [PAWN_possessive] clients, which made [PAWN_possessive] arms look weak.",baseDesc,BackstoryDefs\Backstories_Adult.xml,def,"<ALIMT >(PH_7)</ALIMT> was a <ALIMT >vore</ALIMT> prostitute--a call-pred, but a specific kind of call-pred known as a call-plaire--who sold access to <ALIMT >(PH_6)</ALIMT> insides for individual clients and groups to pleasure themselves in before being let out after a while. <ALIMT >(PH_5)</ALIMT> specialized in cock <ALIMT >vore</ALIMT>, which ended up becoming a core part of <ALIMT >(PH_4)</ALIMT> weightlifting routine, since <ALIMT >(PH_3)</ALIMT> legs and abs started to bulk up anyways, just from supporting the weight of <ALIMT >(PH_2)</ALIMT> clients, which made <ALIMT >(PH_1)</ALIMT> arms look weak.","[PAWN_nameDef]曾是一个吃人名妓 -- 一种呼唤者，但又有一种被称为呼唤者的呼唤者 -- 出售给[PAWN_possessive]为客户和团体提供娱乐的内部空间，一段时间后才被放出去。[PAWN_nameDef]专精公鸡吃人,最终成为[PAWN_possessive]举重程序，自[PAWN_possessive]无论如何腿部和腹肌都开始增大，仅仅因为支撑着[PAWN_possessive]客户端，它使[PAWN_possessive]手臂看起来很虚弱。"
RV2_Adult_PredCockTempEndo_OpenWilling_SpaAttendantFertility.title,fertility spa attendant,title,BackstoryDefs\Backstories_Adult.xml,def,fertility spa attendant,生育水疗中心服务员
RV2_Adult_PredCockTempEndo_OpenWilling_SpaAttendantFertility.titleShort,spa attendant,titleShort,BackstoryDefs\Backstories_Adult.xml,def,spa attendant,水疗服务员
RV2_Adult_PredCockTempEndo_OpenWilling_SpaAttendantFertility.baseDesc,"[PAWN_nameDef] provided spa services to couples and single bearers struggling to conceive. Clients would be unsown down into [PAWN_possessive] balls, where they would be encouraged to have sex or masturbate to their heart’s content, so long as they accepted any risk of [PAWN_nameDef] being the actual biological sire.",baseDesc,BackstoryDefs\Backstories_Adult.xml,def,"<ALIMT >(PH_3)</ALIMT> provided spa services to couples and single bearers struggling to conceive. Clients would be unsown down into <ALIMT >(PH_2)</ALIMT> balls, where they would be encouraged to have <ALIMT >sex</ALIMT> or masturbate to their heart’s content, so long as they accepted any risk of <ALIMT >(PH_1)</ALIMT> being the actual biological sire.",[PAWN_nameDef]为难以怀孕的夫妇和单亲家庭提供水疗服务。客户将被卸载[PAWN_possessive]球，鼓励他们去的地方性交或者尽情自慰，只要他们接受以下风险[PAWN_nameDef]成为真正的生物陛下。
RV2_Adult_PredCockTempEndo_SecretUnwilling_SerialRavisseurCock.title,serial phallic ravisseur,title,BackstoryDefs\Backstories_Adult.xml,def,serial phallic ravisseur,系列阳刚 raisseur
RV2_Adult_PredCockTempEndo_SecretUnwilling_SerialRavisseurCock.titleShort,ravisseur,titleShort,BackstoryDefs\Backstories_Adult.xml,def,ravisseur,蹒跚怪
RV2_Adult_PredCockTempEndo_SecretUnwilling_SerialRavisseurCock.baseDesc,"[PAWN_nameDef] is a ravisseur: a predator who uses vore for short-term kidnapping. [PAWN_pronoun] just did it to unwilling prey for kicks. You can get some serious distance from your poor, abused sounding rod just by launching your prey over a wall or into a ditch.",baseDesc,BackstoryDefs\Backstories_Adult.xml,def,"<ALIMT >(PH_2)</ALIMT> is a ravisseur: a predator who uses <ALIMT >vore</ALIMT> for short-term kidnapping. <ALIMT >(PH_1)</ALIMT> just did it to unwilling prey for kicks. You can get some serious distance from your poor, abused sounding rod just by launching your prey over a wall or into a ditch.",[PAWN_nameDef]是一名 ravisseur: 一种使用吃人罪名是短期绑架。[PAWN_pronoun]只是为了不愿意被捕食。你可以通过将你的猎物越过墙壁或发射到沟渠中，与你那被滥用的探测杆保持距离。
RV2_Adult_PredCockLongendo_SecretUnwilling_SerialGeolierCock.title,serial phallic geolier,title,BackstoryDefs\Backstories_Adult.xml,def,serial phallic geolier,系列阳刚矿物
RV2_Adult_PredCockLongendo_SecretUnwilling_SerialGeolierCock.titleShort,geolier,titleShort,BackstoryDefs\Backstories_Adult.xml,def,geolier,大地巨石
RV2_Adult_PredCockLongendo_SecretUnwilling_SerialGeolierCock.baseDesc,"[PAWN_nameDef] is a geolier: a predator who uses vore for long-term imprisonment. [PAWN_pronoun] just did it to unwilling prey for kicks. If you want to make absolutely sure you get your prey pregnant, why not just stow them in your balls for... forever?",baseDesc,BackstoryDefs\Backstories_Adult.xml,def,"<ALIMT >(PH_2)</ALIMT> is a geolier: a predator who uses <ALIMT >vore</ALIMT> for long-term imprisonment. <ALIMT >(PH_1)</ALIMT> just did it to unwilling prey for kicks. If you want to make absolutely sure you get your prey <ALIMT >pregnant</ALIMT>, why not just stow them in your balls for... <ALIMT >forever</ALIMT>?","[PAWN_nameDef]是一个地质体: 一种捕食者使用吃人长期监禁。[PAWN_pronoun]只是为了不愿意被捕食。如果你想确保抓住猎物怀孕,就这样把它们丢进你的蛋蛋里吧。永远什么？"
RV2_Adult_PredNippleAnygoal_CasualDubious_SuperstarPredatorMammary.title,mammary pred superstar,title,BackstoryDefs\Backstories_Adult.xml,def,mammary pred superstar,怀孕巨星
RV2_Adult_PredNippleAnygoal_CasualDubious_SuperstarPredatorMammary.titleShort,mammary star,titleShort,BackstoryDefs\Backstories_Adult.xml,def,mammary star,母星
RV2_Adult_PredNippleAnygoal_CasualDubious_SuperstarPredatorMammary.baseDesc,"[PAWN_nameDef]’s bounteous breasts are as accustomed to unnursing random people off the street as they are to feeding them--sometimes, just because the victim’s standing in the way. The milk [PAWN_pronoun] produces is a sought-after delicacy across numerous glitterworlds, especially from the source.",baseDesc,BackstoryDefs\Backstories_Adult.xml,def,"<ALIMT >(PH_2)</ALIMT>’s bounteous <ALIMT >breasts</ALIMT> are as accustomed to unnursing random people off the street as they are to feeding them--sometimes, just because the victim’s standing in the way. The milk <ALIMT >(PH_1)</ALIMT> produces is a sought-after delicacy across numerous glitterworlds, especially from the source.",[PAWN_nameDef]接受赏赐乳房我们已经习惯了不哺育街上的随机一群人像哺育他们一样 -- 有时候，仅仅因为受害者的阻碍。奶白[PAWN_pronoun]在闪耀世界中，产物是一种广受追捧的美味，尤其是从源头上。
RV2_Adult_PredNippleDigest_CasualDubious_DrinkingFountainTitsOut.title,tits-out drinking fountain,title,BackstoryDefs\Backstories_Adult.xml,def,tits-out drinking fountain,露天喷泉
RV2_Adult_PredNippleDigest_CasualDubious_DrinkingFountainTitsOut.titleShort,drinking fountain,titleShort,BackstoryDefs\Backstories_Adult.xml,def,drinking fountain,喷泉
RV2_Adult_PredNippleDigest_CasualDubious_DrinkingFountainTitsOut.baseDesc,"[PAWN_nameDef] is seldom seen with a top on, and if [PAWN_pronoun] does have one, it’s something that can be flipped up easily to free [PAWN_possessive] titties. The taps are free for public consumption, but watch out--[PAWN_pronoun] needs to keep topped up, and those who drink too selfishly or too roughly are prime candidates for a refill.",baseDesc,BackstoryDefs\Backstories_Adult.xml,def,"<ALIMT >(PH_4)</ALIMT> is seldom seen with a top on, and if <ALIMT >(PH_3)</ALIMT> does have one, it’s something that can be flipped up easily to free <ALIMT >(PH_2)</ALIMT> titties. The taps are free for <ALIMT >public</ALIMT> consumption, but watch out--<ALIMT >(PH_1)</ALIMT> needs to keep topped up, and those who drink too selfishly or too roughly are prime candidates for a refill.",[PAWN_nameDef]很少看到上衣，如果[PAWN_pronoun]确实有一个，很容易就能被释放[PAWN_possessive]乳头。水龙头免费用于公共场所消耗，但要小心 --[PAWN_pronoun]需要补充能量，那些喝得太自私或太粗暴的人是补充能量的最佳候选人。
RV2_Adult_PredNippleDigest_CasualDubious_MilkshakeMixer.title,milkshake mixer,title,BackstoryDefs\Backstories_Adult.xml,def,milkshake mixer,奶昔搅拌器
RV2_Adult_PredNippleDigest_CasualDubious_MilkshakeMixer.titleShort,milkshaker,titleShort,BackstoryDefs\Backstories_Adult.xml,def,milkshaker,奶床
RV2_Adult_PredNippleDigest_CasualDubious_MilkshakeMixer.baseDesc,[PAWN_nameDef] personally mixed the milkshakes [PAWN_possessive] diner was famous for. [PAWN_possessive] dugs were responsible for the fantastic flavor customers kept coming back for. Those who didn’t like [PAWN_possessive] milkshakes (and those who said they would die for [PAWN_possessive] milkshakes) were strongly invited to contribute their own flavor.,baseDesc,BackstoryDefs\Backstories_Adult.xml,def,<ALIMT >(PH_5)</ALIMT> personally mixed the milkshakes <ALIMT >(PH_4)</ALIMT> diner was famous for. <ALIMT >(PH_3)</ALIMT> dugs were responsible for the fantastic flavor customers kept coming back for. Those who didn’t like <ALIMT >(PH_2)</ALIMT> milkshakes (and those who said they would die for <ALIMT >(PH_1)</ALIMT> milkshakes) were strongly invited to contribute their own flavor.,[PAWN_nameDef]亲手将奶昔混合[PAWN_possessive]食客因其出名而出名。[PAWN_possessive]杜格斯对顾客不断回来寻找的神奇口味负有责任。不喜欢的人[PAWN_possessive]奶昔 (和那些说要为[PAWN_possessive]奶昔) 被强烈邀请来贡献自己的风味。
RV2_Adult_PredNippleDigest_OpenWilling_CallChurnerMammary.title,mammary call-churner,title,BackstoryDefs\Backstories_Adult.xml,def,mammary call-churner,乳腺召唤仪
RV2_Adult_PredNippleDigest_OpenWilling_CallChurnerMammary.titleShort,call-churner,titleShort,BackstoryDefs\Backstories_Adult.xml,def,call-churner,召唤者
RV2_Adult_PredNippleDigest_OpenWilling_CallChurnerMammary.baseDesc,"[PAWN_nameDef] was a vore prostitute--a call-pred, but a specific kind of call-pred known as a call-churner--who allowed those with the money and the death-wish/reformation-access to purchase a gurgling on top of the vore. [PAWN_nameDef] specialized in nipple vore, melting clients into milk. While it was nice at first to have something filling to drink, on and after the job, [PAWN_pronoun] eventually had to learn how to make cheese, butter, ice cream, and more, once [PAWN_pronoun] got tired of milk.",baseDesc,BackstoryDefs\Backstories_Adult.xml,def,"<ALIMT >(PH_4)</ALIMT> was a <ALIMT >vore</ALIMT> prostitute--a call-pred, but a specific kind of call-pred known as a call-churner--who allowed those with the money and the death-wish/reformation-access to purchase a gurgling on top of the <ALIMT >vore</ALIMT>. <ALIMT >(PH_3)</ALIMT> specialized in <ALIMT >nipple</ALIMT> <ALIMT >vore</ALIMT>, melting clients into milk. While it was nice at first to have something filling to drink, on and after the job, <ALIMT >(PH_2)</ALIMT> eventually had to learn how to make cheese, <ALIMT >butter</ALIMT>, ice cream, and more, once <ALIMT >(PH_1)</ALIMT> got tired of milk.","[PAWN_nameDef]曾是一个吃人妓院 -- 一个叫妓女的装置, 而是一种被称为召唤者的特定类型的召唤者，它允许那些有钱并且有死亡愿望/改革的人在上面购买一个咯咯的吃人[PAWN_nameDef]专精于nipplevore,将客户融化成乳汁。一开始工作前后喝点东西还是不错的,[PAWN_pronoun]最终不得不学习如何制作奶酪,牛油、冰淇淋等，一次[PAWN_pronoun]对牛奶感到厌烦了。"
RV2_Adult_PredNippleDigest_OpenWilling_ChefBreastmilkGourmet.title,gourmet breastmilk chef,title,BackstoryDefs\Backstories_Adult.xml,def,gourmet breastmilk chef,美食家乳房喷出液体（通常是乳汁）。是挤奶的前置标签。喂养厨师
RV2_Adult_PredNippleDigest_OpenWilling_ChefBreastmilkGourmet.titleShort,chef,titleShort,BackstoryDefs\Backstories_Adult.xml,def,chef,前大厨
RV2_Adult_PredNippleDigest_OpenWilling_ChefBreastmilkGourmet.baseDesc,"[PAWN_nameDef] uses only the finest milk for [PAWN_possessive] five-star meals: [PAWN_possessive] own. Of course, this demands a bit more milk than the body can easily produce, so [PAWN_pronoun] relies on a steady stream of prey who would dream of nothing other than to be churned into milk for [PAWN_nameDef]’s masterpieces.",baseDesc,BackstoryDefs\Backstories_Adult.xml,def,"<ALIMT >(PH_5)</ALIMT> uses only the finest milk for <ALIMT >(PH_4)</ALIMT> five-star meals: <ALIMT >(PH_3)</ALIMT> own. Of course, this demands a bit more milk than the body can easily produce, so <ALIMT >(PH_2)</ALIMT> relies on a steady stream of prey who would dream of nothing other than to be churned into milk for <ALIMT >(PH_1)</ALIMT>’s masterpieces.",[PAWN_nameDef]仅使用最好的乳汁[PAWN_possessive]五星餐食:[PAWN_possessive]拥有。当然，这需要的乳汁比身体容易制造的多一点，所以[PAWN_pronoun]依靠的是源源不断的猎物，它们会空手而归，只会被搅拌成乳汁用于[PAWN_nameDef]的杰作。
RV2_Adult_PredNippleDigest_OpenWilling_ModelLibrawear.title,librawear model,title,BackstoryDefs\Backstories_Adult.xml,def,librawear model,天马座模特
RV2_Adult_PredNippleDigest_OpenWilling_ModelLibrawear.titleShort,model,titleShort,BackstoryDefs\Backstories_Adult.xml,def,model,模特
RV2_Adult_PredNippleDigest_OpenWilling_ModelLibrawear.baseDesc,"Vorewear isn’t one-size-fits-all. For predators specializing in breast vore, there’s a need for bras and shirts that can support and contain massive, prey-laden breasts and even make the asymmetry of single-prey nipple vore seem flattering. [PAWN_nameDef] models these fashions, assisted by the bra-padders fed to [PAWN_objective] before [PAWN_pronoun] gets on the runway.",baseDesc,BackstoryDefs\Backstories_Adult.xml,def,"Vorewear isn’t one-size-fits-all. For predators specializing in <ALIMT >breast</ALIMT> <ALIMT >vore</ALIMT>, there’s a need for bras and shirts that can support and contain massive, prey-laden <ALIMT >breasts</ALIMT> and even make the asymmetry of single-prey <ALIMT >nipple</ALIMT> <ALIMT >vore</ALIMT> seem flattering. <ALIMT >(PH_3)</ALIMT> models these fashions, assisted by the <ALIMT >bra</ALIMT>-padders fed to <ALIMT >(PH_2)</ALIMT> before <ALIMT >(PH_1)</ALIMT> gets on the runway.","Vorewear 并非万能的。为捕食者专用breastvore,我们需要能够支撑和收容大量猎物的胸罩和衬衫乳房甚至可以使猎物不对称nipplevore似乎在恭维。[PAWN_nameDef]这些时尚模特，辅之以胸罩-喂食[PAWN_objective]之前[PAWN_pronoun]走上跑道。"
RV2_Adult_PredNippleDigest_OpenDubious_Cheesemaker.title,cheesemaker,title,BackstoryDefs\Backstories_Adult.xml,def,cheesemaker,奶酪制作者
RV2_Adult_PredNippleDigest_OpenDubious_Cheesemaker.titleShort,cheesemaker,titleShort,BackstoryDefs\Backstories_Adult.xml,def,cheesemaker,奶酪制作者
RV2_Adult_PredNippleDigest_OpenDubious_Cheesemaker.baseDesc,"[PAWN_nameDef] likes to churn people into breastmilk well enough, but drinking the milk straight is for plebians. Real sophisticates, like [PAWN_objective]self, age it into cheese first.",baseDesc,BackstoryDefs\Backstories_Adult.xml,def,"<ALIMT >(PH_2)</ALIMT> likes to churn people into breastmilk well enough, but drinking the milk straight is for plebians. Real sophisticates, like <ALIMT >(PH_1)</ALIMT>self, age it into cheese first.",[PAWN_nameDef]喜欢把人搅拌得足够好，但是直接喝乳房喷出液体（通常是乳汁）。是挤奶的前置标签。是为平民准备的。真正的狡猾之徒，就像[PAWN_objective]自己，先把它衰老成奶酪。
RV2_Adult_PredNippleDigest_OpenDubious_LivingFountainMilk.title,milk fountain,title,BackstoryDefs\Backstories_Adult.xml,def,milk fountain,喷泉
RV2_Adult_PredNippleDigest_OpenDubious_LivingFountainMilk.titleShort,living fountain,titleShort,BackstoryDefs\Backstories_Adult.xml,def,living fountain,活水喷泉
RV2_Adult_PredNippleDigest_OpenDubious_LivingFountainMilk.baseDesc,"Somewhere near the height of decadence is having someone on payroll whose sole job is to sit around, churn provided prey into milk, and spray it into a basin like a living fountain. [PAWN_nameDef] was that fountain.",baseDesc,BackstoryDefs\Backstories_Adult.xml,def,"Somewhere near the height of decadence is having someone on payroll whose sole job is to sit around, churn provided prey into milk, and spray it into a basin like a living fountain. <ALIMT >(PH_1)</ALIMT> was that fountain.",某个接近堕落顶峰的地方，有人在工资单上，其唯一的工作是坐着，将提供的猎物搅拌成乳汁，然后像活水一样喷射到盆中。[PAWN_nameDef]那是喷泉吗？
RV2_Adult_PredNippleDigest_OpenDubious_MilkmaidAlpha.title,alpha milklad,title,BackstoryDefs\Backstories_Adult.xml,def,alpha milklad,阿尔法米尔加德
RV2_Adult_PredNippleDigest_OpenDubious_MilkmaidAlpha.titleShort,milklad,titleShort,BackstoryDefs\Backstories_Adult.xml,def,milklad,轻机枪
RV2_Adult_PredNippleDigest_OpenDubious_MilkmaidAlpha.baseDesc,"[PAWN_nameDef] was a free-range dairy cow who abused the lack of constant oversight to form a clique and hog the feeder-prey. Whenever prey for the milkmaids’ milkers were released into the sororal neighborhood, [PAWN_pronoun] beat [PAWN_possessive] comrades to the punch and took more prey than [PAWN_pronoun] needed.",baseDesc,BackstoryDefs\Backstories_Adult.xml,def,"<ALIMT >(PH_4)</ALIMT> was a free-range dairy cow who abused the lack of constant oversight to form a clique and hog the feeder-prey. Whenever prey for the milkmaids’ milkers were released into the sororal neighborhood, <ALIMT >(PH_3)</ALIMT> beat <ALIMT >(PH_2)</ALIMT> comrades to the punch and took more prey than <ALIMT >(PH_1)</ALIMT> needed.","[PAWN_nameDef]是一只自由放养的奶牛，它滥用缺乏持续的监督来形成一个集团，并以饲养动物为食。每当牧场主的收取者的猎物被释放到索罗拉附近,[PAWN_pronoun]击败[PAWN_possessive]战友对拳猛击和掠夺的猎物比[PAWN_pronoun]需要。"
RV2_Adult_PredNippleDigest_OpenDubious_MilkmaidFreeRange.title,free-range milklad,title,BackstoryDefs\Backstories_Adult.xml,def,free-range milklad,自由射程的轻机枪
RV2_Adult_PredNippleDigest_OpenDubious_MilkmaidFreeRange.titleShort,milklad,titleShort,BackstoryDefs\Backstories_Adult.xml,def,milklad,轻机枪
RV2_Adult_PredNippleDigest_OpenDubious_MilkmaidFreeRange.baseDesc,"[PAWN_nameDef] was basically a dairy cow with a bit of freedom. Instead of the solitude of the pen, a diet of meds, and a constant forced unnursing of more prey, [PAWN_pronoun] got to live in a milkmaid sorority with less dehumanizing furniture, better food, and a loose schedule, on the condition that [PAWN_pronoun] still met production quotas. To that end, prey would still be delivered to the sororal neighborhood: it was up to the milkmaids to seek them out.",baseDesc,BackstoryDefs\Backstories_Adult.xml,def,"<ALIMT >(PH_3)</ALIMT> was basically a dairy cow with a bit of freedom. Instead of the solitude of the pen, a diet of meds, and a constant <ALIMT >forced</ALIMT> unnursing of more prey, <ALIMT >(PH_2)</ALIMT> got to live in a milkmaid sorority with less dehumanizing furniture, better food, and a loose schedule, on the condition that <ALIMT >(PH_1)</ALIMT> still met production quotas. To that end, prey would still be delivered to the sororal neighborhood: it was up to the milkmaids to seek them out.","[PAWN_nameDef]基本上是一头有点自由的奶牛。而不是孤独的畜栏，一个饮食的药物，和一个恒定的强迫不再哺育更多猎物,[PAWN_pronoun]拥有更少的非人化家具、更好的食物和松散的日程，但条件是[PAWN_pronoun]仍然达到生产配额。为此，猎物仍然会被送到索洛拉附近: 这取决于挤奶的女妓去寻找他们。"
RV2_Adult_PredNippleDigest_OpenDubious_MilkmaidIndustrial.title,industrial milklad,title,BackstoryDefs\Backstories_Adult.xml,def,industrial milklad,工业轻机枪
RV2_Adult_PredNippleDigest_OpenDubious_MilkmaidIndustrial.titleShort,milklad,titleShort,BackstoryDefs\Backstories_Adult.xml,def,milklad,轻机枪
RV2_Adult_PredNippleDigest_OpenDubious_MilkmaidIndustrial.baseDesc,"[PAWN_nameDef] was, essentially, a dairy cow, on a farm which produced rich, sweet milk from chemically-enhanced maidens and lads. To enhance [PAWN_possessive] production, they medicated [PAWN_possessive] food and slipped plenty of prey into [PAWN_possessive] breasts. While the drugs have dulled [PAWN_possessive] mind and neutered [PAWN_possessive] violent urges, [PAWN_nameDef] has learned a lot about how to treat a dairy animal.",baseDesc,BackstoryDefs\Backstories_Adult.xml,def,"<ALIMT >(PH_7)</ALIMT> was, essentially, a dairy cow, on a farm which produced rich, sweet milk from chemically-enhanced maidens and lads. To enhance <ALIMT >(PH_6)</ALIMT> production, they medicated <ALIMT >(PH_5)</ALIMT> food and slipped plenty of prey into <ALIMT >(PH_4)</ALIMT> <ALIMT >breasts</ALIMT>. While the <ALIMT >drugs</ALIMT> have dulled <ALIMT >(PH_3)</ALIMT> mind and neutered <ALIMT >(PH_2)</ALIMT> violent urges, <ALIMT >(PH_1)</ALIMT> has learned a lot about how to treat a dairy animal.","[PAWN_nameDef]从根本上说，他是一头奶牛，在一个农场里，从化学增强的姑娘和小伙子身上生产出浓郁的甜奶。增强[PAWN_possessive]生产中，他们使用医药[PAWN_possessive]食物和大量猎物[PAWN_possessive]乳房虽然药物变得迟钝[PAWN_possessive]意志与阉割[PAWN_possessive]暴力冲动,[PAWN_nameDef]学会了如何对待动物。"
RV2_Adult_PredNippleDigest_OpenDubious_MixologistMilky.title,milky mixologist,title,BackstoryDefs\Backstories_Adult.xml,def,milky mixologist,乳白调酒师
RV2_Adult_PredNippleDigest_OpenDubious_MixologistMilky.titleShort,bartender,titleShort,BackstoryDefs\Backstories_Adult.xml,def,bartender,酒保
RV2_Adult_PredNippleDigest_OpenDubious_MixologistMilky.baseDesc,"[PAWN_nameDef] brought attention to [PAWN_possessive] bar by tending the counter topless and personally providing the cream for everyone’s drinks. Those who failed to pay their tab when the time came, or picked a fight too many times, swiftly found themselves paying for it inside [PAWN_possessive] mammaries, often coerced inside by the shotgun [PAWN_pronoun] kept behind the counter.",baseDesc,BackstoryDefs\Backstories_Adult.xml,def,"<ALIMT >(PH_4)</ALIMT> brought attention to <ALIMT >(PH_3)</ALIMT> bar by tending the counter <ALIMT >topless</ALIMT> and personally providing the cream for everyone’s drinks. Those who failed to pay their tab when the time came, or picked a fight too many times, swiftly found themselves paying for it inside <ALIMT >(PH_2)</ALIMT> mammaries, often coerced inside by the shotgun <ALIMT >(PH_1)</ALIMT> kept behind the counter.",[PAWN_nameDef]将注意力带到[PAWN_possessive]吧台管理上着较少亲自为每个人的饮料提供奶油。那些到时候付不起钱，或者打架次数太多的人，很快发现自己在里面付钱[PAWN_possessive]哺乳动物，常被霰弹枪所束缚[PAWN_pronoun]放在柜台后面。
RV2_Adult_PredNippleDigest_SecretUnwilling_SerialPredatorNipple.title,serial milkmaker,title,BackstoryDefs\Backstories_Adult.xml,def,serial milkmaker,连续产奶者
RV2_Adult_PredNippleDigest_SecretUnwilling_SerialPredatorNipple.titleShort,serial milkmaker,titleShort,BackstoryDefs\Backstories_Adult.xml,def,serial milkmaker,连续产奶者
RV2_Adult_PredNippleDigest_SecretUnwilling_SerialPredatorNipple.baseDesc,"[PAWN_nameDef] is a serial unnurser of fatal persuasion. Maintaining the balance between left and right is an engaging exercise for preds like [PAWN_objective]. It’s hardly enjoyable to leave one teat empty. Sometimes, a cute, unwitting couple presents a perfect opportunity, but sometimes, [PAWN_nameDef] has to get inventive. That same knack for invention also manifests in [PAWN_possessive] kitchen, since all that milk has to be disposed of somewhere--why not into the mouths of [PAWN_possessive] future victims?",baseDesc,BackstoryDefs\Backstories_Adult.xml,def,"<ALIMT >(PH_5)</ALIMT> is a serial unnurser of fatal persuasion. Maintaining the balance between left and right is an engaging exercise for preds like <ALIMT >(PH_4)</ALIMT>. It’s hardly enjoyable to leave one teat empty. Sometimes, a cute, unwitting couple presents a perfect opportunity, but sometimes, <ALIMT >(PH_3)</ALIMT> has to get inventive. That same knack for invention also manifests in <ALIMT >(PH_2)</ALIMT> kitchen, since all that milk has to be disposed of somewhere--why not into the mouths of <ALIMT >(PH_1)</ALIMT> future victims?","[PAWN_nameDef]是一个一连串的致命教团。保持左右平衡对于像这样的 preds 来说是一个引人入胜的练习。[PAWN_objective]让一个奶头空着很难让人感到愉快。有时候，一对可爱的、不知情的夫妇会提供一个完美的机会，但是有时候,[PAWN_nameDef]必须有创造力。这种发明的技巧也体现在[PAWN_possessive]厨房，既然所有的牛奶都必须在某个地方处理掉 -- 为什么不把它们放进[PAWN_possessive]未来的受害者？"
RV2_Adult_PredNippleDigest_SecretUnwilling_ChefBreastmilkBelligerent.title,breastmilk chef,title,BackstoryDefs\Backstories_Adult.xml,def,breastmilk chef,乳房喷出液体（通常是乳汁）。是挤奶的前置标签。喂养厨师
RV2_Adult_PredNippleDigest_SecretUnwilling_ChefBreastmilkBelligerent.titleShort,chef,titleShort,BackstoryDefs\Backstories_Adult.xml,def,chef,前大厨
RV2_Adult_PredNippleDigest_SecretUnwilling_ChefBreastmilkBelligerent.baseDesc,"In [PAWN_nameDef]’s kitchen, the milk of a mere animal is never to be used except in desperation. It’s unnatural and beneath sapient life to source milk anywhere other than an intelligent being’s Nipple. Many a health inspector, who’d tried to write [PAWN_nameDef] up for cooking topless and lactating directly into a boiling pot, swiftly found themselves stocking [PAWN_possessive] chest-mounted larder.",baseDesc,BackstoryDefs\Backstories_Adult.xml,def,"In <ALIMT >(PH_3)</ALIMT>’s kitchen, the milk of a mere animal is never to be used except in desperation. It’s unnatural and beneath sapient life to source milk anywhere other than an intelligent being’s <ALIMT >nipple</ALIMT>. Many a health inspector, who’d tried to write <ALIMT >(PH_2)</ALIMT> up for cooking <ALIMT >topless</ALIMT> and lactating directly into a boiling pot, swiftly found themselves stocking <ALIMT >(PH_1)</ALIMT> chest-mounted larder.",于[PAWN_nameDef]在我们的厨房里，动物的产物绝对不会被使用，除非是在绝望中。从智灵生物的来源以外的任何地方收取奶，不仅是不自然的，也是有眼力的生命。乳头许多试图写作的健康检查员[PAWN_nameDef]准备烹饪上着较少并将哺乳期的食物直接放入烧水的锅内，很快发现自己正在放养[PAWN_possessive]胸口安装者。
RV2_Adult_PredNippleDigest_ForcedDubious_MilkmaidEscaped.title,escaped milklad,title,BackstoryDefs\Backstories_Adult.xml,def,escaped milklad,逃跑了
RV2_Adult_PredNippleDigest_ForcedDubious_MilkmaidEscaped.titleShort,milklad,titleShort,BackstoryDefs\Backstories_Adult.xml,def,milklad,轻机枪
RV2_Adult_PredNippleDigest_ForcedDubious_MilkmaidEscaped.baseDesc,"[PAWN_nameDef] was kidnapped and held against [PAWN_possessive] will by a dairy farm, in which [PAWN_pronoun] was dehumanized, forcefully medicated, and made to unnurse countless dubiously-sourced prey in the name of constant milk production. [PAWN_pronoun] managed to escape before the drugs effectively bimbofied [PAWN_objective], but [PAWN_pronoun] empathizes too much with animals to treat them as such anymore.",baseDesc,BackstoryDefs\Backstories_Adult.xml,def,"<ALIMT >(PH_6)</ALIMT> was kidnapped and held against <ALIMT >(PH_5)</ALIMT> will by a dairy farm, in which <ALIMT >(PH_4)</ALIMT> was dehumanized, forcefully medicated, and made to unnurse countless dubiously-sourced prey in the name of constant milk production. <ALIMT >(PH_3)</ALIMT> managed to escape before the <ALIMT >drugs</ALIMT> effectively bimbofied <ALIMT >(PH_2)</ALIMT>, but <ALIMT >(PH_1)</ALIMT> empathizes too much with animals to treat them as such anymore.","[PAWN_nameDef]被绑架并关押[PAWN_possessive]一个奶牛场的遗嘱，其中[PAWN_pronoun]因其失去了人性，被强有力的医药所治愈，并以持续产出为名使无数怀疑来源的猎物化为乌有。[PAWN_pronoun]成功逃脱前药物有效的双向链接[PAWN_objective],但[PAWN_pronoun]同情太多的动物，以至于不能再这样对待它们。"
RV2_Adult_PredNippleTempEndo_OpenWilling_CallPlaireMammary.title,mammary call-plaire,title,BackstoryDefs\Backstories_Adult.xml,def,mammary call-plaire,乳腺召唤
RV2_Adult_PredNippleTempEndo_OpenWilling_CallPlaireMammary.titleShort,call-plaire,titleShort,BackstoryDefs\Backstories_Adult.xml,def,call-plaire,呼求者
RV2_Adult_PredNippleTempEndo_OpenWilling_CallPlaireMammary.baseDesc,"[PAWN_nameDef] was a vore prostitute--a call-pred, but a specific kind of call-pred known as a call-plaire--who sold access to [PAWN_possessive] insides for individual clients and groups to pleasure themselves in before being let out after a while. [PAWN_nameDef] specialized in Nipple vore, which left [PAWN_objective] with the problem of managing [PAWN_possessive] symmetry--usually by getting a second client, but sometimes using a handmade beanbag of sorts, weighted and sized to roughly approximate an entire person.",baseDesc,BackstoryDefs\Backstories_Adult.xml,def,"<ALIMT >(PH_5)</ALIMT> was a <ALIMT >vore</ALIMT> prostitute--a call-pred, but a specific kind of call-pred known as a call-plaire--who sold access to <ALIMT >(PH_4)</ALIMT> insides for individual clients and groups to pleasure themselves in before being let out after a while. <ALIMT >(PH_3)</ALIMT> specialized in <ALIMT >nipple</ALIMT> <ALIMT >vore</ALIMT>, which left <ALIMT >(PH_2)</ALIMT> with the problem of managing <ALIMT >(PH_1)</ALIMT> symmetry--usually by getting a second client, but sometimes using a handmade beanbag of sorts, weighted and sized to roughly approximate an entire person.","[PAWN_nameDef]曾是一个吃人名妓 -- 一种呼唤者，但又有一种被称为呼唤者的呼唤者 -- 出售给[PAWN_possessive]为客户和团体提供娱乐的内部空间，一段时间后才被放出去。[PAWN_nameDef]专精于nipplevore,它离开了[PAWN_objective]有管理的问题[PAWN_possessive]对称-通常通过获得第二个客户，但有时会使用各种各样的手工制作的豆袋，重量和大小大致接近整个人。"
RV2_Adult_PredNippleTempEndo_OpenWilling_SpaAttendantMilk.title,milk spa attendant,title,BackstoryDefs\Backstories_Adult.xml,def,milk spa attendant,牛奶水疗中心服务员
RV2_Adult_PredNippleTempEndo_OpenWilling_SpaAttendantMilk.titleShort,spa attendant,titleShort,BackstoryDefs\Backstories_Adult.xml,def,spa attendant,水疗服务员
RV2_Adult_PredNippleTempEndo_OpenWilling_SpaAttendantMilk.baseDesc,"[PAWN_nameDef] drew milk baths for spa clients, though not in the typical manner: these milk baths were given in the comfort of [PAWN_possessive] breasts.",baseDesc,BackstoryDefs\Backstories_Adult.xml,def,"<ALIMT >(PH_2)</ALIMT> drew milk baths for spa clients, though not in the typical manner: these milk baths were given in the comfort of <ALIMT >(PH_1)</ALIMT> <ALIMT >breasts</ALIMT>.",[PAWN_nameDef]为水疗中心的客户画牛奶浴，虽然不是以典型的方式: 这些牛奶浴是在[PAWN_possessive]乳房
RV2_Adult_PredNippleTempEndo_SecretUnwilling_SerialRavisseurNipple.title,serial mammary ravisseur,title,BackstoryDefs\Backstories_Adult.xml,def,serial mammary ravisseur,系列乳房喷出液体（通常是乳汁）。是挤奶的前置标签。喂养动物
RV2_Adult_PredNippleTempEndo_SecretUnwilling_SerialRavisseurNipple.titleShort,ravisseur,titleShort,BackstoryDefs\Backstories_Adult.xml,def,ravisseur,蹒跚怪
RV2_Adult_PredNippleTempEndo_SecretUnwilling_SerialRavisseurNipple.baseDesc,"[PAWN_nameDef] is a ravisseur: a predator who uses vore for short-term kidnapping. [PAWN_pronoun] just did it to unwilling prey for kicks. Just remember to let your bra-stuffers out in separate locations, lest they team up on you.",baseDesc,BackstoryDefs\Backstories_Adult.xml,def,"<ALIMT >(PH_2)</ALIMT> is a ravisseur: a predator who uses <ALIMT >vore</ALIMT> for short-term kidnapping. <ALIMT >(PH_1)</ALIMT> just did it to unwilling prey for kicks. Just remember to let your <ALIMT >bra</ALIMT>-stuffers out in separate locations, lest they team up on you.",[PAWN_nameDef]是一名 ravisseur: 一种使用吃人罪名是短期绑架。[PAWN_pronoun]只是为了不愿意被捕食。记得让你的胸罩-将其填充到不同的位置，以免它们组队攻击你。
RV2_Adult_PredNippleLongendo_SecretUnwilling_SerialGeolierNipple.title,serial mammary geolier,title,BackstoryDefs\Backstories_Adult.xml,def,serial mammary geolier,系列母体
RV2_Adult_PredNippleLongendo_SecretUnwilling_SerialGeolierNipple.titleShort,geolier,titleShort,BackstoryDefs\Backstories_Adult.xml,def,geolier,大地巨石
RV2_Adult_PredNippleLongendo_SecretUnwilling_SerialGeolierNipple.baseDesc,"[PAWN_nameDef] is a geolier: a predator who uses vore for long-term imprisonment. [PAWN_pronoun] just did it to unwilling prey for kicks. For every prey in the left, you gotta find one for the right; else, you’ll get back problems.",baseDesc,BackstoryDefs\Backstories_Adult.xml,def,"<ALIMT >(PH_2)</ALIMT> is a geolier: a predator who uses <ALIMT >vore</ALIMT> for long-term imprisonment. <ALIMT >(PH_1)</ALIMT> just did it to unwilling prey for kicks. For every prey in the left, you gotta find one for the right; else, you’ll get back problems.",[PAWN_nameDef]是一个地质体: 一种捕食者使用吃人长期监禁。[PAWN_pronoun]只是为了不愿意被捕食。对于左边的每个猎物，你必须为右边找到一个; 否则，你会遇到新的问题。
RV2_Adult_PreyAnytypeAnygoal_OpenWilling_PhagologistPreyish.title,preyish phagologist,title,BackstoryDefs\Backstories_Adult.xml,def,preyish phagologist,猎物吞噬学家
RV2_Adult_PreyAnytypeAnygoal_OpenWilling_PhagologistPreyish.titleShort,phagologist,titleShort,BackstoryDefs\Backstories_Adult.xml,def,phagologist,吞噬学家
RV2_Adult_PreyAnytypeAnygoal_OpenWilling_PhagologistPreyish.baseDesc,"As a phagologist, [PAWN_nameDef] has dedicated [PAWN_possessive] life to studying vore: where it comes from, how it develops and works, and its effects on society. [PAWN_nameDef] is particularly gung-ho about [PAWN_possessive] job, to the point of eagerly jumping down just about any enticing throat or fuckhole for the sake of science. [PAWN_pronoun] has forgotten to disrobe first so often that [PAWN_pronoun] has learned [PAWN_possessive] way around a needle and thread, just to patch up the clothes which survive.",baseDesc,BackstoryDefs\Backstories_Adult.xml,def,"As a phagologist, <ALIMT >(PH_7)</ALIMT> has dedicated <ALIMT >(PH_6)</ALIMT> life to studying <ALIMT >vore</ALIMT>: where it comes from, how it develops and works, and its effects on society. <ALIMT >(PH_5)</ALIMT> is particularly gung-ho about <ALIMT >(PH_4)</ALIMT> job, to the point of eagerly jumping down just about any enticing throat or fuckhole for the sake of science. <ALIMT >(PH_3)</ALIMT> has forgotten to disrobe first so often that <ALIMT >(PH_2)</ALIMT> has learned <ALIMT >(PH_1)</ALIMT> way around a needle and thread, just to patch up the clothes which survive.","作为一名吞噬学家,[PAWN_nameDef]有奉献精神[PAWN_possessive]学习生涯吃人: 它来自哪里，它如何发展和工作，及其对社会的影响。[PAWN_nameDef]特别狂热[PAWN_possessive]约伯，为了科学急切地跳下去，几乎是任何诱人的喉咙或该死的洞。[PAWN_pronoun]经常忘记脱下衣物[PAWN_pronoun]学会了[PAWN_possessive]一根针扎一根，一根线一根，一根刺针一根，一根线一根，一根针一根，一根针一根，一根线一根。"
RV2_Adult_PreyAnytypeAnygoal_OpenWilling_Gastrozoologist.title,Gastrozoologist,title,BackstoryDefs\Backstories_Adult.xml,def,Gastrozoologist,胃动物学家
RV2_Adult_PreyAnytypeAnygoal_OpenWilling_Gastrozoologist.titleShort,Gastrozoologist,titleShort,BackstoryDefs\Backstories_Adult.xml,def,Gastrozoologist,胃动物学家
RV2_Adult_PreyAnytypeAnygoal_OpenWilling_Gastrozoologist.baseDesc,"[PAWN_nameDef] was a researcher of animal behavior and biology, who took a very hands-on approach to [PAWN_possessive] work, trying to befriend and earn the trust of creatures [PAWN_pronoun] studied. For many carnivorous and omnivorous specimens, the best way to do this turned out to be by becoming prey. Surviving inside wild predators created a bond between [PAWN_nameDef] and said wild predators, and allowed [PAWN_objective] to make new discoveries that had not been seen before.",baseDesc,BackstoryDefs\Backstories_Adult.xml,def,"<ALIMT >(PH_5)</ALIMT> was a researcher of animal behavior and biology, who took a very hands-on approach to <ALIMT >(PH_4)</ALIMT> work, trying to befriend and earn the trust of creatures <ALIMT >(PH_3)</ALIMT> studied. For many carnivorous and omnivorous specimens, the best way to do this turned out to be by becoming prey. Surviving inside wild predators created a bond between <ALIMT >(PH_2)</ALIMT> and said wild predators, and allowed <ALIMT >(PH_1)</ALIMT> to make new discoveries that had not been seen before.",[PAWN_nameDef]是一名动物行为和生物学学者，他采取了非常实际的方法[PAWN_possessive]工作，尝试与生物成为朋友并赢得其信任[PAWN_pronoun]已研究。对于许多肉食和杂食标本来说，最好的方法是成为猎物。在野生肉食动物中生存下来的人与动物建立了纽带[PAWN_nameDef]说野生的捕食者，并允许[PAWN_objective]进行前所未有的发现。
RV2_Adult_SwitchAnytypeAnygoal_OpenWilling_PhagologistWellVersed.title,well-versed phagologist,title,BackstoryDefs\Backstories_Adult.xml,def,well-versed phagologist,精通于吞噬学家
RV2_Adult_SwitchAnytypeAnygoal_OpenWilling_PhagologistWellVersed.titleShort,phagologist,titleShort,BackstoryDefs\Backstories_Adult.xml,def,phagologist,吞噬学家
RV2_Adult_SwitchAnytypeAnygoal_OpenWilling_PhagologistWellVersed.baseDesc,"As a phagologist, [PAWN_nameDef] has dedicated [PAWN_possessive] life to studying vore: where it comes from, how it develops and works, and its effects on society. [PAWN_nameDef] is something of a Renaissance pawn, having personally acquainted [PAWN_objective]self with both predation and playing prey. As such, [PAWN_nameDef] has dabbled in many helpful skills for vore.",baseDesc,BackstoryDefs\Backstories_Adult.xml,def,"As a phagologist, <ALIMT >(PH_6)</ALIMT> has dedicated <ALIMT >(PH_5)</ALIMT> life to studying <ALIMT >vore</ALIMT>: where it comes from, how it develops and works, and its effects on society. <ALIMT >(PH_4)</ALIMT> is something of a Renaissance <ALIMT >(PH_3)</ALIMT>, having personally acquainted <ALIMT >(PH_2)</ALIMT>self with both predation and playing prey. As such, <ALIMT >(PH_1)</ALIMT> has dabbled in many helpful skills for <ALIMT >vore</ALIMT>.","作为一名吞噬学家,[PAWN_nameDef]有奉献精神[PAWN_possessive]学习生涯吃人: 它来自哪里，它如何发展和工作，及其对社会的影响。[PAWN_nameDef]有点像复兴pawn,有相识[PAWN_objective]拥有捕食和捕食的能力。正因如此,[PAWN_nameDef]已经尝试了很多不错的技能吃人"
RV2_Adult_SwitchAnytypeTempEndo_OpenWilling_VStreamerEndo.title,endo V-streamer,title,BackstoryDefs\Backstories_Adult.xml,def,endo V-streamer,Endo V-streamer
RV2_Adult_SwitchAnytypeTempEndo_OpenWilling_VStreamerEndo.titleShort,V-streamer,titleShort,BackstoryDefs\Backstories_Adult.xml,def,V-streamer,虚拟主播
RV2_Adult_SwitchAnytypeTempEndo_OpenWilling_VStreamerEndo.baseDesc,"[PAWN_nameDef] was an indie vore streamer who stuck to the safer side of vore. Since [PAWN_pronoun] wasn’t constantly gurgling [PAWN_possessive] costars, [PAWN_pronoun] was able to do some serious networking.",baseDesc,BackstoryDefs\Backstories_Adult.xml,def,"<ALIMT >(PH_4)</ALIMT> was an indie <ALIMT >vore</ALIMT> streamer who stuck to the safer side of <ALIMT >vore</ALIMT>. Since <ALIMT >(PH_3)</ALIMT> wasn’t constantly gurgling <ALIMT >(PH_2)</ALIMT> costars, <ALIMT >(PH_1)</ALIMT> was able to do some serious networking.",[PAWN_nameDef]是一名独立演员吃人执着于安全边缘的主播吃人自[PAWN_pronoun]没有持续蠕动[PAWN_possessive]同星[PAWN_pronoun]能够进行认真的社交。
RV2_Adult_SwitchAnytypeTempEndo_OpenWilling_VStreamerShy.title,shy V-streamer,title,BackstoryDefs\Backstories_Adult.xml,def,shy V-streamer,害羞的 V-speeder
RV2_Adult_SwitchAnytypeTempEndo_OpenWilling_VStreamerShy.titleShort,V-streamer,titleShort,BackstoryDefs\Backstories_Adult.xml,def,V-streamer,虚拟主播
RV2_Adult_SwitchAnytypeTempEndo_OpenWilling_VStreamerShy.baseDesc,"[PAWN_nameDef] dreamt of being a vornstar, but was far too shy to audition. Instead, [PAWN_pronoun] turned to the next best thing: streaming. While it was extremely difficult for [PAWN_objective] to recruit guests, [PAWN_pronoun] got very inventive with the swallowing of objects and pets.",baseDesc,BackstoryDefs\Backstories_Adult.xml,def,"<ALIMT >(PH_4)</ALIMT> dreamt of being a vornstar, but was far too shy to audition. Instead, <ALIMT >(PH_3)</ALIMT> turned to the next best thing: streaming. While it was extremely difficult for <ALIMT >(PH_2)</ALIMT> to recruit guests, <ALIMT >(PH_1)</ALIMT> got very inventive with the swallowing of objects and pets.","[PAWN_nameDef]梦想成为一名沃恩斯塔，但却很害羞，不敢试镜。相反,[PAWN_pronoun]转向下一个最好的东西: 流动。虽然这非常困难[PAWN_objective]要招募宾客,[PAWN_pronoun]对吞下的物品和宠物有很大的创意。"
RV2_Adult_SwitchAnalDigest_OpenUnwilling_PirateBootyObsessed.title,booty-obsessed pirate,title,BackstoryDefs\Backstories_Adult.xml,def,booty-obsessed pirate,痴迷于战利品的海盗
RV2_Adult_SwitchAnalDigest_OpenUnwilling_PirateBootyObsessed.titleShort,pirate,titleShort,BackstoryDefs\Backstories_Adult.xml,def,pirate,海盗
RV2_Adult_SwitchAnalDigest_OpenUnwilling_PirateBootyObsessed.baseDesc,"[PAWN_nameDef] has an ass thing. [PAWN_pronoun] has such an ass thing that [PAWN_pronoun] joined up with a pirate crew thinking the booty they were after was literal. Nonetheless, the lifestyle suited [PAWN_objective], between all the captives stuffed into [PAWN_possessive] own booty and all the gorgeous peaches [PAWN_pronoun] got to explore at port or mingling with another crew.",baseDesc,BackstoryDefs\Backstories_Adult.xml,def,"<ALIMT >(PH_6)</ALIMT> has an <ALIMT >ass</ALIMT> thing. <ALIMT >(PH_5)</ALIMT> has such an <ALIMT >ass</ALIMT> thing that <ALIMT >(PH_4)</ALIMT> joined up with a pirate crew thinking the booty they were after was literal. Nonetheless, the lifestyle suited <ALIMT >(PH_3)</ALIMT>, between all the captives stuffed into <ALIMT >(PH_2)</ALIMT> own booty and all the gorgeous peaches <ALIMT >(PH_1)</ALIMT> got to explore at port or mingling with another crew.","[PAWN_nameDef]有一个屁股物品。[PAWN_pronoun]有这样的一个屁股那个东西[PAWN_pronoun]与一名海盗加入，认为他们追求的战利品是字面上的。尽管如此，适合的生活方式[PAWN_objective],里面塞满了俘虏[PAWN_possessive]拥有战利品和所有华丽的桃子[PAWN_pronoun]必须在港口探险或者与其他船员交流。"
RV2_Adult_FeederAnytypeAnygoal_OpenDistant_ArchitectHeavyweight.title,heavyweight architect,title,BackstoryDefs\Backstories_Adult.xml,def,heavyweight architect,重量级建筑师
RV2_Adult_FeederAnytypeAnygoal_OpenDistant_ArchitectHeavyweight.titleShort,architect,titleShort,BackstoryDefs\Backstories_Adult.xml,def,architect,建筑师
RV2_Adult_FeederAnytypeAnygoal_OpenDistant_ArchitectHeavyweight.baseDesc,"As both an architect and a voraphile, [PAWN_nameDef] envisioned a world where every building was built to cater to the structural needs of prey-laden predators. Doors would be wide enough to fit swolen, sloshing, kicking bellies; floors, sturdy enough for the weight in prey they must bear. Of course, as an architect, [PAWN_nameDef] has their own annoying quirks, such as an inflated ego and a refusal to do any kind of dumb labor.",baseDesc,BackstoryDefs\Backstories_Adult.xml,def,"As both an architect and a voraphile, <ALIMT >(PH_2)</ALIMT> envisioned a world where every building was built to cater to the structural needs of prey-laden predators. Doors would be wide enough to fit swolen, sloshing, kicking bellies; floors, sturdy enough for the weight in prey they must bear. Of course, as an architect, <ALIMT >(PH_1)</ALIMT> has their own annoying quirks, such as an inflated ego and a refusal to do any kind of dumb labor.","作为一名建筑师和一个迷魂,[PAWN_nameDef]设想一个建造每一个建筑都是为了满足充满猎物的捕食者的结构需求的世界。门的宽度足够大，可以容纳下垂、摇晃和踢肚子; 地板，坚固到足以承受猎物的重量。当然，作为一名建筑师,[PAWN_nameDef]有自己烦人的怪癖，比如膨胀的自我和拒绝做任何类型的哑巴。"
RV2_Adult_FeederAnytypeAnygoal_OpenDistant_DoorWidener.title,door widener,title,BackstoryDefs\Backstories_Adult.xml,def,door widener,宽木门的
RV2_Adult_FeederAnytypeAnygoal_OpenDistant_DoorWidener.titleShort,door widener,titleShort,BackstoryDefs\Backstories_Adult.xml,def,door widener,宽木门的
RV2_Adult_FeederAnytypeAnygoal_OpenDistant_DoorWidener.baseDesc,"When the vore craze hit [PAWN_nameDef]’s home, the demand for architects soared. Every noble, business person, and/or politician across the land needed the doors of their palaces and offices widened to fit big, round bellies and newly-broadened bodies. [PAWN_nameDef] was one such contractor, earning a tidy paycheck, a little bit of eavesdropped intrigue, and the opportunity to watch the rich and powerful digest their prey.",baseDesc,BackstoryDefs\Backstories_Adult.xml,def,"When the <ALIMT >vore</ALIMT> craze hit <ALIMT >(PH_2)</ALIMT>’s home, the demand for architects soared. Every noble, business person, and/or politician across the land needed the doors of their palaces and offices widened to fit big, round bellies and newly-broadened bodies. <ALIMT >(PH_1)</ALIMT> was one such contractor, earning a tidy paycheck, a little bit of eavesdropped intrigue, and the opportunity to watch the rich and powerful digest their prey.",当吃人疯狂[PAWN_nameDef]在这里，对建筑师的需求激增。这片土地上的每一个贵族、商人，和/或政治家都需要将他们的宫殿和办公室的门扩大以适应又大又圆的肚子和新扩大的身体。[PAWN_nameDef]就是这样一个承包商，干着一份不折不扣的薪水，干着一些偷听的勾当，还有机会看到有钱人家和有权有势的人消化他们的猎物。
RV2_Adult_FeederAnytypeAnygoal_OpenDistant_PhagologistCultural.title,cultural phagologist,title,BackstoryDefs\Backstories_Adult.xml,def,cultural phagologist,文化吞噬学家
RV2_Adult_FeederAnytypeAnygoal_OpenDistant_PhagologistCultural.titleShort,phagologist,titleShort,BackstoryDefs\Backstories_Adult.xml,def,phagologist,吞噬学家
RV2_Adult_FeederAnytypeAnygoal_OpenDistant_PhagologistCultural.baseDesc,"As a phagologist, [PAWN_nameDef] has dedicated [PAWN_possessive] life to studying vore: where it comes from, how it develops and works, and its effects on society. [PAWN_nameDef] studied the treatment of vore in art and politics throughout history, from long before a society achieves the ability to do vore, when it’s still just an internet fetish or mythological trope, to after its introduction and the social challenges it brings.",baseDesc,BackstoryDefs\Backstories_Adult.xml,def,"As a phagologist, <ALIMT >(PH_3)</ALIMT> has dedicated <ALIMT >(PH_2)</ALIMT> life to studying <ALIMT >vore</ALIMT>: where it comes from, how it develops and works, and its effects on society. <ALIMT >(PH_1)</ALIMT> studied the treatment of <ALIMT >vore</ALIMT> in art and politics throughout history, from long before a society achieves the ability to do <ALIMT >vore</ALIMT>, when it’s still just an internet fetish or mythological trope, to after its introduction and the social challenges it brings.","作为一名吞噬学家,[PAWN_nameDef]有奉献精神[PAWN_possessive]学习生涯吃人: 它来自哪里，它如何发展和工作，及其对社会的影响。[PAWN_nameDef]研究了治疗方案吃人在历史上的艺术和政治领域，从一个社会很久以前吃人,当它还只是一个网络迷恋物或神话比喻时，在它推出后和它带来的社会挑战。"
RV2_Adult_FeederAnytypeAnygoal_OpenDistant_PhagologistLab.title,lab phagologist,title,BackstoryDefs\Backstories_Adult.xml,def,lab phagologist,实验室吞噬学家
RV2_Adult_FeederAnytypeAnygoal_OpenDistant_PhagologistLab.titleShort,phagologist,titleShort,BackstoryDefs\Backstories_Adult.xml,def,phagologist,吞噬学家
RV2_Adult_FeederAnytypeAnygoal_OpenDistant_PhagologistLab.baseDesc,"As a phagologist, [PAWN_nameDef] has dedicated [PAWN_possessive] life to studying vore: where it comes from, how it develops and works, and its effects on society. [PAWN_nameDef] studied the biology behind vore from the comfort of a lab, be it the processes that allow it to happen in the first place, all the different things the body can do to prey, esoteric points of entry, or new innovations in genetic modification.",baseDesc,BackstoryDefs\Backstories_Adult.xml,def,"As a phagologist, <ALIMT >(PH_3)</ALIMT> has dedicated <ALIMT >(PH_2)</ALIMT> life to studying <ALIMT >vore</ALIMT>: where it comes from, how it develops and works, and its effects on society. <ALIMT >(PH_1)</ALIMT> studied the biology behind <ALIMT >vore</ALIMT> from the comfort of a lab, be it the processes that allow it to happen in the first place, all the different things the body can do to prey, esoteric points of entry, or new innovations in genetic modification.","作为一名吞噬学家,[PAWN_nameDef]有奉献精神[PAWN_possessive]学习生涯吃人: 它来自哪里，它如何发展和工作，及其对社会的影响。[PAWN_nameDef]调查了其背后的生物吃人在舒适的实验室里，无论是首先允许它发生的过程，身体可以做的所有不同的事情来捕食，深奥的进入点, 或者基因改造的新发明。"
RV2_Adult_FeederAnytypeDigest_OpenDistant_SculptorDisposalUrn.title,disposal urn sculptor,title,BackstoryDefs\Backstories_Adult.xml,def,disposal urn sculptor,瓮雕塑家
RV2_Adult_FeederAnytypeDigest_OpenDistant_SculptorDisposalUrn.titleShort,urn sculptor,titleShort,BackstoryDefs\Backstories_Adult.xml,def,urn sculptor,瓮雕塑家
RV2_Adult_FeederAnytypeDigest_OpenDistant_SculptorDisposalUrn.baseDesc,"Hailing from a spiritual society, in which the remnants of a digested living being are sacred (ruined clothes, semen, breast milk, or whatever else came out of the pred), [PAWN_nameDef] found [PAWN_possessive] calling in crafting the sacred, deeply-customized vessels, designed after the prey, which would house these remains.",baseDesc,BackstoryDefs\Backstories_Adult.xml,def,"Hailing from a spiritual society, in which the remnants of a digested living being are sacred (ruined clothes, <ALIMT >semen</ALIMT>, <ALIMT >breast</ALIMT> milk, or whatever else came out of the pred), <ALIMT >(PH_2)</ALIMT> found <ALIMT >(PH_1)</ALIMT> calling in crafting the sacred, deeply-customized vessels, designed after the prey, which would house these remains.","来自一个精神社会的人，其中一个被消化的生物的残余物是神圣的 (被毁的衣服,精液,乳房奶白，或者其它任何从 pred 体内产出的产物),[PAWN_nameDef]发现[PAWN_possessive]召唤来制作神圣的、深度定制的飞船，它是为猎物而设计的，存放着这些残骸。"
RV2_Adult_FeederOralAnygoal_OpenDistant_PhagologistOral.title,oral phagologist,title,BackstoryDefs\Backstories_Adult.xml,def,<ALIMT >oral</ALIMT> phagologist,用嘴吞噬学家
RV2_Adult_FeederOralAnygoal_OpenDistant_PhagologistOral.titleShort,phagologist,titleShort,BackstoryDefs\Backstories_Adult.xml,def,phagologist,吞噬学家
RV2_Adult_FeederOralAnygoal_OpenDistant_PhagologistOral.baseDesc,"As a phagologist, [PAWN_nameDef] has dedicated [PAWN_possessive] life to studying vore: where it comes from, how it develops and works, and its effects on society. [PAWN_nameDef] studied oral vore, which, as the most intuitive path of vore, gains the most cultural connotations and is usually the first to develop in a previously non-voracious population.",baseDesc,BackstoryDefs\Backstories_Adult.xml,def,"As a phagologist, <ALIMT >(PH_3)</ALIMT> has dedicated <ALIMT >(PH_2)</ALIMT> life to studying <ALIMT >vore</ALIMT>: where it comes from, how it develops and works, and its effects on society. <ALIMT >(PH_1)</ALIMT> studied <ALIMT >oral</ALIMT> <ALIMT >vore</ALIMT>, which, as the most intuitive path of <ALIMT >vore</ALIMT>, gains the most cultural connotations and is usually the first to develop in a previously non-voracious population.","作为一名吞噬学家,[PAWN_nameDef]有奉献精神[PAWN_possessive]学习生涯吃人: 它来自哪里，它如何发展和工作，及其对社会的影响。[PAWN_nameDef]已调查oralvore,作为吃人,获得最多的文化内涵，并且通常在第一个非贪婪的群体中发展。"
RV2_Adult_FeederAnalAnygoal_OpenDistant_PhagologistAnal.title,anal phagologist,title,BackstoryDefs\Backstories_Adult.xml,def,<ALIMT >anal</ALIMT> phagologist,肛门吞噬学家
RV2_Adult_FeederAnalAnygoal_OpenDistant_PhagologistAnal.titleShort,phagologist,titleShort,BackstoryDefs\Backstories_Adult.xml,def,phagologist,吞噬学家
RV2_Adult_FeederAnalAnygoal_OpenDistant_PhagologistAnal.baseDesc,"As a phagologist, [PAWN_nameDef] has dedicated [PAWN_possessive] life to studying vore: where it comes from, how it develops and works, and its effects on society. [PAWN_nameDef] studied anal vore, which has its own interesting connotations as per the role of the anus in sex and conventional digestion.",baseDesc,BackstoryDefs\Backstories_Adult.xml,def,"As a phagologist, <ALIMT >(PH_3)</ALIMT> has dedicated <ALIMT >(PH_2)</ALIMT> life to studying <ALIMT >vore</ALIMT>: where it comes from, how it develops and works, and its effects on society. <ALIMT >(PH_1)</ALIMT> studied <ALIMT >anal</ALIMT> <ALIMT >vore</ALIMT>, which has its own interesting connotations as per the role of the <ALIMT >anus</ALIMT> in <ALIMT >sex</ALIMT> and conventional digestion.","作为一名吞噬学家,[PAWN_nameDef]有奉献精神[PAWN_possessive]学习生涯吃人: 它来自哪里，它如何发展和工作，及其对社会的影响。[PAWN_nameDef]已调查analvore,这有它自己的有趣的内涵肛门于性交和常规消化。"
RV2_Adult_FeederVaginalAnygoal_OpenDistant_PhagologistYonic.title,yonic phagologist,title,BackstoryDefs\Backstories_Adult.xml,def,yonic phagologist,你的吞噬学家
RV2_Adult_FeederVaginalAnygoal_OpenDistant_PhagologistYonic.titleShort,phagologist,titleShort,BackstoryDefs\Backstories_Adult.xml,def,phagologist,吞噬学家
RV2_Adult_FeederVaginalAnygoal_OpenDistant_PhagologistYonic.baseDesc,"As a phagologist, [PAWN_nameDef] has dedicated [PAWN_possessive] life to studying vore: where it comes from, how it develops and works, and its effects on society. [PAWN_nameDef] studied vaginal vore and its myriad perceptions in the cultural psyche. Even just the fact that it’s commonly called “unbirthing” is loaded with connotative rabbit holes to go down.",baseDesc,BackstoryDefs\Backstories_Adult.xml,def,"As a phagologist, <ALIMT >(PH_3)</ALIMT> has dedicated <ALIMT >(PH_2)</ALIMT> life to studying <ALIMT >vore</ALIMT>: where it comes from, how it develops and works, and its effects on society. <ALIMT >(PH_1)</ALIMT> studied <ALIMT >vaginal</ALIMT> <ALIMT >vore</ALIMT> and its myriad perceptions in the cultural psyche. Even just the fact that it’s commonly called “unbirthing” is loaded with connotative <ALIMT >rabbit</ALIMT> holes to go down.","作为一名吞噬学家,[PAWN_nameDef]有奉献精神[PAWN_possessive]学习生涯吃人: 它来自哪里，它如何发展和工作，及其对社会的影响。[PAWN_nameDef]已调查vaginalvore以及它在文化心灵中的无数感知。即使只是被称为 “展开” 的事实，也充满了内涵兔🐇破洞。"
RV2_Adult_FeederCockAnygoal_OpenDistant_PhagologistPhallic.title,phallic phagologist,title,BackstoryDefs\Backstories_Adult.xml,def,phallic phagologist,阳具吞噬学家
RV2_Adult_FeederCockAnygoal_OpenDistant_PhagologistPhallic.titleShort,phagologist,titleShort,BackstoryDefs\Backstories_Adult.xml,def,phagologist,吞噬学家
RV2_Adult_FeederCockAnygoal_OpenDistant_PhagologistPhallic.baseDesc,"As a phagologist, [PAWN_nameDef] has dedicated [PAWN_possessive] life to studying vore: where it comes from, how it develops and works, and its effects on society. [PAWN_nameDef] studied cock vore and the numerous and contrasting roles it plays in society, from functioning as a fertility aid to asserting power dynamics in cultural and economic hierarchies.",baseDesc,BackstoryDefs\Backstories_Adult.xml,def,"As a phagologist, <ALIMT >(PH_3)</ALIMT> has dedicated <ALIMT >(PH_2)</ALIMT> life to studying <ALIMT >vore</ALIMT>: where it comes from, how it develops and works, and its effects on society. <ALIMT >(PH_1)</ALIMT> studied cock <ALIMT >vore</ALIMT> and the numerous and contrasting roles it plays in society, from functioning as a fertility aid to asserting power dynamics in cultural and economic hierarchies.","作为一名吞噬学家,[PAWN_nameDef]有奉献精神[PAWN_possessive]学习生涯吃人: 它来自哪里，它如何发展和工作，及其对社会的影响。[PAWN_nameDef]已调查公鸡吃人以及它在社会中扮演的众多且相反的角色，从充当生育援助到在文化和经济等级制度中坚持权力动态。"
RV2_Adult_FeederNippleAnygoal_OpenDistant_PhagologistMammary.title,mammary phagologist,title,BackstoryDefs\Backstories_Adult.xml,def,mammary phagologist,乳腺吞噬学家
RV2_Adult_FeederNippleAnygoal_OpenDistant_PhagologistMammary.titleShort,phagologist,titleShort,BackstoryDefs\Backstories_Adult.xml,def,phagologist,吞噬学家
RV2_Adult_FeederNippleAnygoal_OpenDistant_PhagologistMammary.baseDesc,"As a phagologist, [PAWN_nameDef] has dedicated [PAWN_possessive] life to studying vore: where it comes from, how it develops and works, and its effects on society. [PAWN_nameDef] studied nipple vore: the ways its popularity is affected by the significant asymmetry involved, to its impacts on the dairy industry.",baseDesc,BackstoryDefs\Backstories_Adult.xml,def,"As a phagologist, <ALIMT >(PH_3)</ALIMT> has dedicated <ALIMT >(PH_2)</ALIMT> life to studying <ALIMT >vore</ALIMT>: where it comes from, how it develops and works, and its effects on society. <ALIMT >(PH_1)</ALIMT> studied <ALIMT >nipple</ALIMT> <ALIMT >vore</ALIMT>: the ways its popularity is affected by the significant asymmetry involved, to its impacts on the dairy industry.","作为一名吞噬学家,[PAWN_nameDef]有奉献精神[PAWN_possessive]学习生涯吃人: 它来自哪里，它如何发展和工作，及其对社会的影响。[PAWN_nameDef]已调查nipplevore: 它的受欢迎程度受其对乳制品行业影响的显著不对称影响的方式。"
RV2_ReformationTherapist.title,Reformation Therapist,title,BackstoryDefs\Backstories_Adult.xml,def,Reformation Therapist,宗教改革治疗师
RV2_ReformationTherapist.titleShort,Therapist,titleShort,BackstoryDefs\Backstories_Adult.xml,def,Therapist,治疗专家
RV2_ReformationTherapist.baseDesc,"[PAWN_nameDef]s unique biology and compassionate personality led to [PAWN_possessive] career as a reformation therapist. Any despaired soul in a hopeless situation could come to [PAWN_objective], pay a fee, and slip into the loving womb of [PAWN_nameDef] to be remade and reborn into a new life.",baseDesc,BackstoryDefs\Backstories_Adult.xml,def,"<ALIMT >(PH_4)</ALIMT>s unique biology and compassionate personality led to <ALIMT >(PH_3)</ALIMT> career as a reformation therapist. Any despaired soul in a hopeless situation could come to <ALIMT >(PH_2)</ALIMT>, pay a fee, and slip into the loving womb of <ALIMT >(PH_1)</ALIMT> to be remade and reborn into a new life.","[PAWN_nameDef]独特的生物和富有同情心的人格导致[PAWN_possessive]作为一名心理咨询师的生涯。任何陷入绝望境地的绝望灵魂都可能会现身[PAWN_objective],支付费用，滑入爱的子宫[PAWN_nameDef]重新塑造并重生到新的生活中。"
RV2_SerialReformist.title,Serial Reformist,title,BackstoryDefs\Backstories_Adult.xml,def,Serial Reformist,系列改革主义者
RV2_SerialReformist.titleShort,reformist,titleShort,BackstoryDefs\Backstories_Adult.xml,def,reformist,改革主义者
RV2_SerialReformist.baseDesc,"[PAWN_nameDef] always wanted to start a family, but could never find a partner to start one with. In the end it didn't matter much - [PAWN_possessive] womb, as [PAWN_pronoun] discovered one day by accident, turned anyone who went inside it into someone else. Addicted to the prospect of finally being able to start a family, [PAWN_nameDef] started abducting people wherever and however [PAWN_pronoun] could, slowly turning every suitor and unfortunate into [PAWN_possessive] progeny. Taking care of so many young ones while deflecting pointed questions about their parentage took a lot of effort, but [PAWN_pronoun] soon found [PAWN_objective]self a skilled manipulator and cook.",baseDesc,BackstoryDefs\Backstories_Adult.xml,def,"<ALIMT >(PH_8)</ALIMT> always wanted to start a family, but could never find a partner to start one with. In the end it didn't matter much - <ALIMT >(PH_7)</ALIMT> womb, as <ALIMT >(PH_6)</ALIMT> discovered one day by accident, turned anyone who went inside it into someone else. Addicted to the prospect of finally being able to start a family, <ALIMT >(PH_5)</ALIMT> started abducting people wherever and however <ALIMT >(PH_4)</ALIMT> could, slowly turning every suitor and unfortunate into <ALIMT >(PH_3)</ALIMT> progeny. Taking care of so many young ones while deflecting pointed questions about their parentage took a lot of effort, but <ALIMT >(PH_2)</ALIMT> soon found <ALIMT >(PH_1)</ALIMT>self a skilled manipulator and cook.","[PAWN_nameDef]一直想要建立一个家庭，但却无法找到一个可以开始的伴侣。最后没什么大不了的-[PAWN_possessive]子宫[PAWN_pronoun]有一天，我偶然发现了它，它把任何进入它的人都变成了别人。沉迷于终于能够成家的前景,[PAWN_nameDef]开始绑架任何人，无论何时何地。[PAWN_pronoun]能够，慢慢地把每一位不幸的求婚者变成[PAWN_possessive]后代。照顾这么多年轻人，同时转移关于他们父母的尖锐问题需要很多努力，但是[PAWN_pronoun]很快发现[PAWN_objective]一个熟练的机械手和厨师。"
RV2_CYA_PredAnytypeAnygoal_CasualDubious_IdolPredator.title,predator idol,title,BackstoryDefs\Backstories_ChildYoungAdult.xml,def,predator idol,捕食者偶像
RV2_CYA_PredAnytypeAnygoal_CasualDubious_IdolPredator.titleShort,pred idol,titleShort,BackstoryDefs\Backstories_ChildYoungAdult.xml,def,pred idol,Pred 偶像
RV2_CYA_PredAnytypeAnygoal_CasualDubious_IdolPredator.baseDesc,"[PAWN_nameDef] was a popular idol as a young adult, whose image was plastered on all [PAWN_possessive] homeworld’s holoscreens and advertisements. In not one of these promotional images was [PAWN_pronoun] not either about to devour, part-way through ingesting, or in the process of digesting (simulated or otherwise) some likewise prettied-up prey. [PAWN_pronoun] never learned to hunt these meals, or really fight at all, lest [PAWN_pronoun] ruin [PAWN_possessive] figure with muscles.",baseDesc,BackstoryDefs\Backstories_ChildYoungAdult.xml,def,"<ALIMT >(PH_6)</ALIMT> was a popular idol as a young <ALIMT >adult</ALIMT>, whose image was plastered on all <ALIMT >(PH_5)</ALIMT> homeworld’s holoscreens and advertisements. In not one of these promotional images was <ALIMT >(PH_4)</ALIMT> not either about to devour, part-way through ingesting, or in the process of digesting (simulated or otherwise) some likewise prettied-up prey. <ALIMT >(PH_3)</ALIMT> never learned to hunt these meals, or really fight at all, lest <ALIMT >(PH_2)</ALIMT> ruin <ALIMT >(PH_1)</ALIMT> figure with muscles.","[PAWN_nameDef]小时候是个受欢迎的偶像成人的,所有人的画像都被粉饰[PAWN_possessive]母星的全息屏和广告。这些促销图像中没有任何一个出现[PAWN_pronoun]既不吞噬，中途摄入，也不消化 (模拟或其他) 一些同样漂亮的猎物。[PAWN_pronoun]从未学会狩猎这些食物，或真正的战斗，或在所有方面，以免[PAWN_pronoun]毁灭[PAWN_possessive]用肌肉发达的角色。造形。"
RV2_CYA_PredAnytypeAnygoal_CasualDubious_WaterslideLurker.title,waterslide lurker,title,BackstoryDefs\Backstories_ChildYoungAdult.xml,def,waterslide lurker,滑水潜伏者
RV2_CYA_PredAnytypeAnygoal_CasualDubious_WaterslideLurker.titleShort,predator,titleShort,BackstoryDefs\Backstories_ChildYoungAdult.xml,def,predator,捕食者
RV2_CYA_PredAnytypeAnygoal_CasualDubious_WaterslideLurker.baseDesc,"Once, while [PAWN_nameDef] was at the waterpark, [PAWN_pronoun] failed to give the waterslide the clearance it asked for, just as [PAWN_possessive] best friend was coming down. In one hilarious accident, [PAWN_nameDef] discovered both [PAWN_possessive] elasticity and [PAWN_possessive] new favorite leisure activity: hiding out at the bottom of a waterslide and trying not to get caught.",baseDesc,BackstoryDefs\Backstories_ChildYoungAdult.xml,def,"Once, while <ALIMT >(PH_6)</ALIMT> was at the waterpark, <ALIMT >(PH_5)</ALIMT> failed to give the waterslide the clearance it asked for, just as <ALIMT >(PH_4)</ALIMT> best friend was coming down. In one hilarious accident, <ALIMT >(PH_3)</ALIMT> discovered both <ALIMT >(PH_2)</ALIMT> elasticity and <ALIMT >(PH_1)</ALIMT> new favorite leisure activity: hiding out at the bottom of a waterslide and trying not to get <ALIMT >caught</ALIMT>.","一次，虽然[PAWN_nameDef]曾在水上乐园,[PAWN_pronoun]没有达到滑水道想要的许可距离，就像[PAWN_possessive]挚友走了下来。在一次滑稽的事故中,[PAWN_nameDef]发现两个[PAWN_possessive]弹力和[PAWN_possessive]爱好新的休闲活动: 躲在滑水道的底部被发现"
RV2_CYA_PredAnytypeDigest_CasualDubious_CheerleaderGluttonous.title,gluttonous cheerleader,title,BackstoryDefs\Backstories_ChildYoungAdult.xml,def,gluttonous <ALIMT >cheerleader</ALIMT>,暴食啦啦队员
RV2_CYA_PredAnytypeDigest_CasualDubious_CheerleaderGluttonous.titleShort,cheerleader,titleShort,BackstoryDefs\Backstories_ChildYoungAdult.xml,def,<ALIMT >cheerleader</ALIMT>,啦啦队员
RV2_CYA_PredAnytypeDigest_CasualDubious_CheerleaderGluttonous.baseDesc,"[PAWN_nameDef] started cheerleading in school and kept it up in college. [PAWN_pronoun] was the envy of [PAWN_possessive] team, able to maintain peak fitness despite eating almost [PAWN_possessive] body weight in junk food every day. When [PAWN_pronoun] discovered vore in college, however, “body weight” took on a much more literal meaning. Turns out lifting people up and throwing them translated very well to stuffing them down [PAWN_possessive] throat (or up [PAWN_possessive] rear, or wherever [PAWN_pronoun] wanted) in the locker room. Of course, [PAWN_nameDef] had to pick [PAWN_possessive] meals carefully, lest the team be unfit to rally the players to victory--the winning teams got to eat the losers, after all.",baseDesc,BackstoryDefs\Backstories_ChildYoungAdult.xml,def,"<ALIMT >(PH_10)</ALIMT> started cheerleading in school and kept it up in college. <ALIMT >(PH_9)</ALIMT> was the envy of <ALIMT >(PH_8)</ALIMT> team, able to maintain peak fitness despite eating almost <ALIMT >(PH_7)</ALIMT> body weight in junk food every day. When <ALIMT >(PH_6)</ALIMT> discovered <ALIMT >vore</ALIMT> in college, however, “body weight” took on a much more literal meaning. Turns out lifting people up and throwing them translated very well to stuffing them down <ALIMT >(PH_5)</ALIMT> throat (or up <ALIMT >(PH_4)</ALIMT> rear, or wherever <ALIMT >(PH_3)</ALIMT> wanted) in the locker room. Of course, <ALIMT >(PH_2)</ALIMT> had to pick <ALIMT >(PH_1)</ALIMT> meals carefully, lest the team be unfit to rally the players to victory--the winning teams got to eat the losers, after all.","[PAWN_nameDef]在学校开始拉拉队，并在大学里保持这种状态。[PAWN_pronoun]的嫉妒[PAWN_possessive]团队成员，尽管暴饮暴食，但仍能保持最佳体能[PAWN_possessive]每天垃圾食品中的体重。何时[PAWN_pronoun]已发现吃人然而，在大学里，“体重” 的字面意义要大得多。把人举起来扔出去时翻译的非常好，能够将人灌入[PAWN_possessive]咽喉 (或以上[PAWN_possessive]后方，或任何地点[PAWN_pronoun]通缉) 在更衣室。当然可以,[PAWN_nameDef]不得不选择[PAWN_possessive]用餐时要小心，以免团队不适合团结球员走向胜利 -- 毕竟，获胜的团队还得吃失败者。"
RV2_CYA_PredAnytypeDigest_OpenDubious_VorriorYoungblood.title,youngblood vorrior,title,BackstoryDefs\Backstories_ChildYoungAdult.xml,def,youngblood vorrior,年轻人
RV2_CYA_PredAnytypeDigest_OpenDubious_VorriorYoungblood.titleShort,youngblood,titleShort,BackstoryDefs\Backstories_ChildYoungAdult.xml,def,youngblood,年轻人
RV2_CYA_PredAnytypeDigest_OpenDubious_VorriorYoungblood.baseDesc,"[PAWN_nameDef] participated in [PAWN_possessive] tribe’s coming-of-age ritual in which, in order to join the ranks of the esteemed vorriors, [PAWN_pronoun] had to overpower and devour an armed captive in hand-to-hand combat. [PAWN_pronoun] won and was inducted, though, as a youngblood, [PAWN_nameDef] was expected to do all the menial labor around the vorriors’ lodge.",baseDesc,BackstoryDefs\Backstories_ChildYoungAdult.xml,def,"<ALIMT >(PH_5)</ALIMT> participated in <ALIMT >(PH_4)</ALIMT> tribe’s coming-of-age ritual in which, in order to join the ranks of the esteemed vorriors, <ALIMT >(PH_3)</ALIMT> had to overpower and devour an armed captive in hand-to-hand combat. <ALIMT >(PH_2)</ALIMT> won and was inducted, though, as a youngblood, <ALIMT >(PH_1)</ALIMT> was expected to do all the menial labor around the vorriors’ lodge.","[PAWN_nameDef]参与[PAWN_possessive]部落的成人仪式，为了加入受人尊敬的贪婪者的行列,[PAWN_pronoun]不得不在肉搏中征服并吞噬一名俘虏。[PAWN_pronoun]然而，作为一个年轻人，赢得并被录取,[PAWN_nameDef]被要求在旋涡者的小屋周围从事所有的苦差事。"
RV2_CYA_PredAnytypeDigest_OpenUnwilling_PredationMajor.title,predation major,title,BackstoryDefs\Backstories_ChildYoungAdult.xml,def,predation major,捕食较重
RV2_CYA_PredAnytypeDigest_OpenUnwilling_PredationMajor.titleShort,college student,titleShort,BackstoryDefs\Backstories_ChildYoungAdult.xml,def,college student,大学生
RV2_CYA_PredAnytypeDigest_OpenUnwilling_PredationMajor.baseDesc,"[PAWN_nameDef] attended an obscure yet prestigious private college, just after graduating highschool. This was a school for predators, and would not investigate or prosecute any digestions of its student body, handily paying off any families who felt insufficiently forewarned that they were sending their kid to be turned into fat on a fellow student’s belly. [PAWN_nameDef] was among the very small graduating class of [PAWN_possessive] year, and not just out of dumb luck.",baseDesc,BackstoryDefs\Backstories_ChildYoungAdult.xml,def,"<ALIMT >(PH_3)</ALIMT> attended an obscure yet prestigious private college, just after graduating highschool. This was a school for predators, and would not investigate or prosecute any digestions of its student body, handily paying off any families who felt insufficiently forewarned that they were sending their kid to be turned into fat on a fellow student’s belly. <ALIMT >(PH_2)</ALIMT> was among the very small graduating <ALIMT >class</ALIMT> of <ALIMT >(PH_1)</ALIMT> year, and not just out of dumb luck.","[PAWN_nameDef]高中毕业后，我就读于一所不起眼却享有盛誉的私立大学。这是一所天敌学校，不会调查或起诉它的学生, 轻松付钱给任何觉得自己的孩子在别人面前变胖的家庭。[PAWN_nameDef]是其中一个很小的毕业生班级来自[PAWN_possessive]年，并不只是运气太差。"
RV2_CYA_PredAnytypeDigest_SecretUnwilling_PredatorNatural.title,natural predator,title,BackstoryDefs\Backstories_ChildYoungAdult.xml,def,natural predator,天然肉食动物
RV2_CYA_PredAnytypeDigest_SecretUnwilling_PredatorNatural.titleShort,wild child,titleShort,BackstoryDefs\Backstories_ChildYoungAdult.xml,def,wild child,被遗弃的孩子
RV2_CYA_PredAnytypeDigest_SecretUnwilling_PredatorNatural.baseDesc,"No one ever bothered to explain to [PAWN_nameDef] that vore is an unnatural thing, mainly because [PAWN_nameDef] grew up on the outskirts of society. When [PAWN_pronoun] accidentally discovered vore in adulthood, [PAWN_pronoun] just assumed it was natural, and so the world as [PAWN_pronoun] saw it was one of pawn-eat-pawn; no mercy for the unprotected.",baseDesc,BackstoryDefs\Backstories_ChildYoungAdult.xml,def,"No one ever bothered to explain to <ALIMT >(PH_7)</ALIMT> that <ALIMT >vore</ALIMT> is an unnatural thing, mainly because <ALIMT >(PH_6)</ALIMT> grew up on the outskirts of society. When <ALIMT >(PH_5)</ALIMT> accidentally discovered <ALIMT >vore</ALIMT> in adulthood, <ALIMT >(PH_4)</ALIMT> just assumed it was natural, and so the world as <ALIMT >(PH_3)</ALIMT> saw it was one of <ALIMT >(PH_2)</ALIMT>-eat-<ALIMT >(PH_1)</ALIMT>; no mercy for the unprotected.","从来没有人费心向你解释[PAWN_nameDef]那个吃人异常，主要是因为[PAWN_nameDef]在社会的边缘地区长大。何时[PAWN_pronoun]被意外发现吃人成年后,[PAWN_pronoun]只是假设这是自然的，所以这个世界作为[PAWN_pronoun]看见它是其中之一pawn-吃-pawn对未受保护的人毫不留情。"
RV2_CYA_PredAnytypeDigest_SecretUnwilling_PredatorsProtege.title,predator's protege,title,BackstoryDefs\Backstories_ChildYoungAdult.xml,def,predator's protege,捕食者的保护
RV2_CYA_PredAnytypeDigest_SecretUnwilling_PredatorsProtege.titleShort,pred protege,titleShort,BackstoryDefs\Backstories_ChildYoungAdult.xml,def,pred protege,被保护者
RV2_CYA_PredAnytypeDigest_SecretUnwilling_PredatorsProtege.baseDesc,"[PAWN_nameDef] was chosen by an experienced predator, after fighting long and hard for [PAWN_possessive] life, to be an apprentice, rather than a meal. [PAWN_possessive] mentor taught [PAWN_objective] every trick they knew, so that when [PAWN_nameDef] became an adult, [PAWN_pronoun] wouldn’t be stumbling blindly through the challenges of devouring [PAWN_possessive] first meals.",baseDesc,BackstoryDefs\Backstories_ChildYoungAdult.xml,def,"<ALIMT >(PH_7)</ALIMT> was chosen by an experienced predator, after <ALIMT >fighting</ALIMT> long and hard for <ALIMT >(PH_6)</ALIMT> life, to be an apprentice, rather than a meal. <ALIMT >(PH_5)</ALIMT> mentor taught <ALIMT >(PH_4)</ALIMT> every trick they knew, so that when <ALIMT >(PH_3)</ALIMT> became an <ALIMT >adult</ALIMT>, <ALIMT >(PH_2)</ALIMT> wouldn’t be stumbling blindly through the challenges of devouring <ALIMT >(PH_1)</ALIMT> first meals.","[PAWN_nameDef]被一名经验丰富的捕食者选中，之后战斗中的漫长而艰苦的[PAWN_possessive]生，当学徒，而不是饭吃。[PAWN_possessive]导师教授[PAWN_objective]他们知道的每一个技巧，所以当[PAWN_nameDef]成为成人的,[PAWN_pronoun]不会在吞噬的挑战中跌跌撞撞而出[PAWN_possessive]第一顿饭。"
RV2_CYA_PredAnytypeDigest_SecretUnwilling_ValedictorianUnscrupulous.title,unscrupulous valedictorian,title,BackstoryDefs\Backstories_ChildYoungAdult.xml,def,unscrupulous valedictorian,无良的毕业生代表
RV2_CYA_PredAnytypeDigest_SecretUnwilling_ValedictorianUnscrupulous.titleShort,valedictorian,titleShort,BackstoryDefs\Backstories_ChildYoungAdult.xml,def,valedictorian,毕业生代表
RV2_CYA_PredAnytypeDigest_SecretUnwilling_ValedictorianUnscrupulous.baseDesc,"Having achieved valedictorian effortlessly in high school, [PAWN_nameDef] was just determined to earn the honor again in college. Unfortunately, [PAWN_pronoun] had fierce competition in [PAWN_possessive] class, and as graduation approached, [PAWN_pronoun] realized [PAWN_pronoun] was in second place. However, it turns out, all it took for [PAWN_nameDef] to take first place was the untimely disappearance of [PAWN_possessive] rival... and maybe some of the challengers trailing [PAWN_objective], too.",baseDesc,BackstoryDefs\Backstories_ChildYoungAdult.xml,def,"Having achieved valedictorian effortlessly in high school, <ALIMT >(PH_8)</ALIMT> was just determined to earn the honor again in college. Unfortunately, <ALIMT >(PH_7)</ALIMT> had fierce competition in <ALIMT >(PH_6)</ALIMT> <ALIMT >class</ALIMT>, and as graduation approached, <ALIMT >(PH_5)</ALIMT> realized <ALIMT >(PH_4)</ALIMT> was in second place. However, it turns out, all it took for <ALIMT >(PH_3)</ALIMT> to take first place was the untimely disappearance of <ALIMT >(PH_2)</ALIMT> rival... and maybe some of the challengers trailing <ALIMT >(PH_1)</ALIMT>, too.","在高中时毫不费力地取得了毕业生代表的成功,[PAWN_nameDef]刚刚下定决心要在大学里重新获得这个荣誉。很可惜,[PAWN_pronoun]于[PAWN_possessive]班级,当毕业临近时,[PAWN_pronoun]实现[PAWN_pronoun]排名第二。然而，事实证明，这所需要的一切[PAWN_nameDef]第一名的是[PAWN_possessive]仇人...也许一些挑战者在后面[PAWN_objective]我也是。"
RV2_CYA_PredAnytypeDigest_ReluctantUnwilling_GurglerAccidental.title,accidental gurgler,title,BackstoryDefs\Backstories_ChildYoungAdult.xml,def,accidental gurgler,出没于事故的鸟嘴
RV2_CYA_PredAnytypeDigest_ReluctantUnwilling_GurglerAccidental.titleShort,predator,titleShort,BackstoryDefs\Backstories_ChildYoungAdult.xml,def,predator,捕食者
RV2_CYA_PredAnytypeDigest_ReluctantUnwilling_GurglerAccidental.baseDesc,[PAWN_nameDef] lost [PAWN_possessive] voreginity completely by accident. It just takes a very poorly-timed tumble to end up digesting someone you didn’t mean to.,baseDesc,BackstoryDefs\Backstories_ChildYoungAdult.xml,def,<ALIMT >(PH_2)</ALIMT> lost <ALIMT >(PH_1)</ALIMT> voreginity completely by accident. It just takes a very poorly-timed tumble to end up digesting someone you didn’t mean to.,[PAWN_nameDef]失败[PAWN_possessive]完全是偶然的迷雾。只需要一段非常糟糕的时间，最终就能消化掉你并不想消化的人。
RV2_CYA_PredAnytypeDigest_ReluctantUnwilling_GurglerRegretful.title,regretful gurgler,title,BackstoryDefs\Backstories_ChildYoungAdult.xml,def,regretful gurgler,悔过者
RV2_CYA_PredAnytypeDigest_ReluctantUnwilling_GurglerRegretful.titleShort,predator,titleShort,BackstoryDefs\Backstories_ChildYoungAdult.xml,def,predator,捕食者
RV2_CYA_PredAnytypeDigest_ReluctantUnwilling_GurglerRegretful.baseDesc,"Fancying [PAWN_objective]self as a fearsome predator, [PAWN_nameDef] lost [PAWN_possessive] voreginity by hunting down and digesting someone against their will, but what [PAWN_pronoun] didn’t expect was that [PAWN_possessive] yet-unsmothered conscience would make [PAWN_objective] regret the deed.",baseDesc,BackstoryDefs\Backstories_ChildYoungAdult.xml,def,"Fancying <ALIMT >(PH_6)</ALIMT>self as a fearsome predator, <ALIMT >(PH_5)</ALIMT> lost <ALIMT >(PH_4)</ALIMT> voreginity by hunting down and digesting someone against their will, but what <ALIMT >(PH_3)</ALIMT> didn’t expect was that <ALIMT >(PH_2)</ALIMT> yet-unsmothered conscience would make <ALIMT >(PH_1)</ALIMT> regret the deed.","喜欢[PAWN_objective]自己是一种可怕的捕食者,[PAWN_nameDef]失败[PAWN_possessive]通过违背自己的意愿对某人进行狩猎和消化，可实现什么[PAWN_pronoun]没想到会是这样[PAWN_possessive]然而 -- 未有意限制对大脑的供氧，往往是为了使性觉醒。的良心会使[PAWN_objective]后悔所做的事。"
RV2_CYA_PredAnytypeDigest_ReluctantUnwilling_Voracious.title,voracious runaway,title,BackstoryDefs\Backstories_ChildYoungAdult.xml,def,voracious runaway,贪婪的逃亡
RV2_CYA_PredAnytypeDigest_ReluctantUnwilling_Voracious.titleShort,runaway,titleShort,BackstoryDefs\Backstories_ChildYoungAdult.xml,def,runaway,逃跑中。
RV2_CYA_PredAnytypeDigest_ReluctantUnwilling_Voracious.baseDesc,"[PAWN_nameDef] had a lousy childhood which [PAWN_pronoun] would rather not remember, so when [PAWN_pronoun] discovered vore, shortly into adulthood, [PAWN_pronoun] immediately used it to sever all ties to [PAWN_possessive] old life, flee the scene, and reinvent [PAWN_objective]self. Ever since, vore has been the first and only answer to every bad situation [PAWN_nameDef] has found [PAWN_objective]self in.",baseDesc,BackstoryDefs\Backstories_ChildYoungAdult.xml,def,"<ALIMT >(PH_8)</ALIMT> had a lousy childhood which <ALIMT >(PH_7)</ALIMT> would rather not remember, so when <ALIMT >(PH_6)</ALIMT> discovered <ALIMT >vore</ALIMT>, shortly into adulthood, <ALIMT >(PH_5)</ALIMT> immediately used it to sever all ties to <ALIMT >(PH_4)</ALIMT> old life, flee the scene, and reinvent <ALIMT >(PH_3)</ALIMT>self. Ever since, <ALIMT >vore</ALIMT> has been the first and only answer to every bad situation <ALIMT >(PH_2)</ALIMT> has found <ALIMT >(PH_1)</ALIMT>self in.","[PAWN_nameDef]糟糕的童年[PAWN_pronoun]宁愿不记得了，所以什么时候[PAWN_pronoun]已发现吃人,刚进入成年,[PAWN_pronoun]立即用它切断所有[PAWN_possessive]旧生活，逃离现实，重塑[PAWN_objective]自己。自那以后,吃人是每个糟糕情况下的第一个也是唯一的答案[PAWN_nameDef]已发现[PAWN_objective]自言自语。"
RV2_CYA_PredOralAnygoal_CasualDubious_IdolPredatorOral.title,oral pred idol,title,BackstoryDefs\Backstories_ChildYoungAdult.xml,def,<ALIMT >oral</ALIMT> pred idol,oralPred 偶像
RV2_CYA_PredOralAnygoal_CasualDubious_IdolPredatorOral.titleShort,oral idol,titleShort,BackstoryDefs\Backstories_ChildYoungAdult.xml,def,<ALIMT >oral</ALIMT> idol,用嘴偶像
RV2_CYA_PredOralAnygoal_CasualDubious_IdolPredatorOral.baseDesc,"[PAWN_nameDef] was an oral vore idol as a young adult, whose glistening teeth, luscious lips, and drooling tongue were known to millions. While it taught [PAWN_objective] few practical skills, even for predding, [PAWN_pronoun] picked up a scrap or two about cooking and knifework on those cliche kitchen shoots.",baseDesc,BackstoryDefs\Backstories_ChildYoungAdult.xml,def,"<ALIMT >(PH_3)</ALIMT> was an <ALIMT >oral</ALIMT> <ALIMT >vore</ALIMT> idol as a young <ALIMT >adult</ALIMT>, whose glistening teeth, luscious lips, and drooling tongue were known to millions. While it taught <ALIMT >(PH_2)</ALIMT> few practical skills, even for predding, <ALIMT >(PH_1)</ALIMT> picked up a scrap or two about cooking and knifework on those cliche kitchen shoots.","[PAWN_nameDef]是一个oralvore年轻的偶像成人的数百万人知道它闪闪发光的牙齿、甜美的嘴唇和流着口水的舌头。当它教导[PAWN_objective]很少有实际技能，即使是捕食,[PAWN_pronoun]拿了一两封关于烹饪和刀手的信，拿了几张老套的厨房照。"
RV2_CYA_PredOralDigest_OpenUnwilling_HeirHungry.title,hungry heir,title,BackstoryDefs\Backstories_ChildYoungAdult.xml,def,hungry heir,饥饿的继承人
RV2_CYA_PredOralDigest_OpenUnwilling_HeirHungry.titleShort,heir,titleShort,BackstoryDefs\Backstories_ChildYoungAdult.xml,def,heir,储君
RV2_CYA_PredOralDigest_OpenUnwilling_HeirHungry.baseDesc,"Throughout [PAWN_nameDef]’s spoiled childhood as a noble’s heir, [PAWN_pronoun] would exhaust the kitchen staff, always demanding bigger and bigger meals. When [PAWN_nameDef] came of age and discovered [PAWN_possessive] capacity for vore, it all clicked, and [PAWN_nameDef] decided to personally terminate the servant staff for their “laziness and ineptitude”.",baseDesc,BackstoryDefs\Backstories_ChildYoungAdult.xml,def,"Throughout <ALIMT >(PH_5)</ALIMT>’s spoiled childhood as a noble’s heir, <ALIMT >(PH_4)</ALIMT> would exhaust the kitchen staff, always demanding bigger and bigger meals. When <ALIMT >(PH_3)</ALIMT> came of age and discovered <ALIMT >(PH_2)</ALIMT> capacity for <ALIMT >vore</ALIMT>, it all clicked, and <ALIMT >(PH_1)</ALIMT> decided to personally terminate the servant staff for their “laziness and ineptitude”.","贯穿[PAWN_nameDef]作为贵族的继承人被宠坏的童年,[PAWN_pronoun]会让厨房的工作人员精疲力尽，总是要求越来越大的食物。何时[PAWN_nameDef]成熟并发现[PAWN_possessive]容量吃人,全都点击了，并且[PAWN_nameDef]因工作人员的 “懒惰和无能”，决定亲自解雇他们。"
RV2_CYA_PredOralDigest_SecretDubious_SelfTaughtChefStarving.title,starving self-taught chef,title,BackstoryDefs\Backstories_ChildYoungAdult.xml,def,starving self-taught chef,饥饿的自学成才的厨师
RV2_CYA_PredOralDigest_SecretDubious_SelfTaughtChefStarving.titleShort,amateur chef,titleShort,BackstoryDefs\Backstories_ChildYoungAdult.xml,def,amateur chef,业余厨师
RV2_CYA_PredOralDigest_SecretDubious_SelfTaughtChefStarving.baseDesc,"[PAWN_nameDef] doesn’t know why, but ever since [PAWN_pronoun] was young, [PAWN_pronoun] has been so hungry that nothing less than a full feast could satisfy [PAWN_objective]. So, [PAWN_nameDef] learned how to cook at a young age, just to keep up with [PAWN_possessive] needs. It wouldn’t be until much later that [PAWN_nameDef] learned why [PAWN_pronoun] was so hungry.",baseDesc,BackstoryDefs\Backstories_ChildYoungAdult.xml,def,"<ALIMT >(PH_8)</ALIMT> doesn’t know why, but ever since <ALIMT >(PH_7)</ALIMT> was young, <ALIMT >(PH_6)</ALIMT> has been so hungry that nothing less than a full feast could satisfy <ALIMT >(PH_5)</ALIMT>. So, <ALIMT >(PH_4)</ALIMT> learned how to cook at a young age, just to keep up with <ALIMT >(PH_3)</ALIMT> needs. It wouldn’t be until much later that <ALIMT >(PH_2)</ALIMT> learned why <ALIMT >(PH_1)</ALIMT> was so hungry.","[PAWN_nameDef]不知道为什么，但从那以后[PAWN_pronoun]非常年轻,[PAWN_pronoun]已经饥肠辘辘了，没有什么比这更好了[PAWN_objective]所以,[PAWN_nameDef]为了赶上进度，我在小时候学会了烹饪[PAWN_possessive]需要。直到很久以后[PAWN_nameDef]了解了原因[PAWN_pronoun]非常饥饿。"
RV2_CYA_PredAnalAnygoal_CasualDubious_IdolPredatorAnal.title,anal pred idol,title,BackstoryDefs\Backstories_ChildYoungAdult.xml,def,<ALIMT >anal</ALIMT> pred idol,analPred 偶像
RV2_CYA_PredAnalAnygoal_CasualDubious_IdolPredatorAnal.titleShort,anal idol,titleShort,BackstoryDefs\Backstories_ChildYoungAdult.xml,def,<ALIMT >anal</ALIMT> idol,肛门偶像
RV2_CYA_PredAnalAnygoal_CasualDubious_IdolPredatorAnal.baseDesc,"[PAWN_nameDef] was an anal vore idol as a young adult, whose juicy ass and perfectly-shaped pucker plastered everything from advertisements for sturdy chairs and skirts, to PSAs about looking where you sit on public transit, to cheeky signs for donut shops and other circular foods. While it taught [PAWN_objective] few practical skills, even for predding, [PAWN_pronoun] broke enough chairs and split enough skirts to have an idea how to put them back together.",baseDesc,BackstoryDefs\Backstories_ChildYoungAdult.xml,def,"<ALIMT >(PH_3)</ALIMT> was an <ALIMT >anal</ALIMT> <ALIMT >vore</ALIMT> idol as a young <ALIMT >adult</ALIMT>, whose juicy <ALIMT >ass</ALIMT> and perfectly-shaped pucker plastered everything from advertisements for sturdy chairs and skirts, to PSAs about looking where you sit on <ALIMT >public</ALIMT> transit, to cheeky signs for donut shops and other circular foods. While it taught <ALIMT >(PH_2)</ALIMT> few practical skills, even for predding, <ALIMT >(PH_1)</ALIMT> broke enough chairs and split enough skirts to have an idea how to put them back together.","[PAWN_nameDef]是一个analvore年轻的偶像成人的,多汁屁股从坚固的椅子和裙子的广告，到看着你坐在哪里的公益广告，所有的东西都被完美的褶皱覆盖了公共场所运输，到甜甜圈店和其他圆形食物的厚脸皮标牌。当它教导[PAWN_objective]很少有实际技能，即使是捕食,[PAWN_pronoun]打破了足够多的椅子和分裂足够多的裙子，有一个想法，如何把它们放回原处。"
RV2_CYA_PredAnytypeAnygoal_CasualUnwilling_DropAss.title,drop ass,title,BackstoryDefs\Backstories_ChildYoungAdult.xml,def,drop <ALIMT >ass</ALIMT>,丢下屁股
RV2_CYA_PredAnytypeAnygoal_CasualUnwilling_DropAss.titleShort,drop ass,titleShort,BackstoryDefs\Backstories_ChildYoungAdult.xml,def,drop <ALIMT >ass</ALIMT>,丢下屁股
RV2_CYA_PredAnytypeAnygoal_CasualUnwilling_DropAss.baseDesc,"[PAWN_nameDef] was a bit of a hooligan, even into young adulthood. What happens when you combine loitering in high-up places, mooning passers-by, and a slippery ledge? In [PAWN_nameDef]’s case, a nice thorough reaming and a new favorite past-time.",baseDesc,BackstoryDefs\Backstories_ChildYoungAdult.xml,def,"<ALIMT >(PH_2)</ALIMT> was a bit of a hooligan, even into young adulthood. What happens when you combine loitering in high-up places, mooning passers-by, and a slippery ledge? In <ALIMT >(PH_1)</ALIMT>’s case, a nice thorough reaming and a new favorite past-time.",[PAWN_nameDef]有点流氓，甚至到了年轻的时候。当你把在高处闲逛、闲逛的路人和光滑的岩壁结合在一起会发生什么？于[PAWN_nameDef]的案例，一个很好的彻底拆解和一个新的过去的爱好。
RV2_CYA_PredVaginalAnygoal_CasualDubious_IdolPredatorYonic.title,yonic pred idol,title,BackstoryDefs\Backstories_ChildYoungAdult.xml,def,yonic pred idol,你的 pred 偶像
RV2_CYA_PredVaginalAnygoal_CasualDubious_IdolPredatorYonic.titleShort,yonic idol,titleShort,BackstoryDefs\Backstories_ChildYoungAdult.xml,def,yonic idol,你的偶像
RV2_CYA_PredVaginalAnygoal_CasualDubious_IdolPredatorYonic.baseDesc,"[PAWN_nameDef] was an unbirth idol as a young adult, whose gravid belly and spread legs elevated [PAWN_objective] to the level of a glitterworld fertility idol. While it taught [PAWN_objective] few practical skills, even for predding, [PAWN_pronoun] has endured more than enough maternity-ward-themed shoots to pick up the absolute basics of medicine.",baseDesc,BackstoryDefs\Backstories_ChildYoungAdult.xml,def,"<ALIMT >(PH_4)</ALIMT> was an unbirth idol as a young <ALIMT >adult</ALIMT>, whose gravid belly and spread legs elevated <ALIMT >(PH_3)</ALIMT> to the level of a glitterworld fertility idol. While it taught <ALIMT >(PH_2)</ALIMT> few practical skills, even for predding, <ALIMT >(PH_1)</ALIMT> has endured more than enough maternity-ward-themed shoots to pick up the absolute basics of medicine.","[PAWN_nameDef]年轻时有未生育的偶像成人的怀孕的孩子，怀孕的肚子和伸展的腿变得高贵[PAWN_objective]达到闪耀世界生育偶像的水平。当它教导[PAWN_objective]很少有实际技能，即使是捕食,[PAWN_pronoun]忍受了足够多的产房主题镜头来学习医学的绝对基础。"
RV2_CYA_PredCockAnygoal_CasualDubious_IdolPredatorPhallic.title,phallic pred idol,title,BackstoryDefs\Backstories_ChildYoungAdult.xml,def,phallic pred idol,阳刚 pred 偶像
RV2_CYA_PredCockAnygoal_CasualDubious_IdolPredatorPhallic.titleShort,phallic idol,titleShort,BackstoryDefs\Backstories_ChildYoungAdult.xml,def,phallic idol,阳刚偶像
RV2_CYA_PredCockAnygoal_CasualDubious_IdolPredatorPhallic.baseDesc,"[PAWN_nameDef] was a cock vore idol as a young adult, whose pendulous jewels and throbbing schlong have, by dildo proxy, penetrated the holes of countless adoring fans. While it taught [PAWN_objective] few practical skills, even for predding, [PAWN_pronoun] has done enough cumshots to develop a baseline competent aim.",baseDesc,BackstoryDefs\Backstories_ChildYoungAdult.xml,def,"<ALIMT >(PH_3)</ALIMT> was a cock <ALIMT >vore</ALIMT> idol as a young <ALIMT >adult</ALIMT>, whose pendulous jewels and throbbing schlong have, by <ALIMT >dildo</ALIMT> proxy, penetrated the holes of countless adoring fans. While it taught <ALIMT >(PH_2)</ALIMT> few practical skills, even for predding, <ALIMT >(PH_1)</ALIMT> has done enough cumshots to develop a baseline competent aim.","[PAWN_nameDef]是一只公鸡吃人年轻的偶像adultdildo代理人，深入了无数崇拜的粉丝的洞穴。当它教导[PAWN_objective]很少有实际技能，即使是捕食,[PAWN_pronoun]完成了足够的累计射击，瞄准了一个合格的基线。"
RV2_CYA_PredNippleAnygoal_CasualDubious_IdolPredatorMammary.title,mammary pred idol,title,BackstoryDefs\Backstories_ChildYoungAdult.xml,def,mammary pred idol,乳房喷出液体（通常是乳汁）。是挤奶的前置标签。喂养偶像
RV2_CYA_PredNippleAnygoal_CasualDubious_IdolPredatorMammary.titleShort,mammary idol,titleShort,BackstoryDefs\Backstories_ChildYoungAdult.xml,def,mammary idol,母树偶像
RV2_CYA_PredNippleAnygoal_CasualDubious_IdolPredatorMammary.baseDesc,"[PAWN_nameDef] was a nipple vore idol as a young adult, whose bountiful breasts and shapely buds were used to advertise everything from lingerie and low-cut sweaters, to mousepads, to milk. While it taught [PAWN_objective] few practical skills, even for predding, [PAWN_pronoun] thinks [PAWN_pronoun] picked up a thing or two about cooking and cattle ranching on-set.",baseDesc,BackstoryDefs\Backstories_ChildYoungAdult.xml,def,"<ALIMT >(PH_4)</ALIMT> was a <ALIMT >nipple</ALIMT> <ALIMT >vore</ALIMT> idol as a young <ALIMT >adult</ALIMT>, whose bountiful <ALIMT >breasts</ALIMT> and shapely buds were used to advertise everything from <ALIMT >lingerie</ALIMT> and low-cut sweaters, to mousepads, to milk. While it taught <ALIMT >(PH_3)</ALIMT> few practical skills, even for predding, <ALIMT >(PH_2)</ALIMT> thinks <ALIMT >(PH_1)</ALIMT> picked up a thing or two about cooking and cattle ranching on-set.","[PAWN_nameDef]曾是一个nipplevore年轻的偶像成人的,赏赐乳房和畸形的芽被用来宣传一切，从女式内衣低胸毛衣，鼠标垫，牛奶。当它教导[PAWN_objective]很少有实际技能，即使是捕食,[PAWN_pronoun]思考[PAWN_pronoun]一两件关于在基地烹饪和畜牧的事情。"
RV2_CYA_PredNippleDigest_CasualDubious_MilkshakeMixerJunior.title,junior milkshake mixer,title,BackstoryDefs\Backstories_ChildYoungAdult.xml,def,junior milkshake mixer,初级奶昔搅拌机
RV2_CYA_PredNippleDigest_CasualDubious_MilkshakeMixerJunior.titleShort,milkshaker,titleShort,BackstoryDefs\Backstories_ChildYoungAdult.xml,def,milkshaker,奶床
RV2_CYA_PredNippleDigest_CasualDubious_MilkshakeMixerJunior.baseDesc,"[PAWN_nameDef] mixed milkshakes at a diner, supplying the milk [PAWN_objective]self, usually starting with an unruly or simply convenient customer. Those with the best-tasting milk stood a chance of being promoted. Those without might find themselves used in the next milkshake batch.",baseDesc,BackstoryDefs\Backstories_ChildYoungAdult.xml,def,"<ALIMT >(PH_2)</ALIMT> mixed milkshakes at a diner, supplying the milk <ALIMT >(PH_1)</ALIMT>self, usually starting with an unruly or simply convenient customer. Those with the best-tasting milk stood a chance of being promoted. Those without might find themselves used in the next milkshake batch.",[PAWN_nameDef]在餐厅混合奶昔，供应牛奶[PAWN_objective]自我，通常从一个不守规矩的顾客或仅仅是方便的顾客开始。那些拥有味道最好的牛奶的人有机会被提升。没有的人可能会发现自己被用于下一批奶昔。
RV2_CYA_PredAnytypeTempEndo_OpenWilling_ExperimenterEndo.title,endo experimenter,title,BackstoryDefs\Backstories_ChildYoungAdult.xml,def,endo experimenter,Endo 实验者
RV2_CYA_PredAnytypeTempEndo_OpenWilling_ExperimenterEndo.titleShort,college student,titleShort,BackstoryDefs\Backstories_ChildYoungAdult.xml,def,college student,大学生
RV2_CYA_PredAnytypeTempEndo_OpenWilling_ExperimenterEndo.baseDesc,[PAWN_nameDef] experimented with sex in college more than most of [PAWN_possessive] peers. (Safe) vore ended up being [PAWN_possessive] favorite. [PAWN_pronoun] made a name for [PAWN_objective]self as “that slut who uses people as sex toys”.,baseDesc,BackstoryDefs\Backstories_ChildYoungAdult.xml,def,<ALIMT >(PH_5)</ALIMT> experimented with <ALIMT >sex</ALIMT> in college more than most of <ALIMT >(PH_4)</ALIMT> peers. (Safe) <ALIMT >vore</ALIMT> ended up being <ALIMT >(PH_3)</ALIMT> favorite. <ALIMT >(PH_2)</ALIMT> made a name for <ALIMT >(PH_1)</ALIMT>self as “that slut who uses people as <ALIMT >sex</ALIMT> toys”.,[PAWN_nameDef]尝试了性交上大学多多益善[PAWN_possessive]同龄人。(安全)吃人最终被[PAWN_possessive]最爱。[PAWN_pronoun]成名于[PAWN_objective]自己就是 “那个利用人作为性交玩具 ”。
RV2_CYA_PreyAnytypeDigest_OpenWilling_FodderNatural.title,natural fodder,title,BackstoryDefs\Backstories_ChildYoungAdult.xml,def,natural fodder,天然饲料
RV2_CYA_PreyAnytypeDigest_OpenWilling_FodderNatural.titleShort,fodder,titleShort,BackstoryDefs\Backstories_ChildYoungAdult.xml,def,fodder,饲料
RV2_CYA_PreyAnytypeDigest_OpenWilling_FodderNatural.baseDesc,"[PAWN_nameDef] doesn’t know why, but [PAWN_pronoun] has always wanted to be consumed and churned into slush. [PAWN_nameDef] hopes to become a filling meal for some lucky predator soon.",baseDesc,BackstoryDefs\Backstories_ChildYoungAdult.xml,def,"<ALIMT >(PH_3)</ALIMT> doesn’t know why, but <ALIMT >(PH_2)</ALIMT> has always wanted to be consumed and churned into slush. <ALIMT >(PH_1)</ALIMT> hopes to become a filling meal for some lucky predator soon.",[PAWN_nameDef]不知道为什么，但是[PAWN_pronoun]一直想被享用并翻腾成泥浆。[PAWN_nameDef]希望很快成为一些幸运的捕食者的填充餐。
RV2_CYA_PreyOralTempEndo_OpenWilling_SquireBiteKnight.title,bite-knight's squire,title,BackstoryDefs\Backstories_ChildYoungAdult.xml,def,bite-knight's squire,咬骑士 squ从
RV2_CYA_PreyOralTempEndo_OpenWilling_SquireBiteKnight.titleShort,squire,titleShort,BackstoryDefs\Backstories_ChildYoungAdult.xml,def,squire,Squ从
RV2_CYA_PreyOralTempEndo_OpenWilling_SquireBiteKnight.baseDesc,"[PAWN_nameDef] was a squire for a bite-knight. [PAWN_possessive] duties included, beyond regular squirely duties, taking personal care of [PAWN_possessive] master’s teeth... and everything deeper inside, as [PAWN_pronoun] would be regularly swallowed for a full cleaning.",baseDesc,BackstoryDefs\Backstories_ChildYoungAdult.xml,def,"<ALIMT >(PH_4)</ALIMT> was a squire for a bite-knight. <ALIMT >(PH_3)</ALIMT> duties included, beyond regular squirely duties, taking personal care of <ALIMT >(PH_2)</ALIMT> master’s teeth... and everything deeper inside, as <ALIMT >(PH_1)</ALIMT> would be regularly swallowed for a full cleaning.",[PAWN_nameDef]曾是咬骑士的 squ从。[PAWN_possessive]包括的职责，除了正常的压伤职责之外，还要照顾好个人[PAWN_possessive]主人的牙齿以及里面更深的一切，如[PAWN_pronoun]将被定期吞食进行全面清洁。
RV2_GrappleDamage.label,grapple,label,DamageDefs\Damages_Combat.xml,def,grapple,格斗
RV2_GrappleDamage.deathMessage,{0} has been grappled to death.,deathMessage,DamageDefs\Damages_Combat.xml,def,<ALIMT >(PH_1)</ALIMT> has been grappled to death.,{0}已经被抓死了。
RV2_StomachAcid.label,Damage caused by digestion.,label,DamageDefs\Damages_Vore.xml,def,Damage caused by digestion.,因消化造成的伤害。
RV2_StomachAcid.deathMessage,{0} has been digested.,deathMessage,DamageDefs\Damages_Vore.xml,def,<ALIMT >(PH_1)</ALIMT> has been digested.,{0}已被消化。
RV2_LubeConversionEnzymes.label,Damage caused by lubrifaction.,label,DamageDefs\Damages_Vore.xml,def,Damage caused by lubrifaction.,由迷幻引起的伤害。
RV2_LubeConversionEnzymes.deathMessage,{0} has been melted into lube.,deathMessage,DamageDefs\Damages_Vore.xml,def,<ALIMT >(PH_1)</ALIMT> has been melted into <ALIMT >lube</ALIMT>.,{0}已被熔化成润滑油
RV2_MilkConversionEnzymes.label,Damage caused by lactifaction.,label,DamageDefs\Damages_Vore.xml,def,Damage caused by lactifaction.,利器释放造成的伤害。
RV2_MilkConversionEnzymes.deathMessage,{0} has been melted into milk.,deathMessage,DamageDefs\Damages_Vore.xml,def,<ALIMT >(PH_1)</ALIMT> has been melted into milk.,{0}已融化成乳汁。
RV2_SpermConversionEnzymes.label,Damage caused by spermifaction.,label,DamageDefs\Damages_Vore.xml,def,Damage caused by spermifaction.,因获取精子而造成的伤害。
RV2_SpermConversionEnzymes.deathMessage,{0} has been melted into cum.,deathMessage,DamageDefs\Damages_Vore.xml,def,<ALIMT >(PH_1)</ALIMT> has been melted into <ALIMT >cum</ALIMT>.,{0}已被熔化成精液
RV2_StomachAcid.labelNoun,Stomach acid,labelNoun,HediffDefs\Hediffs_Acid.xml,def,Stomach acid,胃酸
RV2_LubeConversionEnzymes.labelNoun,Lubrifying enzymes,labelNoun,HediffDefs\Hediffs_Acid.xml,def,Lubrifying enzymes,萤光酶
RV2_MilkConversionEnzymes.labelNoun,Lactifying enzymes,labelNoun,HediffDefs\Hediffs_Acid.xml,def,Lactifying enzymes,裂解酶
RV2_SpermConversionEnzymes.labelNoun,Spermifying enzymes,labelNoun,HediffDefs\Hediffs_Acid.xml,def,Spermifying enzymes,裂解酶
RV2_DigestionRecovery.labelNoun,Digestion recovery,labelNoun,HediffDefs\Hediffs_Acid.xml,def,Digestion recovery,消化能力
RV2_DigestionRecovery.description,"This pawn is recovering from almost being digested.\nIf they were to be digested again, the progress would pick up at this hediff's level!",description,HediffDefs\Hediffs_Acid.xml,def,"This <ALIMT >(PH_2)</ALIMT> is recovering from almost being digested.<ALIMT >(PH_1)</ALIMT>If they were to be digested again, the progress would pick up at this hediff's level!","这个pawn正在从被消化中恢复。
如果它们再次被消化，进度将在这个黑体的水平上回升!"
RV2_DigestionRecovery.stages.0.label,Digestion recovery (<25%),label,HediffDefs\Hediffs_Acid.xml,def,Digestion recovery (<25%),消化恢复 (<25%)
RV2_DigestionRecovery.stages.1.label,Digestion recovery (>25%),label,HediffDefs\Hediffs_Acid.xml,def,Digestion recovery (>25%),消化回收率 (> 25%)
RV2_DigestionRecovery.stages.2.label,Digestion recovery (>50%),label,HediffDefs\Hediffs_Acid.xml,def,Digestion recovery (>50%),消化回收率 (> 50%)
RV2_DigestionRecovery.stages.3.label,Digestion recovery (>75%),label,HediffDefs\Hediffs_Acid.xml,def,Digestion recovery (>75%),消化回收率 (> 75%)
RV2_Grappled.label,Grappled,label,HediffDefs\Hediffs_Combat.xml,def,Grappled,格斗
RV2_Grappled.description,"This pawn has been grappled and thrown to the ground, they will need a bit to get up again, which makes them susceptible to being vored!",description,HediffDefs\Hediffs_Combat.xml,def,"This <ALIMT >(PH_1)</ALIMT> has been grappled and thrown to the ground, they will need a bit to get up again, which makes them susceptible to being vored!",这个pawn被抓并扔到地上后，他们需要一点时间才能再次站起来，这使得他们容易被伏击!
RV2_CumReserves.label,Cum Reserves,label,HediffDefs\Hediffs_Genitals.xml,def,<ALIMT >cum</ALIMT> Reserves,精液储备
RV2_CumReserves.description,"This pawn recently cummified a pawn, which grants them high fertility. With this much cum their next sexual interaction will be particularly messy.",description,HediffDefs\Hediffs_Genitals.xml,def,"This <ALIMT >(PH_2)</ALIMT> recently cummified a <ALIMT >(PH_1)</ALIMT>, which grants them high fertility. With this much <ALIMT >cum</ALIMT> their next <ALIMT >sexual</ALIMT> interaction will be particularly messy.","这个pawn最近摧毁了一个pawn,这赋予了他们很高的肥沃度。有这么多精液他们的下一个性的互动会特别混乱。"
RV2_HyperFertility.label,Hyper Fertility,label,HediffDefs\Hediffs_Genitals.xml,def,Hyper Fertility,超肥沃度
RV2_HyperFertility.description,"This pawn recently lubrified a pawn in their womb, resulting in increased fertility.",description,HediffDefs\Hediffs_Genitals.xml,def,"This <ALIMT >(PH_2)</ALIMT> recently lubrified a <ALIMT >(PH_1)</ALIMT> in their womb, resulting in increased fertility.",这个pawn最近腐化了一个pawn在他们的子宫里，导致生育能力提高。
RV2_CurrentlyVored.label,Vored,label,HediffDefs\Hediffs_Prey.xml,def,Vored,被收留
RV2_CurrentlyVored.description,This pawn has been vored and is spending time inside of another pawn.,description,HediffDefs\Hediffs_Prey.xml,def,This <ALIMT >(PH_2)</ALIMT> has been vored and is spending time inside of another <ALIMT >(PH_1)</ALIMT>.,这个pawn已被洗劫一空，正在另一个星球里消磨时间pawn
RV2_PreyInAnus.label,Prey in Anus,label,HediffDefs\Hediffs_Vore.xml,def,Prey in <ALIMT >anus</ALIMT>,捕食肛门
RV2_PreyInAnusDumping.description,This pawn is dumping the remains of their prey out of their butt.,description,HediffDefs\Hediffs_Vore.xml,def,This <ALIMT >(PH_1)</ALIMT> is dumping the remains of their prey out of their butt.,这个pawn正在将猎物的残骸从屁股里倒出。
RV2_PreyInAnusExiting.description,This pawn is dumping their prey out of their butt.,description,HediffDefs\Hediffs_Vore.xml,def,This <ALIMT >(PH_1)</ALIMT> is dumping their prey out of their butt.,这个pawn正在将猎物从屁股里倒出。
RV2_PreyInAnusPassing.description,This pawn is stuffing their prey up their butt.,description,HediffDefs\Hediffs_Vore.xml,def,This <ALIMT >(PH_1)</ALIMT> is stuffing their prey up their butt.,这个pawn正在将猎物的屁股塞满。
RV2_PreyInAnusPleasuring.description,This pawn is using their prey as an anal dildo.,description,HediffDefs\Hediffs_Vore.xml,def,This <ALIMT >(PH_1)</ALIMT> is using their prey as an <ALIMT >anal</ALIMT> <ALIMT >dildo</ALIMT>.,这个pawn正在将它们的猎物用作analdildo
RV2_PreyInBreasts.label,Prey in Breast,label,HediffDefs\Hediffs_Vore.xml,def,Prey in <ALIMT >breast</ALIMT>,捕食乳房
RV2_PreyInBreastsConvertingMilk.description,This pawn is turning what's left of someone into milk.,description,HediffDefs\Hediffs_Vore.xml,def,This <ALIMT >(PH_1)</ALIMT> is turning what's left of someone into milk.,这个pawn正在将剩余的某人转化为产物。
RV2_PreyInBreastsDissolving.description,This pawn is melting living prey down in their breast. This is non-nutritious.,description,HediffDefs\Hediffs_Vore.xml,def,This <ALIMT >(PH_1)</ALIMT> is melting living prey down in their <ALIMT >breast</ALIMT>. This is non-nutritious.,这个pawn正在融化活着的猎物乳房这是没有营养的。
RV2_PreyInBreastsMushing.description,This pawn is breaking down dead prey in their breast. This is non-nutritious.,description,HediffDefs\Hediffs_Vore.xml,def,This <ALIMT >(PH_1)</ALIMT> is breaking down dead prey in their <ALIMT >breast</ALIMT>. This is non-nutritious.,这个pawn正在拆解死亡的猎物乳房这是没有营养的。
RV2_PreyInBreastsPleasuring.description,This pawn is being pleasured internally by the prey in their breast.,description,HediffDefs\Hediffs_Vore.xml,def,This <ALIMT >(PH_1)</ALIMT> is being pleasured internally by the prey in their <ALIMT >breast</ALIMT>.,这个pawn正在被它们体内的猎物所满足乳房
RV2_PreyInBreastsStoring.description,This pawn is holding someone in their breast for storage.,description,HediffDefs\Hediffs_Vore.xml,def,This <ALIMT >(PH_1)</ALIMT> is holding someone in their <ALIMT >breast</ALIMT> for storage.,这个pawn收容了某人乳房用于储存。
RV2_PreyInBreastsWarming.description,This pawn is preparing to do something to a pawn in their breast.,description,HediffDefs\Hediffs_Vore.xml,def,This <ALIMT >(PH_2)</ALIMT> is preparing to do something to a <ALIMT >(PH_1)</ALIMT> in their <ALIMT >breast</ALIMT>.,这个pawn正在准备对一个pawn在他们的乳房
RV2_PreyInBreastsHealing.description,This pawn is healing a pawn in their breast.,description,HediffDefs\Hediffs_Vore.xml,def,This <ALIMT >(PH_2)</ALIMT> is healing a <ALIMT >(PH_1)</ALIMT> in their <ALIMT >breast</ALIMT>.,这个pawn正在治愈一个pawn在他们的乳房
RV2_PreyInCock.label,Prey in Penis,label,HediffDefs\Hediffs_Vore.xml,def,Prey in <ALIMT >penis</ALIMT>,捕食阳具/屌
RV2_PreyInCockDumping.label,Prey in Urethra,label,HediffDefs\Hediffs_Vore.xml,def,Prey in Urethra,尿道内的猎物
RV2_PreyInCockDumping.description,"This pawn is letting what remains of their prey out of their cock, whether in ejaculative bursts or a steady stream.",description,HediffDefs\Hediffs_Vore.xml,def,"This <ALIMT >(PH_1)</ALIMT> is letting what remains of their prey out of their cock, whether in ejaculative bursts or a steady stream.",这个pawn将猎物的残骸从它们的公鸡体内释放出来，无论是射精冲击还是稳定流动。
RV2_PreyInCockExiting.label,Prey in Urethra,label,HediffDefs\Hediffs_Vore.xml,def,Prey in Urethra,尿道内的猎物
RV2_PreyInCockExiting.description,This pawn is releasing prey from their cock.,description,HediffDefs\Hediffs_Vore.xml,def,This <ALIMT >(PH_1)</ALIMT> is releasing prey from their cock.,这个pawn正在将猎物从它们的公鸡身上释放。
RV2_PreyInCockPassing.label,Prey in Urethra,label,HediffDefs\Hediffs_Vore.xml,def,Prey in Urethra,尿道内的猎物
RV2_PreyInCockPassing.description,This pawn is shoving their prey down their cock.,description,HediffDefs\Hediffs_Vore.xml,def,This <ALIMT >(PH_1)</ALIMT> is shoving their prey down their cock.,这个pawn正在将猎物塞进公鸡体内。
RV2_PreyInCockPleasuring.label,Prey in Urethra,label,HediffDefs\Hediffs_Vore.xml,def,Prey in Urethra,尿道内的猎物
RV2_PreyInCockPleasuring.description,This pawn is using their prey as an sounding rod.,description,HediffDefs\Hediffs_Vore.xml,def,This <ALIMT >(PH_1)</ALIMT> is using their prey as an sounding rod.,这个pawn将它们的猎物用作探测杆。
RV2_PreyInIntestines.label,Prey in Intestines,label,HediffDefs\Hediffs_Vore.xml,def,Prey in Intestines,肠子里的猎物
RV2_PreyInIntestinesExiting.description,"This pawn is passing someone through their guts, towards the anus.",description,HediffDefs\Hediffs_Vore.xml,def,"This <ALIMT >(PH_1)</ALIMT> is passing someone through their guts, towards the <ALIMT >anus</ALIMT>.",这个pawn正在通过某人的勇气，向着肛门
RV2_PreyInIntestinesPassing.description,"This pawn is passing someone through their guts, towards the stomach.",description,HediffDefs\Hediffs_Vore.xml,def,"This <ALIMT >(PH_1)</ALIMT> is passing someone through their guts, towards the stomach.",这个pawn正将某人的内脏传递给其胃部。
RV2_PreyInIntestinesPleasuring.description,This pawn is being pleasured internally by the prey in their guts.,description,HediffDefs\Hediffs_Vore.xml,def,This <ALIMT >(PH_1)</ALIMT> is being pleasured internally by the prey in their guts.,这个pawn正在被内部的猎物所满足。
RV2_PreyInIntestinesProcessing.description,This pawn is absorbing what's left of someone in their guts.,description,HediffDefs\Hediffs_Vore.xml,def,This <ALIMT >(PH_1)</ALIMT> is absorbing what's left of someone in their guts.,这个pawn正在汲取某人体内剩余的能量。
RV2_PreyInIntestinesStoring.description,This pawn is holding someone in their guts for storage.,description,HediffDefs\Hediffs_Vore.xml,def,This <ALIMT >(PH_1)</ALIMT> is holding someone in their guts for storage.,这个pawn将一名殖民者作为储存器。
RV2_PreyInMouth.label,Prey in Mouth,label,HediffDefs\Hediffs_Vore.xml,def,Prey in Mouth,口中有猎物
RV2_PreyInMouthExiting.description,"This pawn is regurgitating their prey, which obviously makes talking and breathing a little harder.",description,HediffDefs\Hediffs_Vore.xml,def,"This <ALIMT >(PH_1)</ALIMT> is regurgitating their prey, which obviously makes talking and breathing a little harder.",这个pawn正在反刍他们的猎物，这显然使交谈和呼吸变得更加困难。
RV2_PreyExitingMouthPleasuring.description,"This pawn is performing oral sex on prey being released, which obviously makes talking and breathing a little harder.",description,HediffDefs\Hediffs_Vore.xml,def,"This <ALIMT >(PH_1)</ALIMT> is performing <ALIMT >oral</ALIMT> <ALIMT >sex</ALIMT> on prey being released, which obviously makes talking and breathing a little harder.",这个pawn正在表演oralsex猎物被释放，这显然让说话和呼吸变得更加困难。
RV2_PreyInMouthPassing.description,"This pawn is swallowing their prey, which obviously makes talking and breathing a little harder.",description,HediffDefs\Hediffs_Vore.xml,def,"This <ALIMT >(PH_1)</ALIMT> is swallowing their prey, which obviously makes talking and breathing a little harder.",这个pawn正在吞下它们的猎物，这显然让说话和呼吸变得更加困难。
RV2_PreyInMouthPleasuring.description,"This pawn is performing oral sex on partially-swallowed prey, which obviously makes talking and breathing a little harder.",description,HediffDefs\Hediffs_Vore.xml,def,"This <ALIMT >(PH_1)</ALIMT> is performing <ALIMT >oral</ALIMT> <ALIMT >sex</ALIMT> on partially-swallowed prey, which obviously makes talking and breathing a little harder.",这个pawn正在表演oralsex吞噬了部分吞噬的猎物，这显然让说话和呼吸变得更加困难。
RV2_PreyInNipple.label,Prey in Nipple,label,HediffDefs\Hediffs_Vore.xml,def,Prey in <ALIMT >nipple</ALIMT>,捕食乳头
RV2_PreyInNippleDumping.description,This pawn is lactating what remains of their prey out of their nipple.,description,HediffDefs\Hediffs_Vore.xml,def,This <ALIMT >(PH_1)</ALIMT> is lactating what remains of their prey out of their <ALIMT >nipple</ALIMT>.,这个pawn处于哺乳期的猎物残骸是否被洗劫一空乳头
RV2_PreyInNippleExiting.description,This pawn is releasing prey from their nipple.,description,HediffDefs\Hediffs_Vore.xml,def,This <ALIMT >(PH_1)</ALIMT> is releasing prey from their <ALIMT >nipple</ALIMT>.,这个pawn正在释放猎物乳头
RV2_PreyInNipplePassing.description,This pawn is shoving their prey into their nipple.,description,HediffDefs\Hediffs_Vore.xml,def,This <ALIMT >(PH_1)</ALIMT> is shoving their prey into their <ALIMT >nipple</ALIMT>.,这个pawn正在将猎物塞进乳头
RV2_PreyInNipplePleasuring.description,This pawn is penetrating their nipple with their prey.,description,HediffDefs\Hediffs_Vore.xml,def,This <ALIMT >(PH_1)</ALIMT> is penetrating their <ALIMT >nipple</ALIMT> with their prey.,这个pawn正在穿透他们的乳头带着它们的猎物。
RV2_PreyInStomach.label,Prey in Stomach,label,HediffDefs\Hediffs_Vore.xml,def,Prey in Stomach,捕食胃
RV2_PreyInStomachChurning.description,This pawn is breaking down dead prey in their stomach.,description,HediffDefs\Hediffs_Vore.xml,def,This <ALIMT >(PH_1)</ALIMT> is breaking down dead prey in their stomach.,这个pawn正在分解它们胃里的死亡猎物。
RV2_PreyInStomachDigesting.description,This pawn is digesting living prey in their stomach.,description,HediffDefs\Hediffs_Vore.xml,def,This <ALIMT >(PH_1)</ALIMT> is digesting living prey in their stomach.,这个pawn正在消化活着的猎物。
RV2_PreyInStomachPleasuring.description,This pawn is being pleasured internally by the prey in their stomach.,description,HediffDefs\Hediffs_Vore.xml,def,This <ALIMT >(PH_1)</ALIMT> is being pleasured internally by the prey in their stomach.,这个pawn正在被它们胃里的猎物刺激到体内。
RV2_PreyInStomachStoring.description,This pawn is holding someone in their stomach for storage.,description,HediffDefs\Hediffs_Vore.xml,def,This <ALIMT >(PH_1)</ALIMT> is holding someone in their stomach for storage.,这个pawn把人抱在肚子里备用。
RV2_PreyInStomachWarming.description,This pawn is preparing to do something to a pawn in their stomach.,description,HediffDefs\Hediffs_Vore.xml,def,This <ALIMT >(PH_2)</ALIMT> is preparing to do something to a <ALIMT >(PH_1)</ALIMT> in their stomach.,这个pawn正在准备对一个pawn在它们的胃里。
RV2_PreyInStomachHealing.description,This pawn is healing a pawn in their stomach.,description,HediffDefs\Hediffs_Vore.xml,def,This <ALIMT >(PH_2)</ALIMT> is healing a <ALIMT >(PH_1)</ALIMT> in their stomach.,这个pawn正在治愈一个pawn在它们的胃里。
RV2_PreyInTesticles.label,Prey in Testicles,label,HediffDefs\Hediffs_Vore.xml,def,Prey in <ALIMT >testicles</ALIMT>,捕食睾丸/蛋蛋
RV2_PreyInTesticlesConvertingSperm.description,This pawn is turning what's left of someone into semen.,description,HediffDefs\Hediffs_Vore.xml,def,This <ALIMT >(PH_1)</ALIMT> is turning what's left of someone into <ALIMT >semen</ALIMT>.,这个pawn正在将某人的剩余部分变成精液
RV2_PreyInTesticlesDissolving.description,This pawn is melting living prey down in their balls. This is non-nutritious.,description,HediffDefs\Hediffs_Vore.xml,def,This <ALIMT >(PH_1)</ALIMT> is melting living prey down in their balls. This is non-nutritious.,这个pawn正在将活着的猎物融化进它们的蛋蛋里。这是没有营养的。
RV2_PreyInTesticlesMushing.description,This pawn is breaking down dead prey in their balls. This is non-nutritious.,description,HediffDefs\Hediffs_Vore.xml,def,This <ALIMT >(PH_1)</ALIMT> is breaking down dead prey in their balls. This is non-nutritious.,这个pawn正在分解它们体内的死亡猎物。这是没有营养的。
RV2_PreyInTesticlesPleasuring.description,This pawn is being pleasured internally by the prey in their balls.,description,HediffDefs\Hediffs_Vore.xml,def,This <ALIMT >(PH_1)</ALIMT> is being pleasured internally by the prey in their balls.,这个pawn正在被里面的猎物所满足。
RV2_PreyInTesticlesStoring.description,This pawn is holding someone in their balls for storage.,description,HediffDefs\Hediffs_Vore.xml,def,This <ALIMT >(PH_1)</ALIMT> is holding someone in their balls for storage.,这个pawn正在将某人的蛋蛋作为存储。
RV2_PreyInTesticlesWarming.description,This pawn is preparing to do something to a pawn in their balls.,description,HediffDefs\Hediffs_Vore.xml,def,This <ALIMT >(PH_2)</ALIMT> is preparing to do something to a <ALIMT >(PH_1)</ALIMT> in their balls.,这个pawn正在准备对一个pawn在他们的蛋蛋里。
RV2_PreyInTesticlesHealing.description,This pawn is healing a pawn in their balls.,description,HediffDefs\Hediffs_Vore.xml,def,This <ALIMT >(PH_2)</ALIMT> is healing a <ALIMT >(PH_1)</ALIMT> in their balls.,这个pawn正在治愈一个pawn在他们的蛋蛋里。
RV2_PreyInVagina.label,Prey in Vagina,label,HediffDefs\Hediffs_Vore.xml,def,Prey in <ALIMT >vagina</ALIMT>,捕食阴道
RV2_PreyInVaginaDumping.description,"This pawn is letting what remains of their prey out of their vagina, whether in ejaculative bursts or a steady stream.",description,HediffDefs\Hediffs_Vore.xml,def,"This <ALIMT >(PH_1)</ALIMT> is letting what remains of their prey out of their <ALIMT >vagina</ALIMT>, whether in ejaculative bursts or a steady stream.","这个pawn正在释放猎物的残骸阴道,无论是射精爆发还是稳定流。"
RV2_PreyInVaginaExiting.description,This pawn is releasing prey from their vagina.,description,HediffDefs\Hediffs_Vore.xml,def,This <ALIMT >(PH_1)</ALIMT> is releasing prey from their <ALIMT >vagina</ALIMT>.,这个pawn正在释放猎物阴道
RV2_PreyInVaginaPassing.description,This pawn is shoving their prey up their vagina.,description,HediffDefs\Hediffs_Vore.xml,def,This <ALIMT >(PH_1)</ALIMT> is shoving their prey up their <ALIMT >vagina</ALIMT>.,这个pawn正在将猎物推给阴道
RV2_PreyInVaginaPleasuring.description,This pawn is using their prey as a vaginal dildo.,description,HediffDefs\Hediffs_Vore.xml,def,This <ALIMT >(PH_1)</ALIMT> is using their prey as a <ALIMT >vaginal</ALIMT> <ALIMT >dildo</ALIMT>.,这个pawn正在将它们的猎物用作vaginaldildo
RV2_PreyInWomb.label,Prey in Womb,label,HediffDefs\Hediffs_Vore.xml,def,Prey in Womb,子宫内的猎物
RV2_PreyInWombConvertingLube.description,This pawn is turning what's left of someone into lube.,description,HediffDefs\Hediffs_Vore.xml,def,This <ALIMT >(PH_1)</ALIMT> is turning what's left of someone into <ALIMT >lube</ALIMT>.,这个pawn正在将某人的剩余部分变成润滑油
RV2_PreyInWombDissolving.description,This pawn is melting living prey down in their womb. This is non-nutritious.,description,HediffDefs\Hediffs_Vore.xml,def,This <ALIMT >(PH_1)</ALIMT> is melting living prey down in their womb. This is non-nutritious.,这个pawn正在将活着的猎物融化在子宫内。这是没有营养的。
RV2_PreyInWombMushing.description,This pawn is breaking down dead prey in their womb. This is non-nutritious.,description,HediffDefs\Hediffs_Vore.xml,def,This <ALIMT >(PH_1)</ALIMT> is breaking down dead prey in their womb. This is non-nutritious.,这个pawn正在分解子宫内的死亡猎物。这是没有营养的。
RV2_PreyInWombPleasuring.description,This pawn is being pleasured internally by the prey in their womb.,description,HediffDefs\Hediffs_Vore.xml,def,This <ALIMT >(PH_1)</ALIMT> is being pleasured internally by the prey in their womb.,这个pawn正在被子宫内的猎物所满足。
RV2_PreyInWombStoring.label,Prey in Womb,label,HediffDefs\Hediffs_Vore.xml,def,Prey in Womb,子宫内的猎物
RV2_PreyInWombStoring.description,This pawn is holding someone in their womb for storage.,description,HediffDefs\Hediffs_Vore.xml,def,This <ALIMT >(PH_1)</ALIMT> is holding someone in their womb for storage.,这个pawn有人在子宫里储存。
RV2_PreyInWombWarming.description,This pawn is preparing to do something to a pawn in their womb.,description,HediffDefs\Hediffs_Vore.xml,def,This <ALIMT >(PH_2)</ALIMT> is preparing to do something to a <ALIMT >(PH_1)</ALIMT> in their womb.,这个pawn正在准备对一个pawn在他们的子宫里。
RV2_PreyInWombReforming.description,This pawn is reforming a pawn in their womb.,description,HediffDefs\Hediffs_Vore.xml,def,This <ALIMT >(PH_2)</ALIMT> is reforming a <ALIMT >(PH_1)</ALIMT> in their womb.,这个pawn正在改造一个pawn在他们的子宫里。
RV2_PreyInWombHealing.description,This pawn is healing a pawn in their womb.,description,HediffDefs\Hediffs_Vore.xml,def,This <ALIMT >(PH_2)</ALIMT> is healing a <ALIMT >(PH_1)</ALIMT> in their womb.,这个pawn正在治愈一个pawn在他们的子宫里。
RV2_GoalEnabler_ConvertLube.label,Lubrifactive enzymes,label,HediffDefs\Hediffs_VoreEnablers.xml,def,Lubrifactive enzymes,萤光酶
RV2_GoalEnabler_ConvertLube.description,"This pawn is capable of turning live prey into lubricant within their womb, using powerful enzymes.",description,HediffDefs\Hediffs_VoreEnablers.xml,def,"This <ALIMT >(PH_1)</ALIMT> is capable of turning live prey into <ALIMT >lubricant</ALIMT> within their womb, using powerful enzymes.",这个pawn能够将活物变成润滑剂在他们的子宫内，使用强大的酶。
RV2_GoalEnabler_ConvertMilk.label,Lactifactive enzymes,label,HediffDefs\Hediffs_VoreEnablers.xml,def,Lactifactive enzymes,液化酶
RV2_GoalEnabler_ConvertMilk.description,"This pawn is capable of turning live prey into edible milk within their breasts, using powerful enzymes.",description,HediffDefs\Hediffs_VoreEnablers.xml,def,"This <ALIMT >(PH_1)</ALIMT> is capable of turning live prey into edible milk within their <ALIMT >breasts</ALIMT>, using powerful enzymes.","这个pawn能够将猎物转化为可食用的产物乳房,使用强大的酶。"
RV2_GoalEnabler_ConvertSperm.label,Spermifactive enzymes,label,HediffDefs\Hediffs_VoreEnablers.xml,def,Spermifactive enzymes,受精酶
RV2_GoalEnabler_ConvertSperm.description,"This pawn is capable of turning live prey into edible sperm within their testes, using powerful enzymes.",description,HediffDefs\Hediffs_VoreEnablers.xml,def,"This <ALIMT >(PH_1)</ALIMT> is capable of turning live prey into edible <ALIMT >sperm</ALIMT> within their testes, using powerful enzymes.",这个pawn能够将猎物转变为可食用动物精子在他们的睾丸内，使用强大的酶。
RV2_GoalEnabler_Digest.label,Hyperdigestive enzymes,label,HediffDefs\Hediffs_VoreEnablers.xml,def,Hyperdigestive enzymes,消化酶过度
RV2_GoalEnabler_Digest.description,"This pawn is capable of digesting live prey in a timely manner, using powerful enzymes.",description,HediffDefs\Hediffs_VoreEnablers.xml,def,"This <ALIMT >(PH_1)</ALIMT> is capable of digesting live prey in a timely manner, using powerful enzymes.",这个pawn能够使用强大的酶及时消化猎物。
RV2_GoalEnabler_Heal.label,Analeptic enzymes,label,HediffDefs\Hediffs_VoreEnablers.xml,def,Analeptic enzymes,强迫参与者做某事，但违背自己的意愿。酶
RV2_GoalEnabler_Heal.description,"This pawn's internal organs can function as a sanitary, comfortable, and even medicinal substitute for conventional bedrest.",description,HediffDefs\Hediffs_VoreEnablers.xml,def,"This <ALIMT >(PH_1)</ALIMT>'s internal organs can function as a sanitary, comfortable, and even medicinal substitute for conventional bedrest.",这个pawn它的内部器官可以作为传统床上用品的卫生、舒适甚至医药替代品。
RV2_GoalEnabler_Reform.label,Reproductive enzymes,label,HediffDefs\Hediffs_VoreEnablers.xml,def,Reproductive enzymes,繁殖酶
RV2_GoalEnabler_Reform.description,This pawn's womb can deconstruct the genetic code of their prey and re-form them with their own genetic influence.,description,HediffDefs\Hediffs_VoreEnablers.xml,def,This <ALIMT >(PH_1)</ALIMT>'s womb can deconstruct the genetic code of their prey and re-form them with their own genetic influence.,这个pawn的子宫可以拆除猎物的遗传密码，并以自己的基因影响力对它们进行重组。
RV2_GoalEnabler_TempEndo.label,Storage-safe organs,label,HediffDefs\Hediffs_VoreEnablers.xml,def,Storage-safe organs,储存安全的器官
RV2_GoalEnabler_TempEndo.description,"This pawn's body comfortable and safe for temporary ingestion, thanks to a number of improvements, including the addition of proper airflow.",description,HediffDefs\Hediffs_VoreEnablers.xml,def,"This <ALIMT >(PH_1)</ALIMT>'s body comfortable and safe for temporary ingestion, thanks to a number of improvements, including the addition of proper airflow.",这个pawn由于一些改进，包括增加了适当的气流，它的身体暂时摄入舒适和安全。
RV2_GoalEnabler_Store.label,Sphincter strength,label,HediffDefs\Hediffs_VoreEnablers.xml,def,Sphincter strength,括约肌力量
RV2_GoalEnabler_Store.description,"This pawn's body can hold onto prey indefinitely, without killing them or letting them out on accident.",description,HediffDefs\Hediffs_VoreEnablers.xml,def,"This <ALIMT >(PH_1)</ALIMT>'s body can hold onto prey indefinitely, without killing them or letting them out on accident.",这个pawn它的身体可以无限期地抓住猎物，而不会杀死它们，也不会在事故中放它们出来。
RV2_TypeEnabler_Oral.label,Oral elasticity,label,HediffDefs\Hediffs_VoreEnablers.xml,def,<ALIMT >oral</ALIMT> elasticity,用嘴弹力
RV2_TypeEnabler_Oral.description,This pawn has an elastic mouth and throat for oral vore.,description,HediffDefs\Hediffs_VoreEnablers.xml,def,This <ALIMT >(PH_1)</ALIMT> has an elastic mouth and throat for <ALIMT >oral</ALIMT> <ALIMT >vore</ALIMT>.,这个pawn拥有弹性嘴和咽喉oralvore
RV2_TypeEnabler_Anal.label,Anal elasticity,label,HediffDefs\Hediffs_VoreEnablers.xml,def,<ALIMT >anal</ALIMT> elasticity,肛门弹力
RV2_TypeEnabler_Anal.description,This pawn has an elastic anus and intestines for anal vore.,description,HediffDefs\Hediffs_VoreEnablers.xml,def,This <ALIMT >(PH_1)</ALIMT> has an elastic <ALIMT >anus</ALIMT> and intestines for <ALIMT >anal</ALIMT> <ALIMT >vore</ALIMT>.,这个pawn有弹性肛门和肠子analvore
RV2_TypeEnabler_Vaginal.label,Vaginal elasticity,label,HediffDefs\Hediffs_VoreEnablers.xml,def,<ALIMT >vaginal</ALIMT> elasticity,阴道弹力
RV2_TypeEnabler_Vaginal.description,This pawn has an elastic vagina and womb for vaginal vore.,description,HediffDefs\Hediffs_VoreEnablers.xml,def,This <ALIMT >(PH_1)</ALIMT> has an elastic <ALIMT >vagina</ALIMT> and womb for <ALIMT >vaginal</ALIMT> <ALIMT >vore</ALIMT>.,这个pawn有弹性阴道和子宫内的vaginalvore
RV2_TypeEnabler_Cock.label,Penile elasticity,label,HediffDefs\Hediffs_VoreEnablers.xml,def,Penile elasticity,阴茎弹力
RV2_TypeEnabler_Cock.description,This pawn has an elastic penis and testes for cock vore.,description,HediffDefs\Hediffs_VoreEnablers.xml,def,This <ALIMT >(PH_1)</ALIMT> has an elastic <ALIMT >penis</ALIMT> and testes for cock <ALIMT >vore</ALIMT>.,这个pawn有弹性阳具/屌和公鸡睾丸吃人
RV2_TypeEnabler_Nipple.label,Nipple elasticity,label,HediffDefs\Hediffs_VoreEnablers.xml,def,<ALIMT >nipple</ALIMT> elasticity,乳头弹力
RV2_TypeEnabler_Nipple.description,This pawn has elastic nipples and breasts for nipple vore.,description,HediffDefs\Hediffs_VoreEnablers.xml,def,This <ALIMT >(PH_1)</ALIMT> has elastic <ALIMT >nipples</ALIMT> and <ALIMT >breasts</ALIMT> for <ALIMT >nipple</ALIMT> <ALIMT >vore</ALIMT>.,这个pawn有弹性乳头和乳房与nipplevore
RV2_DigestedMember.label,Digested Member,label,HistoryEventDefs\Events.xml,def,Digested Member,被消化的成员
RV2_Proposal.label,vore proposal,label,InteractionDefs\InteractionDefs_Proposals.xml,def,<ALIMT >vore</ALIMT> proposal,吃人求婚
RV2_Proposal.logRulesInitiator.rulesStrings.0,r_logentry->[INITIATOR_nameDef] proposed vore to [RECIPIENT_nameDef].,li,InteractionDefs\InteractionDefs_Proposals.xml,def,<ALIMT >(PH_3)</ALIMT><ALIMT >(PH_2)</ALIMT> proposed <ALIMT >vore</ALIMT> to <ALIMT >(PH_1)</ALIMT>.,r_logentry->[INITIATOR_nameDef]已提议吃人到[RECIPIENT_nameDef]
RV2_Proposal_Accepted.rulePack.rulesStrings.0,sent->[RECIPIENT_nameDef] was attracted and agreed.,li,InteractionDefs\InteractionDefs_Proposals.xml,def,<ALIMT >(PH_2)</ALIMT><ALIMT >(PH_1)</ALIMT> was attracted and agreed.,sent->[RECIPIENT_nameDef]被吸引并同意了。
RV2_Proposal_Accepted.rulePack.rulesStrings.1,sent->[RECIPIENT_nameDef] responded well and accepted.,li,InteractionDefs\InteractionDefs_Proposals.xml,def,<ALIMT >(PH_2)</ALIMT><ALIMT >(PH_1)</ALIMT> responded well and accepted.,sent->[RECIPIENT_nameDef]良好的反应并接受。
RV2_Proposal_Accepted.rulePack.rulesStrings.2,sent->[RECIPIENT_nameDef] agreed.,li,InteractionDefs\InteractionDefs_Proposals.xml,def,<ALIMT >(PH_2)</ALIMT><ALIMT >(PH_1)</ALIMT> agreed.,sent->[RECIPIENT_nameDef]同意。
RV2_Proposal_Accepted.rulePack.rulesStrings.3,sent->[RECIPIENT_nameDef] accepted.,li,InteractionDefs\InteractionDefs_Proposals.xml,def,<ALIMT >(PH_2)</ALIMT><ALIMT >(PH_1)</ALIMT> accepted.,sent->[RECIPIENT_nameDef]接受。
RV2_Proposal_Denied.rulePack.rulesStrings.0,sent->[RECIPIENT_nameDef] rejected the proposal.,li,InteractionDefs\InteractionDefs_Proposals.xml,def,<ALIMT >(PH_2)</ALIMT><ALIMT >(PH_1)</ALIMT> rejected the proposal.,sent->[RECIPIENT_nameDef]拒绝该提议。
RV2_Proposal_Denied.rulePack.rulesStrings.1,sent->[RECIPIENT_nameDef] ignored the proposal.,li,InteractionDefs\InteractionDefs_Proposals.xml,def,<ALIMT >(PH_2)</ALIMT><ALIMT >(PH_1)</ALIMT> ignored the proposal.,sent->[RECIPIENT_nameDef]忽略了该提议。
RV2_Proposal_Denied.rulePack.rulesStrings.2,sent->[RECIPIENT_nameDef] turned [RECIPIENT_possessive] down.,li,InteractionDefs\InteractionDefs_Proposals.xml,def,<ALIMT >(PH_3)</ALIMT><ALIMT >(PH_2)</ALIMT> turned <ALIMT >(PH_1)</ALIMT> down.,sent->[RECIPIENT_nameDef]转身[RECIPIENT_possessive]躺下。
RV2_Proposal_Denied.rulePack.rulesStrings.3,sent->[RECIPIENT_nameDef] turned away.,li,InteractionDefs\InteractionDefs_Proposals.xml,def,<ALIMT >(PH_2)</ALIMT><ALIMT >(PH_1)</ALIMT> turned away.,sent->[RECIPIENT_nameDef]转身离开。
RV2_Proposal_Denied.rulePack.rulesStrings.4,sent->[RECIPIENT_nameDef] gave a minimal response.,li,InteractionDefs\InteractionDefs_Proposals.xml,def,<ALIMT >(PH_2)</ALIMT><ALIMT >(PH_1)</ALIMT> gave a minimal response.,sent->[RECIPIENT_nameDef]给予了最低限度的回应。
RV2_Proposal_Denied.rulePack.rulesStrings.5,sent->[RECIPIENT_nameDef] did not respond.,li,InteractionDefs\InteractionDefs_Proposals.xml,def,<ALIMT >(PH_2)</ALIMT><ALIMT >(PH_1)</ALIMT> did not respond.,sent->[RECIPIENT_nameDef]没有反应。
RV2_Proposal_Forced.rulePack.rulesStrings.0,sent->[RECIPIENT_nameDef] could not turn [RECIPIENT_possessive] down.,li,InteractionDefs\InteractionDefs_Proposals.xml,def,<ALIMT >(PH_3)</ALIMT><ALIMT >(PH_2)</ALIMT> could not turn <ALIMT >(PH_1)</ALIMT> down.,sent->[RECIPIENT_nameDef]无法转身[RECIPIENT_possessive]躺下。
RV2_Proposal_Forced.rulePack.rulesStrings.1,sent->[RECIPIENT_nameDef] was forced.,li,InteractionDefs\InteractionDefs_Proposals.xml,def,<ALIMT >(PH_2)</ALIMT><ALIMT >(PH_1)</ALIMT> was <ALIMT >forced</ALIMT>.,sent->[RECIPIENT_nameDef]曾经强迫
RV2_Proposal_Forced.rulePack.rulesStrings.2,sent->[RECIPIENT_nameDef]'s opinion was disregarded.,li,InteractionDefs\InteractionDefs_Proposals.xml,def,<ALIMT >(PH_2)</ALIMT><ALIMT >(PH_1)</ALIMT>'s opinion was disregarded.,sent->[RECIPIENT_nameDef]他的意见被无视。
RV2_Proposal_Forced.rulePack.rulesStrings.3,sent->[RECIPIENT_nameDef] had no choice.,li,InteractionDefs\InteractionDefs_Proposals.xml,def,<ALIMT >(PH_2)</ALIMT><ALIMT >(PH_1)</ALIMT> had no choice.,sent->[RECIPIENT_nameDef]别无选择。
RV2_SuccessfulStruggle.label,successful struggle,label,InteractionDefs\InteractionDefs_Struggle.xml,def,successful struggle,斗争成功
RV2_SuccessfulStruggle.logRulesInitiator.rulesStrings.0,r_logentry->[INITIATOR_nameDef] successfuly struggled out of [RECIPIENT_nameDef].,li,InteractionDefs\InteractionDefs_Struggle.xml,def,<ALIMT >(PH_3)</ALIMT><ALIMT >(PH_2)</ALIMT> successfuly struggled out of <ALIMT >(PH_1)</ALIMT>.,r_logentry->[INITIATOR_nameDef]成功挣扎自尽[RECIPIENT_nameDef]
RV2_FailedStruggle.label,failed struggle,label,InteractionDefs\InteractionDefs_Struggle.xml,def,failed struggle,失败的挣扎
RV2_FailedStruggle.logRulesInitiator.rulesStrings.0,r_logentry->[INITIATOR_nameDef] failed to struggle out of [RECIPIENT_nameDef].,li,InteractionDefs\InteractionDefs_Struggle.xml,def,<ALIMT >(PH_3)</ALIMT><ALIMT >(PH_2)</ALIMT> failed to struggle out of <ALIMT >(PH_1)</ALIMT>.,r_logentry->[INITIATOR_nameDef]挣扎挣扎失败[RECIPIENT_nameDef]
RV2_ActiveStruggle.label,struggling,label,InteractionDefs\InteractionDefs_Struggle.xml,def,struggling,挣扎中
RV2_ActiveStruggle.logRulesInitiator.rulesStrings.0,r_logentry->[INITIATOR_nameDef] struggled inside [RECIPIENT_nameDef].,li,InteractionDefs\InteractionDefs_Struggle.xml,def,<ALIMT >(PH_3)</ALIMT><ALIMT >(PH_2)</ALIMT> struggled inside <ALIMT >(PH_1)</ALIMT>.,r_logentry->[INITIATOR_nameDef]内心挣扎[RECIPIENT_nameDef]
RV2_ActiveStruggle.logRulesInitiator.rulesStrings.1,r_logentry->[INITIATOR_nameDef]'s footprint is visible inside of [RECIPIENT_nameDef].,li,InteractionDefs\InteractionDefs_Struggle.xml,def,<ALIMT >(PH_3)</ALIMT><ALIMT >(PH_2)</ALIMT>'s footprint is visible inside of <ALIMT >(PH_1)</ALIMT>.,r_logentry->[INITIATOR_nameDef]的足迹位于[RECIPIENT_nameDef]
RV2_ActiveStruggle.logRulesInitiator.rulesStrings.2,r_logentry->[INITIATOR_nameDef]'s handprint is visible inside of [RECIPIENT_nameDef].,li,InteractionDefs\InteractionDefs_Struggle.xml,def,<ALIMT >(PH_3)</ALIMT><ALIMT >(PH_2)</ALIMT>'s handprint is visible inside of <ALIMT >(PH_1)</ALIMT>.,r_logentry->[INITIATOR_nameDef]的掌纹可见于[RECIPIENT_nameDef]
RV2_ActiveStruggle.logRulesInitiator.rulesStrings.3,r_logentry->[INITIATOR_nameDef] [struggle_action_past] [RECIPIENT_nameDef] insides.,li,InteractionDefs\InteractionDefs_Struggle.xml,def,<ALIMT >(PH_4)</ALIMT><ALIMT >(PH_3)</ALIMT> <ALIMT >(PH_2)</ALIMT> <ALIMT >(PH_1)</ALIMT> insides.,r_logentry->[INITIATOR_nameDef][struggle_action_past][RECIPIENT_nameDef]内部。
RV2_ActiveStruggle.logRulesInitiator.rulesStrings.4,r_logentry->[INITIATOR_nameDef] [struggle_action_past] some sensitive flesh inside of [RECIPIENT_nameDef].,li,InteractionDefs\InteractionDefs_Struggle.xml,def,<ALIMT >(PH_4)</ALIMT><ALIMT >(PH_3)</ALIMT> <ALIMT >(PH_2)</ALIMT> some sensitive flesh inside of <ALIMT >(PH_1)</ALIMT>.,r_logentry->[INITIATOR_nameDef][struggle_action_past]一些敏感的血肉在[RECIPIENT_nameDef]
RV2_ActiveStruggle.logRulesInitiator.rulesStrings.5,r_logentry->[INITIATOR_nameDef] tried to stretch to [INITIATOR_possessive] full size inside of [RECIPIENT_nameDef].,li,InteractionDefs\InteractionDefs_Struggle.xml,def,<ALIMT >(PH_4)</ALIMT><ALIMT >(PH_3)</ALIMT> tried to stretch to <ALIMT >(PH_2)</ALIMT> full size inside of <ALIMT >(PH_1)</ALIMT>.,r_logentry->[INITIATOR_nameDef]试图伸展至[INITIATOR_possessive]内有完整尺寸:[RECIPIENT_nameDef]
RV2_ActiveStruggle.logRulesInitiator.rulesStrings.6,r_logentry->[RECIPIENT_nameDef] winced in pain due to [INITIATOR_nameDef]'s [struggle_action_gerund].,li,InteractionDefs\InteractionDefs_Struggle.xml,def,<ALIMT >(PH_4)</ALIMT><ALIMT >(PH_3)</ALIMT> winced in <ALIMT >pain</ALIMT> due to <ALIMT >(PH_2)</ALIMT>'s <ALIMT >(PH_1)</ALIMT>.,r_logentry->[RECIPIENT_nameDef]畏缩于疼痛由于[INITIATOR_nameDef]的[struggle_action_gerund]
RV2_ActiveStruggle.logRulesInitiator.rulesStrings.7,r_logentry->[RECIPIENT_nameDef] stumbled due to [INITIATOR_nameDef]'s [struggle_action_gerund].,li,InteractionDefs\InteractionDefs_Struggle.xml,def,<ALIMT >(PH_4)</ALIMT><ALIMT >(PH_3)</ALIMT> stumbled due to <ALIMT >(PH_2)</ALIMT>'s <ALIMT >(PH_1)</ALIMT>.,r_logentry->[RECIPIENT_nameDef]因跌跌撞撞[INITIATOR_nameDef]的[struggle_action_gerund]
RV2_ActiveStruggle.logRulesInitiator.rulesStrings.8,r_logentry->[INITIATOR_nameDef] caused [RECIPIENT_nameDef] to stumble.,li,InteractionDefs\InteractionDefs_Struggle.xml,def,<ALIMT >(PH_3)</ALIMT><ALIMT >(PH_2)</ALIMT> caused <ALIMT >(PH_1)</ALIMT> to stumble.,r_logentry->[INITIATOR_nameDef]造成[RECIPIENT_nameDef]绊倒。
RV2_ActiveStruggle.logRulesInitiator.rulesStrings.9,r_logentry->[INITIATOR_nameDef] heavily distracts [RECIPIENT_nameDef] from [RECIPIENT_possessive] work.,li,InteractionDefs\InteractionDefs_Struggle.xml,def,<ALIMT >(PH_4)</ALIMT><ALIMT >(PH_3)</ALIMT> heavily distracts <ALIMT >(PH_2)</ALIMT> from <ALIMT >(PH_1)</ALIMT> work.,r_logentry->[INITIATOR_nameDef]严重分心[RECIPIENT_nameDef]来自[RECIPIENT_possessive]正在工作。
RV2_ActiveStruggle.logRulesInitiator.rulesStrings.10,r_logentry->A muffled scream can be heard inside of [RECIPIENT_nameDef].,li,InteractionDefs\InteractionDefs_Struggle.xml,def,<ALIMT >(PH_2)</ALIMT>A muffled scream can be heard inside of <ALIMT >(PH_1)</ALIMT>.,r_logentry->内有微弱的尖叫声[RECIPIENT_nameDef]
RV2_ActiveStruggle.logRulesInitiator.rulesStrings.11,struggle_action_past->punched,li,InteractionDefs\InteractionDefs_Struggle.xml,def,<ALIMT >(PH_1)</ALIMT>punched,struggle_action_past->冲锋
RV2_ActiveStruggle.logRulesInitiator.rulesStrings.12,struggle_action_past->scratched,li,InteractionDefs\InteractionDefs_Struggle.xml,def,<ALIMT >(PH_1)</ALIMT>scratched,struggle_action_past->被抓伤
RV2_ActiveStruggle.logRulesInitiator.rulesStrings.13,struggle_action_past->bit,li,InteractionDefs\InteractionDefs_Struggle.xml,def,<ALIMT >(PH_1)</ALIMT>bit,struggle_action_past->钻头
RV2_ActiveStruggle.logRulesInitiator.rulesStrings.14,struggle_action_past->hurt,li,InteractionDefs\InteractionDefs_Struggle.xml,def,<ALIMT >(PH_1)</ALIMT>hurt,struggle_action_past->受伤
RV2_ActiveStruggle.logRulesInitiator.rulesStrings.15,struggle_action_past->bumped,li,InteractionDefs\InteractionDefs_Struggle.xml,def,<ALIMT >(PH_1)</ALIMT>bumped,struggle_action_past->被撞了
RV2_ActiveStruggle.logRulesInitiator.rulesStrings.16,struggle_action_past->kicked,li,InteractionDefs\InteractionDefs_Struggle.xml,def,<ALIMT >(PH_1)</ALIMT>kicked,struggle_action_past->被踢腿
RV2_ActiveStruggle.logRulesInitiator.rulesStrings.17,struggle_action_gerund->punching,li,InteractionDefs\InteractionDefs_Struggle.xml,def,<ALIMT >(PH_1)</ALIMT>punching,struggle_action_gerund->冲孔
RV2_ActiveStruggle.logRulesInitiator.rulesStrings.18,struggle_action_gerund->scratching,li,InteractionDefs\InteractionDefs_Struggle.xml,def,<ALIMT >(PH_1)</ALIMT>scratching,struggle_action_gerund->抓
RV2_ActiveStruggle.logRulesInitiator.rulesStrings.19,struggle_action_gerund->biting,li,InteractionDefs\InteractionDefs_Struggle.xml,def,<ALIMT >(PH_1)</ALIMT>biting,struggle_action_gerund->咬
RV2_ActiveStruggle.logRulesInitiator.rulesStrings.20,struggle_action_gerund->kicking,li,InteractionDefs\InteractionDefs_Struggle.xml,def,<ALIMT >(PH_1)</ALIMT>kicking,struggle_action_gerund->踢腿的
RV2_FatalVore.label,fatally vored,label,InteractionDefs\InteractionDefs_VoreInitiated.xml,def,fatally vored,食尸鬼
RV2_FatalVore.logRulesInitiator.rulesStrings.0,r_logentry->Fatal vore!,li,InteractionDefs\InteractionDefs_VoreInitiated.xml,def,<ALIMT >(PH_1)</ALIMT>Fatal <ALIMT >vore</ALIMT>!,r_logentry->致命吃人不!
RV2_EndoVore.label,endo vored,label,InteractionDefs\InteractionDefs_VoreInitiated.xml,def,endo vored,Endo 被伏击
RV2_EndoVore.logRulesInitiator.rulesStrings.0,r_logentry->Endo vore!,li,InteractionDefs\InteractionDefs_VoreInitiated.xml,def,<ALIMT >(PH_1)</ALIMT>Endo <ALIMT >vore</ALIMT>!,r_logentry->接上吃人不!
RV2_Feeding_Predator.label,fed predator,label,InteractionDefs\InteractionDefs_VoreInitiated.xml,def,fed predator,喂养了捕食者
RV2_Feeding_Predator.logRulesInitiator.rulesStrings.0,r_logentry->Fed someone to [RECIPIENT_nameDef].,li,InteractionDefs\InteractionDefs_VoreInitiated.xml,def,<ALIMT >(PH_2)</ALIMT>Fed someone to <ALIMT >(PH_1)</ALIMT>.,r_logentry->喂食某人给[RECIPIENT_nameDef]
RV2_Feeding_Prey.label,fed as prey,label,InteractionDefs\InteractionDefs_VoreInitiated.xml,def,fed as prey,被捕食
RV2_Feeding_Prey.logRulesInitiator.rulesStrings.0,r_logentry->Fed [RECIPIENT_nameDef] to someone.,li,InteractionDefs\InteractionDefs_VoreInitiated.xml,def,<ALIMT >(PH_2)</ALIMT>Fed <ALIMT >(PH_1)</ALIMT> to someone.,r_logentry->饱[RECIPIENT_nameDef]敬某人。
RV2_SwitchedGoal.label,switched vore goal,label,InteractionDefs\InteractionDefs_VorePathSwitched.xml,def,switched <ALIMT >vore</ALIMT> goal,已切换吃人目标
RV2_SwitchedGoal.logRulesInitiator.rulesStrings.0,r_logentry->[INITIATOR_nameDef] decided to change the vore goal for [RECIPIENT_nameDef]! ->,li,InteractionDefs\InteractionDefs_VorePathSwitched.xml,def,<ALIMT >(PH_3)</ALIMT><ALIMT >(PH_2)</ALIMT> decided to change the <ALIMT >vore</ALIMT> goal for <ALIMT >(PH_1)</ALIMT>! ->,r_logentry->[INITIATOR_nameDef]决定改变吃人目标[RECIPIENT_nameDef]!->
RV2_VoreInitAsPredator.reportString,Voring victim,reportString,JobDefs\Jobs_Vore.xml,def,Voring victim,收留受害者
RV2_VoreInitAsPrey.reportString,Getting vored,reportString,JobDefs\Jobs_Vore.xml,def,Getting vored,被伏击
RV2_VoreInitAsFeeder.reportString,Feeding predator,reportString,JobDefs\Jobs_Vore.xml,def,Feeding predator,捕食动物
RV2_EjectPreySelf.reportString,Ejecting prey,reportString,JobDefs\Jobs_Vore.xml,def,Ejecting prey,弹出猎物
RV2_EjectPreyForce.reportString,Forcing to eject prey,reportString,JobDefs\Jobs_Vore.xml,def,Forcing to eject prey,强制弹出猎物
RV2_HuntVorePrey.reportString,Vore-hunting prey,reportString,JobDefs\Jobs_Vore.xml,def,<ALIMT >vore</ALIMT>-hunting prey,吃人-狩猎猎物
RV2_KidnapVorePrey.reportString,Vore-kidnapping prey,reportString,JobDefs\Jobs_Vore.xml,def,<ALIMT >vore</ALIMT>-kidnapping prey,吃人-绑架猎物
RV2_ProposeVore.reportString,Proposing vore,reportString,JobDefs\Jobs_Vore.xml,def,Proposing <ALIMT >vore</ALIMT>,求婚中吃人
RV2_ProposeVore_Feeder.reportString,Proposing feeder vore,reportString,JobDefs\Jobs_Vore.xml,def,Proposing feeder <ALIMT >vore</ALIMT>,求婚吃人
RV2_ReleasePrey.reportString,Releasing prey,reportString,JobDefs\Jobs_Vore.xml,def,Releasing prey,释放猎物
RV2_VoreGrapple.reportString,Grappling target,reportString,JobDefs\Jobs_Vore.xml,def,Grappling target,格斗目标
RV2_Keys.label,RimVore-2,label,KeyBindingDefs\QuirkSettingsMenu.xml,def,RimVore-2,缔约 RimVore-2
RV2_Keys.description,Various hotkeys used for RV-2 menus.,description,KeyBindingDefs\QuirkSettingsMenu.xml,def,Various hotkeys used for RV-2 menus.,用于 RV-2 菜单的各种热键。
RV2_QuirkMenuPrevious.label,Previous Quirk,label,KeyBindingDefs\QuirkSettingsMenu.xml,def,Previous Quirk,上一个怪人
RV2_QuirkMenuNext.label,Next Quirk,label,KeyBindingDefs\QuirkSettingsMenu.xml,def,Next Quirk,下一个怪癖
RV2_GurgleSeeker.label,Gurgle Seeker,label,MentalStateDefs\VoreMentalStates.xml,def,Gurgle Seeker,咯咯的探索者
RV2_GurgleSeeker.recoveryMessage,{0} has changed their mind about being digested.,recoveryMessage,MentalStateDefs\VoreMentalStates.xml,def,<ALIMT >(PH_1)</ALIMT> has changed their mind about being digested.,{0}改变了他们被消化的想法。
RV2_GurgleSeeker.beginLetterLabel,Gurgle Seeker,beginLetterLabel,MentalStateDefs\VoreMentalStates.xml,def,Gurgle Seeker,咯咯的探索者
RV2_GurgleSeeker.beginLetter,{0} has given up and decided to get vored by {1}!,beginLetter,MentalStateDefs\VoreMentalStates.xml,def,<ALIMT >(PH_2)</ALIMT> has given up and decided to get vored by <ALIMT >(PH_1)</ALIMT>!,{0}已经放弃并决定被{1}不!
RV2_GurgleSeeker.baseInspectLine,Mental state: Gurgle Seeker,baseInspectLine,MentalStateDefs\VoreMentalStates.xml,def,Mental state: Gurgle Seeker,精神状态: 咯咯的探索者
RV2_HideInPredator.label,Hide In Predator,label,MentalStateDefs\VoreMentalStates.xml,def,Hide In Predator,躲藏在捕食者
RV2_HideInPredator.recoveryMessage,{0} had a great time inside {1}. They will now stop trying to hide in them,recoveryMessage,MentalStateDefs\VoreMentalStates.xml,def,<ALIMT >(PH_2)</ALIMT> had a great time inside <ALIMT >(PH_1)</ALIMT>. They will now <ALIMT >stop</ALIMT> trying to hide in them,{0}在里面玩得很开心{1}他们现在会停止试图躲在里面
RV2_HideInPredator.beginLetterLabel,Hide In Predator,beginLetterLabel,MentalStateDefs\VoreMentalStates.xml,def,Hide In Predator,躲藏在捕食者
RV2_HideInPredator.beginLetter,{0} is going to get themselves vored by {1}!,beginLetter,MentalStateDefs\VoreMentalStates.xml,def,<ALIMT >(PH_2)</ALIMT> is going to get themselves vored by <ALIMT >(PH_1)</ALIMT>!,{0}会被奴役{1}不!
RV2_HideInPredator.baseInspectLine,Mental state: Endo-Abductor,baseInspectLine,MentalStateDefs\VoreMentalStates.xml,def,Mental state: Endo-Abductor,精神状态: 内绑架者
RV2_PrisonerAbductor.label,Endo-abducting,label,MentalStateDefs\VoreMentalStates.xml,def,Endo-abducting,绑架
RV2_PrisonerAbductor.recoveryMessage,{0} is no longer endo-voring {1}.,recoveryMessage,MentalStateDefs\VoreMentalStates.xml,def,<ALIMT >(PH_2)</ALIMT> is no longer endo-voring <ALIMT >(PH_1)</ALIMT>.,{0}不再是内传了{1}
RV2_PrisonerAbductor.beginLetterLabel,Endo-abduction,beginLetterLabel,MentalStateDefs\VoreMentalStates.xml,def,Endo-abduction,绑架
RV2_PrisonerAbductor.beginLetter,{0} is trying to kidnap someone in their belly! [PAWN_pronoun] has decided to devour {1} and will not let them out until [PAWN_pronoun] gets bored!,beginLetter,MentalStateDefs\VoreMentalStates.xml,def,<ALIMT >(PH_4)</ALIMT> is trying to kidnap someone in their belly! <ALIMT >(PH_3)</ALIMT> has decided to devour <ALIMT >(PH_2)</ALIMT> and will not let them out until <ALIMT >(PH_1)</ALIMT> gets bored!,{0}正试图绑架某人![PAWN_pronoun]决定吞噬{1}并且不会让他们出来，直到[PAWN_pronoun]无聊透顶!
RV2_PrisonerAbductor.baseInspectLine,Mental state: Endo-Abductor,baseInspectLine,MentalStateDefs\VoreMentalStates.xml,def,Mental state: Endo-Abductor,精神状态: 内绑架者
RV2_PetThief.label,Pet Thief,label,MentalStateDefs\VoreMentalStates.xml,def,Pet Thief,宠物窃贼
RV2_PetThief.recoveryMessage,{0} is done endo-voring {1},recoveryMessage,MentalStateDefs\VoreMentalStates.xml,def,<ALIMT >(PH_2)</ALIMT> is done endo-voring <ALIMT >(PH_1)</ALIMT>,{0}已完成{1}
RV2_PetThief.beginLetterLabel,Pet thief,beginLetterLabel,MentalStateDefs\VoreMentalStates.xml,def,Pet thief,宠物窃贼
RV2_PetThief.beginLetter,{0} is trying to steal someone’s pet! [PAWN_pronoun] has decided to devour {1} and will not let it out until [PAWN_pronoun] gets bored!,beginLetter,MentalStateDefs\VoreMentalStates.xml,def,<ALIMT >(PH_4)</ALIMT> is trying to steal someone’s pet! <ALIMT >(PH_3)</ALIMT> has decided to devour <ALIMT >(PH_2)</ALIMT> and will not let it out until <ALIMT >(PH_1)</ALIMT> gets bored!,{0}正在尝试偷走某人的宠物![PAWN_pronoun]决定吞噬{1}并且不会让它出来，直到[PAWN_pronoun]无聊透顶!
RV2_PetThief.baseInspectLine,Mental state: Pet Thief,baseInspectLine,MentalStateDefs\VoreMentalStates.xml,def,Mental state: Pet Thief,精神状态: 宠物贼
RV2_EndoAbductor.label,Endo-abducting,label,MentalStateDefs\VoreMentalStates.xml,def,Endo-abducting,绑架
RV2_EndoAbductor.recoveryMessage,{0} is no longer endo-voring {1}.,recoveryMessage,MentalStateDefs\VoreMentalStates.xml,def,<ALIMT >(PH_2)</ALIMT> is no longer endo-voring <ALIMT >(PH_1)</ALIMT>.,{0}不再是内传了{1}
RV2_EndoAbductor.beginLetterLabel,Endo-abduction,beginLetterLabel,MentalStateDefs\VoreMentalStates.xml,def,Endo-abduction,绑架
RV2_EndoAbductor.beginLetter,{0} is trying to kidnap someone in their belly! [PAWN_pronoun] has decided to devour {1} and will not let them out until [PAWN_pronoun] gets bored!,beginLetter,MentalStateDefs\VoreMentalStates.xml,def,<ALIMT >(PH_4)</ALIMT> is trying to kidnap someone in their belly! <ALIMT >(PH_3)</ALIMT> has decided to devour <ALIMT >(PH_2)</ALIMT> and will not let them out until <ALIMT >(PH_1)</ALIMT> gets bored!,{0}正试图绑架某人![PAWN_pronoun]决定吞噬{1}并且不会让他们出来，直到[PAWN_pronoun]无聊透顶!
RV2_EndoAbductor.baseInspectLine,Mental state: Endo-Abductor,baseInspectLine,MentalStateDefs\VoreMentalStates.xml,def,Mental state: Endo-Abductor,精神状态: 内绑架者
RV2_EndoSpree.label,Endo Spree,label,MentalStateDefs\VoreMentalStates.xml,def,Endo Spree,纵乐
RV2_EndoSpree.recoveryMessage,{0} has finished their endo voring spree,recoveryMessage,MentalStateDefs\VoreMentalStates.xml,def,<ALIMT >(PH_1)</ALIMT> has finished their endo voring spree,{0}完成了他们的死忠狂欢
RV2_EndoSpree.beginLetterLabel,Endo Spree,beginLetterLabel,MentalStateDefs\VoreMentalStates.xml,def,Endo Spree,纵乐
RV2_EndoSpree.beginLetter,{0} has started an endo spree!,beginLetter,MentalStateDefs\VoreMentalStates.xml,def,<ALIMT >(PH_1)</ALIMT> has started an endo spree!,{0}开始了一场狂欢!
RV2_EndoSpree.baseInspectLine,Mental state: Endo Spree,baseInspectLine,MentalStateDefs\VoreMentalStates.xml,def,Mental state: Endo Spree,精神状态: 纵乐
RV2_LivestockSwallower.label,Livestock Swallower,label,MentalStateDefs\VoreMentalStates.xml,def,Livestock Swallower,吞噬牲畜
RV2_LivestockSwallower.recoveryMessage,{0} no longer wants to digest {1}.,recoveryMessage,MentalStateDefs\VoreMentalStates.xml,def,<ALIMT >(PH_2)</ALIMT> no longer wants to digest <ALIMT >(PH_1)</ALIMT>.,{0}不再想消化{1}
RV2_LivestockSwallower.beginLetterLabel,Livestock Swallower,beginLetterLabel,MentalStateDefs\VoreMentalStates.xml,def,Livestock Swallower,吞噬牲畜
RV2_LivestockSwallower.beginLetter,{0} is going to fatally vore {1}!,beginLetter,MentalStateDefs\VoreMentalStates.xml,def,<ALIMT >(PH_2)</ALIMT> is going to fatally <ALIMT >vore</ALIMT> <ALIMT >(PH_1)</ALIMT>!,{0}即将死亡吃人{1}不!
RV2_LivestockSwallower.baseInspectLine,Mental state: Livestock Swallower,baseInspectLine,MentalStateDefs\VoreMentalStates.xml,def,Mental state: Livestock Swallower,精神状态: 收割者
RV2_VoraciousHunt.label,Voracious hunt,label,MentalStateDefs\VoreMentalStates.xml,def,Voracious hunt,贪婪的狩猎
RV2_VoraciousHunt.recoveryMessage,{0} has finished voring {1},recoveryMessage,MentalStateDefs\VoreMentalStates.xml,def,<ALIMT >(PH_2)</ALIMT> has finished voring <ALIMT >(PH_1)</ALIMT>,{0}已完成奴役{1}
RV2_VoraciousHunt.beginLetterLabel,Voracious hunt,beginLetterLabel,MentalStateDefs\VoreMentalStates.xml,def,Voracious hunt,贪婪的狩猎
RV2_VoraciousHunt.beginLetter,{0} has decided to go and hunt {1}!,beginLetter,MentalStateDefs\VoreMentalStates.xml,def,<ALIMT >(PH_2)</ALIMT> has decided to go and hunt <ALIMT >(PH_1)</ALIMT>!,{0}决定去打猎{1}不!
RV2_VoraciousHunt.baseInspectLine,Mental state: Voracious hunt,baseInspectLine,MentalStateDefs\VoreMentalStates.xml,def,Mental state: Voracious hunt,精神状态: 如饥似渴的狩猎
RV2_Digesticutioner.label,Digesticutioner,label,MentalStateDefs\VoreMentalStates.xml,def,Digesticutioner,消化工
RV2_Digesticutioner.recoveryMessage,{0} has finished digesticuting {1}.,recoveryMessage,MentalStateDefs\VoreMentalStates.xml,def,<ALIMT >(PH_2)</ALIMT> has finished digesticuting <ALIMT >(PH_1)</ALIMT>.,{0}已消化完毕{1}
RV2_Digesticutioner.beginLetterLabel,Digesticutioner,beginLetterLabel,MentalStateDefs\VoreMentalStates.xml,def,Digesticutioner,消化工
RV2_Digesticutioner.beginLetter,{0} is going to fatally vore {1}!,beginLetter,MentalStateDefs\VoreMentalStates.xml,def,<ALIMT >(PH_2)</ALIMT> is going to fatally <ALIMT >vore</ALIMT> <ALIMT >(PH_1)</ALIMT>!,{0}即将死亡吃人{1}不!
RV2_Digesticutioner.baseInspectLine,Mental state: Digesticutioner,baseInspectLine,MentalStateDefs\VoreMentalStates.xml,def,Mental state: Digesticutioner,精神状态: 消化工
RV2_ForbiddenFruit.label,Forbidden Fruit,label,MentalStateDefs\VoreMentalStates.xml,def,Forbidden Fruit,禁果
RV2_ForbiddenFruit.recoveryMessage,The boom gods will not forget this.,recoveryMessage,MentalStateDefs\VoreMentalStates.xml,def,The boom gods will not forget this.,繁荣之神不会忘记这一点。
RV2_ForbiddenFruit.beginLetterLabel,Forbidden Fruit,beginLetterLabel,MentalStateDefs\VoreMentalStates.xml,def,Forbidden Fruit,禁果
RV2_ForbiddenFruit.beginLetter,The boom gods scream in anguish,beginLetter,MentalStateDefs\VoreMentalStates.xml,def,The boom gods scream in anguish,繁荣的神在痛苦中尖叫
RV2_ForbiddenFruit.baseInspectLine,Mental state: Forbidden Fruit,baseInspectLine,MentalStateDefs\VoreMentalStates.xml,def,Mental state: Forbidden Fruit,精神状态: 禁果
RV2_VorederousRage.label,Vorederous Rage,label,MentalStateDefs\VoreMentalStates.xml,def,Vorederous Rage,滔天怒火
RV2_VorederousRage.recoveryMessage,{0} has stopped their vorederous rage.,recoveryMessage,MentalStateDefs\VoreMentalStates.xml,def,<ALIMT >(PH_1)</ALIMT> has stopped their vorederous rage.,{0}已经停止了他们邪恶的愤怒。
RV2_VorederousRage.beginLetterLabel,Vorederous Rage,beginLetterLabel,MentalStateDefs\VoreMentalStates.xml,def,Vorederous Rage,滔天怒火
RV2_VorederousRage.beginLetter,{0} is going to fatally vore {1}!,beginLetter,MentalStateDefs\VoreMentalStates.xml,def,<ALIMT >(PH_2)</ALIMT> is going to fatally <ALIMT >vore</ALIMT> <ALIMT >(PH_1)</ALIMT>!,{0}即将死亡吃人{1}不!
RV2_VorederousRage.baseInspectLine,Mental state: Vorederous Rage,baseInspectLine,MentalStateDefs\VoreMentalStates.xml,def,Mental state: Vorederous Rage,精神状态: 滔天怒火
RV2_Voreserk.label,Voreserk,label,MentalStateDefs\VoreMentalStates.xml,def,Voreserk,迷雾
RV2_Voreserk.recoveryMessage,{0} has finished their fatal voring spree.,recoveryMessage,MentalStateDefs\VoreMentalStates.xml,def,<ALIMT >(PH_1)</ALIMT> has finished their fatal voring spree.,{0}完成了他们的致命性纵乐。
RV2_Voreserk.beginLetterLabel,Voreserk,beginLetterLabel,MentalStateDefs\VoreMentalStates.xml,def,Voreserk,迷雾
RV2_Voreserk.beginLetter,{0} is going on a fatal vore spree!,beginLetter,MentalStateDefs\VoreMentalStates.xml,def,<ALIMT >(PH_1)</ALIMT> is going on a fatal <ALIMT >vore</ALIMT> spree!,{0}正在进行致命的治疗吃人纵乐!
RV2_Voreserk.baseInspectLine,Mental state: Voreserk,baseInspectLine,MentalStateDefs\VoreMentalStates.xml,def,Mental state: Voreserk,精神状态: 迷雾
RV2_VoreFighting_Attacker.label,vore fighting (attacking),label,MentalStateDefs\VoreMentalStates.xml,def,<ALIMT >vore</ALIMT> <ALIMT >fighting</ALIMT> (attacking),vorefighting(进攻中)
RV2_VoreFighting_Attacker.baseInspectLine,Mental state: Vore fighting,baseInspectLine,MentalStateDefs\VoreMentalStates.xml,def,Mental state: <ALIMT >vore</ALIMT> <ALIMT >fighting</ALIMT>,精神状态:vorefighting
RV2_VoreFighting_Defender.label,vore fighting (defending),label,MentalStateDefs\VoreMentalStates.xml,def,<ALIMT >vore</ALIMT> <ALIMT >fighting</ALIMT> (defending),vorefighting(辩护中)
RV2_VoreFighting_Defender.baseInspectLine,Mental state: Vore fighting,baseInspectLine,MentalStateDefs\VoreMentalStates.xml,def,Mental state: <ALIMT >vore</ALIMT> <ALIMT >fighting</ALIMT>,精神状态:vorefighting
BoomDay_NitroGodBlessing.label,BLESSED BE THE BOOM GODS,label,Misc\unorganized.xml,def,BLESSED BE THE BOOM GODS,繁荣之神是神圣的
BoomDay_NitroGodBlessing.description,This pawn has been chosen to be judged by the BOOM GODS due to their brave choice in prey.,description,Misc\unorganized.xml,def,This <ALIMT >(PH_1)</ALIMT> has been chosen to be judged by the BOOM GODS due to their brave choice in prey.,这个pawn由于选择了勇敢的猎物，被繁荣的神选中作为审判。
BoomDay_NitroStomachExplosion.label,The BOOM GODS look upon your pawns with disdain,label,Other\unorganized.xml,def,The BOOM GODS look upon your pawns with disdain,繁荣之神鄙视你的残骸
BoomDay_NitroStomachExplosion.deathMessage,{0} couldn't bear the love of the BOOM GODS.,deathMessage,Other\unorganized.xml,def,<ALIMT >(PH_1)</ALIMT> couldn't bear the love of the BOOM GODS.,{0}无法忍受繁荣之神的爱。
AutoProposalFrequency.label,Proposal frequency,label,QuirkDefs\QuirkPool_AutoProposalFrequency.xml,def,Proposal frequency,求婚频率
AutoProposalFrequency.description,"These quirks determine how frequently a pawn will autonomously try to to make a vore attempt. Pawns may do so as pred or as prey, but, at the time of writing, they will only make vore attempts when they are idle.",description,QuirkDefs\QuirkPool_AutoProposalFrequency.xml,def,"These quirks determine how frequently a <ALIMT >(PH_1)</ALIMT> will autonomously try to to make a <ALIMT >vore</ALIMT> attempt. Pawns may do so as pred or as prey, but, at the time of writing, they will only make <ALIMT >vore</ALIMT> attempts when they are idle.",这些怪癖决定了pawn意志自主尝试制作一个吃人尝试中。Pawns 可以作为 pred 或猎物来做这件事，但是在撰写本文时，他们只会制作吃人在空闲时尝试。
ProposalFrequency_None.label,Vore apathy,label,QuirkDefs\QuirkPool_AutoProposalFrequency.xml,def,<ALIMT >vore</ALIMT> apathy,吃人漠视
ProposalFrequency_None.description,"[PAWN_label] does not care enough about vore to initiate vore proposals on [PAWN_possessive] own. [PAWN_pronoun] has no qualms about being told to do it, though.",description,QuirkDefs\QuirkPool_AutoProposalFrequency.xml,def,"<ALIMT >(PH_3)</ALIMT> does not care enough about <ALIMT >vore</ALIMT> to initiate <ALIMT >vore</ALIMT> proposals on <ALIMT >(PH_2)</ALIMT> own. <ALIMT >(PH_1)</ALIMT> has no qualms about being told to do it, though.",[PAWN_label]没有足够的关心吃人发起吃人提议[PAWN_possessive]拥有。[PAWN_pronoun]不过，我对被告知这么做没有任何疑虑。
ProposalFrequency_Low.label,Vore disinterest,label,QuirkDefs\QuirkPool_AutoProposalFrequency.xml,def,<ALIMT >vore</ALIMT> disinterest,吃人不感兴趣
ProposalFrequency_Low.description,[PAWN_label] will seek vore out on [PAWN_possessive] own much less frequently than others.,description,QuirkDefs\QuirkPool_AutoProposalFrequency.xml,def,<ALIMT >(PH_2)</ALIMT> will seek <ALIMT >vore</ALIMT> out on <ALIMT >(PH_1)</ALIMT> own much less frequently than others.,[PAWN_label]将会寻找吃人外出[PAWN_possessive]拥有的频率比别人低得多。
ProposalFrequency_Normal.label,Passing vore interest,label,QuirkDefs\QuirkPool_AutoProposalFrequency.xml,def,Passing <ALIMT >vore</ALIMT> interest,路过吃人兴趣
ProposalFrequency_Normal.description,[PAWN_label] proposes vore as frequently as everyone else.,description,QuirkDefs\QuirkPool_AutoProposalFrequency.xml,def,<ALIMT >(PH_1)</ALIMT> proposes <ALIMT >vore</ALIMT> as frequently as everyone else.,[PAWN_label]提议吃人和其他人一样频繁。
ProposalFrequency_High.label,Vore eagerness,label,QuirkDefs\QuirkPool_AutoProposalFrequency.xml,def,<ALIMT >vore</ALIMT> eagerness,吃人渴望
ProposalFrequency_High.description,[PAWN_label] will propose vore on [PAWN_possessive] own more often than other pawns.,description,QuirkDefs\QuirkPool_AutoProposalFrequency.xml,def,<ALIMT >(PH_2)</ALIMT> will propose <ALIMT >vore</ALIMT> on <ALIMT >(PH_1)</ALIMT> own more often than other pawns.,[PAWN_label]将求婚吃人开[PAWN_possessive]拥有的次数比其他 pawns 更频繁。
ProposalFrequency_VeryHigh.label,Vore obsession,label,QuirkDefs\QuirkPool_AutoProposalFrequency.xml,def,<ALIMT >vore</ALIMT> obsession,吃人迷恋
ProposalFrequency_VeryHigh.description,"[PAWN_label] is ever-eager for vore, and will propose it on [PAWN_possessive] own twice as much as other pawns.",description,QuirkDefs\QuirkPool_AutoProposalFrequency.xml,def,"<ALIMT >(PH_2)</ALIMT> is ever-eager for <ALIMT >vore</ALIMT>, and will propose it on <ALIMT >(PH_1)</ALIMT> own twice as much as other pawns.","[PAWN_label]一直渴望吃人,并将求婚[PAWN_possessive]拥有两倍于其他殖民者的钱。"
Brutality.label,Brutality,label,QuirkDefs\QuirkPool_Brutality.xml,def,Brutality,暴行
Brutality.description,"If a proposal initiated by this pawn fails, these quirks control the chance of this pawn beating up and forcing the vore on their target.",description,QuirkDefs\QuirkPool_Brutality.xml,def,"If a proposal initiated by this <ALIMT >(PH_2)</ALIMT> fails, these quirks control the chance of this <ALIMT >(PH_1)</ALIMT> beating up and forcing the <ALIMT >vore</ALIMT> on their target.",若提案由此发起pawn失败，这些怪癖控制着几率pawn殴打和强迫吃人目标。
Brutality_Always.label,Bad Listener,label,QuirkDefs\QuirkPool_Brutality.xml,def,Bad Listener,糟糕的听众
Brutality_Always.description,Forget a silver tongue; [PAWN_label] won't take no for an answer.,description,QuirkDefs\QuirkPool_Brutality.xml,def,Forget a silver tongue; <ALIMT >(PH_1)</ALIMT> won't take no for an answer.,忘记一个银舌;[PAWN_label]不会接受否定的答案。
Brutality_High.label,Coin flip,label,QuirkDefs\QuirkPool_Brutality.xml,def,Coin flip,掷硬币
Brutality_High.description,"[PAWN_label] only respects consent half the time. The other half, [PAWN_possessive] prey better get ready for a fight.",description,QuirkDefs\QuirkPool_Brutality.xml,def,"<ALIMT >(PH_2)</ALIMT> only respects consent half the time. The other half, <ALIMT >(PH_1)</ALIMT> prey better get ready for a fight.","[PAWN_label]只有一半时间尊重同意。另一半,[PAWN_possessive]猎物最好做好战斗准备。"
Brutality_Normal.label,Normal,label,QuirkDefs\QuirkPool_Brutality.xml,def,Normal,普通
Brutality_Normal.description,Most of the time [PAWN_label] wouldn't think of fighting to vore any prey that wasn't interested.,description,QuirkDefs\QuirkPool_Brutality.xml,def,Most of the time <ALIMT >(PH_1)</ALIMT> wouldn't think of <ALIMT >fighting</ALIMT> to <ALIMT >vore</ALIMT> any prey that wasn't interested.,大多数时候[PAWN_label]不会想到战斗中的到吃人任何不感兴趣的猎物。
Brutality_Low.label,Rare,label,QuirkDefs\QuirkPool_Brutality.xml,def,Rare,极少
Brutality_Low.description,"[PAWN_label] is even less inclined than most, to use violence for persuasion.",description,QuirkDefs\QuirkPool_Brutality.xml,def,"<ALIMT >(PH_1)</ALIMT> is even less inclined than most, to use violence for persuasion.",[PAWN_label]比大多数人更不愿意用暴力来说服别人。
Brutality_Never.label,Peaceful,label,QuirkDefs\QuirkPool_Brutality.xml,def,Peaceful,和平的
Brutality_Never.description,[PAWN_label] wouldn't use violence to coerce [PAWN_possessive] prey if a proposal was turned down.,description,QuirkDefs\QuirkPool_Brutality.xml,def,<ALIMT >(PH_2)</ALIMT> wouldn't use violence to coerce <ALIMT >(PH_1)</ALIMT> prey if a proposal was turned down.,[PAWN_label]不会使用暴力来强制[PAWN_possessive]如果一个提议被拒绝，将会被捕食。
Cheats.label,Cheat quirks,label,QuirkDefs\QuirkPool_Cheats.xml,def,Cheat quirks,欺骗怪癖
Cheats.description,"These quirks severely disrupt game balance and are disabled by default, but they're presented here in case you want to play with them. If you only want to enable them for specific pawns and do not want them spawning naturally, you do not need to enable them here; just enable dev mode and enter the quirks menu(s) of the desired pawn(s).",description,QuirkDefs\QuirkPool_Cheats.xml,def,"These quirks severely disrupt game balance and are disabled by default, but they're presented here in case you want to play with them. If you only want to enable them for specific pawns and do not want them spawning naturally, you do not need to enable them here; just enable dev mode and enter the quirks <ALIMT >(PH_2)</ALIMT> of the desired <ALIMT >(PH_1)</ALIMT>.",这些怪癖会严重破坏游戏平衡，默认情况下会被禁用，但它们会出现在这里，以防你想与它们一起玩。如果你只想为特定的 pawns 启用它们，而不希望它们自然生成，你不需要在这里启用它们; 只需启用开发模式并进入怪癖menu(s)产生渴望的pawn(s)
Cheat_Hammerspace.label,Hammerspace,label,QuirkDefs\QuirkPool_Cheats.xml,def,Hammerspace,锤击空间
Cheat_Hammerspace.description,"[PAWN_label]’s body compresses [PAWN_possessive] prey down to an incredible degree. You can’t quite tell how many prey [PAWN_pronoun] has inside [PAWN_objective] at any given time, though you can guess if you know [PAWN_possessive] limit.",description,QuirkDefs\QuirkPool_Cheats.xml,def,"<ALIMT >(PH_5)</ALIMT>’s body compresses <ALIMT >(PH_4)</ALIMT> prey down to an incredible degree. You can’t quite tell how many prey <ALIMT >(PH_3)</ALIMT> has inside <ALIMT >(PH_2)</ALIMT> at any given time, though you can guess if you know <ALIMT >(PH_1)</ALIMT> limit.",[PAWN_label]它的身体已经被压紧了[PAWN_possessive]捕食到难以置信的程度。你搞不清楚有多少猎物[PAWN_pronoun]有内部[PAWN_objective]在任何时候，尽管你可以猜测你是否知道[PAWN_possessive]极限。
Cheat_HyperEfficient.label,Hyper-efficient,label,QuirkDefs\QuirkPool_Cheats.xml,def,Hyper-efficient,超高效
Cheat_HyperEfficient.description,[PAWN_label] is about ten times as efficient as any other predator when it comes to extracting nutrition and producing materials from prey. It's like dropping a rough mint candy into soda.,description,QuirkDefs\QuirkPool_Cheats.xml,def,<ALIMT >(PH_1)</ALIMT> is about ten times as efficient as any other predator when it comes to extracting nutrition and producing materials from prey. It's like dropping a rough mint candy into soda.,[PAWN_label]在从猎物中提取营养和生产材料方面，效率大约是其他捕食者的十倍。就像在汽水里掉下一块粗糙的薄荷糖。
Cheat_Inedible.label,Inedible,label,QuirkDefs\QuirkPool_Cheats.xml,def,Inedible,不可食用
Cheat_Inedible.description,[PAWN_label] cannot be eaten. It just physically cannot happen. How? Don't ask questions; this is a cheat quirk.,description,QuirkDefs\QuirkPool_Cheats.xml,def,<ALIMT >(PH_1)</ALIMT> cannot be eaten. It just physically cannot happen. How? Don't ask questions; this is a cheat quirk.,[PAWN_label]不可食用。它只是物理上的不可能发生。怎么做到的？不要问问题; 这是一个欺骗怪癖。
Cheat_NeverPredator.label,Never Predator,label,QuirkDefs\QuirkPool_Cheats.xml,def,Never Predator,从不捕食
Cheat_NeverPredator.description,[PAWN_label] cannot be designated as a predator,description,QuirkDefs\QuirkPool_Cheats.xml,def,<ALIMT >(PH_1)</ALIMT> cannot be designated as a predator,[PAWN_label]不能被指定为捕食者
Cheat_NeverEndoPrey.label,Never Endo Prey,label,QuirkDefs\QuirkPool_Cheats.xml,def,Never Endo Prey,永不收留猎物
Cheat_NeverEndoPrey.description,[PAWN_label] cannot be designated as an endo vore target,description,QuirkDefs\QuirkPool_Cheats.xml,def,<ALIMT >(PH_1)</ALIMT> cannot be designated as an endo <ALIMT >vore</ALIMT> target,[PAWN_label]不能被指定为 endovore目标
Cheat_NeverFatalPrey.label,Never Fatal Prey,label,QuirkDefs\QuirkPool_Cheats.xml,def,Never Fatal Prey,从来没有致命的猎物
Cheat_NeverFatalPrey.description,[PAWN_label] cannot be designated as a fatal vore target,description,QuirkDefs\QuirkPool_Cheats.xml,def,<ALIMT >(PH_1)</ALIMT> cannot be designated as a fatal <ALIMT >vore</ALIMT> target,[PAWN_label]不能被指定为致命伤吃人目标
Cheat_Inescapable.label,Inescapable,label,QuirkDefs\QuirkPool_Cheats.xml,def,Inescapable,无法逃脱
Cheat_Inescapable.description,[PAWN_label]’s insides are like a steel trap. Anything that goes in cannot be removed without either surgery or the full tour.,description,QuirkDefs\QuirkPool_Cheats.xml,def,<ALIMT >(PH_1)</ALIMT>’s insides are like a steel trap. Anything that goes in cannot be removed without either surgery or the <ALIMT >full tour</ALIMT>.,[PAWN_label]它的内部就像一个钢制的陷阱。如果没有手术或手术，任何进入的东西都不能被移除消化道游览
Cheat_Indigestible.label,Indigestible,label,QuirkDefs\QuirkPool_Cheats.xml,def,Indigestible,难以消化
Cheat_Indigestible.description,"[PAWN_label] is immune to digestion. Not immune to bullets, blades, explosions, or even external acid sprays, but certainly immune to digestion.",description,QuirkDefs\QuirkPool_Cheats.xml,def,"<ALIMT >(PH_1)</ALIMT> is immune to digestion. Not immune to bullets, blades, explosions, or even external acid sprays, but certainly immune to digestion.",[PAWN_label]对消化免疫。无法免疫子弹、利刃、爆炸，甚至外部酸性喷吐，但肯定对消化免疫。
Cheat_InfiniteCapacity.label,Infinite capacity,label,QuirkDefs\QuirkPool_Cheats.xml,def,Infinite capacity,无限容量
Cheat_InfiniteCapacity.description,[PAWN_label] doesn’t know the meaning of the word “full”. There’s always room for more prey. Always.,description,QuirkDefs\QuirkPool_Cheats.xml,def,<ALIMT >(PH_1)</ALIMT> doesn’t know the meaning of the word “full”. There’s always room for more prey. Always.,[PAWN_label]不知道 “满” 字的意思。总有空间容纳更多猎物。总是这样。
Cheat_InstantDigestion.label,Instant digestion,label,QuirkDefs\QuirkPool_Cheats.xml,def,<ALIMT >instant</ALIMT> digestion,瞬间被消化
Cheat_InstantDigestion.description,Only the [PAWN_label]-tron reduces an entire preything into soup-like homogenate in 30 seconds.,description,QuirkDefs\QuirkPool_Cheats.xml,def,Only the <ALIMT >(PH_1)</ALIMT>-tron reduces an entire preything into soup-like homogenate in 30 seconds.,只有[PAWN_label]-Tron 可在 30 秒内将整批猎物还原为汤状匀浆。
Cheat_InstantSwallow.label,Instant swallow,label,QuirkDefs\QuirkPool_Cheats.xml,def,<ALIMT >instant</ALIMT> swallow,瞬间燕子
Cheat_InstantSwallow.description,[PAWN_label] inhales prey like [PAWN_pronoun]'s drowning and the prey are air.,description,QuirkDefs\QuirkPool_Cheats.xml,def,<ALIMT >(PH_2)</ALIMT> inhales prey like <ALIMT >(PH_1)</ALIMT>'s drowning and the prey are air.,[PAWN_label]像猎物一样吸入[PAWN_pronoun]而猎物是空气。
DietaryPreference_Predator_Animals.label,Dietary preference (animals),label,QuirkDefs\QuirkPool_DietaryPreference.xml,def,Dietary preference (animals),饮食偏好 (动物)
DietaryPreference_Predator_Animals.description,"These quirks determine how much a pawn likes having animals as prey. At the extremes, a pawn will either reject all autonomous proposals to be fed an animal, or seek out animal prey to the exclusion of other kinds of prey. While insectoids normally count as animals, these quirks are written to exclude insectoids from the type preferences.",description,QuirkDefs\QuirkPool_DietaryPreference.xml,def,"These quirks determine how much a <ALIMT >(PH_2)</ALIMT> likes having animals as prey. At the extremes, a <ALIMT >(PH_1)</ALIMT> will either reject all autonomous proposals to be fed an animal, or seek out animal prey to the exclusion of other kinds of prey. While insectoids normally count as animals, these quirks are written to exclude insectoids from the type preferences.",这些怪癖决定了多少钱一个pawn喜欢捕食动物。在极端情况下，一个pawn会拒绝所有自律的方案来喂养动物，或者寻找动物猎物而放弃其他种类的猎物。虽然虫族通常被算作动物，但写这些怪癖是为了将虫族排除在类型偏好之外。
DietaryPreference_Predator_Animals_Obsessed.label,Zoophagical obsession,label,QuirkDefs\QuirkPool_DietaryPreference.xml,def,Zoophagical obsession,食尸鬼迷恋
DietaryPreference_Predator_Animals_Obsessed.description,[PAWN_label] adores having animals as prey. Never let [PAWN_objective] watch your pets.,description,QuirkDefs\QuirkPool_DietaryPreference.xml,def,<ALIMT >(PH_2)</ALIMT> adores having animals as prey. Never let <ALIMT >(PH_1)</ALIMT> watch your pets.,[PAWN_label]推崇猎杀动物。绝对不让[PAWN_objective]当心你的宠物。
DietaryPreference_Predator_Animals_Likes.label,Zoophagical taste,label,QuirkDefs\QuirkPool_DietaryPreference.xml,def,Zoophagical taste,食尸鬼味道
DietaryPreference_Predator_Animals_Likes.description,"[PAWN_label] likes having animals as prey. It's what most sapient life's been doing already for thousands of years; why stop now, especially when they squirm so wildly?",description,QuirkDefs\QuirkPool_DietaryPreference.xml,def,"<ALIMT >(PH_1)</ALIMT> likes having animals as prey. It's what most sapient life's been doing already for thousands of years; why <ALIMT >stop</ALIMT> now, especially when they squirm so wildly?",[PAWN_label]喜欢捕食动物。这是大多数有智慧的人几千年来一直在做的事情; 为什么停止现在，尤其是当他们如此神经质地蠕动的时候？
DietaryPreference_Predator_Animals_Neutral.label,Zoophagical ambivalence,label,QuirkDefs\QuirkPool_DietaryPreference.xml,def,Zoophagical ambivalence,食尸鬼对抗性
DietaryPreference_Predator_Animals_Neutral.description,"[PAWN_label] doesn't mind having animals as prey, but doesn't prefer them either.",description,QuirkDefs\QuirkPool_DietaryPreference.xml,def,"<ALIMT >(PH_1)</ALIMT> doesn't mind having animals as prey, but doesn't prefer them either.",[PAWN_label]不介意动物作为猎物，但也不喜欢它们。
DietaryPreference_Predator_Animals_Dislikes.label,Zoophagical distaste,label,QuirkDefs\QuirkPool_DietaryPreference.xml,def,Zoophagical distaste,亲兽厌恶
DietaryPreference_Predator_Animals_Dislikes.description,"[PAWN_label] dislikes having animals as prey. Maybe [PAWN_pronoun] can't bear to see [PAWN_possessive] fuzzy friends imperiled, maybe [PAWN_pronoun] thinks cannibalism is the true way, maybe [PAWN_pronoun] just doesn't like to get dirt and fur all over [PAWN_possessive] tongue.",description,QuirkDefs\QuirkPool_DietaryPreference.xml,def,"<ALIMT >(PH_6)</ALIMT> dislikes having animals as prey. Maybe <ALIMT >(PH_5)</ALIMT> can't bear to see <ALIMT >(PH_4)</ALIMT> fuzzy friends imperiled, maybe <ALIMT >(PH_3)</ALIMT> thinks cannibalism is the true way, maybe <ALIMT >(PH_2)</ALIMT> just doesn't like to get dirt and fur all over <ALIMT >(PH_1)</ALIMT> tongue.",[PAWN_label]厌恶捕食动物。也许[PAWN_pronoun]无法忍受[PAWN_possessive]模糊的朋友受到威胁[PAWN_pronoun]认为食人才是真正的方式[PAWN_pronoun]就是不喜欢到处都是泥土和毛皮[PAWN_possessive]舌头。
DietaryPreference_Predator_Animals_Refuses.label,Zoophagical revulsion,label,QuirkDefs\QuirkPool_DietaryPreference.xml,def,Zoophagical revulsion,食人族的反感
DietaryPreference_Predator_Animals_Refuses.description,"[PAWN_label] hates having animals as prey and will never willingly consume them. [PAWN_pronoun] would sooner hunt the beast down, skin it, butcher it, cook it, and eat it, all on [PAWN_possessive] own, than swallow it whole.",description,QuirkDefs\QuirkPool_DietaryPreference.xml,def,"<ALIMT >(PH_3)</ALIMT> hates having animals as prey and will never willingly consume them. <ALIMT >(PH_2)</ALIMT> would sooner hunt the beast down, skin it, butcher it, cook it, and eat it, all on <ALIMT >(PH_1)</ALIMT> own, than swallow it whole.",[PAWN_label]憎恨以动物为猎物，绝不心甘情愿地吃掉它们。[PAWN_pronoun]我会更快地追捕野兽，剥皮，屠宰，烹饪，吃掉它[PAWN_possessive]拥有，也不愿将其整个吞下。
DietaryPreference_Predator_Humanoids.label,Dietary preference (humanoids),label,QuirkDefs\QuirkPool_DietaryPreference.xml,def,Dietary preference (humanoids),饮食偏好 (人形)
DietaryPreference_Predator_Humanoids.description,"These quirks determine how much a pawn likes having humanoids as prey. At the extremes, a pawn will either reject all autonomous proposals by humanoid prey, or seek out humanoid prey to the exclusion of other kinds of prey. Non-cannibals with a preference for humanoid prey will only prefer endo humanoid prey; only cannibals can spawn with a fatal preference for humanoid prey. If you want everybody to be able to have total preference for humanoid prey, and don't want to remove the cannibal requirement for those traits in the XMLs, you can instead make the cannibal trait universal using the scenario editor.",description,QuirkDefs\QuirkPool_DietaryPreference.xml,def,"These quirks determine how much a <ALIMT >(PH_2)</ALIMT> likes having humanoids as prey. At the extremes, a <ALIMT >(PH_1)</ALIMT> will either reject all autonomous proposals by humanoid prey, or seek out humanoid prey to the exclusion of other kinds of prey. Non-cannibals with a preference for humanoid prey will only prefer endo humanoid prey; only cannibals can spawn with a fatal preference for humanoid prey. If you want everybody to be able to have total preference for humanoid prey, and don't want to remove the cannibal requirement for those traits in the XMLs, you can instead make the cannibal trait universal using the scenario editor.","这些怪癖决定了多少钱一个pawn喜欢捕食人形。在极端情况下，一个pawn会拒绝所有由人形猎物发起的自治请求，或者寻找除其他类型的猎物之外的人形猎物。对人形猎物有偏好的非食人族只会更喜欢内的人形猎物; 只有食人族才能产生对人形猎物有致命偏好的猎物。如果你想让每个人都对人形猎物有完全的偏好，并且不想取消食人对 xml 中这些特性的需求, 你可以使用场景编辑器改为通用食人特性。"
DietaryPreference_Predator_Humanoids_Obsessed_Cannibal.label,Anthropophagical obsession (cannibal),label,QuirkDefs\QuirkPool_DietaryPreference.xml,def,Anthropophagical obsession (cannibal),食人迷恋 (食人)
DietaryPreference_Predator_Humanoids_Obsessed_Cannibal.description,"[PAWN_label] adores having [PAWN_possessive] fellow sapient beings as prey; even fatally, as an extension of [PAWN_possessive] cannibalistic tendencies. Humanoid meat tastes best alive and kicking.",description,QuirkDefs\QuirkPool_DietaryPreference.xml,def,"<ALIMT >(PH_3)</ALIMT> adores having <ALIMT >(PH_2)</ALIMT> fellow sapient beings as prey; even fatally, as an extension of <ALIMT >(PH_1)</ALIMT> cannibalistic tendencies. Humanoid meat tastes best alive and kicking.",[PAWN_label]崇拜有[PAWN_possessive]作为猎物的智人同伴; 即使是致命的，作为[PAWN_possessive]食人倾向。人形肉活活的味道最好。
DietaryPreference_Predator_Humanoids_Likes_Cannibal.label,Anthropophagical taste (cannibal),label,QuirkDefs\QuirkPool_DietaryPreference.xml,def,Anthropophagical taste (cannibal),食人 (食人)
DietaryPreference_Predator_Humanoids_Likes_Cannibal.description,"[PAWN_label] likes having [PAWN_possessive] fellow sapient beings as prey; even fatally, as an extension of [PAWN_possessive] cannibalistic tendencies. People are tasty! And clean, usually.",description,QuirkDefs\QuirkPool_DietaryPreference.xml,def,"<ALIMT >(PH_3)</ALIMT> likes having <ALIMT >(PH_2)</ALIMT> fellow sapient beings as prey; even fatally, as an extension of <ALIMT >(PH_1)</ALIMT> cannibalistic tendencies. People are tasty! And clean, usually.",[PAWN_label]喜欢[PAWN_possessive]作为猎物的智人同伴; 即使是致命的，作为[PAWN_possessive]食人倾向。人很可口!通常很干净。
DietaryPreference_Predator_Humanoids_Obsessed_NotCannibal.label,Anthropophagical obsession (endo),label,QuirkDefs\QuirkPool_DietaryPreference.xml,def,Anthropophagical obsession (endo),食人迷恋 (endo)
DietaryPreference_Predator_Humanoids_Obsessed_NotCannibal.description,"[PAWN_label] adores having [PAWN_possessive] fellow sapient beings as prey, so long as it's safe. The dark side of vore does tempt [PAWN_objective] though, with all these delicious, filling preythings...",description,QuirkDefs\QuirkPool_DietaryPreference.xml,def,"<ALIMT >(PH_3)</ALIMT> adores having <ALIMT >(PH_2)</ALIMT> fellow sapient beings as prey, so long as it's safe. The dark side of <ALIMT >vore</ALIMT> does tempt <ALIMT >(PH_1)</ALIMT> though, with all these delicious, filling preythings...",[PAWN_label]崇拜有[PAWN_possessive]作为猎物的人类同伴，只要是安全的。黑暗的一面吃人诱惑了吗[PAWN_objective]尽管如此，有这些美味的装满猎物的东西.
DietaryPreference_Predator_Humanoids_Likes_NotCannibal.label,Anthropophagical taste (endo),label,QuirkDefs\QuirkPool_DietaryPreference.xml,def,Anthropophagical taste (endo),食人味道 (endo)
DietaryPreference_Predator_Humanoids_Likes_NotCannibal.description,"[PAWN_label] likes having [PAWN_possessive] fellow sapient beings as prey, so long as it's safe. Fatal vore, on the other hand, is no different from regular old butcher-and-chew cannibalism.",description,QuirkDefs\QuirkPool_DietaryPreference.xml,def,"<ALIMT >(PH_2)</ALIMT> likes having <ALIMT >(PH_1)</ALIMT> fellow sapient beings as prey, so long as it's safe. Fatal <ALIMT >vore</ALIMT>, on the other hand, is no different from regular old butcher-and-chew cannibalism.",[PAWN_label]喜欢[PAWN_possessive]作为猎物的人类同伴，只要是安全的。致命吃人另一方面，与正常的老屠宰和咀嚼食人没什么不同。
DietaryPreference_Predator_Humanoids_Neutral.label,Anthropophagical ambivalence,label,QuirkDefs\QuirkPool_DietaryPreference.xml,def,Anthropophagical ambivalence,食人性矛盾
DietaryPreference_Predator_Humanoids_Neutral.description,"[PAWN_label] doesn't mind having [PAWN_possessive] fellow sapient beings as prey, fatal or otherwise, but doesn't prefer them either.",description,QuirkDefs\QuirkPool_DietaryPreference.xml,def,"<ALIMT >(PH_2)</ALIMT> doesn't mind having <ALIMT >(PH_1)</ALIMT> fellow sapient beings as prey, fatal or otherwise, but doesn't prefer them either.",[PAWN_label]不介意[PAWN_possessive]作为猎物、致命的猎物或其他东西，但也不喜欢他们。
DietaryPreference_Predator_Humanoids_Dislikes.label,Anthropophagical distaste,label,QuirkDefs\QuirkPool_DietaryPreference.xml,def,Anthropophagical distaste,厌恶食人
DietaryPreference_Predator_Humanoids_Dislikes.description,[PAWN_label] dislikes having [PAWN_possessive] fellow sapient beings as prey. Maybe it's too much like cannibalism; maybe [PAWN_pronoun]'s self-conscious about [PAWN_possessive] insides.,description,QuirkDefs\QuirkPool_DietaryPreference.xml,def,<ALIMT >(PH_4)</ALIMT> dislikes having <ALIMT >(PH_3)</ALIMT> fellow sapient beings as prey. Maybe it's too much like cannibalism; maybe <ALIMT >(PH_2)</ALIMT>'s self-conscious about <ALIMT >(PH_1)</ALIMT> insides.,[PAWN_label]厌恶拥有[PAWN_possessive]作为猎物的人类同伴。也许这太像食人了; 也许[PAWN_pronoun]自我意识[PAWN_possessive]内部。
DietaryPreference_Predator_Humanoids_Refuses.label,Anthropophagical revulsion,label,QuirkDefs\QuirkPool_DietaryPreference.xml,def,Anthropophagical revulsion,厌恶食人
DietaryPreference_Predator_Humanoids_Refuses.description,"[PAWN_label] hates having [PAWN_possessive] fellow sapient beings as prey and will never willingly consume them. It's a perversion of the natural order, cannibalistic or not.",description,QuirkDefs\QuirkPool_DietaryPreference.xml,def,"<ALIMT >(PH_2)</ALIMT> hates having <ALIMT >(PH_1)</ALIMT> fellow sapient beings as prey and will never willingly consume them. It's a perversion of the natural order, cannibalistic or not.",[PAWN_label]厌恶拥有[PAWN_possessive]作为猎物的智人同伴永远不会心甘情愿地吃掉他们。不管是不是人肉，这都是对自然秩序的扭曲。
DietaryPreference_Predator_Insectoids.label,Dietary preference (insectoids),label,QuirkDefs\QuirkPool_DietaryPreference.xml,def,Dietary preference (insectoids),饮食偏好 (虫族)
DietaryPreference_Predator_Insectoids.description,"These quirks determine how much a pawn likes having insectoids as prey. At the extremes, a pawn will either reject all autonomous proposals to be fed an insectoid, or seek out insectoid prey to the exclusion of other kinds of prey.",description,QuirkDefs\QuirkPool_DietaryPreference.xml,def,"These quirks determine how much a <ALIMT >(PH_2)</ALIMT> likes having insectoids as prey. At the extremes, a <ALIMT >(PH_1)</ALIMT> will either reject all autonomous proposals to be fed an insectoid, or seek out insectoid prey to the exclusion of other kinds of prey.",这些怪癖决定了多少钱一个pawn喜欢捕食虫族。在极端情况下，一个pawn会拒绝所有自律的给虫族喂食的提议，或者寻找虫族猎物而放弃其他种类的猎物。
DietaryPreference_Predator_Insectoids_Obsessed.label,Entomophagical obsession,label,QuirkDefs\QuirkPool_DietaryPreference.xml,def,Entomophagical obsession,虫族迷恋
DietaryPreference_Predator_Insectoids_Obsessed.description,"[PAWN_label] adores having live bugs as prey. [PAWN_possessive] whole body may as well be a hive. Furthermore, [PAWN_possessive] taste for chewing chitin extends to raw and cooked bug meat, too.",description,QuirkDefs\QuirkPool_DietaryPreference.xml,def,"<ALIMT >(PH_3)</ALIMT> adores having live bugs as prey. <ALIMT >(PH_2)</ALIMT> whole body may as well be a hive. Furthermore, <ALIMT >(PH_1)</ALIMT> taste for chewing chitin extends to raw and cooked bug meat, too.","[PAWN_label]推崇将活虫当作猎物。[PAWN_possessive]全身也可以成为蜂巢。此外,[PAWN_possessive]咀嚼几丁质的味道也包括了生肉和烹饪过的虫肉。"
DietaryPreference_Predator_Insectoids_Likes.label,Entomophagical taste,label,QuirkDefs\QuirkPool_DietaryPreference.xml,def,Entomophagical taste,虫族口味
DietaryPreference_Predator_Insectoids_Likes.description,"[PAWN_label] enjoys having live bugs as prey. [PAWN_possessive] taste for chewing chitin extends to raw and cooked bug meat, too.",description,QuirkDefs\QuirkPool_DietaryPreference.xml,def,"<ALIMT >(PH_2)</ALIMT> enjoys having live bugs as prey. <ALIMT >(PH_1)</ALIMT> taste for chewing chitin extends to raw and cooked bug meat, too.",[PAWN_label]喜欢活虫子作为猎物。[PAWN_possessive]咀嚼几丁质的味道也包括了生肉和烹饪过的虫肉。
DietaryPreference_Predator_Insectoids_Neutral.label,Entomophagical ambivalence,label,QuirkDefs\QuirkPool_DietaryPreference.xml,def,Entomophagical ambivalence,虫族对抗性
DietaryPreference_Predator_Insectoids_Neutral.description,"[PAWN_label] doesn't mind having live bugs as prey, but doesn't prefer them either.",description,QuirkDefs\QuirkPool_DietaryPreference.xml,def,"<ALIMT >(PH_1)</ALIMT> doesn't mind having live bugs as prey, but doesn't prefer them either.",[PAWN_label]不介意活虫子作为猎物，但也不喜欢它们。
DietaryPreference_Predator_Insectoids_Dislikes.label,Entomophagical distaste,label,QuirkDefs\QuirkPool_DietaryPreference.xml,def,Entomophagical distaste,虫灾厌恶
DietaryPreference_Predator_Insectoids_Dislikes.description,"[PAWN_label] dislikes having live bugs as prey. [PAWN_pronoun] has a list of places bugs should not be, and one of those places is ""alive and crawling around inside [PAWN_possessive] body"".",description,QuirkDefs\QuirkPool_DietaryPreference.xml,def,"<ALIMT >(PH_3)</ALIMT> dislikes having live bugs as prey. <ALIMT >(PH_2)</ALIMT> has a list of places bugs should not be, and one of those places is ""alive and crawling around inside <ALIMT >(PH_1)</ALIMT> body"".",[PAWN_label]厌恶将活虫当作猎物。[PAWN_pronoun]有一个 bug 不应出现的地方列表，其中一个地方 “还活着，可以在里面爬行”[PAWN_possessive]身体 ”。
DietaryPreference_Predator_Insectoids_Refuses.label,Entomophagical revulsion,label,QuirkDefs\QuirkPool_DietaryPreference.xml,def,Entomophagical revulsion,虫族反感
DietaryPreference_Predator_Insectoids_Refuses.description,[PAWN_label] hates having live bugs as prey and will never willingly consume them. The very thought makes [PAWN_possessive] skin crawl.,description,QuirkDefs\QuirkPool_DietaryPreference.xml,def,<ALIMT >(PH_2)</ALIMT> hates having live bugs as prey and will never willingly consume them. The very thought makes <ALIMT >(PH_1)</ALIMT> skin crawl.,[PAWN_label]讨厌活虫作为猎物，绝不会心甘情愿地吃掉它们。这个想法使[PAWN_possessive]皮肤爬行。
DietaryPreference_Predator_Mechanoids.label,Dietary preference (mechanoids),label,QuirkDefs\QuirkPool_DietaryPreference.xml,def,Dietary preference (mechanoids),饮食偏好 (机械体)
DietaryPreference_Predator_Mechanoids.description,"These quirks determine how much a pawn likes having mechanoids as prey. At the extremes, a pawn will either reject all autonomous proposals to be fed a mechanoid, or seek out mechanoid prey to the exclusion of other kinds of prey. Note that the consumption and digestion of mechanoids is restricted. For now, those with a preference for mechanoid prey are able to digest mechanoids, while those with any of these quirks, even the normal quirk, can store or pleasure themselves with a mechanoid. This is temporary.",description,QuirkDefs\QuirkPool_DietaryPreference.xml,def,"These quirks determine how much a <ALIMT >(PH_2)</ALIMT> likes having mechanoids as prey. At the extremes, a <ALIMT >(PH_1)</ALIMT> will either reject all autonomous proposals to be fed a mechanoid, or seek out mechanoid prey to the exclusion of other kinds of prey. Note that the consumption and digestion of mechanoids is restricted. For now, those with a preference for mechanoid prey are able to digest mechanoids, while those with any of these quirks, even the normal quirk, can store or pleasure themselves with a mechanoid. This is temporary.",这些怪癖决定了多少钱一个pawn喜欢捕食机械体。在极端情况下，一个pawn将拒绝所有自律的方案以喂养机械体，或者寻找机械体猎物以排斥其他类型的猎物。请注意，机械体的消耗和消化受到限制。目前，那些偏好机械体猎物的人能够消化机械体，而那些有这些怪癖的人，即使是普通的怪癖，也可以用机械体来储存或使自己快乐。这是暂时的。
DietaryPreference_Predator_Mechanoids_Obsessed.label,Mechanophagical obsession,label,QuirkDefs\QuirkPool_DietaryPreference.xml,def,Mechanophagical obsession,机械吞噬迷恋
DietaryPreference_Predator_Mechanoids_Obsessed.description,"[PAWN_label] adores having mechanoids as prey. [PAWN_pronoun] has the munchies for metal, a taste for titanium and steel. That doesn't necessarily equate to the digestive strength to churn a mechanoid into food, but it's something. NOTE: currently, this quirk grants pawns the ability to digest mechanoids into slag or scrap. This will be changed in the future.",description,QuirkDefs\QuirkPool_DietaryPreference.xml,def,"<ALIMT >(PH_2)</ALIMT> adores having mechanoids as prey. <ALIMT >(PH_1)</ALIMT> has the munchies for metal, a taste for titanium and steel. That doesn't necessarily equate to the digestive strength to churn a mechanoid into food, but it's something. NOTE: currently, this quirk grants pawns the ability to digest mechanoids into slag or scrap. This will be changed in the future.",[PAWN_label]崇拜机械体作为猎物。[PAWN_pronoun]有对金属的咀嚼，对钛和钢铁的味道。这并不一定等同于将机械体搅拌成食物的消化能力，但这很了不起。注意: 目前，这一怪癖赋予了 pawns 将机械体消化成矿渣或废料的能力。这在将来会改变。
DietaryPreference_Predator_Mechanoids_Likes.label,Mechanophagical taste,label,QuirkDefs\QuirkPool_DietaryPreference.xml,def,Mechanophagical taste,机械吞噬
DietaryPreference_Predator_Mechanoids_Likes.description,"[PAWN_label] likes having mechanoids as prey. It proves the flesh is stronger than the machine, or something. That doesn't necessarily equate to the digestive strength to churn a mechanoid into food, but it's something. NOTE: currently, this quirk grants pawns the ability to digest mechanoids into slag or scrap. This will be changed in the future.",description,QuirkDefs\QuirkPool_DietaryPreference.xml,def,"<ALIMT >(PH_1)</ALIMT> likes having mechanoids as prey. It proves the flesh is stronger than the machine, or something. That doesn't necessarily equate to the digestive strength to churn a mechanoid into food, but it's something. NOTE: currently, this quirk grants pawns the ability to digest mechanoids into slag or scrap. This will be changed in the future.",[PAWN_label]喜欢捕食机械体。它证明了肉体比机器更强大，或者别的什么。这并不一定等同于将机械体搅拌成食物的消化能力，但这很了不起。注意: 目前，这一怪癖赋予了 pawns 将机械体消化成矿渣或废料的能力。这在将来会改变。
DietaryPreference_Predator_Mechanoids_Neutral.label,Mechanophagical ambivalence,label,QuirkDefs\QuirkPool_DietaryPreference.xml,def,Mechanophagical ambivalence,机械吞噬矛盾心理
DietaryPreference_Predator_Mechanoids_Neutral.description,"[PAWN_label] doesn't mind having mechanoids as prey, but doesn't prefer them either.",description,QuirkDefs\QuirkPool_DietaryPreference.xml,def,"<ALIMT >(PH_1)</ALIMT> doesn't mind having mechanoids as prey, but doesn't prefer them either.",[PAWN_label]虽然不介意机械体作为猎物，但也不喜欢它们。
DietaryPreference_Predator_Mechanoids_Dislikes.label,Mechanophagical distaste,label,QuirkDefs\QuirkPool_DietaryPreference.xml,def,Mechanophagical distaste,机械吞噬厌恶
DietaryPreference_Predator_Mechanoids_Dislikes.description,[PAWN_label] dislikes having mechanoids as prey. They're cold and angry and don't exactly feel great to swallow.,description,QuirkDefs\QuirkPool_DietaryPreference.xml,def,<ALIMT >(PH_1)</ALIMT> dislikes having mechanoids as prey. They're cold and angry and don't exactly feel great to swallow.,[PAWN_label]厌恶机械体作为猎物。他们又冷又生气，咽下去感觉不太好。
DietaryPreference_Predator_Mechanoids_Refuses.label,Mechanophagical revulsion,label,QuirkDefs\QuirkPool_DietaryPreference.xml,def,Mechanophagical revulsion,机械吞噬厌恶
DietaryPreference_Predator_Mechanoids_Refuses.description,"[PAWN_label] hates having mechanoids as prey and will never willingly consume them. [PAWN_pronoun] absolutely does not want to put hundreds of angry pounds' worth of sharp edges, moving parts, and cold steel directly into [PAWN_possessive] body.",description,QuirkDefs\QuirkPool_DietaryPreference.xml,def,"<ALIMT >(PH_3)</ALIMT> hates having mechanoids as prey and will never willingly consume them. <ALIMT >(PH_2)</ALIMT> absolutely does not want to put hundreds of angry pounds' worth of sharp edges, moving parts, and cold steel directly into <ALIMT >(PH_1)</ALIMT> body.",[PAWN_label]憎恨机械体作为猎物，并且永远不会心甘情愿地吃掉它们。[PAWN_pronoun]绝对不想把数百磅重的怒火、锋利的边缘、能活动的部件和冰冷的钢材直接塞进[PAWN_possessive]身体。
DietaryPreference_Prey_Animals.label,Foddering preference (animals),label,QuirkDefs\QuirkPool_DietaryPreference.xml,def,Foddering preference (animals),喂养偏好 (动物)
DietaryPreference_Prey_Animals.description,"These quirks determine how much a pawn likes having animals as predators. At the extremes, a pawn will either reject all autonomous proposals to be fed to an animal, or seek out animal predators to the exclusion of other kinds of predator. While insectoids normally count as animals, these quirks are written to exclude insectoids from the type preferences.",description,QuirkDefs\QuirkPool_DietaryPreference.xml,def,"These quirks determine how much a <ALIMT >(PH_2)</ALIMT> likes having animals as predators. At the extremes, a <ALIMT >(PH_1)</ALIMT> will either reject all autonomous proposals to be fed to an animal, or seek out animal predators to the exclusion of other kinds of predator. While insectoids normally count as animals, these quirks are written to exclude insectoids from the type preferences.",这些怪癖决定了多少钱一个pawn喜欢将动物作为肉食动物。在极端情况下，一个pawn将拒绝所有自律喂养动物的提议，或者寻找除其他类型的捕食者之外的动物捕食者。虽然虫族通常被算作动物，但写这些怪癖是为了将虫族排除在类型偏好之外。
DietaryPreference_Prey_Animals_Obsessed.label,Zoogastric obsession,label,QuirkDefs\QuirkPool_DietaryPreference.xml,def,Zoogastric obsession,动物胃迷恋
DietaryPreference_Prey_Animals_Obsessed.description,"[PAWN_label] adores being prey for animals. If [PAWN_pronoun] ever goes missing, make sure to check the bellies of all your livestock, pets, and the wildlife.",description,QuirkDefs\QuirkPool_DietaryPreference.xml,def,"<ALIMT >(PH_2)</ALIMT> adores being prey for animals. If <ALIMT >(PH_1)</ALIMT> ever goes missing, make sure to check the bellies of all your livestock, pets, and the wildlife.",[PAWN_label]崇拜动物的猎物。如果[PAWN_pronoun]如果你失踪了，一定要检查你所有的牲畜、宠物和野生动物的肚子。
DietaryPreference_Prey_Animals_Likes.label,Zoogastric interest,label,QuirkDefs\QuirkPool_DietaryPreference.xml,def,Zoogastric interest,动物胃爱好
DietaryPreference_Prey_Animals_Likes.description,"[PAWN_label] likes being prey for animals. It's thrilling to be subject to the inscrutable whims of a beast, not knowing if it might change its mind about [PAWN_possessive] safety, or when it'll decide to release [PAWN_objective].",description,QuirkDefs\QuirkPool_DietaryPreference.xml,def,"<ALIMT >(PH_3)</ALIMT> likes being prey for animals. It's thrilling to be subject to the inscrutable whims of a beast, not knowing if it might change its mind about <ALIMT >(PH_2)</ALIMT> safety, or when it'll decide to release <ALIMT >(PH_1)</ALIMT>.",[PAWN_label]喜欢成为动物的猎物。承受着野兽那不可思议的奇想，不知道它是否会改变主意，这真让人毛骨悚然。[PAWN_possessive]注意安全，或者什么时候决定释放[PAWN_objective]
DietaryPreference_Prey_Animals_Neutral.label,Zoogastric ambivalence,label,QuirkDefs\QuirkPool_DietaryPreference.xml,def,Zoogastric ambivalence,动物胃间矛盾
DietaryPreference_Prey_Animals_Neutral.description,"[PAWN_label] doesn't mind being prey for animals, but doesn't prefer it either.",description,QuirkDefs\QuirkPool_DietaryPreference.xml,def,"<ALIMT >(PH_1)</ALIMT> doesn't mind being prey for animals, but doesn't prefer it either.",[PAWN_label]虽然不介意被动物捕食，但也不喜欢。
DietaryPreference_Prey_Animals_Dislikes.label,Zoogastric disinterest,label,QuirkDefs\QuirkPool_DietaryPreference.xml,def,Zoogastric disinterest,动物胃漠视
DietaryPreference_Prey_Animals_Dislikes.description,[PAWN_label] dislikes being prey for animals. How certain can [PAWN_pronoun] be that the beast will listen to demands to be let out?,description,QuirkDefs\QuirkPool_DietaryPreference.xml,def,<ALIMT >(PH_2)</ALIMT> dislikes being prey for animals. How certain can <ALIMT >(PH_1)</ALIMT> be that the beast will listen to demands to be let out?,[PAWN_label]厌恶动物捕食。多确定[PAWN_pronoun]野兽会听要求被放生吗？
DietaryPreference_Prey_Animals_Refuses.label,Zoogastric revulsion,label,QuirkDefs\QuirkPool_DietaryPreference.xml,def,Zoogastric revulsion,动物胃厌恶
DietaryPreference_Prey_Animals_Refuses.description,[PAWN_label] hates being prey for animals and will never willingly be consumed by them. It's as disgusting as it is degrading.,description,QuirkDefs\QuirkPool_DietaryPreference.xml,def,<ALIMT >(PH_1)</ALIMT> hates being prey for animals and will never willingly be consumed by them. It's as disgusting as it is degrading.,[PAWN_label]厌恶被动物捕食，绝不会心甘情愿地被它们吞食。就像它在退化一样恶心。
DietaryPreference_Prey_Humanoids.label,Foddering preference (humanoids),label,QuirkDefs\QuirkPool_DietaryPreference.xml,def,Foddering preference (humanoids),喂养偏好 (人形)
DietaryPreference_Prey_Humanoids.description,"These quirks determine how much a pawn likes having humanoids as predators. At the extremes, a pawn will either reject all autonomous proposals to be a humanoid's prey, or seek out humanoid predators to the exclusion of other kinds of predator. Because vanilla Rimworld does not indicate anything about how pawns feel about being cannibalized, these quirks are simpler than their predatory counterparts.",description,QuirkDefs\QuirkPool_DietaryPreference.xml,def,"These quirks determine how much a <ALIMT >(PH_2)</ALIMT> likes having humanoids as predators. At the extremes, a <ALIMT >(PH_1)</ALIMT> will either reject all autonomous proposals to be a humanoid's prey, or seek out humanoid predators to the exclusion of other kinds of predator. Because vanilla Rimworld does not indicate anything about how pawns feel about being cannibalized, these quirks are simpler than their predatory counterparts.",这些怪癖决定了多少钱一个pawn喜欢将人形作为肉食动物。在极端情况下，一个pawn将拒绝所有自主提出的成为人形捕食者的提议，或者寻找除其他类型的捕食者之外的人形捕食者。因为香草边缘世界并没有表明任何关于 pawns 被食人的感受，所以这些怪癖比它们的掠夺性对手要简单。
DietaryPreference_Prey_Humanoids_Obsessed.label,Anthropogastric obsession,label,QuirkDefs\QuirkPool_DietaryPreference.xml,def,Anthropogastric obsession,人类胃迷恋
DietaryPreference_Prey_Humanoids_Obsessed.description,"[PAWN_label] adores being prey for [PAWN_possessive] fellow sapient beings. [PAWN_pronoun] is a prey of the people--any person, really.",description,QuirkDefs\QuirkPool_DietaryPreference.xml,def,"<ALIMT >(PH_3)</ALIMT> adores being prey for <ALIMT >(PH_2)</ALIMT> fellow sapient beings. <ALIMT >(PH_1)</ALIMT> is a prey of the people--any person, really.",[PAWN_label]崇拜被捕食的动物[PAWN_possessive]智人同伴。[PAWN_pronoun]实际上是人的猎物 -- 任何人。
DietaryPreference_Prey_Humanoids_Likes.label,Anthropogastric interest,label,QuirkDefs\QuirkPool_DietaryPreference.xml,def,Anthropogastric interest,人类胃爱好
DietaryPreference_Prey_Humanoids_Likes.description,[PAWN_label] likes being prey for [PAWN_possessive] fellow sapient beings. It's nice to be able to socialize with [PAWN_possessive] predator.,description,QuirkDefs\QuirkPool_DietaryPreference.xml,def,<ALIMT >(PH_3)</ALIMT> likes being prey for <ALIMT >(PH_2)</ALIMT> fellow sapient beings. It's nice to be able to socialize with <ALIMT >(PH_1)</ALIMT> predator.,[PAWN_label]喜欢成为猎物[PAWN_possessive]智人同伴。能与人社交真好[PAWN_possessive]捕食者。
DietaryPreference_Prey_Humanoids_Neutral.label,Anthropogastric ambivalence,label,QuirkDefs\QuirkPool_DietaryPreference.xml,def,Anthropogastric ambivalence,人胃矛盾
DietaryPreference_Prey_Humanoids_Neutral.description,"[PAWN_label] doesn't mind being prey for [PAWN_possessive] fellow sapient beings, but doesn't prefer it either.",description,QuirkDefs\QuirkPool_DietaryPreference.xml,def,"<ALIMT >(PH_2)</ALIMT> doesn't mind being prey for <ALIMT >(PH_1)</ALIMT> fellow sapient beings, but doesn't prefer it either.",[PAWN_label]不介意被捕食[PAWN_possessive]智人同伴，但也不喜欢。
DietaryPreference_Prey_Humanoids_Dislikes.label,Anthropogastric disinterest,label,QuirkDefs\QuirkPool_DietaryPreference.xml,def,Anthropogastric disinterest,人类胃不感兴趣
DietaryPreference_Prey_Humanoids_Dislikes.description,[PAWN_label] dislikes being prey for [PAWN_possessive] fellow sapient beings. [PAWN_pronoun] can't escape the stresses of society by entering the body of a member of society.,description,QuirkDefs\QuirkPool_DietaryPreference.xml,def,<ALIMT >(PH_3)</ALIMT> dislikes being prey for <ALIMT >(PH_2)</ALIMT> fellow sapient beings. <ALIMT >(PH_1)</ALIMT> can't escape the stresses of society by entering the body of a member of society.,[PAWN_label]厌恶被捕食[PAWN_possessive]智人同伴。[PAWN_pronoun]无法通过进入社会成员的身体来逃避社会的压力。
DietaryPreference_Prey_Humanoids_Refuses.label,Anthropogastric revulsion,label,QuirkDefs\QuirkPool_DietaryPreference.xml,def,Anthropogastric revulsion,人类胃厌恶
DietaryPreference_Prey_Humanoids_Refuses.description,[PAWN_label] hates being prey for [PAWN_possessive] fellow sapient beings and will never willingly be consumed by them. That's at least three kinds of unnatural.,description,QuirkDefs\QuirkPool_DietaryPreference.xml,def,<ALIMT >(PH_2)</ALIMT> hates being prey for <ALIMT >(PH_1)</ALIMT> fellow sapient beings and will never willingly be consumed by them. That's at least three kinds of unnatural.,[PAWN_label]厌恶作为猎物[PAWN_possessive]与智人同行的人永远不会心甘情愿地被他们吞食。这至少是三种异常文化。
DietaryPreference_Prey_Insectoids.label,Foddering preference (insectoids),label,QuirkDefs\QuirkPool_DietaryPreference.xml,def,Foddering preference (insectoids),喂养偏好 (虫族)
DietaryPreference_Prey_Insectoids.description,"These quirks determine how much a pawn likes having insectoids as predators. At the extremes, a pawn will either reject all autonomous proposals to be fed to an insectoid, or seek out insectoid predators to the exclusion of other kinds of predator.",description,QuirkDefs\QuirkPool_DietaryPreference.xml,def,"These quirks determine how much a <ALIMT >(PH_2)</ALIMT> likes having insectoids as predators. At the extremes, a <ALIMT >(PH_1)</ALIMT> will either reject all autonomous proposals to be fed to an insectoid, or seek out insectoid predators to the exclusion of other kinds of predator.",这些怪癖决定了多少钱一个pawn喜欢将虫族当作捕食者。在极端情况下，一个pawn将会拒绝所有自律的方案来喂养一个虫族，或者寻找一个虫族或者放弃其他类型的捕食者。
DietaryPreference_Prey_Insectoids_Obsessed.label,Entomogastric obsession,label,QuirkDefs\QuirkPool_DietaryPreference.xml,def,Entomogastric obsession,虫胃迷恋
DietaryPreference_Prey_Insectoids_Obsessed.description,[PAWN_label] adores being prey for insectoids. There aren't many other ways for a humanoid to become one with the hive.,description,QuirkDefs\QuirkPool_DietaryPreference.xml,def,<ALIMT >(PH_1)</ALIMT> adores being prey for insectoids. There aren't many other ways for a humanoid to become one with the hive.,[PAWN_label]推崇成为虫族的猎物。人形物体与蜂巢融为一体没有很多其他方式。
DietaryPreference_Prey_Insectoids_Likes.label,Entomogastric interest,label,QuirkDefs\QuirkPool_DietaryPreference.xml,def,Entomogastric interest,虫灾胃爱好
DietaryPreference_Prey_Insectoids_Likes.description,[PAWN_label] likes being prey for insectoids. Such an alien physiology is quite fascinating to tour from the inside.,description,QuirkDefs\QuirkPool_DietaryPreference.xml,def,<ALIMT >(PH_1)</ALIMT> likes being prey for insectoids. Such an alien physiology is quite fascinating to tour from the inside.,[PAWN_label]喜欢成为虫族的猎物。从内部游览真是让人着迷的异域生理形态。
DietaryPreference_Prey_Insectoids_Neutral.label,Entomogastric ambivalence,label,QuirkDefs\QuirkPool_DietaryPreference.xml,def,Entomogastric ambivalence,虫胃矛盾心理
DietaryPreference_Prey_Insectoids_Neutral.description,"[PAWN_label] doesn't mind being prey for insectoids, but doesn't prefer it either.",description,QuirkDefs\QuirkPool_DietaryPreference.xml,def,"<ALIMT >(PH_1)</ALIMT> doesn't mind being prey for insectoids, but doesn't prefer it either.",[PAWN_label]虽然不介意成为虫族的猎物，但也不喜欢。
DietaryPreference_Prey_Insectoids_Dislikes.label,Entomogastric disinterest,label,QuirkDefs\QuirkPool_DietaryPreference.xml,def,Entomogastric disinterest,虫胃不感兴趣
DietaryPreference_Prey_Insectoids_Dislikes.description,"[PAWN_label] dislikes being prey for insectoids. Bugs aren't known for eating their prey in one whole bite. Not swarms of them, at least...",description,QuirkDefs\QuirkPool_DietaryPreference.xml,def,"<ALIMT >(PH_1)</ALIMT> dislikes being prey for insectoids. Bugs aren't known for eating their prey in one whole bite. Not swarms of them, at least...",[PAWN_label]厌恶被虫族捕食。虫族并不以一口就吃掉它们的猎物而闻名。至少不是大群人...
DietaryPreference_Prey_Insectoids_Refuses.label,Entomogastric revulsion,label,QuirkDefs\QuirkPool_DietaryPreference.xml,def,Entomogastric revulsion,厌恶虫胃
DietaryPreference_Prey_Insectoids_Refuses.description,[PAWN_label] hates being prey for insectoids and will not willingly be consumed by them. No amount of showers would ever let [PAWN_objective] feel clean again.,description,QuirkDefs\QuirkPool_DietaryPreference.xml,def,<ALIMT >(PH_2)</ALIMT> hates being prey for insectoids and will not willingly be consumed by them. No amount of showers would ever let <ALIMT >(PH_1)</ALIMT> feel clean again.,[PAWN_label]厌恶成为虫族的猎物，不愿被虫族吞食。淋浴次数有限[PAWN_objective]感觉干净了。
DietaryPreference_Prey_Mechanoids.label,Foddering preference (mechanoids),label,QuirkDefs\QuirkPool_DietaryPreference.xml,def,Foddering preference (mechanoids),喂养偏好 (机械体)
DietaryPreference_Prey_Mechanoids.description,"These quirks determine how much a pawn likes having mechanoids as predators. At the extremes, a pawn will either reject all autonomous proposals to be fed to a mechanoid, or seek out mechanoid predators to the exclusion of other kinds of predator.",description,QuirkDefs\QuirkPool_DietaryPreference.xml,def,"These quirks determine how much a <ALIMT >(PH_2)</ALIMT> likes having mechanoids as predators. At the extremes, a <ALIMT >(PH_1)</ALIMT> will either reject all autonomous proposals to be fed to a mechanoid, or seek out mechanoid predators to the exclusion of other kinds of predator.",这些怪癖决定了多少钱一个pawn喜欢将机械体作为捕食者。在极端情况下，一个pawn将会拒绝所有用于喂养机械体的自治提议，或者寻找除其他类型的捕食者之外的机械体捕食者。
DietaryPreference_Prey_Mechanoids_Obsessed.label,Mechanogastric obsession,label,QuirkDefs\QuirkPool_DietaryPreference.xml,def,Mechanogastric obsession,机械胃迷恋
DietaryPreference_Prey_Mechanoids_Obsessed.description,[PAWN_label] adores being prey for mechanoids. [PAWN_pronoun] is more at home among flexing hydraulics and humming circuits than the beat of most hearts.,description,QuirkDefs\QuirkPool_DietaryPreference.xml,def,<ALIMT >(PH_2)</ALIMT> adores being prey for mechanoids. <ALIMT >(PH_1)</ALIMT> is more at home among flexing hydraulics and humming circuits than the beat of most hearts.,[PAWN_label]崇拜机械体的猎物。[PAWN_pronoun]在弯曲的液压系统和 hum鸣的回路中，比大多数人的心跳更像在家一样。
DietaryPreference_Prey_Mechanoids_Likes.label,Mechanogastric interest,label,QuirkDefs\QuirkPool_DietaryPreference.xml,def,Mechanogastric interest,机械胃息
DietaryPreference_Prey_Mechanoids_Likes.description,"[PAWN_label] likes being prey for mechanoids. Cold, unyielding plasteel makes for a unique and exhillarating experience.",description,QuirkDefs\QuirkPool_DietaryPreference.xml,def,"<ALIMT >(PH_1)</ALIMT> likes being prey for mechanoids. Cold, unyielding plasteel makes for a unique and exhillarating experience.",[PAWN_label]喜欢被机械体捕食。不屈服于寒冷的玻璃钢带来了独特而又迷人的体验。
DietaryPreference_Prey_Mechanoids_Neutral.label,Mechanogastric ambivalence,label,QuirkDefs\QuirkPool_DietaryPreference.xml,def,Mechanogastric ambivalence,机械胃矛盾心理
DietaryPreference_Prey_Mechanoids_Neutral.description,"[PAWN_label] doesn't mind being prey for mechanoids, but doesn't prefer it either.",description,QuirkDefs\QuirkPool_DietaryPreference.xml,def,"<ALIMT >(PH_1)</ALIMT> doesn't mind being prey for mechanoids, but doesn't prefer it either.",[PAWN_label]虽然不介意被机械体捕食，但也不喜欢。
DietaryPreference_Prey_Mechanoids_Dislikes.label,Mechanogastric disinterest,label,QuirkDefs\QuirkPool_DietaryPreference.xml,def,Mechanogastric disinterest,机械胃不感兴趣
DietaryPreference_Prey_Mechanoids_Dislikes.description,[PAWN_label] dislikes being prey for mechanoids. Think of all the grinding gears! All the constant clicking and ticking!,description,QuirkDefs\QuirkPool_DietaryPreference.xml,def,<ALIMT >(PH_1)</ALIMT> dislikes being prey for mechanoids. Think of all the <ALIMT >grinding</ALIMT> gears! All the constant clicking and ticking!,[PAWN_label]厌恶被机械体捕食。想想所有的性器摩擦齿轮!所有的不断点击和滴答!
DietaryPreference_Prey_Mechanoids_Refuses.label,Mechanogastric revulsion,label,QuirkDefs\QuirkPool_DietaryPreference.xml,def,Mechanogastric revulsion,机械胃厌恶
DietaryPreference_Prey_Mechanoids_Refuses.description,"[PAWN_label] hates being prey for mechanoids and will not willingly be consumed by them. Even if [PAWN_pronoun] was suicidal, that sure as hell ain't the way [PAWN_pronoun] wants to go out.",description,QuirkDefs\QuirkPool_DietaryPreference.xml,def,"<ALIMT >(PH_3)</ALIMT> hates being prey for mechanoids and will not willingly be consumed by them. Even if <ALIMT >(PH_2)</ALIMT> was suicidal, that sure as <ALIMT >hell</ALIMT> ain't the way <ALIMT >(PH_1)</ALIMT> wants to go out.",[PAWN_label]厌恶被机械体捕食，不愿被其吞食。即使[PAWN_pronoun]有自杀倾向，那肯定是地狱不是路[PAWN_pronoun]想要出去。
DigestionResistance.label,Digestion resistance,label,QuirkDefs\QuirkPool_DigestionResistance.xml,def,Digestion resistance,消化抗性
DigestionResistance.description,"These quirks determine how resistant pawns are to all forms of chemical digestion: nourishing digestion, conversion into another material, assimilation, and any others.",description,QuirkDefs\QuirkPool_DigestionResistance.xml,def,"These quirks determine how resistant pawns are to all forms of chemical digestion: nourishing digestion, conversion into another material, assimilation, and any others.",这些怪癖决定了 pawns 对所有形式的化学消化的抗性: 营养消化，转化为另一种材料，同化，和任何其他。
DigestionResistance_VeryGood.label,Acid-proof,label,QuirkDefs\QuirkPool_DigestionResistance.xml,def,Acid-proof,耐酸的
DigestionResistance_VeryGood.description,"[PAWN_label] is very difficult to digest. Not impossible, but it’ll take a while; about four times as long as most prey.",description,QuirkDefs\QuirkPool_DigestionResistance.xml,def,"<ALIMT >(PH_1)</ALIMT> is very difficult to digest. Not impossible, but it’ll take a while; about four times as long as most prey.",[PAWN_label]很难消化。并非不可能，但这需要一段时间; 大约是大多数猎物的四倍。
DigestionResistance_Good.label,Acid-resistant,label,QuirkDefs\QuirkPool_DigestionResistance.xml,def,Acid-resistant,耐酸的
DigestionResistance_Good.description,"[PAWN_label] resists digestion well, and will last about twice as long as most prey in a hostile belly.",description,QuirkDefs\QuirkPool_DigestionResistance.xml,def,"<ALIMT >(PH_1)</ALIMT> resists digestion well, and will last about twice as long as most prey in a hostile belly.",[PAWN_label]能很好地抵抗消化，并且能在敌对的肚子里保持大约两倍的时间。
DigestionResistance_Normal.label,Normal acid resistance,label,QuirkDefs\QuirkPool_DigestionResistance.xml,def,Normal acid resistance,耐酸性 (正常)
DigestionResistance_Normal.description,[PAWN_label] is digested as easily as anyone else.,description,QuirkDefs\QuirkPool_DigestionResistance.xml,def,<ALIMT >(PH_1)</ALIMT> is digested as easily as anyone else.,[PAWN_label]和其他人一样容易被消化。
DigestionResistance_Bad.label,Melty,label,QuirkDefs\QuirkPool_DigestionResistance.xml,def,Melty,融化
DigestionResistance_Bad.description,[PAWN_label] melts under acid easily and won’t last more than half as long in a hostile belly as most prey.,description,QuirkDefs\QuirkPool_DigestionResistance.xml,def,<ALIMT >(PH_1)</ALIMT> melts under acid easily and won’t last more than half as long in a hostile belly as most prey.,[PAWN_label]在酸液中容易融化，并且作为猎物在敌对的肚子里持续的时间不会超过一半。
DigestionResistance_VeryBad.label,Cotton candy,label,QuirkDefs\QuirkPool_DigestionResistance.xml,def,Cotton candy,棉花糖
DigestionResistance_VeryBad.description,"[PAWN_label] falls apart in stomach acid like cotton candy, and doesn’t fare any better in other organs. They have maybe a quarter of the time to escape as normal prey.",description,QuirkDefs\QuirkPool_DigestionResistance.xml,def,"<ALIMT >(PH_1)</ALIMT> falls apart in stomach acid like cotton candy, and doesn’t fare any better in other organs. They have maybe a quarter of the time to escape as normal prey.",[PAWN_label]像棉花糖一样在胃酸中破裂，其他器官的情况也不好。它们作为猎物大概有四分之一的时间逃跑。
DigestionStrength.label,Digestion strength,label,QuirkDefs\QuirkPool_DigestionStrength.xml,def,Digestion strength,消化能力
DigestionStrength.description,"These quirks determine how powerful a pawn's various organs are for all forms of chemical digestion: true nourishing digestion, conversion into another material, assimilation, and any others.",description,QuirkDefs\QuirkPool_DigestionStrength.xml,def,"These quirks determine how powerful a <ALIMT >(PH_1)</ALIMT>'s various organs are for all forms of chemical digestion: true nourishing digestion, conversion into another material, assimilation, and any others.",这些怪癖决定了pawn的各个器官都有各种形式的化学消化: 真正的营养消化，转化为另一种材料，同化，和任何其他。
DigestionStrength_Godlike.label,Godlike Digestion,label,QuirkDefs\QuirkPool_DigestionStrength.xml,def,Godlike Digestion,类神消化
DigestionStrength_Godlike.description,"Whether due to magic or a technology that's not yet understood, [PAWN_label]'s digestive abilities are in a class of their own, capable of liquifying an entire Thrumbo in minutes.",description,QuirkDefs\QuirkPool_DigestionStrength.xml,def,"Whether due to magic or a technology that's not yet understood, <ALIMT >(PH_1)</ALIMT>'s digestive abilities are in a <ALIMT >class</ALIMT> of their own, capable of liquifying an entire Thrumbo in minutes.","不管是因为魔法还是一项尚未被理解的技术,[PAWN_label]的消化能力处于班级他们能在几分钟内清理完整个敲击兽。"
DigestionStrength_VeryGood.label,Scouring acid,label,QuirkDefs\QuirkPool_DigestionStrength.xml,def,Scouring acid,洗蚀酸
DigestionStrength_VeryGood.description,"[PAWN_label] can turn prey into nutrient soup in the blink of an eye--or, at least, four times as fast as most predators.",description,QuirkDefs\QuirkPool_DigestionStrength.xml,def,"<ALIMT >(PH_1)</ALIMT> can turn prey into nutrient soup in the blink of an eye--or, at least, four times as fast as most predators.",[PAWN_label]能在一眨眼的功夫将猎物变成营养汤 -- 或者至少是大多数捕食者的四倍。
DigestionStrength_Good.label,Potent acid,label,QuirkDefs\QuirkPool_DigestionStrength.xml,def,Potent acid,强酸
DigestionStrength_Good.description,[PAWN_label] can digest prey about twice as fast as most predators.,description,QuirkDefs\QuirkPool_DigestionStrength.xml,def,<ALIMT >(PH_1)</ALIMT> can digest prey about twice as fast as most predators.,[PAWN_label]能以两倍的速度消化猎物。
DigestionStrength_Normal.label,Normal acid strength,label,QuirkDefs\QuirkPool_DigestionStrength.xml,def,Normal acid strength,普通酸液强度
DigestionStrength_Normal.description,[PAWN_label] digests prey at a normal speed.,description,QuirkDefs\QuirkPool_DigestionStrength.xml,def,<ALIMT >(PH_1)</ALIMT> digests prey at a normal speed.,[PAWN_label]以正常速度消化猎物。
DigestionStrength_Bad.label,Weak acid,label,QuirkDefs\QuirkPool_DigestionStrength.xml,def,Weak acid,弱酸
DigestionStrength_Bad.description,[PAWN_label] takes about twice as long to digest live meals as most predators.,description,QuirkDefs\QuirkPool_DigestionStrength.xml,def,<ALIMT >(PH_1)</ALIMT> takes about twice as long to digest live meals as most predators.,[PAWN_label]消化活食的时间是大多数捕食者的两倍。
DigestionStrength_VeryBad.label,Watery acid,label,QuirkDefs\QuirkPool_DigestionStrength.xml,def,Watery acid,水酸液
DigestionStrength_VeryBad.description,[PAWN_label] takes about four times as long to digest prey as most predators. [PAWN_possessive] food is liable to die of boredom before dying of melting.,description,QuirkDefs\QuirkPool_DigestionStrength.xml,def,<ALIMT >(PH_2)</ALIMT> takes about four times as long to digest prey as most predators. <ALIMT >(PH_1)</ALIMT> food is liable to die of boredom before dying of melting.,[PAWN_label]消化猎物的时间是大部分捕食者的四倍。[PAWN_possessive]食物在熔化之前容易无聊地死亡。
Enablers_Goals_Core.label,Goal enablers,label,QuirkDefs\QuirkPool_Enablers.xml,def,Goal enablers,赋能者
Enablers_Goals_Core.description,"These quirks are required for a pawn to be able to use vore, each representing one goal. Modifying their commonality sets the global chances that any pawn will be capable of using any given vore path. Vore enablers can be aquired to add the quirk to an existing pawn, even if the quirk itself is set to ForcedOnly; do this if you want vore to be a power unlocked solely through acquisition of the required enabler surgeries.",description,QuirkDefs\QuirkPool_Enablers.xml,def,"These quirks are required for a <ALIMT >(PH_3)</ALIMT> to be able to use <ALIMT >vore</ALIMT>, each representing one goal. Modifying their commonality sets the global chances that any <ALIMT >(PH_2)</ALIMT> will be capable of using any given <ALIMT >vore</ALIMT> path. <ALIMT >vore</ALIMT> enablers can be aquired to add the quirk to an existing <ALIMT >(PH_1)</ALIMT>, even if the quirk itself is set to ForcedOnly; do this if you want <ALIMT >vore</ALIMT> to be a power unlocked solely through acquisition of the required enabler surgeries.","这些怪癖是必须的pawn能够使用吃人,每个代表一个目标。修改它们的共性可以设置任何pawn将能够使用任何给定吃人路径。吃人支持者可以被获得，以增加一个现有的怪癖pawn,即使 quirk 本身已设置为 ForcedOnly; 如果你想这样做吃人仅通过获取所需的赋能手术即可解锁。"
Enablers_Types_Core.label,Type enablers,label,QuirkDefs\QuirkPool_Enablers.xml,def,Type enablers,打字能力
Enablers_Types_Core.description,"These quirks are required for a pawn to be able to use vore, each representing one type. Modifying their commonality sets the global chances that any pawn will be capable of using any given vore path. Vore enablers can be aquired to add the quirk to an existing pawn, even if the quirk itself is set to Invalid; do this if you want vore to be a power unlocked solely through acquisition of the required enabler surgeries.",description,QuirkDefs\QuirkPool_Enablers.xml,def,"These quirks are required for a <ALIMT >(PH_3)</ALIMT> to be able to use <ALIMT >vore</ALIMT>, each representing one type. Modifying their commonality sets the global chances that any <ALIMT >(PH_2)</ALIMT> will be capable of using any given <ALIMT >vore</ALIMT> path. <ALIMT >vore</ALIMT> enablers can be aquired to add the quirk to an existing <ALIMT >(PH_1)</ALIMT>, even if the quirk itself is set to Invalid; do this if you want <ALIMT >vore</ALIMT> to be a power unlocked solely through acquisition of the required enabler surgeries.","这些怪癖是必须的pawn能够使用吃人,每种类型代表一种类型。修改它们的共性可以设置任何pawn将能够使用任何给定吃人路径。吃人支持者可以被获得，以增加一个现有的怪癖pawn,即使怪癖本身设置为无效; 如果你想这样做吃人仅通过获取所需的赋能手术即可解锁。"
Enablers_Core_Goal_ConvertLube.label,Lubrifactive enzymes,label,QuirkDefs\QuirkPool_Enablers.xml,def,Lubrifactive enzymes,萤光酶
Enablers_Core_Goal_ConvertLube.description,[PAWN_label] can melt live prey down to a great big puddle of vaginal lubricant in [PAWN_possessive] womb.,description,QuirkDefs\QuirkPool_Enablers.xml,def,<ALIMT >(PH_2)</ALIMT> can melt live prey down to a great big puddle of <ALIMT >vaginal</ALIMT> <ALIMT >lubricant</ALIMT> in <ALIMT >(PH_1)</ALIMT> womb.,[PAWN_label]可以将活着的猎物融化成一大滩vaginallubricant于[PAWN_possessive]子宫内。
Enablers_Core_Goal_ConvertMilk.label,Lactifactive enzymes,label,QuirkDefs\QuirkPool_Enablers.xml,def,Lactifactive enzymes,液化酶
Enablers_Core_Goal_ConvertMilk.description,[PAWN_label] can melt live prey down to milk in [PAWN_possessive] breasts.,description,QuirkDefs\QuirkPool_Enablers.xml,def,<ALIMT >(PH_2)</ALIMT> can melt live prey down to milk in <ALIMT >(PH_1)</ALIMT> <ALIMT >breasts</ALIMT>.,[PAWN_label]可以将活着的猎物融化至[PAWN_possessive]乳房
Enablers_Core_Goal_ConvertSperm.label,Spermifactive enzymes,label,QuirkDefs\QuirkPool_Enablers.xml,def,Spermifactive enzymes,Spermifactive enzymes
Enablers_Core_Goal_ConvertSperm.description,[PAWN_label] can melt live prey down to sperm in [PAWN_possessive] balls.,description,QuirkDefs\QuirkPool_Enablers.xml,def,<ALIMT >(PH_2)</ALIMT> can melt live prey down to <ALIMT >sperm</ALIMT> in <ALIMT >(PH_1)</ALIMT> balls.,[PAWN_label] can melt live prey down to <ALIMT >精子</ALIMT> in [PAWN_possessive] balls.
Enablers_Core_Goal_Digest.label,Digestive enzymes,label,QuirkDefs\QuirkPool_Enablers.xml,def,Digestive enzymes,Digestive enzymes
Enablers_Core_Goal_Digest.description,[PAWN_label] has potent enough digestive enzymes to reasonably digest live prey.,description,QuirkDefs\QuirkPool_Enablers.xml,def,<ALIMT >(PH_1)</ALIMT> has potent enough digestive enzymes to reasonably digest live prey.,[PAWN_label] has potent enough digestive enzymes to reasonably digest live prey.
Enablers_Core_Goal_Heal.label,Analeptic enzymes,label,QuirkDefs\QuirkPool_Enablers.xml,def,Analeptic enzymes,Analeptic enzymes
Enablers_Core_Goal_Heal.description,"[PAWN_label]'s internal organs can function as a sanitary, comfortable, and even medicinal substitute for conventional bedrest.",description,QuirkDefs\QuirkPool_Enablers.xml,def,"<ALIMT >(PH_1)</ALIMT>'s internal organs can function as a sanitary, comfortable, and even medicinal substitute for conventional bedrest.","[PAWN_label]'s internal organs can function as a sanitary, comfortable, and even medicinal substitute for conventional bedrest."
Enablers_Core_Goal_Reform.label,Reforming enzymes,label,QuirkDefs\QuirkPool_Enablers.xml,def,Reforming enzymes,Reforming enzymes
Enablers_Core_Goal_Reform.description,[PAWN_label] is able to remake a pawn in their own image.,description,QuirkDefs\QuirkPool_Enablers.xml,def,<ALIMT >(PH_2)</ALIMT> is able to remake a <ALIMT >(PH_1)</ALIMT> in their own image.,[PAWN_label] is able to remake a pawn in their own image.
Enablers_Core_Goal_TempEndo.label,Short-term endo,label,QuirkDefs\QuirkPool_Enablers.xml,def,Short-term endo,Short-term endo
Enablers_Core_Goal_TempEndo.description,"[PAWN_label] is nice and hospitable enough inside that [PAWN_possessive] innards can be used for comfort, leisure, and sexual pleasure, thanks to numerous quality of life improvements such as sanitization and passive airflow induction.",description,QuirkDefs\QuirkPool_Enablers.xml,def,"<ALIMT >(PH_2)</ALIMT> is nice and hospitable enough inside that <ALIMT >(PH_1)</ALIMT> innards can be used for comfort, leisure, and <ALIMT >sexual</ALIMT> pleasure, thanks to numerous quality of life improvements such as sanitization and passive airflow induction.","[PAWN_label] is nice and hospitable enough inside that [PAWN_possessive] innards can be used for comfort, leisure, and <ALIMT >性的</ALIMT> pleasure, thanks to numerous quality of life improvements such as sanitization and passive airflow induction."
Enablers_Core_Goal_Longendo.label,Long-term endo,label,QuirkDefs\QuirkPool_Enablers.xml,def,Long-term endo,长期治疗
Enablers_Core_Goal_Longendo.description,[PAWN_label] is sphinctrally strong and biochemically stable enough to hold onto prey indefinitely.,description,QuirkDefs\QuirkPool_Enablers.xml,def,<ALIMT >(PH_1)</ALIMT> is sphinctrally strong and biochemically stable enough to hold onto prey indefinitely.,[PAWN_label]足够强，足以无限期地抓住猎物。
Enablers_Core_Type_Oral.label,Oral elasticity,label,QuirkDefs\QuirkPool_Enablers.xml,def,<ALIMT >oral</ALIMT> elasticity,用嘴弹力
Enablers_Core_Type_Oral.description,[PAWN_label] has a throat with enough stretch to swallow down live prey.,description,QuirkDefs\QuirkPool_Enablers.xml,def,<ALIMT >(PH_1)</ALIMT> has a throat with enough stretch to swallow down live prey.,[PAWN_label]拥有足以吞下活物的咽喉。
Enablers_Core_Type_Anal.label,Anal elasticity,label,QuirkDefs\QuirkPool_Enablers.xml,def,<ALIMT >anal</ALIMT> elasticity,肛门弹力
Enablers_Core_Type_Anal.description,[PAWN_label] has a pucker and guts stretchy enough to posternate up live prey.,description,QuirkDefs\QuirkPool_Enablers.xml,def,<ALIMT >(PH_1)</ALIMT> has a pucker and guts stretchy enough to posternate up live prey.,[PAWN_label]拥有足够的韧性和勇气，可以将活着的猎物捕获。
Enablers_Core_Type_Vaginal.label,Vaginal elasticity,label,QuirkDefs\QuirkPool_Enablers.xml,def,<ALIMT >vaginal</ALIMT> elasticity,阴道弹力
Enablers_Core_Type_Vaginal.description,[PAWN_label] has a snatch stretchy enough to unbirth live prey.,description,QuirkDefs\QuirkPool_Enablers.xml,def,<ALIMT >(PH_1)</ALIMT> has a snatch stretchy enough to unbirth live prey.,[PAWN_label]拥有足够的抓举能力，可以解除活着的猎物。
Enablers_Core_Type_Cock.label,Penile elasticity,label,QuirkDefs\QuirkPool_Enablers.xml,def,Penile elasticity,阴茎弹力
Enablers_Core_Type_Cock.description,[PAWN_label] has a shaft stretchy enough to unsow live prey.,description,QuirkDefs\QuirkPool_Enablers.xml,def,<ALIMT >(PH_1)</ALIMT> has a shaft stretchy enough to unsow live prey.,[PAWN_label]杆杆有足够的拉伸力，可以卸载猎物。
Enablers_Core_Type_Nipple.label,Nipple elasticity,label,QuirkDefs\QuirkPool_Enablers.xml,def,<ALIMT >nipple</ALIMT> elasticity,乳头弹力
Enablers_Core_Type_Nipple.description,[PAWN_label] has tits stretchy enough to unnurse live prey.,description,QuirkDefs\QuirkPool_Enablers.xml,def,<ALIMT >(PH_1)</ALIMT> has tits stretchy enough to unnurse live prey.,[PAWN_label]拥有足以拆解猎物的乳房。
GenderPreference_Predator.label,Predator gender preference,label,QuirkDefs\QuirkPool_GenderPreference.xml,def,Predator gender preference,捕食者性别偏好
GenderPreference_Predator.description,Quirks that dictate what gender preferences a predator might have when choosing prey. Please note that these preferences are not influenced by a pawn's sexuality.,description,QuirkDefs\QuirkPool_GenderPreference.xml,def,Quirks that dictate what gender preferences a predator might have when choosing prey. Please note that these preferences are not influenced by a <ALIMT >(PH_1)</ALIMT>'s sexuality.,决定捕食者在选择猎物时可能有什么性别偏好的怪癖。请注意，这些偏好不会受到pawn其性别。
GenderPreference_Predator_FemaleOnly.label,Exclusive Gynophage,label,QuirkDefs\QuirkPool_GenderPreference.xml,def,Exclusive Gynophage,独家新闻
GenderPreference_Predator_FemaleOnly.description,"[PAWN_label] exclusively prefers female prey, and will never willingly eat a man.",description,QuirkDefs\QuirkPool_GenderPreference.xml,def,"<ALIMT >(PH_1)</ALIMT> exclusively prefers female prey, and will never willingly eat a man.",[PAWN_label]只喜欢雌性猎物，不会心甘情愿地吃了一个男人。
GenderPreference_Predator_FemalePreferred.label,Gynophagic Tendencies,label,QuirkDefs\QuirkPool_GenderPreference.xml,def,Gynophagic Tendencies,女性吞噬倾向
GenderPreference_Predator_FemalePreferred.description,"[PAWN_label] prefers female prey, but may make occasional exceptions.",description,QuirkDefs\QuirkPool_GenderPreference.xml,def,"<ALIMT >(PH_1)</ALIMT> prefers female prey, but may make occasional exceptions.",[PAWN_label]喜欢雌性猎物，但偶尔也会例外。
GenderPreference_Predator_Neutral.label,Gender Indifferent,label,QuirkDefs\QuirkPool_GenderPreference.xml,def,Gender Indifferent,性别漠视
GenderPreference_Predator_Neutral.description,The gender of their prey is not a consideration for [PAWN_label]. Prey is prey; doesn’t matter what they look like.,description,QuirkDefs\QuirkPool_GenderPreference.xml,def,The gender of their prey is not a consideration for <ALIMT >(PH_1)</ALIMT>. Prey is prey; doesn’t matter what they look like.,它们被捕食的动物的性别不能作为考虑因素。[PAWN_label]猎物就是猎物; 不管它长什么样。
GenderPreference_Predator_MalePreferred.label,Androphagic Tendencies,label,QuirkDefs\QuirkPool_GenderPreference.xml,def,Androphagic Tendencies,吞噬倾向
GenderPreference_Predator_MalePreferred.description,"[PAWN_label] prefers male prey, but may make occasional exceptions.",description,QuirkDefs\QuirkPool_GenderPreference.xml,def,"<ALIMT >(PH_1)</ALIMT> prefers male prey, but may make occasional exceptions.",[PAWN_label]偏好雄性猎物，但偶尔也会例外。
GenderPreference_Predator_MaleOnly.label,Exclusive Androphage,label,QuirkDefs\QuirkPool_GenderPreference.xml,def,Exclusive Androphage,独家吞噬
GenderPreference_Predator_MaleOnly.description,"[PAWN_label] exclusively prefers male prey, and will never willingly eat a woman.",description,QuirkDefs\QuirkPool_GenderPreference.xml,def,"<ALIMT >(PH_1)</ALIMT> exclusively prefers male prey, and will never willingly eat a woman.",[PAWN_label]只喜欢雄性猎物，永远不会心甘情愿地吃女人。
GenderPreference_Prey.label,Prey gender preference,label,QuirkDefs\QuirkPool_GenderPreference.xml,def,Prey gender preference,猎物的性别偏好
GenderPreference_Prey.description,Quirks that dictate what gender preferences a prey might have when choosing a predator. Please note that these preferences are not influenced by a pawn's sexuality.,description,QuirkDefs\QuirkPool_GenderPreference.xml,def,Quirks that dictate what gender preferences a prey might have when choosing a predator. Please note that these preferences are not influenced by a <ALIMT >(PH_1)</ALIMT>'s sexuality.,决定猎物在选择捕食者时可能有什么样的性别偏好的怪癖。请注意，这些偏好不会受到pawn其性别。
GenderPreference_Prey_FemaleOnly.label,Exclusive Gynephile,label,QuirkDefs\QuirkPool_GenderPreference.xml,def,Exclusive Gynephile,独家机械体
GenderPreference_Prey_FemaleOnly.description,"[PAWN_label] exclusively prefers female predators, and will never willingly let [PAWN_objective]self be consumed by a man.",description,QuirkDefs\QuirkPool_GenderPreference.xml,def,"<ALIMT >(PH_2)</ALIMT> exclusively prefers female predators, and will never willingly let <ALIMT >(PH_1)</ALIMT>self be consumed by a man.",[PAWN_label]只喜欢雌性捕食者，不会心甘情愿地让[PAWN_objective]自己被男人吞噬了。
GenderPreference_Prey_FemalePreferred.label,Gynephilic Tendencies,label,QuirkDefs\QuirkPool_GenderPreference.xml,def,Gynephilic Tendencies,亲体倾向
GenderPreference_Prey_FemalePreferred.description,"[PAWN_label] prefers female predators, but may make occasional exceptions.",description,QuirkDefs\QuirkPool_GenderPreference.xml,def,"<ALIMT >(PH_1)</ALIMT> prefers female predators, but may make occasional exceptions.",[PAWN_label]偏好雌性捕食者，但可能偶尔例外。
GenderPreference_Prey_Neutral.label,Gender Indifferent,label,QuirkDefs\QuirkPool_GenderPreference.xml,def,Gender Indifferent,性别漠视
GenderPreference_Prey_Neutral.description,The gender of the predator is not a consideration for [PAWN_label]. Everyone looks the same on the inside!,description,QuirkDefs\QuirkPool_GenderPreference.xml,def,The gender of the predator is not a consideration for <ALIMT >(PH_1)</ALIMT>. Everyone looks the same on the inside!,捕食者的性别不是一个考虑因素[PAWN_label]每个人的内心看起来都一样!
GenderPreference_Prey_MalePreferred.label,Androphilic Tendencies,label,QuirkDefs\QuirkPool_GenderPreference.xml,def,Androphilic Tendencies,嗜雄倾向
GenderPreference_Prey_MalePreferred.description,"[PAWN_label] prefers male predators, but may make occasional exceptions.",description,QuirkDefs\QuirkPool_GenderPreference.xml,def,"<ALIMT >(PH_1)</ALIMT> prefers male predators, but may make occasional exceptions.",[PAWN_label]喜欢雄性捕食者，但偶尔也会例外。
GenderPreference_Prey_MaleOnly.label,Exclusive Androphile,label,QuirkDefs\QuirkPool_GenderPreference.xml,def,Exclusive Androphile,独门忠贞
GenderPreference_Prey_MaleOnly.description,"[PAWN_label] exclusively prefers male predators, and will never willingly let [PAWN_objective]self be consumed by a woman.",description,QuirkDefs\QuirkPool_GenderPreference.xml,def,"<ALIMT >(PH_2)</ALIMT> exclusively prefers male predators, and will never willingly let <ALIMT >(PH_1)</ALIMT>self be consumed by a woman.",[PAWN_label]只喜欢雄性捕食者，不会心甘情愿地让[PAWN_objective]自己被女人吞噬了。
GoalPreference_Predator_Digest.label,Predatory goal preference (digestion),label,QuirkDefs\QuirkPool_GoalPreference.xml,def,Predatory goal preference (digestion),掠夺性目标偏好 (消化)
GoalPreference_Predator_Digest.description,"These quirks determine how much a pawn likes digesting prey or converting them into other materials. At the extremes, the pawn will either never or always try to digest prey.",description,QuirkDefs\QuirkPool_GoalPreference.xml,def,"These quirks determine how much a <ALIMT >(PH_2)</ALIMT> likes digesting prey or converting them into other materials. At the extremes, the <ALIMT >(PH_1)</ALIMT> will either never or always try to digest prey.","这些怪癖决定了多少钱一个pawn喜欢消化猎物或将其转化为其他材料。在极端情况下,pawn将永远不会或总是尝试消化猎物。"
GoalPreference_Predator_Digest_Obsessed.label,Obsessive fondeur,label,QuirkDefs\QuirkPool_GoalPreference.xml,def,Obsessive fondeur,迷恋型民俗
GoalPreference_Predator_Digest_Obsessed.description,"As an obsessive fondeu(r/se), [PAWN_label] loves digestion and all manner of conversion into bodily fluids, to the neglect of other goals.",description,QuirkDefs\QuirkPool_GoalPreference.xml,def,"As an obsessive <ALIMT >(PH_2)</ALIMT>, <ALIMT >(PH_1)</ALIMT> loves digestion and all manner of conversion into bodily fluids, to the neglect of other goals.","作为一个过度狂fondeu(r/se),[PAWN_label]热爱消化和各种体液转换方式，忽视其他目标。"
GoalPreference_Predator_Digest_Likes.label,Fondeur,label,QuirkDefs\QuirkPool_GoalPreference.xml,def,Fondeur,底池
GoalPreference_Predator_Digest_Likes.description,"As a fondeu(r/se), [PAWN_label] likes the feeling of prey digesting into mush, or milk, or spunk, or what-have-you: to feel the struggle cease, and the hard lumps go soft.",description,QuirkDefs\QuirkPool_GoalPreference.xml,def,"As a <ALIMT >(PH_2)</ALIMT>, <ALIMT >(PH_1)</ALIMT> likes the feeling of prey digesting into mush, or milk, or spunk, or what-have-you: to feel the struggle cease, and the hard lumps go soft.","作为一个fondeu(r/se),[PAWN_label]喜欢猎物被消化成糊状物、乳汁、尖刺或什么东西的感觉: 感觉斗争停止，硬块变软了。"
GoalPreference_Predator_Digest_Neutral.label,Digestion ambivalence,label,QuirkDefs\QuirkPool_GoalPreference.xml,def,Digestion ambivalence,消化矛盾
GoalPreference_Predator_Digest_Neutral.description,[PAWN_label] doesn't really care one way or the other about digesting prey.,description,QuirkDefs\QuirkPool_GoalPreference.xml,def,<ALIMT >(PH_1)</ALIMT> doesn't really care one way or the other about digesting prey.,[PAWN_label]不在乎如何消化猎物。
GoalPreference_Predator_Digest_Dislikes.label,Digestion aversion,label,QuirkDefs\QuirkPool_GoalPreference.xml,def,Digestion aversion,厌恶消化
GoalPreference_Predator_Digest_Dislikes.description,[PAWN_label] dislikes digesting prey. [PAWN_pronoun] takes no enjoyment out of gurgling a life away and would rather [PAWN_possessive] prey left intact.,description,QuirkDefs\QuirkPool_GoalPreference.xml,def,<ALIMT >(PH_3)</ALIMT> dislikes digesting prey. <ALIMT >(PH_2)</ALIMT> takes no enjoyment out of gurgling a life away and would rather <ALIMT >(PH_1)</ALIMT> prey left intact.,[PAWN_label]不喜欢消化猎物。[PAWN_pronoun]不要从咯咯笑的生活中获取乐趣，宁愿[PAWN_possessive]猎物完好无损。
GoalPreference_Predator_Digest_Refuses.label,Digestion disgust,label,QuirkDefs\QuirkPool_GoalPreference.xml,def,Digestion disgust,厌恶消化
GoalPreference_Predator_Digest_Refuses.description,[PAWN_label] hates digesting prey. What an act of unimaginable cruelty!,description,QuirkDefs\QuirkPool_GoalPreference.xml,def,<ALIMT >(PH_1)</ALIMT> hates digesting prey. What an act of unimaginable cruelty!,[PAWN_label]讨厌消化猎物。多么残忍的行为!
GoalPreference_Predator_Pleasure.label,Predatory goal preference (pleasure),label,QuirkDefs\QuirkPool_GoalPreference.xml,def,Predatory goal preference (pleasure),掠夺性目标偏好 (快感)
GoalPreference_Predator_Pleasure.description,"These quirks determine how much a pawn likes consuming prey for mutual pleasure. At the extremes, the pawn will either never or always try to pleasure prey.",description,QuirkDefs\QuirkPool_GoalPreference.xml,def,"These quirks determine how much a <ALIMT >(PH_2)</ALIMT> likes consuming prey for mutual pleasure. At the extremes, the <ALIMT >(PH_1)</ALIMT> will either never or always try to pleasure prey.","这些怪癖决定了多少钱一个pawn喜欢吸食对方的猎物。在极端情况下,pawn将永远不会或总是尝试捕食。"
GoalPreference_Predator_Pleasure_Obsessed.label,Obsessive plaire,label,QuirkDefs\QuirkPool_GoalPreference.xml,def,Obsessive plaire,痴迷广场
GoalPreference_Predator_Pleasure_Obsessed.description,[PAWN_label] loves to pleasure-vore prey. [PAWN_pronoun] seeks little else besides the usage of [PAWN_possessive] body as an engine of pleasure.,description,QuirkDefs\QuirkPool_GoalPreference.xml,def,<ALIMT >(PH_3)</ALIMT> loves to pleasure-<ALIMT >vore</ALIMT> prey. <ALIMT >(PH_2)</ALIMT> seeks little else besides the usage of <ALIMT >(PH_1)</ALIMT> body as an engine of pleasure.,[PAWN_label]喜欢愉悦-吃人猎物。[PAWN_pronoun]除了使用[PAWN_possessive]作为愉悦引擎的身体。
GoalPreference_Predator_Pleasure_Likes.label,Plaire,label,QuirkDefs\QuirkPool_GoalPreference.xml,def,Plaire,圣境
GoalPreference_Predator_Pleasure_Likes.description,"[PAWN_label] likes to pleasure-vore prey, with a sensual tour of [PAWN_possessive] body.",description,QuirkDefs\QuirkPool_GoalPreference.xml,def,"<ALIMT >(PH_2)</ALIMT> likes to pleasure-<ALIMT >vore</ALIMT> prey, with a <ALIMT >sensual</ALIMT> tour of <ALIMT >(PH_1)</ALIMT> body.",[PAWN_label]喜欢愉悦-吃人猎物性感的游览[PAWN_possessive]身体。
GoalPreference_Predator_Pleasure_Neutral.label,Pleasure ambivalence,label,QuirkDefs\QuirkPool_GoalPreference.xml,def,Pleasure ambivalence,愉悦与矛盾
GoalPreference_Predator_Pleasure_Neutral.description,[PAWN_label] doesn't really care one way or the other about pleasuring prey.,description,QuirkDefs\QuirkPool_GoalPreference.xml,def,<ALIMT >(PH_1)</ALIMT> doesn't really care one way or the other about pleasuring prey.,[PAWN_label]不在乎如何取悦猎物。
GoalPreference_Predator_Pleasure_Dislikes.label,Chaste predator,label,QuirkDefs\QuirkPool_GoalPreference.xml,def,Chaste predator,贞洁的肉食动物
GoalPreference_Predator_Pleasure_Dislikes.description,[PAWN_label] dislikes pleasuring prey. Maybe [PAWN_pronoun]'s squeamish about letting prey get lewd inside [PAWN_objective]; maybe [PAWN_pronoun] just doesn't enjoy it like prey do.,description,QuirkDefs\QuirkPool_GoalPreference.xml,def,<ALIMT >(PH_4)</ALIMT> dislikes pleasuring prey. Maybe <ALIMT >(PH_3)</ALIMT>'s squeamish about letting prey get <ALIMT >lewd</ALIMT> inside <ALIMT >(PH_2)</ALIMT>; maybe <ALIMT >(PH_1)</ALIMT> just doesn't enjoy it like prey do.,[PAWN_label]不喜欢快乐的猎物。也许[PAWN_pronoun]因为让猎物得到淫秽的内[PAWN_objective]; 可能[PAWN_pronoun]只是不像猎物那样享受它。
GoalPreference_Predator_Pleasure_Refuses.label,Celibate predator,label,QuirkDefs\QuirkPool_GoalPreference.xml,def,Celibate predator,独身捕食者
GoalPreference_Predator_Pleasure_Refuses.description,[PAWN_label] hates pleasuring prey. Vore is not to be treated as a fancy sex position.,description,QuirkDefs\QuirkPool_GoalPreference.xml,def,<ALIMT >(PH_1)</ALIMT> hates pleasuring prey. <ALIMT >vore</ALIMT> is not to be treated as a fancy <ALIMT >sex</ALIMT> position.,[PAWN_label]讨厌愉悦的猎物。吃人不被认为是幻想性交位置。
GoalPreference_Predator_Store.label,Predatory goal preference (storage),label,QuirkDefs\QuirkPool_GoalPreference.xml,def,Predatory goal preference (storage),掠夺性目标偏好 (存储)
GoalPreference_Predator_Store.description,"These quirks determine how much a pawn likes indefinitely storing live prey. At the extremes, the pawn will either never or always try to store prey.",description,QuirkDefs\QuirkPool_GoalPreference.xml,def,"These quirks determine how much a <ALIMT >(PH_2)</ALIMT> likes indefinitely storing live prey. At the extremes, the <ALIMT >(PH_1)</ALIMT> will either never or always try to store prey.","这些怪癖决定了多少钱一个pawn喜欢无限期储存活猎物。在极端情况下,pawn将永远不会或总是尝试储存猎物。"
GoalPreference_Predator_Store_Obsessed.label,Geolier hoarder,label,QuirkDefs\QuirkPool_GoalPreference.xml,def,Geolier hoarder,大地聚居者
GoalPreference_Predator_Store_Obsessed.description,"As a geolier(e), [PAWN_label] loves to hold onto prey for as long as possible, and would be delighted to store as many people as can be fit inside of [PAWN_objective] forever.",description,QuirkDefs\QuirkPool_GoalPreference.xml,def,"As a <ALIMT >(PH_3)</ALIMT>, <ALIMT >(PH_2)</ALIMT> loves to hold onto prey for as long as possible, and would be delighted to store as many people as can be fit inside of <ALIMT >(PH_1)</ALIMT> <ALIMT >forever</ALIMT>.","作为一个geolier(e),[PAWN_label]喜欢尽可能长时间地抓住猎物，并且很乐意将尽可能多的人储存在[PAWN_objective]永远"
GoalPreference_Predator_Store_Likes.label,Geolier,label,QuirkDefs\QuirkPool_GoalPreference.xml,def,Geolier,大地巨石
GoalPreference_Predator_Store_Likes.description,"As a geolier(e), [PAWN_label] likes to hold onto prey for as long as possible. [PAWN_pronoun] would make a good jail cell.",description,QuirkDefs\QuirkPool_GoalPreference.xml,def,"As a <ALIMT >(PH_3)</ALIMT>, <ALIMT >(PH_2)</ALIMT> likes to hold onto prey for as long as possible. <ALIMT >(PH_1)</ALIMT> would make a good jail cell.","作为一个geolier(e),[PAWN_label]喜欢尽可能长时间地抓住猎物。[PAWN_pronoun]会成为一间不错的牢房。"
GoalPreference_Predator_Store_Neutral.label,Storage ambivalence,label,QuirkDefs\QuirkPool_GoalPreference.xml,def,Storage ambivalence,储存矛盾心理
GoalPreference_Predator_Store_Neutral.description,[PAWN_label] doesn't really care one way or the other about storing prey.,description,QuirkDefs\QuirkPool_GoalPreference.xml,def,<ALIMT >(PH_1)</ALIMT> doesn't really care one way or the other about storing prey.,[PAWN_label]不在乎猎物的储存方式。
GoalPreference_Predator_Store_Dislikes.label,Noncommittal pred,label,QuirkDefs\QuirkPool_GoalPreference.xml,def,Noncommittal pred,不务正业
GoalPreference_Predator_Store_Dislikes.description,[PAWN_label] dislikes storing prey indefinitely. [PAWN_pronoun] doesn't want to be burdened by prey longer than [PAWN_pronoun] has to. Find someone else to be your warehouse.,description,QuirkDefs\QuirkPool_GoalPreference.xml,def,<ALIMT >(PH_3)</ALIMT> dislikes storing prey indefinitely. <ALIMT >(PH_2)</ALIMT> doesn't want to be burdened by prey longer than <ALIMT >(PH_1)</ALIMT> has to. Find someone else to be your warehouse.,[PAWN_label]不喜欢无限期储存猎物。[PAWN_pronoun]不想被猎物压得比[PAWN_pronoun]必须这么做。找其他人做你的仓库。
GoalPreference_Predator_Store_Refuses.label,In-and-out pred,label,QuirkDefs\QuirkPool_GoalPreference.xml,def,In-and-out pred,进出 pred
GoalPreference_Predator_Store_Refuses.description,[PAWN_label] hates storing prey indefinitely. Find someone else to be your warehouse.,description,QuirkDefs\QuirkPool_GoalPreference.xml,def,<ALIMT >(PH_1)</ALIMT> hates storing prey indefinitely. Find someone else to be your warehouse.,[PAWN_label]讨厌无限期储存猎物。找其他人做你的仓库。
GoalPreference_Predator_Hold.label,Predatory goal preference (Hold),label,QuirkDefs\QuirkPool_GoalPreference.xml,def,Predatory goal preference (Hold),掠夺性目标偏好 (持有)
GoalPreference_Predator_Hold.description,These quirks determine how much a pawn likes temporarily storing live prey.,description,QuirkDefs\QuirkPool_GoalPreference.xml,def,These quirks determine how much a <ALIMT >(PH_1)</ALIMT> likes temporarily storing live prey.,这些怪癖决定了多少钱一个pawn喜欢临时储存活着的猎物。
GoalPreference_Predator_Hold_Obsessed.label,Heavy Holder,label,QuirkDefs\QuirkPool_GoalPreference.xml,def,Heavy Holder,重型支架
GoalPreference_Predator_Hold_Obsessed.description,"As a heavy Holder, [PAWN_label] loves to allow [PAWN_possessive] prey a trip through [PAWN_objective]self.",description,QuirkDefs\QuirkPool_GoalPreference.xml,def,"As a heavy Holder, <ALIMT >(PH_3)</ALIMT> loves to allow <ALIMT >(PH_2)</ALIMT> prey a trip through <ALIMT >(PH_1)</ALIMT>self.","作为一名重武器,[PAWN_label]喜好[PAWN_possessive]猎物通过[PAWN_objective]自己。"
GoalPreference_Predator_Hold_Likes.label,Holder,label,QuirkDefs\QuirkPool_GoalPreference.xml,def,Holder,持有者
GoalPreference_Predator_Hold_Likes.description,"As a Holder, [PAWN_label] likes to pass their prey.",description,QuirkDefs\QuirkPool_GoalPreference.xml,def,"As a Holder, <ALIMT >(PH_1)</ALIMT> likes to pass their prey.","作为持有者,[PAWN_label]喜欢传递它们的猎物。"
GoalPreference_Predator_Hold_Neutral.label,Hold ambivalence,label,QuirkDefs\QuirkPool_GoalPreference.xml,def,Hold ambivalence,抱着矛盾心态
GoalPreference_Predator_Hold_Neutral.description,[PAWN_label] doesn't really care one way or the other about temporarily storing prey.,description,QuirkDefs\QuirkPool_GoalPreference.xml,def,<ALIMT >(PH_1)</ALIMT> doesn't really care one way or the other about temporarily storing prey.,[PAWN_label]不在乎以何种方式暂时储存猎物。
GoalPreference_Predator_Hold_Dislikes.label,UnHoldy pred,label,QuirkDefs\QuirkPool_GoalPreference.xml,def,UnHoldy pred,未收容的 pred
GoalPreference_Predator_Hold_Dislikes.description,[PAWN_label] dislikes temporarily storing prey.,description,QuirkDefs\QuirkPool_GoalPreference.xml,def,<ALIMT >(PH_1)</ALIMT> dislikes temporarily storing prey.,[PAWN_label]厌恶临时收容的猎物。
GoalPreference_Predator_Hold_Refuses.label,Holding refusal,label,QuirkDefs\QuirkPool_GoalPreference.xml,def,Holding refusal,抱着拒绝
GoalPreference_Predator_Hold_Refuses.description,[PAWN_label] hates storing prey temporarily.,description,QuirkDefs\QuirkPool_GoalPreference.xml,def,<ALIMT >(PH_1)</ALIMT> hates storing prey temporarily.,[PAWN_label]讨厌临时储存猎物。
GoalPreference_Predator_Heal.label,Predatory goal preference (heal),label,QuirkDefs\QuirkPool_GoalPreference.xml,def,Predatory goal preference (heal),掠夺性目标偏好 (愈合)
GoalPreference_Predator_Heal.description,These quirks determine how much a pawn likes healing prey.,description,QuirkDefs\QuirkPool_GoalPreference.xml,def,These quirks determine how much a <ALIMT >(PH_1)</ALIMT> likes healing prey.,这些怪癖决定了多少钱一个pawn喜欢治愈猎物。
GoalPreference_Predator_Heal_Obsessed.label,Heal Slut,label,QuirkDefs\QuirkPool_GoalPreference.xml,def,Heal Slut,治愈暴徒
GoalPreference_Predator_Heal_Obsessed.description,"No need to spam E, [PAWN_label] has got you covered with a cozy place to stay in and get healthy.",description,QuirkDefs\QuirkPool_GoalPreference.xml,def,"No need to spam E, <ALIMT >(PH_1)</ALIMT> has got you covered with a cozy place to stay in and get healthy.","不需要发垃圾邮件给 E,[PAWN_label]为你提供了一个舒适的住宿和健康之所。"
GoalPreference_Predator_Heal_Likes.label,Healer,label,QuirkDefs\QuirkPool_GoalPreference.xml,def,Healer,治疗师
GoalPreference_Predator_Heal_Likes.description,"As a professional MMO Healer, [PAWN_label] likes to carry their team.",description,QuirkDefs\QuirkPool_GoalPreference.xml,def,"As a professional MMO Healer, <ALIMT >(PH_1)</ALIMT> likes to carry their team.","作为一名专业的 MMO 医师,[PAWN_label]喜欢带领团队前进。"
GoalPreference_Predator_Heal_Neutral.label,Heal ambivalence,label,QuirkDefs\QuirkPool_GoalPreference.xml,def,Heal ambivalence,自愈
GoalPreference_Predator_Heal_Neutral.description,[PAWN_label] doesn't really care one way or the other about healing prey.,description,QuirkDefs\QuirkPool_GoalPreference.xml,def,<ALIMT >(PH_1)</ALIMT> doesn't really care one way or the other about healing prey.,[PAWN_label]不在乎如何治愈猎物。
GoalPreference_Predator_Heal_Dislikes.label,Unhealthy pred,label,QuirkDefs\QuirkPool_GoalPreference.xml,def,Unhealthy pred,不健康的 pred
GoalPreference_Predator_Heal_Dislikes.description,[PAWN_label] dislikes healing prey.,description,QuirkDefs\QuirkPool_GoalPreference.xml,def,<ALIMT >(PH_1)</ALIMT> dislikes healing prey.,[PAWN_label]厌恶治疗猎物。
GoalPreference_Predator_Heal_Refuses.label,Healing refusal,label,QuirkDefs\QuirkPool_GoalPreference.xml,def,Healing refusal,拒绝治疗
GoalPreference_Predator_Heal_Refuses.description,[PAWN_label] hates healing prey.,description,QuirkDefs\QuirkPool_GoalPreference.xml,def,<ALIMT >(PH_1)</ALIMT> hates healing prey.,[PAWN_label]憎恨治愈猎物。
GoalPreference_Prey_Digest.label,Preyish goal preference (digestion),label,QuirkDefs\QuirkPool_GoalPreference.xml,def,Preyish goal preference (digestion),猎物目标偏好 (消化)
GoalPreference_Prey_Digest.description,"These quirks determine how much a pawn wants to be digested (or converted into some other material). At the extremes, the pawn will either never or always try to be digested. Be careful increasing the commonality of a digestion preference: willing pawns can easily be killed by predators with little notice.",description,QuirkDefs\QuirkPool_GoalPreference.xml,def,"These quirks determine how much a <ALIMT >(PH_2)</ALIMT> wants to be digested (or converted into some other material). At the extremes, the <ALIMT >(PH_1)</ALIMT> will either never or always try to be digested. Be careful increasing the commonality of a digestion preference: willing pawns can easily be killed by predators with little notice.","这些怪癖决定了多少钱一个pawn希望被消化 (或转化为其他材料)。在极端情况下,pawn将永远不会或总是尝试被消化。提高消化偏好的共性要小心: 意志坚定的殖民者很容易被捕食者杀死，而很少有人注意到。"
GoalPreference_Prey_Digest_Obsessed.label,Digestion-wish,label,QuirkDefs\QuirkPool_GoalPreference.xml,def,Digestion-wish,消化-希望
GoalPreference_Prey_Digest_Obsessed.description,"As an obsessive aliment(e), [PAWN_label] just can't help it; [PAWN_pronoun] wants to be utterly digested.",description,QuirkDefs\QuirkPool_GoalPreference.xml,def,"As an obsessive <ALIMT >(PH_3)</ALIMT>, <ALIMT >(PH_2)</ALIMT> just can't help it; <ALIMT >(PH_1)</ALIMT> wants to be utterly digested.","作为一个过度狂aliment(e),[PAWN_label]无法控制;[PAWN_pronoun]想要被完全消化。"
GoalPreference_Prey_Digest_Likes.label,Aliment,label,QuirkDefs\QuirkPool_GoalPreference.xml,def,Aliment,复活
GoalPreference_Prey_Digest_Likes.description,"As an aliment(e), [PAWN_label] often thinks about getting digested someday.",description,QuirkDefs\QuirkPool_GoalPreference.xml,def,"As an <ALIMT >(PH_2)</ALIMT>, <ALIMT >(PH_1)</ALIMT> often thinks about getting digested someday.","作为一个aliment(e),[PAWN_label]经常想着有一天能被消化掉。"
GoalPreference_Prey_Digest_Neutral.label,Alimentary ambivalence,label,QuirkDefs\QuirkPool_GoalPreference.xml,def,Alimentary ambivalence,营养矛盾
GoalPreference_Prey_Digest_Neutral.description,[PAWN_label] doesn't really care one way or the other about being digested.,description,QuirkDefs\QuirkPool_GoalPreference.xml,def,<ALIMT >(PH_1)</ALIMT> doesn't really care one way or the other about being digested.,[PAWN_label]不在乎是否被消化。
GoalPreference_Prey_Digest_Dislikes.label,Alimentary aversion,label,QuirkDefs\QuirkPool_GoalPreference.xml,def,Alimentary aversion,厌恶食物
GoalPreference_Prey_Digest_Dislikes.description,"[PAWN_label] is not particularly interested in an early, acidic grave.",description,QuirkDefs\QuirkPool_GoalPreference.xml,def,"<ALIMT >(PH_1)</ALIMT> is not particularly interested in an early, acidic grave.",[PAWN_label]对早期的酸性坟墓不是特别感兴趣。
GoalPreference_Prey_Digest_Refuses.label,Life-wish,label,QuirkDefs\QuirkPool_GoalPreference.xml,def,Life-wish,希望活下去的孩子
GoalPreference_Prey_Digest_Refuses.description,Are you mad? Who would want to be digested alive? [PAWN_label] certainly doesn't.,description,QuirkDefs\QuirkPool_GoalPreference.xml,def,Are you mad? Who would want to be digested alive? <ALIMT >(PH_1)</ALIMT> certainly doesn't.,你疯了吗？谁想被活着消化？[PAWN_label]当然不是。
GoalPreference_Prey_Pleasure.label,Preyish goal preference (pleasure),label,QuirkDefs\QuirkPool_GoalPreference.xml,def,Preyish goal preference (pleasure),猎物目标偏好 (愉悦感)
GoalPreference_Prey_Pleasure.description,"These quirks determine how much a pawn wants to be used by a predator for pleasure. At the extremes, the pawn will either never or always try to be pleasured.",description,QuirkDefs\QuirkPool_GoalPreference.xml,def,"These quirks determine how much a <ALIMT >(PH_2)</ALIMT> wants to be used by a predator for pleasure. At the extremes, the <ALIMT >(PH_1)</ALIMT> will either never or always try to be pleasured.","这些怪癖决定了多少钱一个pawn想被捕食者当作娱乐。在极端情况下,pawn永远不会或总是会试图变得快乐。"
GoalPreference_Prey_Pleasure_Obsessed.label,Obsessive Godemichet,label,QuirkDefs\QuirkPool_GoalPreference.xml,def,Obsessive Godemichet,痴迷于 Godemichet
GoalPreference_Prey_Pleasure_Obsessed.description,"As an obsessive godemichet(te), [PAWN_label] lives to be used for pleasure, and seeks it in the bellies of predators.",description,QuirkDefs\QuirkPool_GoalPreference.xml,def,"As an obsessive <ALIMT >(PH_2)</ALIMT>, <ALIMT >(PH_1)</ALIMT> lives to be used for pleasure, and seeks it in the bellies of predators.","作为一个过度狂godemichet(te),[PAWN_label]作为快乐的生活，并在捕食者的肚子里寻找它。"
GoalPreference_Prey_Pleasure_Likes.label,Godemichet,label,QuirkDefs\QuirkPool_GoalPreference.xml,def,Godemichet,戈德米凯
GoalPreference_Prey_Pleasure_Likes.description,"As a godemichet(te), [PAWN_label] likes to get off deep inside someone just as much as shallowly.",description,QuirkDefs\QuirkPool_GoalPreference.xml,def,"As a <ALIMT >(PH_2)</ALIMT>, <ALIMT >(PH_1)</ALIMT> likes to get off deep inside someone just as much as shallowly.","作为一个godemichet(te),[PAWN_label]喜欢像浅水区一样深入某人的内心。"
GoalPreference_Prey_Pleasure_Neutral.label,Dildo ambivalence,label,QuirkDefs\QuirkPool_GoalPreference.xml,def,<ALIMT >dildo</ALIMT> ambivalence,假阴茎矛盾心理
GoalPreference_Prey_Pleasure_Neutral.description,[PAWN_label] doesn't really care one way or the other about being used for a predator's pleasure.,description,QuirkDefs\QuirkPool_GoalPreference.xml,def,<ALIMT >(PH_1)</ALIMT> doesn't really care one way or the other about being used for a predator's pleasure.,[PAWN_label]不在乎以这种或那种方式被捕食。
GoalPreference_Prey_Pleasure_Dislikes.label,Chaste prey,label,QuirkDefs\QuirkPool_GoalPreference.xml,def,Chaste prey,贞洁的猎物
GoalPreference_Prey_Pleasure_Dislikes.description,[PAWN_label] dislikes climbing into a predator for pleasure's sake. Maybe [PAWN_pronoun]'s some sort of weirdo who doesn't find innards arousing?,description,QuirkDefs\QuirkPool_GoalPreference.xml,def,<ALIMT >(PH_2)</ALIMT> dislikes climbing into a predator for pleasure's sake. Maybe <ALIMT >(PH_1)</ALIMT>'s some sort of weirdo who doesn't find innards arousing?,[PAWN_label]不喜欢为了娱乐而爬进肉食动物里。也许[PAWN_pronoun]是不是有某种怪人发现自己的身体里的东西无法唤起？
GoalPreference_Prey_Pleasure_Refuses.label,Celibate prey,label,QuirkDefs\QuirkPool_GoalPreference.xml,def,Celibate prey,独身猎物
GoalPreference_Prey_Pleasure_Refuses.description,[PAWN_label] hates trying to find pleasure in the insides of a predator. [PAWN_pronoun] just can't get it on in there.,description,QuirkDefs\QuirkPool_GoalPreference.xml,def,<ALIMT >(PH_2)</ALIMT> hates trying to find pleasure in the insides of a predator. <ALIMT >(PH_1)</ALIMT> just can't get it on in there.,[PAWN_label]讨厌试图从捕食者的体内寻找乐趣。[PAWN_pronoun]就是穿不进去。
GoalPreference_Prey_Store.label,Preyish goal preference (storage),label,QuirkDefs\QuirkPool_GoalPreference.xml,def,Preyish goal preference (storage),猎物目标偏好 (存储)
GoalPreference_Prey_Store.description,"These quirks determine how much a pawn wants to be stored indefinitely inside a predator. At the extremes, the pawn will either never or always try to be stored. Be careful increasing the commonality of a storage preference: willing pawns can easily be lost indefinitely among however many predators you have who are capable of storage.",description,QuirkDefs\QuirkPool_GoalPreference.xml,def,"These quirks determine how much a <ALIMT >(PH_2)</ALIMT> wants to be stored indefinitely inside a predator. At the extremes, the <ALIMT >(PH_1)</ALIMT> will either never or always try to be stored. Be careful increasing the commonality of a storage preference: willing pawns can easily be lost indefinitely among however many predators you have who are capable of storage.","这些怪癖决定了多少钱一个pawn希望被无限期储存在捕食者体内。在极端情况下,pawn将永远不会或总是尝试被存储。提高储存偏好的共同性要小心: 无论你有多少有能力储存的捕食者，意志坚定的小卒很容易无限期地消失。"
GoalPreference_Prey_Store_Obsessed.label,Shut-in prey,label,QuirkDefs\QuirkPool_GoalPreference.xml,def,Shut-in prey,封闭的猎物
GoalPreference_Prey_Store_Obsessed.description,[PAWN_label] would rather live the rest of [PAWN_possessive] life inside someone's belly than contribute to society in any way.,description,QuirkDefs\QuirkPool_GoalPreference.xml,def,<ALIMT >(PH_2)</ALIMT> would rather live the rest of <ALIMT >(PH_1)</ALIMT> life inside someone's belly than contribute to society in any way.,[PAWN_label]宁愿活下去[PAWN_possessive]生命在某人的肚子里，不愿以任何方式为社会做出贡献。
GoalPreference_Prey_Store_Likes.label,Live-in prey,label,QuirkDefs\QuirkPool_GoalPreference.xml,def,Live-in prey,食人猎物
GoalPreference_Prey_Store_Likes.description,"Sometimes, [PAWN_label] just wants to take a vacation inside of someone. Or move in.",description,QuirkDefs\QuirkPool_GoalPreference.xml,def,"Sometimes, <ALIMT >(PH_1)</ALIMT> just wants to take a vacation inside of someone. Or move in.","有时,[PAWN_label]只想在某人体内度假。或者搬进去。"
GoalPreference_Prey_Store_Neutral.label,Live-in ambivalence,label,QuirkDefs\QuirkPool_GoalPreference.xml,def,Live-in ambivalence,住巢的矛盾心理
GoalPreference_Prey_Store_Neutral.description,[PAWN_label] doesn't really care one way or the other about being stored indefinitely.,description,QuirkDefs\QuirkPool_GoalPreference.xml,def,<ALIMT >(PH_1)</ALIMT> doesn't really care one way or the other about being stored indefinitely.,[PAWN_label]不在乎如何无限期储存。
GoalPreference_Prey_Store_Dislikes.label,Busy prey,label,QuirkDefs\QuirkPool_GoalPreference.xml,def,Busy prey,忙碌的猎物
GoalPreference_Prey_Store_Dislikes.description,"If you have to eat [PAWN_label], at least don't make it an extended stay. [PAWN_pronoun] has [PAWN_possessive] own things to do.",description,QuirkDefs\QuirkPool_GoalPreference.xml,def,"If you have to eat <ALIMT >(PH_3)</ALIMT>, at least don't make it an extended stay. <ALIMT >(PH_2)</ALIMT> has <ALIMT >(PH_1)</ALIMT> own things to do.","如果必须进食[PAWN_label],至少不要延长停留时间。[PAWN_pronoun]有[PAWN_possessive]有自己的事情要做。"
GoalPreference_Prey_Store_Refuses.label,In-and-out prey,label,QuirkDefs\QuirkPool_GoalPreference.xml,def,In-and-out prey,进出的猎物
GoalPreference_Prey_Store_Refuses.description,"[PAWN_label] cannot think of a life more boring than squishing around inside of a predator for days, months, or heaven forbid, years.",description,QuirkDefs\QuirkPool_GoalPreference.xml,def,"<ALIMT >(PH_1)</ALIMT> cannot think of a life more boring than squishing around inside of a predator for days, months, or heaven forbid, years.",[PAWN_label]我想不出还有比在捕食者体内持续数天、数月或者几年更无趣的生活了。
GoalPreference_Prey_Hold.label,Preyish goal preference (Hold),label,QuirkDefs\QuirkPool_GoalPreference.xml,def,Preyish goal preference (Hold),猎物目标偏好 (保持)
GoalPreference_Prey_Hold.description,"These quirks determine how much a pawn wants to be temporarily stored inside a predator. At the extremes, the pawn will either never or always try to be temp-stored.",description,QuirkDefs\QuirkPool_GoalPreference.xml,def,"These quirks determine how much a <ALIMT >(PH_2)</ALIMT> wants to be temporarily stored inside a predator. At the extremes, the <ALIMT >(PH_1)</ALIMT> will either never or always try to be temp-stored.","这些怪癖决定了多少钱一个pawn希望被暂时储存在一个捕食者体内。在极端情况下,pawn将永远不会或总是尝试温度存储。"
GoalPreference_Prey_Hold_Obsessed.label,In-and-out prey,label,QuirkDefs\QuirkPool_GoalPreference.xml,def,In-and-out prey,进出的猎物
GoalPreference_Prey_Hold_Obsessed.description,[PAWN_label] loves passing through and taking in the sights of [PAWN_possessive] predators.,description,QuirkDefs\QuirkPool_GoalPreference.xml,def,<ALIMT >(PH_2)</ALIMT> loves passing through and taking in the sights of <ALIMT >(PH_1)</ALIMT> predators.,[PAWN_label]喜欢穿过并欣赏[PAWN_possessive]捕食者。
GoalPreference_Prey_Hold_Likes.label,Live-in prey,label,QuirkDefs\QuirkPool_GoalPreference.xml,def,Live-in prey,食人猎物
GoalPreference_Prey_Hold_Likes.description,"Sometimes, [PAWN_label] just wants to take a vacation inside of someone. Or move in.",description,QuirkDefs\QuirkPool_GoalPreference.xml,def,"Sometimes, <ALIMT >(PH_1)</ALIMT> just wants to take a vacation inside of someone. Or move in.","有时,[PAWN_label]只想在某人体内度假。或者搬进去。"
GoalPreference_Prey_Hold_Neutral.label,Hold ambivalence,label,QuirkDefs\QuirkPool_GoalPreference.xml,def,Hold ambivalence,抱着矛盾心态
GoalPreference_Prey_Hold_Neutral.description,[PAWN_label] doesn't really care one way or the other about being held temporarily.,description,QuirkDefs\QuirkPool_GoalPreference.xml,def,<ALIMT >(PH_1)</ALIMT> doesn't really care one way or the other about being held temporarily.,[PAWN_label]不在乎被暂时关押。
GoalPreference_Prey_Hold_Dislikes.label,Busy prey,label,QuirkDefs\QuirkPool_GoalPreference.xml,def,Busy prey,忙碌的猎物
GoalPreference_Prey_Hold_Dislikes.description,"If you have to eat [PAWN_label], at least don't make it an extended stay. [PAWN_pronoun] has [PAWN_possessive] own things to do.",description,QuirkDefs\QuirkPool_GoalPreference.xml,def,"If you have to eat <ALIMT >(PH_3)</ALIMT>, at least don't make it an extended stay. <ALIMT >(PH_2)</ALIMT> has <ALIMT >(PH_1)</ALIMT> own things to do.","如果必须进食[PAWN_label],至少不要延长停留时间。[PAWN_pronoun]有[PAWN_possessive]有自己的事情要做。"
GoalPreference_Prey_Hold_Refuses.label,Unwilling,label,QuirkDefs\QuirkPool_GoalPreference.xml,def,Unwilling,不情愿
GoalPreference_Prey_Hold_Refuses.description,"[PAWN_label] cannot think of a life more boring than squishing around inside of a predator for days, months, or heaven forbid, years.",description,QuirkDefs\QuirkPool_GoalPreference.xml,def,"<ALIMT >(PH_1)</ALIMT> cannot think of a life more boring than squishing around inside of a predator for days, months, or heaven forbid, years.",[PAWN_label]我想不出还有比在捕食者体内持续数天、数月或者几年更无趣的生活了。
GoalPreference_Prey_Heal.label,Preyish goal preference (heal),label,QuirkDefs\QuirkPool_GoalPreference.xml,def,Preyish goal preference (heal),猎物目标偏好 (愈合)
GoalPreference_Prey_Heal.description,"These quirks determine how much a pawn wants to be healed inside a predator. At the extremes, the pawn will either never or always try to be heal-vored.",description,QuirkDefs\QuirkPool_GoalPreference.xml,def,"These quirks determine how much a <ALIMT >(PH_2)</ALIMT> wants to be healed inside a predator. At the extremes, the <ALIMT >(PH_1)</ALIMT> will either never or always try to be heal-vored.","这些怪癖决定了多少钱一个pawn想要在捕食者体内治愈。在极端情况下,pawn将永远不会或总是尝试被治愈。"
GoalPreference_Prey_Heal_Obsessed.label,Hypochondriac,label,QuirkDefs\QuirkPool_GoalPreference.xml,def,Hypochondriac,忧郁症患者
GoalPreference_Prey_Heal_Obsessed.description,"[PAWN_label] always feels like they need to slip into someone to be healed, even when [PAWN_possessive] is perfectly fine.",description,QuirkDefs\QuirkPool_GoalPreference.xml,def,"<ALIMT >(PH_2)</ALIMT> always feels like they need to slip into someone to be healed, even when <ALIMT >(PH_1)</ALIMT> is perfectly fine.",[PAWN_label]总觉得自己需要偷偷溜入某人体内才能被治愈，即使是在[PAWN_possessive]非常好。
GoalPreference_Prey_Heal_Likes.label,Cozy prey,label,QuirkDefs\QuirkPool_GoalPreference.xml,def,Cozy prey,舒适的猎物
GoalPreference_Prey_Heal_Likes.description,[PAWN_label] prefers healing vore over an expensive trip to a spa.,description,QuirkDefs\QuirkPool_GoalPreference.xml,def,<ALIMT >(PH_1)</ALIMT> prefers healing <ALIMT >vore</ALIMT> over an expensive trip to a spa.,[PAWN_label]更喜欢治疗吃人一次昂贵的温泉旅行。
GoalPreference_Prey_Heal_Neutral.label,Heal ambivalence,label,QuirkDefs\QuirkPool_GoalPreference.xml,def,Heal ambivalence,自愈
GoalPreference_Prey_Heal_Neutral.description,[PAWN_label] doesn't really care one way or the other about being vored for health.,description,QuirkDefs\QuirkPool_GoalPreference.xml,def,<ALIMT >(PH_1)</ALIMT> doesn't really care one way or the other about being vored for health.,[PAWN_label]不在乎为了健康而被抛弃。
GoalPreference_Prey_Heal_Dislikes.label,Uncomfortable prey,label,QuirkDefs\QuirkPool_GoalPreference.xml,def,Uncomfortable prey,不舒服的猎物
GoalPreference_Prey_Heal_Dislikes.description,"[PAWN_label] would prefer not being vored this way, even if it would be beneficial for their health.",description,QuirkDefs\QuirkPool_GoalPreference.xml,def,"<ALIMT >(PH_1)</ALIMT> would prefer not being vored this way, even if it would be beneficial for their health.",[PAWN_label]宁愿不被这样照料，即使这对他们的健康是有益的。
GoalPreference_Prey_Heal_Refuses.label,Trypanophobia,label,QuirkDefs\QuirkPool_GoalPreference.xml,def,Trypanophobia,锥虫恐惧症
GoalPreference_Prey_Heal_Refuses.description,[PAWN_label] would rather succumb to their injuries than allow [PAWN_objective]self to be used as a healing prey.,description,QuirkDefs\QuirkPool_GoalPreference.xml,def,<ALIMT >(PH_2)</ALIMT> would rather succumb to their injuries than allow <ALIMT >(PH_1)</ALIMT>self to be used as a healing prey.,[PAWN_label]宁愿负伤也不愿屈服[PAWN_objective]自己将被用作治愈猎物。
GoalSwitching.label,Goal switching,label,QuirkDefs\QuirkPool_GoalSwitching.xml,def,Goal switching,目标切换
GoalSwitching.description,Pawns with this quirk can trick prey to accept a different goal for proposals and then switch the goal against the preys preference.,description,QuirkDefs\QuirkPool_GoalSwitching.xml,def,Pawns with this quirk can trick prey to accept a different goal for proposals and then <ALIMT >switch</ALIMT> the goal against the preys preference.,有这种怪癖的 Pawns 可以诱使猎物接受不同的目标提议，然后转变违背猎物偏好的射门次数。
GoalSwitching_Enabled.label,Mischievous,label,QuirkDefs\QuirkPool_GoalSwitching.xml,def,Mischievous,调皮
GoalSwitching_Enabled.description,[PAWN_label] is mischievous at heart. [PAWN_pronoun] may propose one kind of vore to someone and then pull a fast one and do something entirely different.,description,QuirkDefs\QuirkPool_GoalSwitching.xml,def,<ALIMT >(PH_2)</ALIMT> is mischievous at heart. <ALIMT >(PH_1)</ALIMT> may propose one kind of <ALIMT >vore</ALIMT> to someone and then pull a fast one and do something entirely different.,[PAWN_label]心中充满了顽皮。[PAWN_pronoun]可以提议一种吃人交给某人，然后跑得更快，做一些完全不同的事情。
GrappleStrength.label,Grapple strength,label,QuirkDefs\QuirkPool_GrappleStrength.xml,def,Grapple strength,格斗强度
GrappleStrength.description,These quirks influence the pawns capability of moving the bar in their favor during a vore grapple. These apply to both attacking and defending.,description,QuirkDefs\QuirkPool_GrappleStrength.xml,def,These quirks influence the pawns capability of moving the bar in their favor during a <ALIMT >vore</ALIMT> grapple. These apply to both attacking and defending.,这些怪癖会影响 pawns 在以下环境中移动杆的能力:吃人格斗。这些适用于进攻和防守。
GrappleStrength_VeryGood.label,Professional Wrestler,label,QuirkDefs\QuirkPool_GrappleStrength.xml,def,Professional Wrestler,职业摔角手
GrappleStrength_VeryGood.description,[PAWN_label] is an expert at hand-to-hand combat when it comes to wrestling for vore.,description,QuirkDefs\QuirkPool_GrappleStrength.xml,def,<ALIMT >(PH_1)</ALIMT> is an expert at hand-to-hand combat when it comes to wrestling for <ALIMT >vore</ALIMT>.,[PAWN_label]是格斗方面的专家吃人
GrappleStrength_Good.label,Wrestler,label,QuirkDefs\QuirkPool_GrappleStrength.xml,def,Wrestler,摔角手
GrappleStrength_Good.description,[PAWN_label] has some experience when it comes to wrestling.,description,QuirkDefs\QuirkPool_GrappleStrength.xml,def,<ALIMT >(PH_1)</ALIMT> has some experience when it comes to wrestling.,[PAWN_label]在摔跤方面有些经验。
GrappleStrength_Normal.label,Normal,label,QuirkDefs\QuirkPool_GrappleStrength.xml,def,Normal,普通
GrappleStrength_Normal.description,[PAWN_label] has no special experience that affects grapple strength.,description,QuirkDefs\QuirkPool_GrappleStrength.xml,def,<ALIMT >(PH_1)</ALIMT> has no special experience that affects grapple strength.,[PAWN_label]没有影响格斗强度的特殊经验。
GrappleStrength_Bad.label,Weak grip,label,QuirkDefs\QuirkPool_GrappleStrength.xml,def,Weak grip,弱抓
GrappleStrength_Bad.description,[PAWN_label] has issues when it comes to wrestling with [PAWN_possessive] opponents.,description,QuirkDefs\QuirkPool_GrappleStrength.xml,def,<ALIMT >(PH_2)</ALIMT> has issues when it comes to wrestling with <ALIMT >(PH_1)</ALIMT> opponents.,[PAWN_label]有问题，当涉及到与[PAWN_possessive]敌人。
GrappleStrength_VeryBad.label,Carpal tunnel syndrome,label,QuirkDefs\QuirkPool_GrappleStrength.xml,def,Carpal tunnel syndrome,腕管综合症
GrappleStrength_VeryBad.description,"[PAWN_label] has suffered some injuries to [PAWN_possessive] wrists, which makes [PAWN_objective] useless in grappling combat.",description,QuirkDefs\QuirkPool_GrappleStrength.xml,def,"<ALIMT >(PH_3)</ALIMT> has suffered some injuries to <ALIMT >(PH_2)</ALIMT> wrists, which makes <ALIMT >(PH_1)</ALIMT> useless in grappling combat.",[PAWN_label]受伤了[PAWN_possessive]手腕，这使[PAWN_objective]在格斗中毫无用处。
Inabilities.label,Inabilities,label,QuirkDefs\QuirkPool_Inabilities.xml,def,Inabilities,能力不足
Inabilities.description,These quirks block any goals of vore that are either fatal or non-fatal. They require one of the normal extremes of digestion strength each. They may be replaced at a later date with more goal-specific blockers.,description,QuirkDefs\QuirkPool_Inabilities.xml,def,These quirks block any goals of <ALIMT >vore</ALIMT> that are either fatal or non-fatal. They require one of the normal extremes of digestion strength each. They may be replaced at a later date with more goal-specific blockers.,这些怪癖阻碍了以下所有目标吃人致命的或者非致命的。它们各自需要正常的消化强度中的一个。他们可能会在以后被更多的目标特异性阻滞器取代。
Inability_PredEndoOnly.label,Unacerbic,label,QuirkDefs\QuirkPool_Inabilities.xml,def,Unacerbic,不祥
Inability_PredEndoOnly.description,"[PAWN_label] can’t digest anyone--not alive, at least. [PAWN_pronoun] has the stretchiness to swallow prey, but none of the acidity to melt them. For nutrition, [PAWN_pronoun] has to settle for normal food instead.",description,QuirkDefs\QuirkPool_Inabilities.xml,def,"<ALIMT >(PH_3)</ALIMT> can’t digest anyone--not alive, at least. <ALIMT >(PH_2)</ALIMT> has the stretchiness to swallow prey, but none of the acidity to melt them. For nutrition, <ALIMT >(PH_1)</ALIMT> has to settle for normal food instead.","[PAWN_label]无法消化任何人 -- 至少不是活人。[PAWN_pronoun]有吞下猎物的韧性，但没有任何酸性。为了营养,[PAWN_pronoun]只能吃普通的食物。"
Inability_PredFatalOnly.label,Hyperacerbic,label,QuirkDefs\QuirkPool_Inabilities.xml,def,Hyperacerbic,极端尖啸
Inability_PredFatalOnly.description,"[PAWN_label]’s innards are totally unsafe, no matter the hole. All roads lead to digestion.",description,QuirkDefs\QuirkPool_Inabilities.xml,def,"<ALIMT >(PH_1)</ALIMT>’s innards are totally unsafe, no matter the hole. All roads lead to digestion.",[PAWN_label]无论什么洞，它的内脏都是完全不安全的。所有道路都需要被消化。
InternalTemperature.label,Internal temperature,label,QuirkDefs\QuirkPool_InternalTemperature.xml,def,Internal temperature,内部温度
InternalTemperature.description,These quirks determine how hot or cold their insides are for the prey.,description,QuirkDefs\QuirkPool_InternalTemperature.xml,def,These quirks determine how <ALIMT >hot</ALIMT> or cold their insides are for the prey.,这些怪癖决定了如何性感的或者冷却它们的内部是给猎物的。
InternalTemperature_Hot.label,Hot guts,label,QuirkDefs\QuirkPool_InternalTemperature.xml,def,<ALIMT >hot</ALIMT> guts,性感的肠
InternalTemperature_Hot.description,"[PAWN_label] insides are dangerously hot (60°C / 140°F), any prey inside of [PAWN_objective] is liable to suffer from heatstroke.",description,QuirkDefs\QuirkPool_InternalTemperature.xml,def,"<ALIMT >(PH_2)</ALIMT> insides are dangerously <ALIMT >hot</ALIMT> (60°C / 140°F), any prey inside of <ALIMT >(PH_1)</ALIMT> is liable to suffer from heatstroke.",[PAWN_label]其内部正处于危险之中性感的(60 °C/140 °F)，任何[PAWN_objective]容易中暑。
InternalTemperature_Warm.label,Warm,label,QuirkDefs\QuirkPool_InternalTemperature.xml,def,Warm,喜暖的
InternalTemperature_Warm.description,"[PAWN_label] insides are warmer than usual insides (40°C / 104°F), prey inside may suffer from heatstroke after prolonged vore.",description,QuirkDefs\QuirkPool_InternalTemperature.xml,def,"<ALIMT >(PH_1)</ALIMT> insides are warmer than usual insides (40°C / 104°F), prey inside may suffer from heatstroke after prolonged <ALIMT >vore</ALIMT>.",[PAWN_label]里面的温度比平时 (40 °C/104 °F) 高，里面的猎物可能会长期中暑吃人
InternalTemperature_Normal.label,Normal,label,QuirkDefs\QuirkPool_InternalTemperature.xml,def,Normal,普通
InternalTemperature_Normal.description,[PAWN_label] insides are just as warm as any other pawns.,description,QuirkDefs\QuirkPool_InternalTemperature.xml,def,<ALIMT >(PH_1)</ALIMT> insides are just as warm as any other pawns.,[PAWN_label]其内部和其他残骸一样温暖。
InternalTemperature_Cold.label,Cold,label,QuirkDefs\QuirkPool_InternalTemperature.xml,def,Cold,非常冷
InternalTemperature_Cold.description,"[PAWN_label] insides are colder than usual (12°C / 53.6°F), long vores may lead to pawns suffering from frostbite.",description,QuirkDefs\QuirkPool_InternalTemperature.xml,def,"<ALIMT >(PH_1)</ALIMT> insides are colder than usual (12°C / 53.6°F), long vores may lead to pawns suffering from frostbite.",[PAWN_label]室内环境 (12 °C/53.6 °F) 比平时更冷，长时间的疲劳可能会导致 pawns 冻伤。
InternalTemperature_Freezing.label,Freezer,label,QuirkDefs\QuirkPool_InternalTemperature.xml,def,Freezer,制冷机
InternalTemperature_Freezing.description,"[PAWN_label] insides are freezing (0°C / 32°F), some genetic mutation lowers [PAWN_objective] to freezing temperatures.",description,QuirkDefs\QuirkPool_InternalTemperature.xml,def,"<ALIMT >(PH_2)</ALIMT> insides are freezing (0°C / 32°F), some genetic mutation lowers <ALIMT >(PH_1)</ALIMT> to freezing temperatures.",[PAWN_label]内部正在冻结 (0 °C/32 °F)，一些基因突变降低[PAWN_objective]到严寒。
ItemDamage.label,Item damage,label,QuirkDefs\QuirkPool_ItemDamage.xml,def,Item damage,物品伤害
ItemDamage.description,"These quirks determine how much damage implants and clothing worn by the prey receives when the prey who came with them is digested, converted into some other material, assimilated, or otherwise killed by an act of vore.",description,QuirkDefs\QuirkPool_ItemDamage.xml,def,"These quirks determine how much damage implants and clothing worn by the prey receives when the prey who came with them is digested, converted into some other material, assimilated, or otherwise killed by an act of <ALIMT >vore</ALIMT>.",这些怪癖决定了当植入者被消化、转换成其他材料、被吸收或以其他方式杀死时，植入者和衣物会受到多大的伤害吃人
ItemDamage_Default.label,Normal item damage,label,QuirkDefs\QuirkPool_ItemDamage.xml,def,Normal item damage,普通物品伤害
ItemDamage_Default.description,"[PAWN_label] damages clothing and implants to a normal degree. The stomach wasn't necessarily designed to digest tough fiber and machined plasteel, but neither were clothes and delicate mechanisms necessarily designed to survive a long acid bath.",description,QuirkDefs\QuirkPool_ItemDamage.xml,def,"<ALIMT >(PH_1)</ALIMT> damages clothing and implants to a normal degree. The stomach wasn't necessarily designed to digest tough fiber and machined plasteel, but neither were clothes and delicate mechanisms necessarily designed to survive a long acid bath.",[PAWN_label]损坏衣物和植入物至正常程度。胃不一定是为了消化坚韧的纤维和加工玻璃钢而设计的，但衣服和精致的机制也不一定是为了在长时间的酸浴中存活而设计的。
ItemDamage_Traceless.label,Traceless digestion,label,QuirkDefs\QuirkPool_ItemDamage.xml,def,Traceless digestion,无痕消化
ItemDamage_Traceless.description,"[PAWN_label] leaves no trace of [PAWN_possessive] prey when [PAWN_pronoun] is done digesting. Clothing, implants, power armor? It all turns to mush, if anything at all.",description,QuirkDefs\QuirkPool_ItemDamage.xml,def,"<ALIMT >(PH_3)</ALIMT> leaves no trace of <ALIMT >(PH_2)</ALIMT> prey when <ALIMT >(PH_1)</ALIMT> is done digesting. Clothing, implants, power armor? It all turns to mush, if anything at all.",[PAWN_label]不留下任何痕迹[PAWN_possessive]捕食时[PAWN_pronoun]正在消化完成。衣物、植入物、动力装甲？一切都变成了糊状物，如果有的话。
ItemDamage_Moth.label,Mothlike digestion,label,QuirkDefs\QuirkPool_ItemDamage.xml,def,Mothlike digestion,轻度消化
ItemDamage_Moth.description,[PAWN_label] has a habit of melting the clothes amd prosthetics off [PAWN_possessive] prey when digesting them. Their innards are just so harsh on such petty accessories.,description,QuirkDefs\QuirkPool_ItemDamage.xml,def,<ALIMT >(PH_2)</ALIMT> has a habit of melting the clothes amd prosthetics off <ALIMT >(PH_1)</ALIMT> prey when digesting them. Their innards are just so harsh on such petty accessories.,[PAWN_label]有将衣物和假肢融化的习惯[PAWN_possessive]消化它们时捕食它们。他们的内衣对这种小配件太苛刻了。
ItemDamage_FiberFriendly.label,Fiber-friendly digestion,label,QuirkDefs\QuirkPool_ItemDamage.xml,def,Fiber-friendly digestion,对纤维友好的消化
ItemDamage_FiberFriendly.description,"[PAWN_label]’s digestive system isn’t all that harsh on clothing and other accessories [PAWN_possessive] gurgled prey might have. That’s not to say that they’ll come out completely unscathed, however.",description,QuirkDefs\QuirkPool_ItemDamage.xml,def,"<ALIMT >(PH_2)</ALIMT>’s digestive system isn’t all that harsh on clothing and other accessories <ALIMT >(PH_1)</ALIMT> gurgled prey might have. That’s not to say that they’ll come out completely unscathed, however.",[PAWN_label]她的消化系统对衣物和其他衣物没有那么严格[PAWN_possessive]嗜血的猎物可能有。然而，这并不是说他们会毫发无伤地出来。
ItemDamage_Spotless.label,Spotless digestion,label,QuirkDefs\QuirkPool_ItemDamage.xml,def,Spotless digestion,一尘不染的消化能力
ItemDamage_Spotless.description,"[PAWN_label] has such a clean and purpose-driven digestive system that [PAWN_pronoun] can digest prey clean out of their clothes, leaving such vestments not only undamaged, but just as spotless as when they were donned. The same goes for implants and so on.",description,QuirkDefs\QuirkPool_ItemDamage.xml,def,"<ALIMT >(PH_2)</ALIMT> has such a clean and purpose-driven digestive system that <ALIMT >(PH_1)</ALIMT> can digest prey clean out of their clothes, leaving such vestments not only undamaged, but just as spotless as when they were donned. The same goes for implants and so on.",[PAWN_label]拥有如此干净且目标明确的消化系统[PAWN_pronoun]可以将猎物的衣物消化干净，使其身上的法衣不仅没有被洗劫一空，而且一尘不染。植入物等也是如此。
Mobility.label,Mobility,label,QuirkDefs\QuirkPool_Mobility.xml,def,Mobility,机动性
Mobility.description,"These quirks determine the impact on a pawn's mobility when said pawn is full of prey. It serves as a soft limit on capacity, as an immobile pawn can still be hand-fed.",description,QuirkDefs\QuirkPool_Mobility.xml,def,"These quirks determine the impact on a <ALIMT >(PH_3)</ALIMT>'s mobility when said <ALIMT >(PH_2)</ALIMT> is full of prey. It serves as a soft limit on capacity, as an immobile <ALIMT >(PH_1)</ALIMT> can still be hand-fed.",这些怪癖决定了对pawn时的机动性pawn到处都是猎物。它作为容量的软限制，作为一个不移动pawn仍然可以用手喂养。
Mobility_Godlike.label,Godlike Agility,label,QuirkDefs\QuirkPool_Mobility.xml,def,Godlike Agility,神圣敏捷
Mobility_Godlike.description,"[PAWN_label] makes walking around with the weight of multiple full grown people hanging off of [PAWN_objective] look effortless, in a way that seems to defy the laws of physics.",description,QuirkDefs\QuirkPool_Mobility.xml,def,"<ALIMT >(PH_2)</ALIMT> makes walking around with the weight of multiple full grown people hanging off of <ALIMT >(PH_1)</ALIMT> look effortless, in a way that seems to defy the laws of physics.",[PAWN_label]让人可以轻松自如地四处走动。[PAWN_objective]看上去毫不费力，似乎是在挑战物理定律。
Mobility_VeryGood.label,Belly acrobat,label,QuirkDefs\QuirkPool_Mobility.xml,def,Belly acrobat,腹部杂技演员
Mobility_VeryGood.description,"[PAWN_label] moves freely while full of prey, as though [PAWN_possessive] belly wasn't there.",description,QuirkDefs\QuirkPool_Mobility.xml,def,"<ALIMT >(PH_2)</ALIMT> moves freely while full of prey, as though <ALIMT >(PH_1)</ALIMT> belly wasn't there.",[PAWN_label]在充满猎物时自由移动，就好像[PAWN_possessive]肚子不在那里。
Mobility_Good.label,Belly-nimble,label,QuirkDefs\QuirkPool_Mobility.xml,def,Belly-nimble,非常敏捷
Mobility_Good.description,[PAWN_label] knows how to keep [PAWN_possessive] balance with a bulging belly.,description,QuirkDefs\QuirkPool_Mobility.xml,def,<ALIMT >(PH_2)</ALIMT> knows how to keep <ALIMT >(PH_1)</ALIMT> balance with a bulging belly.,[PAWN_label]知道如何保持[PAWN_possessive]用鼓鼓的肚子平衡身体。
Mobility_Normal.label,Belly-functional,label,QuirkDefs\QuirkPool_Mobility.xml,def,Belly-functional,腹部-功能性
Mobility_Normal.description,[PAWN_label] is affected by their prey's weight like anyone else.,description,QuirkDefs\QuirkPool_Mobility.xml,def,<ALIMT >(PH_1)</ALIMT> is affected by their prey's weight like anyone else.,[PAWN_label]像其他人一样受到猎物重量的影响。
Mobility_Bad.label,Belly-clumsy,label,QuirkDefs\QuirkPool_Mobility.xml,def,Belly-clumsy,笨拙的腹部
Mobility_Bad.description,[PAWN_label] is unsteady with a big belly and prone to tumbling whenever [PAWN_possessive] prey decide to kick around.,description,QuirkDefs\QuirkPool_Mobility.xml,def,<ALIMT >(PH_2)</ALIMT> is unsteady with a big belly and prone to tumbling whenever <ALIMT >(PH_1)</ALIMT> prey decide to kick around.,[PAWN_label]不稳定，大肚子，容易翻滚[PAWN_possessive]猎物决定四处踢腿。
Mobility_VeryBad.label,Belly-dysfunctional,label,QuirkDefs\QuirkPool_Mobility.xml,def,Belly-dysfunctional,腹部功能失调
Mobility_VeryBad.description,"[PAWN_label] can barely stay on [PAWN_possessive] feet with a big, round belly, let alone jog around.",description,QuirkDefs\QuirkPool_Mobility.xml,def,"<ALIMT >(PH_2)</ALIMT> can barely stay on <ALIMT >(PH_1)</ALIMT> feet with a big, round belly, let alone jog around.",[PAWN_label]勉强可以留下来[PAWN_possessive]有着大而圆的肚子的脚，更不用说四处慢跑了。
NutritionEfficiency.label,Nutrition efficiency,label,QuirkDefs\QuirkPool_NutritionAmount.xml,def,Nutrition efficiency,营养效率
NutritionEfficiency.description,"These quirks determine how efficient a predator's digestion and conversion are with prey, unconnected to any metabolism modifiers. The better the efficiency, the more vore product a predator produces.",description,QuirkDefs\QuirkPool_NutritionAmount.xml,def,"These quirks determine how efficient a predator's digestion and conversion are with prey, unconnected to any metabolism modifiers. The better the efficiency, the more <ALIMT >vore</ALIMT> product a predator produces.",这些怪癖决定了捕食者对猎物的消化和转化有多有效，与任何代谢修改器无关。效率越高吃人捕食者产出的产物。
NutritionEfficiency_Godlike.label,Godlike Efficiency,label,QuirkDefs\QuirkPool_NutritionAmount.xml,def,Godlike Efficiency,神圣之效
NutritionEfficiency_Godlike.description,"Is it magic? Archotech implants? Who knows! At the end of the day, all that really matters is that [PAWN_label] is capable of feeding or fertilizing an entire colony on [PAWN_possessive] own.",description,QuirkDefs\QuirkPool_NutritionAmount.xml,def,"Is it magic? Archotech implants? Who knows! At the end of the day, all that really matters is that <ALIMT >(PH_2)</ALIMT> is capable of feeding or fertilizing an entire colony on <ALIMT >(PH_1)</ALIMT> own.",它有魔力吗？超凡植入物？谁知道!归根结底，真正重要的是[PAWN_label]能够哺育或使整个殖民地受精[PAWN_possessive]拥有。
NutritionEfficiency_VeryGood.label,Industrial efficiency,label,QuirkDefs\QuirkPool_NutritionAmount.xml,def,Industrial efficiency,工业效率
NutritionEfficiency_VeryGood.description,[PAWN_label] is about twice as efficient at gaining nourishment and producing materials from prey as other predators. [PAWN_pronoun] uses the whole muffalo.,description,QuirkDefs\QuirkPool_NutritionAmount.xml,def,<ALIMT >(PH_2)</ALIMT> is about twice as efficient at gaining nourishment and producing materials from prey as other predators. <ALIMT >(PH_1)</ALIMT> uses the whole muffalo.,[PAWN_label]在从猎物身上获取营养和生产材料方面的效率是其他捕食者的两倍。[PAWN_pronoun]使用整个雪牛。
NutritionEfficiency_Good.label,Efficient,label,QuirkDefs\QuirkPool_NutritionAmount.xml,def,Efficient,高效的
NutritionEfficiency_Good.description,[PAWN_label] is about 150% as efficient at gaining nourishment and producing materials from prey as other predators. [PAWN_possessive] body just knows how to coax a little more nutrition out of the marrows and ligaments of [PAWN_possessive] prey.,description,QuirkDefs\QuirkPool_NutritionAmount.xml,def,<ALIMT >(PH_3)</ALIMT> is about 150% as efficient at gaining nourishment and producing materials from prey as other predators. <ALIMT >(PH_2)</ALIMT> body just knows how to coax a little more nutrition out of the marrows and ligaments of <ALIMT >(PH_1)</ALIMT> prey.,[PAWN_label]在从被捕食的动物身上获取营养和生产材料时，其效率约为其他捕食者的 150%。[PAWN_possessive]身体只知道如何从[PAWN_possessive]猎物。
NutritionEfficiency_Normal.label,Normal efficiency,label,QuirkDefs\QuirkPool_NutritionAmount.xml,def,Normal efficiency,普通效率
NutritionEfficiency_Normal.description,[PAWN_label] is as efficient as other predators.,description,QuirkDefs\QuirkPool_NutritionAmount.xml,def,<ALIMT >(PH_1)</ALIMT> is as efficient as other predators.,[PAWN_label]和其他捕食者一样高效。
NutritionEfficiency_Bad.label,Inefficient,label,QuirkDefs\QuirkPool_NutritionAmount.xml,def,Inefficient,低效
NutritionEfficiency_Bad.description,"[PAWN_label] is about 75% as efficient at gaining nourishment and producing materials from prey as other predators. [PAWN_possessive] body just isn't as good at breaking down all those tough, unchewed tissues into something nutritious.",description,QuirkDefs\QuirkPool_NutritionAmount.xml,def,"<ALIMT >(PH_2)</ALIMT> is about 75% as efficient at gaining nourishment and producing materials from prey as other predators. <ALIMT >(PH_1)</ALIMT> body just isn't as good at breaking down all those tough, unchewed tissues into something nutritious.",[PAWN_label]在从被捕食的动物身上获取营养和生产材料时，其效率约为其他捕食者的 75%。[PAWN_possessive]身体只是不擅长将那些坚韧的、未被咀嚼的组织分解成有营养的东西。
NutritionEfficiency_VeryBad.label,Very inefficient,label,QuirkDefs\QuirkPool_NutritionAmount.xml,def,Very inefficient,极低效
NutritionEfficiency_VeryBad.description,[PAWN_label] is about half as efficient at gaining nourishment and producing materials from prey as other predators. [PAWN_pronoun] needs to eat a lot of people to stay full.,description,QuirkDefs\QuirkPool_NutritionAmount.xml,def,<ALIMT >(PH_2)</ALIMT> is about half as efficient at gaining nourishment and producing materials from prey as other predators. <ALIMT >(PH_1)</ALIMT> needs to eat a lot of people to stay full.,[PAWN_label]从被捕食的动物身上汲取营养和生产材料的效率只有其他捕食者的一半。[PAWN_pronoun]需要吃很多人才能吃饱。
PreyNutrition.label,Nutritiousness,label,QuirkDefs\QuirkPool_NutritionAmount.xml,def,Nutritiousness,营养
PreyNutrition.description,"These quirks determine how nutritious the pawn is to predators. The more nutritious, the more vore products will be produced.",description,QuirkDefs\QuirkPool_NutritionAmount.xml,def,"These quirks determine how nutritious the <ALIMT >(PH_1)</ALIMT> is to predators. The more nutritious, the more <ALIMT >vore</ALIMT> products will be produced.",这些怪癖决定了它的营养价值pawn是写给捕食者的。营养越多吃人产品将被生产。
PreyNutrition_VeryGood.label,Very nutritious,label,QuirkDefs\QuirkPool_NutritionAmount.xml,def,Very nutritious,营养丰富
PreyNutrition_VeryGood.description,[PAWN_label] is about twice as nutritious as other prey. The best kind of ration around!,description,QuirkDefs\QuirkPool_NutritionAmount.xml,def,<ALIMT >(PH_1)</ALIMT> is about twice as nutritious as other prey. The best kind of ration around!,[PAWN_label]其营养价值是其他猎物的两倍。最好的口粮!
PreyNutrition_Good.label,Nutritious,label,QuirkDefs\QuirkPool_NutritionAmount.xml,def,Nutritious,营养丰富
PreyNutrition_Good.description,[PAWN_label] is about 150% as nutritious as other prey. [PAWN_pronoun]'ll keep a pred full for a while.,description,QuirkDefs\QuirkPool_NutritionAmount.xml,def,<ALIMT >(PH_2)</ALIMT> is about 150% as nutritious as other prey. <ALIMT >(PH_1)</ALIMT>'ll keep a pred full for a while.,[PAWN_label]与其他猎物一样有营养，营养值约为 150%。[PAWN_pronoun]将保留一个 pred 一段时间。
PreyNutrition_Normal.label,Normal nutritiousness,label,QuirkDefs\QuirkPool_NutritionAmount.xml,def,Normal nutritiousness,营养值正常
PreyNutrition_Normal.description,[PAWN_label] is as nutritious as other prey.,description,QuirkDefs\QuirkPool_NutritionAmount.xml,def,<ALIMT >(PH_1)</ALIMT> is as nutritious as other prey.,[PAWN_label]与其他猎物一样有营养。
PreyNutrition_Bad.label,Unnutritious,label,QuirkDefs\QuirkPool_NutritionAmount.xml,def,Unnutritious,缺乏营养
PreyNutrition_Bad.description,[PAWN_label] is about 75% as nutritious as other prey. [PAWN_pronoun] wouldn't make for good livestock.,description,QuirkDefs\QuirkPool_NutritionAmount.xml,def,<ALIMT >(PH_2)</ALIMT> is about 75% as nutritious as other prey. <ALIMT >(PH_1)</ALIMT> wouldn't make for good livestock.,[PAWN_label]与其他猎物一样有营养，营养值约为 75%。[PAWN_pronoun]卖不好牲畜。
PreyNutrition_VeryBad.label,Junk prey,label,QuirkDefs\QuirkPool_NutritionAmount.xml,def,Junk prey,垃圾猎物
PreyNutrition_VeryBad.description,[PAWN_label] is about half as nutritious as other prey. You'd get a better meal out of a vending machine.,description,QuirkDefs\QuirkPool_NutritionAmount.xml,def,<ALIMT >(PH_1)</ALIMT> is about half as nutritious as other prey. You'd get a better meal out of a vending machine.,[PAWN_label]营养价值只有其他猎物的一半。你可以从自动售货机里买到更好的食物。
Persuasiveness.label,Persuasiveness,label,QuirkDefs\QuirkPool_Persuasiveness.xml,def,Persuasiveness,信仰
Persuasiveness.description,These quirks determine how convincing a pawn is at proposing a vore attempt.,description,QuirkDefs\QuirkPool_Persuasiveness.xml,def,These quirks determine how convincing a <ALIMT >(PH_1)</ALIMT> is at proposing a <ALIMT >vore</ALIMT> attempt.,这些怪癖决定了说服pawn正在提议一个吃人尝试中。
Persuasiveness_VeryGood.label,Beguilingly voresuasive,label,QuirkDefs\QuirkPool_Persuasiveness.xml,def,Beguilingly voresuasive,沉浸在脑海中
Persuasiveness_VeryGood.description,Forget a silver tongue; [PAWN_label] has a whole maw-full of gold and honey. Targets are much more likely to agree to [PAWN_possessive] proposals.,description,QuirkDefs\QuirkPool_Persuasiveness.xml,def,Forget a silver tongue; <ALIMT >(PH_2)</ALIMT> has a whole maw-full of gold and honey. Targets are much more likely to agree to <ALIMT >(PH_1)</ALIMT> proposals.,忘记一个银舌;[PAWN_label]长满了黄金和蜂蜜。目标更有可能同意[PAWN_possessive]提议。
Persuasiveness_Good.label,Voresuasive,label,QuirkDefs\QuirkPool_Persuasiveness.xml,def,Voresuasive,迷雾
Persuasiveness_Good.description,[PAWN_label] has a silver tongue with the subject of vore. Targets are more likely to agree to [PAWN_possessive] proposals.,description,QuirkDefs\QuirkPool_Persuasiveness.xml,def,<ALIMT >(PH_2)</ALIMT> has a silver tongue with the subject of <ALIMT >vore</ALIMT>. Targets are more likely to agree to <ALIMT >(PH_1)</ALIMT> proposals.,[PAWN_label]拥有银舌与吃人目标更可能同意[PAWN_possessive]提议。
Persuasiveness_Normal.label,Neutral charm,label,QuirkDefs\QuirkPool_Persuasiveness.xml,def,Neutral charm,中立魅力
Persuasiveness_Normal.description,[PAWN_label] is not particularly persuasive or unpersuasive about vore.,description,QuirkDefs\QuirkPool_Persuasiveness.xml,def,<ALIMT >(PH_1)</ALIMT> is not particularly persuasive or unpersuasive about <ALIMT >vore</ALIMT>.,[PAWN_label]不是特别有说服力或没有说服力吃人
Persuasiveness_Bad.label,Unvoresuasive,label,QuirkDefs\QuirkPool_Persuasiveness.xml,def,Unvoresuasive,无迷雾
Persuasiveness_Bad.description,[PAWN_label] can't think of any good arguments for why you should do vore with [PAWN_objective]. Targets are less likely to agree to [PAWN_possessive] proposals.,description,QuirkDefs\QuirkPool_Persuasiveness.xml,def,<ALIMT >(PH_3)</ALIMT> can't think of any good arguments for why you should do <ALIMT >vore</ALIMT> with <ALIMT >(PH_2)</ALIMT>. Targets are less likely to agree to <ALIMT >(PH_1)</ALIMT> proposals.,[PAWN_label]想不出什么好的理由来证明你为什么应该这样做吃人伴[PAWN_objective]目标不太可能同意[PAWN_possessive]提议。
Persuasiveness_VeryBad.label,Staggeringly unvoresuasive,label,QuirkDefs\QuirkPool_Persuasiveness.xml,def,Staggeringly unvoresuasive,惊人的不晕过去
Persuasiveness_VeryBad.description,[PAWN_label] could convince a rampaging predator not to eat [PAWN_objective]... so long as [PAWN_pronoun] was actively trying to get eaten. Targets are much less likely to agree to [PAWN_possessive] proposals.,description,QuirkDefs\QuirkPool_Persuasiveness.xml,def,<ALIMT >(PH_4)</ALIMT> could convince a rampaging predator not to eat <ALIMT >(PH_3)</ALIMT>... so long as <ALIMT >(PH_2)</ALIMT> was actively trying to get eaten. Targets are much less likely to agree to <ALIMT >(PH_1)</ALIMT> proposals.,[PAWN_label]能说服一个狂暴的捕食者不吃[PAWN_objective]...只要[PAWN_pronoun]试图主动被吃掉。目标不太可能同意[PAWN_possessive]提议。
PostVoreAbilities.label,Post vore abilities,label,QuirkDefs\QuirkPool_PostVoreAbilities.xml,def,Post <ALIMT >vore</ALIMT> abilities,后期吃人能力
PostVoreAbilities.description,These quirks give pawns custom abilities that are triggered after vore.,description,QuirkDefs\QuirkPool_PostVoreAbilities.xml,def,These quirks give pawns custom abilities that are triggered after <ALIMT >vore</ALIMT>.,这些怪癖给予殖民者自定义的能力，这些能力是在吃人
PostVoreAbilities_SkillAbsorb.label,Skill absorb,label,QuirkDefs\QuirkPool_PostVoreAbilities.xml,def,Skill absorb,技能吸收
PostVoreAbilities_SkillAbsorb.description,[PAWN_label] has a 20% chance of absorbing experience from [PAWN_possessive] preys highest skill.,description,QuirkDefs\QuirkPool_PostVoreAbilities.xml,def,<ALIMT >(PH_2)</ALIMT> has a 20% chance of absorbing experience from <ALIMT >(PH_1)</ALIMT> preys highest skill.,[PAWN_label]有 20% 的几率将经验从[PAWN_possessive]捕食最高技能。
PostVoreAbilities_PsyfocusGainPrey.label,Psyfocus gain (prey),label,QuirkDefs\QuirkPool_PostVoreAbilities.xml,def,Psyfocus gain (prey),精神力提升 (猎物)
PostVoreAbilities_PsyfocusGainPrey.description,[PAWN_label] has a 20% chance of gaining psyfocus after being vored.,description,QuirkDefs\QuirkPool_PostVoreAbilities.xml,def,<ALIMT >(PH_1)</ALIMT> has a 20% chance of gaining psyfocus after being vored.,[PAWN_label]被伏击后有 20% 的几率获得精神力。
PostVoreAbilities_PsyfocusGainPredator.label,Psyfocus gain (predator),label,QuirkDefs\QuirkPool_PostVoreAbilities.xml,def,Psyfocus gain (predator),精神力提升 (捕食者)
PostVoreAbilities_PsyfocusGainPredator.description,[PAWN_label] has a 20% chance of gaining psyfocus after doing vore.,description,QuirkDefs\QuirkPool_PostVoreAbilities.xml,def,<ALIMT >(PH_1)</ALIMT> has a 20% chance of gaining psyfocus after doing <ALIMT >vore</ALIMT>.,[PAWN_label]做了之后有 20% 的几率获得精神力吃人
PostVoreAbilities_TraitAbsorb.label,Trait absorb,label,QuirkDefs\QuirkPool_PostVoreAbilities.xml,def,Trait absorb,特性吸收
PostVoreAbilities_TraitAbsorb.description,[PAWN_label] has a 20% chance of absorbing a random trait from [PAWN_possessive] prey.,description,QuirkDefs\QuirkPool_PostVoreAbilities.xml,def,<ALIMT >(PH_2)</ALIMT> has a 20% chance of absorbing a random trait from <ALIMT >(PH_1)</ALIMT> prey.,[PAWN_label]有 20% 的几率获得一个随机特性给[PAWN_possessive]猎物。
StorageCapacity.label,Storage capacity,label,QuirkDefs\QuirkPool_StorageCapacity.xml,def,Storage capacity,储存容量
StorageCapacity.description,These quirks determine how many prey can fit in the pawn. The volume of a preything is its body size. A predator's capacity is a multiplier of its body size.,description,QuirkDefs\QuirkPool_StorageCapacity.xml,def,These quirks determine how many prey can fit in the <ALIMT >(PH_1)</ALIMT>. The volume of a preything is its body size. A predator's capacity is a multiplier of its body size.,这些怪癖决定了能容纳多少猎物pawn猎物的体积等于其身体尺寸。捕食者的容量是其体型的乘数。
StorageCapacity_Godlike.label,Godlike Capacity,label,QuirkDefs\QuirkPool_StorageCapacity.xml,def,Godlike Capacity,神明容量
StorageCapacity_Godlike.description,"[PAWN_label]'s skin is supernaturally stretchy, able to expand to sizes that defy all logic and reason. No matter how full [PAWN_pronoun] gets, [PAWN_pronoun] seemingly always has room for one more.",description,QuirkDefs\QuirkPool_StorageCapacity.xml,def,"<ALIMT >(PH_3)</ALIMT>'s skin is supernaturally stretchy, able to expand to sizes that defy all logic and reason. No matter how full <ALIMT >(PH_2)</ALIMT> gets, <ALIMT >(PH_1)</ALIMT> seemingly always has room for one more.","[PAWN_label]它的皮肤拥有超凡的伸展能力，能够将其扩张至完全挑战逻辑和理性的大小。无论多么满[PAWN_pronoun]获取,[PAWN_pronoun]似乎总是有地方再放一个人。"
StorageCapacity_VeryGood.label,Cavernous,label,QuirkDefs\QuirkPool_StorageCapacity.xml,def,Cavernous,洞穴
StorageCapacity_VeryGood.description,"[PAWN_label] can stuff [PAWN_objective]self silly with prey and still have room for more, though even [PAWN_pronoun] has limits.",description,QuirkDefs\QuirkPool_StorageCapacity.xml,def,"<ALIMT >(PH_3)</ALIMT> can stuff <ALIMT >(PH_2)</ALIMT>self silly with prey and still have room for more, though even <ALIMT >(PH_1)</ALIMT> has limits.",[PAWN_label]罐头装填[PAWN_objective]用猎物实现愚蠢的自我，并且仍然有更多的空间，即使[PAWN_pronoun]有极限。
StorageCapacity_Good.label,Stretchy,label,QuirkDefs\QuirkPool_StorageCapacity.xml,def,Stretchy,可拉伸
StorageCapacity_Good.description,[PAWN_label] can stretch to fit more prey than the average predator.,description,QuirkDefs\QuirkPool_StorageCapacity.xml,def,<ALIMT >(PH_1)</ALIMT> can stretch to fit more prey than the average predator.,[PAWN_label]可以伸展以适应比普通捕食者更多的猎物。
StorageCapacity_Normal.label,Normal capacity,label,QuirkDefs\QuirkPool_StorageCapacity.xml,def,Normal capacity,普通容量
StorageCapacity_Normal.description,[PAWN_label] can fit as many prey as anyone else.,description,QuirkDefs\QuirkPool_StorageCapacity.xml,def,<ALIMT >(PH_1)</ALIMT> can fit as many prey as anyone else.,[PAWN_label]可以像其他人一样容纳尽可能多的猎物。
StorageCapacity_Bad.label,Tight,label,QuirkDefs\QuirkPool_StorageCapacity.xml,def,Tight,紧绷
StorageCapacity_Bad.description,"[PAWN_label] struggles to fit as many prey inside [PAWN_objective]self as most of [PAWN_possessive] predatory peers can; there's only room for one, maybe (by default).",description,QuirkDefs\QuirkPool_StorageCapacity.xml,def,"<ALIMT >(PH_3)</ALIMT> struggles to fit as many prey inside <ALIMT >(PH_2)</ALIMT>self as most of <ALIMT >(PH_1)</ALIMT> predatory peers can; there's only room for one, maybe (by default).",[PAWN_label]努力在里面容纳尽可能多的猎物[PAWN_objective]拥有最多的自我[PAWN_possessive]掠食的同伴可以; 可能 (默认情况下) 只有一个人的空间。
StorageCapacity_VeryBad.label,Claustrophobic,label,QuirkDefs\QuirkPool_StorageCapacity.xml,def,Claustrophobic,幽闭恐惧症
StorageCapacity_VeryBad.description,"[PAWN_label] struggles with a lack of capacity for prey. [PAWN_pronoun] can't eat prey of the same size (by default), and fills up fast otherwise.",description,QuirkDefs\QuirkPool_StorageCapacity.xml,def,"<ALIMT >(PH_2)</ALIMT> struggles with a lack of capacity for prey. <ALIMT >(PH_1)</ALIMT> can't eat prey of the same size (by default), and fills up fast otherwise.",[PAWN_label]与捕食能力的缺乏作斗争。[PAWN_pronoun]不能吃掉相同大小的猎物 (默认情况下)，否则会被快速填满。
StrippingPreference_Predator.label,Stripping preference as predator,label,QuirkDefs\QuirkPool_StrippingPreference.xml,def,Stripping preference as predator,剥光偏好为捕食者
StrippingPreference_Predator.description,"These quirks determine what the pawn either wants to do, or will try to do, when devouring clothed prey, depending on your stripping settings.",description,QuirkDefs\QuirkPool_StrippingPreference.xml,def,"These quirks determine what the <ALIMT >(PH_1)</ALIMT> either wants to do, or will try to do, when devouring <ALIMT >clothed</ALIMT> prey, depending on your stripping settings.",这些怪癖决定了pawn当吞噬时，不是想做，就是想试着去做穿着衣服猎物，取决于你的剥光设置。
StrippingPreference_Predator_MothTongue.label,Moth's tongue,label,QuirkDefs\QuirkPool_StrippingPreference.xml,def,Moth's tongue,飞蛾舌
StrippingPreference_Predator_MothTongue.description,"[PAWN_label] prefers the taste of fabric to skin (whether or not [PAWN_pronoun] actually enjoys fabric), and will keep [PAWN_possessive] prey in whatever garb they come.",description,QuirkDefs\QuirkPool_StrippingPreference.xml,def,"<ALIMT >(PH_3)</ALIMT> prefers the taste of fabric to skin (whether or not <ALIMT >(PH_2)</ALIMT> actually enjoys fabric), and will keep <ALIMT >(PH_1)</ALIMT> prey in whatever garb they come.",[PAWN_label]比起皮肤，我更喜欢织物的味道 (无论是否[PAWN_pronoun]实际享受纤维)，并将保持[PAWN_possessive]无论他们穿着什么衣物来捕食。
StrippingPreference_Predator_None.label,Hyphaphagic ambivalence,label,QuirkDefs\QuirkPool_StrippingPreference.xml,def,Hyphaphagic ambivalence,融合基因矛盾心理
StrippingPreference_Predator_None.description,[PAWN_label] does not care whether their prey is clothed or not.,description,QuirkDefs\QuirkPool_StrippingPreference.xml,def,<ALIMT >(PH_1)</ALIMT> does not care whether their prey is <ALIMT >clothed</ALIMT> or not.,[PAWN_label]不在乎猎物是否穿着衣服或者不是。
StrippingPreference_Predator_SkinTaster.label,Skin-taster,label,QuirkDefs\QuirkPool_StrippingPreference.xml,def,Skin-taster,试肤者
StrippingPreference_Predator_SkinTaster.description,"[PAWN_label] savors the flavor of skin, and will always peel the wrapper off [PAWN_possessive] prey, if given the opportunity.",description,QuirkDefs\QuirkPool_StrippingPreference.xml,def,"<ALIMT >(PH_2)</ALIMT> savors the flavor of skin, and will always peel the wrapper off <ALIMT >(PH_1)</ALIMT> prey, if given the opportunity.",[PAWN_label]品尝到皮肤的味道，并且总是会将包装撕掉[PAWN_possessive]猎物，如果有机会的话。
StrippingPreference_Prey.label,Stripping preference as prey,label,QuirkDefs\QuirkPool_StrippingPreference.xml,def,Stripping preference as prey,剥光偏好为猎物
StrippingPreference_Prey.description,"These quirks determine what the pawn either wants to do, or will try to do, when agreeing to a vore attempt while clothed, depending on your stripping settings.",description,QuirkDefs\QuirkPool_StrippingPreference.xml,def,"These quirks determine what the <ALIMT >(PH_1)</ALIMT> either wants to do, or will try to do, when agreeing to a <ALIMT >vore</ALIMT> attempt while <ALIMT >clothed</ALIMT>, depending on your stripping settings.","这些怪癖决定了pawn当同意一个吃人尝试时穿着衣服,取决于你的剥光设置。"
StrippingPreference_Prey_NeverNude.label,Nevernude prey,label,QuirkDefs\QuirkPool_StrippingPreference.xml,def,Nevernude prey,裸体猎物
StrippingPreference_Prey_NeverNude.description,[PAWN_label] prefers to have a protective and modest layer of clothes between [PAWN_objective]self and [PAWN_possessive] predator.,description,QuirkDefs\QuirkPool_StrippingPreference.xml,def,<ALIMT >(PH_3)</ALIMT> prefers to have a protective and modest layer of clothes between <ALIMT >(PH_2)</ALIMT>self and <ALIMT >(PH_1)</ALIMT> predator.,[PAWN_label]喜欢有一个防护和适度的衣服之间的层。[PAWN_objective]自己和[PAWN_possessive]捕食者。
StrippingPreference_Prey_None.label,Clothing ambivalence,label,QuirkDefs\QuirkPool_StrippingPreference.xml,def,Clothing ambivalence,衣着矛盾
StrippingPreference_Prey_None.description,[PAWN_label] does not care if they are nude or clothed when being devoured.,description,QuirkDefs\QuirkPool_StrippingPreference.xml,def,<ALIMT >(PH_1)</ALIMT> does not care if they are <ALIMT >nude</ALIMT> or <ALIMT >clothed</ALIMT> when being devoured.,[PAWN_label]不在乎他们是否裸体或穿着衣服被吞噬时。
StrippingPreference_Prey_Nude.label,Commando prey,label,QuirkDefs\QuirkPool_StrippingPreference.xml,def,Commando prey,突击队猎物
StrippingPreference_Prey_Nude.description,[PAWN_label] hates it when a layer of sopping-wet clothes gets between between [PAWN_objective] and [PAWN_possessive] predator. Leaving the clothes behind also makes washing up easier.,description,QuirkDefs\QuirkPool_StrippingPreference.xml,def,<ALIMT >(PH_3)</ALIMT> hates it when a layer of sopping-wet clothes gets between between <ALIMT >(PH_2)</ALIMT> and <ALIMT >(PH_1)</ALIMT> predator. Leaving the clothes behind also makes washing up easier.,[PAWN_label]讨厌有湿衣服从这里穿过[PAWN_objective]和[PAWN_possessive]捕食者。把衣服放在后面也会让洗起来更容易。
StruggleCapability.label,Struggle Capability,label,QuirkDefs\QuirkPool_StruggleInfluence.xml,def,Struggle Capability,战斗能力
StruggleCapability.description,These quirks influence whether or not struggling is available for prey or predator.,description,QuirkDefs\QuirkPool_StruggleInfluence.xml,def,These quirks influence whether or not struggling is available for prey or predator.,这些怪癖会影响猎物或捕食者是否可以在战斗中生存。
StruggleStrength_Prey.label,Struggle strength (Prey),label,QuirkDefs\QuirkPool_StruggleInfluence.xml,def,Struggle strength (Prey),挣扎强度 (猎物)
StruggleStrength_Prey.description,These quirks influence the struggling capability for the pawn when vored by others.,description,QuirkDefs\QuirkPool_StruggleInfluence.xml,def,These quirks influence the struggling capability for the <ALIMT >(PH_1)</ALIMT> when vored by others.,这些怪癖会影响人类的挣扎能力pawn被人崇拜时。
StruggleStrength_Predator.label,Struggle strength (Predator),label,QuirkDefs\QuirkPool_StruggleInfluence.xml,def,Struggle strength (Predator),战斗强度 (捕食者)
StruggleStrength_Predator.description,These quirks influence the struggling capability for the pawn when voring others.,description,QuirkDefs\QuirkPool_StruggleInfluence.xml,def,These quirks influence the struggling capability for the <ALIMT >(PH_1)</ALIMT> when voring others.,这些怪癖会影响人类的挣扎能力pawn收留他人时。
StruggleCapability_NoStruggleAsPrey.label,Sedentary,label,QuirkDefs\QuirkPool_StruggleInfluence.xml,def,Sedentary,久坐
StruggleCapability_NoStruggleAsPrey.description,"[PAWN_label] does not mind being vored, no matter what the repercussions might be. As a result [PAWN_pronoun] will never bother to struggle.",description,QuirkDefs\QuirkPool_StruggleInfluence.xml,def,"<ALIMT >(PH_2)</ALIMT> does not mind being vored, no matter what the repercussions might be. As a result <ALIMT >(PH_1)</ALIMT> will never bother to struggle.",[PAWN_label]不管产生什么影响，我都不介意被放逐。因此[PAWN_pronoun]不会去挣扎。
StruggleCapability_NoStruggleAsPredator.label,Numbing,label,QuirkDefs\QuirkPool_StruggleInfluence.xml,def,Numbing,麻木
StruggleCapability_NoStruggleAsPredator.description,"[PAWN_label]'s stomach secretes numbing enzymes that paralyze [PAWN_possessive] prey, as a result anyone vored by [PAWN_objective] will never struggle.",description,QuirkDefs\QuirkPool_StruggleInfluence.xml,def,"<ALIMT >(PH_3)</ALIMT>'s stomach secretes numbing enzymes that paralyze <ALIMT >(PH_2)</ALIMT> prey, as a result anyone vored by <ALIMT >(PH_1)</ALIMT> will never struggle.",[PAWN_label]的胃分泌麻痹[PAWN_possessive]猎物，因此有人被[PAWN_objective]永不挣扎。
StruggleStrength_Prey_Good.label,Wiggler,label,QuirkDefs\QuirkPool_StruggleInfluence.xml,def,Wiggler,摇杆
StruggleStrength_Prey_Good.description,[PAWN_label] knows how to move to struggle [PAWN_possessive] way out of [PAWN_possessive] predator.,description,QuirkDefs\QuirkPool_StruggleInfluence.xml,def,<ALIMT >(PH_3)</ALIMT> knows how to move to struggle <ALIMT >(PH_2)</ALIMT> way out of <ALIMT >(PH_1)</ALIMT> predator.,[PAWN_label]知道如何去挣扎[PAWN_possessive]退出方式[PAWN_possessive]捕食者。
StruggleStrength_Prey_Normal.label,Normal,label,QuirkDefs\QuirkPool_StruggleInfluence.xml,def,Normal,普通
StruggleStrength_Prey_Normal.description,[PAWN_label] is as good as anyone else at struggling.,description,QuirkDefs\QuirkPool_StruggleInfluence.xml,def,<ALIMT >(PH_1)</ALIMT> is as good as anyone else at struggling.,[PAWN_label]和其他人一样善于挣扎。
StruggleStrength_Prey_Bad.label,Clumsy,label,QuirkDefs\QuirkPool_StruggleInfluence.xml,def,Clumsy,笨拙
StruggleStrength_Prey_Bad.description,[PAWN_label] is a bit of a klutz and can't figure out how to move to make [PAWN_possessive] predator release [PAWN_objective].,description,QuirkDefs\QuirkPool_StruggleInfluence.xml,def,<ALIMT >(PH_3)</ALIMT> is a bit of a klutz and can't figure out how to move to make <ALIMT >(PH_2)</ALIMT> predator release <ALIMT >(PH_1)</ALIMT>.,[PAWN_label]有点笨手笨脚的，不知道如何移动[PAWN_possessive]捕食者释放[PAWN_objective]
StruggleStrength_Predator_Good.label,Iron gut,label,QuirkDefs\QuirkPool_StruggleInfluence.xml,def,Iron gut,铁肠
StruggleStrength_Predator_Good.description,"[PAWN_label] has a resolve of steel, with the guts to match. Prey will have a more difficult time trying to struggle out of [PAWN_possessive].",description,QuirkDefs\QuirkPool_StruggleInfluence.xml,def,"<ALIMT >(PH_2)</ALIMT> has a resolve of steel, with the guts to match. Prey will have a more difficult time trying to struggle out of <ALIMT >(PH_1)</ALIMT>.",[PAWN_label]有钢铁的决意，有与之匹配的勇气。猎物将有更难挣扎的时候。[PAWN_possessive]
StruggleStrength_Predator_Normal.label,Normal,label,QuirkDefs\QuirkPool_StruggleInfluence.xml,def,Normal,普通
StruggleStrength_Predator_Normal.description,[PAWN_label] does not have any influence on [PAWN_possessive] struggling prey.,description,QuirkDefs\QuirkPool_StruggleInfluence.xml,def,<ALIMT >(PH_2)</ALIMT> does not have any influence on <ALIMT >(PH_1)</ALIMT> struggling prey.,[PAWN_label]不影响[PAWN_possessive]挣扎中的猎物。
StruggleStrength_Predator_Bad.label,Loose,label,QuirkDefs\QuirkPool_StruggleInfluence.xml,def,Loose,松动
StruggleStrength_Predator_Bad.description,[PAWN_label] has a hard time trying to keep [PAWN_possessive] prey from struggling out of [PAWN_possessive] insides.,description,QuirkDefs\QuirkPool_StruggleInfluence.xml,def,<ALIMT >(PH_3)</ALIMT> has a hard time trying to keep <ALIMT >(PH_2)</ALIMT> prey from struggling out of <ALIMT >(PH_1)</ALIMT> insides.,[PAWN_label]很难保持[PAWN_possessive]挣扎而出的猎物[PAWN_possessive]内部。
StrugglePreference.label,Struggle Preference,label,QuirkDefs\QuirkPool_StrugglePreference.xml,def,Struggle Preference,斗争偏好
StrugglePreference.description,These quirks determine the pawns preference for prey struggling inside of them,description,QuirkDefs\QuirkPool_StrugglePreference.xml,def,These quirks determine the pawns preference for prey struggling inside of them,这些怪癖决定了猎兽对猎物的偏好。
StrugglePreference_Hated.label,Hated,label,QuirkDefs\QuirkPool_StrugglePreference.xml,def,Hated,厌恶
StrugglePreference_Hated.description,[PAWN_label] has very irritable insides and hates prey working against [PAWN_objective].,description,QuirkDefs\QuirkPool_StrugglePreference.xml,def,<ALIMT >(PH_2)</ALIMT> has very irritable insides and hates prey working against <ALIMT >(PH_1)</ALIMT>.,[PAWN_label]拥有非常烦躁的器官，厌恶猎物。[PAWN_objective]
StrugglePreference_Normal.label,Normal,label,QuirkDefs\QuirkPool_StrugglePreference.xml,def,Normal,普通
StrugglePreference_Normal.description,[PAWN_label] feels like anyone else when prey is struggling inside of [PAWN_objective] - slightly discomforted.,description,QuirkDefs\QuirkPool_StrugglePreference.xml,def,<ALIMT >(PH_2)</ALIMT> feels like anyone else when prey is struggling inside of <ALIMT >(PH_1)</ALIMT> - slightly discomforted.,[PAWN_label]当猎物在里面挣扎时的感觉就像其他人一样[PAWN_objective]-有点不舒服。
StrugglePreference_Loved.label,Loved,label,QuirkDefs\QuirkPool_StrugglePreference.xml,def,Loved,喜爱
StrugglePreference_Loved.description,"[PAWN_label] enjoys being ""massaged"" from the inside.",description,QuirkDefs\QuirkPool_StrugglePreference.xml,def,"<ALIMT >(PH_1)</ALIMT> enjoys being ""massaged"" from the inside.",[PAWN_label]享受被内部的 “按摩”。
SwallowSpeed.label,Swallow Speed,label,QuirkDefs\QuirkPool_SwallowSpeed.xml,def,Swallow Speed,吞食速度
SwallowSpeed.description,"These quirks determine how quickly a pawn begins vore (i.e., how quickly the prey is removed from the map and added to the pawn's hediffs). It does not currently impact how quickly the ""passing"" stages progress.",description,QuirkDefs\QuirkPool_SwallowSpeed.xml,def,"These quirks determine how quickly a <ALIMT >(PH_2)</ALIMT> begins <ALIMT >vore</ALIMT> (i.e., how quickly the prey is removed from the map and added to the <ALIMT >(PH_1)</ALIMT>'s hediffs). It does not currently impact how quickly the ""passing"" stages progress.",这些怪癖决定了pawn开始吃人(也就是说，猎物从地图上移除并添加到pawn'S hediffs')。它目前不影响 “通过” 阶段的进度。
SwallowSpeed_VeryGood.label,Speed-slurper,label,QuirkDefs\QuirkPool_SwallowSpeed.xml,def,Speed-slurper,狂吠者
SwallowSpeed_VeryGood.description,[PAWN_label] belts down prey at about four times the speed of other predators. [PAWN_pronoun] could dominate a prey-swallowing contest.,description,QuirkDefs\QuirkPool_SwallowSpeed.xml,def,<ALIMT >(PH_2)</ALIMT> belts down prey at about four times the speed of other predators. <ALIMT >(PH_1)</ALIMT> could dominate a prey-swallowing contest.,[PAWN_label]以约为其他捕食者速度的四倍的速度击倒猎物。[PAWN_pronoun]可能会主导吞噬猎物的比赛。
SwallowSpeed_Good.label,Quick eater,label,QuirkDefs\QuirkPool_SwallowSpeed.xml,def,Quick eater,暴食的
SwallowSpeed_Good.description,"[PAWN_label] puts prey away quickly, at about twice the speed of other predators.",description,QuirkDefs\QuirkPool_SwallowSpeed.xml,def,"<ALIMT >(PH_1)</ALIMT> puts prey away quickly, at about twice the speed of other predators.",[PAWN_label]将猎物以两倍于其他捕食者的速度快速放走。
SwallowSpeed_Normal.label,Normal swallow speed,label,QuirkDefs\QuirkPool_SwallowSpeed.xml,def,Normal swallow speed,正常下咽速度
SwallowSpeed_Normal.description,[PAWN_label] swallows prey at an average speed.,description,QuirkDefs\QuirkPool_SwallowSpeed.xml,def,<ALIMT >(PH_1)</ALIMT> swallows prey at an average speed.,[PAWN_label]以平均速度吞噬猎物。
SwallowSpeed_Bad.label,Slow eater,label,QuirkDefs\QuirkPool_SwallowSpeed.xml,def,Slow eater,慢性子
SwallowSpeed_Bad.description,"[PAWN_label] takes prey in at a leisurely pace, half as quick as other predators.",description,QuirkDefs\QuirkPool_SwallowSpeed.xml,def,"<ALIMT >(PH_1)</ALIMT> takes prey in at a leisurely pace, half as quick as other predators.",[PAWN_label]以悠闲的速度捕食动物，速度只有其他捕食者的一半。
SwallowSpeed_VeryBad.label,Lollygagger,label,QuirkDefs\QuirkPool_SwallowSpeed.xml,def,Lollygagger,懒虫
SwallowSpeed_VeryBad.description,"[PAWN_label] has to devour prey real slowly, at about a quarter the speed of other predators, lest [PAWN_possessive] body reject [PAWN_possessive] prey.",description,QuirkDefs\QuirkPool_SwallowSpeed.xml,def,"<ALIMT >(PH_3)</ALIMT> has to devour prey real slowly, at about a quarter the speed of other predators, lest <ALIMT >(PH_2)</ALIMT> body reject <ALIMT >(PH_1)</ALIMT> prey.",[PAWN_label]必须以其他捕食者的四分之一的速度缓慢吞噬猎物，以免[PAWN_possessive]身体排斥[PAWN_possessive]猎物。
GoalPreference_Predator_Anal.label,Predatory type preference (anal),label,QuirkDefs\QuirkPool_TypePreference.xml,def,Predatory type preference (<ALIMT >anal</ALIMT>),捕食动物的类型偏好 (肛门)
GoalPreference_Predator_Anal.description,"These quirks determine how much a pawn likes to stuff prey up their butt. At the extremes, the pawn will either never or always try to posternate prey.",description,QuirkDefs\QuirkPool_TypePreference.xml,def,"These quirks determine how much a <ALIMT >(PH_2)</ALIMT> likes to stuff prey up their butt. At the extremes, the <ALIMT >(PH_1)</ALIMT> will either never or always try to posternate prey.","这些怪癖决定了多少钱一个pawn喜欢往猎物屁股里塞东西。在极端情况下,pawn将永远不会或总是尝试公布猎物。"
TypePreference_Predator_Anal_Obsessed.label,Ravenous analist pred,label,QuirkDefs\QuirkPool_TypePreference.xml,def,Ravenous analist pred,贪婪的食尸鬼
TypePreference_Predator_Anal_Obsessed.description,"[PAWN_label] loves posternating [PAWN_possessive] prey, to the exclusion of other types. It may as well be a second mouth for [PAWN_objective].",description,QuirkDefs\QuirkPool_TypePreference.xml,def,"<ALIMT >(PH_3)</ALIMT> loves posternating <ALIMT >(PH_2)</ALIMT> prey, to the exclusion of other types. It may as well be a second mouth for <ALIMT >(PH_1)</ALIMT>.",[PAWN_label]喜欢装填[PAWN_possessive]捕食的动物，拒绝其他类型的动物。它也可以是第二张嘴[PAWN_objective]
TypePreference_Predator_Anal_Likes.label,Analist pred,label,QuirkDefs\QuirkPool_TypePreference.xml,def,Analist pred,An见 pred
TypePreference_Predator_Anal_Likes.description,[PAWN_label] likes posternating [PAWN_possessive] prey. Not to be confused with an analyst.,description,QuirkDefs\QuirkPool_TypePreference.xml,def,<ALIMT >(PH_2)</ALIMT> likes posternating <ALIMT >(PH_1)</ALIMT> prey. Not to be confused with an analyst.,[PAWN_label]喜欢投送[PAWN_possessive]猎物。不要与分析师混淆。
TypePreference_Predator_Anal_Neutral.label,Anal-ambivalent pred,label,QuirkDefs\QuirkPool_TypePreference.xml,def,<ALIMT >anal</ALIMT>-ambivalent pred,肛门-矛盾 pred
TypePreference_Predator_Anal_Neutral.description,[PAWN_label] doesn't really care one way or the other about posternating prey.,description,QuirkDefs\QuirkPool_TypePreference.xml,def,<ALIMT >(PH_1)</ALIMT> doesn't really care one way or the other about posternating prey.,[PAWN_label]不管用这种或那种方式隐藏猎物。
TypePreference_Predator_Anal_Dislikes.label,Anal-averse pred,label,QuirkDefs\QuirkPool_TypePreference.xml,def,<ALIMT >anal</ALIMT>-averse pred,肛门-厌恶 pred
TypePreference_Predator_Anal_Dislikes.description,"[PAWN_label] dislikes posternating [PAWN_possessive] prey. That's an exit, not an entrance.",description,QuirkDefs\QuirkPool_TypePreference.xml,def,"<ALIMT >(PH_2)</ALIMT> dislikes posternating <ALIMT >(PH_1)</ALIMT> prey. That's an exit, not an entrance.",[PAWN_label]反感发表[PAWN_possessive]猎物。那是出口，不是入口。
TypePreference_Predator_Anal_Refuses.label,Anal-abhorring pred,label,QuirkDefs\QuirkPool_TypePreference.xml,def,<ALIMT >anal</ALIMT>-abhorring pred,肛门-憎恶 pred
TypePreference_Predator_Anal_Refuses.description,"[PAWN_label] hates posternating [PAWN_possessive] prey. Maybe it just hurts, maybe it's disgusting to [PAWN_objective].",description,QuirkDefs\QuirkPool_TypePreference.xml,def,"<ALIMT >(PH_3)</ALIMT> hates posternating <ALIMT >(PH_2)</ALIMT> prey. Maybe it just hurts, maybe it's disgusting to <ALIMT >(PH_1)</ALIMT>.",[PAWN_label]憎恨发狂[PAWN_possessive]猎物。也许只是很疼，也许这很恶心[PAWN_objective]
GoalPreference_Predator_Cock.label,Predatory type preference (cock),label,QuirkDefs\QuirkPool_TypePreference.xml,def,Predatory type preference (cock),捕食动物类型偏好 (公鸡)
GoalPreference_Predator_Cock.description,"These quirks determine how much a pawn likes to sound prey down their cock. At the extremes, the pawn will either never or always try to unsow prey.",description,QuirkDefs\QuirkPool_TypePreference.xml,def,"These quirks determine how much a <ALIMT >(PH_2)</ALIMT> likes to sound prey down their cock. At the extremes, the <ALIMT >(PH_1)</ALIMT> will either never or always try to unsow prey.","这些怪癖决定了多少钱一个pawn喜欢试探猎物的公鸡。在极端情况下,pawn将永远不会或总是试图解散猎物。"
TypePreference_Predator_Cock_Obsessed.label,Ravenous phallicist pred,label,QuirkDefs\QuirkPool_TypePreference.xml,def,Ravenous phallicist pred,贪婪的阳刚 pred
TypePreference_Predator_Cock_Obsessed.description,"[PAWN_label] loves unsowing [PAWN_possessive] prey, to the exclusion of other types. The serpent hungers!",description,QuirkDefs\QuirkPool_TypePreference.xml,def,"<ALIMT >(PH_2)</ALIMT> loves unsowing <ALIMT >(PH_1)</ALIMT> prey, to the exclusion of other types. The serpent hungers!",[PAWN_label]喜欢未播种[PAWN_possessive]捕食的动物，拒绝其他类型的动物。那条毒枭渴望着你!
TypePreference_Predator_Cock_Likes.label,Phallicist pred,label,QuirkDefs\QuirkPool_TypePreference.xml,def,Phallicist pred,阳刚 pred
TypePreference_Predator_Cock_Likes.description,[PAWN_label] likes unsowing [PAWN_possessive] prey. Spunky!,description,QuirkDefs\QuirkPool_TypePreference.xml,def,<ALIMT >(PH_2)</ALIMT> likes unsowing <ALIMT >(PH_1)</ALIMT> prey. Spunky!,[PAWN_label]喜欢未播种[PAWN_possessive]猎物。有灵魂!
TypePreference_Predator_Cock_Neutral.label,Cock-ambivalent pred,label,QuirkDefs\QuirkPool_TypePreference.xml,def,Cock-ambivalent pred,公鸡矛盾 pred
TypePreference_Predator_Cock_Neutral.description,[PAWN_label] doesn't really care one way or the other about unsowing prey.,description,QuirkDefs\QuirkPool_TypePreference.xml,def,<ALIMT >(PH_1)</ALIMT> doesn't really care one way or the other about unsowing prey.,[PAWN_label]不管怎样，不要将猎物播种了。
TypePreference_Predator_Cock_Dislikes.label,Phallic-averse pred,label,QuirkDefs\QuirkPool_TypePreference.xml,def,Phallic-averse pred,佛教徒
TypePreference_Predator_Cock_Dislikes.description,[PAWN_label] dislikes unsowing [PAWN_possessive] prey. What sane person would willingly let a whole person thrash around against their gonads?,description,QuirkDefs\QuirkPool_TypePreference.xml,def,<ALIMT >(PH_2)</ALIMT> dislikes unsowing <ALIMT >(PH_1)</ALIMT> prey. What sane person would willingly let a whole person thrash around against their gonads?,[PAWN_label]厌恶未播种[PAWN_possessive]猎物。什么样的理智的人会愿意让整个人一起敲击他们的性腺？
TypePreference_Predator_Cock_Refuses.label,Phallic-abhorring pred,label,QuirkDefs\QuirkPool_TypePreference.xml,def,Phallic-abhorring pred,佛教徒
TypePreference_Predator_Cock_Refuses.description,"[PAWN_label] hates unsowing [PAWN_possessive] prey. It just takes one nick, one errant nail or tooth, and then you have a bladder infection.",description,QuirkDefs\QuirkPool_TypePreference.xml,def,"<ALIMT >(PH_2)</ALIMT> hates unsowing <ALIMT >(PH_1)</ALIMT> prey. It just takes one nick, one errant nail or tooth, and then you have a bladder infection.",[PAWN_label]厌恶未播种[PAWN_possessive]猎物。它只需要一个尼克，一个错误的指甲或牙齿，然后你就有了膀胱感染。
GoalPreference_Predator_Nipple.label,Predatory type preference (nipple),label,QuirkDefs\QuirkPool_TypePreference.xml,def,Predatory type preference (<ALIMT >nipple</ALIMT>),捕食动物的类型偏好 (乳头)
GoalPreference_Predator_Nipple.description,"These quirks determine how much a pawn likes to stuff prey into their nipples. At the extremes, the pawn will either never or always try to unnurse prey.",description,QuirkDefs\QuirkPool_TypePreference.xml,def,"These quirks determine how much a <ALIMT >(PH_2)</ALIMT> likes to stuff prey into their <ALIMT >nipples</ALIMT>. At the extremes, the <ALIMT >(PH_1)</ALIMT> will either never or always try to unnurse prey.","这些怪癖决定了多少钱一个pawn喜欢将猎物塞进乳头在极端情况下,pawn将永远不会或总是试图解散猎物。"
TypePreference_Predator_Nipple_Obsessed.label,Ravenous mammilist pred,label,QuirkDefs\QuirkPool_TypePreference.xml,def,Ravenous mammilist pred,贪婪的哺乳动物学家
TypePreference_Predator_Nipple_Obsessed.description,"[PAWN_label] loves unnursing [PAWN_possessive] prey, to the exclusion of other types. It's the quickest way to a heaving bosom!",description,QuirkDefs\QuirkPool_TypePreference.xml,def,"<ALIMT >(PH_2)</ALIMT> loves unnursing <ALIMT >(PH_1)</ALIMT> prey, to the exclusion of other types. It's the quickest way to a heaving bosom!",[PAWN_label]喜爱未哺育[PAWN_possessive]捕食的动物，拒绝其他类型的动物。这是到达起伏的胸部最快的方法!
TypePreference_Predator_Nipple_Likes.label,Mammilist pred,label,QuirkDefs\QuirkPool_TypePreference.xml,def,Mammilist pred,哺乳动物学家
TypePreference_Predator_Nipple_Likes.description,[PAWN_label] likes unnursing [PAWN_possessive] prey. Milk's good.,description,QuirkDefs\QuirkPool_TypePreference.xml,def,<ALIMT >(PH_2)</ALIMT> likes unnursing <ALIMT >(PH_1)</ALIMT> prey. Milk's good.,[PAWN_label]喜欢未哺乳[PAWN_possessive]猎物。牛奶很好。
TypePreference_Predator_Nipple_Neutral.label,Mammary-ambivalent pred,label,QuirkDefs\QuirkPool_TypePreference.xml,def,Mammary-ambivalent pred,乳臭不安的 pred
TypePreference_Predator_Nipple_Neutral.description,[PAWN_label] doesn't really care one way or the other about unnursing prey.,description,QuirkDefs\QuirkPool_TypePreference.xml,def,<ALIMT >(PH_1)</ALIMT> doesn't really care one way or the other about unnursing prey.,[PAWN_label]不在乎如何解除对猎物的照顾。
TypePreference_Predator_Nipple_Dislikes.label,Mammary-averse pred,label,QuirkDefs\QuirkPool_TypePreference.xml,def,Mammary-averse pred,厌恶母树的 pred
TypePreference_Predator_Nipple_Dislikes.description,[PAWN_label] dislikes unnursing [PAWN_possessive] prey. Figuring out the symmetry is just such a pain.,description,QuirkDefs\QuirkPool_TypePreference.xml,def,<ALIMT >(PH_2)</ALIMT> dislikes unnursing <ALIMT >(PH_1)</ALIMT> prey. Figuring out the symmetry is just such a <ALIMT >pain</ALIMT>.,[PAWN_label]反感和厌恶[PAWN_possessive]猎物。搞清楚对称就是这样疼痛
TypePreference_Predator_Nipple_Refuses.label,Mammary-abhorring pred,label,QuirkDefs\QuirkPool_TypePreference.xml,def,Mammary-abhorring pred,厌恶乳房的 pred
TypePreference_Predator_Nipple_Refuses.description,[PAWN_label] hates unnursing [PAWN_possessive] prey. There's no quicker way to destroy your spine.,description,QuirkDefs\QuirkPool_TypePreference.xml,def,<ALIMT >(PH_2)</ALIMT> hates unnursing <ALIMT >(PH_1)</ALIMT> prey. There's no quicker way to destroy your spine.,[PAWN_label]厌恶未哺育[PAWN_possessive]猎物。没有比这更快的方法摧毁你的脊椎了。
TypePreference_Predator_FullTour.label,Predatory type preference (full tour),label,QuirkDefs\QuirkPool_TypePreference.xml,def,Predatory type preference (<ALIMT >full tour</ALIMT>),捕食动物的类型偏好 (消化道游览)
TypePreference_Predator_FullTour.description,"These quirks determine how much a pawn likes to swallow down prey and show them their whole digestive tract. At the extremes, the pawn will either never or always try to give prey a full tour.",description,QuirkDefs\QuirkPool_TypePreference.xml,def,"These quirks determine how much a <ALIMT >(PH_2)</ALIMT> likes to swallow down prey and show them their whole digestive tract. At the extremes, the <ALIMT >(PH_1)</ALIMT> will either never or always try to give prey a <ALIMT >full tour</ALIMT>.","这些怪癖决定了多少钱一个pawn喜欢吞下猎物，向他们展示整个消化系统。在极端情况下,pawn将永远不尝试或总是尝试给予猎物一个消化道游览"
TypePreference_Predator_FullTour_Obsessed.label,Obsessive guiding pred,label,QuirkDefs\QuirkPool_TypePreference.xml,def,Obsessive guiding pred,过度引导
TypePreference_Predator_FullTour_Obsessed.description,"[PAWN_label] loves guiding [PAWN_possessive] prey through [PAWN_possessive] body, to the exclusion of other types. There's just nothing quite like feeling them go *all* the way through!",description,QuirkDefs\QuirkPool_TypePreference.xml,def,"<ALIMT >(PH_3)</ALIMT> loves guiding <ALIMT >(PH_2)</ALIMT> prey through <ALIMT >(PH_1)</ALIMT> body, to the exclusion of other types. There's just nothing quite like feeling them go *all* the way through!",[PAWN_label]喜欢引导[PAWN_possessive]捕食通过[PAWN_possessive]身体，排除其他类型。没有什么比感受他们坚持到底更好了!
TypePreference_Predator_FullTour_Likes.label,Guiding pred,label,QuirkDefs\QuirkPool_TypePreference.xml,def,Guiding pred,引导先知
TypePreference_Predator_FullTour_Likes.description,[PAWN_pronoun] likes guiding [PAWN_possessive] prey through [PAWN_possessive] body. It's fun to let nature take its course.,description,QuirkDefs\QuirkPool_TypePreference.xml,def,<ALIMT >(PH_3)</ALIMT> likes guiding <ALIMT >(PH_2)</ALIMT> prey through <ALIMT >(PH_1)</ALIMT> body. It's fun to let nature take its course.,[PAWN_pronoun]喜欢引导[PAWN_possessive]捕食通过[PAWN_possessive]身体。顺其自然很有趣。
TypePreference_Predator_FullTour_Neutral.label,Guiding-ambivalent pred,label,QuirkDefs\QuirkPool_TypePreference.xml,def,Guiding-ambivalent pred,引导型-矛头 pred
TypePreference_Predator_FullTour_Neutral.description,[PAWN_label] doesn't really care one way or the other about guiding prey through [PAWN_possessive] body.,description,QuirkDefs\QuirkPool_TypePreference.xml,def,<ALIMT >(PH_2)</ALIMT> doesn't really care one way or the other about guiding prey through <ALIMT >(PH_1)</ALIMT> body.,[PAWN_label]不在乎如何引导猎物通过[PAWN_possessive]身体。
TypePreference_Predator_FullTour_Dislikes.label,Guiding-averse pred,label,QuirkDefs\QuirkPool_TypePreference.xml,def,Guiding-averse pred,厌恶引导的 pred
TypePreference_Predator_FullTour_Dislikes.description,[PAWN_label] dislikes guiding [PAWN_possessive] prey through [PAWN_possessive] body. It's annoying to have someone stuck inside your guts for so long.,description,QuirkDefs\QuirkPool_TypePreference.xml,def,<ALIMT >(PH_3)</ALIMT> dislikes guiding <ALIMT >(PH_2)</ALIMT> prey through <ALIMT >(PH_1)</ALIMT> body. It's annoying to have someone stuck inside your guts for so long.,[PAWN_label]厌恶引导[PAWN_possessive]捕食通过[PAWN_possessive]身体。有人在你的肠子里陷了这么久，这很烦人。
TypePreference_Predator_FullTour_Refuses.label,Guiding-abhorring pred,label,QuirkDefs\QuirkPool_TypePreference.xml,def,Guiding-abhorring pred,教化-厌恶 pred
TypePreference_Predator_FullTour_Refuses.description,[PAWN_label] hates guiding [PAWN_possessive] prey through [PAWN_possessive] body. Being backed up with prey for so long is an awful sensation.,description,QuirkDefs\QuirkPool_TypePreference.xml,def,<ALIMT >(PH_3)</ALIMT> hates guiding <ALIMT >(PH_2)</ALIMT> prey through <ALIMT >(PH_1)</ALIMT> body. Being backed up with prey for so long is an awful sensation.,[PAWN_label]厌恶引导[PAWN_possessive]捕食通过[PAWN_possessive]身体。长时间被猎物捕食是一种可怕的感觉。
GoalPreference_Predator_Oral.label,Predatory type preference (oral),label,QuirkDefs\QuirkPool_TypePreference.xml,def,Predatory type preference (<ALIMT >oral</ALIMT>),捕食动物的类型偏好 (用嘴)
GoalPreference_Predator_Oral.description,"These quirks determine how much a pawn likes to gulp prey down their throat. At the extremes, the pawn will either never or always try to swallow prey.",description,QuirkDefs\QuirkPool_TypePreference.xml,def,"These quirks determine how much a <ALIMT >(PH_2)</ALIMT> likes to gulp prey down their throat. At the extremes, the <ALIMT >(PH_1)</ALIMT> will either never or always try to swallow prey.","这些怪癖决定了多少钱一个pawn喜欢吞下猎物的喉咙。在极端情况下,pawn将永远不会尝试吞下猎物。"
TypePreference_Predator_Oral_Obsessed.label,Ravenous oralist pred,label,QuirkDefs\QuirkPool_TypePreference.xml,def,Ravenous oralist pred,贪婪的牧师牧师
TypePreference_Predator_Oral_Obsessed.description,"[PAWN_label] loves swallowing [PAWN_possessive] prey, to the exclusion of other types. No other type's gonna give you a *taste* sensation!",description,QuirkDefs\QuirkPool_TypePreference.xml,def,"<ALIMT >(PH_2)</ALIMT> loves swallowing <ALIMT >(PH_1)</ALIMT> prey, to the exclusion of other types. No other type's gonna give you a *taste* sensation!",[PAWN_label]吞食欲弱[PAWN_possessive]捕食的动物，拒绝其他类型的动物。没有其他类型的人会给你一个 * 味觉 * 感觉!
TypePreference_Predator_Oral_Likes.label,Oralist pred,label,QuirkDefs\QuirkPool_TypePreference.xml,def,Oralist pred,牧师牧师
TypePreference_Predator_Oral_Likes.description,[PAWN_pronoun] likes swallowing [PAWN_possessive] prey. [PAWN_pronoun] is a fan of the classics.,description,QuirkDefs\QuirkPool_TypePreference.xml,def,<ALIMT >(PH_3)</ALIMT> likes swallowing <ALIMT >(PH_2)</ALIMT> prey. <ALIMT >(PH_1)</ALIMT> is a fan of the classics.,[PAWN_pronoun]喜欢吞食[PAWN_possessive]猎物。[PAWN_pronoun]是经典之迷。
TypePreference_Predator_Oral_Neutral.label,Oral-ambivalent pred,label,QuirkDefs\QuirkPool_TypePreference.xml,def,<ALIMT >oral</ALIMT>-ambivalent pred,用嘴-矛盾 pred
TypePreference_Predator_Oral_Neutral.description,[PAWN_label] doesn't really care one way or the other about swallowing prey.,description,QuirkDefs\QuirkPool_TypePreference.xml,def,<ALIMT >(PH_1)</ALIMT> doesn't really care one way or the other about swallowing prey.,[PAWN_label]不在乎吞下猎物的方式。
TypePreference_Predator_Oral_Dislikes.label,Oral-averse pred,label,QuirkDefs\QuirkPool_TypePreference.xml,def,<ALIMT >oral</ALIMT>-averse pred,用嘴-厌恶 pred
TypePreference_Predator_Oral_Dislikes.description,[PAWN_label] dislikes swallowing [PAWN_possessive] prey. It's just so overdone.,description,QuirkDefs\QuirkPool_TypePreference.xml,def,<ALIMT >(PH_2)</ALIMT> dislikes swallowing <ALIMT >(PH_1)</ALIMT> prey. It's just so overdone.,[PAWN_label]厌恶吞咽[PAWN_possessive]猎物。有点过火了。
TypePreference_Predator_Oral_Refuses.label,Oral-abhorring pred,label,QuirkDefs\QuirkPool_TypePreference.xml,def,<ALIMT >oral</ALIMT>-abhorring pred,用嘴-憎恶 pred
TypePreference_Predator_Oral_Refuses.description,"[PAWN_label] hates swallowing [PAWN_possessive] prey. Prey generally all feel pretty good, but they sure don't all taste good.",description,QuirkDefs\QuirkPool_TypePreference.xml,def,"<ALIMT >(PH_2)</ALIMT> hates swallowing <ALIMT >(PH_1)</ALIMT> prey. Prey generally all feel pretty good, but they sure don't all taste good.",[PAWN_label]厌恶吞食[PAWN_possessive]猎物。一般来说，猎物的味道都很好，但肯定不是很好。
GoalPreference_Predator_Vaginal.label,Predatory type preference (vaginal),label,QuirkDefs\QuirkPool_TypePreference.xml,def,Predatory type preference (<ALIMT >vaginal</ALIMT>),捕食动物的类型偏好 (阴道)
GoalPreference_Predator_Vaginal.description,"These quirks determine how much a pawn likes to stuff prey up their muff. At the extremes, the pawn will either never or always try to unbirth prey.",description,QuirkDefs\QuirkPool_TypePreference.xml,def,"These quirks determine how much a <ALIMT >(PH_2)</ALIMT> likes to stuff prey up their muff. At the extremes, the <ALIMT >(PH_1)</ALIMT> will either never or always try to unbirth prey.","这些怪癖决定了多少钱一个pawn喜欢往它们的口袋里塞东西。在极端情况下,pawn将永远不会或总是试图解除猎物。"
TypePreference_Predator_Vaginal_Obsessed.label,Ravenous yonicist pred,label,QuirkDefs\QuirkPool_TypePreference.xml,def,Ravenous yonicist pred,贪婪的海洋主义者
TypePreference_Predator_Vaginal_Obsessed.description,"[PAWN_label] loves unbirthing [PAWN_possessive] prey, to the exclusion of other types. [PAWN_pronoun] has what's known as an ""alpha-beaver"".",description,QuirkDefs\QuirkPool_TypePreference.xml,def,"<ALIMT >(PH_3)</ALIMT> loves unbirthing <ALIMT >(PH_2)</ALIMT> prey, to the exclusion of other types. <ALIMT >(PH_1)</ALIMT> has what's known as an ""alpha-beaver"".",[PAWN_label]喜爱解散[PAWN_possessive]捕食的动物，拒绝其他类型的动物。[PAWN_pronoun]有着被称为 “阿尔法海狸” 的尸体。
TypePreference_Predator_Vaginal_Likes.label,Yonicist pred,label,QuirkDefs\QuirkPool_TypePreference.xml,def,Yonicist pred,长青 pred
TypePreference_Predator_Vaginal_Likes.description,"[PAWN_label] likes unbirthing [PAWN_possessive] prey. What comes out, must go in. Or something like that...",description,QuirkDefs\QuirkPool_TypePreference.xml,def,"<ALIMT >(PH_2)</ALIMT> likes unbirthing <ALIMT >(PH_1)</ALIMT> prey. What comes out, must go in. Or something like that...",[PAWN_label]喜欢解散[PAWN_possessive]猎物。东西出来了，必须进去。或者类似的东西...
TypePreference_Predator_Vaginal_Neutral.label,Yonic-ambivalent pred,label,QuirkDefs\QuirkPool_TypePreference.xml,def,Yonic-ambivalent pred,友爱-矛盾 pred
TypePreference_Predator_Vaginal_Neutral.description,[PAWN_label] doesn't really care one way or the other about unbirthing prey.,description,QuirkDefs\QuirkPool_TypePreference.xml,def,<ALIMT >(PH_1)</ALIMT> doesn't really care one way or the other about unbirthing prey.,[PAWN_label]不管怎样，我都不在意。
TypePreference_Predator_Vaginal_Dislikes.label,Yonic-averse pred,label,QuirkDefs\QuirkPool_TypePreference.xml,def,Yonic-averse pred,厌恶你的上帝
TypePreference_Predator_Vaginal_Dislikes.description,[PAWN_label] dislikes unbirthing [PAWN_possessive] prey. Giving birth is painful enough.,description,QuirkDefs\QuirkPool_TypePreference.xml,def,<ALIMT >(PH_2)</ALIMT> dislikes unbirthing <ALIMT >(PH_1)</ALIMT> prey. Giving birth is painful enough.,[PAWN_label]反感不生育[PAWN_possessive]猎物。分娩已经足够痛苦。
TypePreference_Predator_Vaginal_Refuses.label,Yonic-abhorring pred,label,QuirkDefs\QuirkPool_TypePreference.xml,def,Yonic-abhorring pred,厌恶你的贵族
TypePreference_Predator_Vaginal_Refuses.description,[PAWN_label] hates unbirthing [PAWN_possessive] prey. It's a total perversion of the reproductive system.,description,QuirkDefs\QuirkPool_TypePreference.xml,def,<ALIMT >(PH_2)</ALIMT> hates unbirthing <ALIMT >(PH_1)</ALIMT> prey. It's a total perversion of the reproductive system.,[PAWN_label]厌恶拆解[PAWN_possessive]猎物。这是对生殖系统的完全变态。
GoalPreference_Prey_Anal.label,Preyish type preference (anal),label,QuirkDefs\QuirkPool_TypePreference.xml,def,Preyish type preference (<ALIMT >anal</ALIMT>),猎物类型偏好 (肛门)
GoalPreference_Prey_Anal.description,"These quirks determine how much a pawn likes to be stuffed up predators' butts. At the extremes, the pawn will either never or always try to get posternated.",description,QuirkDefs\QuirkPool_TypePreference.xml,def,"These quirks determine how much a <ALIMT >(PH_2)</ALIMT> likes to be stuffed up predators' butts. At the extremes, the <ALIMT >(PH_1)</ALIMT> will either never or always try to get posternated.","这些怪癖决定了多少钱一个pawn喜欢被捕食者的屁股塞住。在极端情况下,pawn将永远不尝试或总是尝试装填。"
TypePreference_Prey_Anal_Obsessed.label,Obsessive analist prey,label,QuirkDefs\QuirkPool_TypePreference.xml,def,Obsessive analist prey,试图食人的猎物
TypePreference_Prey_Anal_Obsessed.description,"[PAWN_label] loves to be let in through the back; to be posternated, derried, undumped, anally-vored.",description,QuirkDefs\QuirkPool_TypePreference.xml,def,"<ALIMT >(PH_1)</ALIMT> loves to be let in through the back; to be posternated, derried, undumped, anally-vored.",[PAWN_label]喜欢被人从背后放进去; 被人讨厌，被人打乱，被人讨厌，被人讨厌。
TypePreference_Prey_Anal_Likes.label,Analist prey,label,QuirkDefs\QuirkPool_TypePreference.xml,def,Analist prey,食人猎物
TypePreference_Prey_Anal_Likes.description,[PAWN_label] likes to be posternated. It's a cozy kind of warmth and tightness in there.,description,QuirkDefs\QuirkPool_TypePreference.xml,def,<ALIMT >(PH_1)</ALIMT> likes to be posternated. It's a cozy kind of warmth and tightness in there.,[PAWN_label]喜欢装填。这里的温暖和舒适。
TypePreference_Prey_Anal_Neutral.label,Anal-ambivalent prey,label,QuirkDefs\QuirkPool_TypePreference.xml,def,<ALIMT >anal</ALIMT>-ambivalent prey,肛门-矛盾的猎物
TypePreference_Prey_Anal_Neutral.description,[PAWN_label] doesn't really care one way or the other about being posternated.,description,QuirkDefs\QuirkPool_TypePreference.xml,def,<ALIMT >(PH_1)</ALIMT> doesn't really care one way or the other about being posternated.,[PAWN_label]不在乎如何装填。
TypePreference_Prey_Anal_Dislikes.label,Anal-averse prey,label,QuirkDefs\QuirkPool_TypePreference.xml,def,<ALIMT >anal</ALIMT>-averse prey,肛门-厌恶猎物
TypePreference_Prey_Anal_Dislikes.description,[PAWN_label] dislikes being posternated. It's (probably) gross and it (probably) stinks up there.,description,QuirkDefs\QuirkPool_TypePreference.xml,def,<ALIMT >(PH_1)</ALIMT> dislikes being posternated. It's (probably) gross and it (probably) stinks up there.,[PAWN_label]不喜欢被装填。很可能很恶心，而且很可能很臭。
TypePreference_Prey_Anal_Refuses.label,Anal-abhorring prey,label,QuirkDefs\QuirkPool_TypePreference.xml,def,<ALIMT >anal</ALIMT>-abhorring prey,肛门-厌恶猎物
TypePreference_Prey_Anal_Refuses.description,[PAWN_label] hates being posternated. There is no treasure to be found in the waste disposal chute.,description,QuirkDefs\QuirkPool_TypePreference.xml,def,<ALIMT >(PH_1)</ALIMT> hates being posternated. There is no treasure to be found in the waste disposal chute.,[PAWN_label]讨厌被人装填。在垃圾处理滑道中没有发现宝藏。
GoalPreference_Prey_Cock.label,Preyish type preference (cock),label,QuirkDefs\QuirkPool_TypePreference.xml,def,Preyish type preference (cock),猎物类型偏好 (公鸡)
GoalPreference_Prey_Cock.description,"These quirks determine how much a pawn likes to be sounded down a predator's cock. At the extremes, the pawn will either never or always try to get unsown.",description,QuirkDefs\QuirkPool_TypePreference.xml,def,"These quirks determine how much a <ALIMT >(PH_2)</ALIMT> likes to be sounded down a predator's cock. At the extremes, the <ALIMT >(PH_1)</ALIMT> will either never or always try to get unsown.","这些怪癖决定了多少钱一个pawn喜欢通过捕食者的鸡巴听起来。在极端情况下,pawn将永远不播种，或者总是试图不播种。"
TypePreference_Prey_Cock_Obsessed.label,Obsessive phallicist prey,label,QuirkDefs\QuirkPool_TypePreference.xml,def,Obsessive phallicist prey,男权至上
TypePreference_Prey_Cock_Obsessed.description,"[PAWN_label] loves to clean pipes, to sound up, to feed the trouser snake; to be unsown, unjerked, cock-vored.",description,QuirkDefs\QuirkPool_TypePreference.xml,def,"<ALIMT >(PH_1)</ALIMT> loves to clean pipes, to sound up, to feed the trouser snake; to be unsown, unjerked, cock-vored.",[PAWN_label]我喜欢清洁管道，提高声音，喂养蛇类; 不需要播种，不需要猛推，不需要修剪。
TypePreference_Prey_Cock_Likes.label,Phallicist prey,label,QuirkDefs\QuirkPool_TypePreference.xml,def,Phallicist prey,阳刚猎物
TypePreference_Prey_Cock_Likes.description,[PAWN_label] likes being unsown. The nads make for a delightful cum-bath.,description,QuirkDefs\QuirkPool_TypePreference.xml,def,<ALIMT >(PH_1)</ALIMT> likes being unsown. The nads make for a delightful <ALIMT >cum</ALIMT>-bath.,[PAWN_label]喜欢未播种。纳德制作一个令人愉快的精液-洗澡。
TypePreference_Prey_Cock_Neutral.label,Phallic-ambivalent prey,label,QuirkDefs\QuirkPool_TypePreference.xml,def,Phallic-ambivalent prey,阳刚-矛盾的猎物
TypePreference_Prey_Cock_Neutral.description,[PAWN_label] doesn't really care one way or the other about being unsown.,description,QuirkDefs\QuirkPool_TypePreference.xml,def,<ALIMT >(PH_1)</ALIMT> doesn't really care one way or the other about being unsown.,[PAWN_label]不在乎是否被播种。
TypePreference_Prey_Cock_Dislikes.label,Phallic-averse prey,label,QuirkDefs\QuirkPool_TypePreference.xml,def,Phallic-averse prey,厌恶阳刚的猎物
TypePreference_Prey_Cock_Dislikes.description,[PAWN_label] dislikes being unsown. It's tight as hell and the loop around the bladder is the worst.,description,QuirkDefs\QuirkPool_TypePreference.xml,def,<ALIMT >(PH_1)</ALIMT> dislikes being unsown. It's tight as <ALIMT >hell</ALIMT> and the loop around the bladder is the worst.,[PAWN_label]厌恶未播种。紧绷如地狱膀胱周围的环是最糟糕的。
TypePreference_Prey_Cock_Refuses.label,Phallic-abhorring prey,label,QuirkDefs\QuirkPool_TypePreference.xml,def,Phallic-abhorring prey,憎恶阳刚的猎物
TypePreference_Prey_Cock_Refuses.description,"[PAWN_label] hates being unsown. The cock is supposed to go in you, not around you.",description,QuirkDefs\QuirkPool_TypePreference.xml,def,"<ALIMT >(PH_1)</ALIMT> hates being unsown. The cock is supposed to go in you, not around you.",[PAWN_label]讨厌未播种。公鸡应该进入你的身体，而不是在你周围。
GoalPreference_Prey_Nipple.label,Preyish type preference (nipple),label,QuirkDefs\QuirkPool_TypePreference.xml,def,Preyish type preference (<ALIMT >nipple</ALIMT>),猎物类型偏好 (乳头)
GoalPreference_Prey_Nipple.description,"These quirks determine how much a pawn likes to be stuffed into a predator's nipples. At the extremes, the pawn will either never or always try to get unnursed.",description,QuirkDefs\QuirkPool_TypePreference.xml,def,"These quirks determine how much a <ALIMT >(PH_2)</ALIMT> likes to be stuffed into a predator's <ALIMT >nipples</ALIMT>. At the extremes, the <ALIMT >(PH_1)</ALIMT> will either never or always try to get unnursed.","这些怪癖决定了多少钱一个pawn喜欢被塞进捕食者的乳头在极端情况下,pawn不会忘记或总是试图忘记。"
TypePreference_Prey_Nipple_Obsessed.label,Obsessive mammilist prey,label,QuirkDefs\QuirkPool_TypePreference.xml,def,Obsessive mammilist prey,有哺乳动物迷恋的猎物
TypePreference_Prey_Nipple_Obsessed.description,"[PAWN_label] loves to dive into dugs; to be unnursed, unsuckled, bathe in milk, be breast-vored.",description,QuirkDefs\QuirkPool_TypePreference.xml,def,"<ALIMT >(PH_1)</ALIMT> loves to dive into dugs; to be unnursed, unsuckled, bathe in milk, be <ALIMT >breast</ALIMT>-vored.",[PAWN_label]喜欢潜水; 喜欢被吸引，不被吸引，不被吸引，喜欢泡在乳汁里洗澡。乳房-已受伤。
TypePreference_Prey_Nipple_Likes.label,Mammilist prey,label,QuirkDefs\QuirkPool_TypePreference.xml,def,Mammilist prey,哺乳动物猎物
TypePreference_Prey_Nipple_Likes.description,"[PAWN_label] likes being unnursed. Milk's good for your skin, or something like that.",description,QuirkDefs\QuirkPool_TypePreference.xml,def,"<ALIMT >(PH_1)</ALIMT> likes being unnursed. Milk's good for your skin, or something like that.",[PAWN_label]喜欢被照顾。牛奶对你的皮肤有好处，或者类似的东西。
TypePreference_Prey_Nipple_Neutral.label,Mammary-ambivalent prey,label,QuirkDefs\QuirkPool_TypePreference.xml,def,Mammary-ambivalent prey,怀孕的乳房
TypePreference_Prey_Nipple_Neutral.description,[PAWN_label] doesn't really care one way or the other about being unnursed.,description,QuirkDefs\QuirkPool_TypePreference.xml,def,<ALIMT >(PH_1)</ALIMT> doesn't really care one way or the other about being unnursed.,[PAWN_label]不管怎样，我都不在乎自己是否被忘记。
TypePreference_Prey_Nipple_Dislikes.label,Mammary-averse prey,label,QuirkDefs\QuirkPool_TypePreference.xml,def,Mammary-averse prey,厌恶乳房的猎物
TypePreference_Prey_Nipple_Dislikes.description,"[PAWN_label] dislikes being unnursed. You suck nipple, not the other way around.",description,QuirkDefs\QuirkPool_TypePreference.xml,def,"<ALIMT >(PH_1)</ALIMT> dislikes being unnursed. You suck <ALIMT >nipple</ALIMT>, not the other way around.","[PAWN_label]不喜欢被照顾。你真烂乳头,反之亦然。"
TypePreference_Prey_Nipple_Refuses.label,Mammary-abhorring prey,label,QuirkDefs\QuirkPool_TypePreference.xml,def,Mammary-abhorring prey,厌恶乳房的猎物
TypePreference_Prey_Nipple_Refuses.description,[PAWN_label] hates being unnursed. Breasts don't even have one big mammary gland!,description,QuirkDefs\QuirkPool_TypePreference.xml,def,<ALIMT >(PH_1)</ALIMT> hates being unnursed. <ALIMT >breasts</ALIMT> don't even have one big mammary gland!,[PAWN_label]讨厌被人照顾。乳房甚至没有一个大乳腺!
TypePreference_Prey_FullTour.label,Preyish type preference (full tour),label,QuirkDefs\QuirkPool_TypePreference.xml,def,Preyish type preference (<ALIMT >full tour</ALIMT>),猎物类型偏好 (消化道游览)
TypePreference_Prey_FullTour.description,"These quirks determine how much a pawn likes take a tour through a predator's insides. At the extremes, the pawn will either never or always try to get sent through the whole digestive tract.",description,QuirkDefs\QuirkPool_TypePreference.xml,def,"These quirks determine how much a <ALIMT >(PH_2)</ALIMT> likes take a tour through a predator's insides. At the extremes, the <ALIMT >(PH_1)</ALIMT> will either never or always try to get sent through the whole digestive tract.","这些怪癖决定了多少钱一个pawn喜欢在捕食者的体内旅行。在极端情况下,pawn将永远不会或总是尝试通过整个消化道被派遣。"
TypePreference_Prey_FullTour_Obsessed.label,Obsessive tourist prey,label,QuirkDefs\QuirkPool_TypePreference.xml,def,Obsessive tourist prey,旅行迷
TypePreference_Prey_FullTour_Obsessed.description,"[PAWN_label] loves to get close with every inch of a predator's insides, from the very top to the very bottom.",description,QuirkDefs\QuirkPool_TypePreference.xml,def,"<ALIMT >(PH_1)</ALIMT> loves to get close with every inch of a predator's insides, from the very top to the very bottom.",[PAWN_label]从上到下，我都非常喜欢接近捕食者的每一寸空间。
TypePreference_Prey_FullTour_Likes.label,Tourist prey,label,QuirkDefs\QuirkPool_TypePreference.xml,def,Tourist prey,旅游猎物
TypePreference_Prey_FullTour_Likes.description,[PAWN_label] likes touring through guts. It's a lovely variety of sensations all the way through.,description,QuirkDefs\QuirkPool_TypePreference.xml,def,<ALIMT >(PH_1)</ALIMT> likes touring through guts. It's a lovely variety of sensations <ALIMT >all the way through</ALIMT>.,[PAWN_label]喜欢通过勇气进行旅行。各种各样的感觉消化道贯穿
TypePreference_Prey_FullTour_Neutral.label,Tour-ambivalent prey,label,QuirkDefs\QuirkPool_TypePreference.xml,def,Tour-ambivalent prey,旅行矛盾的猎物
TypePreference_Prey_FullTour_Neutral.description,[PAWN_label] doesn't really care one way or the other about taking full tours.,description,QuirkDefs\QuirkPool_TypePreference.xml,def,<ALIMT >(PH_1)</ALIMT> doesn't really care one way or the other about taking full tours.,[PAWN_label]不在乎以何种方式进行完整的旅行。
TypePreference_Prey_FullTour_Dislikes.label,Tour-averse prey,label,QuirkDefs\QuirkPool_TypePreference.xml,def,Tour-averse prey,厌恶旅行的猎物
TypePreference_Prey_FullTour_Dislikes.description,[PAWN_label] dislikes taking full tours. Guts get rough when they need to push you through like that.,description,QuirkDefs\QuirkPool_TypePreference.xml,def,<ALIMT >(PH_1)</ALIMT> dislikes taking full tours. Guts get rough when they need to push you through like that.,[PAWN_label]不喜欢进行完整的旅行。当他们需要像那样帮助你度过难关时，他们的勇气就会变得更加沉重。
TypePreference_Prey_FullTour_Refuses.label,Tour-abhorring prey,label,QuirkDefs\QuirkPool_TypePreference.xml,def,Tour-abhorring prey,厌恶旅行的猎物
TypePreference_Prey_FullTour_Refuses.description,"[PAWN_label] hates taking full tours. The thought of being trapped in claustrophobic intestines and handled like food alone makes [PAWN_objective] shudder, let alone actually being there!",description,QuirkDefs\QuirkPool_TypePreference.xml,def,"<ALIMT >(PH_2)</ALIMT> hates taking full tours. The thought of being trapped in claustrophobic intestines and handled like food alone makes <ALIMT >(PH_1)</ALIMT> shudder, let alone actually being there!",[PAWN_label]讨厌进行完整的旅行。陷入幽闭恐惧症的肠道，独自处理食物的想法使[PAWN_objective]颤抖着，更别说真的在那里了!
GoalPreference_Prey_Oral.label,Preyish type preference (oral),label,QuirkDefs\QuirkPool_TypePreference.xml,def,Preyish type preference (<ALIMT >oral</ALIMT>),猎物类型偏好 (用嘴)
GoalPreference_Prey_Oral.description,"These quirks determine how much a pawn likes to be gulped down a predator's mouth. At the extremes, the pawn will either never or always try to get swallowed.",description,QuirkDefs\QuirkPool_TypePreference.xml,def,"These quirks determine how much a <ALIMT >(PH_2)</ALIMT> likes to be gulped down a predator's mouth. At the extremes, the <ALIMT >(PH_1)</ALIMT> will either never or always try to get swallowed.","这些怪癖决定了多少钱一个pawn喜欢被捕食者吞下。在极端情况下,pawn将永远不会被吞食。"
TypePreference_Prey_Oral_Obsessed.label,Obsessive oralist prey,label,QuirkDefs\QuirkPool_TypePreference.xml,def,Obsessive oralist prey,暴饮暴食的受害者
TypePreference_Prey_Oral_Obsessed.description,"[PAWN_label] loves to be swallowed whole, gulped down, licked all over, orally-vored.",description,QuirkDefs\QuirkPool_TypePreference.xml,def,"<ALIMT >(PH_1)</ALIMT> loves to be swallowed whole, gulped down, licked all over, orally-vored.",[PAWN_label]喜欢被吞下整个东西，吞下一口，舔遍全身，用口器治疗。
TypePreference_Prey_Oral_Likes.label,Oralist prey,label,QuirkDefs\QuirkPool_TypePreference.xml,def,Oralist prey,佛教徒猎物
TypePreference_Prey_Oral_Likes.description,[PAWN_label] likes being swallowed. It's a classic for a reason; you don't get that kind of tongue action elsewhere!,description,QuirkDefs\QuirkPool_TypePreference.xml,def,<ALIMT >(PH_1)</ALIMT> likes being swallowed. It's a classic for a reason; you don't get that kind of tongue action elsewhere!,[PAWN_label]喜欢被吞下。这是一部经典作品，这是有原因的; 你在其他地方找不到这样的舌头动作!
TypePreference_Prey_Oral_Neutral.label,Oral-ambivalent prey,label,QuirkDefs\QuirkPool_TypePreference.xml,def,<ALIMT >oral</ALIMT>-ambivalent prey,用嘴-矛盾的猎物
TypePreference_Prey_Oral_Neutral.description,[PAWN_label] doesn't really care one way or the other about being swallowed.,description,QuirkDefs\QuirkPool_TypePreference.xml,def,<ALIMT >(PH_1)</ALIMT> doesn't really care one way or the other about being swallowed.,[PAWN_label]不在乎被吞噬的方式。
TypePreference_Prey_Oral_Dislikes.label,Oral-averse prey,label,QuirkDefs\QuirkPool_TypePreference.xml,def,<ALIMT >oral</ALIMT>-averse prey,用嘴-厌恶猎物
TypePreference_Prey_Oral_Dislikes.description,[PAWN_label] dislikes being swallowed. Teeth are scary.,description,QuirkDefs\QuirkPool_TypePreference.xml,def,<ALIMT >(PH_1)</ALIMT> dislikes being swallowed. Teeth are scary.,[PAWN_label]厌恶被吞食。牙齿真吓人。
TypePreference_Prey_Oral_Refuses.label,Oral-abhorring prey,label,QuirkDefs\QuirkPool_TypePreference.xml,def,<ALIMT >oral</ALIMT>-abhorring prey,用嘴-厌恶猎物
TypePreference_Prey_Oral_Refuses.description,[PAWN_label] hates being swallowed. It triggers a kind of primal fear in [PAWN_objective].,description,QuirkDefs\QuirkPool_TypePreference.xml,def,<ALIMT >(PH_2)</ALIMT> hates being swallowed. It triggers a kind of primal fear in <ALIMT >(PH_1)</ALIMT>.,[PAWN_label]讨厌被吞下。它会引发一种原始的恐惧[PAWN_objective]
GoalPreference_Prey_Vaginal.label,Preyish type preference (vaginal),label,QuirkDefs\QuirkPool_TypePreference.xml,def,Preyish type preference (<ALIMT >vaginal</ALIMT>),猎物类型偏好 (阴道)
GoalPreference_Prey_Vaginal.description,"These quirks determine how much a pawn likes to be stuffed up a predator's muff. At the extremes, the pawn will either never or always try to get unbirthed.",description,QuirkDefs\QuirkPool_TypePreference.xml,def,"These quirks determine how much a <ALIMT >(PH_2)</ALIMT> likes to be stuffed up a predator's muff. At the extremes, the <ALIMT >(PH_1)</ALIMT> will either never or always try to get unbirthed.","这些怪癖决定了多少钱一个pawn喜欢被捕食者塞住。在极端情况下,pawn将永远不会或总是尝试不出生。"
TypePreference_Prey_Vaginal_Obsessed.label,Obsessive yonicist prey,label,QuirkDefs\QuirkPool_TypePreference.xml,def,Obsessive yonicist prey,迷恋海洋主义的猎物
TypePreference_Prey_Vaginal_Obsessed.description,"[PAWN_label] loves to swim the channel; to be snatched up, clamshelled, unjilled, unborn.",description,QuirkDefs\QuirkPool_TypePreference.xml,def,"<ALIMT >(PH_1)</ALIMT> loves to swim the channel; to be snatched up, clamshelled, unjilled, unborn.",[PAWN_label]喜欢在英吉利海峡中游泳; 被人抓住，被人抓住，不动摇，未出生的孩子。
TypePreference_Prey_Vaginal_Likes.label,Yonicist prey,label,QuirkDefs\QuirkPool_TypePreference.xml,def,Yonicist prey,海洋主义者猎物
TypePreference_Prey_Vaginal_Likes.description,"[PAWN_label] likes to swim the channel; to be snatched up, clamshelled, unjilled, unborn.",description,QuirkDefs\QuirkPool_TypePreference.xml,def,"<ALIMT >(PH_1)</ALIMT> likes to swim the channel; to be snatched up, clamshelled, unjilled, unborn.",[PAWN_label]喜欢在英吉利海峡中游泳; 被人抓住，被人抓住，不被打扰，还没出生。
TypePreference_Prey_Vaginal_Neutral.label,Yonic-ambivalent prey,label,QuirkDefs\QuirkPool_TypePreference.xml,def,Yonic-ambivalent prey,一群自相矛盾的猎物
TypePreference_Prey_Vaginal_Neutral.description,[PAWN_label] doesn't really care one way or the other about being unborn.,description,QuirkDefs\QuirkPool_TypePreference.xml,def,<ALIMT >(PH_1)</ALIMT> doesn't really care one way or the other about being unborn.,[PAWN_label]不在乎以何种方式出生。
TypePreference_Prey_Vaginal_Dislikes.label,Yonic-averse prey,label,QuirkDefs\QuirkPool_TypePreference.xml,def,Yonic-averse prey,厌恶你的猎物
TypePreference_Prey_Vaginal_Dislikes.description,"[PAWN_label] dislikes being unborn, especially if the unbirther tries to act like [PAWN_possessive] parent afterwards.",description,QuirkDefs\QuirkPool_TypePreference.xml,def,"<ALIMT >(PH_2)</ALIMT> dislikes being unborn, especially if the unbirther tries to act like <ALIMT >(PH_1)</ALIMT> parent afterwards.",[PAWN_label]厌恶未出生的孩子，尤其是不喜欢孩子的时候[PAWN_possessive]之后是父母。
TypePreference_Prey_Vaginal_Refuses.label,Yonic-abhorring prey,label,QuirkDefs\QuirkPool_TypePreference.xml,def,Yonic-abhorring prey,厌恶你的猎物
TypePreference_Prey_Vaginal_Refuses.description,[PAWN_label] hates being unborn. Once is enough!,description,QuirkDefs\QuirkPool_TypePreference.xml,def,<ALIMT >(PH_1)</ALIMT> hates being unborn. Once is enough!,[PAWN_label]厌恶未出生的孩子。一次就够了!
PredatorDisposition.label,Predator disposition,label,QuirkDefs\QuirkPool_VoreDisposition.xml,def,Predator disposition,捕食者部署
PredatorDisposition.description,"These quirks determine the degreee to which the pawn prefers to be a predator. At the extremes, the pawn will always either refuse to or always be a predator.",description,QuirkDefs\QuirkPool_VoreDisposition.xml,def,"These quirks determine the degreee to which the <ALIMT >(PH_2)</ALIMT> prefers to be a predator. At the extremes, the <ALIMT >(PH_1)</ALIMT> will always either refuse to or always be a predator.","这些怪癖决定了pawn宁愿成为捕食者。在极端情况下,pawn将永远拒绝或成为捕食者。"
PredatorDisposition_Obsessed.label,Ravenous predator,label,QuirkDefs\QuirkPool_VoreDisposition.xml,def,Ravenous predator,贪婪的捕食者
PredatorDisposition_Obsessed.description,"[PAWN_label] imagines [PAWN_objective]self as an apex predator, sitting proud at the top of the food chain. [PAWN_pronoun] lives to prey on those around [PAWN_objective].",description,QuirkDefs\QuirkPool_VoreDisposition.xml,def,"<ALIMT >(PH_4)</ALIMT> imagines <ALIMT >(PH_3)</ALIMT>self as an apex predator, sitting proud at the top of the food <ALIMT >chain</ALIMT>. <ALIMT >(PH_2)</ALIMT> lives to prey on those around <ALIMT >(PH_1)</ALIMT>.",[PAWN_label]想像[PAWN_objective]作为一种顶尖的肉食动物，独自坐在食物的顶端锁链[PAWN_pronoun]捕食周围的人[PAWN_objective]
PredatorDisposition_Likes.label,Predator,label,QuirkDefs\QuirkPool_VoreDisposition.xml,def,Predator,捕食者
PredatorDisposition_Likes.description,"[PAWN_label] is a predator, always scanning the scene for prey to devour.",description,QuirkDefs\QuirkPool_VoreDisposition.xml,def,"<ALIMT >(PH_1)</ALIMT> is a predator, always scanning the scene for prey to devour.",[PAWN_label]是捕食者，总是在扫描镜头里寻找吞噬的猎物。
PredatorDisposition_Neutral.label,Predatory ambivalence,label,QuirkDefs\QuirkPool_VoreDisposition.xml,def,Predatory ambivalence,捕食性矛盾
PredatorDisposition_Neutral.description,[PAWN_label] doesn't really care one way or the other about being a predator.,description,QuirkDefs\QuirkPool_VoreDisposition.xml,def,<ALIMT >(PH_1)</ALIMT> doesn't really care one way or the other about being a predator.,[PAWN_label]不在乎成为什么样的捕食者。
PredatorDisposition_Dislikes.label,Predatory aversion,label,QuirkDefs\QuirkPool_VoreDisposition.xml,def,Predatory aversion,厌恶掠夺
PredatorDisposition_Dislikes.description,"[PAWN_label] is not much of a predator and doesn't want to devour anyone. It'd have to be for convenience, survival, or really scratching an uncommon itch.",description,QuirkDefs\QuirkPool_VoreDisposition.xml,def,"<ALIMT >(PH_1)</ALIMT> is not much of a predator and doesn't want to devour anyone. It'd have to be for convenience, survival, or really scratching an uncommon itch.",[PAWN_label]不太像捕食者，不想吞噬任何人。它必须是为了方便，生存，或真正触及不寻常的瘙痒。
PredatorDisposition_Refuses.label,Predatory refusal,label,QuirkDefs\QuirkPool_VoreDisposition.xml,def,Predatory refusal,掠夺性拒绝
PredatorDisposition_Refuses.description,[PAWN_label] is not a predator and will never willingly devour anyone.,description,QuirkDefs\QuirkPool_VoreDisposition.xml,def,<ALIMT >(PH_1)</ALIMT> is not a predator and will never willingly devour anyone.,[PAWN_label]不是捕食者，也不会心甘情愿地吞噬任何人。
PreyDisposition.label,Prey disposition,label,QuirkDefs\QuirkPool_VoreDisposition.xml,def,Prey disposition,猎物的性情
PreyDisposition.description,"These quirks determine the degreee to which the pawn prefers to be a prey. At the extremes, the pawn will always either refuse to or always be prey.",description,QuirkDefs\QuirkPool_VoreDisposition.xml,def,"These quirks determine the degreee to which the <ALIMT >(PH_2)</ALIMT> prefers to be a prey. At the extremes, the <ALIMT >(PH_1)</ALIMT> will always either refuse to or always be prey.","这些怪癖决定了pawn宁愿成为猎物。在极端情况下,pawn将永远拒绝或成为猎物。"
PreyDisposition_Obsessed.label,Preyslut,label,QuirkDefs\QuirkPool_VoreDisposition.xml,def,Preyslut,怀孕的孩子
PreyDisposition_Obsessed.description,[PAWN_label] is more comfortable inside of someone’s body than outside. [PAWN_pronoun] would spend [PAWN_possessive] whole life there if [PAWN_pronoun] could.,description,QuirkDefs\QuirkPool_VoreDisposition.xml,def,<ALIMT >(PH_4)</ALIMT> is more comfortable inside of someone’s body than outside. <ALIMT >(PH_3)</ALIMT> would spend <ALIMT >(PH_2)</ALIMT> whole life there if <ALIMT >(PH_1)</ALIMT> could.,[PAWN_label]在某人的身体里比在外面更舒服。[PAWN_pronoun]将会花费[PAWN_possessive]在那里度过一生，如果[PAWN_pronoun]可以。
PreyDisposition_Likes.label,Prey,label,QuirkDefs\QuirkPool_VoreDisposition.xml,def,Prey,猎物
PreyDisposition_Likes.description,"[PAWN_label] is turned on by the prospect of being devoured alive, constantly scanning for some pred or other to scoop [PAWN_objective] up.",description,QuirkDefs\QuirkPool_VoreDisposition.xml,def,"<ALIMT >(PH_2)</ALIMT> is turned on by the prospect of being devoured alive, constantly scanning for some pred or other to scoop <ALIMT >(PH_1)</ALIMT> up.",[PAWN_label]被活活吞噬的前景所开启，不断扫描一些 pred 或其他东西以收获[PAWN_objective]起来。
PreyDisposition_Neutral.label,Preyish ambivalence,label,QuirkDefs\QuirkPool_VoreDisposition.xml,def,Preyish ambivalence,常见的矛盾心理
PreyDisposition_Neutral.description,[PAWN_label] doesn't really care one way or the other about being prey.,description,QuirkDefs\QuirkPool_VoreDisposition.xml,def,<ALIMT >(PH_1)</ALIMT> doesn't really care one way or the other about being prey.,[PAWN_label]不在乎成为什么样的猎物。
PreyDisposition_Dislikes.label,Preyish aversion,label,QuirkDefs\QuirkPool_VoreDisposition.xml,def,Preyish aversion,捕食厌恶
PreyDisposition_Dislikes.description,"[PAWN_label] isn't that interested in getting devoured. It'd have to be for convenience, survival, or really scratching an uncommon itch.",description,QuirkDefs\QuirkPool_VoreDisposition.xml,def,"<ALIMT >(PH_1)</ALIMT> isn't that interested in getting devoured. It'd have to be for convenience, survival, or really scratching an uncommon itch.",[PAWN_label]对被吞噬不感兴趣。它必须是为了方便，生存，或真正触及不寻常的瘙痒。
PreyDisposition_Refuses.label,Preyish refusal,label,QuirkDefs\QuirkPool_VoreDisposition.xml,def,Preyish refusal,猎杀猎物的拒绝
PreyDisposition_Refuses.description,[PAWN_label] has no absolutely desire to get devoured at all. [PAWN_pronoun] insists that [PAWN_pronoun] is not food.,description,QuirkDefs\QuirkPool_VoreDisposition.xml,def,<ALIMT >(PH_3)</ALIMT> has no absolutely <ALIMT >desire</ALIMT> to get devoured at all. <ALIMT >(PH_2)</ALIMT> insists that <ALIMT >(PH_1)</ALIMT> is not food.,[PAWN_label]没有绝对欲望完全吞噬。[PAWN_pronoun]坚持[PAWN_pronoun]不是食物。
FeederDisposition.label,Feeder disposition,label,QuirkDefs\QuirkPool_VoreDisposition.xml,def,Feeder disposition,饲养员性情
FeederDisposition.description,"These quirks determine the degree to which the pawn prefers to be a feeder for another pred. At the extremes, the pawn will always either refuse to or always be a feeder.",description,QuirkDefs\QuirkPool_VoreDisposition.xml,def,"These quirks determine the degree to which the <ALIMT >(PH_2)</ALIMT> prefers to be a feeder for another pred. At the extremes, the <ALIMT >(PH_1)</ALIMT> will always either refuse to or always be a feeder.","这些怪癖决定了pawn更喜欢成为另一只 pred 的汲血者。在极端情况下,pawn将永远拒绝或永远是一个饲养员。"
FeederDisposition_Obsessed.label,Frenzied feeder,label,QuirkDefs\QuirkPool_VoreDisposition.xml,def,Frenzied feeder,发狂的饲养员
FeederDisposition_Obsessed.description,"[PAWN_label] finds little in this world more rewarding than handling all the busywork for a predator, up to and including hand-feeding said pred some prey.",description,QuirkDefs\QuirkPool_VoreDisposition.xml,def,"<ALIMT >(PH_1)</ALIMT> finds little in this world more rewarding than handling all the busywork for a predator, up to and including hand-feeding said pred some prey.",[PAWN_label]这个世界上没有什么比为捕食者处理所有的繁忙工作更有回报的了，这些工作包括用手喂养猎物。
FeederDisposition_Likes.label,Feeder,label,QuirkDefs\QuirkPool_VoreDisposition.xml,def,Feeder,饲养员
FeederDisposition_Likes.description,[PAWN_label] likes to help preds out with their hunting by fetching the prey for them.,description,QuirkDefs\QuirkPool_VoreDisposition.xml,def,<ALIMT >(PH_1)</ALIMT> likes to help preds out with their hunting by fetching the prey for them.,[PAWN_label]喜欢为 preds 获取猎物来帮助他们狩猎。
FeederDisposition_Neutral.label,Feeder ambivalence,label,QuirkDefs\QuirkPool_VoreDisposition.xml,def,Feeder ambivalence,汲血者矛盾心
FeederDisposition_Neutral.description,[PAWN_label] doesn't really care one way or the other about hand-feeding predators.,description,QuirkDefs\QuirkPool_VoreDisposition.xml,def,<ALIMT >(PH_1)</ALIMT> doesn't really care one way or the other about hand-feeding predators.,[PAWN_label]不在乎用手喂食的捕食者。
FeederDisposition_Dislikes.label,Feeder aversion,label,QuirkDefs\QuirkPool_VoreDisposition.xml,def,Feeder aversion,饲养员厌恶
FeederDisposition_Dislikes.description,[PAWN_label] dislikes hand-feeding predators and would rather the predator just got their food themself.,description,QuirkDefs\QuirkPool_VoreDisposition.xml,def,<ALIMT >(PH_1)</ALIMT> dislikes hand-feeding predators and would rather the predator just got their food themself.,[PAWN_label]厌恶以手为食的捕食者，宁愿捕食者只获取自身的食物。
FeederDisposition_Refuses.label,Feeder refusal,label,QuirkDefs\QuirkPool_VoreDisposition.xml,def,Feeder refusal,饲养员拒绝
FeederDisposition_Refuses.description,[PAWN_label] hates hand-feeding predators and will not willingly do it. That's just an elaborate way to get eaten last.,description,QuirkDefs\QuirkPool_VoreDisposition.xml,def,<ALIMT >(PH_1)</ALIMT> hates hand-feeding predators and will not willingly do it. That's just an elaborate way to get eaten last.,[PAWN_label]憎恨用手喂食的捕食者，不会心甘情愿地这样做。这只是最后被吃掉的一种精心设计的方式。
FeederDisposition_Predator.label,Feeder disposition (Receiver),label,QuirkDefs\QuirkPool_VoreDisposition.xml,def,Feeder disposition (Receiver),饲养员处置 (接收者)
FeederDisposition_Predator.description,These quirks determine the receptiveness of a pawn to be the predator in proposed feeding vore.,description,QuirkDefs\QuirkPool_VoreDisposition.xml,def,These quirks determine the receptiveness of a <ALIMT >(PH_1)</ALIMT> to be the predator in proposed feeding <ALIMT >vore</ALIMT>.,这些怪癖决定了pawn成为汲血的捕食者吃人
FeederDisposition_Predator_Obsessed.label,Spoonfed,label,QuirkDefs\QuirkPool_VoreDisposition.xml,def,Spoonfed,捣蛋
FeederDisposition_Predator_Obsessed.description,"[PAWN_label] loves gobbling up prey, but hates the effort involved in chasing them down. Having someone else do it for [PAWN_objective] sounds delightful.",description,QuirkDefs\QuirkPool_VoreDisposition.xml,def,"<ALIMT >(PH_2)</ALIMT> loves gobbling up prey, but hates the effort involved in chasing them down. Having someone else do it for <ALIMT >(PH_1)</ALIMT> sounds delightful.",[PAWN_label]喜欢吞噬猎物，但讨厌追捕猎物时的努力。让别人为[PAWN_objective]听起来很讨人喜欢。
FeederDisposition_Predator_Likes.label,Receptive,label,QuirkDefs\QuirkPool_VoreDisposition.xml,def,Receptive,接受
FeederDisposition_Predator_Likes.description,[PAWN_label] likes the idea of having prey fed to them with no extra effort involved.,description,QuirkDefs\QuirkPool_VoreDisposition.xml,def,<ALIMT >(PH_1)</ALIMT> likes the idea of having prey fed to them with no extra effort involved.,[PAWN_label]喜欢在不需要额外努力的情况下用猎物喂养它们。
FeederDisposition_Predator_Neutral.label,Ambivalence,label,QuirkDefs\QuirkPool_VoreDisposition.xml,def,Ambivalence,矛盾心理
FeederDisposition_Predator_Neutral.description,[PAWN_label] doesn't really care if they have to track down their own prey or be fed.,description,QuirkDefs\QuirkPool_VoreDisposition.xml,def,<ALIMT >(PH_1)</ALIMT> doesn't really care if they have to track down their own prey or be fed.,[PAWN_label]不在乎它们是要追踪自己的猎物还是要被喂食。
FeederDisposition_Predator_Dislikes.label,Unreceptive,label,QuirkDefs\QuirkPool_VoreDisposition.xml,def,Unreceptive,无法接受
FeederDisposition_Predator_Dislikes.description,[PAWN_label] prefers to ask [PAWN_possessive] own prey for vore.,description,QuirkDefs\QuirkPool_VoreDisposition.xml,def,<ALIMT >(PH_2)</ALIMT> prefers to ask <ALIMT >(PH_1)</ALIMT> own prey for <ALIMT >vore</ALIMT>.,[PAWN_label]更喜欢问[PAWN_possessive]自己的猎物吃人
FeederDisposition_Predator_Refuses.label,Picky Eater,label,QuirkDefs\QuirkPool_VoreDisposition.xml,def,Picky Eater,暴食的
FeederDisposition_Predator_Refuses.description,[PAWN_label] is fully grown and self-reliant. Feeding prey to [PAWN_objective] is insulting when [PAWN_pronoun] can just get the prey [PAWN_objective]self.,description,QuirkDefs\QuirkPool_VoreDisposition.xml,def,<ALIMT >(PH_4)</ALIMT> is fully grown and self-reliant. Feeding prey to <ALIMT >(PH_3)</ALIMT> is insulting when <ALIMT >(PH_2)</ALIMT> can just get the prey <ALIMT >(PH_1)</ALIMT>self.,[PAWN_label]完全长大，自力更生。喂养猎物[PAWN_objective]侮辱他人[PAWN_pronoun]可以只得到猎物[PAWN_objective]自己。
FeederDisposition_Prey.label,Feeder disposition (Fodder),label,QuirkDefs\QuirkPool_VoreDisposition.xml,def,Feeder disposition (Fodder),饲养员处置 (饲料)
FeederDisposition_Prey.description,These quirks determine the receptiveness of a pawn to be the prey in proposed feeding vore.,description,QuirkDefs\QuirkPool_VoreDisposition.xml,def,These quirks determine the receptiveness of a <ALIMT >(PH_1)</ALIMT> to be the prey in proposed feeding <ALIMT >vore</ALIMT>.,这些怪癖决定了pawn成为哺育动物的猎物吃人
FeederDisposition_Prey_Obsessed.label,Intro(vore)ted,label,QuirkDefs\QuirkPool_VoreDisposition.xml,def,<ALIMT >(PH_1)</ALIMT>ted,Intro(吃人)泰德
FeederDisposition_Prey_Obsessed.description,[PAWN_label] is extremely intro(vore)ted and needs someone else to hook [PAWN_objective] up to a predator.,description,QuirkDefs\QuirkPool_VoreDisposition.xml,def,<ALIMT >(PH_3)</ALIMT> is extremely <ALIMT >(PH_2)</ALIMT>ted and needs someone else to hook <ALIMT >(PH_1)</ALIMT> up to a predator.,[PAWN_label]极度出色intro(吃人)泰德和其他人勾搭[PAWN_objective]由捕食者决定。
FeederDisposition_Prey_Likes.label,Snack,label,QuirkDefs\QuirkPool_VoreDisposition.xml,def,Snack,小食
FeederDisposition_Prey_Likes.description,[PAWN_label] likes blind dates with [PAWN_possessive] predator.,description,QuirkDefs\QuirkPool_VoreDisposition.xml,def,<ALIMT >(PH_2)</ALIMT> likes <ALIMT >blind</ALIMT> dates with <ALIMT >(PH_1)</ALIMT> predator.,[PAWN_label]喜欢失明约会对象[PAWN_possessive]捕食者。
FeederDisposition_Prey_Neutral.label,Feeder ambivalence,label,QuirkDefs\QuirkPool_VoreDisposition.xml,def,Feeder ambivalence,汲血者矛盾心
FeederDisposition_Prey_Neutral.description,[PAWN_label] doesn't really care if [PAWN_pronoun] is being fed to someone.,description,QuirkDefs\QuirkPool_VoreDisposition.xml,def,<ALIMT >(PH_2)</ALIMT> doesn't really care if <ALIMT >(PH_1)</ALIMT> is being fed to someone.,[PAWN_label]不在乎[PAWN_pronoun]正在给某人喂食。
FeederDisposition_Prey_Dislikes.label,Fodder aversion,label,QuirkDefs\QuirkPool_VoreDisposition.xml,def,Fodder aversion,厌恶饲料
FeederDisposition_Prey_Dislikes.description,"[PAWN_label] doesn't want to be a bother, so they'd rather not have someone spend their time introducing them to a pred.",description,QuirkDefs\QuirkPool_VoreDisposition.xml,def,"<ALIMT >(PH_1)</ALIMT> doesn't want to be a bother, so they'd rather not have someone spend their time introducing them to a pred.",[PAWN_label]不想成为一个麻烦，所以他们宁愿没有人花时间给他们介绍 pred。
FeederDisposition_Prey_Refuses.label,Fodder refusal,label,QuirkDefs\QuirkPool_VoreDisposition.xml,def,Fodder refusal,拒绝喂养
FeederDisposition_Prey_Refuses.description,[PAWN_label] hates the idea of being fed to someone else. [PAWN_pronoun] wants to pick [PAWN_possessive] own holes to jump into.,description,QuirkDefs\QuirkPool_VoreDisposition.xml,def,<ALIMT >(PH_3)</ALIMT> hates the idea of being fed to someone else. <ALIMT >(PH_2)</ALIMT> wants to pick <ALIMT >(PH_1)</ALIMT> own holes to jump into.,[PAWN_label]讨厌被人喂养的想法。[PAWN_pronoun]想要拾取[PAWN_possessive]自己要跳进去的洞。
ProductPreference.label,Vore product preference,label,QuirkDefs\QuirkPool_VoreProductPreferences.xml,def,<ALIMT >vore</ALIMT> product preference,吃人产品偏好
ProductPreference.description,"These quirks determine how much a pawn enjoys eating edible vore products, which are food items produced by digestion/conversion such as milk and cum.",description,QuirkDefs\QuirkPool_VoreProductPreferences.xml,def,"These quirks determine how much a <ALIMT >(PH_1)</ALIMT> enjoys eating edible <ALIMT >vore</ALIMT> products, which are food items produced by digestion/conversion such as milk and <ALIMT >cum</ALIMT>.",这些怪癖决定了多少钱一个pawn喜欢食用吃人产物，它们是通过消化/转化获得的食物，如牛奶和精液
ProductPreference_Loves.label,Processed pawn connoisseur,label,QuirkDefs\QuirkPool_VoreProductPreferences.xml,def,Processed <ALIMT >(PH_1)</ALIMT> connoisseur,已处理pawn行家
ProductPreference_Loves.description,"[PAWN_label] loves to consume the treats dispensed by predators, who have so skillfully churned their prey into thick batter and creamy milk.",description,QuirkDefs\QuirkPool_VoreProductPreferences.xml,def,"<ALIMT >(PH_1)</ALIMT> loves to consume the treats dispensed by predators, who have so skillfully churned their prey into thick batter and creamy milk.",[PAWN_label]喜欢吃捕食者分配的零食，捕食者将猎物巧妙地搅拌成厚厚的面糊和奶油。
ProductPreference_Likes.label,Processed pawn taste,label,QuirkDefs\QuirkPool_VoreProductPreferences.xml,def,Processed <ALIMT >(PH_1)</ALIMT> taste,已处理pawn味道
ProductPreference_Likes.description,[PAWN_label] likes to consume the remains of prey who have been churned into tasty beverages.,description,QuirkDefs\QuirkPool_VoreProductPreferences.xml,def,<ALIMT >(PH_1)</ALIMT> likes to consume the remains of prey who have been churned into tasty beverages.,[PAWN_label]喜欢食用被制成美味饮料的猎物残骸。
ProductPreference_Neutral.label,Processed pawn ambivalence,label,QuirkDefs\QuirkPool_VoreProductPreferences.xml,def,Processed <ALIMT >(PH_1)</ALIMT> ambivalence,已处理pawn矛盾心理
ProductPreference_Neutral.description,[PAWN_label] doesn't care one way or the other about consuming the remains of prey who have been churned into edibles.,description,QuirkDefs\QuirkPool_VoreProductPreferences.xml,def,<ALIMT >(PH_1)</ALIMT> doesn't care one way or the other about consuming the remains of prey who have been churned into edibles.,[PAWN_label]不管怎样，对于将被搅拌成食物的猎物的残骸完全不在乎。
ProductPreference_Dislikes.label,Processed pawn distaste,label,QuirkDefs\QuirkPool_VoreProductPreferences.xml,def,Processed <ALIMT >(PH_1)</ALIMT> distaste,已处理pawn厌恶
ProductPreference_Dislikes.description,[PAWN_label] dislikes consuming the remains of prey who have been churned into edibles. It's a waste of good food.,description,QuirkDefs\QuirkPool_VoreProductPreferences.xml,def,<ALIMT >(PH_1)</ALIMT> dislikes consuming the remains of prey who have been churned into edibles. It's a waste of good food.,[PAWN_label]厌恶将被制成食物的猎物的残骸吞食。这是对美食的浪费。
ProductPreference_Hates.label,Processed pawn disgust,label,QuirkDefs\QuirkPool_VoreProductPreferences.xml,def,Processed <ALIMT >(PH_1)</ALIMT> disgust,已处理pawn厌恶
ProductPreference_Hates.description,[PAWN_label] hates consuming the remains of prey who have been churned into edibles. It's a profane alchemy that mustn't grace [PAWN_possessive] tongue.,description,QuirkDefs\QuirkPool_VoreProductPreferences.xml,def,<ALIMT >(PH_2)</ALIMT> hates consuming the remains of prey who have been churned into edibles. It's a profane alchemy that mustn't grace <ALIMT >(PH_1)</ALIMT> tongue.,[PAWN_label]厌恶将被制成食物的猎物的残骸吞食。这是一种亵渎的炼金术，不能优雅[PAWN_possessive]舌头。
RV2_Make_ChemfuelFromRemains.label,make chemfuel from remains,label,RecipeDefs\Recipes_Production.xml,def,make chemfuel from remains,从残骸中制作化合燃料
RV2_Make_ChemfuelFromRemains.description,Make a batch of chemfuel by extracting biofuel from digested remains.,description,RecipeDefs\Recipes_Production.xml,def,Make a batch of chemfuel by extracting biofuel from digested remains.,通过从消化的残骸中提取生物燃料来制作一批化合燃料。
RV2_Make_ChemfuelFromRemains.jobString,Refining chemfuel from remains.,jobString,RecipeDefs\Recipes_Production.xml,def,Refining chemfuel from remains.,正在从残骸中提炼化合燃料。
RV2_MakeGoalEnabler_ConvertLube.label,Make lubrifactive enzyme seeder (Convert to lube),label,RecipeDefs\Recipes_VoreEnablers.xml,def,Make lubrifactive enzyme seeder (Convert to <ALIMT >lube</ALIMT>),制作 lubrifactive 酵素播种机 (教化为润滑油)
RV2_MakeGoalEnabler_ConvertMilk.label,Make lactifactive enzyme seeder (Convert to milk),label,RecipeDefs\Recipes_VoreEnablers.xml,def,Make lactifactive enzyme seeder (Convert to milk),制作裂解酶播种机 (转化为产物)
RV2_MakeGoalEnabler_ConvertSperm.label,Make spermifactive enzyme seeder (Convert to cum),label,RecipeDefs\Recipes_VoreEnablers.xml,def,Make spermifactive enzyme seeder (Convert to <ALIMT >cum</ALIMT>),制作受精酶播种机 (教化为精液)
RV2_MakeGoalEnabler_Digest.label,Make hyperdigestive enzyme seeder (Digest),label,RecipeDefs\Recipes_VoreEnablers.xml,def,Make hyperdigestive enzyme seeder (Digest),制作亢奋的消化酶 (消化)
RV2_MakeGoalEnabler_TempEndo.label,"Make internal hospitality adjuster (Hold, Pleasure)",label,RecipeDefs\Recipes_VoreEnablers.xml,def,"Make internal hospitality adjuster (Hold, Pleasure)",使内部好客调节器 (保持，愉悦)
RV2_MakeGoalEnabler_Store.label,Make internal hospitality adjuster (Store),label,RecipeDefs\Recipes_VoreEnablers.xml,def,Make internal hospitality adjuster (Store),制作内部招待调节器 (商店)
RV2_MakeGoalEnabler_Heal.label,Make regenerative enzyme seeder (Heal),label,RecipeDefs\Recipes_VoreEnablers.xml,def,Make regenerative enzyme seeder (Heal),制作再生酵素播种机 (Heal)
RV2_MakeGoalEnabler_Reform.label,Make reproductive enzyme seeder (Reform),label,RecipeDefs\Recipes_VoreEnablers.xml,def,Make reproductive enzyme seeder (Reform),制作繁殖酶 (改革)
RV2_MakeTypeEnabler_Oral.label,Make oral elasticizer,label,RecipeDefs\Recipes_VoreEnablers.xml,def,Make <ALIMT >oral</ALIMT> elasticizer,制作用嘴弹力器
RV2_MakeTypeEnabler_Anal.label,Make anal elasticizer,label,RecipeDefs\Recipes_VoreEnablers.xml,def,Make <ALIMT >anal</ALIMT> elasticizer,制作肛门弹力器
RV2_MakeTypeEnabler_Vaginal.label,Make vaginal elasticizer,label,RecipeDefs\Recipes_VoreEnablers.xml,def,Make <ALIMT >vaginal</ALIMT> elasticizer,制作阴道弹力器
RV2_MakeTypeEnabler_Cock.label,Make penile elasticizer,label,RecipeDefs\Recipes_VoreEnablers.xml,def,Make penile elasticizer,制作阴茎弹射器
RV2_MakeTypeEnabler_Nipple.label,Make nipple elasticizer,label,RecipeDefs\Recipes_VoreEnablers.xml,def,Make <ALIMT >nipple</ALIMT> elasticizer,制作乳头弹力器
RV2_MakeFertilizer.label,make fertilizer,label,RecipeDefs\Recipe_Fertilizer.xml,def,make fertilizer,制作肥料
RV2_MakeFertilizer4.label,make fertilizer x4,label,RecipeDefs\Recipe_Fertilizer.xml,def,make fertilizer x4,制作肥料 x4
RV2_Surgery_RemovePrey.label,Remove prey from body part,label,RecipeDefs\Surgeries_RemovePrey.xml,def,Remove prey from body part,将猎物从身体部位移除
RV2_Surgery_RemovePrey.description,Remove prey from part.,description,RecipeDefs\Surgeries_RemovePrey.xml,def,Remove prey from part.,从部分移除猎物。
RV2_Surgery_RemovePrey.jobString,Removing prey from part.,jobString,RecipeDefs\Surgeries_RemovePrey.xml,def,Removing prey from part.,正在将猎物从身体部位移除。
RV2_InstallGoalEnabler_ConvertLube.label,Install lubrifactive enzyme seeder,label,RecipeDefs\Surgeries_VoreEnablers.xml,def,Install lubrifactive enzyme seeder,安装 lubrifactive 酶培育器
RV2_InstallGoalEnabler_ConvertLube.description,Install the enzyme seeder required to allow turning prey into lube.,description,RecipeDefs\Surgeries_VoreEnablers.xml,def,Install the enzyme seeder required to allow turning prey into <ALIMT >lube</ALIMT>.,安装酵素汲血器以允许将猎物转化为润滑油
RV2_InstallGoalEnabler_ConvertMilk.label,Install lactifactive enzyme seeder,label,RecipeDefs\Surgeries_VoreEnablers.xml,def,Install lactifactive enzyme seeder,安装液化酶催化装置
RV2_InstallGoalEnabler_ConvertMilk.description,Install the enzyme seeder required to allow turning prey into milk.,description,RecipeDefs\Surgeries_VoreEnablers.xml,def,Install the enzyme seeder required to allow turning prey into milk.,安装需要将猎物转化为乳汁的酵素播种机。
RV2_InstallGoalEnabler_ConvertSperm.label,Install spermifactive enzyme seeder,label,RecipeDefs\Surgeries_VoreEnablers.xml,def,Install spermifactive enzyme seeder,安装受精酶
RV2_InstallGoalEnabler_ConvertSperm.description,Install the enzyme seeder required to allow turning prey into sperm.,description,RecipeDefs\Surgeries_VoreEnablers.xml,def,Install the enzyme seeder required to allow turning prey into <ALIMT >sperm</ALIMT>.,安装酵素汲血器以允许将猎物转化为精子
RV2_InstallGoalEnabler_Digest.label,Install hyperdigestive enzyme seeder,label,RecipeDefs\Surgeries_VoreEnablers.xml,def,Install hyperdigestive enzyme seeder,安装亢奋的消化酶
RV2_InstallGoalEnabler_Digest.description,Install the enzyme seeder required to allow digesting prey.,description,RecipeDefs\Surgeries_VoreEnablers.xml,def,Install the enzyme seeder required to allow digesting prey.,安装所需的酶播种装置，以消化猎物。
RV2_InstallGoalEnabler_TempEndo.label,"Install internal hospitality adjuster (Hold, Pleasure)",label,RecipeDefs\Surgeries_VoreEnablers.xml,def,"Install internal hospitality adjuster (Hold, Pleasure)",安装内部招待调节器 (保持，愉悦)
RV2_InstallGoalEnabler_TempEndo.description,"Install the adjustments required to allow temporary, comfortable, and safe ingestion of prey.",description,RecipeDefs\Surgeries_VoreEnablers.xml,def,"Install the adjustments required to allow temporary, comfortable, and safe ingestion of prey.",安装所需的调整以允许暂时的、舒适的、安全的摄取猎物。
RV2_InstallGoalEnabler_Store.label,Install internal hospitality adjuster (Store),label,RecipeDefs\Surgeries_VoreEnablers.xml,def,Install internal hospitality adjuster (Store),安装内部招待调节器 (商店)
RV2_InstallGoalEnabler_Store.description,"Install the adjustments required to allow permanent, comfortable, and safe ingestion of prey.",description,RecipeDefs\Surgeries_VoreEnablers.xml,def,"Install the adjustments required to allow permanent, comfortable, and safe ingestion of prey.",安装所需的调整以允许永久、舒适和安全地摄取猎物。
RV2_InstallGoalEnabler_Heal.label,Install regenerative enzyme seeder (Heal),label,RecipeDefs\Surgeries_VoreEnablers.xml,def,Install regenerative enzyme seeder (Heal),安装再生酶播种机 (Heal)
RV2_InstallGoalEnabler_Heal.description,Install the gland allowing healing vore.,description,RecipeDefs\Surgeries_VoreEnablers.xml,def,Install the gland allowing healing <ALIMT >vore</ALIMT>.,安装腺体以允许愈合吃人
RV2_InstallGoalEnabler_Reform.label,Install reproductive enzyme seeder (Reform),label,RecipeDefs\Surgeries_VoreEnablers.xml,def,Install reproductive enzyme seeder (Reform),安装繁殖酶播种机 (改革)
RV2_InstallGoalEnabler_Reform.description,Install the nanites allowing reformation vore.,description,RecipeDefs\Surgeries_VoreEnablers.xml,def,Install the nanites allowing reformation <ALIMT >vore</ALIMT>.,安装纳米粒子以允许宗教改革吃人
RV2_InstallTypeEnabler_Oral.label,Install oral elasticizer,label,RecipeDefs\Surgeries_VoreEnablers.xml,def,Install <ALIMT >oral</ALIMT> elasticizer,安装用嘴弹力器
RV2_InstallTypeEnabler_Oral.description,Install the elasticizer required to allow oral vore.,description,RecipeDefs\Surgeries_VoreEnablers.xml,def,Install the elasticizer required to allow <ALIMT >oral</ALIMT> <ALIMT >vore</ALIMT>.,安装要求允许的护弹装置oralvore
RV2_InstallTypeEnabler_Anal.label,Install anal elasticizer,label,RecipeDefs\Surgeries_VoreEnablers.xml,def,Install <ALIMT >anal</ALIMT> elasticizer,安装肛门弹力器
RV2_InstallTypeEnabler_Anal.description,Install the elasticizer required to allow anal vore.,description,RecipeDefs\Surgeries_VoreEnablers.xml,def,Install the elasticizer required to allow <ALIMT >anal</ALIMT> <ALIMT >vore</ALIMT>.,安装要求允许的护弹装置analvore
RV2_InstallTypeEnabler_Vaginal.label,Install vaginal elasticizer,label,RecipeDefs\Surgeries_VoreEnablers.xml,def,Install <ALIMT >vaginal</ALIMT> elasticizer,安装阴道弹力器
RV2_InstallTypeEnabler_Vaginal.description,Install the elasticizer required to allow vaginal vore.,description,RecipeDefs\Surgeries_VoreEnablers.xml,def,Install the elasticizer required to allow <ALIMT >vaginal</ALIMT> <ALIMT >vore</ALIMT>.,安装要求允许的护弹装置vaginalvore
RV2_InstallTypeEnabler_Cock.label,Install penile elasticizer,label,RecipeDefs\Surgeries_VoreEnablers.xml,def,Install penile elasticizer,安装阴茎弹力器
RV2_InstallTypeEnabler_Cock.description,Install the elasticizer required to allow cock vore.,description,RecipeDefs\Surgeries_VoreEnablers.xml,def,Install the elasticizer required to allow cock <ALIMT >vore</ALIMT>.,安装需要的弹力器以允许旋塞吃人
RV2_InstallTypeEnabler_Nipple.label,Install nipple elasticizer,label,RecipeDefs\Surgeries_VoreEnablers.xml,def,Install <ALIMT >nipple</ALIMT> elasticizer,安装乳头弹力器
RV2_InstallTypeEnabler_Nipple.description,Install the elasticizer required to allow nipple vore.,description,RecipeDefs\Surgeries_VoreEnablers.xml,def,Install the elasticizer required to allow <ALIMT >nipple</ALIMT> <ALIMT >vore</ALIMT>.,安装要求允许的护弹装置nipplevore
RV2_Predator.label,Vore: Predator,label,RecordDefs\Records_Vore.xml,def,<ALIMT >vore</ALIMT>: Predator,吃人: 捕食者
RV2_Predator.description,The number of times I vored someone.,description,RecordDefs\Records_Vore.xml,def,The number of times I vored someone.,我溺爱某人的次数。
RV2_Prey.label,Vore: Prey,label,RecordDefs\Records_Vore.xml,def,<ALIMT >vore</ALIMT>: Prey,吃人: 猎物
RV2_Prey.description,The number of times I have been vored.,description,RecordDefs\Records_Vore.xml,def,The number of times I have been vored.,我被伏击的次数。
RV2_Type_Oral_Predator.label,Vore: Oral Predator,label,RecordDefs\Records_Vore.xml,def,<ALIMT >vore</ALIMT>: <ALIMT >oral</ALIMT> Predator,吃人:用嘴捕食者
RV2_Type_Oral_Predator.description,The number of times I have swallowed someone.,description,RecordDefs\Records_Vore.xml,def,The number of times I have swallowed someone.,我吞下某人的次数。
RV2_Type_Oral_Prey.label,Vore: Oral Prey,label,RecordDefs\Records_Vore.xml,def,<ALIMT >vore</ALIMT>: <ALIMT >oral</ALIMT> Prey,吃人:用嘴猎物
RV2_Type_Oral_Prey.description,The number of times I have been swallowed.,description,RecordDefs\Records_Vore.xml,def,The number of times I have been swallowed.,我被吞下的次数。
RV2_Type_Anal_Predator.label,Vore: Anal Predator,label,RecordDefs\Records_Vore.xml,def,<ALIMT >vore</ALIMT>: <ALIMT >anal</ALIMT> Predator,吃人:肛门捕食者
RV2_Type_Anal_Predator.description,The number of times I have anally swallowed someone.,description,RecordDefs\Records_Vore.xml,def,The number of times I have anally swallowed someone.,我吞下某人的次数。
RV2_Type_Anal_Prey.label,Vore: Anal Prey,label,RecordDefs\Records_Vore.xml,def,<ALIMT >vore</ALIMT>: <ALIMT >anal</ALIMT> Prey,吃人:肛门猎物
RV2_Type_Anal_Prey.description,The number of times I have been anally swallowed.,description,RecordDefs\Records_Vore.xml,def,The number of times I have been anally swallowed.,我被吞食的次数。
RV2_Type_Cock_Predator.label,Vore: Cock Predator,label,RecordDefs\Records_Vore.xml,def,<ALIMT >vore</ALIMT>: Cock Predator,吃人: 公鸡捕食者
RV2_Type_Cock_Predator.description,The number of times I have swallowed someone with my cock.,description,RecordDefs\Records_Vore.xml,def,The number of times I have swallowed someone with my cock.,我用我的公鸡吞下某人的次数。
RV2_Type_Cock_Prey.label,Vore: Cock Prey,label,RecordDefs\Records_Vore.xml,def,<ALIMT >vore</ALIMT>: Cock Prey,吃人: 公鸡猎物
RV2_Type_Cock_Prey.description,The number of times I have been swallowed by someones cock.,description,RecordDefs\Records_Vore.xml,def,The number of times I have been swallowed by someones cock.,我被某人的公鸡吞下的次数。
RV2_Type_Vaginal_Predator.label,Vore: Vaginal Predator,label,RecordDefs\Records_Vore.xml,def,<ALIMT >vore</ALIMT>: <ALIMT >vaginal</ALIMT> Predator,吃人:阴道捕食者
RV2_Type_Vaginal_Predator.description,The number of times I have vaginally swallowed someone.,description,RecordDefs\Records_Vore.xml,def,The number of times I have vaginally swallowed someone.,我阴道吞下某人的次数。
RV2_Type_Vaginal_Prey.label,Vore: Vaginal Prey,label,RecordDefs\Records_Vore.xml,def,<ALIMT >vore</ALIMT>: <ALIMT >vaginal</ALIMT> Prey,吃人:阴道猎物
RV2_Type_Vaginal_Prey.description,The number of times I have been vaginally swallowed.,description,RecordDefs\Records_Vore.xml,def,The number of times I have been vaginally swallowed.,我被阴道吞下的次数。
RV2_Type_Nipple_Predator.label,Vore: Nipple Predator,label,RecordDefs\Records_Vore.xml,def,<ALIMT >vore</ALIMT>: <ALIMT >nipple</ALIMT> Predator,吃人:乳头捕食者
RV2_Type_Nipple_Predator.description,The number of times I have swallowed someone with my nipple.,description,RecordDefs\Records_Vore.xml,def,The number of times I have swallowed someone with my <ALIMT >nipple</ALIMT>.,我吞下某人的次数乳头
RV2_Type_Nipple_Prey.label,Vore: Nipple Prey,label,RecordDefs\Records_Vore.xml,def,<ALIMT >vore</ALIMT>: <ALIMT >nipple</ALIMT> Prey,吃人:乳头猎物
RV2_Type_Nipple_Prey.description,The number of times I have been swallowed by someones nipple.,description,RecordDefs\Records_Vore.xml,def,The number of times I have been swallowed by someones <ALIMT >nipple</ALIMT>.,我被人吞下的次数乳头
RV2_Type_FullTour_Predator.label,Vore: Full Tour Predator,label,RecordDefs\Records_Vore.xml,def,<ALIMT >vore</ALIMT>: <ALIMT >full tour</ALIMT> Predator,吃人:消化道游览捕食者
RV2_Type_FullTour_Predator.description,The number of times I have swallowed someone to shown them my whole tract.,description,RecordDefs\Records_Vore.xml,def,The number of times I have swallowed someone to shown them my whole tract.,我吞下某人体内的东西，向他们展示我的整个区域的次数。
RV2_Type_FullTour_Prey.label,Vore: Full Tour Prey,label,RecordDefs\Records_Vore.xml,def,<ALIMT >vore</ALIMT>: <ALIMT >full tour</ALIMT> Prey,吃人:消化道游览猎物
RV2_Type_FullTour_Prey.description,The number of times I have been swallowed to see my predator's whole tract.,description,RecordDefs\Records_Vore.xml,def,The number of times I have been swallowed to see my predator's whole tract.,我被吞噬并看到捕食者全身的次数。
RV2_Goal_Digest_Predator.label,Vore: Digestion Predator,label,RecordDefs\Records_Vore.xml,def,<ALIMT >vore</ALIMT>: Digestion Predator,吃人: 消化捕食者
RV2_Goal_Digest_Predator.description,The number of times I have digested someone.,description,RecordDefs\Records_Vore.xml,def,The number of times I have digested someone.,我消化某人的次数。
RV2_Goal_Digest_Prey.label,Vore: Digestion Prey,label,RecordDefs\Records_Vore.xml,def,<ALIMT >vore</ALIMT>: Digestion Prey,吃人: 被消化的猎物
RV2_Goal_Digest_Prey.description,The number of times I have been digested.,description,RecordDefs\Records_Vore.xml,def,The number of times I have been digested.,我被消化的次数。
RV2_Goal_ConvertLube_Predator.label,Vore: Lubify Predator,label,RecordDefs\Records_Vore.xml,def,<ALIMT >vore</ALIMT>: Lubify Predator,吃人: Lubify 捕食者
RV2_Goal_ConvertLube_Predator.description,The number of times I have converted someone into lube.,description,RecordDefs\Records_Vore.xml,def,The number of times I have converted someone into <ALIMT >lube</ALIMT>.,我将某人教化为润滑油
RV2_Goal_ConvertLube_Prey.label,Vore: Lubify Prey,label,RecordDefs\Records_Vore.xml,def,<ALIMT >vore</ALIMT>: Lubify Prey,吃人: Lubify 猎物
RV2_Goal_ConvertLube_Prey.description,The number of times I have been converted into lube.,description,RecordDefs\Records_Vore.xml,def,The number of times I have been converted into <ALIMT >lube</ALIMT>.,我被教化为润滑油
RV2_Goal_ConvertMilk_Predator.label,Vore: Milkify Predator,label,RecordDefs\Records_Vore.xml,def,<ALIMT >vore</ALIMT>: Milkify Predator,吃人: 米尔基菲捕食者
RV2_Goal_ConvertMilk_Predator.description,The number of times I have converted someone into milk.,description,RecordDefs\Records_Vore.xml,def,The number of times I have converted someone into milk.,我将某人教化为乳房喷出液体（通常是乳汁）。是挤奶的前置标签。的次数。
RV2_Goal_ConvertMilk_Prey.label,Vore: Milkify Prey,label,RecordDefs\Records_Vore.xml,def,<ALIMT >vore</ALIMT>: Milkify Prey,吃人: Milkify 猎物
RV2_Goal_ConvertMilk_Prey.description,The number of times I have been converted into milk.,description,RecordDefs\Records_Vore.xml,def,The number of times I have been converted into milk.,我被转化为乳汁的次数。
RV2_Goal_ConvertSperm_Predator.label,Vore: Spermify Predator,label,RecordDefs\Records_Vore.xml,def,<ALIMT >vore</ALIMT>: Spermify Predator,吃人: Spermify 捕食者
RV2_Goal_ConvertSperm_Predator.description,The number of times I have converted someone into sperm.,description,RecordDefs\Records_Vore.xml,def,The number of times I have converted someone into <ALIMT >sperm</ALIMT>.,我将某人教化为精子
RV2_Goal_ConvertSperm_Prey.label,Vore: Spermify Prey,label,RecordDefs\Records_Vore.xml,def,<ALIMT >vore</ALIMT>: Spermify Prey,吃人: 精子化猎物
RV2_Goal_ConvertSperm_Prey.description,The number of times I have been converted into sperm.,description,RecordDefs\Records_Vore.xml,def,The number of times I have been converted into <ALIMT >sperm</ALIMT>.,我被教化为精子
RV2_Goal_Reform_Predator.label,Vore: Reformation Predator,label,RecordDefs\Records_Vore.xml,def,<ALIMT >vore</ALIMT>: Reformation Predator,吃人: 教化捕食者
RV2_Goal_Reform_Predator.description,The number of times I have reformed someone.,description,RecordDefs\Records_Vore.xml,def,The number of times I have reformed someone.,我重组某人的次数。
RV2_Goal_Reform_Prey.label,Vore: Reformation Prey,label,RecordDefs\Records_Vore.xml,def,<ALIMT >vore</ALIMT>: Reformation Prey,吃人: 教化猎物
RV2_Goal_Reform_Prey.description,The number of times I have been reformed.,description,RecordDefs\Records_Vore.xml,def,The number of times I have been reformed.,我被改过自新的次数。
RV2_Goal_Heal_Predator.label,Vore: Healing Predator,label,RecordDefs\Records_Vore.xml,def,<ALIMT >vore</ALIMT>: Healing Predator,吃人: 治愈捕食者
RV2_Goal_Heal_Predator.description,The number of times I have healed someone.,description,RecordDefs\Records_Vore.xml,def,The number of times I have healed someone.,我治愈某人的次数。
RV2_Goal_Heal_Prey.label,Vore: Healing Prey,label,RecordDefs\Records_Vore.xml,def,<ALIMT >vore</ALIMT>: Healing Prey,吃人: 治愈猎物
RV2_Goal_Heal_Prey.description,The number of times I have been healed.,description,RecordDefs\Records_Vore.xml,def,The number of times I have been healed.,我被治愈的次数。
RV2_Goal_Pleasure_Predator.label,Vore: Pleasure Predator,label,RecordDefs\Records_Vore.xml,def,<ALIMT >vore</ALIMT>: Pleasure Predator,吃人: 愉悦的捕食者
RV2_Goal_Pleasure_Predator.description,The number of times I have vored someone for pleasure.,description,RecordDefs\Records_Vore.xml,def,The number of times I have vored someone for pleasure.,我为了娱乐而背叛某人的次数。
RV2_Goal_Pleasure_Prey.label,Vore: Pleasure Prey,label,RecordDefs\Records_Vore.xml,def,<ALIMT >vore</ALIMT>: Pleasure Prey,吃人: 愉悦的猎物
RV2_Goal_Pleasure_Prey.description,The number of times I have been vored for pleasure.,description,RecordDefs\Records_Vore.xml,def,The number of times I have been vored for pleasure.,我为了娱乐而被抛弃的次数。
RV2_Goal_Store_Predator.label,Vore: Storage Predator,label,RecordDefs\Records_Vore.xml,def,<ALIMT >vore</ALIMT>: Storage Predator,吃人: 储存捕食者
RV2_Goal_Store_Predator.description,The number of times I have vored someone for storage.,description,RecordDefs\Records_Vore.xml,def,The number of times I have vored someone for storage.,我向他人求储的次数。
RV2_Goal_Store_Prey.label,Vore: Storage Prey,label,RecordDefs\Records_Vore.xml,def,<ALIMT >vore</ALIMT>: Storage Prey,吃人: 猎物
RV2_Goal_Store_Prey.description,The number of times I have been stored inside of someone.,description,RecordDefs\Records_Vore.xml,def,The number of times I have been stored inside of someone.,我被储存在某人体内的次数。
RV2_Goal_Hold_Predator.label,Vore: Temporary Storage Predator,label,RecordDefs\Records_Vore.xml,def,<ALIMT >vore</ALIMT>: Temporary Storage Predator,吃人: 临时收容肉食动物
RV2_Goal_Hold_Predator.description,The number of times I have vored someone for temporary storage.,description,RecordDefs\Records_Vore.xml,def,The number of times I have vored someone for temporary storage.,我给某人提供临时存储的次数。
RV2_Goal_Hold_Prey.label,Vore: Temporary Storage Prey,label,RecordDefs\Records_Vore.xml,def,<ALIMT >vore</ALIMT>: Temporary Storage Prey,吃人: 临时存储的猎物
RV2_Goal_Hold_Prey.description,The number of times I have been temporarily stored inside of someone.,description,RecordDefs\Records_Vore.xml,def,The number of times I have been temporarily stored inside of someone.,我被暂时安置在某人体内的次数。
RV2_Goal_Digest.rulePack.rulesStrings.0,extraSentencePack->[RECIPIENT_nameDef] for [RV2_goalFinish_noun].,li,RulePackDefs\RulePacks_Tales_Goals.xml,def,<ALIMT >(PH_3)</ALIMT><ALIMT >(PH_2)</ALIMT> for <ALIMT >(PH_1)</ALIMT>.,extraSentencePack->[RECIPIENT_nameDef]与[RV2_goalFinish_noun]
RV2_Goal_Digest.rulePack.rulesStrings.1,RV2_digestion_product->an indiscernible glob,li,RulePackDefs\RulePacks_Tales_Goals.xml,def,<ALIMT >(PH_1)</ALIMT>an indiscernible glob,RV2_digestion_product->难以辨别的 glob
RV2_Goal_Digest.rulePack.rulesStrings.2,RV2_digestion_product->mush,li,RulePackDefs\RulePacks_Tales_Goals.xml,def,<ALIMT >(PH_1)</ALIMT>mush,RV2_digestion_product->糊状物
RV2_Goal_Digest.rulePack.rulesStrings.3,RV2_digestion_product->paste,li,RulePackDefs\RulePacks_Tales_Goals.xml,def,<ALIMT >(PH_1)</ALIMT>paste,RV2_digestion_product->粘贴
RV2_Goal_Digest.rulePack.rulesStrings.4,RV2_digestion_meal_adjective->disappointing,li,RulePackDefs\RulePacks_Tales_Goals.xml,def,<ALIMT >(PH_1)</ALIMT>disappointing,RV2_digestion_meal_adjective->令人失望
RV2_Goal_Digest.rulePack.rulesStrings.5,RV2_digestion_meal_adjective->boring,li,RulePackDefs\RulePacks_Tales_Goals.xml,def,<ALIMT >(PH_1)</ALIMT>boring,RV2_digestion_meal_adjective->枯燥乏味的
RV2_Goal_Digest.rulePack.rulesStrings.6,RV2_digestion_meal_adjective->simple,li,RulePackDefs\RulePacks_Tales_Goals.xml,def,<ALIMT >(PH_1)</ALIMT>simple,RV2_digestion_meal_adjective->简单
RV2_Goal_Digest.rulePack.rulesStrings.7,RV2_digestion_meal_adjective->fair,li,RulePackDefs\RulePacks_Tales_Goals.xml,def,<ALIMT >(PH_1)</ALIMT>fair,RV2_digestion_meal_adjective->美丽的
RV2_Goal_Digest.rulePack.rulesStrings.8,RV2_digestion_meal_adjective->nice,li,RulePackDefs\RulePacks_Tales_Goals.xml,def,<ALIMT >(PH_1)</ALIMT>nice,RV2_digestion_meal_adjective->友好的
RV2_Goal_Digest.rulePack.rulesStrings.9,RV2_digestion_meal_adjective->delicious,li,RulePackDefs\RulePacks_Tales_Goals.xml,def,<ALIMT >(PH_1)</ALIMT>delicious,RV2_digestion_meal_adjective->味道不错
RV2_Goal_Digest.rulePack.rulesStrings.10,RV2_digestion_meal_adjective->exellent,li,RulePackDefs\RulePacks_Tales_Goals.xml,def,<ALIMT >(PH_1)</ALIMT>exellent,RV2_digestion_meal_adjective->超凡者
RV2_Goal_Digest.rulePack.rulesStrings.11,RV2_digestion_meal_noun->snack,li,RulePackDefs\RulePacks_Tales_Goals.xml,def,<ALIMT >(PH_1)</ALIMT>snack,RV2_digestion_meal_noun->小食
RV2_Goal_Digest.rulePack.rulesStrings.12,RV2_digestion_meal_noun->meal,li,RulePackDefs\RulePacks_Tales_Goals.xml,def,<ALIMT >(PH_1)</ALIMT>meal,RV2_digestion_meal_noun->烹饪食品
RV2_Goal_Digest.rulePack.rulesStrings.13,RV2_digestion_meal_noun->feast,li,RulePackDefs\RulePacks_Tales_Goals.xml,def,<ALIMT >(PH_1)</ALIMT>feast,RV2_digestion_meal_noun->盛宴
RV2_Goal_Digest.rulePack.rulesStrings.14,RV2_digestion_meal->[RV2_digestion_meal_noun],li,RulePackDefs\RulePacks_Tales_Goals.xml,def,<ALIMT >(PH_2)</ALIMT><ALIMT >(PH_1)</ALIMT>,RV2_digestion_meal->[RV2_digestion_meal_noun]
RV2_Goal_Digest.rulePack.rulesStrings.15,RV2_digestion_meal->[RV2_digestion_meal_adjective] [RV2_digestion_meal_noun],li,RulePackDefs\RulePacks_Tales_Goals.xml,def,<ALIMT >(PH_3)</ALIMT><ALIMT >(PH_2)</ALIMT> <ALIMT >(PH_1)</ALIMT>,RV2_digestion_meal->[RV2_digestion_meal_adjective] [RV2_digestion_meal_noun]
RV2_Goal_Digest.rulePack.rulesStrings.16,RV2_adverb->hungrily,li,RulePackDefs\RulePacks_Tales_Goals.xml,def,<ALIMT >(PH_1)</ALIMT>hungrily,RV2_adverb->饥渴
RV2_Goal_Digest.rulePack.rulesStrings.17,RV2_adverb->gluttonously,li,RulePackDefs\RulePacks_Tales_Goals.xml,def,<ALIMT >(PH_1)</ALIMT>gluttonously,RV2_adverb->暴饮暴食
RV2_Goal_Digest.rulePack.rulesStrings.18,RV2_adjective->hungry,li,RulePackDefs\RulePacks_Tales_Goals.xml,def,<ALIMT >(PH_1)</ALIMT>hungry,RV2_adjective->饥饿
RV2_Goal_Digest.rulePack.rulesStrings.19,RV2_adjective->gluttonous,li,RulePackDefs\RulePacks_Tales_Goals.xml,def,<ALIMT >(PH_1)</ALIMT>gluttonous,RV2_adjective->暴食
RV2_Goal_Digest.rulePack.rulesStrings.20,RV2_addendum->to satisfy [PREDATOR_possessive] hunger,li,RulePackDefs\RulePacks_Tales_Goals.xml,def,<ALIMT >(PH_2)</ALIMT>to satisfy <ALIMT >(PH_1)</ALIMT> hunger,RV2_addendum->满足[PREDATOR_possessive]饥渴
RV2_Goal_Digest.rulePack.rulesStrings.21,RV2_addendum->to feed [PREDATOR_objective],li,RulePackDefs\RulePacks_Tales_Goals.xml,def,<ALIMT >(PH_2)</ALIMT>to feed <ALIMT >(PH_1)</ALIMT>,RV2_addendum->喂养[PREDATOR_objective]
RV2_Goal_Digest.rulePack.rulesStrings.22,RV2_addendum->to sustain [PREDATOR_objective],li,RulePackDefs\RulePacks_Tales_Goals.xml,def,<ALIMT >(PH_2)</ALIMT>to sustain <ALIMT >(PH_1)</ALIMT>,RV2_addendum->维持[PREDATOR_objective]
RV2_Goal_Digest.rulePack.rulesStrings.23,RV2_addendum->for the calories,li,RulePackDefs\RulePacks_Tales_Goals.xml,def,<ALIMT >(PH_1)</ALIMT>for the calories,RV2_addendum->对于卡路里
RV2_Goal_Digest.rulePack.rulesStrings.24,RV2_addendum->for sustenance,li,RulePackDefs\RulePacks_Tales_Goals.xml,def,<ALIMT >(PH_1)</ALIMT>for sustenance,RV2_addendum->作为食物
RV2_Goal_Digest.rulePack.rulesStrings.25,RV2_goalFinish_verb->digesting,li,RulePackDefs\RulePacks_Tales_Goals.xml,def,<ALIMT >(PH_1)</ALIMT>digesting,RV2_goalFinish_verb->正在消化
RV2_Goal_Digest.rulePack.rulesStrings.26,RV2_goalFinish_noun->digestion,li,RulePackDefs\RulePacks_Tales_Goals.xml,def,<ALIMT >(PH_1)</ALIMT>digestion,RV2_goalFinish_noun->被消化
RV2_Goal_Digest.rulePack.rulesStrings.27,RV2_goalFinish_tale_noun->[PREY_definite] turning into [RV2_digestion_product],li,RulePackDefs\RulePacks_Tales_Goals.xml,def,<ALIMT >(PH_3)</ALIMT><ALIMT >(PH_2)</ALIMT> turning into <ALIMT >(PH_1)</ALIMT>,RV2_goalFinish_tale_noun->[PREY_definite]变成[RV2_digestion_product]
RV2_Goal_Digest.rulePack.rulesStrings.28,RV2_goalFinish_tale_noun->[PREY_definite] turning into [RV2_digestion_product] inside of [PREDATOR_definite],li,RulePackDefs\RulePacks_Tales_Goals.xml,def,<ALIMT >(PH_4)</ALIMT><ALIMT >(PH_3)</ALIMT> turning into <ALIMT >(PH_2)</ALIMT> inside of <ALIMT >(PH_1)</ALIMT>,RV2_goalFinish_tale_noun->[PREY_definite]变成[RV2_digestion_product]位于[PREDATOR_definite]
RV2_Goal_Digest.rulePack.rulesStrings.29,RV2_goalFinish_tale_noun->[PREY_definite] being digested by [PREDATOR_definite],li,RulePackDefs\RulePacks_Tales_Goals.xml,def,<ALIMT >(PH_3)</ALIMT><ALIMT >(PH_2)</ALIMT> being digested by <ALIMT >(PH_1)</ALIMT>,RV2_goalFinish_tale_noun->[PREY_definite]被消化[PREDATOR_definite]
RV2_Goal_Digest.rulePack.rulesStrings.30,RV2_goalFinish_tale_noun->[PREY_definite] satiating [PREDATOR_possessive] hunger,li,RulePackDefs\RulePacks_Tales_Goals.xml,def,<ALIMT >(PH_3)</ALIMT><ALIMT >(PH_2)</ALIMT> satiating <ALIMT >(PH_1)</ALIMT> hunger,RV2_goalFinish_tale_noun->[PREY_definite]满足[PREDATOR_possessive]饥渴
RV2_Goal_Digest.rulePack.rulesStrings.31,RV2_goalFinish_desc_sentence->[PREY_definite] has turned into [RV2_digestion_product].,li,RulePackDefs\RulePacks_Tales_Goals.xml,def,<ALIMT >(PH_3)</ALIMT><ALIMT >(PH_2)</ALIMT> has turned into <ALIMT >(PH_1)</ALIMT>.,RV2_goalFinish_desc_sentence->[PREY_definite]已变成[RV2_digestion_product]
RV2_Goal_Digest.rulePack.rulesStrings.32,RV2_goalFinish_desc_sentence(p=5)->[PREY_definite] was a [RV2_digestion_meal] for [PREDATOR_definite].,li,RulePackDefs\RulePacks_Tales_Goals.xml,def,<ALIMT >(PH_4)</ALIMT>-><ALIMT >(PH_3)</ALIMT> was a <ALIMT >(PH_2)</ALIMT> for <ALIMT >(PH_1)</ALIMT>.,RV2_goalFinish_desc_sentence(p=5)->[PREY_definite]曾是一个[RV2_digestion_meal]与[PREDATOR_definite]
RV2_Goal_Pleasure.rulePack.rulesStrings.0,extraSentencePack->[RECIPIENT_nameDef] for [RV2_goalFinish_noun].,li,RulePackDefs\RulePacks_Tales_Goals.xml,def,<ALIMT >(PH_3)</ALIMT><ALIMT >(PH_2)</ALIMT> for <ALIMT >(PH_1)</ALIMT>.,extraSentencePack->[RECIPIENT_nameDef]与[RV2_goalFinish_noun]
RV2_Goal_Pleasure.rulePack.rulesStrings.1,RV2_adverb->lustily,li,RulePackDefs\RulePacks_Tales_Goals.xml,def,<ALIMT >(PH_1)</ALIMT>lustily,RV2_adverb->甜美
RV2_Goal_Pleasure.rulePack.rulesStrings.2,RV2_adverb->lovingly,li,RulePackDefs\RulePacks_Tales_Goals.xml,def,<ALIMT >(PH_1)</ALIMT>lovingly,RV2_adverb->亲切地
RV2_Goal_Pleasure.rulePack.rulesStrings.3,RV2_adverb->hornily,li,RulePackDefs\RulePacks_Tales_Goals.xml,def,<ALIMT >(PH_1)</ALIMT>hornily,RV2_adverb->疯狂
RV2_Goal_Pleasure.rulePack.rulesStrings.4,RV2_adverb->hedonistically,li,RulePackDefs\RulePacks_Tales_Goals.xml,def,<ALIMT >(PH_1)</ALIMT>hedonistically,RV2_adverb->享乐主义
RV2_Goal_Pleasure.rulePack.rulesStrings.5,RV2_adjective->lusty,li,RulePackDefs\RulePacks_Tales_Goals.xml,def,<ALIMT >(PH_1)</ALIMT>lusty,RV2_adjective->天性豁达
RV2_Goal_Pleasure.rulePack.rulesStrings.6,RV2_adjective->loving,li,RulePackDefs\RulePacks_Tales_Goals.xml,def,<ALIMT >(PH_1)</ALIMT>loving,RV2_adjective->喜爱
RV2_Goal_Pleasure.rulePack.rulesStrings.7,RV2_adjective->horny,li,RulePackDefs\RulePacks_Tales_Goals.xml,def,<ALIMT >(PH_1)</ALIMT><ALIMT >horny</ALIMT>,RV2_adjective->性欲旺盛的
RV2_Goal_Pleasure.rulePack.rulesStrings.8,RV2_adjective->hedonistic,li,RulePackDefs\RulePacks_Tales_Goals.xml,def,<ALIMT >(PH_1)</ALIMT>hedonistic,RV2_adjective->享乐派
RV2_Goal_Pleasure.rulePack.rulesStrings.9,RV2_goalFinish_verb->pleasuring,li,RulePackDefs\RulePacks_Tales_Goals.xml,def,<ALIMT >(PH_1)</ALIMT>pleasuring,RV2_goalFinish_verb->愉悦
RV2_Goal_Pleasure.rulePack.rulesStrings.10,RV2_goalFinish_noun->pleasure,li,RulePackDefs\RulePacks_Tales_Goals.xml,def,<ALIMT >(PH_1)</ALIMT>pleasure,RV2_goalFinish_noun->愉悦
RV2_Goal_Pleasure.rulePack.rulesStrings.11,RV2_goalFinish_tale_noun->[PREDATOR_definite] enjoying [PREY_definite] pleasuring [PREDATOR_objective] from inside,li,RulePackDefs\RulePacks_Tales_Goals.xml,def,<ALIMT >(PH_4)</ALIMT><ALIMT >(PH_3)</ALIMT> enjoying <ALIMT >(PH_2)</ALIMT> pleasuring <ALIMT >(PH_1)</ALIMT> from inside,RV2_goalFinish_tale_noun->[PREDATOR_definite]享受[PREY_definite]愉悦[PREDATOR_objective]从内部
RV2_Goal_Pleasure.rulePack.rulesStrings.12,RV2_goalFinish_desc_sentence->[PREY_definite] appears to be masturbating while inside [PREDATOR_definite].,li,RulePackDefs\RulePacks_Tales_Goals.xml,def,<ALIMT >(PH_3)</ALIMT><ALIMT >(PH_2)</ALIMT> appears to be masturbating while inside <ALIMT >(PH_1)</ALIMT>.,RV2_goalFinish_desc_sentence->[PREY_definite]似乎在里面自慰[PREDATOR_definite]
RV2_Goal_Pleasure.rulePack.rulesStrings.13,RV2_goalFinish_desc_sentence->[PREDATOR_definite] felt [PREY_definite] masturbating inside of [PREDATOR_objective].,li,RulePackDefs\RulePacks_Tales_Goals.xml,def,<ALIMT >(PH_4)</ALIMT><ALIMT >(PH_3)</ALIMT> felt <ALIMT >(PH_2)</ALIMT> masturbating inside of <ALIMT >(PH_1)</ALIMT>.,RV2_goalFinish_desc_sentence->[PREDATOR_definite]毛毡[PREY_definite]自慰于[PREDATOR_objective]
RV2_Goal_Pleasure.rulePack.rulesStrings.14,RV2_goalFinish_desc_sentence->[PREDATOR_definite] dons a wide smile of bliss.,li,RulePackDefs\RulePacks_Tales_Goals.xml,def,<ALIMT >(PH_2)</ALIMT><ALIMT >(PH_1)</ALIMT> dons a wide smile of bliss.,RV2_goalFinish_desc_sentence->[PREDATOR_definite]带着幸福的笑容。
RV2_Goal_Pleasure.rulePack.rulesStrings.15,RV2_goalFinish_desc_sentence->[PREY_definite] smiles [RV2_adverb] at [PREDATOR_definite].,li,RulePackDefs\RulePacks_Tales_Goals.xml,def,<ALIMT >(PH_4)</ALIMT><ALIMT >(PH_3)</ALIMT> smiles <ALIMT >(PH_2)</ALIMT> at <ALIMT >(PH_1)</ALIMT>.,RV2_goalFinish_desc_sentence->[PREY_definite]微笑[RV2_adverb]在[PREDATOR_definite]
RV2_Goal_Pleasure.rulePack.rulesStrings.16,RV2_goalFinish_desc_sentence->[PREDATOR_definite] revels in [PREDATOR_pronoun] post-orgasm clarity.,li,RulePackDefs\RulePacks_Tales_Goals.xml,def,<ALIMT >(PH_3)</ALIMT><ALIMT >(PH_2)</ALIMT> revels in <ALIMT >(PH_1)</ALIMT> post-<ALIMT >orgasm</ALIMT> clarity.,RV2_goalFinish_desc_sentence->[PREDATOR_definite]沉迷[PREDATOR_pronoun]后期高潮清晰。
RV2_Goal_Store.rulePack.rulesStrings.0,extraSentencePack->[RECIPIENT_nameDef] for [RV2_goalFinish_noun].,li,RulePackDefs\RulePacks_Tales_Goals.xml,def,<ALIMT >(PH_3)</ALIMT><ALIMT >(PH_2)</ALIMT> for <ALIMT >(PH_1)</ALIMT>.,extraSentencePack->[RECIPIENT_nameDef]与[RV2_goalFinish_noun]
RV2_Goal_Store.rulePack.rulesStrings.1,RV2_adverb->lovingly,li,RulePackDefs\RulePacks_Tales_Goals.xml,def,<ALIMT >(PH_1)</ALIMT>lovingly,RV2_adverb->亲切地
RV2_Goal_Store.rulePack.rulesStrings.2,RV2_adverb->lengthily,li,RulePackDefs\RulePacks_Tales_Goals.xml,def,<ALIMT >(PH_1)</ALIMT>lengthily,RV2_adverb->加长
RV2_Goal_Store.rulePack.rulesStrings.3,RV2_adverb->permanently,li,RulePackDefs\RulePacks_Tales_Goals.xml,def,<ALIMT >(PH_1)</ALIMT>permanently,RV2_adverb->永久
RV2_Goal_Store.rulePack.rulesStrings.4,RV2_adjective->loving,li,RulePackDefs\RulePacks_Tales_Goals.xml,def,<ALIMT >(PH_1)</ALIMT>loving,RV2_adjective->喜爱
RV2_Goal_Store.rulePack.rulesStrings.5,RV2_adjective->lengthy,li,RulePackDefs\RulePacks_Tales_Goals.xml,def,<ALIMT >(PH_1)</ALIMT>lengthy,RV2_adjective->长
RV2_Goal_Store.rulePack.rulesStrings.6,RV2_adjective->permanent,li,RulePackDefs\RulePacks_Tales_Goals.xml,def,<ALIMT >(PH_1)</ALIMT>permanent,RV2_adjective->永久
RV2_Goal_Store.rulePack.rulesStrings.7,RV2_goalFinish_verb->storing,li,RulePackDefs\RulePacks_Tales_Goals.xml,def,<ALIMT >(PH_1)</ALIMT>storing,RV2_goalFinish_verb->储存
RV2_Goal_Store.rulePack.rulesStrings.8,RV2_goalFinish_verb->hoarding,li,RulePackDefs\RulePacks_Tales_Goals.xml,def,<ALIMT >(PH_1)</ALIMT>hoarding,RV2_goalFinish_verb->蓄积
RV2_Goal_Store.rulePack.rulesStrings.9,RV2_goalFinish_verb->jailing,li,RulePackDefs\RulePacks_Tales_Goals.xml,def,<ALIMT >(PH_1)</ALIMT>jailing,RV2_goalFinish_verb->囚禁
RV2_Goal_Store.rulePack.rulesStrings.10,RV2_goalFinish_verb->capturing,li,RulePackDefs\RulePacks_Tales_Goals.xml,def,<ALIMT >(PH_1)</ALIMT>capturing,RV2_goalFinish_verb->俘虏
RV2_Goal_Store.rulePack.rulesStrings.11,RV2_goalFinish_noun->storage,li,RulePackDefs\RulePacks_Tales_Goals.xml,def,<ALIMT >(PH_1)</ALIMT>storage,RV2_goalFinish_noun->储存
RV2_Goal_Store.rulePack.rulesStrings.12,RV2_goalFinish_noun->hoard,li,RulePackDefs\RulePacks_Tales_Goals.xml,def,<ALIMT >(PH_1)</ALIMT>hoard,RV2_goalFinish_noun->蓄电
RV2_Goal_Store.rulePack.rulesStrings.13,RV2_goalFinish_noun->jail,li,RulePackDefs\RulePacks_Tales_Goals.xml,def,<ALIMT >(PH_1)</ALIMT>jail,RV2_goalFinish_noun->监狱
RV2_Goal_Store.rulePack.rulesStrings.14,RV2_goalFinish_noun->captivity,li,RulePackDefs\RulePacks_Tales_Goals.xml,def,<ALIMT >(PH_1)</ALIMT>captivity,RV2_goalFinish_noun->囚禁
RV2_Goal_Store.rulePack.rulesStrings.15,RV2_goalFinish_tale_noun->[PREDATOR_definite] keeping [PREY_definite] captive,li,RulePackDefs\RulePacks_Tales_Goals.xml,def,<ALIMT >(PH_3)</ALIMT><ALIMT >(PH_2)</ALIMT> keeping <ALIMT >(PH_1)</ALIMT> captive,RV2_goalFinish_tale_noun->[PREDATOR_definite]饲养[PREY_definite]人质
RV2_Goal_Store.rulePack.rulesStrings.16,RV2_goalFinish_tale_noun->[PREDATOR_definite] releasing [PREY_definite] from [PREDATOR_pronoun] body jail,li,RulePackDefs\RulePacks_Tales_Goals.xml,def,<ALIMT >(PH_4)</ALIMT><ALIMT >(PH_3)</ALIMT> releasing <ALIMT >(PH_2)</ALIMT> from <ALIMT >(PH_1)</ALIMT> body jail,RV2_goalFinish_tale_noun->[PREDATOR_definite]放生[PREY_definite]来自[PREDATOR_pronoun]尸体监狱
RV2_Goal_Store.rulePack.rulesStrings.17,RV2_goalFinish_tale_noun->[PREY_definite] escaping from captivity,li,RulePackDefs\RulePacks_Tales_Goals.xml,def,<ALIMT >(PH_2)</ALIMT><ALIMT >(PH_1)</ALIMT> escaping from captivity,RV2_goalFinish_tale_noun->[PREY_definite]越狱
RV2_Goal_Store.rulePack.rulesStrings.18,RV2_goalFinish_tale_noun->[PREY_definite] escaping from captivity inside [PREDATOR_definite],li,RulePackDefs\RulePacks_Tales_Goals.xml,def,<ALIMT >(PH_3)</ALIMT><ALIMT >(PH_2)</ALIMT> escaping from captivity inside <ALIMT >(PH_1)</ALIMT>,RV2_goalFinish_tale_noun->[PREY_definite]逃离圈养[PREDATOR_definite]
RV2_Goal_Store.rulePack.rulesStrings.19,RV2_goalFinish_desc_sentence->[PREDATOR_definite] is telling [PREY_definite] that the next time [PREY_pronoun] won't get out alive.,li,RulePackDefs\RulePacks_Tales_Goals.xml,def,<ALIMT >(PH_4)</ALIMT><ALIMT >(PH_3)</ALIMT> is telling <ALIMT >(PH_2)</ALIMT> that the next time <ALIMT >(PH_1)</ALIMT> won't get out alive.,RV2_goalFinish_desc_sentence->[PREDATOR_definite]正在讲述[PREY_definite]下次[PREY_pronoun]不会活着出去。
RV2_Goal_Store.rulePack.rulesStrings.20,RV2_goalFinish_desc_sentence->[PREDATOR_definite] is telling [PREY_definite] that [PREDATOR_pronoun] won't let [PREY_pronoun] out next time.,li,RulePackDefs\RulePacks_Tales_Goals.xml,def,<ALIMT >(PH_5)</ALIMT><ALIMT >(PH_4)</ALIMT> is telling <ALIMT >(PH_3)</ALIMT> that <ALIMT >(PH_2)</ALIMT> won't let <ALIMT >(PH_1)</ALIMT> out next time.,RV2_goalFinish_desc_sentence->[PREDATOR_definite]正在讲述[PREY_definite]那个[PREDATOR_pronoun]不会让[PREY_pronoun]下次出去。
RV2_Goal_Hold.rulePack.rulesStrings.0,extraSentencePack->[RECIPIENT_nameDef] for [RV2_goalFinish_noun].,li,RulePackDefs\RulePacks_Tales_Goals.xml,def,<ALIMT >(PH_3)</ALIMT><ALIMT >(PH_2)</ALIMT> for <ALIMT >(PH_1)</ALIMT>.,extraSentencePack->[RECIPIENT_nameDef]与[RV2_goalFinish_noun]
RV2_Goal_Hold.rulePack.rulesStrings.1,RV2_adverb->lovingly,li,RulePackDefs\RulePacks_Tales_Goals.xml,def,<ALIMT >(PH_1)</ALIMT>lovingly,RV2_adverb->亲切地
RV2_Goal_Hold.rulePack.rulesStrings.2,RV2_adverb->hastily,li,RulePackDefs\RulePacks_Tales_Goals.xml,def,<ALIMT >(PH_1)</ALIMT>hastily,RV2_adverb->匆忙中
RV2_Goal_Hold.rulePack.rulesStrings.3,RV2_adjective->loving,li,RulePackDefs\RulePacks_Tales_Goals.xml,def,<ALIMT >(PH_1)</ALIMT>loving,RV2_adjective->喜爱
RV2_Goal_Hold.rulePack.rulesStrings.4,RV2_adjective->hasty,li,RulePackDefs\RulePacks_Tales_Goals.xml,def,<ALIMT >(PH_1)</ALIMT>hasty,RV2_adjective->草率
RV2_Goal_Hold.rulePack.rulesStrings.5,RV2_goalFinish_verb->holding,li,RulePackDefs\RulePacks_Tales_Goals.xml,def,<ALIMT >(PH_1)</ALIMT>holding,RV2_goalFinish_verb->收容中
RV2_Goal_Hold.rulePack.rulesStrings.6,RV2_goalFinish_verb->visiting,li,RulePackDefs\RulePacks_Tales_Goals.xml,def,<ALIMT >(PH_1)</ALIMT>visiting,RV2_goalFinish_verb->看望
RV2_Goal_Hold.rulePack.rulesStrings.7,RV2_goalFinish_noun->hold,li,RulePackDefs\RulePacks_Tales_Goals.xml,def,<ALIMT >(PH_1)</ALIMT>hold,RV2_goalFinish_noun->保持
RV2_Goal_Hold.rulePack.rulesStrings.8,RV2_goalFinish_noun->visit,li,RulePackDefs\RulePacks_Tales_Goals.xml,def,<ALIMT >(PH_1)</ALIMT>visit,RV2_goalFinish_noun->看望
RV2_Goal_Hold.rulePack.rulesStrings.9,RV2_goalFinish_tale_noun->[PREDATOR_definite] touring [PREY_definite] around [PREDATOR_possessive] body,li,RulePackDefs\RulePacks_Tales_Goals.xml,def,<ALIMT >(PH_4)</ALIMT><ALIMT >(PH_3)</ALIMT> touring <ALIMT >(PH_2)</ALIMT> around <ALIMT >(PH_1)</ALIMT> body,RV2_goalFinish_tale_noun->[PREDATOR_definite]旅行[PREY_definite]左右[PREDATOR_possessive]躯干
RV2_Goal_Hold.rulePack.rulesStrings.10,RV2_goalFinish_tale_noun->[PREY_definite] touring the insides of [PREDATOR_definite],li,RulePackDefs\RulePacks_Tales_Goals.xml,def,<ALIMT >(PH_3)</ALIMT><ALIMT >(PH_2)</ALIMT> touring the insides of <ALIMT >(PH_1)</ALIMT>,RV2_goalFinish_tale_noun->[PREY_definite]巡视[PREDATOR_definite]
RV2_Goal_Hold.rulePack.rulesStrings.11,RV2_goalFinish_tale_noun->[PREY_definite] taking a break from it all inside [PREDATOR_definite],li,RulePackDefs\RulePacks_Tales_Goals.xml,def,<ALIMT >(PH_3)</ALIMT><ALIMT >(PH_2)</ALIMT> taking a break from it all inside <ALIMT >(PH_1)</ALIMT>,RV2_goalFinish_tale_noun->[PREY_definite]从里面抽身而出[PREDATOR_definite]
RV2_Goal_Hold.rulePack.rulesStrings.12,RV2_goalFinish_tale_noun->[PREY_definite] inspecting inside of [PREDATOR_definite],li,RulePackDefs\RulePacks_Tales_Goals.xml,def,<ALIMT >(PH_3)</ALIMT><ALIMT >(PH_2)</ALIMT> inspecting inside of <ALIMT >(PH_1)</ALIMT>,RV2_goalFinish_tale_noun->[PREY_definite]检查[PREDATOR_definite]
RV2_Goal_Hold.rulePack.rulesStrings.13,RV2_goalFinish_tale_noun->[PREDATOR_definite] making sure [PREY_definite] doesn't wander off,li,RulePackDefs\RulePacks_Tales_Goals.xml,def,<ALIMT >(PH_3)</ALIMT><ALIMT >(PH_2)</ALIMT> making sure <ALIMT >(PH_1)</ALIMT> doesn't wander off,RV2_goalFinish_tale_noun->[PREDATOR_definite]确保[PREY_definite]不走失
RV2_Goal_Hold.rulePack.rulesStrings.14,RV2_goalFinish_desc_sentence->[PREDATOR_definite] is telling [PREY_definite] that next time [PREY_pronoun] can stay longer.,li,RulePackDefs\RulePacks_Tales_Goals.xml,def,<ALIMT >(PH_4)</ALIMT><ALIMT >(PH_3)</ALIMT> is telling <ALIMT >(PH_2)</ALIMT> that next time <ALIMT >(PH_1)</ALIMT> can stay longer.,RV2_goalFinish_desc_sentence->[PREDATOR_definite]正在讲述[PREY_definite]下次[PREY_pronoun]可以停留更长时间。
RV2_Goal_Hold.rulePack.rulesStrings.15,RV2_goalFinish_desc_sentence->[PREDATOR_definite] is helping [PREY_definite] stand up after [PREY_possessive] long stay.,li,RulePackDefs\RulePacks_Tales_Goals.xml,def,<ALIMT >(PH_4)</ALIMT><ALIMT >(PH_3)</ALIMT> is helping <ALIMT >(PH_2)</ALIMT> stand up after <ALIMT >(PH_1)</ALIMT> long stay.,RV2_goalFinish_desc_sentence->[PREDATOR_definite]正在帮忙[PREY_definite]跟在后面站[PREY_possessive]长时间停留。
RV2_Goal_Hold.rulePack.rulesStrings.16,RV2_goalFinish_desc_sentence->[PREY_possessive] stay inside [PREDATOR_definite] has left [PREY_objective] a little off-balance.,li,RulePackDefs\RulePacks_Tales_Goals.xml,def,<ALIMT >(PH_4)</ALIMT><ALIMT >(PH_3)</ALIMT> stay inside <ALIMT >(PH_2)</ALIMT> has left <ALIMT >(PH_1)</ALIMT> a little off-balance.,RV2_goalFinish_desc_sentence->[PREY_possessive]留在室内[PREDATOR_definite]已离开[PREY_objective]有点失衡。
RV2_Goal_ConvertLube.rulePack.rulesStrings.0,extraSentencePack->[RECIPIENT_nameDef] for [RV2_goalFinish_noun].,li,RulePackDefs\RulePacks_Tales_Goals.xml,def,<ALIMT >(PH_3)</ALIMT><ALIMT >(PH_2)</ALIMT> for <ALIMT >(PH_1)</ALIMT>.,extraSentencePack->[RECIPIENT_nameDef]与[RV2_goalFinish_noun]
RV2_Goal_ConvertLube.rulePack.rulesStrings.1,RV2_goalProduct->lube,li,RulePackDefs\RulePacks_Tales_Goals.xml,def,<ALIMT >(PH_1)</ALIMT><ALIMT >lube</ALIMT>,RV2_goalProduct->润滑油
RV2_Goal_ConvertLube.rulePack.rulesStrings.2,RV2_goalProduct->lubricant,li,RulePackDefs\RulePacks_Tales_Goals.xml,def,<ALIMT >(PH_1)</ALIMT><ALIMT >lubricant</ALIMT>,RV2_goalProduct->润滑剂
RV2_Goal_ConvertLube.rulePack.rulesStrings.3,RV2_goalProduct->squirt,li,RulePackDefs\RulePacks_Tales_Goals.xml,def,<ALIMT >(PH_1)</ALIMT>squirt,RV2_goalProduct->喷射兽
RV2_Goal_ConvertLube.rulePack.rulesStrings.4,RV2_adverb->lustily,li,RulePackDefs\RulePacks_Tales_Goals.xml,def,<ALIMT >(PH_1)</ALIMT>lustily,RV2_adverb->甜美
RV2_Goal_ConvertLube.rulePack.rulesStrings.5,RV2_adverb->lovingly,li,RulePackDefs\RulePacks_Tales_Goals.xml,def,<ALIMT >(PH_1)</ALIMT>lovingly,RV2_adverb->亲切地
RV2_Goal_ConvertLube.rulePack.rulesStrings.6,RV2_adverb->hornily,li,RulePackDefs\RulePacks_Tales_Goals.xml,def,<ALIMT >(PH_1)</ALIMT>hornily,RV2_adverb->疯狂
RV2_Goal_ConvertLube.rulePack.rulesStrings.7,RV2_adjective->lusty,li,RulePackDefs\RulePacks_Tales_Goals.xml,def,<ALIMT >(PH_1)</ALIMT>lusty,RV2_adjective->天性豁达
RV2_Goal_ConvertLube.rulePack.rulesStrings.8,RV2_adjective->horny,li,RulePackDefs\RulePacks_Tales_Goals.xml,def,<ALIMT >(PH_1)</ALIMT><ALIMT >horny</ALIMT>,RV2_adjective->性欲旺盛的
RV2_Goal_ConvertLube.rulePack.rulesStrings.9,RV2_addendum->to churn [PREY_definite] in [PREDATOR_possessive] vagina,li,RulePackDefs\RulePacks_Tales_Goals.xml,def,<ALIMT >(PH_3)</ALIMT>to churn <ALIMT >(PH_2)</ALIMT> in <ALIMT >(PH_1)</ALIMT> <ALIMT >vagina</ALIMT>,RV2_addendum->倾泻[PREY_definite]于[PREDATOR_possessive]阴道
RV2_Goal_ConvertLube.rulePack.rulesStrings.10,RV2_goalFinish_verb->lubrifying,li,RulePackDefs\RulePacks_Tales_Goals.xml,def,<ALIMT >(PH_1)</ALIMT>lubrifying,RV2_goalFinish_verb->发狂
RV2_Goal_ConvertLube.rulePack.rulesStrings.11,RV2_goalFinish_noun->lubrify,li,RulePackDefs\RulePacks_Tales_Goals.xml,def,<ALIMT >(PH_1)</ALIMT>lubrify,RV2_goalFinish_noun->日光
RV2_Goal_ConvertLube.rulePack.rulesStrings.12,RV2_goalFinish_tale_noun->[PREY_definite] lubricating [PREDATOR_possessive] vagina,li,RulePackDefs\RulePacks_Tales_Goals.xml,def,<ALIMT >(PH_3)</ALIMT><ALIMT >(PH_2)</ALIMT> lubricating <ALIMT >(PH_1)</ALIMT> <ALIMT >vagina</ALIMT>,RV2_goalFinish_tale_noun->[PREY_definite]润滑[PREDATOR_possessive]阴道
RV2_Goal_ConvertLube.rulePack.rulesStrings.13,RV2_goalFinish_image->[PREY_definite] lining the inside of [PREDATOR_possessive] vagina,li,RulePackDefs\RulePacks_Tales_Goals.xml,def,<ALIMT >(PH_3)</ALIMT><ALIMT >(PH_2)</ALIMT> lining the inside of <ALIMT >(PH_1)</ALIMT> <ALIMT >vagina</ALIMT>,RV2_goalFinish_image->[PREY_definite]内衬[PREDATOR_possessive]阴道
RV2_Goal_ConvertLube.rulePack.rulesStrings.14,RV2_goalFinish_image->[PREY_definite] dripping out of [PREDATOR_possessive] vagina as [RV2_goalProduct],li,RulePackDefs\RulePacks_Tales_Goals.xml,def,<ALIMT >(PH_4)</ALIMT><ALIMT >(PH_3)</ALIMT> dripping out of <ALIMT >(PH_2)</ALIMT> <ALIMT >vagina</ALIMT> as <ALIMT >(PH_1)</ALIMT>,RV2_goalFinish_image->[PREY_definite]从[PREDATOR_possessive]阴道机械体[RV2_goalProduct]
RV2_Goal_ConvertLube.rulePack.rulesStrings.15,RV2_goalFinish_desc_sentence->[PREDATOR_definite] made a mess of [PREY_definite] on the ground.,li,RulePackDefs\RulePacks_Tales_Goals.xml,def,<ALIMT >(PH_3)</ALIMT><ALIMT >(PH_2)</ALIMT> made a mess of <ALIMT >(PH_1)</ALIMT> on the ground.,RV2_goalFinish_desc_sentence->[PREDATOR_definite]弄得一团糟[PREY_definite]在地上。
RV2_Goal_ConvertLube.rulePack.rulesStrings.16,RV2_goalFinish_desc_sentence->[PREDATOR_possessive] [RV2_goalProduct] puddle was very noticeable.,li,RulePackDefs\RulePacks_Tales_Goals.xml,def,<ALIMT >(PH_3)</ALIMT><ALIMT >(PH_2)</ALIMT> <ALIMT >(PH_1)</ALIMT> puddle was very noticeable.,RV2_goalFinish_desc_sentence->[PREDATOR_possessive][RV2_goalProduct]水洼非常引人注目。
RV2_Goal_ConvertMilk.rulePack.rulesStrings.0,extraSentencePack->[RECIPIENT_nameDef] for [RV2_goalFinish_noun].,li,RulePackDefs\RulePacks_Tales_Goals.xml,def,<ALIMT >(PH_3)</ALIMT><ALIMT >(PH_2)</ALIMT> for <ALIMT >(PH_1)</ALIMT>.,extraSentencePack->[RECIPIENT_nameDef]与[RV2_goalFinish_noun]
RV2_Goal_ConvertMilk.rulePack.rulesStrings.1,RV2_goalProduct->milk,li,RulePackDefs\RulePacks_Tales_Goals.xml,def,<ALIMT >(PH_1)</ALIMT>milk,RV2_goalProduct->奶白
RV2_Goal_ConvertMilk.rulePack.rulesStrings.2,RV2_goalProduct->breastmilk,li,RulePackDefs\RulePacks_Tales_Goals.xml,def,<ALIMT >(PH_1)</ALIMT>breastmilk,RV2_goalProduct->乳房喷出液体（通常是乳汁）。是挤奶的前置标签。喂养
RV2_Goal_ConvertMilk.rulePack.rulesStrings.3,RV2_adverb->motherly,li,RulePackDefs\RulePacks_Tales_Goals.xml,def,<ALIMT >(PH_1)</ALIMT>motherly,RV2_adverb->慈母
RV2_Goal_ConvertMilk.rulePack.rulesStrings.4,RV2_addendum->to churn [PREY_definite] in [PREDATOR_possessive] mammaries,li,RulePackDefs\RulePacks_Tales_Goals.xml,def,<ALIMT >(PH_3)</ALIMT>to churn <ALIMT >(PH_2)</ALIMT> in <ALIMT >(PH_1)</ALIMT> mammaries,RV2_addendum->倾泻[PREY_definite]于[PREDATOR_possessive]哺乳动物
RV2_Goal_ConvertMilk.rulePack.rulesStrings.5,RV2_goalFinish_verb->milkifying,li,RulePackDefs\RulePacks_Tales_Goals.xml,def,<ALIMT >(PH_1)</ALIMT>milkifying,RV2_goalFinish_verb->迅速
RV2_Goal_ConvertMilk.rulePack.rulesStrings.6,RV2_goalFinish_noun->milkify,li,RulePackDefs\RulePacks_Tales_Goals.xml,def,<ALIMT >(PH_1)</ALIMT>milkify,RV2_goalFinish_noun->轻机枪飞
RV2_Goal_ConvertMilk.rulePack.rulesStrings.7,RV2_goalFinish_tale_noun->[PREDATOR_definite] engorging [PREDATOR_pronoun] breasts with [RV2_goalProduct],li,RulePackDefs\RulePacks_Tales_Goals.xml,def,<ALIMT >(PH_4)</ALIMT><ALIMT >(PH_3)</ALIMT> engorging <ALIMT >(PH_2)</ALIMT> <ALIMT >breasts</ALIMT> with <ALIMT >(PH_1)</ALIMT>,RV2_goalFinish_tale_noun->[PREDATOR_definite]膨胀[PREDATOR_pronoun]乳房伴[RV2_goalProduct]
RV2_Goal_ConvertMilk.rulePack.rulesStrings.8,RV2_goalFinish_image->[PREY_definite] as a nice glass of [RV2_goalProduct] on the table,li,RulePackDefs\RulePacks_Tales_Goals.xml,def,<ALIMT >(PH_3)</ALIMT><ALIMT >(PH_2)</ALIMT> as a nice <ALIMT >glass</ALIMT> of <ALIMT >(PH_1)</ALIMT> on the table,RV2_goalFinish_image->[PREY_definite]作为一个好地方玻璃来自[RV2_goalProduct]在桌子上
RV2_Goal_ConvertMilk.rulePack.rulesStrings.9,RV2_goalFinish_image->someone drinking [PREDATOR_possessive] [RV2_goalProduct] from the glass,li,RulePackDefs\RulePacks_Tales_Goals.xml,def,<ALIMT >(PH_3)</ALIMT>someone drinking <ALIMT >(PH_2)</ALIMT> <ALIMT >(PH_1)</ALIMT> from the <ALIMT >glass</ALIMT>,RV2_goalFinish_image->有人在喝酒[PREDATOR_possessive][RV2_goalProduct]从玻璃
RV2_Goal_ConvertSperm.rulePack.rulesStrings.0,extraSentencePack->[RECIPIENT_nameDef] for [RV2_goalFinish_noun].,li,RulePackDefs\RulePacks_Tales_Goals.xml,def,<ALIMT >(PH_3)</ALIMT><ALIMT >(PH_2)</ALIMT> for <ALIMT >(PH_1)</ALIMT>.,extraSentencePack->[RECIPIENT_nameDef]与[RV2_goalFinish_noun]
RV2_Goal_ConvertSperm.rulePack.rulesStrings.1,RV2_goalProduct->sperm,li,RulePackDefs\RulePacks_Tales_Goals.xml,def,<ALIMT >(PH_1)</ALIMT><ALIMT >sperm</ALIMT>,RV2_goalProduct->精子
RV2_Goal_ConvertSperm.rulePack.rulesStrings.2,RV2_goalProduct->cum,li,RulePackDefs\RulePacks_Tales_Goals.xml,def,<ALIMT >(PH_1)</ALIMT><ALIMT >cum</ALIMT>,RV2_goalProduct->精液
RV2_Goal_ConvertSperm.rulePack.rulesStrings.3,RV2_goalProduct->baby batter,li,RulePackDefs\RulePacks_Tales_Goals.xml,def,<ALIMT >(PH_1)</ALIMT>baby batter,RV2_goalProduct->婴儿击球手
RV2_Goal_ConvertSperm.rulePack.rulesStrings.4,RV2_goalProduct->spooge,li,RulePackDefs\RulePacks_Tales_Goals.xml,def,<ALIMT >(PH_1)</ALIMT>spooge,RV2_goalProduct->诡异
RV2_Goal_ConvertSperm.rulePack.rulesStrings.5,RV2_adverb->lustily,li,RulePackDefs\RulePacks_Tales_Goals.xml,def,<ALIMT >(PH_1)</ALIMT>lustily,RV2_adverb->甜美
RV2_Goal_ConvertSperm.rulePack.rulesStrings.6,RV2_adverb->lovingly,li,RulePackDefs\RulePacks_Tales_Goals.xml,def,<ALIMT >(PH_1)</ALIMT>lovingly,RV2_adverb->亲切地
RV2_Goal_ConvertSperm.rulePack.rulesStrings.7,RV2_adverb->hornily,li,RulePackDefs\RulePacks_Tales_Goals.xml,def,<ALIMT >(PH_1)</ALIMT>hornily,RV2_adverb->疯狂
RV2_Goal_ConvertSperm.rulePack.rulesStrings.8,RV2_adjective->horny,li,RulePackDefs\RulePacks_Tales_Goals.xml,def,<ALIMT >(PH_1)</ALIMT><ALIMT >horny</ALIMT>,RV2_adjective->性欲旺盛的
RV2_Goal_ConvertSperm.rulePack.rulesStrings.9,RV2_addendum->to churn [PREY_definite] in [PREDATOR_possessive] balls,li,RulePackDefs\RulePacks_Tales_Goals.xml,def,<ALIMT >(PH_3)</ALIMT>to churn <ALIMT >(PH_2)</ALIMT> in <ALIMT >(PH_1)</ALIMT> balls,RV2_addendum->倾泻[PREY_definite]于[PREDATOR_possessive]球
RV2_Goal_ConvertSperm.rulePack.rulesStrings.10,RV2_addendum->to churn [PREY_definite] in [PREDATOR_possessive] sack,li,RulePackDefs\RulePacks_Tales_Goals.xml,def,<ALIMT >(PH_3)</ALIMT>to churn <ALIMT >(PH_2)</ALIMT> in <ALIMT >(PH_1)</ALIMT> sack,RV2_addendum->倾泻[PREY_definite]于[PREDATOR_possessive]麻袋
RV2_Goal_ConvertSperm.rulePack.rulesStrings.11,RV2_addendum->to prepare for [PREDATOR_possessive] next session,li,RulePackDefs\RulePacks_Tales_Goals.xml,def,<ALIMT >(PH_2)</ALIMT>to prepare for <ALIMT >(PH_1)</ALIMT> next session,RV2_addendum->准备工作[PREDATOR_possessive]下一届
RV2_Goal_ConvertSperm.rulePack.rulesStrings.12,RV2_goalFinish_image->[PREY_definite] as a condom of [RV2_goalProduct] on the ground,li,RulePackDefs\RulePacks_Tales_Goals.xml,def,<ALIMT >(PH_3)</ALIMT><ALIMT >(PH_2)</ALIMT> as a <ALIMT >condom</ALIMT> of <ALIMT >(PH_1)</ALIMT> on the ground,RV2_goalFinish_image->[PREY_definite]作为一个塑料套，旨在保护使用者和其伙伴免受不必要的性病以及怀孕。来自[RV2_goalProduct]在地面上
RV2_Goal_ConvertSperm.rulePack.rulesStrings.13,RV2_goalFinish_image->someone eating [PREDATOR_possessive] [RV2_goalProduct] from the condom,li,RulePackDefs\RulePacks_Tales_Goals.xml,def,<ALIMT >(PH_3)</ALIMT>someone eating <ALIMT >(PH_2)</ALIMT> <ALIMT >(PH_1)</ALIMT> from the <ALIMT >condom</ALIMT>,RV2_goalFinish_image->有人在吃[PREDATOR_possessive][RV2_goalProduct]从塑料套，旨在保护使用者和其伙伴免受不必要的性病以及怀孕。
RV2_Goal_Heal.rulePack.rulesStrings.0,extraSentencePack->[RECIPIENT_nameDef] for [RV2_goalFinish_noun].,li,RulePackDefs\RulePacks_Tales_Goals.xml,def,<ALIMT >(PH_3)</ALIMT><ALIMT >(PH_2)</ALIMT> for <ALIMT >(PH_1)</ALIMT>.,extraSentencePack->[RECIPIENT_nameDef]与[RV2_goalFinish_noun]
RV2_Goal_Heal.rulePack.rulesStrings.1,RV2_adverb->carefully,li,RulePackDefs\RulePacks_Tales_Goals.xml,def,<ALIMT >(PH_1)</ALIMT>carefully,RV2_adverb->谨慎
RV2_Goal_Heal.rulePack.rulesStrings.2,RV2_adverb->clinically,li,RulePackDefs\RulePacks_Tales_Goals.xml,def,<ALIMT >(PH_1)</ALIMT>clinically,RV2_adverb->临床上
RV2_Goal_Heal.rulePack.rulesStrings.3,RV2_adverb->lovingly,li,RulePackDefs\RulePacks_Tales_Goals.xml,def,<ALIMT >(PH_1)</ALIMT>lovingly,RV2_adverb->亲切地
RV2_Goal_Heal.rulePack.rulesStrings.4,RV2_adjective->caring,li,RulePackDefs\RulePacks_Tales_Goals.xml,def,<ALIMT >(PH_1)</ALIMT>caring,RV2_adjective->正在照顾
RV2_Goal_Heal.rulePack.rulesStrings.5,RV2_adjective->loving,li,RulePackDefs\RulePacks_Tales_Goals.xml,def,<ALIMT >(PH_1)</ALIMT>loving,RV2_adjective->喜爱
RV2_Goal_Heal.rulePack.rulesStrings.6,RV2_addendum->to patch [PREY_pronoun] up,li,RulePackDefs\RulePacks_Tales_Goals.xml,def,<ALIMT >(PH_2)</ALIMT>to patch <ALIMT >(PH_1)</ALIMT> up,RV2_addendum->到补丁[PREY_pronoun]提升
RV2_Goal_Heal.rulePack.rulesStrings.7,RV2_addendum->to offer respite to [PREY_pronoun],li,RulePackDefs\RulePacks_Tales_Goals.xml,def,<ALIMT >(PH_2)</ALIMT>to offer respite to <ALIMT >(PH_1)</ALIMT>,RV2_addendum->提供喘息的机会给[PREY_pronoun]
RV2_Goal_Heal.rulePack.rulesStrings.8,RV2_addendum->to save [PREY_possessive] life,li,RulePackDefs\RulePacks_Tales_Goals.xml,def,<ALIMT >(PH_2)</ALIMT>to save <ALIMT >(PH_1)</ALIMT> life,RV2_addendum->保存[PREY_possessive]生命的
RV2_Goal_Heal.rulePack.rulesStrings.9,RV2_goalFinish_verb->healing,li,RulePackDefs\RulePacks_Tales_Goals.xml,def,<ALIMT >(PH_1)</ALIMT>healing,RV2_goalFinish_verb->治疗
RV2_Goal_Heal.rulePack.rulesStrings.10,RV2_goalFinish_noun->healing,li,RulePackDefs\RulePacks_Tales_Goals.xml,def,<ALIMT >(PH_1)</ALIMT>healing,RV2_goalFinish_noun->治疗
RV2_Goal_Heal.rulePack.rulesStrings.11,RV2_goalFinish_tale_noun->[PREY_definite] healing inside of [PREDATOR_definite],li,RulePackDefs\RulePacks_Tales_Goals.xml,def,<ALIMT >(PH_3)</ALIMT><ALIMT >(PH_2)</ALIMT> healing inside of <ALIMT >(PH_1)</ALIMT>,RV2_goalFinish_tale_noun->[PREY_definite]正在治愈[PREDATOR_definite]
RV2_Goal_Heal.rulePack.rulesStrings.12,RV2_goalFinish_tale_noun->[PREDATOR_definite] caring for [PREY_definite],li,RulePackDefs\RulePacks_Tales_Goals.xml,def,<ALIMT >(PH_3)</ALIMT><ALIMT >(PH_2)</ALIMT> caring for <ALIMT >(PH_1)</ALIMT>,RV2_goalFinish_tale_noun->[PREDATOR_definite]照顾[PREY_definite]
RV2_Goal_Heal.rulePack.rulesStrings.13,RV2_goalFinish_tale_noun->[PREDATOR_definite] doing [PREDATOR_possessive] best to heal [PREY_definite],li,RulePackDefs\RulePacks_Tales_Goals.xml,def,<ALIMT >(PH_4)</ALIMT><ALIMT >(PH_3)</ALIMT> doing <ALIMT >(PH_2)</ALIMT> best to heal <ALIMT >(PH_1)</ALIMT>,RV2_goalFinish_tale_noun->[PREDATOR_definite]完成[PREDATOR_possessive]愈合最好[PREY_definite]
RV2_Goal_Heal.rulePack.rulesStrings.14,RV2_goalFinish_image->[PREY_definite] being filled with newfound vigor.,li,RulePackDefs\RulePacks_Tales_Goals.xml,def,<ALIMT >(PH_2)</ALIMT><ALIMT >(PH_1)</ALIMT> being filled with newfound vigor.,RV2_goalFinish_image->[PREY_definite]充满了新的活力。
RV2_Goal_Heal.rulePack.rulesStrings.15,RV2_goalFinish_desc_sentence->[PREDATOR_definite] kept [PREY_definite] safe while all hell broke loose around them.,li,RulePackDefs\RulePacks_Tales_Goals.xml,def,<ALIMT >(PH_3)</ALIMT><ALIMT >(PH_2)</ALIMT> kept <ALIMT >(PH_1)</ALIMT> safe while all <ALIMT >hell</ALIMT> broke loose around them.,RV2_goalFinish_desc_sentence->[PREDATOR_definite]保持[PREY_definite]安危地狱在他们周围挣脱。
RV2_Goal_Heal.rulePack.rulesStrings.16,"RV2_goalFinish_desc_sentence->Doctors could critize [PREY_possessive] care, but [PREY_definite] is ever thankful for it in [PREY_possessive] time of need.",li,RulePackDefs\RulePacks_Tales_Goals.xml,def,"<ALIMT >(PH_4)</ALIMT>Doctors could critize <ALIMT >(PH_3)</ALIMT> care, but <ALIMT >(PH_2)</ALIMT> is ever thankful for it in <ALIMT >(PH_1)</ALIMT> time of need.",RV2_goalFinish_desc_sentence->医生可能会批评[PREY_possessive]照顾，但[PREY_definite]感激不尽[PREY_possessive]需要的时间。
RV2_Goal_Heal.rulePack.rulesStrings.17,RV2_goalFinish_desc_sentence->[PREY_definite] complimented [PREDATOR_possessive] bedside manner.,li,RulePackDefs\RulePacks_Tales_Goals.xml,def,<ALIMT >(PH_3)</ALIMT><ALIMT >(PH_2)</ALIMT> complimented <ALIMT >(PH_1)</ALIMT> bedside manner.,RV2_goalFinish_desc_sentence->[PREY_definite]称赞[PREDATOR_possessive]对待病人时的态度。
RV2_Goal_Heal.rulePack.rulesStrings.18,RV2_goalFinish_desc_sentence->[PREY_definite] criticized [PREDATOR_possessive] bedside manner.,li,RulePackDefs\RulePacks_Tales_Goals.xml,def,<ALIMT >(PH_3)</ALIMT><ALIMT >(PH_2)</ALIMT> criticized <ALIMT >(PH_1)</ALIMT> bedside manner.,RV2_goalFinish_desc_sentence->[PREY_definite]被批评[PREDATOR_possessive]对待病人时的态度。
RV2_Goal_Reform.rulePack.rulesStrings.0,extraSentencePack->[RECIPIENT_nameDef] for [RV2_goalFinish_noun].,li,RulePackDefs\RulePacks_Tales_Goals.xml,def,<ALIMT >(PH_3)</ALIMT><ALIMT >(PH_2)</ALIMT> for <ALIMT >(PH_1)</ALIMT>.,extraSentencePack->[RECIPIENT_nameDef]与[RV2_goalFinish_noun]
RV2_Goal_Reform.rulePack.rulesStrings.1,RV2_adverb->lovingly,li,RulePackDefs\RulePacks_Tales_Goals.xml,def,<ALIMT >(PH_1)</ALIMT>lovingly,RV2_adverb->亲切地
RV2_Goal_Reform.rulePack.rulesStrings.2,RV2_adjective->caring,li,RulePackDefs\RulePacks_Tales_Goals.xml,def,<ALIMT >(PH_1)</ALIMT>caring,RV2_adjective->正在照顾
RV2_Goal_Reform.rulePack.rulesStrings.3,RV2_adjective->loving,li,RulePackDefs\RulePacks_Tales_Goals.xml,def,<ALIMT >(PH_1)</ALIMT>loving,RV2_adjective->喜爱
RV2_Goal_Reform.rulePack.rulesStrings.4,RV2_addendum->to remake [PREY_definite] in [PREDATOR_possessive] image,li,RulePackDefs\RulePacks_Tales_Goals.xml,def,<ALIMT >(PH_3)</ALIMT>to remake <ALIMT >(PH_2)</ALIMT> in <ALIMT >(PH_1)</ALIMT> image,RV2_addendum->重新制作[PREY_definite]于[PREDATOR_possessive]图像
RV2_Goal_Reform.rulePack.rulesStrings.5,RV2_addendum->to reform [PREY_definite],li,RulePackDefs\RulePacks_Tales_Goals.xml,def,<ALIMT >(PH_2)</ALIMT>to reform <ALIMT >(PH_1)</ALIMT>,RV2_addendum->改革[PREY_definite]
RV2_Goal_Reform.rulePack.rulesStrings.6,RV2_addendum->to propagate [PREDATOR_possessive] genes through [PREY_definite],li,RulePackDefs\RulePacks_Tales_Goals.xml,def,<ALIMT >(PH_3)</ALIMT>to propagate <ALIMT >(PH_2)</ALIMT> genes through <ALIMT >(PH_1)</ALIMT>,RV2_addendum->传播[PREDATOR_possessive]基因通过[PREY_definite]
RV2_Goal_Reform.rulePack.rulesStrings.7,RV2_goalFinish_verb->reforming,li,RulePackDefs\RulePacks_Tales_Goals.xml,def,<ALIMT >(PH_1)</ALIMT>reforming,RV2_goalFinish_verb->重整
RV2_Goal_Reform.rulePack.rulesStrings.8,RV2_goalFinish_noun->reformation,li,RulePackDefs\RulePacks_Tales_Goals.xml,def,<ALIMT >(PH_1)</ALIMT>reformation,RV2_goalFinish_noun->宗教改革
RV2_Goal_Reform.rulePack.rulesStrings.9,RV2_goalFinish_tale_noun->[PREY_definite] being reformed,li,RulePackDefs\RulePacks_Tales_Goals.xml,def,<ALIMT >(PH_2)</ALIMT><ALIMT >(PH_1)</ALIMT> being reformed,RV2_goalFinish_tale_noun->[PREY_definite]正在改过自新
RV2_Goal_Reform.rulePack.rulesStrings.10,RV2_goalFinish_image->[PREY_definite] arises in [PREY_possessive] new form.,li,RulePackDefs\RulePacks_Tales_Goals.xml,def,<ALIMT >(PH_3)</ALIMT><ALIMT >(PH_2)</ALIMT> arises in <ALIMT >(PH_1)</ALIMT> new form.,RV2_goalFinish_image->[PREY_definite]出现在[PREY_possessive]新表格。
RV2_Goal_Reform.rulePack.rulesStrings.11,RV2_goalFinish_image->[PREY_definite] popping out of [PREDATOR_definite] ready to take on the world.,li,RulePackDefs\RulePacks_Tales_Goals.xml,def,<ALIMT >(PH_3)</ALIMT><ALIMT >(PH_2)</ALIMT> popping out of <ALIMT >(PH_1)</ALIMT> ready to take on the world.,RV2_goalFinish_image->[PREY_definite]弹出[PREDATOR_definite]准备好与世界对抗。
RV2_Goal_Reform.rulePack.rulesStrings.12,RV2_goalFinish_image->[PREY_definite] in the arms of [PREDATOR_definite].,li,RulePackDefs\RulePacks_Tales_Goals.xml,def,<ALIMT >(PH_3)</ALIMT><ALIMT >(PH_2)</ALIMT> in the arms of <ALIMT >(PH_1)</ALIMT>.,RV2_goalFinish_image->[PREY_definite]在…… 的怀抱中[PREDATOR_definite]
RV2_Goal_Reform.rulePack.rulesStrings.13,RV2_goalFinish_desc_sentence->[PREY_definite] looks just like [PREDATOR_definite].,li,RulePackDefs\RulePacks_Tales_Goals.xml,def,<ALIMT >(PH_3)</ALIMT><ALIMT >(PH_2)</ALIMT> looks just like <ALIMT >(PH_1)</ALIMT>.,RV2_goalFinish_desc_sentence->[PREY_definite]看起来就像[PREDATOR_definite]
RV2_Goal_Reform.rulePack.rulesStrings.14,RV2_goalFinish_desc_sentence->[PREDATOR_definite] is thiking that [PREY_definite] looks too much like [PREY_posessive] old self.,li,RulePackDefs\RulePacks_Tales_Goals.xml,def,<ALIMT >(PH_4)</ALIMT><ALIMT >(PH_3)</ALIMT> is thiking that <ALIMT >(PH_2)</ALIMT> looks too much like <ALIMT >(PH_1)</ALIMT> old self.,RV2_goalFinish_desc_sentence->[PREDATOR_definite]是这样的吗[PREY_definite]看起来太像了[PREY_posessive]老翁。
RV2_Goal_Reform.rulePack.rulesStrings.15,RV2_goalFinish_desc_sentence->[PREDATOR_definite] appears happy to have another member of the family.,li,RulePackDefs\RulePacks_Tales_Goals.xml,def,<ALIMT >(PH_2)</ALIMT><ALIMT >(PH_1)</ALIMT> appears happy to have another member of the family.,RV2_goalFinish_desc_sentence->[PREDATOR_definite]似乎很高兴拥有另一个家庭成员。
RV2_Goal_Reform.rulePack.rulesStrings.16,RV2_goalFinish_desc_sentence->[PREDATOR_definite] threaten [PREY_definite] with a second reformation if [PREY_pronoun] don't behave.,li,RulePackDefs\RulePacks_Tales_Goals.xml,def,<ALIMT >(PH_4)</ALIMT><ALIMT >(PH_3)</ALIMT> threaten <ALIMT >(PH_2)</ALIMT> with a second reformation if <ALIMT >(PH_1)</ALIMT> don't behave.,RV2_goalFinish_desc_sentence->[PREDATOR_definite]威胁[PREY_definite]进行第二次宗教改革，如果[PREY_pronoun]别乱来。
RV2_Goal_Fatal.rulePack.rulesStrings.0,RV2_fatal_reform_destination->at [PREY_possessive] birthplace,li,RulePackDefs\RulePacks_Tales_Goals.xml,def,<ALIMT >(PH_2)</ALIMT>at <ALIMT >(PH_1)</ALIMT> birthplace,RV2_fatal_reform_destination->在[PREY_possessive]出生地
RV2_Goal_Fatal.rulePack.rulesStrings.1,RV2_fatal_reform_destination->in [PREY_possessive] childhood home,li,RulePackDefs\RulePacks_Tales_Goals.xml,def,<ALIMT >(PH_2)</ALIMT>in <ALIMT >(PH_1)</ALIMT> childhood home,RV2_fatal_reform_destination->于[PREY_possessive]童年家园
RV2_Goal_Fatal.rulePack.rulesStrings.2,RV2_fatal_reform_destination->on a distant urbworld,li,RulePackDefs\RulePacks_Tales_Goals.xml,def,<ALIMT >(PH_1)</ALIMT>on a distant urbworld,RV2_fatal_reform_destination->在遥远的都市世界
RV2_Goal_Fatal.rulePack.rulesStrings.3,RV2_fatal_reform_destination->in another settlement,li,RulePackDefs\RulePacks_Tales_Goals.xml,def,<ALIMT >(PH_1)</ALIMT>in another settlement,RV2_fatal_reform_destination->在另一个定居点
RV2_Goal_Fatal.rulePack.rulesStrings.4,RV2_fatal_reform_destination->where [PREY_pronoun] died,li,RulePackDefs\RulePacks_Tales_Goals.xml,def,<ALIMT >(PH_2)</ALIMT>where <ALIMT >(PH_1)</ALIMT> died,RV2_fatal_reform_destination->地点[PREY_pronoun]死亡
RV2_Goal_Fatal.rulePack.rulesStrings.5,RV2_fatal_reform_destination->in [PREY_possessive] bed,li,RulePackDefs\RulePacks_Tales_Goals.xml,def,<ALIMT >(PH_2)</ALIMT>in <ALIMT >(PH_1)</ALIMT> bed,RV2_fatal_reform_destination->于[PREY_possessive]床上
RV2_Goal_Fatal.rulePack.rulesStrings.6,RV2_fatal_reform_destination->at the summit of a grand mountain,li,RulePackDefs\RulePacks_Tales_Goals.xml,def,<ALIMT >(PH_1)</ALIMT>at the summit of a grand mountain,RV2_fatal_reform_destination->在一座宏伟山脉的顶端
RV2_Goal_Fatal.rulePack.rulesStrings.7,RV2_fatal_reform_destination->on the banks of a grand river,li,RulePackDefs\RulePacks_Tales_Goals.xml,def,<ALIMT >(PH_1)</ALIMT>on the banks of a grand river,RV2_fatal_reform_destination->在宏伟河流的河岸上
RV2_Goal_Fatal.rulePack.rulesStrings.8,"RV2_fatal_reform_destination->by the coast, overlooking a vast sea",li,RulePackDefs\RulePacks_Tales_Goals.xml,def,"<ALIMT >(PH_1)</ALIMT>by the coast, overlooking a vast sea",RV2_fatal_reform_destination->在海边，眺望广阔的大海
RV2_Goal_Fatal.rulePack.rulesStrings.9,RV2_adverb->fatally,li,RulePackDefs\RulePacks_Tales_Goals.xml,def,<ALIMT >(PH_1)</ALIMT>fatally,RV2_adverb->致命
RV2_Goal_Fatal.rulePack.rulesStrings.10,RV2_adjective->fatal,li,RulePackDefs\RulePacks_Tales_Goals.xml,def,<ALIMT >(PH_1)</ALIMT>fatal,RV2_adjective->致命
RV2_Goal_Fatal.rulePack.rulesStrings.11,RV2_addendum->to put [PAWN_definite] to death,li,RulePackDefs\RulePacks_Tales_Goals.xml,def,<ALIMT >(PH_2)</ALIMT>to put <ALIMT >(PH_1)</ALIMT> to death,RV2_addendum->放置[PAWN_definite]至死
RV2_Goal_Fatal.rulePack.rulesStrings.12,RV2_goalFinish_tale->[PREY_definite] dying at the hand of [PREDATOR_definite],li,RulePackDefs\RulePacks_Tales_Goals.xml,def,<ALIMT >(PH_3)</ALIMT><ALIMT >(PH_2)</ALIMT> dying at the hand of <ALIMT >(PH_1)</ALIMT>,RV2_goalFinish_tale->[PREY_definite]死于[PREDATOR_definite]
RV2_Goal_Fatal.rulePack.rulesStrings.13,RV2_goalFinish_tale->[PREDATOR_definite] taking the life of [PREY_definite],li,RulePackDefs\RulePacks_Tales_Goals.xml,def,<ALIMT >(PH_3)</ALIMT><ALIMT >(PH_2)</ALIMT> taking the life of <ALIMT >(PH_1)</ALIMT>,RV2_goalFinish_tale->[PREDATOR_definite]夺去[PREY_definite]
RV2_Goal_Fatal.rulePack.rulesStrings.14,RV2_goalFinish_image->[PREY_definite] looking down on [PREDATOR_definite],li,RulePackDefs\RulePacks_Tales_Goals.xml,def,<ALIMT >(PH_3)</ALIMT><ALIMT >(PH_2)</ALIMT> looking down on <ALIMT >(PH_1)</ALIMT>,RV2_goalFinish_image->[PREY_definite]仰视[PREDATOR_definite]
RV2_Goal_Fatal.rulePack.rulesStrings.15,RV2_goalFinish_image->[PREY_definite] looking down on [PREDATOR_definite] [RV2_adverb],li,RulePackDefs\RulePacks_Tales_Goals.xml,def,<ALIMT >(PH_4)</ALIMT><ALIMT >(PH_3)</ALIMT> looking down on <ALIMT >(PH_2)</ALIMT> <ALIMT >(PH_1)</ALIMT>,RV2_goalFinish_image->[PREY_definite]仰视[PREDATOR_definite][RV2_adverb]
RV2_Goal_Fatal.rulePack.rulesStrings.16,RV2_goalFinish_image->[PREDATOR_definite] looking at the remains of [PREY_definite],li,RulePackDefs\RulePacks_Tales_Goals.xml,def,<ALIMT >(PH_3)</ALIMT><ALIMT >(PH_2)</ALIMT> looking at the remains of <ALIMT >(PH_1)</ALIMT>,RV2_goalFinish_image->[PREDATOR_definite]望着[PREY_definite]
RV2_Goal_Fatal.rulePack.rulesStrings.17,RV2_goalFinish_image->[PREDATOR_definite] looking at the remains of [PREY_definite] [RV2_adverb],li,RulePackDefs\RulePacks_Tales_Goals.xml,def,<ALIMT >(PH_4)</ALIMT><ALIMT >(PH_3)</ALIMT> looking at the remains of <ALIMT >(PH_2)</ALIMT> <ALIMT >(PH_1)</ALIMT>,RV2_goalFinish_image->[PREDATOR_definite]望着[PREY_definite][RV2_adverb]
RV2_Goal_Fatal.rulePack.rulesStrings.18,RV2_goalFinish_image->[PREY_definite] being reformed,li,RulePackDefs\RulePacks_Tales_Goals.xml,def,<ALIMT >(PH_2)</ALIMT><ALIMT >(PH_1)</ALIMT> being reformed,RV2_goalFinish_image->[PREY_definite]正在改过自新
RV2_Goal_Fatal.rulePack.rulesStrings.19,RV2_goalFinish_image(p=5)->[PREY_definite] being reformed [RV2_fatal_reform_destination],li,RulePackDefs\RulePacks_Tales_Goals.xml,def,<ALIMT >(PH_3)</ALIMT>-><ALIMT >(PH_2)</ALIMT> being reformed <ALIMT >(PH_1)</ALIMT>,RV2_goalFinish_image(p=5)->[PREY_definite]正在改过自新[RV2_fatal_reform_destination]
RV2_Goal_Fatal.rulePack.rulesStrings.20,"RV2_goalFinish_image->[PREY_definite] waking up in [PREY_possessive] bed, after dying in a vore nightmare",li,RulePackDefs\RulePacks_Tales_Goals.xml,def,"<ALIMT >(PH_3)</ALIMT><ALIMT >(PH_2)</ALIMT> waking up in <ALIMT >(PH_1)</ALIMT> bed, after dying in a <ALIMT >vore</ALIMT> nightmare",RV2_goalFinish_image->[PREY_definite]醒来于[PREY_possessive]死在床上后吃人噩梦
RV2_Goal_Fatal.rulePack.rulesStrings.21,RV2_goalFinish_desc_sight->[PREY_definite] sees the remains of others inside [PREDATOR_definite].,li,RulePackDefs\RulePacks_Tales_Goals.xml,def,<ALIMT >(PH_3)</ALIMT><ALIMT >(PH_2)</ALIMT> sees the remains of others inside <ALIMT >(PH_1)</ALIMT>.,RV2_goalFinish_desc_sight->[PREY_definite]看见里面有其他人的残骸[PREDATOR_definite]
RV2_Goal_Fatal.rulePack.rulesStrings.22,RV2_goalFinish_desc_sentence->[PREY_possessive] last moments were [RV2_adjective].,li,RulePackDefs\RulePacks_Tales_Goals.xml,def,<ALIMT >(PH_3)</ALIMT><ALIMT >(PH_2)</ALIMT> last moments were <ALIMT >(PH_1)</ALIMT>.,RV2_goalFinish_desc_sentence->[PREY_possessive]最后时刻是[RV2_adjective]
RV2_Goal_Endo.rulePack.rulesStrings.0,RV2_goalFinish_image->[PREY_definite] popping out of [PREDATOR_definite],li,RulePackDefs\RulePacks_Tales_Goals.xml,def,<ALIMT >(PH_3)</ALIMT><ALIMT >(PH_2)</ALIMT> popping out of <ALIMT >(PH_1)</ALIMT>,RV2_goalFinish_image->[PREY_definite]弹出[PREDATOR_definite]
RV2_Goal_Endo.rulePack.rulesStrings.1,RV2_goalFinish_image->[PREDATOR_definite] pushing [PREY_definite] out,li,RulePackDefs\RulePacks_Tales_Goals.xml,def,<ALIMT >(PH_3)</ALIMT><ALIMT >(PH_2)</ALIMT> pushing <ALIMT >(PH_1)</ALIMT> out,RV2_goalFinish_image->[PREDATOR_definite]推挤[PREY_definite]Out
RV2_Goal_Endo.rulePack.rulesStrings.2,RV2_goalFinish_image->[PREDATOR_definite] walking away from [PREY_definite],li,RulePackDefs\RulePacks_Tales_Goals.xml,def,<ALIMT >(PH_3)</ALIMT><ALIMT >(PH_2)</ALIMT> walking away from <ALIMT >(PH_1)</ALIMT>,RV2_goalFinish_image->[PREDATOR_definite]离开[PREY_definite]
RV2_Goal_Endo.rulePack.rulesStrings.3,RV2_goalFinish_image->[PREDATOR_definite] checking on [PREY_definite],li,RulePackDefs\RulePacks_Tales_Goals.xml,def,<ALIMT >(PH_3)</ALIMT><ALIMT >(PH_2)</ALIMT> checking on <ALIMT >(PH_1)</ALIMT>,RV2_goalFinish_image->[PREDATOR_definite]校对[PREY_definite]
RV2_Goal_Endo.rulePack.rulesStrings.4,RV2_goalFinish_desc_sentence->[PREY_pronoun] had to get back to regular life.,li,RulePackDefs\RulePacks_Tales_Goals.xml,def,<ALIMT >(PH_2)</ALIMT><ALIMT >(PH_1)</ALIMT> had to get back to regular life.,RV2_goalFinish_desc_sentence->[PREY_pronoun]必须回归正常生活。
RV2_Goal_Endo.rulePack.rulesStrings.5,RV2_goalFinish_desc_sentence->[PREY_pronoun] was ready to get out of [PREDATOR_definite].,li,RulePackDefs\RulePacks_Tales_Goals.xml,def,<ALIMT >(PH_3)</ALIMT><ALIMT >(PH_2)</ALIMT> was ready to get out of <ALIMT >(PH_1)</ALIMT>.,RV2_goalFinish_desc_sentence->[PREY_pronoun]准备离开[PREDATOR_definite]
RV2_Goal_Endo.rulePack.rulesStrings.6,RV2_goalFinish_desc_sentence->[PREY_pronoun] could have stayed longer inside [PREDATOR_definite].,li,RulePackDefs\RulePacks_Tales_Goals.xml,def,<ALIMT >(PH_3)</ALIMT><ALIMT >(PH_2)</ALIMT> could have stayed longer inside <ALIMT >(PH_1)</ALIMT>.,RV2_goalFinish_desc_sentence->[PREY_pronoun]本可以在里面呆更长时间[PREDATOR_definite]
RV2_Goal_Endo.rulePack.rulesStrings.7,RV2_goalFinish_desc_sentence->afterwards [PREDATOR_definite] looked like [PREDATOR_pronoun] wants to do that again.,li,RulePackDefs\RulePacks_Tales_Goals.xml,def,<ALIMT >(PH_3)</ALIMT>afterwards <ALIMT >(PH_2)</ALIMT> looked like <ALIMT >(PH_1)</ALIMT> wants to do that again.,RV2_goalFinish_desc_sentence->之后[PREDATOR_definite]看起来[PREDATOR_pronoun]想要再来一次。
RV2_Goal_Endo.rulePack.rulesStrings.8,RV2_goalFinish_desc_sentence->afterwards [PREY_definite] looked like [PREY_pronoun] wants to do that again.,li,RulePackDefs\RulePacks_Tales_Goals.xml,def,<ALIMT >(PH_3)</ALIMT>afterwards <ALIMT >(PH_2)</ALIMT> looked like <ALIMT >(PH_1)</ALIMT> wants to do that again.,RV2_goalFinish_desc_sentence->之后[PREY_definite]看起来[PREY_pronoun]想要再来一次。
RV2_Goal_Endo.rulePack.rulesStrings.9,"RV2_goalFinish_desc_sentence->afterwards [PREY_definite] and [PREDATOR_definite] look at each other, agreeing to do that again.",li,RulePackDefs\RulePacks_Tales_Goals.xml,def,"<ALIMT >(PH_3)</ALIMT>afterwards <ALIMT >(PH_2)</ALIMT> and <ALIMT >(PH_1)</ALIMT> look at each other, agreeing to do that again.",RV2_goalFinish_desc_sentence->之后[PREY_definite]和[PREDATOR_definite]互相看着对方，同意再来一次。
RV2_Goal_Convert.rulePack.rulesStrings.0,RV2_addendum->to turn [PREY_definite] into [RV2_goalProduct],li,RulePackDefs\RulePacks_Tales_Goals.xml,def,<ALIMT >(PH_3)</ALIMT>to turn <ALIMT >(PH_2)</ALIMT> into <ALIMT >(PH_1)</ALIMT>,RV2_addendum->转向[PREY_definite]入[RV2_goalProduct]
RV2_Goal_Convert.rulePack.rulesStrings.1,RV2_addendum->to convert into [RV2_goalProduct],li,RulePackDefs\RulePacks_Tales_Goals.xml,def,<ALIMT >(PH_2)</ALIMT>to convert into <ALIMT >(PH_1)</ALIMT>,RV2_addendum->将教化为[RV2_goalProduct]
RV2_Goal_Convert.rulePack.rulesStrings.2,RV2_addendum->to become [RV2_goalProduct] inside [PREDATOR_pronoun],li,RulePackDefs\RulePacks_Tales_Goals.xml,def,<ALIMT >(PH_3)</ALIMT>to become <ALIMT >(PH_2)</ALIMT> inside <ALIMT >(PH_1)</ALIMT>,RV2_addendum->成为[RV2_goalProduct]内[PREDATOR_pronoun]
RV2_Goal_Convert.rulePack.rulesStrings.3,RV2_goalFinish_verb->converting into [RV2_goalProduct],li,RulePackDefs\RulePacks_Tales_Goals.xml,def,<ALIMT >(PH_2)</ALIMT>converting into <ALIMT >(PH_1)</ALIMT>,RV2_goalFinish_verb->教化为[RV2_goalProduct]
RV2_Goal_Convert.rulePack.rulesStrings.4,RV2_goalFinish_verb->breaking down into [RV2_goalProduct],li,RulePackDefs\RulePacks_Tales_Goals.xml,def,<ALIMT >(PH_2)</ALIMT>breaking down into <ALIMT >(PH_1)</ALIMT>,RV2_goalFinish_verb->破体死亡[RV2_goalProduct]
RV2_Goal_Convert.rulePack.rulesStrings.5,RV2_goalFinish_noun->conversion into [RV2_goalProduct],li,RulePackDefs\RulePacks_Tales_Goals.xml,def,<ALIMT >(PH_2)</ALIMT>conversion into <ALIMT >(PH_1)</ALIMT>,RV2_goalFinish_noun->教化为[RV2_goalProduct]
RV2_Goal_Convert.rulePack.rulesStrings.6,RV2_goalFinish_noun->break down into [RV2_goalProduct],li,RulePackDefs\RulePacks_Tales_Goals.xml,def,<ALIMT >(PH_2)</ALIMT>break down into <ALIMT >(PH_1)</ALIMT>,RV2_goalFinish_noun->分解为[RV2_goalProduct]
RV2_Goal_Convert.rulePack.rulesStrings.7,RV2_goalFinish_tale_noun->[PREY_definite] turning into [RV2_goalProduct] by [PREDATOR_definite],li,RulePackDefs\RulePacks_Tales_Goals.xml,def,<ALIMT >(PH_4)</ALIMT><ALIMT >(PH_3)</ALIMT> turning into <ALIMT >(PH_2)</ALIMT> by <ALIMT >(PH_1)</ALIMT>,RV2_goalFinish_tale_noun->[PREY_definite]变成[RV2_goalProduct]由[PREDATOR_definite]
RV2_Goal_Convert.rulePack.rulesStrings.8,RV2_goalFinish_tale_noun->[PREDATOR_definite] turning [PREY_definite] into [PREDATOR_possessive] [RV2_goalProduct],li,RulePackDefs\RulePacks_Tales_Goals.xml,def,<ALIMT >(PH_5)</ALIMT><ALIMT >(PH_4)</ALIMT> turning <ALIMT >(PH_3)</ALIMT> into <ALIMT >(PH_2)</ALIMT> <ALIMT >(PH_1)</ALIMT>,RV2_goalFinish_tale_noun->[PREDATOR_definite]转向[PREY_definite]入[PREDATOR_possessive][RV2_goalProduct]
RV2_Goal_Convert.rulePack.rulesStrings.9,RV2_goalFinish_tale_noun->[PREY_definite] becoming [RV2_goalProduct],li,RulePackDefs\RulePacks_Tales_Goals.xml,def,<ALIMT >(PH_3)</ALIMT><ALIMT >(PH_2)</ALIMT> becoming <ALIMT >(PH_1)</ALIMT>,RV2_goalFinish_tale_noun->[PREY_definite]成为[RV2_goalProduct]
RV2_Goal_Convert.rulePack.rulesStrings.10,RV2_goalFinish_image->[PREY_definite] as [PREDATOR_possessive] [RV2_goalProduct],li,RulePackDefs\RulePacks_Tales_Goals.xml,def,<ALIMT >(PH_4)</ALIMT><ALIMT >(PH_3)</ALIMT> as <ALIMT >(PH_2)</ALIMT> <ALIMT >(PH_1)</ALIMT>,RV2_goalFinish_image->[PREY_definite]机械体[PREDATOR_possessive][RV2_goalProduct]
RV2_Goal_Convert.rulePack.rulesStrings.11,RV2_goalFinish_image->a collection of [RV2_goalProduct] made from [PREY_definite],li,RulePackDefs\RulePacks_Tales_Goals.xml,def,<ALIMT >(PH_3)</ALIMT>a collection of <ALIMT >(PH_2)</ALIMT> made from <ALIMT >(PH_1)</ALIMT>,RV2_goalFinish_image->一个[RV2_goalProduct]制作于[PREY_definite]
RV2_Goal_Convert.rulePack.rulesStrings.12,RV2_goalFinish_desc_sentence->Nothing identifiable remains of [PREY_definite].,li,RulePackDefs\RulePacks_Tales_Goals.xml,def,<ALIMT >(PH_2)</ALIMT>Nothing identifiable remains of <ALIMT >(PH_1)</ALIMT>.,RV2_goalFinish_desc_sentence->没有可识别的残骸[PREY_definite]
RV2_Goal_Convert.rulePack.rulesStrings.13,RV2_goalFinish_desc_sentence->The resulting [RV2_goalProduct] tastes like [PREY_definite] looked.,li,RulePackDefs\RulePacks_Tales_Goals.xml,def,<ALIMT >(PH_3)</ALIMT>The resulting <ALIMT >(PH_2)</ALIMT> tastes like <ALIMT >(PH_1)</ALIMT> looked.,RV2_goalFinish_desc_sentence->产生的[RV2_goalProduct]味道就像[PREY_definite]看了一下。
RV2_Goal_Convert.rulePack.rulesStrings.14,RV2_goalFinish_desc_sentence->[PREDATOR_definite] had everyone taste [PREDATOR_possessive] [RV2_goalProduct] before telling them it was [PREY_definite].,li,RulePackDefs\RulePacks_Tales_Goals.xml,def,<ALIMT >(PH_5)</ALIMT><ALIMT >(PH_4)</ALIMT> had everyone taste <ALIMT >(PH_3)</ALIMT> <ALIMT >(PH_2)</ALIMT> before telling them it was <ALIMT >(PH_1)</ALIMT>.,RV2_goalFinish_desc_sentence->[PREDATOR_definite]每个人都尝过[PREDATOR_possessive][RV2_goalProduct]在告诉他们是之前[PREY_definite]
RV2_Goal_Convert.rulePack.rulesStrings.15,RV2_goalFinish_desc_sentence->[PREDATOR_definite] snuck a taste of [PREDATOR_possessive] own [RV2_goalProduct] to see what [PREY_definite] tasted like.,li,RulePackDefs\RulePacks_Tales_Goals.xml,def,<ALIMT >(PH_5)</ALIMT><ALIMT >(PH_4)</ALIMT> snuck a taste of <ALIMT >(PH_3)</ALIMT> own <ALIMT >(PH_2)</ALIMT> to see what <ALIMT >(PH_1)</ALIMT> tasted like.,RV2_goalFinish_desc_sentence->[PREDATOR_definite]偷偷溜出味道[PREDATOR_possessive]拥有[RV2_goalProduct]看什么[PREY_definite]味道不错。
RV2_Goal_Convert.rulePack.rulesStrings.16,RV2_goalFinish_desc_sentence->[PREY_definite] was better as [RV2_goalProduct] than walking around.,li,RulePackDefs\RulePacks_Tales_Goals.xml,def,<ALIMT >(PH_3)</ALIMT><ALIMT >(PH_2)</ALIMT> was better as <ALIMT >(PH_1)</ALIMT> than walking around.,RV2_goalFinish_desc_sentence->[PREY_definite]优于[RV2_goalProduct]也不愿四处走动。
RV2_Goal_Convert.rulePack.rulesStrings.17,RV2_goalFinish_desc_sentence->[PREY_definite] really left a strange aftertaste in [PREDATOR_possessive] [RV2_goalProduct].,li,RulePackDefs\RulePacks_Tales_Goals.xml,def,<ALIMT >(PH_4)</ALIMT><ALIMT >(PH_3)</ALIMT> really left a strange aftertaste in <ALIMT >(PH_2)</ALIMT> <ALIMT >(PH_1)</ALIMT>.,RV2_goalFinish_desc_sentence->[PREY_definite]真正留下异样的余味是在[PREDATOR_possessive][RV2_goalProduct]
RV2_Goal_Convert.rulePack.rulesStrings.18,"RV2_goalFinish_desc_sentence->The [RV2_goalProduct] may go to waste, but [PREDATOR_definite] had fun making it.",li,RulePackDefs\RulePacks_Tales_Goals.xml,def,"<ALIMT >(PH_3)</ALIMT>The <ALIMT >(PH_2)</ALIMT> may go to waste, but <ALIMT >(PH_1)</ALIMT> had fun making it.",RV2_goalFinish_desc_sentence->该[RV2_goalProduct]可能会被浪费，但是[PREDATOR_definite]制作愉快。
RV2_Type_OralInit.rulePack.rulesStrings.0,RV2_addendum->for a taste of [PREY_objective],li,RulePackDefs\RulePacks_Tales_Types.xml,def,<ALIMT >(PH_2)</ALIMT>for a taste of <ALIMT >(PH_1)</ALIMT>,RV2_addendum->品尝[PREY_objective]
RV2_Type_OralInit.rulePack.rulesStrings.1,RV2_adjective->slimy,li,RulePackDefs\RulePacks_Tales_Types.xml,def,<ALIMT >(PH_1)</ALIMT>slimy,RV2_adjective->发粘
RV2_Type_OralInit.rulePack.rulesStrings.2,RV2_adjective->slippery,li,RulePackDefs\RulePacks_Tales_Types.xml,def,<ALIMT >(PH_1)</ALIMT>slippery,RV2_adjective->光滑
RV2_Type_OralInit.rulePack.rulesStrings.3,RV2_init_predVerb->swallowing,li,RulePackDefs\RulePacks_Tales_Types.xml,def,<ALIMT >(PH_1)</ALIMT>swallowing,RV2_init_predVerb->吞下
RV2_Type_OralInit.rulePack.rulesStrings.4,RV2_init_predVerb->ingesting,li,RulePackDefs\RulePacks_Tales_Types.xml,def,<ALIMT >(PH_1)</ALIMT>ingesting,RV2_init_predVerb->摄入
RV2_Type_OralInit.rulePack.rulesStrings.5,RV2_init_predVerb->gulping down,li,RulePackDefs\RulePacks_Tales_Types.xml,def,<ALIMT >(PH_1)</ALIMT>gulping down,RV2_init_predVerb->大口大口地吃
RV2_Type_OralInit.rulePack.rulesStrings.6,RV2_bodypart->mouth,li,RulePackDefs\RulePacks_Tales_Types.xml,def,<ALIMT >(PH_1)</ALIMT>mouth,RV2_bodypart->大嘴的
RV2_Type_OralInit.rulePack.rulesStrings.7,RV2_bodypart->throat,li,RulePackDefs\RulePacks_Tales_Types.xml,def,<ALIMT >(PH_1)</ALIMT>throat,RV2_bodypart->咽喉
RV2_Type_OralInit.rulePack.rulesStrings.8,RV2_bodypart->gullet,li,RulePackDefs\RulePacks_Tales_Types.xml,def,<ALIMT >(PH_1)</ALIMT>gullet,RV2_bodypart->多爪
RV2_Type_OralInit.rulePack.rulesStrings.9,RV2_bodypart->esophagus,li,RulePackDefs\RulePacks_Tales_Types.xml,def,<ALIMT >(PH_1)</ALIMT>esophagus,RV2_bodypart->食管
RV2_Type_OralInit.rulePack.rulesStrings.10,RV2_init_preyVerb->being swallowed by,li,RulePackDefs\RulePacks_Tales_Types.xml,def,<ALIMT >(PH_1)</ALIMT>being swallowed by,RV2_init_preyVerb->被吞噬
RV2_Type_OralInit.rulePack.rulesStrings.11,RV2_init_preyVerb->being gulped by,li,RulePackDefs\RulePacks_Tales_Types.xml,def,<ALIMT >(PH_1)</ALIMT>being gulped by,RV2_init_preyVerb->被患者吞下
RV2_Type_OralInit.rulePack.rulesStrings.12,RV2_init_preyVerb->sliding down,li,RulePackDefs\RulePacks_Tales_Types.xml,def,<ALIMT >(PH_1)</ALIMT>sliding down,RV2_init_preyVerb->向下滑动
RV2_Type_OralInit.rulePack.rulesStrings.13,RV2_init_image->[PREDATOR_definite] covering [PREY_definite] in [PREDATOR_possessive] favorite condiments,li,RulePackDefs\RulePacks_Tales_Types.xml,def,<ALIMT >(PH_4)</ALIMT><ALIMT >(PH_3)</ALIMT> covering <ALIMT >(PH_2)</ALIMT> in <ALIMT >(PH_1)</ALIMT> favorite condiments,RV2_init_image->[PREDATOR_definite]掩体[PREY_definite]于[PREDATOR_possessive]喜爱的调味品
RV2_Type_OralInit.rulePack.rulesStrings.14,RV2_init_image->[PREY_definite] inspecting the teeth of [PREDATOR_definite] on the way into [PREDATOR_possessive] [RV2_bodypart],li,RulePackDefs\RulePacks_Tales_Types.xml,def,<ALIMT >(PH_5)</ALIMT><ALIMT >(PH_4)</ALIMT> inspecting the teeth of <ALIMT >(PH_3)</ALIMT> on the way into <ALIMT >(PH_2)</ALIMT> <ALIMT >(PH_1)</ALIMT>,RV2_init_image->[PREY_definite]检测牙齿[PREDATOR_definite]在途中进入[PREDATOR_possessive][RV2_bodypart]
RV2_Type_OralInit.rulePack.rulesStrings.15,RV2_init_image->[PREDATOR_definite] massaging [PREY_definite] with [PREDATOR_possessive] tongue,li,RulePackDefs\RulePacks_Tales_Types.xml,def,<ALIMT >(PH_4)</ALIMT><ALIMT >(PH_3)</ALIMT> massaging <ALIMT >(PH_2)</ALIMT> with <ALIMT >(PH_1)</ALIMT> tongue,RV2_init_image->[PREDATOR_definite]按摩[PREY_definite]伴[PREDATOR_possessive]舌
RV2_Type_OralInit.rulePack.rulesStrings.16,RV2_init_desc_sentence->[PREDATOR_definite] liked the natural taste of [PREY_definite].,li,RulePackDefs\RulePacks_Tales_Types.xml,def,<ALIMT >(PH_3)</ALIMT><ALIMT >(PH_2)</ALIMT> liked the natural taste of <ALIMT >(PH_1)</ALIMT>.,RV2_init_desc_sentence->[PREDATOR_definite]很喜欢这里的自然风味[PREY_definite]
RV2_Type_OralInit.rulePack.rulesStrings.17,RV2_init_desc_sentence->[PREY_definite] left a bad aftertaste in [PREDATOR_possessive] mouth.,li,RulePackDefs\RulePacks_Tales_Types.xml,def,<ALIMT >(PH_3)</ALIMT><ALIMT >(PH_2)</ALIMT> left a bad aftertaste in <ALIMT >(PH_1)</ALIMT> mouth.,RV2_init_desc_sentence->[PREY_definite]留下了不祥的余味。[PREDATOR_possessive]大嘴。
RV2_Type_OralInit.rulePack.rulesStrings.18,RV2_init_desc_sentence->[PREY_definite] was a little too salty for [PREDATOR_objective].,li,RulePackDefs\RulePacks_Tales_Types.xml,def,<ALIMT >(PH_3)</ALIMT><ALIMT >(PH_2)</ALIMT> was a little too salty for <ALIMT >(PH_1)</ALIMT>.,RV2_init_desc_sentence->[PREY_definite]有点过咸[PREDATOR_objective]
RV2_Type_AnalExit.rulePack.rulesStrings.0,RV2_exit_predVerb->defecating,li,RulePackDefs\RulePacks_Tales_Types.xml,def,<ALIMT >(PH_1)</ALIMT>defecating,RV2_exit_predVerb->正在排便
RV2_Type_AnalExit.rulePack.rulesStrings.1,RV2_exit_predVerb->shitting out,li,RulePackDefs\RulePacks_Tales_Types.xml,def,<ALIMT >(PH_1)</ALIMT>shitting out,RV2_exit_predVerb->拉屎
RV2_Type_AnalExit.rulePack.rulesStrings.2,RV2_exit_predVerb->dropping,li,RulePackDefs\RulePacks_Tales_Types.xml,def,<ALIMT >(PH_1)</ALIMT>dropping,RV2_exit_predVerb->丢下
RV2_Type_AnalExit.rulePack.rulesStrings.3,RV2_exit_preyVerb->being shat out by,li,RulePackDefs\RulePacks_Tales_Types.xml,def,<ALIMT >(PH_1)</ALIMT>being shat out by,RV2_exit_preyVerb->被赶出
RV2_Type_AnalExit.rulePack.rulesStrings.4,RV2_exit_image->[PREDATOR_definite] leaving to do [PREDATOR_possessive] business in the great outdoors,li,RulePackDefs\RulePacks_Tales_Types.xml,def,<ALIMT >(PH_3)</ALIMT><ALIMT >(PH_2)</ALIMT> leaving to do <ALIMT >(PH_1)</ALIMT> business in the great outdoors,RV2_exit_image->[PREDATOR_definite]未完成[PREDATOR_possessive]大室外的商业活动
RV2_Type_AnalExit.rulePack.rulesStrings.5,RV2_exit_image->[PREDATOR_definite] looking frantically for a place to let [PREY_definite] out,li,RulePackDefs\RulePacks_Tales_Types.xml,def,<ALIMT >(PH_3)</ALIMT><ALIMT >(PH_2)</ALIMT> looking frantically for a place to let <ALIMT >(PH_1)</ALIMT> out,RV2_exit_image->[PREDATOR_definite]疯狂地寻找着出租的地方[PREY_definite]Out
RV2_Type_AnalExit.rulePack.rulesStrings.6,RV2_exit_image->[PREDATOR_definite] letting [PREY_definite] out straight into a latrine,li,RulePackDefs\RulePacks_Tales_Types.xml,def,<ALIMT >(PH_3)</ALIMT><ALIMT >(PH_2)</ALIMT> letting <ALIMT >(PH_1)</ALIMT> out straight into a latrine,RV2_exit_image->[PREDATOR_definite]释放[PREY_definite]直接走进厕所
RV2_Type_AnalExit.rulePack.rulesStrings.7,RV2_exit_image->[PREY_definite] making a mess of [PREDATOR_possessive] pants,li,RulePackDefs\RulePacks_Tales_Types.xml,def,<ALIMT >(PH_3)</ALIMT><ALIMT >(PH_2)</ALIMT> making a mess of <ALIMT >(PH_1)</ALIMT> pants,RV2_exit_image->[PREY_definite]弄得一团糟[PREDATOR_possessive]裤子
RV2_Type_AnalExit.rulePack.rulesStrings.8,RV2_exit_image->a latrine with the remains of [PREY_definite] inside,li,RulePackDefs\RulePacks_Tales_Types.xml,def,<ALIMT >(PH_2)</ALIMT>a latrine with the remains of <ALIMT >(PH_1)</ALIMT> inside,RV2_exit_image->一个有尸体的厕所[PREY_definite]内
RV2_Type_AnalExit.rulePack.rulesStrings.9,"RV2_exit_desc_sentence->Bears shit in the woods, and so does [PREDATOR_definite].",li,RulePackDefs\RulePacks_Tales_Types.xml,def,"<ALIMT >(PH_2)</ALIMT>Bears shit in the woods, and so does <ALIMT >(PH_1)</ALIMT>.",RV2_exit_desc_sentence->熊在树林里拉屎，也是[PREDATOR_definite]
RV2_Type_AnalExit.rulePack.rulesStrings.10,RV2_exit_desc_sentence->[PREY_definite] appears to have left [PREDATOR_definite] a bit constipated.,li,RulePackDefs\RulePacks_Tales_Types.xml,def,<ALIMT >(PH_3)</ALIMT><ALIMT >(PH_2)</ALIMT> appears to have left <ALIMT >(PH_1)</ALIMT> a bit constipated.,RV2_exit_desc_sentence->[PREY_definite]似乎已经离开[PREDATOR_definite]有点便秘。
RV2_Type_AnalExit.rulePack.rulesStrings.11,RV2_exit_desc_sentence->[PREY_definite] gave [PREDATOR_definite] a bad case of the squirts.,li,RulePackDefs\RulePacks_Tales_Types.xml,def,<ALIMT >(PH_3)</ALIMT><ALIMT >(PH_2)</ALIMT> gave <ALIMT >(PH_1)</ALIMT> a bad case of the squirts.,RV2_exit_desc_sentence->[PREY_definite]给予[PREDATOR_definite]喷出的怪形。
RV2_Type_Oral.rulePack.rulesStrings.0,extraSentencePack->[INITIATOR_nameDef] is using [INITIATOR_possessive] [RV2_bodypart] to vore,li,RulePackDefs\RulePacks_Tales_Types.xml,def,<ALIMT >(PH_4)</ALIMT><ALIMT >(PH_3)</ALIMT> is using <ALIMT >(PH_2)</ALIMT> <ALIMT >(PH_1)</ALIMT> to <ALIMT >vore</ALIMT>,extraSentencePack->[INITIATOR_nameDef]正在使用[INITIATOR_possessive][RV2_bodypart]到吃人
RV2_Type_Oral.rulePack.rulesStrings.1,RV2_exit_predVerb->spitting out,li,RulePackDefs\RulePacks_Tales_Types.xml,def,<ALIMT >(PH_1)</ALIMT>spitting out,RV2_exit_predVerb->吐出
RV2_Type_Oral.rulePack.rulesStrings.2,RV2_exit_predVerb->throwing up,li,RulePackDefs\RulePacks_Tales_Types.xml,def,<ALIMT >(PH_1)</ALIMT>throwing up,RV2_exit_predVerb->呕吐中
RV2_Type_Oral.rulePack.rulesStrings.3,RV2_exit_predVerb->regurgitating,li,RulePackDefs\RulePacks_Tales_Types.xml,def,<ALIMT >(PH_1)</ALIMT>regurgitating,RV2_exit_predVerb->反刍
RV2_Type_Oral.rulePack.rulesStrings.4,RV2_exit_preyVerb->being spat out by,li,RulePackDefs\RulePacks_Tales_Types.xml,def,<ALIMT >(PH_1)</ALIMT>being spat out by,RV2_exit_preyVerb->被喷吐
RV2_Type_Oral.rulePack.rulesStrings.5,RV2_exit_preyVerb->being thrown up,li,RulePackDefs\RulePacks_Tales_Types.xml,def,<ALIMT >(PH_1)</ALIMT>being thrown up,RV2_exit_preyVerb->正在呕吐
RV2_Type_Oral.rulePack.rulesStrings.6,RV2_exit_preyVerb->being regurgitated,li,RulePackDefs\RulePacks_Tales_Types.xml,def,<ALIMT >(PH_1)</ALIMT>being regurgitated,RV2_exit_preyVerb->正在反刍
RV2_Type_Oral.rulePack.rulesStrings.7,RV2_exit_image->[PREY_definite] covered in predator saliva,li,RulePackDefs\RulePacks_Tales_Types.xml,def,<ALIMT >(PH_2)</ALIMT><ALIMT >(PH_1)</ALIMT> covered in predator saliva,RV2_exit_image->[PREY_definite]被捕食者的涎液覆盖
RV2_Type_Oral.rulePack.rulesStrings.8,RV2_exit_image->[PREY_definite] flying out of [PREDATOR_definite] with great speed,li,RulePackDefs\RulePacks_Tales_Types.xml,def,<ALIMT >(PH_3)</ALIMT><ALIMT >(PH_2)</ALIMT> flying out of <ALIMT >(PH_1)</ALIMT> with great speed,RV2_exit_image->[PREY_definite]飞出[PREDATOR_definite]极快
RV2_Type_Oral.rulePack.rulesStrings.9,"RV2_exit_image->[PREDATOR_definite] crawling backwards with [PREDATOR_possessive] mouth open, leaving [PREY_definite] on the ground in front of [PREDATOR_pronoun]",li,RulePackDefs\RulePacks_Tales_Types.xml,def,"<ALIMT >(PH_5)</ALIMT><ALIMT >(PH_4)</ALIMT> crawling backwards with <ALIMT >(PH_3)</ALIMT> mouth open, leaving <ALIMT >(PH_2)</ALIMT> on the ground in front of <ALIMT >(PH_1)</ALIMT>",RV2_exit_image->[PREDATOR_definite]向后爬行[PREDATOR_possessive]张口离开[PREY_definite]在地面前方[PREDATOR_pronoun]
RV2_Type_Oral.rulePack.rulesStrings.10,RV2_exit_desc_sentence->[PREY_definite] appears even more tasty on the way out.,li,RulePackDefs\RulePacks_Tales_Types.xml,def,<ALIMT >(PH_2)</ALIMT><ALIMT >(PH_1)</ALIMT> appears even more tasty on the way out.,RV2_exit_desc_sentence->[PREY_definite]出去的时候味道比平时更好了。
RV2_Type_Oral.rulePack.rulesStrings.11,RV2_exit_desc_sentence->[PREDATOR_definite] shows disgust at tasting [PREY_definite] on the way out.,li,RulePackDefs\RulePacks_Tales_Types.xml,def,<ALIMT >(PH_3)</ALIMT><ALIMT >(PH_2)</ALIMT> shows disgust at tasting <ALIMT >(PH_1)</ALIMT> on the way out.,RV2_exit_desc_sentence->[PREDATOR_definite]对品尝表现出厌恶[PREY_definite]在出去的路上。
RV2_Type_Oral.rulePack.rulesStrings.12,RV2_exit_desc_sentence->[PREDATOR_definite] dry heaves after finishing the job.,li,RulePackDefs\RulePacks_Tales_Types.xml,def,<ALIMT >(PH_2)</ALIMT><ALIMT >(PH_1)</ALIMT> dry heaves after finishing the job.,RV2_exit_desc_sentence->[PREDATOR_definite]干呕的心情在完成工作后持续干枯。
RV2_Type_FullTour.rulePack.rulesStrings.0,extraSentencePack->[INITIATOR_nameDef] is using [INITIATOR_possessive] [RV2_bodypart] to vore,li,RulePackDefs\RulePacks_Tales_Types.xml,def,<ALIMT >(PH_4)</ALIMT><ALIMT >(PH_3)</ALIMT> is using <ALIMT >(PH_2)</ALIMT> <ALIMT >(PH_1)</ALIMT> to <ALIMT >vore</ALIMT>,extraSentencePack->[INITIATOR_nameDef]正在使用[INITIATOR_possessive][RV2_bodypart]到吃人
RV2_Type_FullTour.rulePack.rulesStrings.1,RV2_addendum->for a full tour,li,RulePackDefs\RulePacks_Tales_Types.xml,def,<ALIMT >(PH_1)</ALIMT>for a <ALIMT >full tour</ALIMT>,RV2_addendum->为一个消化道游览
RV2_Type_FullTour.rulePack.rulesStrings.2,RV2_addendum->for a full tour of [PREDATOR_possessive] insides,li,RulePackDefs\RulePacks_Tales_Types.xml,def,<ALIMT >(PH_2)</ALIMT>for a <ALIMT >full tour</ALIMT> of <ALIMT >(PH_1)</ALIMT> insides,RV2_addendum->为一个消化道游览来自[PREDATOR_possessive]内部
RV2_Type_Anal.rulePack.rulesStrings.0,extraSentencePack->[INITIATOR_nameDef] is using [INITIATOR_possessive] [RV2_bodypart] to vore,li,RulePackDefs\RulePacks_Tales_Types.xml,def,<ALIMT >(PH_4)</ALIMT><ALIMT >(PH_3)</ALIMT> is using <ALIMT >(PH_2)</ALIMT> <ALIMT >(PH_1)</ALIMT> to <ALIMT >vore</ALIMT>,extraSentencePack->[INITIATOR_nameDef]正在使用[INITIATOR_possessive][RV2_bodypart]到吃人
RV2_Type_Anal.rulePack.rulesStrings.1,RV2_init_predVerb->anally swallowing,li,RulePackDefs\RulePacks_Tales_Types.xml,def,<ALIMT >(PH_1)</ALIMT>anally swallowing,RV2_init_predVerb->咽下
RV2_Type_Anal.rulePack.rulesStrings.2,RV2_init_predVerb->rectally swallowing,li,RulePackDefs\RulePacks_Tales_Types.xml,def,<ALIMT >(PH_1)</ALIMT>rectally swallowing,RV2_init_predVerb->直接吞咽
RV2_Type_Anal.rulePack.rulesStrings.3,RV2_bodypart->anus,li,RulePackDefs\RulePacks_Tales_Types.xml,def,<ALIMT >(PH_1)</ALIMT><ALIMT >anus</ALIMT>,RV2_bodypart->肛门
RV2_Type_Anal.rulePack.rulesStrings.4,RV2_bodypart->asshole,li,RulePackDefs\RulePacks_Tales_Types.xml,def,<ALIMT >(PH_1)</ALIMT>asshole,RV2_bodypart->混蛋
RV2_Type_Anal.rulePack.rulesStrings.5,RV2_bodypart->pooper,li,RulePackDefs\RulePacks_Tales_Types.xml,def,<ALIMT >(PH_1)</ALIMT>pooper,RV2_bodypart->打手
RV2_Type_Anal.rulePack.rulesStrings.6,RV2_bodypart->starfish,li,RulePackDefs\RulePacks_Tales_Types.xml,def,<ALIMT >(PH_1)</ALIMT>starfish,RV2_bodypart->海星
RV2_Type_Anal.rulePack.rulesStrings.7,RV2_init_preyVerb->being anally swallowed,li,RulePackDefs\RulePacks_Tales_Types.xml,def,<ALIMT >(PH_1)</ALIMT>being anally swallowed,RV2_init_preyVerb->正在被消化
RV2_Type_Anal.rulePack.rulesStrings.8,RV2_init_preyVerb->being rectally swallowed,li,RulePackDefs\RulePacks_Tales_Types.xml,def,<ALIMT >(PH_1)</ALIMT>being rectally swallowed,RV2_init_preyVerb->被直接吞下
RV2_Type_Anal.rulePack.rulesStrings.9,RV2_init_image->[PREDATOR_definite] sitting down on [PREY_definite] to stuff [PREY_pronoun] up [PREDATOR_possessive] [RV2_bodypart],li,RulePackDefs\RulePacks_Tales_Types.xml,def,<ALIMT >(PH_6)</ALIMT><ALIMT >(PH_5)</ALIMT> sitting down on <ALIMT >(PH_4)</ALIMT> to stuff <ALIMT >(PH_3)</ALIMT> up <ALIMT >(PH_2)</ALIMT> <ALIMT >(PH_1)</ALIMT>,RV2_init_image->[PREDATOR_definite]静坐[PREY_definite]物品[PREY_pronoun]提升[PREDATOR_possessive][RV2_bodypart]
RV2_Type_Anal.rulePack.rulesStrings.10,RV2_init_image->[PREDATOR_definite] having [PREY_definite] crawl into [PREDATOR_possessive] [RV2_bodypart] as [PREDATOR_pronoun] lays on [PREDATOR_possessive] back,li,RulePackDefs\RulePacks_Tales_Types.xml,def,<ALIMT >(PH_7)</ALIMT><ALIMT >(PH_6)</ALIMT> having <ALIMT >(PH_5)</ALIMT> crawl into <ALIMT >(PH_4)</ALIMT> <ALIMT >(PH_3)</ALIMT> as <ALIMT >(PH_2)</ALIMT> lays on <ALIMT >(PH_1)</ALIMT> back,RV2_init_image->[PREDATOR_definite]有[PREY_definite]爬入[PREDATOR_possessive][RV2_bodypart]机械体[PREDATOR_pronoun]躺下[PREDATOR_possessive]返回
RV2_Type_Anal.rulePack.rulesStrings.11,RV2_init_image->[PREDATOR_definite] letting gravity do the work of drawing [PREY_definite] inside [PREDATOR_possessive] [RV2_bodypart],li,RulePackDefs\RulePacks_Tales_Types.xml,def,<ALIMT >(PH_5)</ALIMT><ALIMT >(PH_4)</ALIMT> letting gravity do the work of drawing <ALIMT >(PH_3)</ALIMT> inside <ALIMT >(PH_2)</ALIMT> <ALIMT >(PH_1)</ALIMT>,RV2_init_image->[PREDATOR_definite]让重力做绘画工作[PREY_definite]内[PREDATOR_possessive][RV2_bodypart]
RV2_Type_Anal.rulePack.rulesStrings.12,RV2_init_desc_sentence->[PREDATOR_definite] really should have started with a dildo first.,li,RulePackDefs\RulePacks_Tales_Types.xml,def,<ALIMT >(PH_2)</ALIMT><ALIMT >(PH_1)</ALIMT> really should have started with a <ALIMT >dildo</ALIMT> first.,RV2_init_desc_sentence->[PREDATOR_definite]真的应该从一个假阴茎第一个。
RV2_Type_Anal.rulePack.rulesStrings.13,RV2_init_desc_sentence->[PREDATOR_definite] really should have cleaned up first.,li,RulePackDefs\RulePacks_Tales_Types.xml,def,<ALIMT >(PH_2)</ALIMT><ALIMT >(PH_1)</ALIMT> really should have cleaned up first.,RV2_init_desc_sentence->[PREDATOR_definite]真的应该先清理一下。
RV2_Type_Vaginal.rulePack.rulesStrings.0,extraSentencePack->[INITIATOR_nameDef] is using [INITIATOR_possessive] [RV2_bodypart] to vore,li,RulePackDefs\RulePacks_Tales_Types.xml,def,<ALIMT >(PH_4)</ALIMT><ALIMT >(PH_3)</ALIMT> is using <ALIMT >(PH_2)</ALIMT> <ALIMT >(PH_1)</ALIMT> to <ALIMT >vore</ALIMT>,extraSentencePack->[INITIATOR_nameDef]正在使用[INITIATOR_possessive][RV2_bodypart]到吃人
RV2_Type_Vaginal.rulePack.rulesStrings.1,RV2_adverb->sexually,li,RulePackDefs\RulePacks_Tales_Types.xml,def,<ALIMT >(PH_1)</ALIMT>sexually,RV2_adverb->性
RV2_Type_Vaginal.rulePack.rulesStrings.2,RV2_adjective->sexual,li,RulePackDefs\RulePacks_Tales_Types.xml,def,<ALIMT >(PH_1)</ALIMT><ALIMT >sexual</ALIMT>,RV2_adjective->性的
RV2_Type_Vaginal.rulePack.rulesStrings.3,RV2_init_predVerb->vaginally swallowing,li,RulePackDefs\RulePacks_Tales_Types.xml,def,<ALIMT >(PH_1)</ALIMT>vaginally swallowing,RV2_init_predVerb->阴道吞咽
RV2_Type_Vaginal.rulePack.rulesStrings.4,RV2_init_predVerb->unbirthing,li,RulePackDefs\RulePacks_Tales_Types.xml,def,<ALIMT >(PH_1)</ALIMT>unbirthing,RV2_init_predVerb->展开
RV2_Type_Vaginal.rulePack.rulesStrings.5,RV2_bodypart->vagina,li,RulePackDefs\RulePacks_Tales_Types.xml,def,<ALIMT >(PH_1)</ALIMT><ALIMT >vagina</ALIMT>,RV2_bodypart->阴道
RV2_Type_Vaginal.rulePack.rulesStrings.6,RV2_bodypart->cunt,li,RulePackDefs\RulePacks_Tales_Types.xml,def,<ALIMT >(PH_1)</ALIMT>cunt,RV2_bodypart->阴阳怪气
RV2_Type_Vaginal.rulePack.rulesStrings.7,RV2_bodypart->vagoo,li,RulePackDefs\RulePacks_Tales_Types.xml,def,<ALIMT >(PH_1)</ALIMT>vagoo,RV2_bodypart->迷魂
RV2_Type_Vaginal.rulePack.rulesStrings.8,RV2_init_preyVerb->being vaginally swallowed,li,RulePackDefs\RulePacks_Tales_Types.xml,def,<ALIMT >(PH_1)</ALIMT>being vaginally swallowed,RV2_init_preyVerb->正在被阴道吞噬
RV2_Type_Vaginal.rulePack.rulesStrings.9,RV2_init_preyVerb->being unbirthed,li,RulePackDefs\RulePacks_Tales_Types.xml,def,<ALIMT >(PH_1)</ALIMT>being unbirthed,RV2_init_preyVerb->刚出生
RV2_Type_Vaginal.rulePack.rulesStrings.10,RV2_init_desc_sentence->[PREDATOR_definite] really should have started with a dildo first.,li,RulePackDefs\RulePacks_Tales_Types.xml,def,<ALIMT >(PH_2)</ALIMT><ALIMT >(PH_1)</ALIMT> really should have started with a <ALIMT >dildo</ALIMT> first.,RV2_init_desc_sentence->[PREDATOR_definite]真的应该从一个假阴茎第一个。
RV2_Type_Vaginal.rulePack.rulesStrings.11,RV2_init_desc_sentence->[PREDATOR_definite] winced at [PREY_definite] hitting [PREDATOR_possessive] cervix.,li,RulePackDefs\RulePacks_Tales_Types.xml,def,<ALIMT >(PH_4)</ALIMT><ALIMT >(PH_3)</ALIMT> winced at <ALIMT >(PH_2)</ALIMT> hitting <ALIMT >(PH_1)</ALIMT> <ALIMT >cervix</ALIMT>.,RV2_init_desc_sentence->[PREDATOR_definite]畏缩于[PREY_definite]击中[PREDATOR_possessive]子宫口
RV2_Type_Vaginal.rulePack.rulesStrings.12,RV2_exit_predVerb->squirting out,li,RulePackDefs\RulePacks_Tales_Types.xml,def,<ALIMT >(PH_1)</ALIMT>squirting out,RV2_exit_predVerb->喷出
RV2_Type_Vaginal.rulePack.rulesStrings.13,RV2_exit_predVerb->birthing,li,RulePackDefs\RulePacks_Tales_Types.xml,def,<ALIMT >(PH_1)</ALIMT>birthing,RV2_exit_predVerb->分娩
RV2_Type_Vaginal.rulePack.rulesStrings.14,RV2_exit_preyVerb->being squirt out by,li,RulePackDefs\RulePacks_Tales_Types.xml,def,<ALIMT >(PH_1)</ALIMT>being squirt out by,RV2_exit_preyVerb->被喷射而出
RV2_Type_Vaginal.rulePack.rulesStrings.15,RV2_exit_preyVerb->being reborn,li,RulePackDefs\RulePacks_Tales_Types.xml,def,<ALIMT >(PH_1)</ALIMT>being reborn,RV2_exit_preyVerb->正在重生
RV2_Type_Vaginal.rulePack.rulesStrings.16,RV2_exit_image->[PREY_definite] reexperiencing the events of [PREY_possessive] own birth,li,RulePackDefs\RulePacks_Tales_Types.xml,def,<ALIMT >(PH_3)</ALIMT><ALIMT >(PH_2)</ALIMT> reexperiencing the events of <ALIMT >(PH_1)</ALIMT> own birth,RV2_exit_image->[PREY_definite]正在重新体验以下事件[PREY_possessive]自己出生
RV2_Type_Cock.rulePack.rulesStrings.0,extraSentencePack->[INITIATOR_nameDef] is using [INITIATOR_possessive] [RV2_bodypart] to vore,li,RulePackDefs\RulePacks_Tales_Types.xml,def,<ALIMT >(PH_4)</ALIMT><ALIMT >(PH_3)</ALIMT> is using <ALIMT >(PH_2)</ALIMT> <ALIMT >(PH_1)</ALIMT> to <ALIMT >vore</ALIMT>,extraSentencePack->[INITIATOR_nameDef]正在使用[INITIATOR_possessive][RV2_bodypart]到吃人
RV2_Type_Cock.rulePack.rulesStrings.1,RV2_adverb->sexually,li,RulePackDefs\RulePacks_Tales_Types.xml,def,<ALIMT >(PH_1)</ALIMT>sexually,RV2_adverb->性
RV2_Type_Cock.rulePack.rulesStrings.2,RV2_adjective->sexual,li,RulePackDefs\RulePacks_Tales_Types.xml,def,<ALIMT >(PH_1)</ALIMT><ALIMT >sexual</ALIMT>,RV2_adjective->性的
RV2_Type_Cock.rulePack.rulesStrings.3,RV2_init_predVerb->unsowing,li,RulePackDefs\RulePacks_Tales_Types.xml,def,<ALIMT >(PH_1)</ALIMT>unsowing,RV2_init_predVerb->未播种
RV2_Type_Cock.rulePack.rulesStrings.4,RV2_bodypart->penis,li,RulePackDefs\RulePacks_Tales_Types.xml,def,<ALIMT >(PH_1)</ALIMT><ALIMT >penis</ALIMT>,RV2_bodypart->阳具/屌
RV2_Type_Cock.rulePack.rulesStrings.5,RV2_bodypart->cock,li,RulePackDefs\RulePacks_Tales_Types.xml,def,<ALIMT >(PH_1)</ALIMT>cock,RV2_bodypart->公鸡
RV2_Type_Cock.rulePack.rulesStrings.6,RV2_bodypart->urethra,li,RulePackDefs\RulePacks_Tales_Types.xml,def,<ALIMT >(PH_1)</ALIMT>urethra,RV2_bodypart->尿道
RV2_Type_Cock.rulePack.rulesStrings.7,RV2_init_preyVerb->being unsown,li,RulePackDefs\RulePacks_Tales_Types.xml,def,<ALIMT >(PH_1)</ALIMT>being unsown,RV2_init_preyVerb->未播种
RV2_Type_Cock.rulePack.rulesStrings.8,RV2_init_image->[PREY_definite] sliding down [PREDATOR_possessive] [RV2_bodypart],li,RulePackDefs\RulePacks_Tales_Types.xml,def,<ALIMT >(PH_4)</ALIMT><ALIMT >(PH_3)</ALIMT> sliding down <ALIMT >(PH_2)</ALIMT> <ALIMT >(PH_1)</ALIMT>,RV2_init_image->[PREY_definite]向下滑动[PREDATOR_possessive][RV2_bodypart]
RV2_Type_Cock.rulePack.rulesStrings.9,RV2_init_image->[PREDATOR_definite] feeling the intense stretch from [PREY_definite] in [PREDATOR_possessive] [RV2_bodypart],li,RulePackDefs\RulePacks_Tales_Types.xml,def,<ALIMT >(PH_5)</ALIMT><ALIMT >(PH_4)</ALIMT> feeling the intense stretch from <ALIMT >(PH_3)</ALIMT> in <ALIMT >(PH_2)</ALIMT> <ALIMT >(PH_1)</ALIMT>,RV2_init_image->[PREDATOR_definite]感到这强烈的伸展于[PREY_definite]于[PREDATOR_possessive][RV2_bodypart]
RV2_Type_Cock.rulePack.rulesStrings.10,RV2_init_desc_sentence->[PREDATOR_definite] wonders how many millimeters [PREY_definite] is at [PREY_possessive] widest.,li,RulePackDefs\RulePacks_Tales_Types.xml,def,<ALIMT >(PH_4)</ALIMT><ALIMT >(PH_3)</ALIMT> wonders how many millimeters <ALIMT >(PH_2)</ALIMT> is at <ALIMT >(PH_1)</ALIMT> widest.,RV2_init_desc_sentence->[PREDATOR_definite]想知道多少毫米[PREY_definite]处于[PREY_possessive]最宽处。
RV2_Type_Cock.rulePack.rulesStrings.11,RV2_init_desc_sentence->[PREDATOR_definite] measures the diameter of [PREY_definite] for [PREDATOR_possessive] records.,li,RulePackDefs\RulePacks_Tales_Types.xml,def,<ALIMT >(PH_4)</ALIMT><ALIMT >(PH_3)</ALIMT> measures the diameter of <ALIMT >(PH_2)</ALIMT> for <ALIMT >(PH_1)</ALIMT> records.,RV2_init_desc_sentence->[PREDATOR_definite]测量的直径[PREY_definite]与[PREDATOR_possessive]记录。
RV2_Type_Cock.rulePack.rulesStrings.12,RV2_exit_predVerb->cumming out,li,RulePackDefs\RulePacks_Tales_Types.xml,def,<ALIMT >(PH_1)</ALIMT>cumming out,RV2_exit_predVerb->目击结束
RV2_Type_Cock.rulePack.rulesStrings.13,RV2_exit_predVerb->ejaculating,li,RulePackDefs\RulePacks_Tales_Types.xml,def,<ALIMT >(PH_1)</ALIMT>ejaculating,RV2_exit_predVerb->射精
RV2_Type_Cock.rulePack.rulesStrings.14,RV2_exit_preyVerb->being cum out by,li,RulePackDefs\RulePacks_Tales_Types.xml,def,<ALIMT >(PH_1)</ALIMT>being <ALIMT >cum</ALIMT> out by,RV2_exit_preyVerb->被精液在附近
RV2_Type_Cock.rulePack.rulesStrings.15,RV2_exit_preyVerb->being ejaculated by,li,RulePackDefs\RulePacks_Tales_Types.xml,def,<ALIMT >(PH_1)</ALIMT>being ejaculated by,RV2_exit_preyVerb->被射精
RV2_Type_Cock.rulePack.rulesStrings.16,RV2_exit_image->[PREY_definite] emerging from the [RV2_bodypart] of [PREDATOR_definite],li,RulePackDefs\RulePacks_Tales_Types.xml,def,<ALIMT >(PH_4)</ALIMT><ALIMT >(PH_3)</ALIMT> emerging from the <ALIMT >(PH_2)</ALIMT> of <ALIMT >(PH_1)</ALIMT>,RV2_exit_image->[PREY_definite]从[RV2_bodypart]来自[PREDATOR_definite]
RV2_Type_Cock.rulePack.rulesStrings.17,RV2_exit_image->[PREY_definite] flying out of the [RV2_bodypart] of [PREDATOR_definite] at great speed,li,RulePackDefs\RulePacks_Tales_Types.xml,def,<ALIMT >(PH_4)</ALIMT><ALIMT >(PH_3)</ALIMT> flying out of the <ALIMT >(PH_2)</ALIMT> of <ALIMT >(PH_1)</ALIMT> at great speed,RV2_exit_image->[PREY_definite]飞出[RV2_bodypart]来自[PREDATOR_definite]极快
RV2_Type_Cock.rulePack.rulesStrings.18,RV2_exit_desc_sentence->[PREDATOR_definite] feels a profound emptiness now that [PREY_definite] is out.,li,RulePackDefs\RulePacks_Tales_Types.xml,def,<ALIMT >(PH_3)</ALIMT><ALIMT >(PH_2)</ALIMT> feels a profound emptiness now that <ALIMT >(PH_1)</ALIMT> is out.,RV2_exit_desc_sentence->[PREDATOR_definite]感到极度的空虚[PREY_definite]已退出。
RV2_Type_Nipple.rulePack.rulesStrings.0,extraSentencePack->[INITIATOR_nameDef] is using [INITIATOR_possessive] [RV2_bodypart] to vore,li,RulePackDefs\RulePacks_Tales_Types.xml,def,<ALIMT >(PH_4)</ALIMT><ALIMT >(PH_3)</ALIMT> is using <ALIMT >(PH_2)</ALIMT> <ALIMT >(PH_1)</ALIMT> to <ALIMT >vore</ALIMT>,extraSentencePack->[INITIATOR_nameDef]正在使用[INITIATOR_possessive][RV2_bodypart]到吃人
RV2_Type_Nipple.rulePack.rulesStrings.1,RV2_addendum->to give [PREY_definite] a milk bath,li,RulePackDefs\RulePacks_Tales_Types.xml,def,<ALIMT >(PH_2)</ALIMT>to give <ALIMT >(PH_1)</ALIMT> a milk bath,RV2_addendum->给予[PREY_definite]洗牛奶浴
RV2_Type_Nipple.rulePack.rulesStrings.2,RV2_init_predVerb->unnursing,li,RulePackDefs\RulePacks_Tales_Types.xml,def,<ALIMT >(PH_1)</ALIMT>unnursing,RV2_init_predVerb->失去照顾
RV2_Type_Nipple.rulePack.rulesStrings.3,RV2_bodypart->nipple,li,RulePackDefs\RulePacks_Tales_Types.xml,def,<ALIMT >(PH_1)</ALIMT><ALIMT >nipple</ALIMT>,RV2_bodypart->乳头
RV2_Type_Nipple.rulePack.rulesStrings.4,RV2_init_preyVerb->being unnused,li,RulePackDefs\RulePacks_Tales_Types.xml,def,<ALIMT >(PH_1)</ALIMT>being unnused,RV2_init_preyVerb->未被使用
RV2_Type_Nipple.rulePack.rulesStrings.5,RV2_init_image->[PREDATOR_definite] nursing [PREY_definite] from [PREDATOR_possessive] [RV2_bodypart] before [RV2_init_preyVerb] [RV2_pronoun],li,RulePackDefs\RulePacks_Tales_Types.xml,def,<ALIMT >(PH_7)</ALIMT><ALIMT >(PH_6)</ALIMT> nursing <ALIMT >(PH_5)</ALIMT> from <ALIMT >(PH_4)</ALIMT> <ALIMT >(PH_3)</ALIMT> before <ALIMT >(PH_2)</ALIMT> <ALIMT >(PH_1)</ALIMT>,RV2_init_image->[PREDATOR_definite]哺育[PREY_definite]来自[PREDATOR_possessive][RV2_bodypart]之前[RV2_init_preyVerb][RV2_pronoun]
RV2_Type_Nipple.rulePack.rulesStrings.6,RV2_exit_predVerb->milking out,li,RulePackDefs\RulePacks_Tales_Types.xml,def,<ALIMT >(PH_1)</ALIMT><ALIMT >milking</ALIMT> out,RV2_exit_predVerb->milkingOut
RV2_Type_Nipple.rulePack.rulesStrings.7,RV2_exit_predVerb->squeezing out,li,RulePackDefs\RulePacks_Tales_Types.xml,def,<ALIMT >(PH_1)</ALIMT>squeezing out,RV2_exit_predVerb->被挤出
RV2_Type_Nipple.rulePack.rulesStrings.8,RV2_exit_preyVerb->being milked out by,li,RulePackDefs\RulePacks_Tales_Types.xml,def,<ALIMT >(PH_1)</ALIMT>being milked out by,RV2_exit_preyVerb->被产出
RV2_Type_Nipple.rulePack.rulesStrings.9,RV2_exit_preyVerb->being squeezed out by,li,RulePackDefs\RulePacks_Tales_Types.xml,def,<ALIMT >(PH_1)</ALIMT>being squeezed out by,RV2_exit_preyVerb->被挤出
RV2_ExternalEjectChance.label,Eject chance,label,StatDefs\Misc.xml,def,Eject chance,弹出几率
RV2_ExternalEjectChance.description,The likelihood that this pawn can successfully force another predator to eject their prey.,description,StatDefs\Misc.xml,def,The likelihood that this <ALIMT >(PH_1)</ALIMT> can successfully force another predator to eject their prey.,这个的可能性pawn可以成功地迫使另一名捕食者弹出他们的猎物。
RV2_DigestionStrength.label,Digestion Strength,label,StatDefs\QuirkStats.xml,def,Digestion Strength,消化能力
RV2_DigestionStrength.description,The speed at which a pawn is capable of digesting their prey,description,StatDefs\QuirkStats.xml,def,The speed at which a <ALIMT >(PH_1)</ALIMT> is capable of digesting their prey,速度pawn能够消化猎物
RV2_DigestionResistance.label,Digestion Weakness,label,StatDefs\QuirkStats.xml,def,Digestion Weakness,消化能力弱
RV2_DigestionResistance.description,The speed at which other pawns can digest this pawn,description,StatDefs\QuirkStats.xml,def,The speed at which other pawns can digest this <ALIMT >(PH_1)</ALIMT>,消化此生物的速度。pawn
RV2_SwallowSpeed.label,Swallowing/Ejection speed,label,StatDefs\QuirkStats.xml,def,Swallowing/Ejection speed,吞咽/弹出速度
RV2_SwallowSpeed.description,The speed at which this pawn can swallow or eject their prey,description,StatDefs\QuirkStats.xml,def,The speed at which this <ALIMT >(PH_1)</ALIMT> can swallow or eject their prey,该物体的速度pawn可以吞下或弹出猎物
RV2_Persuasiveness.label,Proposal persuasiveness,label,StatDefs\QuirkStats.xml,def,Proposal persuasiveness,提案说服力
RV2_Persuasiveness.description,The acceptance modifier for Proposals made by this pawn,description,StatDefs\QuirkStats.xml,def,The acceptance modifier for Proposals made by this <ALIMT >(PH_1)</ALIMT>,对此提议的接受修改器pawn
RV2_Capacity.label,Vore capacity,label,StatDefs\QuirkStats.xml,def,<ALIMT >vore</ALIMT> capacity,吃人容量
RV2_Capacity.description,The total body size that this pawn can vore,description,StatDefs\QuirkStats.xml,def,The total body size that this <ALIMT >(PH_1)</ALIMT> can <ALIMT >vore</ALIMT>,这个人的总体体型pawn罐吃人
RV2_GrappleChance.label,Grapple Chance,label,StatDefs\QuirkStats.xml,def,Grapple Chance,格斗几率
RV2_GrappleChance.description,The likelihood of the pawn initiating a vore grapple in melee combat.,description,StatDefs\QuirkStats.xml,def,The likelihood of the <ALIMT >(PH_1)</ALIMT> initiating a <ALIMT >vore</ALIMT> grapple in melee combat.,可能性pawn初始化一个吃人近战格斗。
RV2_GrappleStrength_General.label,Grapple Ability,label,StatDefs\QuirkStats.xml,def,Grapple Ability,格斗能力
RV2_GrappleStrength_General.description,The pawns ability to handle themself in a vore grapple,description,StatDefs\QuirkStats.xml,def,The pawns ability to handle themself in a <ALIMT >vore</ALIMT> grapple,Pawns 在一个吃人格斗
RV2_GrappleStrength_Attacker.label,Grapple Attack,label,StatDefs\QuirkStats.xml,def,Grapple Attack,格斗攻击
RV2_GrappleStrength_Attacker.description,The pawns capability to overpower their opponent in a vore grapple,description,StatDefs\QuirkStats.xml,def,The pawns capability to overpower their opponent in a <ALIMT >vore</ALIMT> grapple,Pawns 能够在一个吃人格斗
RV2_GrappleStrength_Defender.label,Grapple Defense,label,StatDefs\QuirkStats.xml,def,Grapple Defense,格斗防御
RV2_GrappleStrength_Defender.description,The pawns capability to withstand their opponent in a vore grapple,description,StatDefs\QuirkStats.xml,def,The pawns capability to withstand their opponent in a <ALIMT >vore</ALIMT> grapple,Pawns 承受对手攻击的能力吃人格斗
Vore.label,Vore,label,StatDefs\StatCategories.xml,def,<ALIMT >vore</ALIMT>,吃人
RV2_FertilizedSoil.label,fertilized soil,label,TerrainDefs\Terrains_Fertilized.xml,def,fertilized soil,已受精的土地
RV2_FertilizedSoil.tools.0.label,fertilized soil,label,TerrainDefs\Terrains_Fertilized.xml,def,fertilized soil,已受精的土地
RV2_FertilizerIngredient.label,fertilizer ingredients,label,ThingCategoryDefs\ThingCategories.xml,def,fertilizer ingredients,肥料原料
RV2_VoreProductContainer.label,Vore product containers,label,ThingCategoryDefs\ThingCategories.xml,def,<ALIMT >vore</ALIMT> product containers,吃人产品容器
RV2_ReleaseSpotProduct.label,vore product spot,label,ThingDefs\Buildings_ReleaseSpot.xml,def,<ALIMT >vore</ALIMT> product spot,吃人产品点
RV2_ReleaseSpotProduct.description,"Designates a spot for releasing vore products with dead prey.\nThese spots are only used for automatic vore release, not forced ejection.",description,ThingDefs\Buildings_ReleaseSpot.xml,def,"Designates a spot for releasing <ALIMT >vore</ALIMT> products with dead prey.<ALIMT >(PH_1)</ALIMT>These spots are only used for automatic <ALIMT >vore</ALIMT> release, not <ALIMT >forced</ALIMT> ejection.","指定一个放生点吃人带有猎物尸体的产物。
这些地点仅用于自动吃人释放，不强迫弹出。"
RV2_ReleaseSpotPawn.label,prey release spot,label,ThingDefs\Buildings_ReleaseSpot.xml,def,prey release spot,猎物释放点
RV2_ReleaseSpotPawn.description,"Designates a spot for releasing living pawns from vore.\nThese spots are only used for automatic vore release, not forced ejection.",description,ThingDefs\Buildings_ReleaseSpot.xml,def,"Designates a spot for releasing living pawns from <ALIMT >vore</ALIMT>.<ALIMT >(PH_1)</ALIMT>These spots are only used for automatic <ALIMT >vore</ALIMT> release, not <ALIMT >forced</ALIMT> ejection.","指定一个放生地点吃人
这些地点仅用于自动吃人释放，不强迫弹出。"
RV2_DisposalUrn.label,disposal urn,label,ThingDefs\Things_DisposalUrns.xml,def,disposal urn,处置瓮
RV2_DisposalUrn.description,An urn designed to hold digested pawns.,description,ThingDefs\Things_DisposalUrns.xml,def,An urn designed to hold digested pawns.,一个用来装被消化的尸体的瓮。
RV2_DestroyedImplant.label,digested implant,label,ThingDefs\Things_Misc.xml,def,digested implant,被消化的植入物
RV2_DestroyedImplant.description,This implant did not withstand the harsh environment of someones insides. You can destroy this at a Machining Table to regain some materials.,description,ThingDefs\Things_Misc.xml,def,This implant did not withstand the harsh environment of someones insides. You can destroy this at a Machining Table to regain some materials.,这种植入物无法承受某人体内的恶劣环境。你可以在机械加工台上销毁它以回收一些材料。
RV2_DisassembleDigestedImplant.label,disassemble implant remains,label,ThingDefs\Things_Misc.xml,def,disassemble implant remains,拆卸植入物残骸
RV2_DisassembleDigestedImplant.description,Disassemble implants that were destroyed during fatal vore.,description,ThingDefs\Things_Misc.xml,def,Disassemble implants that were destroyed during fatal <ALIMT >vore</ALIMT>.,拆解在死亡期间被摧毁的植入物吃人
RV2_DisassembleDigestedImplant.jobString,Disassembling implant.,jobString,ThingDefs\Things_Misc.xml,def,Disassembling implant.,正在拆卸植入物。
RV2_Sculpture_Sack.label,Ambiguous Sculpture,label,ThingDefs\Things_Sculptures.xml,def,Ambiguous Sculpture,模糊的雕塑
RV2_Sculpture_Bones.label,Bones Sculpture,label,ThingDefs\Things_Sculptures.xml,def,Bones Sculpture,骨骼雕塑
RV2_Sculpture_Condom.label,Condom Sculpture,label,ThingDefs\Things_Sculptures.xml,def,<ALIMT >condom</ALIMT> Sculpture,塑料套，旨在保护使用者和其伙伴免受不必要的性病以及怀孕。雕塑
RV2_Sculpture_Jug.label,Jug Sculpture,label,ThingDefs\Things_Sculptures.xml,def,Jug Sculpture,水罐雕塑
RV2_Sculpture_Scat.label,Scat Sculpture,label,ThingDefs\Things_Sculptures.xml,def,<ALIMT >scat</ALIMT> Sculpture,粪便💩雕塑
RV2_GoalEnabler_ConvertLube.label,Lubrifactive enzyme seeder,label,ThingDefs\Things_VoreEnablers.xml,def,Lubrifactive enzyme seeder,Lubrifactive 酵素播种机
RV2_GoalEnabler_ConvertLube.description,"Special mechanites which enable the production of transformative enzymes in the womb, which distill prey into sexual lubricant.",description,ThingDefs\Things_VoreEnablers.xml,def,"Special mechanites which enable the production of transformative enzymes in the womb, which distill prey into <ALIMT >sexual</ALIMT> <ALIMT >lubricant</ALIMT>.",一种特殊的纳米机械，可以在子宫内生产转化酶，并将猎物提炼成sexuallubricant
RV2_GoalEnabler_ConvertMilk.label,Lactifactive enzyme seeder,label,ThingDefs\Things_VoreEnablers.xml,def,Lactifactive enzyme seeder,液化酶播种机
RV2_GoalEnabler_ConvertMilk.description,"Special mechanites which enable the production of transformative enzymes in the breasts, which distill prey into sweet breastmilk.",description,ThingDefs\Things_VoreEnablers.xml,def,"Special mechanites which enable the production of transformative enzymes in the <ALIMT >breasts</ALIMT>, which distill prey into sweet breastmilk.","特殊的纳米机械，能够在乳房,将猎物提炼成甜美的乳房喷出液体（通常是乳汁）。是挤奶的前置标签。。"
RV2_GoalEnabler_ConvertSperm.label,Spermifactive enzyme seeder,label,ThingDefs\Things_VoreEnablers.xml,def,Spermifactive enzyme seeder,受精酶播种机
RV2_GoalEnabler_ConvertSperm.description,"Special mechanites which enable the production of transformative enzymes in the testes, which distill prey into potent sperm.",description,ThingDefs\Things_VoreEnablers.xml,def,"Special mechanites which enable the production of transformative enzymes in the testes, which distill prey into potent <ALIMT >sperm</ALIMT>.",一种特殊的纳米机械，可以在睾丸中产生可转化的酶，并将猎物提炼成强效的精子
RV2_GoalEnabler_Digest.label,Hyperdigestive enzyme seeder,label,ThingDefs\Things_VoreEnablers.xml,def,Hyperdigestive enzyme seeder,过度消化的酶
RV2_GoalEnabler_Digest.description,"Special mechanites which enable the production of powerful digestive enzymes, which enable the digestion of live prey in a timely manner.",description,ThingDefs\Things_VoreEnablers.xml,def,"Special mechanites which enable the production of powerful digestive enzymes, which enable the digestion of live prey in a timely manner.",能够生产强力消化酶的特殊纳米机械，能够及时消化活的猎物。
RV2_GoalEnabler_TempEndo.label,Internal hospitality adjuster,label,ThingDefs\Things_VoreEnablers.xml,def,Internal hospitality adjuster,内部招待调节器
RV2_GoalEnabler_TempEndo.description,"Special mechanites which adjust airflow, moisture levels, and sanitation within a predator's body to make brief stays comfortable and even pleasurable.",description,ThingDefs\Things_VoreEnablers.xml,def,"Special mechanites which adjust airflow, moisture levels, and sanitation within a predator's body to make brief stays comfortable and even pleasurable.",这种特殊的纳米机械可以在短时间内调节捕食者体内的气流、湿度和卫生设施，使其感到舒适甚至愉悦。
RV2_GoalEnabler_Store.label,Internal hospitality adjuster,label,ThingDefs\Things_VoreEnablers.xml,def,Internal hospitality adjuster,内部招待调节器
RV2_GoalEnabler_Store.description,"Special mechanites which adjust airflow, moisture levels, and sanitation within a predator's body to make prolonged stays comfortable and even pleasurable.",description,ThingDefs\Things_VoreEnablers.xml,def,"Special mechanites which adjust airflow, moisture levels, and sanitation within a predator's body to make prolonged stays comfortable and even pleasurable.",这种特殊的纳米机械可以调节捕食者的气流，水份和身体卫生状况，使其长时间的保持舒适甚至愉悦。
RV2_GoalEnabler_Heal.label,Regenerative gland,label,ThingDefs\Things_VoreEnablers.xml,def,Regenerative gland,再生腺体
RV2_GoalEnabler_Heal.description,A special gland that circulates regenerative nanites in the predators bloodstream. The predator can control and target these nanites to heal prey.,description,ThingDefs\Things_VoreEnablers.xml,def,A special gland that circulates regenerative nanites in the predators bloodstream. The predator can control and target these nanites to heal prey.,一个特殊的腺体，用于在捕食者血液中循环再生纳米粒子。捕食者可以控制并瞄准这些纳米机械来治愈猎物。
RV2_GoalEnabler_Reform.label,Reproductive adjuster,label,ThingDefs\Things_VoreEnablers.xml,def,Reproductive adjuster,生殖能力调节器
RV2_GoalEnabler_Reform.description,Special mechanites that modify the reproductive genes of the predator. With these prey can be deconstructed down to their genetic material and be reformed with the predators own genes.,description,ThingDefs\Things_VoreEnablers.xml,def,Special mechanites that modify the reproductive genes of the predator. With these prey can be deconstructed down to their genetic material and be reformed with the predators own genes.,可以改变捕食者繁殖基因的特殊纳米机械。随着这些猎物可以被拆除到他们的遗传物质中，并与捕食者自己的基因重组。
RV2_TypeEnabler_Oral.label,Oral elasticizer,label,ThingDefs\Things_VoreEnablers.xml,def,<ALIMT >oral</ALIMT> elasticizer,用嘴弹力器
RV2_TypeEnabler_Oral.description,"Special mechanites which elasticize the tissues of the throat, stomach, lips, and jaw-hinges to grant the power of oral vore.",description,ThingDefs\Things_VoreEnablers.xml,def,"Special mechanites which elasticize the tissues of the throat, stomach, lips, and jaw-hinges to grant the power of <ALIMT >oral</ALIMT> <ALIMT >vore</ALIMT>.",一种特殊的纳米机械，可以使咽喉、胃部、嘴唇和颌肢的组织拥有弹性，赋予oralvore
RV2_TypeEnabler_Anal.label,Anal elasticizer,label,ThingDefs\Things_VoreEnablers.xml,def,<ALIMT >anal</ALIMT> elasticizer,肛门弹力器
RV2_TypeEnabler_Anal.description,"Special mechanites which elasticize the tissues of the anus, intestines, and stomach to grant the power of anal vore.",description,ThingDefs\Things_VoreEnablers.xml,def,"Special mechanites which elasticize the tissues of the <ALIMT >anus</ALIMT>, intestines, and stomach to grant the power of <ALIMT >anal</ALIMT> <ALIMT >vore</ALIMT>.",一种能对人体内的组织进行弹性化的特殊纳米机械。肛门、肠胃和胃的力量analvore
RV2_TypeEnabler_Vaginal.label,Vaginal elasticizer,label,ThingDefs\Things_VoreEnablers.xml,def,<ALIMT >vaginal</ALIMT> elasticizer,阴道弹力器
RV2_TypeEnabler_Vaginal.description,"Special mechanites which elasticize the tissues of the vagina, womb, ovaries, and other parts of the bearer reproductive system to grant the power of vaginal vore.",description,ThingDefs\Things_VoreEnablers.xml,def,"Special mechanites which elasticize the tissues of the <ALIMT >vagina</ALIMT>, womb, ovaries, and other parts of the bearer reproductive system to grant the power of <ALIMT >vaginal</ALIMT> <ALIMT >vore</ALIMT>.","一种能对人体内的组织进行弹性化的特殊纳米机械。阴道,子宫，卵巢，和其他部分的延续生殖系统的权力给予vaginalvore"
RV2_TypeEnabler_Cock.label,Penile elasticizer,label,ThingDefs\Things_VoreEnablers.xml,def,Penile elasticizer,阴茎弹力器
RV2_TypeEnabler_Cock.description,"Special mechanites which elasticize the tissues of the urethra, testes, and other parts of the sire reproductive system to grant the power of cock vore.",description,ThingDefs\Things_VoreEnablers.xml,def,"Special mechanites which elasticize the tissues of the urethra, testes, and other parts of the sire reproductive system to grant the power of cock <ALIMT >vore</ALIMT>.",一种特殊的纳米机械，可以使尿道、睾丸和生殖系统的其他部分的组织得到弹性，从而赋予公鸡的力量吃人
RV2_TypeEnabler_Nipple.label,Nipple elasticizer,label,ThingDefs\Things_VoreEnablers.xml,def,<ALIMT >nipple</ALIMT> elasticizer,乳头弹力器
RV2_TypeEnabler_Nipple.description,"Special mechanites which elasticize the tissues of the nipples, breasts, and mammary glands to grant the power of nipple vore.",description,ThingDefs\Things_VoreEnablers.xml,def,"Special mechanites which elasticize the tissues of the <ALIMT >nipples</ALIMT>, <ALIMT >breasts</ALIMT>, and mammary glands to grant the power of <ALIMT >nipple</ALIMT> <ALIMT >vore</ALIMT>.","一种能对人体内的组织进行弹性化的特殊纳米机械。乳头,乳房,和乳腺赋予nipplevore"
RV2_Resource_Cum.label,Cummified pawn,label,ThingDefs\Things_VoreProduct.xml,def,Cummified <ALIMT >(PH_1)</ALIMT>,损坏pawn
RV2_Resource_Cum.description,"What was once a living being, rendered into delicious cum.\nDrinkable.",description,ThingDefs\Things_VoreProduct.xml,def,"What was once a living being, rendered into delicious <ALIMT >cum</ALIMT>.<ALIMT >(PH_1)</ALIMT>Drinkable.","曾经是什么生物，呈现为美味精液
可饮用的。"
RV2_Resource_Milk.label,Milkified pawn,label,ThingDefs\Things_VoreProduct.xml,def,Milkified <ALIMT >(PH_1)</ALIMT>,收取pawn
RV2_Resource_Milk.description,"What was once a living being, rendered into delicious milk.\Drinkable.",description,ThingDefs\Things_VoreProduct.xml,def,"What was once a living being, rendered into delicious milk.\Drinkable.",曾经是生物的东西，被制成美味的牛奶。\ n 可饮用。
RV2_Resource_Scat.label,Scat,label,ThingDefs\Things_VoreProduct.xml,def,<ALIMT >scat</ALIMT>,粪便💩
RV2_Resource_Scat.description,The reeking remnants of a digested living being.\nYou can make fertilizer out of this at a crafting spot.,description,ThingDefs\Things_VoreProduct.xml,def,The reeking remnants of a digested living being.<ALIMT >(PH_1)</ALIMT>You can make fertilizer out of this at a crafting spot.,"被消化的生物残存的恶臭。
你可以在手工加工点制作肥料。"
RV2_Resource_Bones.label,Bones,label,ThingDefs\Things_VoreProduct.xml,def,Bones,骷髅
RV2_Resource_Bones.description,The acid-bleached bones of a digested living being.\nYou can make fertilizer out of this at a crafting spot.,description,ThingDefs\Things_VoreProduct.xml,def,The acid-bleached bones of a digested living being.<ALIMT >(PH_1)</ALIMT>You can make fertilizer out of this at a crafting spot.,"被酸蚀过的活人的骨头。
你可以在手工加工点制作肥料。"
RV2_Manufactured_Fertilizer.label,Fertilizer,label,ThingDefs\Things_VoreProduct.xml,def,Fertilizer,肥料
RV2_Manufactured_Fertilizer.description,This sack contains nutritious soil and can be used to build fertilized soil.,description,ThingDefs\Things_VoreProduct.xml,def,This sack contains nutritious soil and can be used to build fertilized soil.,这个袋子装有营养丰富的土壤，可以用来建造受精的土壤。
RV2_Container_Sack.description,"A digested pawn's remains, neatly bundled in a sack, to retrieve any undigested items later.",description,ThingDefs\Things_VoreProductContainers.xml,def,"A digested <ALIMT >(PH_1)</ALIMT>'s remains, neatly bundled in a sack, to retrieve any undigested items later.",一个被消化的pawn的残骸，整齐地捆在一个袋子里，以后可以取回任何未消化的物品。
RV2_Container_Sack.label,Sack,label,ThingDefs\Things_VoreProductContainers.xml,def,Sack,麻袋
RV2_Container_Bones.description,A pile of bones which used to be a pawn. You can dig around in it to retrieve undigested items.,description,ThingDefs\Things_VoreProductContainers.xml,def,A pile of bones which used to be a <ALIMT >(PH_1)</ALIMT>. You can dig around in it to retrieve undigested items.,一堆曾经是pawn你可以在里面四处挖掘，取出未消化的物品。
RV2_Container_Bones.label,Bones,label,ThingDefs\Things_VoreProductContainers.xml,def,Bones,骷髅
RV2_Container_LubePuddle.description,"A thick puddle of cunt-juice, in which a number of undigested items may float.",description,ThingDefs\Things_VoreProductContainers.xml,def,"A thick puddle of cunt-juice, in which a number of undigested items may float.",一滩毒液，里面可能会漂浮一些未消化的物品。
RV2_Container_LubePuddle.label,Lube puddle,label,ThingDefs\Things_VoreProductContainers.xml,def,<ALIMT >lube</ALIMT> puddle,润滑油水洼
RV2_Container_Condom.description,"A condom full of cummified pawn, tied off for late retrieval of undigested items.",description,ThingDefs\Things_VoreProductContainers.xml,def,"A <ALIMT >condom</ALIMT> full of cummified <ALIMT >(PH_1)</ALIMT>, tied off for late retrieval of undigested items.","Acondom充满了腐烂的垃圾pawn,因后期检索未消化的物品而被束缚。"
RV2_Container_Condom.label,Condom,label,ThingDefs\Things_VoreProductContainers.xml,def,<ALIMT >condom</ALIMT>,塑料套，旨在保护使用者和其伙伴免受不必要的性病以及怀孕。
RV2_Container_CumPuddle.description,"A thick puddle of cum, in which a number of undigested items may float.",description,ThingDefs\Things_VoreProductContainers.xml,def,"A thick puddle of <ALIMT >cum</ALIMT>, in which a number of undigested items may float.","一滩厚厚的精液,一些未消化的物品可能会漂浮在其中。"
RV2_Container_CumPuddle.label,Cum puddle,label,ThingDefs\Things_VoreProductContainers.xml,def,<ALIMT >cum</ALIMT> puddle,精液水洼
RV2_Container_MilkJug.description,A jug of milk that used to be a living thing. You can rummage around in it to retrieve undigested items.,description,ThingDefs\Things_VoreProductContainers.xml,def,A jug of milk that used to be a living thing. You can rummage around in it to retrieve undigested items.,一壶曾经是生物的牛奶。你可以在里面四处翻找以回收未消化的物品。
RV2_Container_MilkJug.label,Jug,label,ThingDefs\Things_VoreProductContainers.xml,def,Jug,赫
RV2_Container_MilkPuddle.description,"Twinly-puddled milk, in which a number of undigested items may float.",description,ThingDefs\Things_VoreProductContainers.xml,def,"Twinly-puddled milk, in which a number of undigested items may float.",含有一定量未消化物的双亲奶。
RV2_Container_MilkPuddle.label,Milk puddle,label,ThingDefs\Things_VoreProductContainers.xml,def,Milk puddle,奶水
RV2_Container_Scat.description,"The reeking aftermath of digestion. If you're okay with getting your hands dirty, you can dig around in it to retrieve undigested items.",description,ThingDefs\Things_VoreProductContainers.xml,def,"The reeking aftermath of digestion. If you're okay with getting your hands dirty, you can dig around in it to retrieve undigested items.",消化产生的恶臭。如果你可以把手弄脏，你可以在里面四处挖掘以回收未消化的物品。
RV2_Container_Scat.label,Scat,label,ThingDefs\Things_VoreProductContainers.xml,def,<ALIMT >scat</ALIMT>,粪便💩
RV2_Container_None.description,This item does not exist and is merely a visible indicator for directly excreting the vore products.,description,ThingDefs\Things_VoreProductContainers.xml,def,This item does not exist and is merely a visible indicator for directly excreting the <ALIMT >vore</ALIMT> products.,该物品不存在，仅是直接排泄吃人产品。
RV2_Container_None.label,None,label,ThingDefs\Things_VoreProductContainers.xml,def,None,无
RV2_ConsumedDigestedPrey_Cum.stages.0.label,Drank cumgested pawn,label,ThoughtDefs\Thoughts_Memory_ConsumedVoreProduct.xml,def,Drank cumgested <ALIMT >(PH_1)</ALIMT>,喝了塞满垃圾的酒pawn
RV2_ConsumedDigestedPrey_Cum.stages.0.description,Tastes alright.,description,ThoughtDefs\Thoughts_Memory_ConsumedVoreProduct.xml,def,Tastes alright.,味道还可以。
RV2_ConsumedDigestedPrey_Cum_VeryGood.stages.0.label,Loved drinking cumgested pawn,label,ThoughtDefs\Thoughts_Memory_ConsumedVoreProduct.xml,def,Loved drinking cumgested <ALIMT >(PH_1)</ALIMT>,醉心于酗酒pawn
RV2_ConsumedDigestedPrey_Cum_VeryGood.stages.0.description,Heavenly seed!,description,ThoughtDefs\Thoughts_Memory_ConsumedVoreProduct.xml,def,Heavenly seed!,神圣的种子!
RV2_ConsumedDigestedPrey_Cum_Good.stages.0.label,Liked drinking cumgested pawn,label,ThoughtDefs\Thoughts_Memory_ConsumedVoreProduct.xml,def,Liked drinking cumgested <ALIMT >(PH_1)</ALIMT>,喜欢喝脏东西pawn
RV2_ConsumedDigestedPrey_Cum_Good.stages.0.description,Delicious batter!,description,ThoughtDefs\Thoughts_Memory_ConsumedVoreProduct.xml,def,Delicious batter!,面糊味道不错!
RV2_ConsumedDigestedPrey_Cum_Bad.stages.0.label,Disliked drinking cumgested pawn,label,ThoughtDefs\Thoughts_Memory_ConsumedVoreProduct.xml,def,Disliked drinking cumgested <ALIMT >(PH_1)</ALIMT>,厌恶过量饮酒pawn
RV2_ConsumedDigestedPrey_Cum_Bad.stages.0.description,"Yuck, slimy.",description,ThoughtDefs\Thoughts_Memory_ConsumedVoreProduct.xml,def,"Yuck, slimy.",恶心，发粘了。
RV2_ConsumedDigestedPrey_Cum_VeryBad.stages.0.label,Hated drinking cumgested pawn,label,ThoughtDefs\Thoughts_Memory_ConsumedVoreProduct.xml,def,Hated drinking cumgested <ALIMT >(PH_1)</ALIMT>,厌恶过量饮酒pawn
RV2_ConsumedDigestedPrey_Cum_VeryBad.stages.0.description,I'm gonna be sick.,description,ThoughtDefs\Thoughts_Memory_ConsumedVoreProduct.xml,def,I'm gonna be sick.,我会生病的。
RV2_ConsumedDigestedPrey_Milk.stages.0.label,Drank lactified pawn,label,ThoughtDefs\Thoughts_Memory_ConsumedVoreProduct.xml,def,Drank lactified <ALIMT >(PH_1)</ALIMT>,喝了裂解液pawn
RV2_ConsumedDigestedPrey_Milk.stages.0.description,Tastes like milk.,description,ThoughtDefs\Thoughts_Memory_ConsumedVoreProduct.xml,def,Tastes like milk.,尝起来像牛奶。
RV2_ConsumedDigestedPrey_Milk_VeryGood.stages.0.label,Loved drinking lactified pawn,label,ThoughtDefs\Thoughts_Memory_ConsumedVoreProduct.xml,def,Loved drinking lactified <ALIMT >(PH_1)</ALIMT>,喜爱饮用裂解品pawn
RV2_ConsumedDigestedPrey_Milk_VeryGood.stages.0.description,Like drinking from the tits of a god!,description,ThoughtDefs\Thoughts_Memory_ConsumedVoreProduct.xml,def,Like drinking from the tits of a god!,就像喝了神仙的奶!
RV2_ConsumedDigestedPrey_Milk_Good.stages.0.label,Liked drinking lactified pawn,label,ThoughtDefs\Thoughts_Memory_ConsumedVoreProduct.xml,def,Liked drinking lactified <ALIMT >(PH_1)</ALIMT>,喜欢喝乳酸咖啡pawn
RV2_ConsumedDigestedPrey_Milk_Good.stages.0.description,Such rich flavor!,description,ThoughtDefs\Thoughts_Memory_ConsumedVoreProduct.xml,def,Such rich flavor!,如此浓郁的风味!
RV2_ConsumedDigestedPrey_Milk_Bad.stages.0.label,Disliked drinking lactified pawn,label,ThoughtDefs\Thoughts_Memory_ConsumedVoreProduct.xml,def,Disliked drinking lactified <ALIMT >(PH_1)</ALIMT>,反感饮用 (已裂解)pawn
RV2_ConsumedDigestedPrey_Milk_Bad.stages.0.description,Tasts a little... meaty.,description,ThoughtDefs\Thoughts_Memory_ConsumedVoreProduct.xml,def,Tasts a little... meaty.,有点.多肉的。
RV2_ConsumedDigestedPrey_Milk_VeryBad.stages.0.label,Hated drinking lactified pawn,label,ThoughtDefs\Thoughts_Memory_ConsumedVoreProduct.xml,def,Hated drinking lactified <ALIMT >(PH_1)</ALIMT>,讨厌喝乳酸pawn
RV2_ConsumedDigestedPrey_Milk_VeryBad.stages.0.description,I'm gonna be sick.,description,ThoughtDefs\Thoughts_Memory_ConsumedVoreProduct.xml,def,I'm gonna be sick.,我会生病的。
RV2_FedMePrey_VeryGood.stages.0.label,fed me prey in a way I really enjoy,label,ThoughtDefs\Thoughts_Memory_Feeder_Social.xml,def,fed me prey in a way I really enjoy,以我真正喜欢的方式喂养我
RV2_FedMePrey_Good.stages.0.label,fed me prey in a way I like,label,ThoughtDefs\Thoughts_Memory_Feeder_Social.xml,def,fed me prey in a way I like,用我喜欢的方式喂养我
RV2_FedMePrey_Bad.stages.0.label,fed me prey in a way I don't like,label,ThoughtDefs\Thoughts_Memory_Feeder_Social.xml,def,fed me prey in a way I don't like,用我不喜欢的方式喂养我
RV2_FedMePrey_VeryBad.stages.0.label,fed me prey in a way I hate,label,ThoughtDefs\Thoughts_Memory_Feeder_Social.xml,def,fed me prey in a way I hate,以我厌恶的方式喂养了我
RV2_AteHumanlikeMeatDirect_Predator.stages.0.label,raw cannibalism,label,ThoughtDefs\Thoughts_Memory_Food.xml,def,raw cannibalism,吃了生的人肉
RV2_AteHumanlikeMeatDirect_Predator.stages.0.description,I wish they were still kicking...,description,ThoughtDefs\Thoughts_Memory_Food.xml,def,I wish they were still kicking...,我希望他们还在踢腿...
RV2_AteHumanlikeMeatDirectCannibal_Predator.stages.0.label,raw cannibalism,label,ThoughtDefs\Thoughts_Memory_Food.xml,def,raw cannibalism,吃了生的人肉
RV2_AteHumanlikeMeatDirectCannibal_Predator.stages.0.description,"Delicious, but I wish they were still kicking...",description,ThoughtDefs\Thoughts_Memory_Food.xml,def,"Delicious, but I wish they were still kicking...",很好吃，但我希望他们还在踢腿...
RV2_AteHumanlikeMeatAsIngredient_Predator.stages.0.label,cooked cannibalism,label,ThoughtDefs\Thoughts_Memory_Food.xml,def,cooked cannibalism,烹饪食人
RV2_AteHumanlikeMeatAsIngredient_Predator.stages.0.description,I ate a meal made from the meat of another human. What a waste.,description,ThoughtDefs\Thoughts_Memory_Food.xml,def,I ate a meal made from the meat of another human. What a waste.,我吃了一份用人肉做的食物。多么浪费啊。
RV2_AteHumanlikeMeatAsIngredientCannibal_Predator.stages.0.label,cooked cannibalism,label,ThoughtDefs\Thoughts_Memory_Food.xml,def,cooked cannibalism,烹饪食人
RV2_AteHumanlikeMeatAsIngredientCannibal_Predator.stages.0.description,"I ate a meal made from the meat of another human. A bit of a waste, but tasty nonetheless.",description,ThoughtDefs\Thoughts_Memory_Food.xml,def,"I ate a meal made from the meat of another human. A bit of a waste, but tasty nonetheless.",我吃了一份用人肉做的食物。有点浪费，但味道还是不错的。
RV2_AteInsectMeatDirect_ChitinChewer.stages.0.label,ate insect meat,label,ThoughtDefs\Thoughts_Memory_Food.xml,def,ate insect meat,食用虫肉
RV2_AteInsectMeatDirect_ChitinChewer.stages.0.description,"Delicious insect meat! I wish I could have just swallowed the bugger whole, though.",description,ThoughtDefs\Thoughts_Memory_Food.xml,def,"Delicious insect meat! I wish I could have just swallowed the bugger whole, though.",美味的虫肉!不过，我希望我能把这些东西全部吞下。
RV2_AteInsectMeatAsIngredient_ChitinChewer.stages.0.label,ate cooked insect meat,label,ThoughtDefs\Thoughts_Memory_Food.xml,def,ate cooked insect meat,吃了烹饪过的虫肉
RV2_AteInsectMeatAsIngredient_ChitinChewer.stages.0.description,"I ate a meal cooked from gray, slimy insect meat. Tasty, but I'd have loved to swallow it raw and wriggling.",description,ThoughtDefs\Thoughts_Memory_Food.xml,def,"I ate a meal cooked from gray, slimy insect meat. Tasty, but I'd have loved to swallow it raw and wriggling.",我吃了一顿由那种灰灰的发粘的虫肉做成的饭。味道不错，但我更喜欢生吃和蠕动。
RV2_AteCorpse_Predator.stages.0.label,ate raw corpse,label,ThoughtDefs\Thoughts_Memory_Food.xml,def,ate raw corpse,吃了生的尸体
RV2_AteCorpse_Predator.stages.0.description,I ate from a corpse. It really just isn't the same as live vore.,description,ThoughtDefs\Thoughts_Memory_Food.xml,def,I ate from a corpse. It really just isn't the same as live <ALIMT >vore</ALIMT>.,我吃了一具尸体。这真的只是不一样吃人
RV2_SwitchedGoalOnMe_Social.stages.0.label,Forced vore goal change,label,ThoughtDefs\Thoughts_Memory_GoalSwitch.xml,def,<ALIMT >forced</ALIMT> <ALIMT >vore</ALIMT> goal change,forcedvore目标改变
RV2_DietaryQuirkSatisfactionPredator_Animals_VeryGood.stages.0.label,Loved consuming animal prey {0},label,ThoughtDefs\Thoughts_Memory_Quirk.xml,def,Loved consuming animal prey <ALIMT >(PH_1)</ALIMT>,喜爱吞噬动物猎物{0}
RV2_DietaryQuirkSatisfactionPredator_Animals_VeryGood.stages.0.description,All that thrashing gave me a real good massage!,description,ThoughtDefs\Thoughts_Memory_Quirk.xml,def,All that thrashing gave me a real good <ALIMT >massage</ALIMT>!,所有的殴打给了我一个真正的好处按摩不!
RV2_DietaryQuirkSatisfactionPredator_Animals_Good.stages.0.label,Liked consuming animal prey {0},label,ThoughtDefs\Thoughts_Memory_Quirk.xml,def,Liked consuming animal prey <ALIMT >(PH_1)</ALIMT>,喜欢暴饮暴食{0}
RV2_DietaryQuirkSatisfactionPredator_Animals_Good.stages.0.description,Nice and squirmy!,description,ThoughtDefs\Thoughts_Memory_Quirk.xml,def,Nice and squirmy!,身体健康，蠕动能力出色!
RV2_DietaryQuirkSatisfactionPredator_Animals_Bad.stages.0.label,Disliked consuming animal prey {0},label,ThoughtDefs\Thoughts_Memory_Quirk.xml,def,Disliked consuming animal prey <ALIMT >(PH_1)</ALIMT>,厌恶捕食动物的动物{0}
RV2_DietaryQuirkSatisfactionPredator_Animals_Bad.stages.0.description,That was rough going down.,description,ThoughtDefs\Thoughts_Memory_Quirk.xml,def,That was rough going down.,太糟糕了。
RV2_DietaryQuirkSatisfactionPredator_Animals_VeryBad.stages.0.label,Hated consuming animal prey {0},label,ThoughtDefs\Thoughts_Memory_Quirk.xml,def,Hated consuming animal prey <ALIMT >(PH_1)</ALIMT>,憎恨吞噬动物猎物{0}
RV2_DietaryQuirkSatisfactionPredator_Animals_VeryBad.stages.0.description,Absolutely disgusting.,description,ThoughtDefs\Thoughts_Memory_Quirk.xml,def,Absolutely disgusting.,太恶心了。
RV2_DietaryQuirkSatisfactionPredator_Humanoids_VeryGood.stages.0.label,Loved consuming humanoid prey {0},label,ThoughtDefs\Thoughts_Memory_Quirk.xml,def,Loved consuming humanoid prey <ALIMT >(PH_1)</ALIMT>,喜爱吞噬人类猎物{0}
RV2_DietaryQuirkSatisfactionPredator_Humanoids_VeryGood.stages.0.description,People taste so fucking good!,description,ThoughtDefs\Thoughts_Memory_Quirk.xml,def,People taste so fucking good!,人们的味道真他妈的好!
RV2_DietaryQuirkSatisfactionPredator_Humanoids_Good.stages.0.label,Liked consuming humanoid prey {0},label,ThoughtDefs\Thoughts_Memory_Quirk.xml,def,Liked consuming humanoid prey <ALIMT >(PH_1)</ALIMT>,喜欢吞噬人形猎物{0}
RV2_DietaryQuirkSatisfactionPredator_Humanoids_Good.stages.0.description,Nice and smooth.,description,ThoughtDefs\Thoughts_Memory_Quirk.xml,def,Nice and smooth.,非常光滑。
RV2_DietaryQuirkSatisfactionPredator_Humanoids_Bad.stages.0.label,Disliked consuming humanoid prey {0},label,ThoughtDefs\Thoughts_Memory_Quirk.xml,def,Disliked consuming humanoid prey <ALIMT >(PH_1)</ALIMT>,厌恶吞噬的人形猎物{0}
RV2_DietaryQuirkSatisfactionPredator_Humanoids_Bad.stages.0.description,...Does this count as cannibalism?,description,ThoughtDefs\Thoughts_Memory_Quirk.xml,def,...Does this count as cannibalism?,... 这算不算食人吗？
RV2_DietaryQuirkSatisfactionPredator_Humanoids_VeryBad.stages.0.label,Hated consuming humanoid prey {0},label,ThoughtDefs\Thoughts_Memory_Quirk.xml,def,Hated consuming humanoid prey <ALIMT >(PH_1)</ALIMT>,憎恨吞噬人形猎物{0}
RV2_DietaryQuirkSatisfactionPredator_Humanoids_VeryBad.stages.0.description,What am I doing?!,description,ThoughtDefs\Thoughts_Memory_Quirk.xml,def,What am I doing?!,我在做什么？!
RV2_DietaryQuirkSatisfactionPredator_Insectoids_VeryGood.stages.0.label,Loved consuming insectoid prey {0},label,ThoughtDefs\Thoughts_Memory_Quirk.xml,def,Loved consuming insectoid prey <ALIMT >(PH_1)</ALIMT>,喜爱吞食虫族猎物{0}
RV2_DietaryQuirkSatisfactionPredator_Insectoids_VeryGood.stages.0.description,"Oh, that tickles!~",description,ThoughtDefs\Thoughts_Memory_Quirk.xml,def,"Oh, that tickles!~",哦，好痒!~
RV2_DietaryQuirkSatisfactionPredator_Insectoids_Good.stages.0.label,Liked consuming insectoid prey {0},label,ThoughtDefs\Thoughts_Memory_Quirk.xml,def,Liked consuming insectoid prey <ALIMT >(PH_1)</ALIMT>,喜欢食用虫族猎物{0}
RV2_DietaryQuirkSatisfactionPredator_Insectoids_Good.stages.0.description,So juicy and squirmy...~,description,ThoughtDefs\Thoughts_Memory_Quirk.xml,def,So juicy and squirmy...~,多汁而且还能蠕动... ~
RV2_DietaryQuirkSatisfactionPredator_Insectoids_Bad.stages.0.label,Disliked consuming insectoid prey {0},label,ThoughtDefs\Thoughts_Memory_Quirk.xml,def,Disliked consuming insectoid prey <ALIMT >(PH_1)</ALIMT>,厌恶食用虫族猎物{0}
RV2_DietaryQuirkSatisfactionPredator_Insectoids_Bad.stages.0.description,"Oh, that gave me the heebie-jeebies. At least it's done with.",description,ThoughtDefs\Thoughts_Memory_Quirk.xml,def,"Oh, that gave me the heebie-jeebies. At least it's done with.",哦，这让我觉得很不舒服。至少结束了。
RV2_DietaryQuirkSatisfactionPredator_Insectoids_VeryBad.stages.0.label,Hated consuming insectoid prey {0},label,ThoughtDefs\Thoughts_Memory_Quirk.xml,def,Hated consuming insectoid prey <ALIMT >(PH_1)</ALIMT>,憎恨被虫族捕食的动物{0}
RV2_DietaryQuirkSatisfactionPredator_Insectoids_VeryBad.stages.0.description,OH GOD IT'S WRITHING INSIDE ME GET IT OUT GET IT OUT GET IT OUT!,description,ThoughtDefs\Thoughts_Memory_Quirk.xml,def,OH GOD IT'S WRITHING INSIDE ME GET IT OUT GET IT OUT GET IT OUT!,天呐!它在我体内翻腾，把它取出来，取出来，取出来!
RV2_DietaryQuirkSatisfactionPredator_Mechanoids_VeryGood.stages.0.label,Loved consuming mechanoid prey {0},label,ThoughtDefs\Thoughts_Memory_Quirk.xml,def,Loved consuming mechanoid prey <ALIMT >(PH_1)</ALIMT>,喜爱吞噬机械体的猎物{0}
RV2_DietaryQuirkSatisfactionPredator_Mechanoids_VeryGood.stages.0.description,"Take that, tin can!",description,ThoughtDefs\Thoughts_Memory_Quirk.xml,def,"Take that, tin can!",把那个收了，锡罐!
RV2_DietaryQuirkSatisfactionPredator_Mechanoids_Good.stages.0.label,Liked consuming mechanoid prey {0},label,ThoughtDefs\Thoughts_Memory_Quirk.xml,def,Liked consuming mechanoid prey <ALIMT >(PH_1)</ALIMT>,喜欢吞噬机械体猎物{0}
RV2_DietaryQuirkSatisfactionPredator_Mechanoids_Good.stages.0.description,Nice and cold.,description,ThoughtDefs\Thoughts_Memory_Quirk.xml,def,Nice and cold.,好冷。
RV2_DietaryQuirkSatisfactionPredator_Mechanoids_Bad.stages.0.label,Disliked consuming mechanoid prey {0},label,ThoughtDefs\Thoughts_Memory_Quirk.xml,def,Disliked consuming mechanoid prey <ALIMT >(PH_1)</ALIMT>,厌恶吞噬机械体猎物{0}
RV2_DietaryQuirkSatisfactionPredator_Mechanoids_Bad.stages.0.description,Metal isn't food!,description,ThoughtDefs\Thoughts_Memory_Quirk.xml,def,Metal isn't food!,金属不是食物!
RV2_DietaryQuirkSatisfactionPredator_Mechanoids_VeryBad.stages.0.label,Hated consuming mechanoid prey {0},label,ThoughtDefs\Thoughts_Memory_Quirk.xml,def,Hated consuming mechanoid prey <ALIMT >(PH_1)</ALIMT>,憎恨吞噬机械体的猎物{0}
RV2_DietaryQuirkSatisfactionPredator_Mechanoids_VeryBad.stages.0.description,Can't these things explode when they break?!,description,ThoughtDefs\Thoughts_Memory_Quirk.xml,def,Can't these things explode when they break?!,这些东西不能在碎了就爆炸吗？!
RV2_DietaryQuirkSatisfactionPrey_Animals_VeryGood.stages.0.label,Loved being consumed by an animal {0},label,ThoughtDefs\Thoughts_Memory_Quirk.xml,def,Loved being consumed by an animal <ALIMT >(PH_1)</ALIMT>,喜爱被动物吞食{0}
RV2_DietaryQuirkSatisfactionPrey_Animals_VeryGood.stages.0.description,I wanna ride again! Yeehaw!,description,ThoughtDefs\Thoughts_Memory_Quirk.xml,def,I wanna ride again! Yeehaw!,我想再次骑马!耶!
RV2_DietaryQuirkSatisfactionPrey_Animals_Good.stages.0.label,Liked being consumed by an animal {0},label,ThoughtDefs\Thoughts_Memory_Quirk.xml,def,Liked being consumed by an animal <ALIMT >(PH_1)</ALIMT>,喜爱被动物吞食{0}
RV2_DietaryQuirkSatisfactionPrey_Animals_Good.stages.0.description,Ride's over already?,description,ThoughtDefs\Thoughts_Memory_Quirk.xml,def,Ride's over already?,旅程已经结束了？
RV2_DietaryQuirkSatisfactionPrey_Animals_Bad.stages.0.label,Disliked being consumed by an animal {0},label,ThoughtDefs\Thoughts_Memory_Quirk.xml,def,Disliked being consumed by an animal <ALIMT >(PH_1)</ALIMT>,反感被动物吞食{0}
RV2_DietaryQuirkSatisfactionPrey_Animals_Bad.stages.0.description,How degrading...,description,ThoughtDefs\Thoughts_Memory_Quirk.xml,def,How degrading...,多么有辱人格...
RV2_DietaryQuirkSatisfactionPrey_Animals_VeryBad.stages.0.label,Hated being consumed by an animal {0},label,ThoughtDefs\Thoughts_Memory_Quirk.xml,def,Hated being consumed by an animal <ALIMT >(PH_1)</ALIMT>,厌恶被动物吞食{0}
RV2_DietaryQuirkSatisfactionPrey_Animals_VeryBad.stages.0.description,"Filthy, filthy, filthy, filthy!",description,ThoughtDefs\Thoughts_Memory_Quirk.xml,def,"Filthy, filthy, filthy, filthy!",脏，脏!
RV2_DietaryQuirkSatisfactionPrey_Humanoids_VeryGood.stages.0.label,Loved being consumed by a humanoid {0},label,ThoughtDefs\Thoughts_Memory_Quirk.xml,def,Loved being consumed by a humanoid <ALIMT >(PH_1)</ALIMT>,喜欢被人形吞噬{0}
RV2_DietaryQuirkSatisfactionPrey_Humanoids_VeryGood.stages.0.description,I was prey for someone who could appreciate me!,description,ThoughtDefs\Thoughts_Memory_Quirk.xml,def,I was prey for someone who could appreciate me!,我被一个能欣赏我的人捕食!
RV2_DietaryQuirkSatisfactionPrey_Humanoids_Good.stages.0.label,Liked being consumed by a humanoid {0},label,ThoughtDefs\Thoughts_Memory_Quirk.xml,def,Liked being consumed by a humanoid <ALIMT >(PH_1)</ALIMT>,喜爱被人类吞噬{0}
RV2_DietaryQuirkSatisfactionPrey_Humanoids_Good.stages.0.description,I hope I was nice and filling.,description,ThoughtDefs\Thoughts_Memory_Quirk.xml,def,I hope I was nice and filling.,我希望我过得很好，很充实。
RV2_DietaryQuirkSatisfactionPrey_Humanoids_Bad.stages.0.label,Disliked being consumed by a humanoid {0},label,ThoughtDefs\Thoughts_Memory_Quirk.xml,def,Disliked being consumed by a humanoid <ALIMT >(PH_1)</ALIMT>,反感被人形吞噬{0}
RV2_DietaryQuirkSatisfactionPrey_Humanoids_Bad.stages.0.description,I feel used.,description,ThoughtDefs\Thoughts_Memory_Quirk.xml,def,I feel used.,我感觉被利用了。
RV2_DietaryQuirkSatisfactionPrey_Humanoids_VeryBad.stages.0.label,Hated being consumed by a humanoid {0},label,ThoughtDefs\Thoughts_Memory_Quirk.xml,def,Hated being consumed by a humanoid <ALIMT >(PH_1)</ALIMT>,讨厌被人形吞噬{0}
RV2_DietaryQuirkSatisfactionPrey_Humanoids_VeryBad.stages.0.description,"That was abhorrent. Whether or not people should eat other people, they shouldn't do it like that!",description,ThoughtDefs\Thoughts_Memory_Quirk.xml,def,"That was abhorrent. Whether or not people should eat other people, they shouldn't do it like that!",令人厌恶。无论人们是否应该吃别人，他们都不应该这样做!
RV2_DietaryQuirkSatisfactionPrey_Insectoids_VeryGood.stages.0.label,Loved being consumed by an insectoid {0},label,ThoughtDefs\Thoughts_Memory_Quirk.xml,def,Loved being consumed by an insectoid <ALIMT >(PH_1)</ALIMT>,喜欢被虫族吞食{0}
RV2_DietaryQuirkSatisfactionPrey_Insectoids_VeryGood.stages.0.description,"I was, for a moment, one with the hive.",description,ThoughtDefs\Thoughts_Memory_Quirk.xml,def,"I was, for a <ALIMT >moment</ALIMT>, one with the hive.","我曾经，为了一个瞬间,一个与蜂巢在一起。"
RV2_DietaryQuirkSatisfactionPrey_Insectoids_Good.stages.0.label,Liked being consumed by an insectoid {0},label,ThoughtDefs\Thoughts_Memory_Quirk.xml,def,Liked being consumed by an insectoid <ALIMT >(PH_1)</ALIMT>,喜欢被虫族吞食{0}
RV2_DietaryQuirkSatisfactionPrey_Insectoids_Good.stages.0.description,I got to see where the jelly gets made.,description,ThoughtDefs\Thoughts_Memory_Quirk.xml,def,I got to see where the jelly gets made.,我得去看看胶状物是从哪儿弄的。
RV2_DietaryQuirkSatisfactionPrey_Insectoids_Bad.stages.0.label,Disliked being consumed by an insectoid {0},label,ThoughtDefs\Thoughts_Memory_Quirk.xml,def,Disliked being consumed by an insectoid <ALIMT >(PH_1)</ALIMT>,反感被虫族吞食{0}
RV2_DietaryQuirkSatisfactionPrey_Insectoids_Bad.stages.0.description,I am covered in slime and... something sticky. This sucks.,description,ThoughtDefs\Thoughts_Memory_Quirk.xml,def,I am covered in <ALIMT >slime</ALIMT> and... something sticky. This sucks.,我浑身上下史莱姆还有.粘糊糊的东西。糟透了。
RV2_DietaryQuirkSatisfactionPrey_Insectoids_VeryBad.stages.0.label,Hated being consumed by an insectoid {0},label,ThoughtDefs\Thoughts_Memory_Quirk.xml,def,Hated being consumed by an insectoid <ALIMT >(PH_1)</ALIMT>,讨厌被虫族吞食{0}
RV2_DietaryQuirkSatisfactionPrey_Insectoids_VeryBad.stages.0.description,"Gross, gross, gross, gross, gross!",description,ThoughtDefs\Thoughts_Memory_Quirk.xml,def,"Gross, gross, gross, gross, gross!",恶心，恶心!
RV2_DietaryQuirkSatisfactionPrey_Mechanoids_VeryGood.stages.0.label,Loved being consumed by a mechanoid {0},label,ThoughtDefs\Thoughts_Memory_Quirk.xml,def,Loved being consumed by a mechanoid <ALIMT >(PH_1)</ALIMT>,喜爱被机械体吞噬{0}
RV2_DietaryQuirkSatisfactionPrey_Mechanoids_VeryGood.stages.0.description,"That soothing tick and hum, the flexing of the hydraulics...~",description,ThoughtDefs\Thoughts_Memory_Quirk.xml,def,"That soothing tick and hum, the flexing of the hydraulics...~",那令人抚慰的 tick 鸣声，那水力的弯曲... ~
RV2_DietaryQuirkSatisfactionPrey_Mechanoids_Good.stages.0.label,Liked being consumed by a mechanoid {0},label,ThoughtDefs\Thoughts_Memory_Quirk.xml,def,Liked being consumed by a mechanoid <ALIMT >(PH_1)</ALIMT>,喜欢被机械体吞噬{0}
RV2_DietaryQuirkSatisfactionPrey_Mechanoids_Good.stages.0.description,Another hostile environment conquered!,description,ThoughtDefs\Thoughts_Memory_Quirk.xml,def,Another hostile environment conquered!,另一个敌对环境被征服了!
RV2_DispositionQuirkSatisfaction_Predator_VeryGood.stages.0.label,Loved predding for {0},label,ThoughtDefs\Thoughts_Memory_Quirk.xml,def,Loved predding for <ALIMT >(PH_1)</ALIMT>,喜爱捕食{0}
RV2_DispositionQuirkSatisfaction_Predator_VeryGood.stages.0.description,"I'm an apex predator, baby!",description,ThoughtDefs\Thoughts_Memory_Quirk.xml,def,"I'm an apex predator, baby!",我是极致捕食者，宝贝!
RV2_DispositionQuirkSatisfaction_Predator_Good.stages.0.label,Liked predding for {0},label,ThoughtDefs\Thoughts_Memory_Quirk.xml,def,Liked predding for <ALIMT >(PH_1)</ALIMT>,喜欢捕食{0}
RV2_DispositionQuirkSatisfaction_Predator_Good.stages.0.description,I live to eat!,description,ThoughtDefs\Thoughts_Memory_Quirk.xml,def,I live to eat!,我活着就是为了吃饭!
RV2_DispositionQuirkSatisfaction_Predator_Bad.stages.0.label,Disliked predding for {0},label,ThoughtDefs\Thoughts_Memory_Quirk.xml,def,Disliked predding for <ALIMT >(PH_1)</ALIMT>,反感捕食{0}
RV2_DispositionQuirkSatisfaction_Predator_Bad.stages.0.description,I'm not cut out for predding.,description,ThoughtDefs\Thoughts_Memory_Quirk.xml,def,I'm not cut out for predding.,我不适合捕食。
RV2_DispositionQuirkSatisfaction_Predator_VeryBad.stages.0.label,Hated predding for {0},label,ThoughtDefs\Thoughts_Memory_Quirk.xml,def,Hated predding for <ALIMT >(PH_1)</ALIMT>,厌恶捕食{0}
RV2_DispositionQuirkSatisfaction_Predator_VeryBad.stages.0.description,Don't make me do that ever again.,description,ThoughtDefs\Thoughts_Memory_Quirk.xml,def,Don't make me do that ever again.,别让我再这样做了。
RV2_DispositionQuirkSatisfaction_Prey_VeryGood.stages.0.label,Loved being prey for {0},label,ThoughtDefs\Thoughts_Memory_Quirk.xml,def,Loved being prey for <ALIMT >(PH_1)</ALIMT>,喜欢成为猎物{0}
RV2_DispositionQuirkSatisfaction_Prey_VeryGood.stages.0.description,Someone else eat me now! Please!,description,ThoughtDefs\Thoughts_Memory_Quirk.xml,def,Someone else eat me now! Please!,现在有人吃了我!求求你了!
RV2_DispositionQuirkSatisfaction_Prey_Good.stages.0.label,Liked being prey for {0},label,ThoughtDefs\Thoughts_Memory_Quirk.xml,def,Liked being prey for <ALIMT >(PH_1)</ALIMT>,喜欢作为猎物{0}
RV2_DispositionQuirkSatisfaction_Prey_Good.stages.0.description,I hope to get back in soon!,description,ThoughtDefs\Thoughts_Memory_Quirk.xml,def,I hope to get back in soon!,我希望能尽快回来!
RV2_DispositionQuirkSatisfaction_Prey_Bad.stages.0.label,Disliked being prey for {0},label,ThoughtDefs\Thoughts_Memory_Quirk.xml,def,Disliked being prey for <ALIMT >(PH_1)</ALIMT>,反感作为猎物{0}
RV2_DispositionQuirkSatisfaction_Prey_Bad.stages.0.description,I don't like being inside people.,description,ThoughtDefs\Thoughts_Memory_Quirk.xml,def,I don't like being inside people.,我不喜欢呆在人里面。
RV2_DispositionQuirkSatisfaction_Prey_VeryBad.stages.0.label,Hated being prey for {0},label,ThoughtDefs\Thoughts_Memory_Quirk.xml,def,Hated being prey for <ALIMT >(PH_1)</ALIMT>,厌恶作为猎物{0}
RV2_DispositionQuirkSatisfaction_Prey_VeryBad.stages.0.description,Don't make me do that ever again.,description,ThoughtDefs\Thoughts_Memory_Quirk.xml,def,Don't make me do that ever again.,别让我再这样做了。
RV2_DispositionQuirkSatisfaction_Feeder_VeryGood.stages.0.label,Loved hand-feeding {0},label,ThoughtDefs\Thoughts_Memory_Quirk.xml,def,Loved hand-feeding <ALIMT >(PH_1)</ALIMT>,喜爱用手喂食{0}
RV2_DispositionQuirkSatisfaction_Feeder_VeryGood.stages.0.description,I wonder if there's anything else around to feed {1}!,description,ThoughtDefs\Thoughts_Memory_Quirk.xml,def,I wonder if there's anything else around to feed <ALIMT >(PH_1)</ALIMT>!,不知附近还有没有别的东西可以吃{1}不!
RV2_DispositionQuirkSatisfaction_Feeder_Good.stages.0.label,Liked hand-feeding {0},label,ThoughtDefs\Thoughts_Memory_Quirk.xml,def,Liked hand-feeding <ALIMT >(PH_1)</ALIMT>,喜欢用手喂食{0}
RV2_DispositionQuirkSatisfaction_Feeder_Good.stages.0.description,Another satisfied customer!,description,ThoughtDefs\Thoughts_Memory_Quirk.xml,def,Another satisfied customer!,又有一位满意的客户!
RV2_DispositionQuirkSatisfaction_Feeder_Bad.stages.0.label,Disliked hand-feeding {0},label,ThoughtDefs\Thoughts_Memory_Quirk.xml,def,Disliked hand-feeding <ALIMT >(PH_1)</ALIMT>,反感用手喂食{0}
RV2_DispositionQuirkSatisfaction_Feeder_Bad.stages.0.description,That was a waste. I can think of several better things to have done with that prey.,description,ThoughtDefs\Thoughts_Memory_Quirk.xml,def,That was a waste. I can think of several better things to have done with that prey.,浪费时间。我能想到对付那个猎物有几件好事。
RV2_DispositionQuirkSatisfaction_Feeder_VeryBad.stages.0.label,Hated hand-feeding {0},label,ThoughtDefs\Thoughts_Memory_Quirk.xml,def,Hated hand-feeding <ALIMT >(PH_1)</ALIMT>,厌恶喂食{0}
RV2_DispositionQuirkSatisfaction_Feeder_VeryBad.stages.0.description,I'm not some predator's lackey!,description,ThoughtDefs\Thoughts_Memory_Quirk.xml,def,I'm not some predator's lackey!,我又不是捕食者的仆人!
RV2_GoalPreferenceQuirkSatisfaction_VeryGood.stages.0.label,Loved using vore goal for {0},label,ThoughtDefs\Thoughts_Memory_Quirk.xml,def,Loved using <ALIMT >vore</ALIMT> goal for <ALIMT >(PH_1)</ALIMT>,爱用吃人目标{0}
RV2_GoalPreferenceQuirkSatisfaction_VeryGood.stages.0.description,Lovely!,description,ThoughtDefs\Thoughts_Memory_Quirk.xml,def,Lovely!,可爱!
RV2_GoalPreferenceQuirkSatisfaction_Good.stages.0.label,Liked using vore goal for {0},label,ThoughtDefs\Thoughts_Memory_Quirk.xml,def,Liked using <ALIMT >vore</ALIMT> goal for <ALIMT >(PH_1)</ALIMT>,喜欢使用吃人目标{0}
RV2_GoalPreferenceQuirkSatisfaction_Good.stages.0.description,Nice!,description,ThoughtDefs\Thoughts_Memory_Quirk.xml,def,Nice!,不错!
RV2_GoalPreferenceQuirkSatisfaction_Bad.stages.0.label,Disliked using vore goal for {0},label,ThoughtDefs\Thoughts_Memory_Quirk.xml,def,Disliked using <ALIMT >vore</ALIMT> goal for <ALIMT >(PH_1)</ALIMT>,厌恶使用吃人目标{0}
RV2_GoalPreferenceQuirkSatisfaction_Bad.stages.0.description,Ugh!,description,ThoughtDefs\Thoughts_Memory_Quirk.xml,def,Ugh!,啊呀!
RV2_GoalPreferenceQuirkSatisfaction_VeryBad.stages.0.label,Hated using vore goal for {0},label,ThoughtDefs\Thoughts_Memory_Quirk.xml,def,Hated using <ALIMT >vore</ALIMT> goal for <ALIMT >(PH_1)</ALIMT>,厌恶使用吃人目标{0}
RV2_GoalPreferenceQuirkSatisfaction_VeryBad.stages.0.description,Yuck!,description,ThoughtDefs\Thoughts_Memory_Quirk.xml,def,Yuck!,恶心!
RV2_GoalPreferenceQuirkSatisfaction_Digest_VeryGood.stages.0.label,Loved digesting {0},label,ThoughtDefs\Thoughts_Memory_Quirk.xml,def,Loved digesting <ALIMT >(PH_1)</ALIMT>,热爱消化{0}
RV2_GoalPreferenceQuirkSatisfaction_Digest_VeryGood.stages.0.description,My body is a graveyard.~,description,ThoughtDefs\Thoughts_Memory_Quirk.xml,def,My body is a graveyard.~,我的身体就是一个坟墓。~
RV2_GoalPreferenceQuirkSatisfaction_Digest_Good.stages.0.label,Liked digesting {0},label,ThoughtDefs\Thoughts_Memory_Quirk.xml,def,Liked digesting <ALIMT >(PH_1)</ALIMT>,喜欢消化{0}
RV2_GoalPreferenceQuirkSatisfaction_Digest_Good.stages.0.description,"Oh, that hit the spot!",description,ThoughtDefs\Thoughts_Memory_Quirk.xml,def,"Oh, that hit the spot!",哦，击中要害!
RV2_GoalPreferenceQuirkSatisfaction_Digest_Bad.stages.0.label,Disliked digesting {0},label,ThoughtDefs\Thoughts_Memory_Quirk.xml,def,Disliked digesting <ALIMT >(PH_1)</ALIMT>,反感消化{0}
RV2_GoalPreferenceQuirkSatisfaction_Digest_Bad.stages.0.description,That was cruel.,description,ThoughtDefs\Thoughts_Memory_Quirk.xml,def,That was cruel.,太残忍了。
RV2_GoalPreferenceQuirkSatisfaction_Digest_VeryBad.stages.0.label,Hated digesting {0},label,ThoughtDefs\Thoughts_Memory_Quirk.xml,def,Hated digesting <ALIMT >(PH_1)</ALIMT>,厌恶消化{0}
RV2_GoalPreferenceQuirkSatisfaction_Digest_VeryBad.stages.0.description,"Surely I could have killed it first, quick and clean, and skipped the slow, painful murder?",description,ThoughtDefs\Thoughts_Memory_Quirk.xml,def,"Surely I could have killed it first, quick and clean, and skipped the slow, painful murder?",当然，我本可以杀了它，又快又干净，然后跳过这个缓慢又痛苦的杀戮？
RV2_GoalPreferenceQuirkSatisfaction_Digest_Prey_VeryGood.stages.0.label,Loved being digested by {0},label,ThoughtDefs\Thoughts_Memory_Quirk.xml,def,Loved being digested by <ALIMT >(PH_1)</ALIMT>,喜欢被消化{0}
RV2_GoalPreferenceQuirkSatisfaction_Digest_Prey_VeryGood.stages.0.description,"Ahh! That was amazing, becoming part of something better.",description,ThoughtDefs\Thoughts_Memory_Quirk.xml,def,"Ahh! That was amazing, becoming part of something better.",啊呀!这太神奇了，成为了更好的东西的一部分。
RV2_GoalPreferenceQuirkSatisfaction_Digest_Prey_Good.stages.0.label,Liked being digested by {0},label,ThoughtDefs\Thoughts_Memory_Quirk.xml,def,Liked being digested by <ALIMT >(PH_1)</ALIMT>,喜欢被消化{0}
RV2_GoalPreferenceQuirkSatisfaction_Digest_Prey_Good.stages.0.description,All my worries melted away~,description,ThoughtDefs\Thoughts_Memory_Quirk.xml,def,All my worries melted away~,我所有的担心都烟消云散了 ~
RV2_GoalPreferenceQuirkSatisfaction_Digest_Prey_Bad.stages.0.label,Disliked being digested by {0},label,ThoughtDefs\Thoughts_Memory_Quirk.xml,def,Disliked being digested by <ALIMT >(PH_1)</ALIMT>,厌恶被消化{0}
RV2_GoalPreferenceQuirkSatisfaction_Digest_Prey_Bad.stages.0.description,That was... not pleasant. At least I'm still alive...,description,ThoughtDefs\Thoughts_Memory_Quirk.xml,def,That was... not pleasant. At least I'm still alive...,太棒了...不愉快。至少我还活着...
RV2_GoalPreferenceQuirkSatisfaction_Digest_Prey_VeryBad.stages.0.label,Hated being digested by {0},label,ThoughtDefs\Thoughts_Memory_Quirk.xml,def,Hated being digested by <ALIMT >(PH_1)</ALIMT>,厌恶被消化{0}
RV2_GoalPreferenceQuirkSatisfaction_Digest_Prey_VeryBad.stages.0.description,That was horrifying.,description,ThoughtDefs\Thoughts_Memory_Quirk.xml,def,That was horrifying.,太可怕了。
RV2_GoalPreferenceQuirkSatisfaction_Pleasure_Predator_VeryGood.stages.0.label,Loved pleasuring {0},label,ThoughtDefs\Thoughts_Memory_Quirk.xml,def,Loved pleasuring <ALIMT >(PH_1)</ALIMT>,愉悦心情{0}
RV2_GoalPreferenceQuirkSatisfaction_Pleasure_Predator_VeryGood.stages.0.description,I live to please!~,description,ThoughtDefs\Thoughts_Memory_Quirk.xml,def,I live to please!~,我活着就是为了取悦他人!~
RV2_GoalPreferenceQuirkSatisfaction_Pleasure_Predator_Good.stages.0.label,Liked pleasuring {0},label,ThoughtDefs\Thoughts_Memory_Quirk.xml,def,Liked pleasuring <ALIMT >(PH_1)</ALIMT>,喜欢愉悦{0}
RV2_GoalPreferenceQuirkSatisfaction_Pleasure_Predator_Good.stages.0.description,That scratched a real deep itch.~,description,ThoughtDefs\Thoughts_Memory_Quirk.xml,def,That scratched a real deep itch.~,这让我好受点痒。~
RV2_GoalPreferenceQuirkSatisfaction_Pleasure_Predator_Bad.stages.0.label,Disliked pleasuring {0},label,ThoughtDefs\Thoughts_Memory_Quirk.xml,def,Disliked pleasuring <ALIMT >(PH_1)</ALIMT>,反感{0}
RV2_GoalPreferenceQuirkSatisfaction_Pleasure_Predator_Bad.stages.0.description,I would have preferred reular sex.,description,ThoughtDefs\Thoughts_Memory_Quirk.xml,def,I would have preferred reular <ALIMT >sex</ALIMT>.,我更喜欢平静的性交
RV2_GoalPreferenceQuirkSatisfaction_Pleasure_Predator_VeryBad.stages.0.label,Hated pleasuring {0},label,ThoughtDefs\Thoughts_Memory_Quirk.xml,def,Hated pleasuring <ALIMT >(PH_1)</ALIMT>,厌恶愉悦{0}
RV2_GoalPreferenceQuirkSatisfaction_Pleasure_Predator_VeryBad.stages.0.description,I just feel kind of dirty now.,description,ThoughtDefs\Thoughts_Memory_Quirk.xml,def,I just feel kind of dirty now.,我现在感觉有点脏。
RV2_GoalPreferenceQuirkSatisfaction_Pleasure_Prey_VeryGood.stages.0.label,Loved pleasuring {0},label,ThoughtDefs\Thoughts_Memory_Quirk.xml,def,Loved pleasuring <ALIMT >(PH_1)</ALIMT>,愉悦心情{0}
RV2_GoalPreferenceQuirkSatisfaction_Pleasure_Prey_VeryGood.stages.0.description,I live to please!~,description,ThoughtDefs\Thoughts_Memory_Quirk.xml,def,I live to please!~,我活着就是为了取悦他人!~
RV2_GoalPreferenceQuirkSatisfaction_Pleasure_Prey_Good.stages.0.label,Liked pleasuring {0},label,ThoughtDefs\Thoughts_Memory_Quirk.xml,def,Liked pleasuring <ALIMT >(PH_1)</ALIMT>,喜欢愉悦{0}
RV2_GoalPreferenceQuirkSatisfaction_Pleasure_Prey_Good.stages.0.description,That was fun!,description,ThoughtDefs\Thoughts_Memory_Quirk.xml,def,That was fun!,很有意思!
RV2_GoalPreferenceQuirkSatisfaction_Pleasure_Prey_Bad.stages.0.label,Disliked pleasuring {0},label,ThoughtDefs\Thoughts_Memory_Quirk.xml,def,Disliked pleasuring <ALIMT >(PH_1)</ALIMT>,反感{0}
RV2_GoalPreferenceQuirkSatisfaction_Pleasure_Prey_Bad.stages.0.description,I would have preferred reular sex.,description,ThoughtDefs\Thoughts_Memory_Quirk.xml,def,I would have preferred reular <ALIMT >sex</ALIMT>.,我更喜欢平静的性交
RV2_GoalPreferenceQuirkSatisfaction_Pleasure_Prey_VeryBad.stages.0.label,Hated pleasuring {0},label,ThoughtDefs\Thoughts_Memory_Quirk.xml,def,Hated pleasuring <ALIMT >(PH_1)</ALIMT>,厌恶愉悦{0}
RV2_GoalPreferenceQuirkSatisfaction_Pleasure_Prey_VeryBad.stages.0.description,I just feel kind of dirty now.,description,ThoughtDefs\Thoughts_Memory_Quirk.xml,def,I just feel kind of dirty now.,我现在感觉有点脏。
RV2_StrippingQuirkSatisfaction_Predator_Clothed_Good.stages.0.label,Liked consuming {0} clothed,label,ThoughtDefs\Thoughts_Memory_Quirk.xml,def,Liked consuming <ALIMT >(PH_1)</ALIMT> <ALIMT >clothed</ALIMT>,喜欢暴饮暴食{0}穿着衣服
RV2_StrippingQuirkSatisfaction_Predator_Clothed_Good.stages.0.description,That tickles!,description,ThoughtDefs\Thoughts_Memory_Quirk.xml,def,That tickles!,好痒!
RV2_StrippingQuirkSatisfaction_Predator_Clothed_Bad.stages.0.label,Disliked consuming {0} clothed,label,ThoughtDefs\Thoughts_Memory_Quirk.xml,def,Disliked consuming <ALIMT >(PH_1)</ALIMT> <ALIMT >clothed</ALIMT>,厌恶消费{0}穿着衣服
RV2_StrippingQuirkSatisfaction_Predator_Clothed_Bad.stages.0.description,Where's the flavor?,description,ThoughtDefs\Thoughts_Memory_Quirk.xml,def,Where's the flavor?,味道呢？
RV2_StrippingQuirkSatisfaction_Predator_Naked_Good.stages.0.label,Liked consuming {0} naked,label,ThoughtDefs\Thoughts_Memory_Quirk.xml,def,Liked consuming <ALIMT >(PH_1)</ALIMT> <ALIMT >naked</ALIMT>,喜欢暴饮暴食{0}裸体
RV2_StrippingQuirkSatisfaction_Predator_Naked_Good.stages.0.description,Delicious!,description,ThoughtDefs\Thoughts_Memory_Quirk.xml,def,Delicious!,味道不错!
RV2_StrippingQuirkSatisfaction_Predator_Naked_Bad.stages.0.label,Disliked consuming {0} naked,label,ThoughtDefs\Thoughts_Memory_Quirk.xml,def,Disliked consuming <ALIMT >(PH_1)</ALIMT> <ALIMT >naked</ALIMT>,厌恶消费{0}裸体
RV2_StrippingQuirkSatisfaction_Predator_Naked_Bad.stages.0.description,I didn't want to taste that.,description,ThoughtDefs\Thoughts_Memory_Quirk.xml,def,I didn't want to taste that.,我不想尝那个。
RV2_StrippingQuirkSatisfaction_Prey_Clothed_Good.stages.0.label,Liked being consumed by {0} while clothed,label,ThoughtDefs\Thoughts_Memory_Quirk.xml,def,Liked being consumed by <ALIMT >(PH_1)</ALIMT> while <ALIMT >clothed</ALIMT>,喜爱被{0}期间穿着衣服
RV2_StrippingQuirkSatisfaction_Prey_Clothed_Good.stages.0.description,I wonder if there are washing-machine preds out there.,description,ThoughtDefs\Thoughts_Memory_Quirk.xml,def,I wonder if there are washing-machine preds out there.,我想知道外面是否有洗衣机牧师。
RV2_StrippingQuirkSatisfaction_Prey_Clothed_Bad.stages.0.label,Disliked being consumed by {0} while clothed,label,ThoughtDefs\Thoughts_Memory_Quirk.xml,def,Disliked being consumed by <ALIMT >(PH_1)</ALIMT> while <ALIMT >clothed</ALIMT>,厌恶被{0}期间穿着衣服
RV2_StrippingQuirkSatisfaction_Prey_Clothed_Bad.stages.0.description,My clothes! If they're full of holes or stains...,description,ThoughtDefs\Thoughts_Memory_Quirk.xml,def,My clothes! If they're full of holes or stains...,我的衣物!如果满是洞或污渍.
RV2_StrippingQuirkSatisfaction_Prey_Naked_Good.stages.0.label,Liked being consumed by {0} while naked,label,ThoughtDefs\Thoughts_Memory_Quirk.xml,def,Liked being consumed by <ALIMT >(PH_1)</ALIMT> while <ALIMT >naked</ALIMT>,喜爱被{0}期间裸体
RV2_StrippingQuirkSatisfaction_Prey_Naked_Good.stages.0.description,Like taking a bath!,description,ThoughtDefs\Thoughts_Memory_Quirk.xml,def,Like taking a bath!,比如洗澡!
RV2_StrippingQuirkSatisfaction_Prey_Naked_Bad.stages.0.label,Disliked being consumed by {0} while naked,label,ThoughtDefs\Thoughts_Memory_Quirk.xml,def,Disliked being consumed by <ALIMT >(PH_1)</ALIMT> while <ALIMT >naked</ALIMT>,厌恶被{0}期间裸体
RV2_StrippingQuirkSatisfaction_Prey_Naked_Bad.stages.0.description,I need a bath...,description,ThoughtDefs\Thoughts_Memory_Quirk.xml,def,I need a bath...,我需要洗个澡...
RV2_TypePreferenceQuirkSatisfaction_Predator_Anal_VeryGood.stages.0.label,Loved posternating {0},label,ThoughtDefs\Thoughts_Memory_Quirk.xml,def,Loved posternating <ALIMT >(PH_1)</ALIMT>,喜爱后发{0}
RV2_TypePreferenceQuirkSatisfaction_Predator_Anal_VeryGood.stages.0.description,Gotta keep your butt happy!,description,ThoughtDefs\Thoughts_Memory_Quirk.xml,def,Gotta keep your butt happy!,必须让你的屁股开心!
RV2_TypePreferenceQuirkSatisfaction_Predator_Anal_Good.stages.0.label,Liked posternating {0},label,ThoughtDefs\Thoughts_Memory_Quirk.xml,def,Liked posternating <ALIMT >(PH_1)</ALIMT>,喜欢装填{0}
RV2_TypePreferenceQuirkSatisfaction_Predator_Anal_Good.stages.0.description,Love to give my ass a treat every now and then.,description,ThoughtDefs\Thoughts_Memory_Quirk.xml,def,Love to give my <ALIMT >ass</ALIMT> a treat every now and then.,爱给我屁股偶尔吃点东西。
RV2_TypePreferenceQuirkSatisfaction_Predator_Anal_Bad.stages.0.label,Disliked posternating {0},label,ThoughtDefs\Thoughts_Memory_Quirk.xml,def,Disliked posternating <ALIMT >(PH_1)</ALIMT>,反感收放{0}
RV2_TypePreferenceQuirkSatisfaction_Predator_Anal_Bad.stages.0.description,I'll be sitting funny.,description,ThoughtDefs\Thoughts_Memory_Quirk.xml,def,I'll be sitting funny.,我坐着会很开心。
RV2_TypePreferenceQuirkSatisfaction_Predator_Anal_VeryBad.stages.0.label,Hated posternating {0},label,ThoughtDefs\Thoughts_Memory_Quirk.xml,def,Hated posternating <ALIMT >(PH_1)</ALIMT>,憎恶后期{0}
RV2_TypePreferenceQuirkSatisfaction_Predator_Anal_VeryBad.stages.0.description,"Call me butthurt, but my butt fucking hurts!",description,ThoughtDefs\Thoughts_Memory_Quirk.xml,def,"Call me butthurt, but my butt fucking hurts!",说我屁股疼，可我的屁股好疼!
RV2_TypePreferenceQuirkSatisfaction_Predator_Cock_VeryGood.stages.0.label,Loved unsowing {0},label,ThoughtDefs\Thoughts_Memory_Quirk.xml,def,Loved unsowing <ALIMT >(PH_1)</ALIMT>,喜爱未播种{0}
RV2_TypePreferenceQuirkSatisfaction_Predator_Cock_VeryGood.stages.0.description,Gotta keep your dick happy!,description,ThoughtDefs\Thoughts_Memory_Quirk.xml,def,Gotta keep your dick happy!,我得让你的老二开心点!
RV2_TypePreferenceQuirkSatisfaction_Predator_Cock_Good.stages.0.label,Liked unsowing {0},label,ThoughtDefs\Thoughts_Memory_Quirk.xml,def,Liked unsowing <ALIMT >(PH_1)</ALIMT>,喜欢不播种{0}
RV2_TypePreferenceQuirkSatisfaction_Predator_Cock_Good.stages.0.description,Fuck yeah!,description,ThoughtDefs\Thoughts_Memory_Quirk.xml,def,Fuck yeah!,耶!
RV2_TypePreferenceQuirkSatisfaction_Predator_Cock_Bad.stages.0.label,Disliked unsowing {0},label,ThoughtDefs\Thoughts_Memory_Quirk.xml,def,Disliked unsowing <ALIMT >(PH_1)</ALIMT>,反感的不播种{0}
RV2_TypePreferenceQuirkSatisfaction_Predator_Cock_Bad.stages.0.description,It kinda stings. I don't like that.,description,ThoughtDefs\Thoughts_Memory_Quirk.xml,def,It kinda stings. I don't like that.,有点疼。我不喜欢那样。
RV2_TypePreferenceQuirkSatisfaction_Predator_Cock_VeryBad.stages.0.label,Hated unsowing {0},label,ThoughtDefs\Thoughts_Memory_Quirk.xml,def,Hated unsowing <ALIMT >(PH_1)</ALIMT>,厌恶未播种{0}
RV2_TypePreferenceQuirkSatisfaction_Predator_Cock_VeryBad.stages.0.description,This is how you get a bladder infection.,description,ThoughtDefs\Thoughts_Memory_Quirk.xml,def,This is how you get a bladder infection.,这就是膀胱感染的原因。
RV2_TypePreferenceQuirkSatisfaction_Predator_Nipple_VeryGood.stages.0.label,Loved unnursing {0},label,ThoughtDefs\Thoughts_Memory_Quirk.xml,def,Loved unnursing <ALIMT >(PH_1)</ALIMT>,未哺育的爱人{0}
RV2_TypePreferenceQuirkSatisfaction_Predator_Nipple_VeryGood.stages.0.description,Gotta keep your tits happy (and balanced)!,description,ThoughtDefs\Thoughts_Memory_Quirk.xml,def,Gotta keep your tits happy (and balanced)!,必须让你的乳头保持愉悦 (和平衡)!
RV2_TypePreferenceQuirkSatisfaction_Predator_Nipple_Good.stages.0.label,Liked unnursing {0},label,ThoughtDefs\Thoughts_Memory_Quirk.xml,def,Liked unnursing <ALIMT >(PH_1)</ALIMT>,喜欢未哺育{0}
RV2_TypePreferenceQuirkSatisfaction_Predator_Nipple_Good.stages.0.description,Nice and milky.,description,ThoughtDefs\Thoughts_Memory_Quirk.xml,def,Nice and milky.,非常好，是奶白的。
RV2_TypePreferenceQuirkSatisfaction_Predator_Nipple_Bad.stages.0.label,Disliked unnursing {0},label,ThoughtDefs\Thoughts_Memory_Quirk.xml,def,Disliked unnursing <ALIMT >(PH_1)</ALIMT>,反感的不哺育{0}
RV2_TypePreferenceQuirkSatisfaction_Predator_Nipple_Bad.stages.0.description,"Ugh, this balancing act is annoying.",description,ThoughtDefs\Thoughts_Memory_Quirk.xml,def,"Ugh, this balancing act is annoying.",呃，这种平衡的行为真烦人。
RV2_TypePreferenceQuirkSatisfaction_Predator_Nipple_VeryBad.stages.0.label,Hated unnursing {0},label,ThoughtDefs\Thoughts_Memory_Quirk.xml,def,Hated unnursing <ALIMT >(PH_1)</ALIMT>,厌恶未哺育{0}
RV2_TypePreferenceQuirkSatisfaction_Predator_Nipple_VeryBad.stages.0.description,My back! Augh!,description,ThoughtDefs\Thoughts_Memory_Quirk.xml,def,My back! Augh!,我的背!哇!
RV2_TypePreferenceQuirkSatisfaction_Predator_FullTour_VeryGood.stages.0.label,Loved guiding {0},label,ThoughtDefs\Thoughts_Memory_Quirk.xml,def,Loved guiding <ALIMT >(PH_1)</ALIMT>,喜爱引导{0}
RV2_TypePreferenceQuirkSatisfaction_Predator_FullTour_VeryGood.stages.0.description,Every part of me gets to feel every part of you~,description,ThoughtDefs\Thoughts_Memory_Quirk.xml,def,Every part of me gets to feel every part of you~,~ 我的每一部分都能感受到你的每一部分 ~
RV2_TypePreferenceQuirkSatisfaction_Predator_FullTour_Good.stages.0.label,Liked guiding {0},label,ThoughtDefs\Thoughts_Memory_Quirk.xml,def,Liked guiding <ALIMT >(PH_1)</ALIMT>,喜欢引导{0}
RV2_TypePreferenceQuirkSatisfaction_Predator_FullTour_Good.stages.0.description,"In one end, out the other. Just how it should be.",description,ThoughtDefs\Thoughts_Memory_Quirk.xml,def,"In one end, out the other. Just how it should be.",一端，另一端。应该是什么样子？
RV2_TypePreferenceQuirkSatisfaction_Predator_FullTour_Bad.stages.0.label,Disliked guiding {0},label,ThoughtDefs\Thoughts_Memory_Quirk.xml,def,Disliked guiding <ALIMT >(PH_1)</ALIMT>,反感的引导{0}
RV2_TypePreferenceQuirkSatisfaction_Predator_FullTour_Bad.stages.0.description,"Ugh, they're *finally* out.",description,ThoughtDefs\Thoughts_Memory_Quirk.xml,def,"Ugh, they're *finally* out.",呃，他们终于 * 出去了 *
RV2_TypePreferenceQuirkSatisfaction_Predator_FullTour_VeryBad.stages.0.label,Hated guiding {0},label,ThoughtDefs\Thoughts_Memory_Quirk.xml,def,Hated guiding <ALIMT >(PH_1)</ALIMT>,厌恶引导{0}
RV2_TypePreferenceQuirkSatisfaction_Predator_FullTour_VeryBad.stages.0.description,The release does not make up for holding that in so long...,description,ThoughtDefs\Thoughts_Memory_Quirk.xml,def,The release does not make up for holding that in so long...,发布并不能弥补持有它在这么长时间内.
RV2_TypePreferenceQuirkSatisfaction_Predator_Oral_VeryGood.stages.0.label,Loved swallowing {0},label,ThoughtDefs\Thoughts_Memory_Quirk.xml,def,Loved swallowing <ALIMT >(PH_1)</ALIMT>,喜欢吞食{0}
RV2_TypePreferenceQuirkSatisfaction_Predator_Oral_VeryGood.stages.0.description,Gotta keep your stomach happy!,description,ThoughtDefs\Thoughts_Memory_Quirk.xml,def,Gotta keep your stomach happy!,我得让你的胃开心!
RV2_TypePreferenceQuirkSatisfaction_Predator_Oral_Good.stages.0.label,Liked swallowing {0},label,ThoughtDefs\Thoughts_Memory_Quirk.xml,def,Liked swallowing <ALIMT >(PH_1)</ALIMT>,喜欢吞食{0}
RV2_TypePreferenceQuirkSatisfaction_Predator_Oral_Good.stages.0.description,Tasty!,description,ThoughtDefs\Thoughts_Memory_Quirk.xml,def,Tasty!,真香!
RV2_TypePreferenceQuirkSatisfaction_Predator_Oral_Bad.stages.0.label,Disliked swallowing {0},label,ThoughtDefs\Thoughts_Memory_Quirk.xml,def,Disliked swallowing <ALIMT >(PH_1)</ALIMT>,厌恶吞咽{0}
RV2_TypePreferenceQuirkSatisfaction_Predator_Oral_Bad.stages.0.description,Kinda clicheed.,description,ThoughtDefs\Thoughts_Memory_Quirk.xml,def,Kinda clicheed.,有点克隆头。
RV2_TypePreferenceQuirkSatisfaction_Predator_Oral_VeryBad.stages.0.label,Hated swallowing {0},label,ThoughtDefs\Thoughts_Memory_Quirk.xml,def,Hated swallowing <ALIMT >(PH_1)</ALIMT>,厌恶吞食{0}
RV2_TypePreferenceQuirkSatisfaction_Predator_Oral_VeryBad.stages.0.description,My jaw hurts!,description,ThoughtDefs\Thoughts_Memory_Quirk.xml,def,My jaw hurts!,我的下颌好痛!
RV2_TypePreferenceQuirkSatisfaction_Predator_Vaginal_VeryGood.stages.0.label,Loved unbirthing {0},label,ThoughtDefs\Thoughts_Memory_Quirk.xml,def,Loved unbirthing <ALIMT >(PH_1)</ALIMT>,喜爱的不生育{0}
RV2_TypePreferenceQuirkSatisfaction_Predator_Vaginal_VeryGood.stages.0.description,Gotta keep your pussy happy!,description,ThoughtDefs\Thoughts_Memory_Quirk.xml,def,Gotta keep your <ALIMT >pussy</ALIMT> happy!,必须保持小穴开心!
RV2_TypePreferenceQuirkSatisfaction_Predator_Vaginal_Good.stages.0.label,Liked unbirthing {0},label,ThoughtDefs\Thoughts_Memory_Quirk.xml,def,Liked unbirthing <ALIMT >(PH_1)</ALIMT>,喜欢解散{0}
RV2_TypePreferenceQuirkSatisfaction_Predator_Vaginal_Good.stages.0.description,Fuck yeah!,description,ThoughtDefs\Thoughts_Memory_Quirk.xml,def,Fuck yeah!,耶!
RV2_TypePreferenceQuirkSatisfaction_Predator_Vaginal_Bad.stages.0.label,Disliked unbirthing {0},label,ThoughtDefs\Thoughts_Memory_Quirk.xml,def,Disliked unbirthing <ALIMT >(PH_1)</ALIMT>,反感不生育{0}
RV2_TypePreferenceQuirkSatisfaction_Predator_Vaginal_Bad.stages.0.description,I'd better not get a bladder infection.,description,ThoughtDefs\Thoughts_Memory_Quirk.xml,def,I'd better not get a bladder infection.,我最好别得膀胱感染。
RV2_TypePreferenceQuirkSatisfaction_Predator_Vaginal_VeryBad.stages.0.label,Hated unbirthing {0},label,ThoughtDefs\Thoughts_Memory_Quirk.xml,def,Hated unbirthing <ALIMT >(PH_1)</ALIMT>,厌恶解散{0}
RV2_TypePreferenceQuirkSatisfaction_Predator_Vaginal_VeryBad.stages.0.description,They're not supposed to go back in!,description,ThoughtDefs\Thoughts_Memory_Quirk.xml,def,They're not supposed to go back in!,他们不应该回去!
RV2_TypePreferenceQuirkSatisfaction_Prey_Anal_VeryGood.stages.0.label,Loved being posternated by {0},label,ThoughtDefs\Thoughts_Memory_Quirk.xml,def,Loved being posternated by <ALIMT >(PH_1)</ALIMT>,喜欢被{0}
RV2_TypePreferenceQuirkSatisfaction_Prey_Anal_VeryGood.stages.0.description,Up the butt is where I belong!,description,ThoughtDefs\Thoughts_Memory_Quirk.xml,def,Up the butt is where I belong!,屁股朝上就是我的地方!
RV2_TypePreferenceQuirkSatisfaction_Prey_Anal_Good.stages.0.label,Liked being posternated by {0},label,ThoughtDefs\Thoughts_Memory_Quirk.xml,def,Liked being posternated by <ALIMT >(PH_1)</ALIMT>,喜欢被{0}
RV2_TypePreferenceQuirkSatisfaction_Prey_Anal_Good.stages.0.description,Tight and cozy!,description,ThoughtDefs\Thoughts_Memory_Quirk.xml,def,Tight and cozy!,非常舒适!
RV2_TypePreferenceQuirkSatisfaction_Prey_Anal_Bad.stages.0.label,Disliked being posternated by {0},label,ThoughtDefs\Thoughts_Memory_Quirk.xml,def,Disliked being posternated by <ALIMT >(PH_1)</ALIMT>,反感被{0}
RV2_TypePreferenceQuirkSatisfaction_Prey_Anal_Bad.stages.0.description,Unsanitary.,description,ThoughtDefs\Thoughts_Memory_Quirk.xml,def,Unsanitary.,不卫生的。
RV2_TypePreferenceQuirkSatisfaction_Prey_Anal_VeryBad.stages.0.label,Hated being posternated by {0},label,ThoughtDefs\Thoughts_Memory_Quirk.xml,def,Hated being posternated by <ALIMT >(PH_1)</ALIMT>,讨厌被{0}
RV2_TypePreferenceQuirkSatisfaction_Prey_Anal_VeryBad.stages.0.description,I need a fucking bath. Ew.,description,ThoughtDefs\Thoughts_Memory_Quirk.xml,def,I need a fucking bath. Ew.,我要他妈的洗个澡。恶心。
RV2_TypePreferenceQuirkSatisfaction_Prey_Cock_VeryGood.stages.0.label,Loved being unsown by {0},label,ThoughtDefs\Thoughts_Memory_Quirk.xml,def,Loved being unsown by <ALIMT >(PH_1)</ALIMT>,喜欢被{0}
RV2_TypePreferenceQuirkSatisfaction_Prey_Cock_VeryGood.stages.0.description,Down the cock is where I belong!,description,ThoughtDefs\Thoughts_Memory_Quirk.xml,def,Down the cock is where I belong!,让公鸡倒地就是属于我的地方!
RV2_TypePreferenceQuirkSatisfaction_Prey_Cock_Good.stages.0.label,Liked being unsown by {0},label,ThoughtDefs\Thoughts_Memory_Quirk.xml,def,Liked being unsown by <ALIMT >(PH_1)</ALIMT>,喜欢被{0}
RV2_TypePreferenceQuirkSatisfaction_Prey_Cock_Good.stages.0.description,Spunky!,description,ThoughtDefs\Thoughts_Memory_Quirk.xml,def,Spunky!,有灵魂!
RV2_TypePreferenceQuirkSatisfaction_Prey_Cock_Bad.stages.0.label,Disliked being unsown by {0},label,ThoughtDefs\Thoughts_Memory_Quirk.xml,def,Disliked being unsown by <ALIMT >(PH_1)</ALIMT>,不喜欢被{0}
RV2_TypePreferenceQuirkSatisfaction_Prey_Cock_Bad.stages.0.description,"It's a bit musky, and not in a good way.",description,ThoughtDefs\Thoughts_Memory_Quirk.xml,def,"It's a bit musky, and not in a good way.",有点香，味道不太好。
RV2_TypePreferenceQuirkSatisfaction_Prey_Cock_VeryBad.stages.0.label,Hated being unsown by {0},label,ThoughtDefs\Thoughts_Memory_Quirk.xml,def,Hated being unsown by <ALIMT >(PH_1)</ALIMT>,讨厌被{0}
RV2_TypePreferenceQuirkSatisfaction_Prey_Cock_VeryBad.stages.0.description,Just impale me next time.,description,ThoughtDefs\Thoughts_Memory_Quirk.xml,def,Just impale me next time.,下次刺穿我吧。
RV2_TypePreferenceQuirkSatisfaction_Prey_Nipple_VeryGood.stages.0.label,Loved being unnursed by {0},label,ThoughtDefs\Thoughts_Memory_Quirk.xml,def,Loved being unnursed by <ALIMT >(PH_1)</ALIMT>,不喜欢被照顾{0}
RV2_TypePreferenceQuirkSatisfaction_Prey_Nipple_VeryGood.stages.0.description,In the boob is where I belong!,description,ThoughtDefs\Thoughts_Memory_Quirk.xml,def,In the boob is where I belong!,我住的地方!
RV2_TypePreferenceQuirkSatisfaction_Prey_Nipple_Good.stages.0.label,Liked being unnursed by {0},label,ThoughtDefs\Thoughts_Memory_Quirk.xml,def,Liked being unnursed by <ALIMT >(PH_1)</ALIMT>,喜欢被照顾{0}
RV2_TypePreferenceQuirkSatisfaction_Prey_Nipple_Good.stages.0.description,Milky!,description,ThoughtDefs\Thoughts_Memory_Quirk.xml,def,Milky!,奶白!
RV2_TypePreferenceQuirkSatisfaction_Prey_Nipple_Bad.stages.0.label,Disliked being unnursed by {0},label,ThoughtDefs\Thoughts_Memory_Quirk.xml,def,Disliked being unnursed by <ALIMT >(PH_1)</ALIMT>,反感被照顾{0}
RV2_TypePreferenceQuirkSatisfaction_Prey_Nipple_Bad.stages.0.description,Nipples shouldn't eat people.,description,ThoughtDefs\Thoughts_Memory_Quirk.xml,def,<ALIMT >nipples</ALIMT> shouldn't eat people.,乳头不应该吃人。
RV2_TypePreferenceQuirkSatisfaction_Prey_Nipple_VeryBad.stages.0.label,Hated being unnursed by {0},label,ThoughtDefs\Thoughts_Memory_Quirk.xml,def,Hated being unnursed by <ALIMT >(PH_1)</ALIMT>,厌恶被人照顾{0}
RV2_TypePreferenceQuirkSatisfaction_Prey_Nipple_VeryBad.stages.0.description,This pisses me off on a conceptual level!,description,ThoughtDefs\Thoughts_Memory_Quirk.xml,def,This pisses me off on a conceptual level!,这在概念层面上让我很恼火!
RV2_TypePreferenceQuirkSatisfaction_Prey_FullTour_VeryGood.stages.0.label,Loved touring {0},label,ThoughtDefs\Thoughts_Memory_Quirk.xml,def,Loved touring <ALIMT >(PH_1)</ALIMT>,热爱旅行{0}
RV2_TypePreferenceQuirkSatisfaction_Prey_FullTour_VeryGood.stages.0.description,What a lovely trip! Amazing all the way through~,description,ThoughtDefs\Thoughts_Memory_Quirk.xml,def,What a lovely trip! Amazing <ALIMT >all the way through</ALIMT>~,多么可爱的旅行啊!令人惊叹消化道贯穿~
RV2_TypePreferenceQuirkSatisfaction_Prey_FullTour_Good.stages.0.label,Liked touring {0},label,ThoughtDefs\Thoughts_Memory_Quirk.xml,def,Liked touring <ALIMT >(PH_1)</ALIMT>,喜欢旅行{0}
RV2_TypePreferenceQuirkSatisfaction_Prey_FullTour_Good.stages.0.description,"Ahh... a comfortable belly, and some nice, tight guts!",description,ThoughtDefs\Thoughts_Memory_Quirk.xml,def,"Ahh... a comfortable belly, and some nice, tight guts!",啊... 一个舒适的肚子，还有一些紧绷的好肚子!
RV2_TypePreferenceQuirkSatisfaction_Prey_FullTour_Bad.stages.0.label,Disliked being swallowed by {0},label,ThoughtDefs\Thoughts_Memory_Quirk.xml,def,Disliked being swallowed by <ALIMT >(PH_1)</ALIMT>,厌恶被吞噬{0}
RV2_TypePreferenceQuirkSatisfaction_Prey_FullTour_Bad.stages.0.description,"Ugh, there goes half my day. Not worth it.",description,ThoughtDefs\Thoughts_Memory_Quirk.xml,def,"Ugh, there goes half my day. Not worth it.",呃，我的时间没了。不值得。
RV2_TypePreferenceQuirkSatisfaction_Prey_FullTour_VeryBad.stages.0.label,Hated being swallowed by {0},label,ThoughtDefs\Thoughts_Memory_Quirk.xml,def,Hated being swallowed by <ALIMT >(PH_1)</ALIMT>,厌恶被吞噬{0}
RV2_TypePreferenceQuirkSatisfaction_Prey_FullTour_VeryBad.stages.0.description,I envy food... it doesn't have to be awake when it goes through that.,description,ThoughtDefs\Thoughts_Memory_Quirk.xml,def,I envy food... it doesn't have to be awake when it goes through that.,我很羡慕食物...经历这一切时，它不必醒着。
RV2_TypePreferenceQuirkSatisfaction_Prey_Oral_VeryGood.stages.0.label,Loved being swallowed by {0},label,ThoughtDefs\Thoughts_Memory_Quirk.xml,def,Loved being swallowed by <ALIMT >(PH_1)</ALIMT>,喜爱被吞噬{0}
RV2_TypePreferenceQuirkSatisfaction_Prey_Oral_VeryGood.stages.0.description,Down the throat is where I belong!,description,ThoughtDefs\Thoughts_Memory_Quirk.xml,def,Down the throat is where I belong!,我就在这!
RV2_TypePreferenceQuirkSatisfaction_Prey_Oral_Good.stages.0.label,Liked being swallowed by {0},label,ThoughtDefs\Thoughts_Memory_Quirk.xml,def,Liked being swallowed by <ALIMT >(PH_1)</ALIMT>,喜欢被吞噬{0}
RV2_TypePreferenceQuirkSatisfaction_Prey_Oral_Good.stages.0.description,"Ah, tongues and lips and teeth!~",description,ThoughtDefs\Thoughts_Memory_Quirk.xml,def,"Ah, tongues and lips and teeth!~",啊，舌头，嘴唇，牙齿!~
RV2_TypePreferenceQuirkSatisfaction_Prey_Oral_Bad.stages.0.label,Disliked being swallowed by {0},label,ThoughtDefs\Thoughts_Memory_Quirk.xml,def,Disliked being swallowed by <ALIMT >(PH_1)</ALIMT>,厌恶被吞噬{0}
RV2_TypePreferenceQuirkSatisfaction_Prey_Oral_Bad.stages.0.description,I think I scraped myself on a tooth.,description,ThoughtDefs\Thoughts_Memory_Quirk.xml,def,I think I scraped myself on a tooth.,我想我的牙齿擦伤了。
RV2_TypePreferenceQuirkSatisfaction_Prey_Oral_VeryBad.stages.0.label,Hated being swallowed by {0},label,ThoughtDefs\Thoughts_Memory_Quirk.xml,def,Hated being swallowed by <ALIMT >(PH_1)</ALIMT>,厌恶被吞噬{0}
RV2_TypePreferenceQuirkSatisfaction_Prey_Oral_VeryBad.stages.0.description,"I'll kick your teeth in next time, just you watch!",description,ThoughtDefs\Thoughts_Memory_Quirk.xml,def,"I'll kick your teeth in next time, just you watch!",下次我要踢你的牙，就你看着!
RV2_TypePreferenceQuirkSatisfaction_Prey_Vaginal_VeryGood.stages.0.label,Loved being unborn by {0},label,ThoughtDefs\Thoughts_Memory_Quirk.xml,def,Loved being unborn by <ALIMT >(PH_1)</ALIMT>,钟爱尚未出生的孩子被{0}
RV2_TypePreferenceQuirkSatisfaction_Prey_Vaginal_VeryGood.stages.0.description,Up the muff is where I belong!,description,ThoughtDefs\Thoughts_Memory_Quirk.xml,def,Up the muff is where I belong!,我属于这里!
RV2_TypePreferenceQuirkSatisfaction_Prey_Vaginal_Good.stages.0.label,Liked being unborn by {0},label,ThoughtDefs\Thoughts_Memory_Quirk.xml,def,Liked being unborn by <ALIMT >(PH_1)</ALIMT>,喜欢即将出世{0}
RV2_TypePreferenceQuirkSatisfaction_Prey_Vaginal_Good.stages.0.description,Comforting.,description,ThoughtDefs\Thoughts_Memory_Quirk.xml,def,Comforting.,令人感到安慰。
RV2_TypePreferenceQuirkSatisfaction_Prey_Vaginal_Bad.stages.0.label,Disliked being unborn by {0},label,ThoughtDefs\Thoughts_Memory_Quirk.xml,def,Disliked being unborn by <ALIMT >(PH_1)</ALIMT>,反感因{0}
RV2_TypePreferenceQuirkSatisfaction_Prey_Vaginal_Bad.stages.0.description,Being born once was enough.,description,ThoughtDefs\Thoughts_Memory_Quirk.xml,def,Being born once was enough.,出生一次就足够了。
RV2_TypePreferenceQuirkSatisfaction_Prey_Vaginal_VeryBad.stages.0.label,Hated being unborn by {0},label,ThoughtDefs\Thoughts_Memory_Quirk.xml,def,Hated being unborn by <ALIMT >(PH_1)</ALIMT>,厌恶尚未出生的孩子{0}
RV2_TypePreferenceQuirkSatisfaction_Prey_Vaginal_VeryBad.stages.0.description,I don't wanna go back!,description,ThoughtDefs\Thoughts_Memory_Quirk.xml,def,I don't wanna go back!,我不想回去!
RV2_GenderPreferenceQuirkSatisfaction_Predator_Male_VeryGood.stages.0.label,Loved consuming male ({0}),label,ThoughtDefs\Thoughts_Memory_Quirk.xml,def,Loved consuming male (<ALIMT >(PH_1)</ALIMT>),喜爱吞噬的男性 ({0})
RV2_GenderPreferenceQuirkSatisfaction_Predator_Male_VeryGood.stages.0.description,Nobody squirms quite like boys do.,description,ThoughtDefs\Thoughts_Memory_Quirk.xml,def,Nobody squirms quite like boys do.,没有人像男孩一样蠕动。
RV2_GenderPreferenceQuirkSatisfaction_Predator_Male_Good.stages.0.label,Liked consuming male ({0}),label,ThoughtDefs\Thoughts_Memory_Quirk.xml,def,Liked consuming male (<ALIMT >(PH_1)</ALIMT>),喜欢吞噬雄性 ({0})
RV2_GenderPreferenceQuirkSatisfaction_Predator_Male_Good.stages.0.description,Boys make the best snacks.,description,ThoughtDefs\Thoughts_Memory_Quirk.xml,def,Boys make the best snacks.,男孩做的零食是最好的。
RV2_GenderPreferenceQuirkSatisfaction_Predator_Male_Bad.stages.0.label,Hated consuming male ({0}),label,ThoughtDefs\Thoughts_Memory_Quirk.xml,def,Hated consuming male (<ALIMT >(PH_1)</ALIMT>),憎恶吞噬雄性 ({0})
RV2_GenderPreferenceQuirkSatisfaction_Predator_Male_Bad.stages.0.description,"Ugh, gross. When was the last time he showered?",description,ThoughtDefs\Thoughts_Memory_Quirk.xml,def,"Ugh, gross. When was the last time he showered?",呃，恶心。他最后一次洗澡是什么时候？
RV2_GenderPreferenceQuirkSatisfaction_Predator_Female_VeryGood.stages.0.label,Loved consuming female ({0}),label,ThoughtDefs\Thoughts_Memory_Quirk.xml,def,Loved consuming female (<ALIMT >(PH_1)</ALIMT>),喜爱吞噬雌性 ({0})
RV2_GenderPreferenceQuirkSatisfaction_Predator_Female_VeryGood.stages.0.description,"Nothing makes me happier than the feeling of soft, feminine curves inside me.",description,ThoughtDefs\Thoughts_Memory_Quirk.xml,def,"Nothing makes me happier than the feeling of soft, feminine curves inside me.",没有什么比柔美的曲线在我体内的感觉更让我开心了。
RV2_GenderPreferenceQuirkSatisfaction_Predator_Female_Good.stages.0.label,Liked consuming female ({0}),label,ThoughtDefs\Thoughts_Memory_Quirk.xml,def,Liked consuming female (<ALIMT >(PH_1)</ALIMT>),喜欢吞噬雌性 ({0})
RV2_GenderPreferenceQuirkSatisfaction_Predator_Female_Good.stages.0.description,Girls make the best snacks.,description,ThoughtDefs\Thoughts_Memory_Quirk.xml,def,Girls make the best snacks.,女孩们做的零食是最好的。
RV2_GenderPreferenceQuirkSatisfaction_Predator_Female_Bad.stages.0.label,Hated consuming female ({0}),label,ThoughtDefs\Thoughts_Memory_Quirk.xml,def,Hated consuming female (<ALIMT >(PH_1)</ALIMT>),憎恨吞噬雌性 ({0})
RV2_GenderPreferenceQuirkSatisfaction_Predator_Female_Bad.stages.0.description,She looked a lot better than she tasted.,description,ThoughtDefs\Thoughts_Memory_Quirk.xml,def,She looked a lot better than she tasted.,她看起来比味道好多了。
RV2_GenderPreferenceQuirkSatisfaction_Prey_Male_VeryGood.stages.0.label,Loved being consumed by a male ({0}),label,ThoughtDefs\Thoughts_Memory_Quirk.xml,def,Loved being consumed by a male (<ALIMT >(PH_1)</ALIMT>),爱上了被男性吞噬 ({0})
RV2_GenderPreferenceQuirkSatisfaction_Prey_Male_VeryGood.stages.0.description,"No matter how tough they play outside, they're wonderfully soft on the inside!",description,ThoughtDefs\Thoughts_Memory_Quirk.xml,def,"No matter how tough they play outside, they're wonderfully soft on the inside!",无论他们在外面打得多么硬派，他们的内心都非常软弱!
RV2_GenderPreferenceQuirkSatisfaction_Prey_Male_Good.stages.0.label,Liked being consumed by a male ({0}),label,ThoughtDefs\Thoughts_Memory_Quirk.xml,def,Liked being consumed by a male (<ALIMT >(PH_1)</ALIMT>),喜欢被雄性吞食 ({0})
RV2_GenderPreferenceQuirkSatisfaction_Prey_Male_Good.stages.0.description,Put me back!,description,ThoughtDefs\Thoughts_Memory_Quirk.xml,def,Put me back!,把我放回去!
RV2_GenderPreferenceQuirkSatisfaction_Prey_Male_Bad.stages.0.label,Hated being consumed by a  male ({0}),label,ThoughtDefs\Thoughts_Memory_Quirk.xml,def,Hated being consumed by a  male (<ALIMT >(PH_1)</ALIMT>),厌恶被雄性吞食 ({0})
RV2_GenderPreferenceQuirkSatisfaction_Prey_Male_Bad.stages.0.description,Somehow he was even more disgusting on the inside.,description,ThoughtDefs\Thoughts_Memory_Quirk.xml,def,Somehow he was even more disgusting on the inside.,不知怎的，他的内心就更令人作呕了。
RV2_GenderPreferenceQuirkSatisfaction_Prey_Female_VeryGood.stages.0.label,Loved being consumed by a  female ({0}),label,ThoughtDefs\Thoughts_Memory_Quirk.xml,def,Loved being consumed by a  female (<ALIMT >(PH_1)</ALIMT>),爱上了被雌性 ({0})
RV2_GenderPreferenceQuirkSatisfaction_Prey_Female_VeryGood.stages.0.description,Nothing better than the feeling of being completely enveloped by a beautiful woman.,description,ThoughtDefs\Thoughts_Memory_Quirk.xml,def,Nothing better than the feeling of being completely enveloped by a beautiful woman.,没有什么比被一个美丽的女人完全包围更好的了。
RV2_GenderPreferenceQuirkSatisfaction_Prey_Female_Good.stages.0.label,Liked being consumed by a  female ({0}),label,ThoughtDefs\Thoughts_Memory_Quirk.xml,def,Liked being consumed by a  female (<ALIMT >(PH_1)</ALIMT>),喜欢被雌性吞噬 ({0})
RV2_GenderPreferenceQuirkSatisfaction_Prey_Female_Good.stages.0.description,Put me back.,description,ThoughtDefs\Thoughts_Memory_Quirk.xml,def,Put me back.,把我放回去。
RV2_GenderPreferenceQuirkSatisfaction_Prey_Female_Bad.stages.0.label,Hated being consumed by a  female ({0}),label,ThoughtDefs\Thoughts_Memory_Quirk.xml,def,Hated being consumed by a  female (<ALIMT >(PH_1)</ALIMT>),厌恶被雌性吞噬 ({0})
RV2_GenderPreferenceQuirkSatisfaction_Prey_Female_Bad.stages.0.description,I can't believe that bitch got me!,description,ThoughtDefs\Thoughts_Memory_Quirk.xml,def,I can't believe that bitch got me!,我不敢相信那个婊子抓到我了!
RV2_SuccessfulStruggle_Prey.stages.0.label,Escaped vore,label,ThoughtDefs\Thoughts_Memory_Struggle.xml,def,Escaped <ALIMT >vore</ALIMT>,逃跑了吃人
RV2_SuccessfulStruggle_Prey.stages.0.description,"I was vored, but managed to struggle my way out of {1}!",description,ThoughtDefs\Thoughts_Memory_Struggle.xml,def,"I was vored, but managed to struggle my way out of <ALIMT >(PH_1)</ALIMT>!",我被抛弃了，但还是设法挣扎着逃离了{1}不!
RV2_SuccessfulStruggle_Predator.stages.0.label,Prey escaped,label,ThoughtDefs\Thoughts_Memory_Struggle.xml,def,Prey escaped,猎物逃跑了
RV2_SuccessfulStruggle_Predator.stages.0.description,"{1} managed to struggle out of me, what a shame!",description,ThoughtDefs\Thoughts_Memory_Struggle.xml,def,"<ALIMT >(PH_1)</ALIMT> managed to struggle out of me, what a shame!",{1}设法摆脱了我，真可惜!
RV2_PredatorOralDigestSuccess.stages.0.label,Orally digested {0},label,ThoughtDefs\Thoughts_Memory_Vore.xml,def,Orally digested <ALIMT >(PH_1)</ALIMT>,被消化{0}
RV2_PredatorOralDigestSuccess.stages.0.description,I ate and gurgled {1}. A satisfying meal!,description,ThoughtDefs\Thoughts_Memory_Vore.xml,def,I ate and gurgled <ALIMT >(PH_1)</ALIMT>. A satisfying meal!,我咯咯笑了起来{1}令人满意的一餐!
RV2_PredatorOralDigestInterrupted.stages.0.label,Oral digestion of {0} interrupted,label,ThoughtDefs\Thoughts_Memory_Vore.xml,def,<ALIMT >oral</ALIMT> digestion of <ALIMT >(PH_1)</ALIMT> interrupted,用嘴被消化的{0}被打断
RV2_PredatorOralDigestInterrupted.stages.0.description,"I tried to gurgle {1}, but they got away. *Now* what am I supposed to eat?",description,ThoughtDefs\Thoughts_Memory_Vore.xml,def,"I tried to gurgle <ALIMT >(PH_1)</ALIMT>, but they got away. *Now* what am I supposed to eat?","我试图咯咯笑{1},但他们跑了。* 现在 * 我应该吃什么？"
RV2_PreyOralDigestInterrupted.stages.0.label,Escaped oral digestion,label,ThoughtDefs\Thoughts_Memory_Vore.xml,def,Escaped <ALIMT >oral</ALIMT> digestion,逃跑了用嘴被消化
RV2_PreyOralDigestInterrupted.stages.0.description,{1} tried to eat me! I'm not food!,description,ThoughtDefs\Thoughts_Memory_Vore.xml,def,<ALIMT >(PH_1)</ALIMT> tried to eat me! I'm not food!,{1}想吃了我!我不是食物!
RV2_PredatorOralPleasureSuccess.stages.0.label,Bellied {0},label,ThoughtDefs\Thoughts_Memory_Vore.xml,def,Bellied <ALIMT >(PH_1)</ALIMT>,大肚{0}
RV2_PredatorOralPleasureSuccess.stages.0.description,I gave {1} a place to relax in my stomach. Being so full felt great!,description,ThoughtDefs\Thoughts_Memory_Vore.xml,def,I gave <ALIMT >(PH_1)</ALIMT> a place to relax in my stomach. Being so full felt great!,我给予{1}一个在我胃里放松的地方。吃得饱饱的感觉真是太棒了!
RV2_PredatorOralPleasureInterrupted.stages.0.label,Bellying {0} interrupted,label,ThoughtDefs\Thoughts_Memory_Vore.xml,def,Bellying <ALIMT >(PH_1)</ALIMT> interrupted,吼叫{0}被打断
RV2_PredatorOralPleasureInterrupted.stages.0.description,"I tried to give {1} a vacation in my stomach, but we were interrupted. How disappointing.",description,ThoughtDefs\Thoughts_Memory_Vore.xml,def,"I tried to give <ALIMT >(PH_1)</ALIMT> a vacation in my stomach, but we were interrupted. How disappointing.",我试图给予{1}一个假期在我肚子里，但我们被打断了。多么令人失望。
RV2_PreyOralPleasureSuccess.stages.0.label,Bellied by {0},label,ThoughtDefs\Thoughts_Memory_Vore.xml,def,Bellied by <ALIMT >(PH_1)</ALIMT>,被{0}
RV2_PreyOralPleasureSuccess.stages.0.description,{1} let me relax in their stomach. It was a great way to unwind!,description,ThoughtDefs\Thoughts_Memory_Vore.xml,def,<ALIMT >(PH_1)</ALIMT> let me relax in their stomach. It was a great way to unwind!,{1}让我在他们的肚子里放松一下。放松的好方法!
RV2_PreyOralPleasureInterrupted.stages.0.label,Bellying by {0} interrupted,label,ThoughtDefs\Thoughts_Memory_Vore.xml,def,Bellying by <ALIMT >(PH_1)</ALIMT> interrupted,因{0}被打断
RV2_PreyOralPleasureInterrupted.stages.0.description,"{1} tried to let me relax in their stomach, but we were interrupted. How disappointing.",description,ThoughtDefs\Thoughts_Memory_Vore.xml,def,"<ALIMT >(PH_1)</ALIMT> tried to let me relax in their stomach, but we were interrupted. How disappointing.",{1}试图让我在他们的肚子里放松，但我们被打断了。多么令人失望。
RV2_PredatorOralStoreEnd.stages.0.label,Released {0} from stomach-storage,label,ThoughtDefs\Thoughts_Memory_Vore.xml,def,Released <ALIMT >(PH_1)</ALIMT> from stomach-storage,已释放{0}从胃储存器中
RV2_PredatorOralStoreEnd.stages.0.description,I feel so much lighter!,description,ThoughtDefs\Thoughts_Memory_Vore.xml,def,I feel so much lighter!,我感觉轻松多了!
RV2_PreyOralStoreEnd.stages.0.label,Released from {0}'s stomach-storage,label,ThoughtDefs\Thoughts_Memory_Vore.xml,def,Released from <ALIMT >(PH_1)</ALIMT>'s stomach-storage,释放{0}的胃储存器
RV2_PreyOralStoreEnd.stages.0.description,It's nice to have room to stretch again.,description,ThoughtDefs\Thoughts_Memory_Vore.xml,def,It's nice to have room to stretch again.,有空间再次伸展身体真好。
RV2_PredatorOralHealSuccess.stages.0.label,Healed {0} in their stomach,label,ThoughtDefs\Thoughts_Memory_Vore.xml,def,Healed <ALIMT >(PH_1)</ALIMT> in their stomach,治愈{0}在它们的胃里
RV2_PredatorOralHealSuccess.stages.0.description,Good as new!,description,ThoughtDefs\Thoughts_Memory_Vore.xml,def,Good as new!,像新的一样优秀!
RV2_PreyOralHealSuccess.stages.0.label,Healed by {0}'s stomach,label,ThoughtDefs\Thoughts_Memory_Vore.xml,def,Healed by <ALIMT >(PH_1)</ALIMT>'s stomach,治愈{0}胃
RV2_PreyOralHealSuccess.stages.0.description,I had a reinvigorating bath.,description,ThoughtDefs\Thoughts_Memory_Vore.xml,def,I had a reinvigorating bath.,我洗了一个充满活力的浴缸。
RV2_PredatorFullTourStoreEnd.stages.0.label,Released {0} from stomach-storage by tour,label,ThoughtDefs\Thoughts_Memory_Vore.xml,def,Released <ALIMT >(PH_1)</ALIMT> from stomach-storage by tour,已释放{0}从胃-储存器之旅
RV2_PredatorFullTourStoreEnd.stages.0.description,I feel so much lighter!,description,ThoughtDefs\Thoughts_Memory_Vore.xml,def,I feel so much lighter!,我感觉轻松多了!
RV2_PreyFullTourStoreEnd.stages.0.label,Released from {0}'s stomach-storage by tour,label,ThoughtDefs\Thoughts_Memory_Vore.xml,def,Released from <ALIMT >(PH_1)</ALIMT>'s stomach-storage by tour,释放{0}旅行时的储存胃量
RV2_PreyFullTourStoreEnd.stages.0.description,It's nice to have room to stretch again.,description,ThoughtDefs\Thoughts_Memory_Vore.xml,def,It's nice to have room to stretch again.,有空间再次伸展身体真好。
RV2_PredatorFullTourPleasureSuccess.stages.0.label,Guided {0},label,ThoughtDefs\Thoughts_Memory_Vore.xml,def,Guided <ALIMT >(PH_1)</ALIMT>,引导{0}
RV2_PredatorFullTourPleasureSuccess.stages.0.description,I gave {1} a sensual tour of my digestive system. I feel a bit cleaner inside!,description,ThoughtDefs\Thoughts_Memory_Vore.xml,def,I gave <ALIMT >(PH_1)</ALIMT> a <ALIMT >sensual</ALIMT> tour of my digestive system. I feel a bit cleaner inside!,我给予{1}asensual巡视我的消化系统。我的身体变得更干净了!
RV2_PredatorFullTourPleasureInterrupted.stages.0.label,Guiding {0} interrupted,label,ThoughtDefs\Thoughts_Memory_Vore.xml,def,Guiding <ALIMT >(PH_1)</ALIMT> interrupted,引导{0}被打断
RV2_PredatorFullTourPleasureInterrupted.stages.0.description,"I tried to give {1} a full tour of my digestive system, but we were interrupted. How disappointing.",description,ThoughtDefs\Thoughts_Memory_Vore.xml,def,"I tried to give <ALIMT >(PH_1)</ALIMT> a <ALIMT >full tour</ALIMT> of my digestive system, but we were interrupted. How disappointing.",我试图给予{1}afull tour我的消化系统，但我们被打断了。多么令人失望。
RV2_PreyFullTourPleasureSuccess.stages.0.label,Guided by {0},label,ThoughtDefs\Thoughts_Memory_Vore.xml,def,Guided by <ALIMT >(PH_1)</ALIMT>,受驱使{0}
RV2_PreyFullTourPleasureSuccess.stages.0.description,"{1} gave me a sensual tour of their digestive system. Every inch, a pleasure!",description,ThoughtDefs\Thoughts_Memory_Vore.xml,def,"<ALIMT >(PH_1)</ALIMT> gave me a <ALIMT >sensual</ALIMT> tour of their digestive system. Every inch, a pleasure!",{1}给了我一个性感的巡视他们的消化系统。每一寸，一种乐趣!
RV2_PreyFullTourPleasureInterrupted.stages.0.label,Tour by {0} interrupted,label,ThoughtDefs\Thoughts_Memory_Vore.xml,def,Tour by <ALIMT >(PH_1)</ALIMT> interrupted,按{0}被打断
RV2_PreyFullTourPleasureInterrupted.stages.0.description,"{1} tried to give me a full tour of their digestive system, but we were interrupted. How disappointing.",description,ThoughtDefs\Thoughts_Memory_Vore.xml,def,"<ALIMT >(PH_1)</ALIMT> tried to give me a <ALIMT >full tour</ALIMT> of their digestive system, but we were interrupted. How disappointing.",{1}试图给我一个消化道游览他们的消化系统，但我们被打断了。多么令人失望。
RV2_PredatorFullTourHealSuccess.stages.0.label,Healed {0} in their guts,label,ThoughtDefs\Thoughts_Memory_Vore.xml,def,Healed <ALIMT >(PH_1)</ALIMT> in their guts,治愈{0}在它们的肠子里
RV2_PredatorFullTourHealSuccess.stages.0.description,"Good as new, hope you enjoyed the ride!",description,ThoughtDefs\Thoughts_Memory_Vore.xml,def,"Good as new, hope you enjoyed the ride!",像新的一样，希望你旅途愉快!
RV2_PreyFullTourHealSuccess.stages.0.label,Healed by {0}'s guts,label,ThoughtDefs\Thoughts_Memory_Vore.xml,def,Healed by <ALIMT >(PH_1)</ALIMT>'s guts,治愈{0}的勇气
RV2_PreyFullTourHealSuccess.stages.0.description,"I had a reinvigorating bath, and a nice trip.",description,ThoughtDefs\Thoughts_Memory_Vore.xml,def,"I had a reinvigorating bath, and a nice trip.",我洗了一个充满活力的浴缸，旅途愉快。
RV2_PredatorAnalDigestSuccess.stages.0.label,Anally digested {0},label,ThoughtDefs\Thoughts_Memory_Vore.xml,def,Anally digested <ALIMT >(PH_1)</ALIMT>,被消化{0}
RV2_PredatorAnalDigestSuccess.stages.0.description,I lost {1} in my rear end--permanently!,description,ThoughtDefs\Thoughts_Memory_Vore.xml,def,I lost <ALIMT >(PH_1)</ALIMT> in my rear end--permanently!,我输了{1}在我的屁股里 -- 永久!
RV2_PredatorAnalDigestInterrupted.stages.0.label,Anal digestion of {0} interrupted,label,ThoughtDefs\Thoughts_Memory_Vore.xml,def,<ALIMT >anal</ALIMT> digestion of <ALIMT >(PH_1)</ALIMT> interrupted,肛门被消化的{0}被打断
RV2_PredatorAnalDigestInterrupted.stages.0.description,"I tried to eat {1} with my ass, but they got away. *Now* how am I supposed to feed my tush?",description,ThoughtDefs\Thoughts_Memory_Vore.xml,def,"I tried to eat <ALIMT >(PH_1)</ALIMT> with my <ALIMT >ass</ALIMT>, but they got away. *Now* how am I supposed to feed my tush?","我试着进食{1}与我的屁股,但他们跑了。* 现在 * 我该怎么喂养我的树精？"
RV2_PreyAnalDigestInterrupted.stages.0.label,Escaped anal digestion,label,ThoughtDefs\Thoughts_Memory_Vore.xml,def,Escaped <ALIMT >anal</ALIMT> digestion,逃跑了肛门被消化
RV2_PreyAnalDigestInterrupted.stages.0.description,{1} tried to feed me to their ass! I'm not butt-food!,description,ThoughtDefs\Thoughts_Memory_Vore.xml,def,<ALIMT >(PH_1)</ALIMT> tried to feed me to their <ALIMT >ass</ALIMT>! I'm not butt-food!,{1}试图把我喂给他们屁股不!我又不是屁股饭!
RV2_PredatorAnalPleasureSuccess.stages.0.label,Posternated {0},label,ThoughtDefs\Thoughts_Memory_Vore.xml,def,Posternated <ALIMT >(PH_1)</ALIMT>,后发{0}
RV2_PredatorAnalPleasureSuccess.stages.0.description,"I lost {1} up my butt for a while. They're back out, now.",description,ThoughtDefs\Thoughts_Memory_Vore.xml,def,"I lost <ALIMT >(PH_1)</ALIMT> up my butt for a while. They're back out, now.",我输了{1}抬起我的屁股一段时间。他们现在回来了。
RV2_PredatorAnalPleasureInterrupted.stages.0.label,Posternation of {0} interrupted,label,ThoughtDefs\Thoughts_Memory_Vore.xml,def,Posternation of <ALIMT >(PH_1)</ALIMT> interrupted,后者{0}被打断
RV2_PredatorAnalPleasureInterrupted.stages.0.description,"I tried to stuff {1} up my butt, but we were interrupted. How disappointing.",description,ThoughtDefs\Thoughts_Memory_Vore.xml,def,"I tried to stuff <ALIMT >(PH_1)</ALIMT> up my butt, but we were interrupted. How disappointing.",我试着去填充{1}抬起我的屁股，但我们被打断了。多么令人失望。
RV2_PreyAnalPleasureSuccess.stages.0.label,Posternated by {0},label,ThoughtDefs\Thoughts_Memory_Vore.xml,def,Posternated by <ALIMT >(PH_1)</ALIMT>,由{0}
RV2_PreyAnalPleasureSuccess.stages.0.description,{1} sent me deep inside their derriere. I'm a spelunker!,description,ThoughtDefs\Thoughts_Memory_Vore.xml,def,<ALIMT >(PH_1)</ALIMT> sent me deep inside their derriere. I'm a spelunker!,{1}让我深入他们的臀部。我是一名洞穴猎人!
RV2_PreyAnalPleasureInterrupted.stages.0.label,Posternation by {0} interrupted,label,ThoughtDefs\Thoughts_Memory_Vore.xml,def,Posternation by <ALIMT >(PH_1)</ALIMT> interrupted,邮寄给{0}被打断
RV2_PreyAnalPleasureInterrupted.stages.0.description,"{1} tried to push me up their posterior, but we were interrupted. How disappointing.",description,ThoughtDefs\Thoughts_Memory_Vore.xml,def,"<ALIMT >(PH_1)</ALIMT> tried to push me up their posterior, but we were interrupted. How disappointing.",{1}试图把我推到他们的后面，但我们被打断了。多么令人失望。
RV2_PredatorAnalStoreEnd.stages.0.label,Released {0} from intestinal storage,label,ThoughtDefs\Thoughts_Memory_Vore.xml,def,Released <ALIMT >(PH_1)</ALIMT> from intestinal storage,已释放{0}来自肠道储存器
RV2_PredatorAnalStoreEnd.stages.0.description,I feel so much lighter!,description,ThoughtDefs\Thoughts_Memory_Vore.xml,def,I feel so much lighter!,我感觉轻松多了!
RV2_PreyAnalStoreEnd.stages.0.label,Released from {0}'s intestinal storage,label,ThoughtDefs\Thoughts_Memory_Vore.xml,def,Released from <ALIMT >(PH_1)</ALIMT>'s intestinal storage,释放{0}的肠道储存器
RV2_PreyAnalStoreEnd.stages.0.description,It's nice to have room to stretch again.,description,ThoughtDefs\Thoughts_Memory_Vore.xml,def,It's nice to have room to stretch again.,有空间再次伸展身体真好。
RV2_PredatorVaginalConvertLubeSuccess.stages.0.label,Vaginally lubrified {0},label,ThoughtDefs\Thoughts_Memory_Vore.xml,def,Vaginally lubrified <ALIMT >(PH_1)</ALIMT>,经阴道失去知觉{0}
RV2_PredatorVaginalConvertLubeSuccess.stages.0.description,I unbirthed and melted {1} into lube. Their life began in one womb (probably) and ended in another.,description,ThoughtDefs\Thoughts_Memory_Vore.xml,def,I unbirthed and melted <ALIMT >(PH_1)</ALIMT> into <ALIMT >lube</ALIMT>. Their life began in one womb (probably) and ended in another.,我刚出生就融化了{1}入润滑油他们的生命始于一个子宫 (可能)，止于另一个子宫。
RV2_PredatorVaginalConvertLubeInterrupted.stages.0.label,Vaginal lubrifaction of {0} interrupted,label,ThoughtDefs\Thoughts_Memory_Vore.xml,def,<ALIMT >vaginal</ALIMT> lubrifaction of <ALIMT >(PH_1)</ALIMT> interrupted,阴道淫荡于{0}被打断
RV2_PredatorVaginalConvertLubeInterrupted.stages.0.description,"I tried to melt {1} into lube, but they got away. Now I'm all pent-up...",description,ThoughtDefs\Thoughts_Memory_Vore.xml,def,"I tried to melt <ALIMT >(PH_1)</ALIMT> into <ALIMT >lube</ALIMT>, but they got away. Now I'm all pent-up...","我试图融化{1}入润滑油,但他们跑了。现在我都被压抑了..."
RV2_PreyVaginalConvertLubeInterrupted.stages.0.label,Escaped vaginal lubrifaction by {0},label,ThoughtDefs\Thoughts_Memory_Vore.xml,def,Escaped <ALIMT >vaginal</ALIMT> lubrifaction by <ALIMT >(PH_1)</ALIMT>,逃跑了阴道淫荡于{0}
RV2_PreyVaginalConvertLubeInterrupted.stages.0.description,{1} tried to melt me into lube in their womb! I'm not a disposable sex-toy!,description,ThoughtDefs\Thoughts_Memory_Vore.xml,def,<ALIMT >(PH_1)</ALIMT> tried to melt me into <ALIMT >lube</ALIMT> in their womb! I'm not a disposable <ALIMT >sex</ALIMT>-<ALIMT >toy</ALIMT>!,{1}试图将我熔化润滑油在他们的子宫里!我不是一次性的sexXtoy不!
RV2_PredatorVaginalReformSuccess.stages.0.label,Rebirthed {0},label,ThoughtDefs\Thoughts_Memory_Vore.xml,def,Rebirthed <ALIMT >(PH_1)</ALIMT>,重生{0}
RV2_PredatorVaginalReformSuccess.stages.0.description,They look way better with my genes.,description,ThoughtDefs\Thoughts_Memory_Vore.xml,def,They look way better with my genes.,以我的基因来看，他们看起来好多了。
RV2_PredatorVaginalReformInterrupted.stages.0.label,Rebirth of {0} interrupted,label,ThoughtDefs\Thoughts_Memory_Vore.xml,def,Rebirth of <ALIMT >(PH_1)</ALIMT> interrupted,重生{0}被打断
RV2_PredatorVaginalReformInterrupted.stages.0.description,How disappointing.,description,ThoughtDefs\Thoughts_Memory_Vore.xml,def,How disappointing.,多么令人失望。
RV2_PreyVaginalReformSuccess.stages.0.label,Reborn by {0},label,ThoughtDefs\Thoughts_Memory_Vore.xml,def,Reborn by <ALIMT >(PH_1)</ALIMT>,被{0}
RV2_PreyVaginalReformSuccess.stages.0.description,Who... Who am I?,description,ThoughtDefs\Thoughts_Memory_Vore.xml,def,Who... Who am I?,谁...你是谁？
RV2_PreyVaginalReformInterrupted.stages.0.label,Rebirth by {0} interrupted,label,ThoughtDefs\Thoughts_Memory_Vore.xml,def,Rebirth by <ALIMT >(PH_1)</ALIMT> interrupted,通过{0}被打断
RV2_PreyVaginalReformInterrupted.stages.0.description,I was starting to lose myself...,description,ThoughtDefs\Thoughts_Memory_Vore.xml,def,I was starting to lose myself...,我开始迷失自我了.
RV2_PredatorVaginalPleasureSuccess.stages.0.label,Unbirthed {0} as a sex-toy,label,ThoughtDefs\Thoughts_Memory_Vore.xml,def,Unbirthed <ALIMT >(PH_1)</ALIMT> as a <ALIMT >sex</ALIMT>-<ALIMT >toy</ALIMT>,未生育{0}作为一个sexXtoy
RV2_PredatorVaginalPleasureSuccess.stages.0.description,I fucked myself with {1}! I'm still twitching just thinking about it.~,description,ThoughtDefs\Thoughts_Memory_Vore.xml,def,I fucked myself with <ALIMT >(PH_1)</ALIMT>! I'm still twitching just thinking about it.~,我用干了自己{1}不!一想到这，我还在抽搐。~
RV2_PredatorVaginalPleasureInterrupted.stages.0.label,Unbirthing of {0} as a sex-toy interrupted,label,ThoughtDefs\Thoughts_Memory_Vore.xml,def,Unbirthing of <ALIMT >(PH_1)</ALIMT> as a <ALIMT >sex</ALIMT>-<ALIMT >toy</ALIMT> interrupted,展开{0}作为一个sexXtoy被打断
RV2_PredatorVaginalPleasureInterrupted.stages.0.description,"I tried to fuck myself with {1}, but we were interrupted. Can't I get just a moment to unwind?",description,ThoughtDefs\Thoughts_Memory_Vore.xml,def,"I tried to fuck myself with <ALIMT >(PH_1)</ALIMT>, but we were interrupted. Can't I get just a <ALIMT >moment</ALIMT> to unwind?","我试图操我自己{1},但我们被打断了。我就不能得到一个瞬间放松一下？"
RV2_PreyVaginalPleasureSuccess.stages.0.label,Unbirthed by {0} as a sex-toy,label,ThoughtDefs\Thoughts_Memory_Vore.xml,def,Unbirthed by <ALIMT >(PH_1)</ALIMT> as a <ALIMT >sex</ALIMT>-<ALIMT >toy</ALIMT>,未生育{0}作为一个sexXtoy
RV2_PreyVaginalPleasureSuccess.stages.0.description,"{1} used me as a living dildo! I'm a little bit dizzy, but damn if it wasn't hot!",description,ThoughtDefs\Thoughts_Memory_Vore.xml,def,"<ALIMT >(PH_1)</ALIMT> used me as a living <ALIMT >dildo</ALIMT>! I'm a little bit dizzy, but damn if it wasn't <ALIMT >hot</ALIMT>!",{1}以我为生假阴茎不!我有点头晕，但该死的如果不是这样性感的不!
RV2_PreyVaginalPleasureInterrupted.stages.0.label,Unbirth by {0} as a sex-toy interrupted,label,ThoughtDefs\Thoughts_Memory_Vore.xml,def,Unbirth by <ALIMT >(PH_1)</ALIMT> as a <ALIMT >sex</ALIMT>-<ALIMT >toy</ALIMT> interrupted,未生育{0}作为一个sexXtoy被打断
RV2_PreyVaginalPleasureInterrupted.stages.0.description,"{1} tried to use me like a dildo, but we were interrupted. I was so excited, too.",description,ThoughtDefs\Thoughts_Memory_Vore.xml,def,"<ALIMT >(PH_1)</ALIMT> tried to use me like a <ALIMT >dildo</ALIMT>, but we were interrupted. I was so excited, too.","{1}试图像个混蛋一样利用我假阴茎,但我们被打断了。我也很兴奋。"
RV2_PredatorVaginalStoreEnd.stages.0.label,Released {0} from womb-storage,label,ThoughtDefs\Thoughts_Memory_Vore.xml,def,Released <ALIMT >(PH_1)</ALIMT> from womb-storage,已释放{0}从储存室
RV2_PredatorVaginalStoreEnd.stages.0.description,That's a load off my hips!,description,ThoughtDefs\Thoughts_Memory_Vore.xml,def,That's a load off my hips!,真讨厌我!
RV2_PreyVaginalStoreEnd.stages.0.label,Released from {0}'s womb-storage,label,ThoughtDefs\Thoughts_Memory_Vore.xml,def,Released from <ALIMT >(PH_1)</ALIMT>'s womb-storage,释放{0}的子宫储存器
RV2_PreyVaginalStoreEnd.stages.0.description,It's nice to have room to stretch again.,description,ThoughtDefs\Thoughts_Memory_Vore.xml,def,It's nice to have room to stretch again.,有空间再次伸展身体真好。
RV2_PredatorVaginalHealSuccess.stages.0.label,Healed {0} in their womb,label,ThoughtDefs\Thoughts_Memory_Vore.xml,def,Healed <ALIMT >(PH_1)</ALIMT> in their womb,治愈{0}在他们的子宫内
RV2_PredatorVaginalHealSuccess.stages.0.description,Good as new!,description,ThoughtDefs\Thoughts_Memory_Vore.xml,def,Good as new!,像新的一样优秀!
RV2_PreyVaginalHealSuccess.stages.0.label,Healed by {0}'s womb,label,ThoughtDefs\Thoughts_Memory_Vore.xml,def,Healed by <ALIMT >(PH_1)</ALIMT>'s womb,治愈{0}的子宫
RV2_PreyVaginalHealSuccess.stages.0.description,I had a reinvigorating bath.,description,ThoughtDefs\Thoughts_Memory_Vore.xml,def,I had a reinvigorating bath.,我洗了一个充满活力的浴缸。
RV2_PredatorCockConvertSpermSuccess.stages.0.label,Phallically spermified {0},label,ThoughtDefs\Thoughts_Memory_Vore.xml,def,Phallically spermified <ALIMT >(PH_1)</ALIMT>,阳刚精子{0}
RV2_PredatorCockConvertSpermSuccess.stages.0.description,"I unsowed and melted {1} into cum. Seed, to living being, to seed again.",description,ThoughtDefs\Thoughts_Memory_Vore.xml,def,"I unsowed and melted <ALIMT >(PH_1)</ALIMT> into <ALIMT >cum</ALIMT>. Seed, to living being, to seed again.",我未播种，融化了{1}入精液播种，植入活着的生物，植入种子。
RV2_PredatorCockConvertSpermInterrupted.stages.0.label,Phallic spermifaction of {0} interrupted,label,ThoughtDefs\Thoughts_Memory_Vore.xml,def,Phallic spermifaction of <ALIMT >(PH_1)</ALIMT> interrupted,阳刚精液{0}被打断
RV2_PredatorCockConvertSpermInterrupted.stages.0.description,"I tried to churn {1} down into batter, but they got away. Now I'm all pent-up...",description,ThoughtDefs\Thoughts_Memory_Vore.xml,def,"I tried to churn <ALIMT >(PH_1)</ALIMT> down into batter, but they got away. Now I'm all pent-up...",我试着搅动{1}变成了击球手，但他们逃走了。现在我都被压抑了...
RV2_PreyCockConvertSpermInterrupted.stages.0.label,Escaped phallic spermifaction by {0},label,ThoughtDefs\Thoughts_Memory_Vore.xml,def,Escaped phallic spermifaction by <ALIMT >(PH_1)</ALIMT>,逃脱时{0}
RV2_PreyCockConvertSpermInterrupted.stages.0.description,{1} tried to melt me into sperm! I'm not a disposable sex-toy!,description,ThoughtDefs\Thoughts_Memory_Vore.xml,def,<ALIMT >(PH_1)</ALIMT> tried to melt me into <ALIMT >sperm</ALIMT>! I'm not a disposable <ALIMT >sex</ALIMT>-<ALIMT >toy</ALIMT>!,{1}试图将我熔化精子不!我不是一次性的sexXtoy不!
RV2_PredatorCockPleasureSuccess.stages.0.label,Unsowed {0} as a sex-toy,label,ThoughtDefs\Thoughts_Memory_Vore.xml,def,Unsowed <ALIMT >(PH_1)</ALIMT> as a <ALIMT >sex</ALIMT>-<ALIMT >toy</ALIMT>,未播种{0}作为一个sexXtoy
RV2_PredatorCockPleasureSuccess.stages.0.description,I sounded myself with {1}--and dropped them in.~,description,ThoughtDefs\Thoughts_Memory_Vore.xml,def,I sounded myself with <ALIMT >(PH_1)</ALIMT>--and dropped them in.~,我的声音听起来{1}~
RV2_PredatorCockPleasureInterrupted.stages.0.label,Unsowing of {0} as a sex-toy interrupted,label,ThoughtDefs\Thoughts_Memory_Vore.xml,def,Unsowing of <ALIMT >(PH_1)</ALIMT> as a <ALIMT >sex</ALIMT>-<ALIMT >toy</ALIMT> interrupted,未播种{0}作为一个sexXtoy被打断
RV2_PredatorCockPleasureInterrupted.stages.0.description,"I tried to use {1} as a sounding-rod, but we were interrupted. Can't I get just a moment to unwind?",description,ThoughtDefs\Thoughts_Memory_Vore.xml,def,"I tried to use <ALIMT >(PH_1)</ALIMT> as a sounding-rod, but we were interrupted. Can't I get just a <ALIMT >moment</ALIMT> to unwind?",我尝试使用{1}作为探测杆，但我们被打断了。我就不能得到一个瞬间放松一下？
RV2_PreyCockPleasureSuccess.stages.0.label,Unsown by {0} as a sex-toy,label,ThoughtDefs\Thoughts_Memory_Vore.xml,def,Unsown by <ALIMT >(PH_1)</ALIMT> as a <ALIMT >sex</ALIMT>-<ALIMT >toy</ALIMT>,未播种{0}作为一个sexXtoy
RV2_PreyCockPleasureSuccess.stages.0.description,"{1} used me as a living sounding-rod! I'm a little bit dizzy, but damn if it wasn't hot!",description,ThoughtDefs\Thoughts_Memory_Vore.xml,def,"<ALIMT >(PH_1)</ALIMT> used me as a living sounding-rod! I'm a little bit dizzy, but damn if it wasn't <ALIMT >hot</ALIMT>!",{1}把我当作活的试探杆!我有点头晕，但该死的如果不是这样性感的不!
RV2_PreyCockPleasureInterrupted.stages.0.label,Unsowing by {0} as a sex-toy interrupted,label,ThoughtDefs\Thoughts_Memory_Vore.xml,def,Unsowing by <ALIMT >(PH_1)</ALIMT> as a <ALIMT >sex</ALIMT>-<ALIMT >toy</ALIMT> interrupted,未播种{0}作为一个sexXtoy被打断
RV2_PreyCockPleasureInterrupted.stages.0.description,"{1} tried to use me like a sounding-rod, but we were interrupted. I was so excited, too.",description,ThoughtDefs\Thoughts_Memory_Vore.xml,def,"<ALIMT >(PH_1)</ALIMT> tried to use me like a sounding-rod, but we were interrupted. I was so excited, too.",{1}我想把我当作探测杆来利用，但是我们被打断了。我也很兴奋。
RV2_PredatorCockStoreEnd.stages.0.label,Released {0} from ball-storage,label,ThoughtDefs\Thoughts_Memory_Vore.xml,def,Released <ALIMT >(PH_1)</ALIMT> from ball-storage,已释放{0}从储存球区
RV2_PredatorCockStoreEnd.stages.0.description,That's a weight off my loins!,description,ThoughtDefs\Thoughts_Memory_Vore.xml,def,That's a weight off my loins!,我的腰已经瘦了!
RV2_PreyCockStoreEnd.stages.0.label,Released from {0}'s ball-storage,label,ThoughtDefs\Thoughts_Memory_Vore.xml,def,Released from <ALIMT >(PH_1)</ALIMT>'s ball-storage,释放{0}的控球区
RV2_PreyCockStoreEnd.stages.0.description,It's nice to have room to stretch again.,description,ThoughtDefs\Thoughts_Memory_Vore.xml,def,It's nice to have room to stretch again.,有空间再次伸展身体真好。
RV2_PredatorCockHealSuccess.stages.0.label,Healed {0} in their testicles,label,ThoughtDefs\Thoughts_Memory_Vore.xml,def,Healed <ALIMT >(PH_1)</ALIMT> in their <ALIMT >testicles</ALIMT>,治愈{0}在他们的睾丸/蛋蛋
RV2_PredatorCockHealSuccess.stages.0.description,Good as new!,description,ThoughtDefs\Thoughts_Memory_Vore.xml,def,Good as new!,像新的一样优秀!
RV2_PreyCockHealSuccess.stages.0.label,Healed by {0}'s testicles,label,ThoughtDefs\Thoughts_Memory_Vore.xml,def,Healed by <ALIMT >(PH_1)</ALIMT>'s <ALIMT >testicles</ALIMT>,治愈{0}的睾丸/蛋蛋
RV2_PreyCockHealSuccess.stages.0.description,I had a reinvigorating bath.,description,ThoughtDefs\Thoughts_Memory_Vore.xml,def,I had a reinvigorating bath.,我洗了一个充满活力的浴缸。
RV2_PredatorNippleConvertMilkSuccess.stages.0.label,Mammily lactified {0},label,ThoughtDefs\Thoughts_Memory_Vore.xml,def,Mammily lactified <ALIMT >(PH_1)</ALIMT>,哺乳动物裂解{0}
RV2_PredatorNippleConvertMilkSuccess.stages.0.description,I unsuckled {1} and melted them into milk. They made a delicious batch!,description,ThoughtDefs\Thoughts_Memory_Vore.xml,def,I unsuckled <ALIMT >(PH_1)</ALIMT> and melted them into milk. They made a delicious batch!,我未吮吸{1}并将它们融化成乳汁。他们做出了一批美味的!
RV2_PredatorNippleConvertMilkInterrupted.stages.0.label,Mammary lactifaction of {0} interrupted,label,ThoughtDefs\Thoughts_Memory_Vore.xml,def,Mammary lactifaction of <ALIMT >(PH_1)</ALIMT> interrupted,乳房喷出液体（通常是乳汁）。是挤奶的前置标签。喂养{0}被打断
RV2_PredatorNippleConvertMilkInterrupted.stages.0.description,"I tried to churn {1} down into milk, but they got away. My taps are so dry...",description,ThoughtDefs\Thoughts_Memory_Vore.xml,def,"I tried to churn <ALIMT >(PH_1)</ALIMT> down into milk, but they got away. My taps are so dry...",我试着搅动{1}进入乳汁后，它们成功逃脱了。我的水龙头太干了...
RV2_PreyNippleConvertMilkInterrupted.stages.0.label,Escaped mammary lactifaction by {0},label,ThoughtDefs\Thoughts_Memory_Vore.xml,def,Escaped mammary lactifaction by <ALIMT >(PH_1)</ALIMT>,乳汁裂解至{0}
RV2_PreyNippleConvertMilkInterrupted.stages.0.description,{1} tried to churn me into milk! I'm not an enriching source of calcium!,description,ThoughtDefs\Thoughts_Memory_Vore.xml,def,<ALIMT >(PH_1)</ALIMT> tried to churn me into milk! I'm not an enriching source of calcium!,{1}想把我搅成乳汁!我可不是补钙的来源!
RV2_PredatorNipplePleasureSuccess.stages.0.label,Unsuckled {0} as a sex-toy,label,ThoughtDefs\Thoughts_Memory_Vore.xml,def,Unsuckled <ALIMT >(PH_1)</ALIMT> as a <ALIMT >sex</ALIMT>-<ALIMT >toy</ALIMT>,未吮吸{0}作为一个sexXtoy
RV2_PredatorNipplePleasureSuccess.stages.0.description,{1} massaged my tit from the inside-out! They should bring a friend or two next time...~,description,ThoughtDefs\Thoughts_Memory_Vore.xml,def,<ALIMT >(PH_1)</ALIMT> massaged my tit from the inside-out! They should bring a friend or two next time...~,{1}从里到外给我的乳头按摩了!他们下次应该会带一两个朋友来... ~
RV2_PredatorNipplePleasureInterrupted.stages.0.label,Unsuckling of {0} as a sex-toy interrupted,label,ThoughtDefs\Thoughts_Memory_Vore.xml,def,Unsuckling of <ALIMT >(PH_1)</ALIMT> as a <ALIMT >sex</ALIMT>-<ALIMT >toy</ALIMT> interrupted,未吮吸的{0}作为一个sexXtoy被打断
RV2_PredatorNipplePleasureInterrupted.stages.0.description,"I tried to give {1} a milk-bath, but we were interrupted. Can't I get just a moment to unwind?",description,ThoughtDefs\Thoughts_Memory_Vore.xml,def,"I tried to give <ALIMT >(PH_1)</ALIMT> a milk-bath, but we were interrupted. Can't I get just a <ALIMT >moment</ALIMT> to unwind?",我试图给予{1}洗了牛奶浴，但我们被打断了。我就不能得到一个瞬间放松一下？
RV2_PreyNipplePleasureSuccess.stages.0.label,Unsuckled by {0} as a sex-toy,label,ThoughtDefs\Thoughts_Memory_Vore.xml,def,Unsuckled by <ALIMT >(PH_1)</ALIMT> as a <ALIMT >sex</ALIMT>-<ALIMT >toy</ALIMT>,被吸食{0}作为一个sexXtoy
RV2_PreyNipplePleasureSuccess.stages.0.description,"{1} gave me a long, warm bath in their milk, right where it gets made! I feel revitalized!",description,ThoughtDefs\Thoughts_Memory_Vore.xml,def,"<ALIMT >(PH_1)</ALIMT> gave me a long, warm bath in their milk, right where it gets made! I feel revitalized!",{1}在他们的乳房喷出液体（通常是乳汁）。是挤奶的前置标签。中给我洗了一个长而温暖的浴缸，就在它被制造的地方!我感觉精力充沛了!
RV2_PreyNipplePleasureInterrupted.stages.0.label,Unsuckling by {0} as a sex-toy interrupted,label,ThoughtDefs\Thoughts_Memory_Vore.xml,def,Unsuckling by <ALIMT >(PH_1)</ALIMT> as a <ALIMT >sex</ALIMT>-<ALIMT >toy</ALIMT> interrupted,被吸食{0}作为一个sexXtoy被打断
RV2_PreyNipplePleasureInterrupted.stages.0.description,"{1} tried to draw me a milk-bath, but we were interrupted. I was hoping to relieve some tension in the spa...",description,ThoughtDefs\Thoughts_Memory_Vore.xml,def,"<ALIMT >(PH_1)</ALIMT> tried to draw me a milk-bath, but we were interrupted. I was hoping to relieve some tension in the spa...",{1}我想洗个奶浴，但被打断了。我想在温泉浴场放松一下...
RV2_PredatorNippleStoreEnd.stages.0.label,Released {0} from breast-storage,label,ThoughtDefs\Thoughts_Memory_Vore.xml,def,Released <ALIMT >(PH_1)</ALIMT> from <ALIMT >breast</ALIMT>-storage,已释放{0}来自乳房-储存区
RV2_PredatorNippleStoreEnd.stages.0.description,"Oh, my back is ever so grateful!",description,ThoughtDefs\Thoughts_Memory_Vore.xml,def,"Oh, my back is ever so grateful!",噢，我的背真是感激不尽!
RV2_PreyNippleStoreEnd.stages.0.label,Released from {0}'s breast-storage,label,ThoughtDefs\Thoughts_Memory_Vore.xml,def,Released from <ALIMT >(PH_1)</ALIMT>'s <ALIMT >breast</ALIMT>-storage,释放{0}的乳房-储存区
RV2_PreyNippleStoreEnd.stages.0.description,It's nice to have room to stretch again.,description,ThoughtDefs\Thoughts_Memory_Vore.xml,def,It's nice to have room to stretch again.,有空间再次伸展身体真好。
RV2_PredatorNippleHealSuccess.stages.0.label,Healed {0} in their breasts,label,ThoughtDefs\Thoughts_Memory_Vore.xml,def,Healed <ALIMT >(PH_1)</ALIMT> in their <ALIMT >breasts</ALIMT>,治愈{0}在他们的乳房
RV2_PredatorNippleHealSuccess.stages.0.description,Good as new!,description,ThoughtDefs\Thoughts_Memory_Vore.xml,def,Good as new!,像新的一样优秀!
RV2_PreyNippleHealSuccess.stages.0.label,Healed by {0}'s breasts,label,ThoughtDefs\Thoughts_Memory_Vore.xml,def,Healed by <ALIMT >(PH_1)</ALIMT>'s <ALIMT >breasts</ALIMT>,治愈{0}的乳房
RV2_PreyNippleHealSuccess.stages.0.description,I had a reinvigorating bath.,description,ThoughtDefs\Thoughts_Memory_Vore.xml,def,I had a reinvigorating bath.,我洗了一个充满活力的浴缸。
RV2_FatallyVoredMemory_Social.stages.0.label,fatally vored someone I liked,label,ThoughtDefs\Thoughts_Memory_Vore_Digested.xml,def,fatally vored someone I liked,杀了我喜欢的人
RV2_FatallyVoredMemory_Rival_Social.stages.0.label,fatally vored my rival in a way I like,label,ThoughtDefs\Thoughts_Memory_Vore_Digested.xml,def,fatally vored my rival in a way I like,以我喜欢的方式折磨我的仇人
RV2_FatallyVoredMemory_Mood.stages.0.label,A friend was fatally vored,label,ThoughtDefs\Thoughts_Memory_Vore_Digested.xml,def,A friend was fatally vored,一个朋友被杀了
RV2_FatallyVoredMemory_Mood.stages.0.description,Someone I like was gurgled into nothingness...,description,ThoughtDefs\Thoughts_Memory_Vore_Digested.xml,def,Someone I like was gurgled into nothingness...,我喜欢的人含蓄地陷入虚无...
RV2_FatallyVoredMemory_Rival_Mood.stages.0.label,A rival was fatally vored,label,ThoughtDefs\Thoughts_Memory_Vore_Digested.xml,def,A rival was fatally vored,一个仇人被杀了
RV2_FatallyVoredMemory_Rival_Mood.stages.0.description,"Hah, serves them right",description,ThoughtDefs\Thoughts_Memory_Vore_Digested.xml,def,"Hah, serves them right",哈，发配对了
RV2_DeniedVoreProposal_Social.stages.0.label,vore proposal denied,label,ThoughtDefs\Thoughts_Memory_Vore_Proposals.xml,def,<ALIMT >vore</ALIMT> proposal denied,吃人拒绝求婚
RV2_DeniedVoreProposalObsessed_Social.stages.0.label,vore proposal denied (obsessed),label,ThoughtDefs\Thoughts_Memory_Vore_Proposals.xml,def,<ALIMT >vore</ALIMT> proposal denied (obsessed),吃人拒绝求婚 (迷恋)
RV2_DeniedVoreProposal_Mood.stages.0.label,vore proposal denied,label,ThoughtDefs\Thoughts_Memory_Vore_Proposals.xml,def,<ALIMT >vore</ALIMT> proposal denied,吃人拒绝求婚
RV2_DeniedVoreProposal_Mood.stages.0.description,Someone denied my vore proposal.,description,ThoughtDefs\Thoughts_Memory_Vore_Proposals.xml,def,Someone denied my <ALIMT >vore</ALIMT> proposal.,有人拒绝了我的请求吃人求婚。
RV2_DeniedVoreProposalObsessed_Mood.stages.0.label,vore proposal denied (obsessed),label,ThoughtDefs\Thoughts_Memory_Vore_Proposals.xml,def,<ALIMT >vore</ALIMT> proposal denied (obsessed),吃人拒绝求婚 (迷恋)
RV2_DeniedVoreProposalObsessed_Mood.stages.0.description,Someone denied a vore proposal for something I have a massive fetish for! How inconsiderate!,description,ThoughtDefs\Thoughts_Memory_Vore_Proposals.xml,def,Someone denied a <ALIMT >vore</ALIMT> proposal for something I have a massive fetish for! How inconsiderate!,有人拒绝了吃人求婚一件我非常迷恋的东西!多么懦弱!
RV2_DispositionMatch_Prey.stages.0.label,preyslut likes ravenous predator,label,ThoughtDefs\Thoughts_Situation_Social_Vore_Quirks.xml,def,preyslut likes ravenous predator,猎兽喜欢贪婪的肉食动物
RV2_DispositionMatch_Predator.stages.0.label,ravenous predator likes preyslut,label,ThoughtDefs\Thoughts_Situation_Social_Vore_Quirks.xml,def,ravenous predator likes preyslut,贪婪的肉食动物喜欢怀孕的孩子
RV2_GoalPreferenceMatch_Digestion_Prey.stages.0.label,digestion-wish likes obsessive fondeur,label,ThoughtDefs\Thoughts_Situation_Social_Vore_Quirks.xml,def,digestion-wish likes obsessive fondeur,喜欢被消化-希望
RV2_GoalPreferenceMatch_Digestion_Predator.stages.0.label,Obsessive fondeur likes digestion-wish,label,ThoughtDefs\Thoughts_Situation_Social_Vore_Quirks.xml,def,Obsessive fondeur likes digestion-wish,迷恋的火锅喜欢消化-心愿
RV2_GoalPreferenceMatch_Pleasure_Prey.stages.0.label,godemichet likes obsessive plaire,label,ThoughtDefs\Thoughts_Situation_Social_Vore_Quirks.xml,def,godemichet likes obsessive plaire,Godemichet 喜欢痴迷的乐土
RV2_GoalPreferenceMatch_Pleasure_Predator.stages.0.label,obsessive plaire likes godemichet,label,ThoughtDefs\Thoughts_Situation_Social_Vore_Quirks.xml,def,obsessive plaire likes godemichet,喜欢 godemichet，非常喜欢
RV2_GoalPreferenceMatch_Store_Prey.stages.0.label,shut-in prey likes geolier hoarder,label,ThoughtDefs\Thoughts_Situation_Social_Vore_Quirks.xml,def,shut-in prey likes geolier hoarder,被封闭的猎物喜欢地质材料收割者
RV2_GoalPreferenceMatch_Store_Predator.stages.0.label,geolier hoarder prey likes shut-in,label,ThoughtDefs\Thoughts_Situation_Social_Vore_Quirks.xml,def,geolier hoarder prey likes shut-in,大地行者、畜棚和猎物喜欢封闭
RV2_TypePreferenceMatch_Anal_Prey.stages.0.label,obsessive analist likes ravenous analist,label,ThoughtDefs\Thoughts_Situation_Social_Vore_Quirks.xml,def,obsessive analist likes ravenous analist,痴迷于激进主义，喜欢贪婪的激进主义。
RV2_TypePreferenceMatch_Anal_Predator.stages.0.label,ravenous analist likes obsessive analist,label,ThoughtDefs\Thoughts_Situation_Social_Vore_Quirks.xml,def,ravenous analist likes obsessive analist,贪婪的激进分子喜欢极端的激进分子
RV2_TypePreferenceMatch_Cock_Prey.stages.0.label,obsessive phallicist likes ravenous phallicist,label,ThoughtDefs\Thoughts_Situation_Social_Vore_Quirks.xml,def,obsessive phallicist likes ravenous phallicist,痴迷于阳刚主义的人喜欢贪婪的阳刚主义
RV2_TypePreferenceMatch_Cock_Predator.stages.0.label,ravenous phallicist likes obsessive phallicist,label,ThoughtDefs\Thoughts_Situation_Social_Vore_Quirks.xml,def,ravenous phallicist likes obsessive phallicist,贪婪的男性喜欢迷恋男性
RV2_TypePreferenceMatch_Nipple_Prey.stages.0.label,obsessive mammilist likes ravenous mammilist,label,ThoughtDefs\Thoughts_Situation_Social_Vore_Quirks.xml,def,obsessive mammilist likes ravenous mammilist,迷恋哺乳动物喜欢贪婪的哺乳动物
RV2_TypePreferenceMatch_Nipple_Predator.stages.0.label,ravenous mammilist likes obsessive mammilist,label,ThoughtDefs\Thoughts_Situation_Social_Vore_Quirks.xml,def,ravenous mammilist likes obsessive mammilist,贪婪的哺乳动物者喜欢痴迷的哺乳动物
RV2_TypePreferenceMatch_Oral_Prey.stages.0.label,obsessive oralist likes ravenous oralist,label,ThoughtDefs\Thoughts_Situation_Social_Vore_Quirks.xml,def,obsessive oralist likes ravenous oralist,狂热的献祭者喜欢贪婪的献祭者
RV2_TypePreferenceMatch_Oral_Predator.stages.0.label,ravenous oralist likes obsessive oralist,label,ThoughtDefs\Thoughts_Situation_Social_Vore_Quirks.xml,def,ravenous oralist likes obsessive oralist,贪婪的暴饮暴食者喜欢狂热的暴饮暴食者
RV2_TypePreferenceMatch_Vaginal_Prey.stages.0.label,obsessive yonicist likes ravenous yonicist,label,ThoughtDefs\Thoughts_Situation_Social_Vore_Quirks.xml,def,obsessive yonicist likes ravenous yonicist,痴迷于饥饿的海洋主义者喜欢贪婪的海洋主义者
RV2_TypePreferenceMatch_Vaginal_Predator.stages.0.label,ravenous yonicist likes obsessive yonicist,label,ThoughtDefs\Thoughts_Situation_Social_Vore_Quirks.xml,def,ravenous yonicist likes obsessive yonicist,贪婪的海洋主义者喜欢痴迷的海洋主义者
RV2_PreyStruggling.stages.0.label,Struggling prey,label,ThoughtDefs\Thoughts_Situation_Struggle.xml,def,Struggling prey,挣扎中的猎物
RV2_PreyStruggling.stages.0.description,Oh that feels weird,description,ThoughtDefs\Thoughts_Situation_Struggle.xml,def,Oh that feels weird,哦，感觉很奇怪
RV2_PreyStruggling.stages.1.label,Multiple struggling prey,label,ThoughtDefs\Thoughts_Situation_Struggle.xml,def,Multiple struggling prey,多个挣扎中的猎物
RV2_PreyStruggling.stages.1.description,Feels like a bad belly ache...,description,ThoughtDefs\Thoughts_Situation_Struggle.xml,def,Feels like a bad belly ache...,肚子疼...
RV2_PreyStruggling_Loved.stages.0.label,Struggling prey,label,ThoughtDefs\Thoughts_Situation_Struggle.xml,def,Struggling prey,挣扎中的猎物
RV2_PreyStruggling_Loved.stages.0.description,That feels wonderful,description,ThoughtDefs\Thoughts_Situation_Struggle.xml,def,That feels wonderful,美妙的感觉
RV2_PreyStruggling_Loved.stages.1.label,Multiple struggling prey,label,ThoughtDefs\Thoughts_Situation_Struggle.xml,def,Multiple struggling prey,多个挣扎中的猎物
RV2_PreyStruggling_Loved.stages.1.description,Yes! Keep wiggling around in there!,description,ThoughtDefs\Thoughts_Situation_Struggle.xml,def,Yes! Keep wiggling around in there!,是的!在里面继续扭动!
RV2_PreyStruggling_Hated.stages.0.label,Struggling prey,label,ThoughtDefs\Thoughts_Situation_Struggle.xml,def,Struggling prey,挣扎中的猎物
RV2_PreyStruggling_Hated.stages.0.description,What a horrible feeling,description,ThoughtDefs\Thoughts_Situation_Struggle.xml,def,What a horrible feeling,多么可怕的感觉
RV2_PreyStruggling_Hated.stages.1.label,Multiple struggling prey,label,ThoughtDefs\Thoughts_Situation_Struggle.xml,def,Multiple struggling prey,多个挣扎中的猎物
RV2_PreyStruggling_Hated.stages.1.description,"This disgusting feeling, make it stop! Please!",description,ThoughtDefs\Thoughts_Situation_Struggle.xml,def,"This disgusting feeling, make it <ALIMT >stop</ALIMT>! Please!",这种恶心的感觉，来吧停止不!求求你了!
RV2_PreyInAnusDumping.stages.0.label,Dumping remains out of ass,label,ThoughtDefs\Thoughts_Situation_Vore.xml,def,Dumping remains out of <ALIMT >ass</ALIMT>,清理残骸屁股
RV2_PreyInAnusDumping.stages.0.description,Good riddance!,description,ThoughtDefs\Thoughts_Situation_Vore.xml,def,Good riddance!,很好的解除!
RV2_PreyInAnusDumping.stages.1.label,Dumping multiple remains out of ass,label,ThoughtDefs\Thoughts_Situation_Vore.xml,def,Dumping multiple remains out of <ALIMT >ass</ALIMT>,丢弃多个残骸屁股
RV2_PreyInAnusDumping.stages.1.description,I'm gonna be sitting here a while...,description,ThoughtDefs\Thoughts_Situation_Vore.xml,def,I'm gonna be sitting here a while...,我会在这里坐一段时间
RV2_PreyInAnusExiting.stages.0.label,Dumping live prey out of ass,label,ThoughtDefs\Thoughts_Situation_Vore.xml,def,Dumping live prey out of <ALIMT >ass</ALIMT>,将活物倾倒出屁股
RV2_PreyInAnusExiting.stages.0.description,Time's up!,description,ThoughtDefs\Thoughts_Situation_Vore.xml,def,Time's up!,时间到了!
RV2_PreyInAnusExiting.stages.1.label,Dumping multiple live prey out of ass,label,ThoughtDefs\Thoughts_Situation_Vore.xml,def,Dumping multiple live prey out of <ALIMT >ass</ALIMT>,将多个活着的猎物扔出屁股
RV2_PreyInAnusExiting.stages.1.description,How many people did I eat...?,description,ThoughtDefs\Thoughts_Situation_Vore.xml,def,How many people did I eat...?,我吃了多少人...？
RV2_PreyInAnusPassing.stages.0.label,Posternating prey,label,ThoughtDefs\Thoughts_Situation_Vore.xml,def,Posternating prey,将猎物收放
RV2_PreyInAnusPassing.stages.0.description,"Come on through my backdoor, why don't you?~",description,ThoughtDefs\Thoughts_Situation_Vore.xml,def,"Come on through my backdoor, why don't you?~",从我的后门进来，为什么不呢？~
RV2_PreyInAnusPassing.stages.1.label,Posternating multiple prey,label,ThoughtDefs\Thoughts_Situation_Vore.xml,def,Posternating multiple prey,发射多只猎物
RV2_PreyInAnusPassing.stages.1.description,I'm gonna be walking funny after this...,description,ThoughtDefs\Thoughts_Situation_Vore.xml,def,I'm gonna be walking funny after this...,跟在这后面我会觉得很有趣
RV2_PreyInAnusPleasuring.stages.0.label,Pleasuring asshole with prey,label,ThoughtDefs\Thoughts_Situation_Vore.xml,def,Pleasuring asshole with prey,有猎物的愉悦混蛋
RV2_PreyInAnusPleasuring.stages.0.description,"Come on through my backdoor, why don't you?~",description,ThoughtDefs\Thoughts_Situation_Vore.xml,def,"Come on through my backdoor, why don't you?~",从我的后门进来，为什么不呢？~
RV2_PreyInAnusPleasuring.stages.1.label,Pleasuring asshole with multiple prey,label,ThoughtDefs\Thoughts_Situation_Vore.xml,def,Pleasuring asshole with multiple prey,有多个猎物的愉悦混蛋
RV2_PreyInAnusPleasuring.stages.1.description,I'm gonna be walking funny after this...,description,ThoughtDefs\Thoughts_Situation_Vore.xml,def,I'm gonna be walking funny after this...,跟在这后面我会觉得很有趣
RV2_PreyInBreastsConvertingMilk.stages.0.label,Lactifying prey in breast,label,ThoughtDefs\Thoughts_Situation_Vore.xml,def,Lactifying prey in <ALIMT >breast</ALIMT>,猎物乳房
RV2_PreyInBreastsConvertingMilk.stages.0.description,There's that gentle tingle I love...~,description,ThoughtDefs\Thoughts_Situation_Vore.xml,def,There's that gentle tingle I love...~,我喜欢这种温柔的刺痛... ~
RV2_PreyInBreastsConvertingMilk.stages.1.label,Lactifying two prey in breasts,label,ThoughtDefs\Thoughts_Situation_Vore.xml,def,Lactifying two prey in <ALIMT >breasts</ALIMT>,正在使两个猎物离线乳房
RV2_PreyInBreastsConvertingMilk.stages.1.description,"I suppose udders don't have the same symmetry problems. Mmh, I can't wait to have a taste!",description,ThoughtDefs\Thoughts_Situation_Vore.xml,def,"I suppose udders don't have the same symmetry problems. Mmh, I can't wait to have a taste!",我想 uders 没有相同的对称问题。嗯，我好想尝尝!
RV2_PreyInBreastsConvertingMilk.stages.2.label,Lactifying three prey in breasts,label,ThoughtDefs\Thoughts_Situation_Vore.xml,def,Lactifying three prey in <ALIMT >breasts</ALIMT>,正在使三名猎物离线乳房
RV2_PreyInBreastsConvertingMilk.stages.2.description,I bet cows are envious of me!,description,ThoughtDefs\Thoughts_Situation_Vore.xml,def,I bet cows are envious of me!,我敢打赌奶牛肯定很羡慕我!
RV2_PreyInBreastsConvertingMilk.stages.3.label,Lactifying several prey in breasts,label,ThoughtDefs\Thoughts_Situation_Vore.xml,def,Lactifying several prey in <ALIMT >breasts</ALIMT>,正在使多个猎物离线乳房
RV2_PreyInBreastsConvertingMilk.stages.3.description,I'll have enough to feed the colony for days... Or just myself.~,description,ThoughtDefs\Thoughts_Situation_Vore.xml,def,I'll have enough to feed the colony for days... Or just myself.~,我将有足够的食物来喂养这个殖民地几天...或者只有我自己。~
RV2_PreyInBreastsDissolvingMilk.stages.0.label,Dissolving prey into breastmilk,label,ThoughtDefs\Thoughts_Situation_Vore.xml,def,Dissolving prey into breastmilk,将猎物溶解成乳房喷出液体（通常是乳汁）。是挤奶的前置标签。
RV2_PreyInBreastsDissolvingMilk.stages.0.description,Ever wanted to nurture something to the fullest?,description,ThoughtDefs\Thoughts_Situation_Vore.xml,def,Ever wanted to nurture something to the fullest?,想要培育一个东西到极致吗？
RV2_PreyInBreastsDissolvingMilk.stages.1.label,Dissolving two prey into breastmilk,label,ThoughtDefs\Thoughts_Situation_Vore.xml,def,Dissolving two prey into breastmilk,将两个猎物溶解进乳房喷出液体（通常是乳汁）。是挤奶的前置标签。中
RV2_PreyInBreastsDissolvingMilk.stages.1.description,You two'll just be milk flowing from my taps here soon.,description,ThoughtDefs\Thoughts_Situation_Vore.xml,def,You two'll just be milk flowing from my taps here soon.,你们两个很快就会从我的水龙头里流出来。
RV2_PreyInBreastsDissolvingMilk.stages.2.label,Dissolving three prey into breastmilk,label,ThoughtDefs\Thoughts_Situation_Vore.xml,def,Dissolving three prey into breastmilk,将三名猎物溶解进乳房喷出液体（通常是乳汁）。是挤奶的前置标签。中
RV2_PreyInBreastsDissolvingMilk.stages.2.description,You think I can't handle a little thrashing in my dugs?,description,ThoughtDefs\Thoughts_Situation_Vore.xml,def,You think I can't handle a little thrashing in my dugs?,你认为我不能忍受在我的 dugs 身上敲击？
RV2_PreyInBreastsDissolvingMilk.stages.3.label,Dissolving several prey into breastmilk,label,ThoughtDefs\Thoughts_Situation_Vore.xml,def,Dissolving several prey into breastmilk,将多只猎物溶解进乳房喷出液体（通常是乳汁）。是挤奶的前置标签。中
RV2_PreyInBreastsDissolvingMilk.stages.3.description,I hope we can drink all of y'all before you spoil!,description,ThoughtDefs\Thoughts_Situation_Vore.xml,def,I hope we can drink all of y'all before you spoil!,我希望在你们宠坏之前，我们能把你们都喝了!
RV2_PreyInBreastsMushingMilk.stages.0.label,Breaking down prey into breastmilk,label,ThoughtDefs\Thoughts_Situation_Vore.xml,def,Breaking down prey into breastmilk,将猎物分解成乳房喷出液体（通常是乳汁）。是挤奶的前置标签。
RV2_PreyInBreastsMushingMilk.stages.0.description,Gone soft already?,description,ThoughtDefs\Thoughts_Situation_Vore.xml,def,Gone soft already?,已经温软了？
RV2_PreyInBreastsMushingMilk.stages.1.label,Breaking down two prey into breastmilk,label,ThoughtDefs\Thoughts_Situation_Vore.xml,def,Breaking down two prey into breastmilk,将两个猎物分解成乳房喷出液体（通常是乳汁）。是挤奶的前置标签。喂养
RV2_PreyInBreastsMushingMilk.stages.1.description,Back to the old jiggle-and-wobble.,description,ThoughtDefs\Thoughts_Situation_Vore.xml,def,Back to the old jiggle-and-wobble.,回到过去的摇晃和摇晃状态。
RV2_PreyInBreastsMushingMilk.stages.2.label,Breaking down three prey into breastmilk,label,ThoughtDefs\Thoughts_Situation_Vore.xml,def,Breaking down three prey into breastmilk,将三名猎物分解成乳房喷出液体（通常是乳汁）。是挤奶的前置标签。喂养
RV2_PreyInBreastsMushingMilk.stages.2.description,"Sure is a shame I can't redistribute the load now that you're churning down. Ah, well!~",description,ThoughtDefs\Thoughts_Situation_Vore.xml,def,"Sure is a shame I can't redistribute the load now that you're churning down. Ah, well!~",很遗憾，现在你正在翻腾，我无法重新分配货物。啊，嗯!~
RV2_PreyInBreastsMushingMilk.stages.3.label,Breaking down several prey into breastmilk,label,ThoughtDefs\Thoughts_Situation_Vore.xml,def,Breaking down several prey into breastmilk,将几个猎物分解成乳房喷出液体（通常是乳汁）。是挤奶的前置标签。喂养
RV2_PreyInBreastsMushingMilk.stages.3.description,I can already feel that familiar tingle!,description,ThoughtDefs\Thoughts_Situation_Vore.xml,def,I can already feel that familiar tingle!,我已经能感受到那种熟悉的刺痛!
RV2_PreyInBreastsPleasuring.stages.0.label,Pleasuring prey in breast,label,ThoughtDefs\Thoughts_Situation_Vore.xml,def,Pleasuring prey in <ALIMT >breast</ALIMT>,捕食动物乳房
RV2_PreyInBreastsPleasuring.stages.0.description,Don't stop...,description,ThoughtDefs\Thoughts_Situation_Vore.xml,def,Don't <ALIMT >stop</ALIMT>...,不停止...
RV2_PreyInBreastsPleasuring.stages.1.label,Pleasuring two prey in breasts,label,ThoughtDefs\Thoughts_Situation_Vore.xml,def,Pleasuring two prey in <ALIMT >breasts</ALIMT>,猎杀两个猎物乳房
RV2_PreyInBreastsPleasuring.stages.1.description,"Keep going, both of you...!",description,ThoughtDefs\Thoughts_Situation_Vore.xml,def,"Keep going, both of you...!",你们两个继续...!
RV2_PreyInBreastsPleasuring.stages.2.label,Pleasuring three prey in breasts,label,ThoughtDefs\Thoughts_Situation_Vore.xml,def,Pleasuring three prey in <ALIMT >breasts</ALIMT>,取悦三个猎物乳房
RV2_PreyInBreastsPleasuring.stages.2.description,Three... all at once!,description,ThoughtDefs\Thoughts_Situation_Vore.xml,def,Three... all at once!,三个... 同时建造!
RV2_PreyInBreastsPleasuring.stages.3.label,Pleasuring several prey in breasts,label,ThoughtDefs\Thoughts_Situation_Vore.xml,def,Pleasuring several prey in <ALIMT >breasts</ALIMT>,取悦几个猎物乳房
RV2_PreyInBreastsPleasuring.stages.3.description,I'M GONNA--,description,ThoughtDefs\Thoughts_Situation_Vore.xml,def,I'M GONNA--,我要 --
RV2_PreyInBreastsStoring.stages.0.label,Prey stored in breast,label,ThoughtDefs\Thoughts_Situation_Vore.xml,def,Prey stored in <ALIMT >breast</ALIMT>,猎物储存于乳房
RV2_PreyInBreastsStoring.stages.0.description,"My tit's laden. A bit unbalanced, but delightful all the same!",description,ThoughtDefs\Thoughts_Situation_Vore.xml,def,"My tit's laden. A bit unbalanced, but delightful all the same!",我的山雀饱了。有点不平衡，但仍然令人愉悦!
RV2_PreyInBreastsStoring.stages.1.label,Two prey stored in breasts,label,ThoughtDefs\Thoughts_Situation_Vore.xml,def,Two prey stored in <ALIMT >breasts</ALIMT>,两个猎物储存于乳房
RV2_PreyInBreastsStoring.stages.1.description,"Two prey, one in each jug: the perfect ratio!",description,ThoughtDefs\Thoughts_Situation_Vore.xml,def,"Two prey, one in each jug: the perfect ratio!",两个猎物，每个壶里有一个: 完美的比例!
RV2_PreyInBreastsStoring.stages.2.label,Three prey stored in breasts,label,ThoughtDefs\Thoughts_Situation_Vore.xml,def,Three prey stored in <ALIMT >breasts</ALIMT>,三个猎物储存于乳房
RV2_PreyInBreastsStoring.stages.2.description,And back to imbalance--not that I'm complaining!,description,ThoughtDefs\Thoughts_Situation_Vore.xml,def,And back to imbalance--not that I'm complaining!,回到失衡 -- 我并不是在抱怨!
RV2_PreyInBreastsStoring.stages.3.label,Several prey stored in breasts,label,ThoughtDefs\Thoughts_Situation_Vore.xml,def,Several prey stored in <ALIMT >breasts</ALIMT>,一些猎物储存于乳房
RV2_PreyInBreastsStoring.stages.3.description,I'm so buxom now that you can't even tell if I'm asymmetrical...~,description,ThoughtDefs\Thoughts_Situation_Vore.xml,def,I'm so buxom now that you can't even tell if I'm asymmetrical...~,~
RV2_PreyInBreastsWarming.stages.0.label,Warming up breast for prey,label,ThoughtDefs\Thoughts_Situation_Vore.xml,def,Warming up <ALIMT >breast</ALIMT> for prey,热身乳房对于猎物
RV2_PreyInBreastsWarming.stages.0.description,"Oh, the plans I have for you!",description,ThoughtDefs\Thoughts_Situation_Vore.xml,def,"Oh, the plans I have for you!",哦，我为你准备的计划!
RV2_PreyInBreastsWarming.stages.1.label,Warming up breasts for multiple prey,label,ThoughtDefs\Thoughts_Situation_Vore.xml,def,Warming up <ALIMT >breasts</ALIMT> for multiple prey,热身乳房多个猎物
RV2_PreyInBreastsWarming.stages.1.description,"Oh, the plans I have for you!",description,ThoughtDefs\Thoughts_Situation_Vore.xml,def,"Oh, the plans I have for you!",哦，我为你准备的计划!
RV2_PreyInBreastsHealing.stages.0.label,Healing prey in breasts,label,ThoughtDefs\Thoughts_Situation_Vore.xml,def,Healing prey in <ALIMT >breasts</ALIMT>,治愈猎物乳房
RV2_PreyInBreastsHealing.stages.0.description,Let's get you patched up!,description,ThoughtDefs\Thoughts_Situation_Vore.xml,def,Let's get you patched up!,让我们给你包扎一下!
RV2_PreyInBreastsHealing.stages.1.label,Healing multiple prey in breasts,label,ThoughtDefs\Thoughts_Situation_Vore.xml,def,Healing multiple prey in <ALIMT >breasts</ALIMT>,治疗多个猎物乳房
RV2_PreyInBreastsHealing.stages.1.description,Pretty crowded...,description,ThoughtDefs\Thoughts_Situation_Vore.xml,def,Pretty crowded...,非常拥挤...
RV2_PreyInCockDumpingOrgasm.stages.0.label,Jizzing out remains,label,ThoughtDefs\Thoughts_Situation_Vore.xml,def,Jizzing out remains,取出残骸
RV2_PreyInCockDumpingOrgasm.stages.0.description,Let's see how big a load you made!,description,ThoughtDefs\Thoughts_Situation_Vore.xml,def,Let's see how big a load you made!,让我们看看你负载的东西有多大!
RV2_PreyInCockDumpingOrgasm.stages.1.label,Jizzing out multiple remains,label,ThoughtDefs\Thoughts_Situation_Vore.xml,def,Jizzing out multiple remains,剩余数
RV2_PreyInCockDumpingOrgasm.stages.1.description,Gonna paint the town white!~,description,ThoughtDefs\Thoughts_Situation_Vore.xml,def,Gonna <ALIMT >paint</ALIMT> the town white!~,将油漆城镇变白了!~
RV2_PreyInCockDumpingStream.stages.0.label,Hosing out remains from cock,label,ThoughtDefs\Thoughts_Situation_Vore.xml,def,Hosing out remains from cock,冲洗公鸡的尸体
RV2_PreyInCockDumpingStream.stages.0.description,I feel like a power washer.,description,ThoughtDefs\Thoughts_Situation_Vore.xml,def,I feel like a power washer.,我感觉自己像个电力洗衣机。
RV2_PreyInCockDumpingStream.stages.1.label,Hosing out multiple remains from cock,label,ThoughtDefs\Thoughts_Situation_Vore.xml,def,Hosing out multiple remains from cock,从公鸡身上冲洗出多个遗骸
RV2_PreyInCockDumpingStream.stages.1.description,I could get a job as a public fountain!,description,ThoughtDefs\Thoughts_Situation_Vore.xml,def,I could get a job as a <ALIMT >public</ALIMT> fountain!,我可以找份工作公共场所喷泉!
RV2_PreyInCockExiting.stages.0.label,Jizzing out live prey,label,ThoughtDefs\Thoughts_Situation_Vore.xml,def,Jizzing out live prey,捕猎活物
RV2_PreyInCockExiting.stages.0.description,"You've earned your freedom, little cumsluts!~",description,ThoughtDefs\Thoughts_Situation_Vore.xml,def,"You've earned your freedom, little cumsluts!~",你赢得了自由，小无赖!~
RV2_PreyInCockExiting.stages.1.label,Jizzing out multiple live prey,label,ThoughtDefs\Thoughts_Situation_Vore.xml,def,Jizzing out multiple live prey,杀死多个活物
RV2_PreyInCockExiting.stages.1.description,"OH SWEET MERCY, ONE AT A TIME!",description,ThoughtDefs\Thoughts_Situation_Vore.xml,def,"OH SWEET MERCY, ONE AT A TIME!",哦，温柔的慈悲，一次一个!
RV2_PreyInCockExitingOrgasm.stages.0.label,Jizzing out live prey,label,ThoughtDefs\Thoughts_Situation_Vore.xml,def,Jizzing out live prey,捕猎活物
RV2_PreyInCockExitingOrgasm.stages.0.description,"You've earned your freedom, little cumsluts!~",description,ThoughtDefs\Thoughts_Situation_Vore.xml,def,"You've earned your freedom, little cumsluts!~",你赢得了自由，小无赖!~
RV2_PreyInCockExitingOrgasm.stages.1.label,Jizzing out multiple live prey,label,ThoughtDefs\Thoughts_Situation_Vore.xml,def,Jizzing out multiple live prey,杀死多个活物
RV2_PreyInCockExitingOrgasm.stages.1.description,"OH SWEET MERCY, ONE AT A TIME!",description,ThoughtDefs\Thoughts_Situation_Vore.xml,def,"OH SWEET MERCY, ONE AT A TIME!",哦，温柔的慈悲，一次一个!
RV2_PreyInCockExitingStream.stages.0.label,Hosing out live prey from cock,label,ThoughtDefs\Thoughts_Situation_Vore.xml,def,Hosing out live prey from cock,从公鸡身上冲洗猎物
RV2_PreyInCockExitingStream.stages.0.description,I'm a living waterslide!,description,ThoughtDefs\Thoughts_Situation_Vore.xml,def,I'm a living waterslide!,我是一个活口!
RV2_PreyInCockExitingStream.stages.1.label,Hosing out multiple live prey from cock,label,ThoughtDefs\Thoughts_Situation_Vore.xml,def,Hosing out multiple live prey from cock,从公鸡身上冲洗多个活物
RV2_PreyInCockExitingStream.stages.1.description,Hey! That's too many riders at once!,description,ThoughtDefs\Thoughts_Situation_Vore.xml,def,Hey! That's too many riders at once!,嘿!同时有太多乘客!
RV2_PreyInCockPassing.stages.0.label,Unsowing prey,label,ThoughtDefs\Thoughts_Situation_Vore.xml,def,Unsowing prey,放生的猎物
RV2_PreyInCockPassing.stages.0.description,"That's it, down the chute with you...~",description,ThoughtDefs\Thoughts_Situation_Vore.xml,def,"That's it, down the chute with you...~",就这样，和你一起下了降落伞... ~
RV2_PreyInCockPassing.stages.1.label,Unsowing multiple prey,label,ThoughtDefs\Thoughts_Situation_Vore.xml,def,Unsowing multiple prey,放生多个猎物
RV2_PreyInCockPassing.stages.1.description,So... tight...~,description,ThoughtDefs\Thoughts_Situation_Vore.xml,def,So... tight...~,好... 好紧... ~
RV2_PreyInCockPleasuring.stages.0.label,Sounding with prey,label,ThoughtDefs\Thoughts_Situation_Vore.xml,def,Sounding with prey,用猎物探测
RV2_PreyInCockPleasuring.stages.0.description,"Little preything, sounding off!~",description,ThoughtDefs\Thoughts_Situation_Vore.xml,def,"Little preything, sounding off!~",小小的猎物，听起来很糟糕!~
RV2_PreyInCockPleasuring.stages.1.label,Sounding with multiple prey,label,ThoughtDefs\Thoughts_Situation_Vore.xml,def,Sounding with multiple prey,多只猎物试探
RV2_PreyInCockPleasuring.stages.1.description,So... tight...,description,ThoughtDefs\Thoughts_Situation_Vore.xml,def,So... tight...,如此... 紧张...
RV2_PreyInIntestinesExiting.stages.0.label,Prey leaving intestines,label,ThoughtDefs\Thoughts_Situation_Vore.xml,def,Prey leaving intestines,猎物离开肠道
RV2_PreyInIntestinesExiting.stages.0.description,Someone's on the way out.,description,ThoughtDefs\Thoughts_Situation_Vore.xml,def,Someone's on the way out.,有人在出去的路上。
RV2_PreyInIntestinesExiting.stages.1.label,Two prey leaving intestines,label,ThoughtDefs\Thoughts_Situation_Vore.xml,def,Two prey leaving intestines,两个猎物正在离开肠道
RV2_PreyInIntestinesExiting.stages.1.description,"Two gut-sluts, coming through!",description,ThoughtDefs\Thoughts_Situation_Vore.xml,def,"Two gut-sluts, coming through!",两根肠子，射了过去!
RV2_PreyInIntestinesExiting.stages.2.label,Three prey leaving intestines,label,ThoughtDefs\Thoughts_Situation_Vore.xml,def,Three prey leaving intestines,三名猎物离开肠道
RV2_PreyInIntestinesExiting.stages.2.description,So wonderfully heavy...~,description,ThoughtDefs\Thoughts_Situation_Vore.xml,def,So wonderfully heavy...~,好重啊... ~
RV2_PreyInIntestinesExiting.stages.3.label,Several prey leaving intestines,label,ThoughtDefs\Thoughts_Situation_Vore.xml,def,Several prey leaving intestines,几只猎物正在离开肠道
RV2_PreyInIntestinesExiting.stages.3.description,Here's hoping I don't get backed up!,description,ThoughtDefs\Thoughts_Situation_Vore.xml,def,Here's hoping I don't get backed up!,希望我不要被备份!
RV2_PreyInIntestinesPassing.stages.0.label,Stomach-bound prey in intestines,label,ThoughtDefs\Thoughts_Situation_Vore.xml,def,Stomach-<ALIMT >bound</ALIMT> prey in intestines,胃-绑住的肠子里的猎物
RV2_PreyInIntestinesPassing.stages.0.description,One prey stuck where the sun don't shine.,description,ThoughtDefs\Thoughts_Situation_Vore.xml,def,One prey stuck where the sun don't shine.,一个猎物附着在了阳光不足的地方。
RV2_PreyInIntestinesPassing.stages.1.label,Two stomach-bound prey in intestines,label,ThoughtDefs\Thoughts_Situation_Vore.xml,def,Two stomach-<ALIMT >bound</ALIMT> prey in intestines,双胃-绑住的肠子里的猎物
RV2_PreyInIntestinesPassing.stages.1.description,"Two prey, coiled up tight in my innards.",description,ThoughtDefs\Thoughts_Situation_Vore.xml,def,"Two prey, coiled up tight in my innards.",两个猎物，在我的体内盘绕得很紧。
RV2_PreyInIntestinesPassing.stages.2.label,Three stomach-bound prey in intestines,label,ThoughtDefs\Thoughts_Situation_Vore.xml,def,Three stomach-<ALIMT >bound</ALIMT> prey in intestines,三胃-绑住的肠子里的猎物
RV2_PreyInIntestinesPassing.stages.2.description,"Three little gut-sluts, all snatched up snug...",description,ThoughtDefs\Thoughts_Situation_Vore.xml,def,"Three little gut-sluts, all snatched up snug...",三个小小的肠子，都被抢走了.
RV2_PreyInIntestinesPassing.stages.3.label,Several stomach-bound prey up the butt,label,ThoughtDefs\Thoughts_Situation_Vore.xml,def,Several stomach-<ALIMT >bound</ALIMT> prey up the butt,几个胃-绑住的捕食屁股
RV2_PreyInIntestinesPassing.stages.3.description,"Oh, it's bumper-to-bumper traffic on the road from *my* bumper to my belly!~",description,ThoughtDefs\Thoughts_Situation_Vore.xml,def,"Oh, it's bumper-to-bumper traffic on the road from *my* bumper to my belly!~",哦，从 * 我的 * 保险杠到我的肚子，这是一次又一次的碰见!~
RV2_PreyInIntestinesPleasuring.stages.0.label,Pleasuring prey in intestines,label,ThoughtDefs\Thoughts_Situation_Vore.xml,def,Pleasuring prey in intestines,在肠子里愉悦猎物
RV2_PreyInIntestinesPleasuring.stages.0.description,"Bound up tight there, are you?",description,ThoughtDefs\Thoughts_Situation_Vore.xml,def,"<ALIMT >bound</ALIMT> up tight there, are you?",绑住的快点，是吗？
RV2_PreyInIntestinesPleasuring.stages.1.label,Pleasuring two prey in intestines,label,ThoughtDefs\Thoughts_Situation_Vore.xml,def,Pleasuring two prey in intestines,取悦肠子里的两个猎物
RV2_PreyInIntestinesPleasuring.stages.1.description,Lemme just clench down and force you up against each other...~,description,ThoughtDefs\Thoughts_Situation_Vore.xml,def,Lemme just clench down and force you up against each other...~,让我紧紧抓住机会，把你们逼到一起... ~
RV2_PreyInIntestinesPleasuring.stages.2.label,Pleasuring three prey in intestines,label,ThoughtDefs\Thoughts_Situation_Vore.xml,def,Pleasuring three prey in intestines,满足三个动物
RV2_PreyInIntestinesPleasuring.stages.2.description,A threesome? I got plenty of room for that!,description,ThoughtDefs\Thoughts_Situation_Vore.xml,def,A <ALIMT >threesome</ALIMT>? I got plenty of room for that!,Athreesome什么？我有足够的空间!
RV2_PreyInIntestinesPleasuring.stages.3.label,Pleasuring several prey in intestines,label,ThoughtDefs\Thoughts_Situation_Vore.xml,def,Pleasuring several prey in intestines,取悦肠子里的猎物
RV2_PreyInIntestinesPleasuring.stages.3.description,Party in my butt!,description,ThoughtDefs\Thoughts_Situation_Vore.xml,def,Party in my butt!,在我屁股里聚会!
RV2_PreyInIntestinesProcessing.stages.0.label,Absorbing prey in intestines,label,ThoughtDefs\Thoughts_Situation_Vore.xml,def,Absorbing prey in intestines,在肠子里吸收猎物
RV2_PreyInIntestinesProcessing.stages.0.description,Rounded out already?,description,ThoughtDefs\Thoughts_Situation_Vore.xml,def,Rounded out already?,已经四舍五入了？
RV2_PreyInIntestinesProcessing.stages.1.label,Absorbing two prey in intestines,label,ThoughtDefs\Thoughts_Situation_Vore.xml,def,Absorbing two prey in intestines,在肠子里吸收两个猎物
RV2_PreyInIntestinesProcessing.stages.1.description,Nothing left but mush...,description,ThoughtDefs\Thoughts_Situation_Vore.xml,def,Nothing left but mush...,什么都没有，只有糊状物...
RV2_PreyInIntestinesProcessing.stages.2.label,Absorbing three prey in intestines,label,ThoughtDefs\Thoughts_Situation_Vore.xml,def,Absorbing three prey in intestines,在肠子里吸收三个猎物
RV2_PreyInIntestinesProcessing.stages.2.description,I can feel nature calling already...,description,ThoughtDefs\Thoughts_Situation_Vore.xml,def,I can feel nature calling already...,自然在召唤
RV2_PreyInIntestinesProcessing.stages.3.label,Absorbing several prey in intestines,label,ThoughtDefs\Thoughts_Situation_Vore.xml,def,Absorbing several prey in intestines,在肠子里吸收多个猎物
RV2_PreyInIntestinesProcessing.stages.3.description,I could just lie on my belly like a beanbag...~,description,ThoughtDefs\Thoughts_Situation_Vore.xml,def,I could just lie on my belly like a beanbag...~,~
RV2_PreyInIntestinesStoring.stages.0.label,Prey stored in intestines,label,ThoughtDefs\Thoughts_Situation_Vore.xml,def,Prey stored in intestines,储存在肠道的猎物
RV2_PreyInIntestinesStoring.stages.0.description,They're in deep!,description,ThoughtDefs\Thoughts_Situation_Vore.xml,def,They're in deep!,他们陷得很深!
RV2_PreyInIntestinesStoring.stages.1.label,Two stored prey in intestines,label,ThoughtDefs\Thoughts_Situation_Vore.xml,def,Two stored prey in intestines,肠子里有两个储存的猎物
RV2_PreyInIntestinesStoring.stages.1.description,"Two little gut-sluts, wrapped tight like little sausage-links!~",description,ThoughtDefs\Thoughts_Situation_Vore.xml,def,"Two little gut-sluts, wrapped tight like little sausage-links!~","两个肠子里的小 sl, 裹得整整齐齐!~"
RV2_PreyInIntestinesStoring.stages.2.label,Three stored prey in intestines,label,ThoughtDefs\Thoughts_Situation_Vore.xml,def,Three stored prey in intestines,动物肠子里有三个已储存的猎物
RV2_PreyInIntestinesStoring.stages.2.description,"Three links, end-to-end!",description,ThoughtDefs\Thoughts_Situation_Vore.xml,def,"Three links, end-to-end!",三通，首尾相连!
RV2_PreyInIntestinesStoring.stages.3.label,Several stored prey in intestines,label,ThoughtDefs\Thoughts_Situation_Vore.xml,def,Several stored prey in intestines,肠子里有几只动物
RV2_PreyInIntestinesStoring.stages.3.description,I hope I don't get backed up...~,description,ThoughtDefs\Thoughts_Situation_Vore.xml,def,I hope I don't get backed up...~,我希望我没有被备份... ~
RV2_PreyInMouthExiting.stages.0.label,Regurgitating prey,label,ThoughtDefs\Thoughts_Situation_Vore.xml,def,Regurgitating prey,反刍兽猎物
RV2_PreyInMouthExiting.stages.0.description,Dinner's coming back up...,description,ThoughtDefs\Thoughts_Situation_Vore.xml,def,Dinner's coming back up...,晚餐回来了...
RV2_PreyInMouthExiting.stages.1.label,Regurgitating multiple prey,label,ThoughtDefs\Thoughts_Situation_Vore.xml,def,Regurgitating multiple prey,反刍多只猎物
RV2_PreyInMouthExiting.stages.1.description,"It's like puking, but if vomit had elbows and knees in it...",description,ThoughtDefs\Thoughts_Situation_Vore.xml,def,"It's like puking, but if <ALIMT >vomit</ALIMT> had elbows and knees in it...",就像在呕吐，但如果呕吐🤮有肘部和膝盖
RV2_PreyInMouthPassing.stages.0.label,Swallowing prey,label,ThoughtDefs\Thoughts_Situation_Vore.xml,def,Swallowing prey,吞下猎物
RV2_PreyInMouthPassing.stages.0.description,Delicious!,description,ThoughtDefs\Thoughts_Situation_Vore.xml,def,Delicious!,味道不错!
RV2_PreyInMouthPassing.stages.1.label,Swallowing two prey at once,label,ThoughtDefs\Thoughts_Situation_Vore.xml,def,Swallowing two prey at once,同时吞下两个猎物
RV2_PreyInMouthPassing.stages.1.description,"Jaws, don't fail me now!",description,ThoughtDefs\Thoughts_Situation_Vore.xml,def,"Jaws, don't fail me now!",大嘴，别让我失望!
RV2_PreyInMouthPassing.stages.2.label,Swallowing three prey at once,label,ThoughtDefs\Thoughts_Situation_Vore.xml,def,Swallowing three prey at once,同时吞下三个猎物
RV2_PreyInMouthPassing.stages.2.description,I think I bit off more than I can chew...,description,ThoughtDefs\Thoughts_Situation_Vore.xml,def,I think I bit off more than I can chew...,我想我咬得太多了...
RV2_PreyInMouthPassing.stages.3.label,Swallowing several prey,label,ThoughtDefs\Thoughts_Situation_Vore.xml,def,Swallowing several prey,吞下多个猎物
RV2_PreyInMouthPassing.stages.3.description,Must suppress... gag reflex...,description,ThoughtDefs\Thoughts_Situation_Vore.xml,def,Must suppress... <ALIMT >gag</ALIMT> reflex...,必须抑制...口塞反射...
RV2_PreyInMouthPleasuring.stages.0.label,Pleasuring prey in mouth,label,ThoughtDefs\Thoughts_Situation_Vore.xml,def,Pleasuring prey in mouth,令人愉悦的猎物
RV2_PreyInMouthPleasuring.stages.0.description,"Let's sample the platter, shall we?~",description,ThoughtDefs\Thoughts_Situation_Vore.xml,def,"Let's sample the platter, shall we?~",让我们来品尝拼盘，好吗？~
RV2_PreyInMouthPleasuring.stages.1.label,Pleasuring prey in mouth,label,ThoughtDefs\Thoughts_Situation_Vore.xml,def,Pleasuring prey in mouth,令人愉悦的猎物
RV2_PreyInMouthPleasuring.stages.1.description,"At this rate, I'm not sure I'll get the chance to taste *all* of you to the fullest!",description,ThoughtDefs\Thoughts_Situation_Vore.xml,def,"At this rate, I'm not sure I'll get the chance to taste *all* of you to the fullest!",按照这个速度，我不确定我是否有机会品尝到你们所有人!
RV2_PreyExitingMouthPleasuring.stages.0.label,Pleasuring prey in mouth,label,ThoughtDefs\Thoughts_Situation_Vore.xml,def,Pleasuring prey in mouth,令人愉悦的猎物
RV2_PreyExitingMouthPleasuring.stages.0.description,Mmh~! Still good on the way back up!,description,ThoughtDefs\Thoughts_Situation_Vore.xml,def,Mmh~! Still good on the way back up!,嗯 ~!回来的路上还不错!
RV2_PreyExitingMouthPleasuring.stages.1.label,Pleasuring prey in mouth,label,ThoughtDefs\Thoughts_Situation_Vore.xml,def,Pleasuring prey in mouth,令人愉悦的猎物
RV2_PreyExitingMouthPleasuring.stages.1.description,"I'd say ""wait your turn"", but this actually isn't so bad!",description,ThoughtDefs\Thoughts_Situation_Vore.xml,def,"I'd say ""wait your turn"", but this actually isn't so bad!",我会说 “等着轮到你”，但这其实也没那么糟糕!
RV2_PreyInNippleDumping.stages.0.label,Milking out remains,label,ThoughtDefs\Thoughts_Situation_Vore.xml,def,<ALIMT >milking</ALIMT> out remains,挤奶残骸耗尽
RV2_PreyInNippleDumping.stages.0.description,Anyone care for a drink?,description,ThoughtDefs\Thoughts_Situation_Vore.xml,def,Anyone care for a drink?,有人想喝一杯吗？
RV2_PreyInNippleDumping.stages.1.label,Milking out two remains,label,ThoughtDefs\Thoughts_Situation_Vore.xml,def,<ALIMT >milking</ALIMT> out two remains,挤奶拿出两个残骸
RV2_PreyInNippleDumping.stages.1.description,Anyone care for a drink?,description,ThoughtDefs\Thoughts_Situation_Vore.xml,def,Anyone care for a drink?,有人想喝一杯吗？
RV2_PreyInNippleDumping.stages.2.label,Milking out multiple remains,label,ThoughtDefs\Thoughts_Situation_Vore.xml,def,<ALIMT >milking</ALIMT> out multiple remains,挤奶剩余数
RV2_PreyInNippleDumping.stages.2.description,I don't know if I'll ever stop leaking after this...,description,ThoughtDefs\Thoughts_Situation_Vore.xml,def,I don't know if I'll ever <ALIMT >stop</ALIMT> leaking after this...,我不知道我是否会停止在这之后漏水...
RV2_PreyInNippleExiting.stages.0.label,Releasing prey from nipple,label,ThoughtDefs\Thoughts_Situation_Vore.xml,def,Releasing prey from <ALIMT >nipple</ALIMT>,释放猎物乳头
RV2_PreyInNippleExiting.stages.0.description,Enjoy your bath? I did!,description,ThoughtDefs\Thoughts_Situation_Vore.xml,def,Enjoy your bath? I did!,洗澡愉快吗？是的!
RV2_PreyInNippleExiting.stages.1.label,Releasing two prey from nipples,label,ThoughtDefs\Thoughts_Situation_Vore.xml,def,Releasing two prey from <ALIMT >nipples</ALIMT>,释放两个猎物乳头
RV2_PreyInNippleExiting.stages.1.description,Taking out the bra-stuffers...,description,ThoughtDefs\Thoughts_Situation_Vore.xml,def,Taking out the <ALIMT >bra</ALIMT>-stuffers...,取出胸罩-填充者...
RV2_PreyInNippleExiting.stages.2.label,Releasing several prey from nipples,label,ThoughtDefs\Thoughts_Situation_Vore.xml,def,Releasing several prey from <ALIMT >nipples</ALIMT>,释放多个猎物乳头
RV2_PreyInNippleExiting.stages.2.description,I don't know if I'll ever stop leaking after this...,description,ThoughtDefs\Thoughts_Situation_Vore.xml,def,I don't know if I'll ever <ALIMT >stop</ALIMT> leaking after this...,我不知道我是否会停止在这之后漏水...
RV2_PreyInNipplePassing.stages.0.label,Unnursing prey,label,ThoughtDefs\Thoughts_Situation_Vore.xml,def,Unnursing prey,未哺乳的猎物
RV2_PreyInNipplePassing.stages.0.description,Drink up!,description,ThoughtDefs\Thoughts_Situation_Vore.xml,def,Drink up!,喝完了!
RV2_PreyInNipplePassing.stages.1.label,Unnursing two prey,label,ThoughtDefs\Thoughts_Situation_Vore.xml,def,Unnursing two prey,解除两个猎物
RV2_PreyInNipplePassing.stages.1.description,Gotta keep the symmetry!,description,ThoughtDefs\Thoughts_Situation_Vore.xml,def,Gotta keep the symmetry!,必须保持对称!
RV2_PreyInNipplePassing.stages.2.label,Unnursing several prey,label,ThoughtDefs\Thoughts_Situation_Vore.xml,def,Unnursing several prey,解锁几个猎物
RV2_PreyInNipplePassing.stages.2.description,Two at a time! Please!~,description,ThoughtDefs\Thoughts_Situation_Vore.xml,def,Two at a time! Please!~,一次两个!求求你了!~
RV2_PreyInNipplePleasuring.stages.0.label,Pleasuring nipple with prey,label,ThoughtDefs\Thoughts_Situation_Vore.xml,def,Pleasuring <ALIMT >nipple</ALIMT> with prey,愉悦乳头与猎物
RV2_PreyInNipplePleasuring.stages.0.description,"Oh, that tingles!",description,ThoughtDefs\Thoughts_Situation_Vore.xml,def,"Oh, that tingles!",哦，好疼!
RV2_PreyInNipplePleasuring.stages.1.label,Pleasuring nipple with two prey,label,ThoughtDefs\Thoughts_Situation_Vore.xml,def,Pleasuring <ALIMT >nipple</ALIMT> with two prey,愉悦乳头有两个猎物
RV2_PreyInNipplePleasuring.stages.1.description,"Pump 'em in, pump 'em out!",description,ThoughtDefs\Thoughts_Situation_Vore.xml,def,"Pump 'em in, pump 'em out!",泵入泵出!
RV2_PreyInNipplePleasuring.stages.2.label,Pleasuring nipple with multiple prey,label,ThoughtDefs\Thoughts_Situation_Vore.xml,def,Pleasuring <ALIMT >nipple</ALIMT> with multiple prey,愉悦乳头多个猎物
RV2_PreyInNipplePleasuring.stages.2.description,"I really ought to do this one per nip, but...",description,ThoughtDefs\Thoughts_Situation_Vore.xml,def,"I really ought to do this one per nip, but...",我真的应该每小时做一次，但是.
RV2_PreyInStomachChurning.stages.0.label,Breaking down prey in stomach,label,ThoughtDefs\Thoughts_Situation_Vore.xml,def,Breaking down prey in stomach,胃中分解猎物
RV2_PreyInStomachChurning.stages.0.description,Stopped kicking? Already stewing into mush...,description,ThoughtDefs\Thoughts_Situation_Vore.xml,def,Stopped kicking? Already stewing into mush...,不踢了？已经烤熟了...
RV2_PreyInStomachChurning.stages.1.label,Breaking down two prey in stomach,label,ThoughtDefs\Thoughts_Situation_Vore.xml,def,Breaking down two prey in stomach,胃里有两个猎物
RV2_PreyInStomachChurning.stages.1.description,I'm feeling a bit gassy already.,description,ThoughtDefs\Thoughts_Situation_Vore.xml,def,I'm feeling a bit gassy already.,我已经感觉有点胀气了。
RV2_PreyInStomachChurning.stages.2.label,Breaking down three prey in stomach,label,ThoughtDefs\Thoughts_Situation_Vore.xml,def,Breaking down three prey in stomach,消化三个猎物
RV2_PreyInStomachChurning.stages.2.description,"I'm really urpy now! But, like, in a good way!",description,ThoughtDefs\Thoughts_Situation_Vore.xml,def,"I'm really urpy now! But, like, in a good way!",我现在真的很紧急!但是，就像，以一种好的方式!
RV2_PreyInStomachChurning.stages.3.label,Breaking down several prey in stomach,label,ThoughtDefs\Thoughts_Situation_Vore.xml,def,Breaking down several prey in stomach,消化几只猎物
RV2_PreyInStomachChurning.stages.3.description,Still no regrets!~,description,ThoughtDefs\Thoughts_Situation_Vore.xml,def,Still no regrets!~,无怨无悔!~
RV2_PreyInStomachDigesting.stages.0.label,Digesting prey in stomach,label,ThoughtDefs\Thoughts_Situation_Vore.xml,def,Digesting prey in stomach,在胃内消化猎物
RV2_PreyInStomachDigesting.stages.0.description,A proper meal!,description,ThoughtDefs\Thoughts_Situation_Vore.xml,def,A proper meal!,一份真正的食物!
RV2_PreyInStomachDigesting.stages.1.label,Digesting two prey in stomach,label,ThoughtDefs\Thoughts_Situation_Vore.xml,def,Digesting two prey in stomach,正在消化胃内的两个猎物
RV2_PreyInStomachDigesting.stages.1.description,"So good, I went back for seconds!",description,ThoughtDefs\Thoughts_Situation_Vore.xml,def,"So good, I went back for seconds!",太好了，我已经回去好几秒了!
RV2_PreyInStomachDigesting.stages.2.label,Digesting three prey in stomach,label,ThoughtDefs\Thoughts_Situation_Vore.xml,def,Digesting three prey in stomach,正在消化胃内的三个猎物。
RV2_PreyInStomachDigesting.stages.2.description,"Three whole prey, all gurgling away!",description,ThoughtDefs\Thoughts_Situation_Vore.xml,def,"Three whole prey, all gurgling away!",三个完整的猎物，它们都 gurgurgur!
RV2_PreyInStomachDigesting.stages.3.label,Digesting several prey in stomach,label,ThoughtDefs\Thoughts_Situation_Vore.xml,def,Digesting several prey in stomach,正在消化胃内的猎物。
RV2_PreyInStomachDigesting.stages.3.description,I don't care if all these morsels give me indigestion. No regrets!~,description,ThoughtDefs\Thoughts_Situation_Vore.xml,def,I don't care if all these morsels give me indigestion. No regrets!~,我不在乎这些食物是否让我消化不良。无怨无悔!~
RV2_PreyInStomachPleasuring.stages.0.label,Pleasuring prey in stomach,label,ThoughtDefs\Thoughts_Situation_Vore.xml,def,Pleasuring prey in stomach,将猎物放入胃中
RV2_PreyInStomachPleasuring.stages.0.description,Sit tight and let my muscles give you a massage...,description,ThoughtDefs\Thoughts_Situation_Vore.xml,def,Sit tight and let my muscles give you a <ALIMT >massage</ALIMT>...,坐好让我的肌肉发达的角色。给你一个按摩...
RV2_PreyInStomachPleasuring.stages.1.label,Pleasuring two prey in stomach,label,ThoughtDefs\Thoughts_Situation_Vore.xml,def,Pleasuring two prey in stomach,取悦两个胃内的猎物
RV2_PreyInStomachPleasuring.stages.1.description,"Double the prey, double the pleasure!",description,ThoughtDefs\Thoughts_Situation_Vore.xml,def,"Double the prey, double the pleasure!",双倍的猎物，双倍的快感!
RV2_PreyInStomachPleasuring.stages.2.label,Pleasuring three prey stored in stomach,label,ThoughtDefs\Thoughts_Situation_Vore.xml,def,Pleasuring three prey stored in stomach,使三个储存在胃中的猎物愉悦
RV2_PreyInStomachPleasuring.stages.2.description,Triple the prey... triple the... yeah...,description,ThoughtDefs\Thoughts_Situation_Vore.xml,def,Triple the prey... triple the... yeah...,三倍于猎物三倍于他人嗯...
RV2_PreyInStomachPleasuring.stages.3.label,Pleasuring four prey stored in stomach,label,ThoughtDefs\Thoughts_Situation_Vore.xml,def,Pleasuring four prey stored in stomach,取悦四个储存在胃里的猎物
RV2_PreyInStomachPleasuring.stages.3.description,So... full...,description,ThoughtDefs\Thoughts_Situation_Vore.xml,def,So... full...,所以... 满了...
RV2_PreyInStomachStoring.stages.0.label,Prey stored in stomach,label,ThoughtDefs\Thoughts_Situation_Vore.xml,def,Prey stored in stomach,胃内储存的猎物
RV2_PreyInStomachStoring.stages.0.description,Nothing quite like a full belly. Especially one that doesn't go away.,description,ThoughtDefs\Thoughts_Situation_Vore.xml,def,Nothing quite like a full belly. Especially one that doesn't go away.,没有什么比饱腹更好的了。尤其是不会消失的。
RV2_PreyInStomachStoring.stages.1.label,Two prey stored in stomach,label,ThoughtDefs\Thoughts_Situation_Vore.xml,def,Two prey stored in stomach,将两个猎物储存在胃内
RV2_PreyInStomachStoring.stages.1.description,Extra full!,description,ThoughtDefs\Thoughts_Situation_Vore.xml,def,Extra full!,特别满!
RV2_PreyInStomachStoring.stages.2.label,Three prey stored in stomach,label,ThoughtDefs\Thoughts_Situation_Vore.xml,def,Three prey stored in stomach,三个猎物被消化
RV2_PreyInStomachStoring.stages.2.description,So... full...,description,ThoughtDefs\Thoughts_Situation_Vore.xml,def,So... full...,所以... 满了...
RV2_PreyInStomachStoring.stages.3.label,Several prey stored in stomach,label,ThoughtDefs\Thoughts_Situation_Vore.xml,def,Several prey stored in stomach,多个猎物被消化
RV2_PreyInStomachStoring.stages.3.description,"I'm packed to the brim! I don't think I could eat another... oh, well, maybe...",description,ThoughtDefs\Thoughts_Situation_Vore.xml,def,"I'm packed to the brim! I don't think I could eat another... oh, well, maybe...",我要走了!我想我不能再吃了.哦，好吧，也许...
RV2_PreyInStomachWarming.stages.0.label,Warming up stomach for prey,label,ThoughtDefs\Thoughts_Situation_Vore.xml,def,Warming up stomach for prey,为猎物预热胃
RV2_PreyInStomachWarming.stages.0.description,"Oh, the plans I have for you!",description,ThoughtDefs\Thoughts_Situation_Vore.xml,def,"Oh, the plans I have for you!",哦，我为你准备的计划!
RV2_PreyInStomachWarming.stages.1.label,Warming up stomach for multiple prey,label,ThoughtDefs\Thoughts_Situation_Vore.xml,def,Warming up stomach for multiple prey,为多个猎物预热胃
RV2_PreyInStomachWarming.stages.1.description,"Oh, the plans I have for you!",description,ThoughtDefs\Thoughts_Situation_Vore.xml,def,"Oh, the plans I have for you!",哦，我为你准备的计划!
RV2_PreyInStomachHealing.stages.0.label,Healing prey in stomach,label,ThoughtDefs\Thoughts_Situation_Vore.xml,def,Healing prey in stomach,正在治疗胃中的猎物
RV2_PreyInStomachHealing.stages.0.description,Let's get you patched up!,description,ThoughtDefs\Thoughts_Situation_Vore.xml,def,Let's get you patched up!,让我们给你包扎一下!
RV2_PreyInStomachHealing.stages.1.label,Healing multiple prey in stomach,label,ThoughtDefs\Thoughts_Situation_Vore.xml,def,Healing multiple prey in stomach,正在治愈胃中的多个猎物
RV2_PreyInStomachHealing.stages.1.description,Pretty crowded...,description,ThoughtDefs\Thoughts_Situation_Vore.xml,def,Pretty crowded...,非常拥挤...
RV2_PreyInTesticlesConvertingSperm.stages.0.label,Spermifying prey in balls,label,ThoughtDefs\Thoughts_Situation_Vore.xml,def,Spermifying prey in balls,球质中的精子化猎物
RV2_PreyInTesticlesConvertingSperm.stages.0.description,Churning into batter...,description,ThoughtDefs\Thoughts_Situation_Vore.xml,def,Churning into batter...,正在翻腾成击球手...
RV2_PreyInTesticlesConvertingSperm.stages.1.label,Spermifying two prey in balls,label,ThoughtDefs\Thoughts_Situation_Vore.xml,def,Spermifying two prey in balls,正在使两个球中的猎物精子化
RV2_PreyInTesticlesConvertingSperm.stages.1.description,"Oh man, I'm already feeling blueballed...",description,ThoughtDefs\Thoughts_Situation_Vore.xml,def,"Oh man, I'm already feeling blueballed...",天哪，我已经快晕倒了...
RV2_PreyInTesticlesConvertingSperm.stages.2.label,Spermifying three prey in balls,label,ThoughtDefs\Thoughts_Situation_Vore.xml,def,Spermifying three prey in balls,将三个猎物转化为精子
RV2_PreyInTesticlesConvertingSperm.stages.2.description,"Batter to bake, seeds to plant. Soon, my jewels.~",description,ThoughtDefs\Thoughts_Situation_Vore.xml,def,"Batter to bake, seeds to plant. Soon, my jewels.~",面糊需要烘烤，播种。很快，我的宝石。~
RV2_PreyInTesticlesConvertingSperm.stages.3.label,Spermifying several prey in balls,label,ThoughtDefs\Thoughts_Situation_Vore.xml,def,Spermifying several prey in balls,正在使几个球中的猎物精子化
RV2_PreyInTesticlesConvertingSperm.stages.3.description,This'll be a hell of a batch! Just how pregnant could I get someone with this?~,description,ThoughtDefs\Thoughts_Situation_Vore.xml,def,This'll be a <ALIMT >hell</ALIMT> of a batch! Just how <ALIMT >pregnant</ALIMT> could I get someone with this?~,这将是一个地狱一批新的!准确无误怀孕~
RV2_PreyInTesticlesDissolvingSperm.stages.0.label,Dissolving live prey into sperm,label,ThoughtDefs\Thoughts_Situation_Vore.xml,def,Dissolving live prey into <ALIMT >sperm</ALIMT>,将活着的猎物溶解成精子
RV2_PreyInTesticlesDissolvingSperm.stages.0.description,"Too tight in there to hit me in the 'nads, isn't it?",description,ThoughtDefs\Thoughts_Situation_Vore.xml,def,"Too tight in there to hit me in the 'nads, isn't it?",太紧了，没法打我，不是吗？
RV2_PreyInTesticlesDissolvingSperm.stages.1.label,Dissolving two live prey into sperm,label,ThoughtDefs\Thoughts_Situation_Vore.xml,def,Dissolving two live prey into <ALIMT >sperm</ALIMT>,将两个活物溶解精子
RV2_PreyInTesticlesDissolvingSperm.stages.1.description,"You two'll be creamy, delicious cum soon. You might even get fucked into someone!",description,ThoughtDefs\Thoughts_Situation_Vore.xml,def,"You two'll be creamy, delicious <ALIMT >cum</ALIMT> soon. You might even get fucked into someone!",你们两个会很奶油，很好吃精液很快。你甚至可能会被人操!
RV2_PreyInTesticlesDissolvingSperm.stages.2.label,Dissolving three live prey into sperm,label,ThoughtDefs\Thoughts_Situation_Vore.xml,def,Dissolving three live prey into <ALIMT >sperm</ALIMT>,将三名活着的猎物溶解进精子
RV2_PreyInTesticlesDissolvingSperm.stages.2.description,I can't wait to jerk off... You'll be batter soon enough.,description,ThoughtDefs\Thoughts_Situation_Vore.xml,def,I can't wait to jerk off... You'll be batter soon enough.,我好难受你很快就会击球。
RV2_PreyInTesticlesDissolvingSperm.stages.3.label,Dissolving several live prey into sperm,label,ThoughtDefs\Thoughts_Situation_Vore.xml,def,Dissolving several live prey into <ALIMT >sperm</ALIMT>,将多个活着的猎物溶解进精子
RV2_PreyInTesticlesDissolvingSperm.stages.3.description,"Ugh, I'm so blueballed! Soon, fuck, soon!",description,ThoughtDefs\Thoughts_Situation_Vore.xml,def,"Ugh, I'm so blueballed! Soon, fuck, soon!",啊呀，我好蓝啊!很快，操，很快!
RV2_PreyInTesticlesMushingSperm.stages.0.label,Breaking down prey into sperm,label,ThoughtDefs\Thoughts_Situation_Vore.xml,def,Breaking down prey into <ALIMT >sperm</ALIMT>,将猎物分解成精子
RV2_PreyInTesticlesMushingSperm.stages.0.description,"Mmh. Lost your will to fight, or just plain died?",description,ThoughtDefs\Thoughts_Situation_Vore.xml,def,"Mmh. Lost your will to fight, or just plain died?",嗯。失去了战斗的意志，还是死亡了？
RV2_PreyInTesticlesMushingSperm.stages.1.label,Breaking down two prey into sperm,label,ThoughtDefs\Thoughts_Situation_Vore.xml,def,Breaking down two prey into <ALIMT >sperm</ALIMT>,将两个猎物拆成精子
RV2_PreyInTesticlesMushingSperm.stages.1.description,I can feel my beanbags softening.~,description,ThoughtDefs\Thoughts_Situation_Vore.xml,def,I can feel my beanbags softening.~,我能感觉到我的豆囊变软了。~
RV2_PreyInTesticlesMushingSperm.stages.2.label,Breaking down three prey into sperm,label,ThoughtDefs\Thoughts_Situation_Vore.xml,def,Breaking down three prey into <ALIMT >sperm</ALIMT>,将三名猎物分解精子
RV2_PreyInTesticlesMushingSperm.stages.2.description,All that's left is to churn y'all into batter...,description,ThoughtDefs\Thoughts_Situation_Vore.xml,def,All that's left is to churn y'all into batter...,剩下的就是把你们所有人都搅成击球手...
RV2_PreyInTesticlesMushingSperm.stages.3.label,Breaking down several prey into sperm,label,ThoughtDefs\Thoughts_Situation_Vore.xml,def,Breaking down several prey into <ALIMT >sperm</ALIMT>,将几个猎物分解精子
RV2_PreyInTesticlesMushingSperm.stages.3.description,Soon. Soon. Soon. Soon.,description,ThoughtDefs\Thoughts_Situation_Vore.xml,def,Soon. Soon. Soon. Soon.,很快。很快。很快。很快。
RV2_PreyInTesticlesPleasuring.stages.0.label,Pleasured prey in balls,label,ThoughtDefs\Thoughts_Situation_Vore.xml,def,Pleasured prey in balls,愉快的球捕食
RV2_PreyInTesticlesPleasuring.stages.0.description,Don't stop...,description,ThoughtDefs\Thoughts_Situation_Vore.xml,def,Don't <ALIMT >stop</ALIMT>...,不停止...
RV2_PreyInTesticlesPleasuring.stages.1.label,Pleasured by two prey in balls,label,ThoughtDefs\Thoughts_Situation_Vore.xml,def,Pleasured by two prey in balls,被两个球中的猎物捕食
RV2_PreyInTesticlesPleasuring.stages.1.description,"Keep going, both of you...!",description,ThoughtDefs\Thoughts_Situation_Vore.xml,def,"Keep going, both of you...!",你们两个继续...!
RV2_PreyInTesticlesPleasuring.stages.2.label,Pleasured by three prey in balls,label,ThoughtDefs\Thoughts_Situation_Vore.xml,def,Pleasured by three prey in balls,被三个球中的猎物捕食
RV2_PreyInTesticlesPleasuring.stages.2.description,Three... at once.~,description,ThoughtDefs\Thoughts_Situation_Vore.xml,def,Three... at once.~,三个... 一下子。~
RV2_PreyInTesticlesPleasuring.stages.3.label,Pleasured by several prey in ballss,label,ThoughtDefs\Thoughts_Situation_Vore.xml,def,Pleasured by several prey in ballss,被球兽中的猎物满足
RV2_PreyInTesticlesPleasuring.stages.3.description,I'm gonna--!,description,ThoughtDefs\Thoughts_Situation_Vore.xml,def,I'm gonna--!,我要...
RV2_PreyInTesticlesStoring.stages.0.label,Prey in testicles,label,ThoughtDefs\Thoughts_Situation_Vore.xml,def,Prey in <ALIMT >testicles</ALIMT>,捕食睾丸/蛋蛋
RV2_PreyInTesticlesStoring.stages.0.description,So heavy... It feels good.,description,ThoughtDefs\Thoughts_Situation_Vore.xml,def,So heavy... It feels good.,好重...感觉很好。
RV2_PreyInTesticlesStoring.stages.1.label,Two prey in testicles,label,ThoughtDefs\Thoughts_Situation_Vore.xml,def,Two prey in <ALIMT >testicles</ALIMT>,两个猎物睾丸/蛋蛋
RV2_PreyInTesticlesStoring.stages.1.description,One for each nut!,description,ThoughtDefs\Thoughts_Situation_Vore.xml,def,One for each nut!,每个坚果一个!
RV2_PreyInTesticlesStoring.stages.2.label,Three prey in testicles,label,ThoughtDefs\Thoughts_Situation_Vore.xml,def,Three prey in <ALIMT >testicles</ALIMT>,三个猎物睾丸/蛋蛋
RV2_PreyInTesticlesStoring.stages.2.description,My balls are getting hefty...!,description,ThoughtDefs\Thoughts_Situation_Vore.xml,def,My balls are getting hefty...!,我的蛋蛋越来越重了...!
RV2_PreyInTesticlesStoring.stages.3.label,Multiple prey in testicles,label,ThoughtDefs\Thoughts_Situation_Vore.xml,def,Multiple prey in <ALIMT >testicles</ALIMT>,多个猎物睾丸/蛋蛋
RV2_PreyInTesticlesStoring.stages.3.description,I can barely lift my sack!,description,ThoughtDefs\Thoughts_Situation_Vore.xml,def,I can barely lift my sack!,我几乎搬不起我的袋子!
RV2_PreyInTesticlesWarming.stages.0.label,Warming up testicles for prey,label,ThoughtDefs\Thoughts_Situation_Vore.xml,def,Warming up <ALIMT >testicles</ALIMT> for prey,热身睾丸/蛋蛋对于猎物
RV2_PreyInTesticlesWarming.stages.0.description,"Oh, the plans I have for you!",description,ThoughtDefs\Thoughts_Situation_Vore.xml,def,"Oh, the plans I have for you!",哦，我为你准备的计划!
RV2_PreyInTesticlesWarming.stages.1.label,Warming up testicles for multiple prey,label,ThoughtDefs\Thoughts_Situation_Vore.xml,def,Warming up <ALIMT >testicles</ALIMT> for multiple prey,热身睾丸/蛋蛋多个猎物
RV2_PreyInTesticlesWarming.stages.1.description,"Oh, the plans I have for you!",description,ThoughtDefs\Thoughts_Situation_Vore.xml,def,"Oh, the plans I have for you!",哦，我为你准备的计划!
RV2_PreyInTesticlesHealing.stages.0.label,Healing prey in testicles,label,ThoughtDefs\Thoughts_Situation_Vore.xml,def,Healing prey in <ALIMT >testicles</ALIMT>,治愈猎物睾丸/蛋蛋
RV2_PreyInTesticlesHealing.stages.0.description,Let's get you patched up!,description,ThoughtDefs\Thoughts_Situation_Vore.xml,def,Let's get you patched up!,让我们给你包扎一下!
RV2_PreyInTesticlesHealing.stages.1.label,Healing multiple prey in testicles,label,ThoughtDefs\Thoughts_Situation_Vore.xml,def,Healing multiple prey in <ALIMT >testicles</ALIMT>,治疗多个猎物睾丸/蛋蛋
RV2_PreyInTesticlesHealing.stages.1.description,Pretty crowded...,description,ThoughtDefs\Thoughts_Situation_Vore.xml,def,Pretty crowded...,非常拥挤...
RV2_PreyInVaginaDumpingOrgasm.stages.0.label,Squirting out remains from pussy,label,ThoughtDefs\Thoughts_Situation_Vore.xml,def,Squirting out remains from <ALIMT >pussy</ALIMT>,喷射残骸小穴
RV2_PreyInVaginaDumpingOrgasm.stages.0.description,"Thanks for the orgasm, but goodbye!",description,ThoughtDefs\Thoughts_Situation_Vore.xml,def,"Thanks for the <ALIMT >orgasm</ALIMT>, but goodbye!","感谢高潮,但再见!"
RV2_PreyInVaginaDumpingOrgasm.stages.1.label,Squiriting out multiple remains from pussy,label,ThoughtDefs\Thoughts_Situation_Vore.xml,def,Squiriting out multiple remains from <ALIMT >pussy</ALIMT>,从附近喷射出多个残骸小穴
RV2_PreyInVaginaDumpingOrgasm.stages.1.description,This is gonna take a while to clean up...~,description,ThoughtDefs\Thoughts_Situation_Vore.xml,def,This is gonna take a while to clean up...~,这需要一段时间来清理... ~
RV2_PreyInVaginaDumpingStream.stages.0.label,Streaming out remains from pussy,label,ThoughtDefs\Thoughts_Situation_Vore.xml,def,Streaming out remains from <ALIMT >pussy</ALIMT>,剩余物资从小穴
RV2_PreyInVaginaDumpingStream.stages.0.description,"Ah, sweet relief!",description,ThoughtDefs\Thoughts_Situation_Vore.xml,def,"Ah, sweet relief!",啊，甜蜜的放松!
RV2_PreyInVaginaDumpingStream.stages.1.label,Streaming out multiple remains from pussy,label,ThoughtDefs\Thoughts_Situation_Vore.xml,def,Streaming out multiple remains from <ALIMT >pussy</ALIMT>,涌出多个残骸小穴
RV2_PreyInVaginaDumpingStream.stages.1.description,I feel like a waterfall!,description,ThoughtDefs\Thoughts_Situation_Vore.xml,def,I feel like a waterfall!,我感觉自己像个瀑布!
RV2_PreyInVaginaExiting.stages.0.label,Pushing out prey,label,ThoughtDefs\Thoughts_Situation_Vore.xml,def,Pushing out prey,将猎物推出
RV2_PreyInVaginaExiting.stages.0.description,Delivery!,description,ThoughtDefs\Thoughts_Situation_Vore.xml,def,Delivery!,交付中!
RV2_PreyInVaginaExiting.stages.1.label,Pushing out multiple prey,label,ThoughtDefs\Thoughts_Situation_Vore.xml,def,Pushing out multiple prey,推出多个猎物
RV2_PreyInVaginaExiting.stages.1.description,They just keep coming...~,description,ThoughtDefs\Thoughts_Situation_Vore.xml,def,They just keep coming...~,他们就这样不断的过来... ~
RV2_PreyInVaginaExitingOrgasm.stages.0.label,Rebirthing prey,label,ThoughtDefs\Thoughts_Situation_Vore.xml,def,Rebirthing prey,捕食猎物
RV2_PreyInVaginaExitingOrgasm.stages.0.description,Delivery!,description,ThoughtDefs\Thoughts_Situation_Vore.xml,def,Delivery!,交付中!
RV2_PreyInVaginaExitingOrgasm.stages.1.label,Rebirthing multiple prey,label,ThoughtDefs\Thoughts_Situation_Vore.xml,def,Rebirthing multiple prey,捕食多个猎物
RV2_PreyInVaginaExitingOrgasm.stages.1.description,They just keep coming...~,description,ThoughtDefs\Thoughts_Situation_Vore.xml,def,They just keep coming...~,他们就这样不断的过来... ~
RV2_PreyInVaginaExitingStream.stages.0.label,Streaming out prey from pussy,label,ThoughtDefs\Thoughts_Situation_Vore.xml,def,Streaming out prey from <ALIMT >pussy</ALIMT>,猎物从小穴
RV2_PreyInVaginaExitingStream.stages.0.description,Gotta piss this fucker out.,description,ThoughtDefs\Thoughts_Situation_Vore.xml,def,Gotta piss this fucker out.,要把这混蛋轰成尿了。
RV2_PreyInVaginaExitingStream.stages.1.label,Streaming out multiple prey from pussy,label,ThoughtDefs\Thoughts_Situation_Vore.xml,def,Streaming out multiple prey from <ALIMT >pussy</ALIMT>,多只猎物从小穴
RV2_PreyInVaginaExitingStream.stages.1.description,Ride the rapids!,description,ThoughtDefs\Thoughts_Situation_Vore.xml,def,Ride the rapids!,骑乘急流!
RV2_PreyInVaginaPassing.stages.0.label,Unbirthing prey,label,ThoughtDefs\Thoughts_Situation_Vore.xml,def,Unbirthing prey,解散猎物
RV2_PreyInVaginaPassing.stages.0.description,"Deeper, deeper!",description,ThoughtDefs\Thoughts_Situation_Vore.xml,def,"Deeper, deeper!",越来越深!
RV2_PreyInVaginaPassing.stages.1.label,Unbirthing multiple prey,label,ThoughtDefs\Thoughts_Situation_Vore.xml,def,Unbirthing multiple prey,解锁多个猎物
RV2_PreyInVaginaPassing.stages.1.description,Take the ferry up the canal!,description,ThoughtDefs\Thoughts_Situation_Vore.xml,def,Take the ferry up the <ALIMT >canal</ALIMT>!,乘坐运河不!
RV2_PreyInVaginaPleasuring.stages.0.label,Pleasuring pussy with prey,label,ThoughtDefs\Thoughts_Situation_Vore.xml,def,Pleasuring <ALIMT >pussy</ALIMT> with prey,愉悦小穴与猎物
RV2_PreyInVaginaPleasuring.stages.0.description,"I'd beg you to fuck me, but I'm already doing that to you.~",description,ThoughtDefs\Thoughts_Situation_Vore.xml,def,"I'd beg you to fuck me, but I'm already doing that to you.~",我求你干我，但我已经在这样对你了。~
RV2_PreyInVaginaPleasuring.stages.1.label,Pleasuring pussy with multiple prey,label,ThoughtDefs\Thoughts_Situation_Vore.xml,def,Pleasuring <ALIMT >pussy</ALIMT> with multiple prey,愉悦小穴多个猎物
RV2_PreyInVaginaPleasuring.stages.1.description,Y'all gotta get me real wet if you wanna go any deeper!,description,ThoughtDefs\Thoughts_Situation_Vore.xml,def,Y'all gotta get me real wet if you wanna go any deeper!,如果你们想再深入一点，就得把我淋湿!
RV2_PreyInWombConvertingLube.stages.0.label,Lubrifying prey in womb,label,ThoughtDefs\Thoughts_Situation_Vore.xml,def,Lubrifying prey in womb,子宫内有 lurifing 猎物
RV2_PreyInWombConvertingLube.stages.0.description,When am I due? Very soon...~,description,ThoughtDefs\Thoughts_Situation_Vore.xml,def,When am I due? Very soon...~,我什么时候到期？很快... ~
RV2_PreyInWombConvertingLube.stages.1.label,Lubrifying two prey in womb,label,ThoughtDefs\Thoughts_Situation_Vore.xml,def,Lubrifying two prey in womb,正在使两个猎物在子宫内快乐
RV2_PreyInWombConvertingLube.stages.1.description,I could take a cactus with this much lube!,description,ThoughtDefs\Thoughts_Situation_Vore.xml,def,I could take a cactus with this much <ALIMT >lube</ALIMT>!,我能拥有这么多仙人掌润滑油不!
RV2_PreyInWombConvertingLube.stages.2.label,Lubrifying three prey in womb,label,ThoughtDefs\Thoughts_Situation_Vore.xml,def,Lubrifying three prey in womb,在子宫内使三个猎物发光
RV2_PreyInWombConvertingLube.stages.2.description,Am I leaking? I think I'm leaking.,description,ThoughtDefs\Thoughts_Situation_Vore.xml,def,Am I leaking? I think I'm leaking.,我漏水吗？我想我在漏水。
RV2_PreyInWombConvertingLube.stages.3.label,Lubrifying several prey in womb,label,ThoughtDefs\Thoughts_Situation_Vore.xml,def,Lubrifying several prey in womb,正在使几只猎物在子宫内快乐
RV2_PreyInWombConvertingLube.stages.3.description,I could put a wildfire out with all this cunt-juice...,description,ThoughtDefs\Thoughts_Situation_Vore.xml,def,I could put a wildfire out with all this cunt-juice...,我可以用这些树液把野火扑灭...
RV2_PreyInWombDissolvingLube.stages.0.label,Dissolving prey into cunt-juice,label,ThoughtDefs\Thoughts_Situation_Vore.xml,def,Dissolving prey into cunt-juice,将猎物溶化成蛇液
RV2_PreyInWombDissolvingLube.stages.0.description,"Soon, you'll be nothing more than a useless puddle!",description,ThoughtDefs\Thoughts_Situation_Vore.xml,def,"Soon, you'll be nothing more than a useless puddle!",很快，你只会是一个无用的水洼!
RV2_PreyInWombDissolvingLube.stages.1.label,Dissolving two prey into cunt-juice,label,ThoughtDefs\Thoughts_Situation_Vore.xml,def,Dissolving two prey into cunt-juice,将两个猎物溶解成毒液
RV2_PreyInWombDissolvingLube.stages.1.description,I'm gonna be so fucking wet!,description,ThoughtDefs\Thoughts_Situation_Vore.xml,def,I'm gonna be so fucking wet!,我他妈要湿透了!
RV2_PreyInWombDissolvingLube.stages.2.label,Dissolving three prey into cunt-juice,label,ThoughtDefs\Thoughts_Situation_Vore.xml,def,Dissolving three prey into cunt-juice,将三名猎物溶解成毒液
RV2_PreyInWombDissolvingLube.stages.2.description,IS it getting slippery in there yet?,description,ThoughtDefs\Thoughts_Situation_Vore.xml,def,IS it getting slippery in there yet?,里面滑了吗？
RV2_PreyInWombDissolvingLube.stages.3.label,Dissolving several prey into cunt-juice,label,ThoughtDefs\Thoughts_Situation_Vore.xml,def,Dissolving several prey into cunt-juice,将多名猎物溶解成蛇皮
RV2_PreyInWombDissolvingLube.stages.3.description,"As wet as I am, this's gotta be some of the easiest sex any of you've ever had. Go out with a bang!",description,ThoughtDefs\Thoughts_Situation_Vore.xml,def,"As wet as I am, this's gotta be some of the easiest <ALIMT >sex</ALIMT> any of you've ever had. Go out with a bang!",和我一样潮湿，这一定是最容易的性交你们任何人都有过。砰的一声出去!
RV2_PreyInWombMushingLube.stages.0.label,Breaking down prey into lube,label,ThoughtDefs\Thoughts_Situation_Vore.xml,def,Breaking down prey into <ALIMT >lube</ALIMT>,将猎物分解成润滑油
RV2_PreyInWombMushingLube.stages.0.description,Life's ending just where it began.,description,ThoughtDefs\Thoughts_Situation_Vore.xml,def,Life's ending just where it began.,生命就在此处结束。
RV2_PreyInWombMushingLube.stages.1.label,Breaking down two prey into lube,label,ThoughtDefs\Thoughts_Situation_Vore.xml,def,Breaking down two prey into <ALIMT >lube</ALIMT>,将两个猎物拆成润滑油
RV2_PreyInWombMushingLube.stages.1.description,Guess the squirming's over. Oh well!~,description,ThoughtDefs\Thoughts_Situation_Vore.xml,def,Guess the squirming's over. Oh well!~,我猜蠕动已经结束了。哦，好!~
RV2_PreyInWombMushingLube.stages.2.label,Breaking down three prey into lube,label,ThoughtDefs\Thoughts_Situation_Vore.xml,def,Breaking down three prey into <ALIMT >lube</ALIMT>,将三名猎物分解润滑油
RV2_PreyInWombMushingLube.stages.2.description,Really starting to feel sloshy now!,description,ThoughtDefs\Thoughts_Situation_Vore.xml,def,Really starting to feel sloshy now!,现在真的开始感到懒惰了!
RV2_PreyInWombMushingLube.stages.3.label,Breaking down several prey into lube,label,ThoughtDefs\Thoughts_Situation_Vore.xml,def,Breaking down several prey into <ALIMT >lube</ALIMT>,将几个猎物分解润滑油
RV2_PreyInWombMushingLube.stages.3.description,I gotta figure out where I'm gonna gush y'all out!,description,ThoughtDefs\Thoughts_Situation_Vore.xml,def,I gotta figure out where I'm gonna gush y'all out!,我要弄明白你们在哪儿!
RV2_PreyInWombPleasuring.stages.0.label,Pleasured by prey in womb,label,ThoughtDefs\Thoughts_Situation_Vore.xml,def,Pleasured by prey in womb,被子宫内的猎物捕食
RV2_PreyInWombPleasuring.stages.0.description,Don't stop...,description,ThoughtDefs\Thoughts_Situation_Vore.xml,def,Don't <ALIMT >stop</ALIMT>...,不停止...
RV2_PreyInWombPleasuring.stages.1.label,Pleasured by two prey in womb,label,ThoughtDefs\Thoughts_Situation_Vore.xml,def,Pleasured by two prey in womb,子宫内有两个猎物
RV2_PreyInWombPleasuring.stages.1.description,"Keep going, both of you...!",description,ThoughtDefs\Thoughts_Situation_Vore.xml,def,"Keep going, both of you...!",你们两个继续...!
RV2_PreyInWombPleasuring.stages.2.label,Pleasured by three prey in womb,label,ThoughtDefs\Thoughts_Situation_Vore.xml,def,Pleasured by three prey in womb,子宫内有三个猎物
RV2_PreyInWombPleasuring.stages.2.description,Three... all at once!,description,ThoughtDefs\Thoughts_Situation_Vore.xml,def,Three... all at once!,三个... 同时建造!
RV2_PreyInWombPleasuring.stages.3.label,Pleasured by several prey in womb,label,ThoughtDefs\Thoughts_Situation_Vore.xml,def,Pleasured by several prey in womb,被子宫内的猎物所满足
RV2_PreyInWombPleasuring.stages.3.description,I'M GONNA--,description,ThoughtDefs\Thoughts_Situation_Vore.xml,def,I'M GONNA--,我要 --
RV2_PreyInWombStoring.stages.0.label,Prey stored in womb,label,ThoughtDefs\Thoughts_Situation_Vore.xml,def,Prey stored in womb,子宫内储存的猎物
RV2_PreyInWombStoring.stages.0.description,Absolutely gravid!,description,ThoughtDefs\Thoughts_Situation_Vore.xml,def,Absolutely gravid!,怀孕!
RV2_PreyInWombStoring.stages.1.label,Two prey stored in womb,label,ThoughtDefs\Thoughts_Situation_Vore.xml,def,Two prey stored in womb,子宫内储存两个猎物
RV2_PreyInWombStoring.stages.1.description,It's twins!,description,ThoughtDefs\Thoughts_Situation_Vore.xml,def,It's twins!,是双胞胎!
RV2_PreyInWombStoring.stages.2.label,Three prey stored in womb,label,ThoughtDefs\Thoughts_Situation_Vore.xml,def,Three prey stored in womb,子宫内储存三名猎物
RV2_PreyInWombStoring.stages.2.description,Triplets!,description,ThoughtDefs\Thoughts_Situation_Vore.xml,def,Triplets!,三胞胎!
RV2_PreyInWombStoring.stages.3.label,Several prey stored in womb,label,ThoughtDefs\Thoughts_Situation_Vore.xml,def,Several prey stored in womb,几只猎物在子宫内储存
RV2_PreyInWombStoring.stages.3.description,I've got a whole litter inside me...~,description,ThoughtDefs\Thoughts_Situation_Vore.xml,def,I've got a whole litter inside me...~,~
RV2_PreyInWombWarming.stages.0.label,Warming up womb for prey,label,ThoughtDefs\Thoughts_Situation_Vore.xml,def,Warming up womb for prey,为猎物预热子宫
RV2_PreyInWombWarming.stages.0.description,"Oh, the plans I have for you!",description,ThoughtDefs\Thoughts_Situation_Vore.xml,def,"Oh, the plans I have for you!",哦，我为你准备的计划!
RV2_PreyInWombWarming.stages.1.label,Warming up womb for multiple prey,label,ThoughtDefs\Thoughts_Situation_Vore.xml,def,Warming up womb for multiple prey,为多个猎物预热子宫
RV2_PreyInWombWarming.stages.1.description,"Oh, the plans I have for you!",description,ThoughtDefs\Thoughts_Situation_Vore.xml,def,"Oh, the plans I have for you!",哦，我为你准备的计划!
RV2_PreyInWombReforming.stages.0.label,Reforming prey,label,ThoughtDefs\Thoughts_Situation_Vore.xml,def,Reforming prey,改造猎物
RV2_PreyInWombReforming.stages.0.description,My child!,description,ThoughtDefs\Thoughts_Situation_Vore.xml,def,My child!,我的孩子!
RV2_PreyInWombReforming.stages.1.label,Reforming two prey,label,ThoughtDefs\Thoughts_Situation_Vore.xml,def,Reforming two prey,改造两个猎物
RV2_PreyInWombReforming.stages.1.description,"Oh my, twins!",description,ThoughtDefs\Thoughts_Situation_Vore.xml,def,"Oh my, twins!",天呐，双胞胎啊!
RV2_PreyInWombReforming.stages.2.label,Reforming three prey,label,ThoughtDefs\Thoughts_Situation_Vore.xml,def,Reforming three prey,改造三个猎物
RV2_PreyInWombReforming.stages.2.description,"Oh my, triplets!",description,ThoughtDefs\Thoughts_Situation_Vore.xml,def,"Oh my, triplets!",天呐，三胞胎!
RV2_PreyInWombReforming.stages.3.label,Reforming multiple prey,label,ThoughtDefs\Thoughts_Situation_Vore.xml,def,Reforming multiple prey,重组多个猎物
RV2_PreyInWombReforming.stages.3.description,"Wow, I have a whole litter growing inside.",description,ThoughtDefs\Thoughts_Situation_Vore.xml,def,"Wow, I have a whole litter growing inside.",哇，我体内长出了一整只幼崽。
RV2_PreyInWombHealing.stages.0.label,Healing prey in womb,label,ThoughtDefs\Thoughts_Situation_Vore.xml,def,Healing prey in womb,治疗子宫内的猎物
RV2_PreyInWombHealing.stages.0.description,Let's get you patched up!,description,ThoughtDefs\Thoughts_Situation_Vore.xml,def,Let's get you patched up!,让我们给你包扎一下!
RV2_PreyInWombHealing.stages.1.label,Healing multiple prey in womb,label,ThoughtDefs\Thoughts_Situation_Vore.xml,def,Healing multiple prey in womb,治疗子宫内的多个猎物
RV2_PreyInWombHealing.stages.1.description,Pretty crowded...,description,ThoughtDefs\Thoughts_Situation_Vore.xml,def,Pretty crowded...,非常拥挤...
RV2_VoreGrapple.label,Vore Grapple,label,ToolCapacityDefs\ToolCapacity.xml,def,<ALIMT >vore</ALIMT> Grapple,吃人格斗
predator.label,Predator,label,VoreDefs\Designations.xml,def,Predator,捕食者
predator.description,Predators are allowed to vore other pawns,description,VoreDefs\Designations.xml,def,Predators are allowed to <ALIMT >vore</ALIMT> other pawns,捕食者被允许吃人其他 pawns
fatal.label,Fatal,label,VoreDefs\Designations.xml,def,Fatal,致命
fatal.description,Other pawns are allowed to use lethal vore goals on this pawn,description,VoreDefs\Designations.xml,def,Other pawns are allowed to use lethal <ALIMT >vore</ALIMT> goals on this <ALIMT >(PH_1)</ALIMT>,其他殖民者被允许使用致命武器吃人此物体的目标pawn
endo.label,Endo,label,VoreDefs\Designations.xml,def,Endo,接上
endo.description,Other pawns are allowed to use non-lethal vore goals on this pawn,description,VoreDefs\Designations.xml,def,Other pawns are allowed to use non-lethal <ALIMT >vore</ALIMT> goals on this <ALIMT >(PH_1)</ALIMT>,其他 pawns 被允许使用非致命吃人此物体的目标pawn
Pass.label,Pass,label,VoreDefs\PartGoals.xml,def,Pass,通行
Dump.label,Dump,label,VoreDefs\PartGoals.xml,def,Dump,垃圾场
Pleasure.label,Pleasure,label,VoreDefs\PartGoals.xml,def,Pleasure,愉悦
Store.label,Store,label,VoreDefs\PartGoals.xml,def,Store,储存
Hold.label,Hold,label,VoreDefs\PartGoals.xml,def,Hold,保持
Heal.label,Heal,label,VoreDefs\PartGoals.xml,def,Heal,治愈
WarmUp.label,Warm up,label,VoreDefs\PartGoals.xml,def,Warm up,预热
Dissolve.label,Dissolve,label,VoreDefs\PartGoals.xml,def,Dissolve,溶解
Mush.label,Mush,label,VoreDefs\PartGoals.xml,def,Mush,糊状物
Digest.label,Digest,label,VoreDefs\PartGoals.xml,def,Digest,消化
Churn.label,Churn,label,VoreDefs\PartGoals.xml,def,Churn,流失
Process.label,Process,label,VoreDefs\PartGoals.xml,def,Process,处理
Lactify.label,Lactify,label,VoreDefs\PartGoals.xml,def,Lactify,裂解
Spermify.label,Spermify,label,VoreDefs\PartGoals.xml,def,Spermify,精子
Lubrify.label,Lubrify,label,VoreDefs\PartGoals.xml,def,Lubrify,日光
Reform.label,Reform,label,VoreDefs\PartGoals.xml,def,Reform,改革
Digest.label,Digest,label,VoreDefs\VoreGoal.xml,def,Digest,消化
ConvertLube.label,Lubrify,label,VoreDefs\VoreGoal.xml,def,Lubrify,日光
ConvertMilk.label,Lactify,label,VoreDefs\VoreGoal.xml,def,Lactify,裂解
ConvertSperm.label,Spermify,label,VoreDefs\VoreGoal.xml,def,Spermify,精子
Reform.label,Reform,label,VoreDefs\VoreGoal.xml,def,Reform,改革
Heal.label,Heal,label,VoreDefs\VoreGoal.xml,def,Heal,治愈
Hold.label,Store (timed),label,VoreDefs\VoreGoal.xml,def,Store (timed),储存 (定时)
Pleasure.label,Pleasure,label,VoreDefs\VoreGoal.xml,def,Pleasure,愉悦
Store.label,Store (manual),label,VoreDefs\VoreGoal.xml,def,Store (manual),储存 (手动)
VaginalConvertLube.label,(Lubrify) Vaginal,label,VoreDefs\VorePath_Convert.xml,def,(Lubrify) <ALIMT >vaginal</ALIMT>,(Lubrify)阴道
VaginalConvertLube.RMBLabel,Vaginal vore,RMBLabel,VoreDefs\VorePath_Convert.xml,def,<ALIMT >vaginal</ALIMT> <ALIMT >vore</ALIMT>,阴道 吃人
VaginalConvertLube.description,Vaginal lubrifaction is where the predator unbirths the prey into their womb for conversion into cunt-juice. This does not feed the predator.,description,VoreDefs\VorePath_Convert.xml,def,<ALIMT >vaginal</ALIMT> lubrifaction is where the predator unbirths the prey into their womb for conversion into cunt-juice. This does not feed the predator.,阴道淫乱主义是指捕食者将猎物摘除到子宫内，转化为阴阳怪气。这不会喂养捕食者。
CockConvertSperm.label,(Spermify) Cock,label,VoreDefs\VorePath_Convert.xml,def,(Spermify) Cock,(Spermify) 公鸡
CockConvertSperm.RMBLabel,Cock vore,RMBLabel,VoreDefs\VorePath_Convert.xml,def,Cock <ALIMT >vore</ALIMT>,公鸡吃人
CockConvertSperm.description,Cock spermifaction is where the predator shunts the prey down their cock and into their balls for conversion into nutritious consumable sperm. This process itself does not feed the predator.,description,VoreDefs\VorePath_Convert.xml,def,Cock spermifaction is where the predator shunts the prey down their cock and into their balls for conversion into nutritious consumable <ALIMT >sperm</ALIMT>. This process itself does not feed the predator.,公鸡受精是指捕食者将猎物沿着它的公鸡分流到它的球里，转化为营养消耗品。精子这个过程本身不会喂养捕食者。
NippleConvertMilk.label,(Lactify) Nipple,label,VoreDefs\VorePath_Convert.xml,def,(Lactify) <ALIMT >nipple</ALIMT>,(Lactify)乳头
NippleConvertMilk.RMBLabel,Nipple vore,RMBLabel,VoreDefs\VorePath_Convert.xml,def,<ALIMT >nipple</ALIMT> <ALIMT >vore</ALIMT>,乳头 吃人
NippleConvertMilk.description,Nipple lactifaction is where the predator shoves the prey through their nipple and into their mammary for conversion into nutritious consumable milk. This process itself does not feed the predator.,description,VoreDefs\VorePath_Convert.xml,def,<ALIMT >nipple</ALIMT> lactifaction is where the predator shoves the prey through their <ALIMT >nipple</ALIMT> and into their mammary for conversion into nutritious consumable milk. This process itself does not feed the predator.,乳头利器麻痹是指捕食者将猎物推过乳头并将其植入乳房喷出液体（通常是乳汁）。是挤奶的前置标签。中，转化为营养消耗奶。这个过程本身不会喂养捕食者。
OralDigest.label,(Digest) Oral,label,VoreDefs\VorePath_Digest.xml,def,(Digest) <ALIMT >oral</ALIMT>,(摘要)用嘴
OralDigest.RMBLabel,Oral vore,RMBLabel,VoreDefs\VorePath_Digest.xml,def,<ALIMT >oral</ALIMT> <ALIMT >vore</ALIMT>,用嘴 吃人
OralDigest.description,"Oral digestion is where the predator swallows the prey into their stomach for fatal digestion, feeding the predator and turning the prey into either fertilizer components or nothing at all.",description,VoreDefs\VorePath_Digest.xml,def,"<ALIMT >oral</ALIMT> digestion is where the predator swallows the prey into their stomach for fatal digestion, feeding the predator and turning the prey into either fertilizer components or nothing at all.",用嘴消化是指捕食者将猎物吞噬入其胃内进行致命消化，喂养捕食者并将猎物转化为肥料成分或根本不吃。
AnalDigest.label,(Digest) Anal,label,VoreDefs\VorePath_Digest.xml,def,(Digest) <ALIMT >anal</ALIMT>,(摘要)肛门
AnalDigest.RMBLabel,Anal vore,RMBLabel,VoreDefs\VorePath_Digest.xml,def,<ALIMT >anal</ALIMT> <ALIMT >vore</ALIMT>,肛门 吃人
AnalDigest.description,"Anal digestion is where the predator is where the predator stuffs the prey up their butt and eventually to their stomach for fatal digestion, feeding the predator and turning the prey into either fertilizer components or nothing at all.",description,VoreDefs\VorePath_Digest.xml,def,"<ALIMT >anal</ALIMT> digestion is where the predator is where the predator stuffs the prey up their butt and eventually to their stomach for fatal digestion, feeding the predator and turning the prey into either fertilizer components or nothing at all.",肛门“消化” 是指捕食者将猎物塞进屁股里，最终送到胃里进行致命的消化，从而喂养捕食者，并将猎物转化为肥料成分，或者根本不吃。
OralHeal.label,(Heal) Oral,label,VoreDefs\VorePath_Heal.xml,def,(Heal) <ALIMT >oral</ALIMT>,(愈合)用嘴
OralHeal.RMBLabel,Oral vore,RMBLabel,VoreDefs\VorePath_Heal.xml,def,<ALIMT >oral</ALIMT> <ALIMT >vore</ALIMT>,用嘴 吃人
OralHeal.description,"Healing vore will tend to a pawns wounds and slowly heal their damaged body parts. Healing vore is relatively weak, so if you want to treat a pawn properly, use medicine and a good doctor.",description,VoreDefs\VorePath_Heal.xml,def,"Healing <ALIMT >vore</ALIMT> will tend to a pawns wounds and slowly heal their damaged body parts. Healing <ALIMT >vore</ALIMT> is relatively weak, so if you want to treat a <ALIMT >(PH_1)</ALIMT> properly, use medicine and a good doctor.",治疗吃人会治疗 pawns 的伤口并缓慢治愈其受损的身体部位。治疗吃人相对较弱，所以如果你想治疗一个pawn正确使用医药和好医生。
FullTourHeal.label,(Heal) Full Tour,label,VoreDefs\VorePath_Heal.xml,def,(Heal) <ALIMT >full tour</ALIMT>,(愈合)消化道游览
FullTourHeal.RMBLabel,Full tour vore,RMBLabel,VoreDefs\VorePath_Heal.xml,def,<ALIMT >full tour</ALIMT> <ALIMT >vore</ALIMT>,消化道游览 吃人
FullTourHeal.description,"Healing vore will tend to a pawns wounds and slowly heal their damaged body parts. Healing vore is relatively weak, so if you want to treat a pawn properly, use medicine and a good doctor.",description,VoreDefs\VorePath_Heal.xml,def,"Healing <ALIMT >vore</ALIMT> will tend to a pawns wounds and slowly heal their damaged body parts. Healing <ALIMT >vore</ALIMT> is relatively weak, so if you want to treat a <ALIMT >(PH_1)</ALIMT> properly, use medicine and a good doctor.",治疗吃人会治疗 pawns 的伤口并缓慢治愈其受损的身体部位。治疗吃人相对较弱，所以如果你想治疗一个pawn正确使用医药和好医生。
VaginalHeal.label,(Heal) Vaginal,label,VoreDefs\VorePath_Heal.xml,def,(Heal) <ALIMT >vaginal</ALIMT>,(愈合)阴道
VaginalHeal.RMBLabel,Vaginal vore,RMBLabel,VoreDefs\VorePath_Heal.xml,def,<ALIMT >vaginal</ALIMT> <ALIMT >vore</ALIMT>,阴道 吃人
VaginalHeal.description,"Healing vore will tend to a pawns wounds and slowly heal their damaged body parts. Healing vore is relatively weak, so if you want to treat a pawn properly, use medicine and a good doctor.",description,VoreDefs\VorePath_Heal.xml,def,"Healing <ALIMT >vore</ALIMT> will tend to a pawns wounds and slowly heal their damaged body parts. Healing <ALIMT >vore</ALIMT> is relatively weak, so if you want to treat a <ALIMT >(PH_1)</ALIMT> properly, use medicine and a good doctor.",治疗吃人会治疗 pawns 的伤口并缓慢治愈其受损的身体部位。治疗吃人相对较弱，所以如果你想治疗一个pawn正确使用医药和好医生。
CockHeal.label,(Heal) Cock,label,VoreDefs\VorePath_Heal.xml,def,(Heal) Cock,(治愈) 公鸡
CockHeal.RMBLabel,Cock vore,RMBLabel,VoreDefs\VorePath_Heal.xml,def,Cock <ALIMT >vore</ALIMT>,公鸡吃人
CockHeal.description,"Healing vore will tend to a pawns wounds and slowly heal their damaged body parts. Healing vore is relatively weak, so if you want to treat a pawn properly, use medicine and a good doctor.",description,VoreDefs\VorePath_Heal.xml,def,"Healing <ALIMT >vore</ALIMT> will tend to a pawns wounds and slowly heal their damaged body parts. Healing <ALIMT >vore</ALIMT> is relatively weak, so if you want to treat a <ALIMT >(PH_1)</ALIMT> properly, use medicine and a good doctor.",治疗吃人会治疗 pawns 的伤口并缓慢治愈其受损的身体部位。治疗吃人相对较弱，所以如果你想治疗一个pawn正确使用医药和好医生。
NippleHeal.label,(Heal) Nipple,label,VoreDefs\VorePath_Heal.xml,def,(Heal) <ALIMT >nipple</ALIMT>,(愈合)乳头
NippleHeal.RMBLabel,Nipple vore,RMBLabel,VoreDefs\VorePath_Heal.xml,def,<ALIMT >nipple</ALIMT> <ALIMT >vore</ALIMT>,乳头 吃人
NippleHeal.description,"Healing vore will tend to a pawns wounds and slowly heal their damaged body parts. Healing vore is relatively weak, so if you want to treat a pawn properly, use medicine and a good doctor.",description,VoreDefs\VorePath_Heal.xml,def,"Healing <ALIMT >vore</ALIMT> will tend to a pawns wounds and slowly heal their damaged body parts. Healing <ALIMT >vore</ALIMT> is relatively weak, so if you want to treat a <ALIMT >(PH_1)</ALIMT> properly, use medicine and a good doctor.",治疗吃人会治疗 pawns 的伤口并缓慢治愈其受损的身体部位。治疗吃人相对较弱，所以如果你想治疗一个pawn正确使用医药和好医生。
OralHold.label,(Hold) Oral,label,VoreDefs\VorePath_Hold.xml,def,(Hold) <ALIMT >oral</ALIMT>,(保持)用嘴
OralHold.RMBLabel,Oral vore,RMBLabel,VoreDefs\VorePath_Hold.xml,def,<ALIMT >oral</ALIMT> <ALIMT >vore</ALIMT>,用嘴 吃人
OralHold.description,Oral hold is where the predator swallows the prey into their stomach for temporary storage.,description,VoreDefs\VorePath_Hold.xml,def,<ALIMT >oral</ALIMT> hold is where the predator swallows the prey into their stomach for temporary storage.,用嘴收容是指捕食者将猎物吞噬到其胃里暂时储存。
FullTourHold.label,(Hold) Full Tour,label,VoreDefs\VorePath_Hold.xml,def,(Hold) <ALIMT >full tour</ALIMT>,(保持)消化道游览
FullTourHold.RMBLabel,Full tour vore,RMBLabel,VoreDefs\VorePath_Hold.xml,def,<ALIMT >full tour</ALIMT> <ALIMT >vore</ALIMT>,消化道游览 吃人
FullTourHold.description,"Full tour hold is where the predator swallows the prey into their stomach for temporary storage, then releases them through their guts.",description,VoreDefs\VorePath_Hold.xml,def,"<ALIMT >full tour</ALIMT> hold is where the predator swallows the prey into their stomach for temporary storage, then releases them through their guts.",消化道游览收容是指捕食者将猎物吞噬入其胃内暂时储存，然后通过其肠子将其释放。
AnalHold.label,(Hold) Anal,label,VoreDefs\VorePath_Hold.xml,def,(Hold) <ALIMT >anal</ALIMT>,(保持)肛门
AnalHold.RMBLabel,Anal vore,RMBLabel,VoreDefs\VorePath_Hold.xml,def,<ALIMT >anal</ALIMT> <ALIMT >vore</ALIMT>,肛门 吃人
AnalHold.description,Anal storage is where the predator stuffs the prey up their butt and into their intestines for temporary storage.,description,VoreDefs\VorePath_Hold.xml,def,<ALIMT >anal</ALIMT> storage is where the predator stuffs the prey up their butt and into their intestines for temporary storage.,肛门储存是指捕食者将猎物的屁股塞进肠子里暂时储存的地方。
VaginalHold.label,(Hold) Vaginal,label,VoreDefs\VorePath_Hold.xml,def,(Hold) <ALIMT >vaginal</ALIMT>,(保持)阴道
VaginalHold.RMBLabel,Vaginal vore,RMBLabel,VoreDefs\VorePath_Hold.xml,def,<ALIMT >vaginal</ALIMT> <ALIMT >vore</ALIMT>,阴道 吃人
VaginalHold.description,Vaginal storage is where the predator unbirths the prey into their womb for temporary storage.,description,VoreDefs\VorePath_Hold.xml,def,<ALIMT >vaginal</ALIMT> storage is where the predator unbirths the prey into their womb for temporary storage.,阴道储存处是捕食者将猎物取出并放入子宫内临时储存的地方。
CockHold.label,(Hold) Cock,label,VoreDefs\VorePath_Hold.xml,def,(Hold) Cock,(按住) 公鸡
CockHold.RMBLabel,Cock vore,RMBLabel,VoreDefs\VorePath_Hold.xml,def,Cock <ALIMT >vore</ALIMT>,公鸡吃人
CockHold.description,Cock storage is where the predator shunts the prey down their cock and into their balls for temporary storage.,description,VoreDefs\VorePath_Hold.xml,def,Cock storage is where the predator shunts the prey down their cock and into their balls for temporary storage.,储存公鸡的地方是捕食者将猎物分流到公鸡的公鸡和蛋蛋中作为临时储存。
NippleHold.label,(Hold) Nipple,label,VoreDefs\VorePath_Hold.xml,def,(Hold) <ALIMT >nipple</ALIMT>,(保持)乳头
NippleHold.RMBLabel,Nipple vore,RMBLabel,VoreDefs\VorePath_Hold.xml,def,<ALIMT >nipple</ALIMT> <ALIMT >vore</ALIMT>,乳头 吃人
NippleHold.description,Nipple storage is where the predator shoves the prey through their nipple and into their mammary for temporary storage.,description,VoreDefs\VorePath_Hold.xml,def,<ALIMT >nipple</ALIMT> storage is where the predator shoves the prey through their <ALIMT >nipple</ALIMT> and into their mammary for temporary storage.,乳头储存处是捕食者将猎物推过的地方乳头并进入它们的乳房中暂时储存。
OralPleasure.label,(Pleasure) Oral,label,VoreDefs\VorePath_Pleasure.xml,def,(Pleasure) <ALIMT >oral</ALIMT>,(愉悦)用嘴
OralPleasure.RMBLabel,Oral vore,RMBLabel,VoreDefs\VorePath_Pleasure.xml,def,<ALIMT >oral</ALIMT> <ALIMT >vore</ALIMT>,用嘴 吃人
OralPleasure.description,Oral pleasure is where the predator safely swallows the prey for mutual sexual pleasure.,description,VoreDefs\VorePath_Pleasure.xml,def,<ALIMT >oral</ALIMT> pleasure is where the predator safely swallows the prey for mutual <ALIMT >sexual</ALIMT> pleasure.,用嘴愉悦感是捕食者为对方安全吞下猎物时的心情。性的幸会。
FullTourPleasure.label,(Pleasure) Full Tour,label,VoreDefs\VorePath_Pleasure.xml,def,(Pleasure) <ALIMT >full tour</ALIMT>,(愉悦)消化道游览
FullTourPleasure.RMBLabel,Full tour vore,RMBLabel,VoreDefs\VorePath_Pleasure.xml,def,<ALIMT >full tour</ALIMT> <ALIMT >vore</ALIMT>,消化道游览 吃人
FullTourPleasure.description,"Full tour pleasure is where the predator safely swallows the prey for mutual sexual pleasure, then releases them through their guts.",description,VoreDefs\VorePath_Pleasure.xml,def,"<ALIMT >full tour</ALIMT> pleasure is where the predator safely swallows the prey for mutual <ALIMT >sexual</ALIMT> pleasure, then releases them through their guts.",消化道游览愉悦感是捕食者为对方安全吞下猎物时的心情。性的愉悦，然后通过它们的勇气释放它们。
AnalPleasure.label,(Pleasure) Anal,label,VoreDefs\VorePath_Pleasure.xml,def,(Pleasure) <ALIMT >anal</ALIMT>,(愉悦)肛门
AnalPleasure.RMBLabel,Anal vore,RMBLabel,VoreDefs\VorePath_Pleasure.xml,def,<ALIMT >anal</ALIMT> <ALIMT >vore</ALIMT>,肛门 吃人
AnalPleasure.description,Anal pleasure is where the predator stuffs the prey up their butt and into their intestines for mutual sexual pleasure.,description,VoreDefs\VorePath_Pleasure.xml,def,<ALIMT >anal</ALIMT> pleasure is where the predator stuffs the prey up their butt and into their intestines for mutual <ALIMT >sexual</ALIMT> pleasure.,肛门愉悦感是指捕食者将猎物塞进屁股里，塞进肠子里以便互相配合的地方。性的幸会。
VaginalPleasure.label,(Pleasure) Vaginal,label,VoreDefs\VorePath_Pleasure.xml,def,(Pleasure) <ALIMT >vaginal</ALIMT>,(愉悦)阴道
VaginalPleasure.RMBLabel,Vaginal vore,RMBLabel,VoreDefs\VorePath_Pleasure.xml,def,<ALIMT >vaginal</ALIMT> <ALIMT >vore</ALIMT>,阴道 吃人
VaginalPleasure.description,Vaginal pleasure is where the predator unbirths the prey into their womb for mutual sexual pleasure.,description,VoreDefs\VorePath_Pleasure.xml,def,<ALIMT >vaginal</ALIMT> pleasure is where the predator unbirths the prey into their womb for mutual <ALIMT >sexual</ALIMT> pleasure.,阴道愉悦感是指肉食动物将猎物取出并植入其子宫内以供双方使用。性的幸会。
CockPleasure.label,(Pleasure) Cock,label,VoreDefs\VorePath_Pleasure.xml,def,(Pleasure) Cock,(愉悦) 公鸡
CockPleasure.RMBLabel,Cock vore,RMBLabel,VoreDefs\VorePath_Pleasure.xml,def,Cock <ALIMT >vore</ALIMT>,公鸡吃人
CockPleasure.description,Cock pleasure is where the predator shunts the prey down their cock and into their balls for mutual sexual pleasure.,description,VoreDefs\VorePath_Pleasure.xml,def,Cock pleasure is where the predator shunts the prey down their cock and into their balls for mutual <ALIMT >sexual</ALIMT> pleasure.,快感公鸡是指捕食者分流猎物的公鸡和进入他们的蛋蛋。性的幸会。
NipplePleasure.label,(Pleasure) Nipple,label,VoreDefs\VorePath_Pleasure.xml,def,(Pleasure) <ALIMT >nipple</ALIMT>,(愉悦)乳头
NipplePleasure.RMBLabel,Nipple vore,RMBLabel,VoreDefs\VorePath_Pleasure.xml,def,<ALIMT >nipple</ALIMT> <ALIMT >vore</ALIMT>,乳头 吃人
NipplePleasure.description,Nipple pleasure is where the predator shoves the prey through their nipple and into their mammary for mutual sexual pleasure.,description,VoreDefs\VorePath_Pleasure.xml,def,<ALIMT >nipple</ALIMT> pleasure is where the predator shoves the prey through their <ALIMT >nipple</ALIMT> and into their mammary for mutual <ALIMT >sexual</ALIMT> pleasure.,乳头愉悦感是指捕食者将猎物推至乳头并进入它们的母树之间性的幸会。
VaginalReform.label,(Reform) Vaginal,label,VoreDefs\VorePath_Reform.xml,def,(Reform) <ALIMT >vaginal</ALIMT>,(改革)阴道
VaginalReform.RMBLabel,Vaginal vore,RMBLabel,VoreDefs\VorePath_Reform.xml,def,<ALIMT >vaginal</ALIMT> <ALIMT >vore</ALIMT>,阴道 吃人
VaginalReform.description,Reformation creates a new pawn inheriting attributes from both original prey and predator,description,VoreDefs\VorePath_Reform.xml,def,Reformation creates a new <ALIMT >(PH_1)</ALIMT> inheriting attributes from both original prey and predator,宗教改革创建一个新的pawn同时继承原始猎物和捕食者的属性
OralStore.label,(Store) Oral,label,VoreDefs\VorePath_Store.xml,def,(Store) <ALIMT >oral</ALIMT>,(储存)用嘴
OralStore.RMBLabel,Oral vore,RMBLabel,VoreDefs\VorePath_Store.xml,def,<ALIMT >oral</ALIMT> <ALIMT >vore</ALIMT>,用嘴 吃人
OralStore.description,Oral storage is where the predator swallows the prey into their stomach for indefinite storage.,description,VoreDefs\VorePath_Store.xml,def,<ALIMT >oral</ALIMT> storage is where the predator swallows the prey into their stomach for indefinite storage.,用嘴储存指的是捕食者将猎物吞噬进其胃内无限期储存的地方。
FullTourStore.label,(Store) Full Tour,label,VoreDefs\VorePath_Store.xml,def,(Store) <ALIMT >full tour</ALIMT>,(储存)消化道游览
FullTourStore.RMBLabel,Full tour vore,RMBLabel,VoreDefs\VorePath_Store.xml,def,<ALIMT >full tour</ALIMT> <ALIMT >vore</ALIMT>,消化道游览 吃人
FullTourStore.description,"Full tour storage is where the predator swallows the prey into their stomach for indefinite storage, eventually releasing them through their guts.",description,VoreDefs\VorePath_Store.xml,def,"<ALIMT >full tour</ALIMT> storage is where the predator swallows the prey into their stomach for indefinite storage, eventually releasing them through their guts.",消化道游览储存是指捕食者将猎物吞噬到其胃中无限期储存，最终通过其肠道释放。
AnalStore.label,(Store) Anal,label,VoreDefs\VorePath_Store.xml,def,(Store) <ALIMT >anal</ALIMT>,(储存)肛门
AnalStore.RMBLabel,Anal vore,RMBLabel,VoreDefs\VorePath_Store.xml,def,<ALIMT >anal</ALIMT> <ALIMT >vore</ALIMT>,肛门 吃人
AnalStore.description,Anal storage is where the predator stuffs the prey up their butt and into their intestines for indefinite storage.,description,VoreDefs\VorePath_Store.xml,def,<ALIMT >anal</ALIMT> storage is where the predator stuffs the prey up their butt and into their intestines for indefinite storage.,肛门储存是指捕食者将猎物塞进屁股里，放进肠子里无限期储存的地方。
VaginalStore.label,(Store) Vaginal,label,VoreDefs\VorePath_Store.xml,def,(Store) <ALIMT >vaginal</ALIMT>,(储存)阴道
VaginalStore.RMBLabel,Vaginal vore,RMBLabel,VoreDefs\VorePath_Store.xml,def,<ALIMT >vaginal</ALIMT> <ALIMT >vore</ALIMT>,阴道 吃人
VaginalStore.description,Vaginal storage is where the predator unbirths the prey into their womb for indefinite storage.,description,VoreDefs\VorePath_Store.xml,def,<ALIMT >vaginal</ALIMT> storage is where the predator unbirths the prey into their womb for indefinite storage.,阴道储存是指捕食者将猎物取出放入子宫内无限期储存的地方。
CockStore.label,(Store) Cock,label,VoreDefs\VorePath_Store.xml,def,(Store) Cock,(储存) 公鸡
CockStore.RMBLabel,Cock vore,RMBLabel,VoreDefs\VorePath_Store.xml,def,Cock <ALIMT >vore</ALIMT>,公鸡吃人
CockStore.description,Cock storage is where the predator shunts the prey down their cock and into their balls for indefinite storage.,description,VoreDefs\VorePath_Store.xml,def,Cock storage is where the predator shunts the prey down their cock and into their balls for indefinite storage.,公鸡储存器是指捕食者将猎物分流到它们的公鸡和蛋蛋里，无限期储存的地方。
NippleStore.label,(Store) Nipple,label,VoreDefs\VorePath_Store.xml,def,(Store) <ALIMT >nipple</ALIMT>,(储存)乳头
NippleStore.RMBLabel,Nipple vore,RMBLabel,VoreDefs\VorePath_Store.xml,def,<ALIMT >nipple</ALIMT> <ALIMT >vore</ALIMT>,乳头 吃人
NippleStore.description,Nipple storage is where the predator shoves the prey through their nipple and into their mammary for indefinite storage.,description,VoreDefs\VorePath_Store.xml,def,<ALIMT >nipple</ALIMT> storage is where the predator shoves the prey through their <ALIMT >nipple</ALIMT> and into their mammary for indefinite storage.,乳头储存处是捕食者将猎物推过的地方乳头并将其植入它们的乳腺内无限期储存。
Oral.label,Oral,label,VoreDefs\VoreType.xml,def,<ALIMT >oral</ALIMT>,用嘴
Anal.label,Anal,label,VoreDefs\VoreType.xml,def,<ALIMT >anal</ALIMT>,肛门
Vaginal.label,Vaginal,label,VoreDefs\VoreType.xml,def,<ALIMT >vaginal</ALIMT>,阴道
Cock.label,Cock,label,VoreDefs\VoreType.xml,def,Cock,公鸡
Nipple.label,Nipple,label,VoreDefs\VoreType.xml,def,<ALIMT >nipple</ALIMT>,乳头
FullTour.label,Full Tour,label,VoreDefs\VoreType.xml,def,<ALIMT >full tour</ALIMT>,消化道游览
RV2_ProposeVore.label,propose vore,label,WorkTypeDefs\WorkGivers.xml,def,propose <ALIMT >vore</ALIMT>,求婚吃人
RV2_ProposeVore.verb,propose,verb,WorkTypeDefs\WorkGivers.xml,def,propose,求婚
RV2_ProposeVore.gerund,proposing vore to,gerund,WorkTypeDefs\WorkGivers.xml,def,proposing <ALIMT >vore</ALIMT> to,求婚中吃人到
RV2_Propose.labelShort,Vore,labelShort,WorkTypeDefs\WorkTypes.xml,def,<ALIMT >vore</ALIMT>,吃人
RV2_Propose.pawnLabel,Vore,pawnLabel,WorkTypeDefs\WorkTypes.xml,def,<ALIMT >vore</ALIMT>,吃人
RV2_Propose.gerundLabel,Vore,gerundLabel,WorkTypeDefs\WorkTypes.xml,def,<ALIMT >vore</ALIMT>,吃人
RV2_Propose.description,Things related to vore.,description,WorkTypeDefs\WorkTypes.xml,def,Things related to <ALIMT >vore</ALIMT>.,相关物品吃人
RV2_Propose.verb,vore,verb,WorkTypeDefs\WorkTypes.xml,def,<ALIMT >vore</ALIMT>,吃人
VoreTab_MainButton.label,Vore,label,Misc\MainButtonDefs\VoreButtons.xml,def,<ALIMT >vore</ALIMT>,吃人
VoreTab_MainButton.description,Currently ongoing vore,description,Misc\MainButtonDefs\VoreButtons.xml,def,Currently ongoing <ALIMT >vore</ALIMT>,正在进行吃人
VorePrey.label,Prey,label,Misc\PawnColumnDefs\VoreColumn.xml,def,Prey,猎物
VorePred.label,Pred,label,Misc\PawnColumnDefs\VoreColumn.xml,def,Pred,Pred
VorePart.label,Part,label,Misc\PawnColumnDefs\VoreColumn.xml,def,Part,部分
VorePartGoal.label,Part Goal,label,Misc\PawnColumnDefs\VoreColumn.xml,def,Part Goal,部分目标
VoreStageProgress.label,Progress,label,Misc\PawnColumnDefs\VoreColumn.xml,def,Progress,进度
VoreStruggle.label,Struggle,label,Misc\PawnColumnDefs\VoreColumn.xml,def,Struggle,挣扎
VoreGoal.label,Goal,label,Misc\PawnColumnDefs\VoreColumn.xml,def,Goal,目标
