key,text,tag,file,type,protected_text
RV2_RitualInvalidReasons_NoRoles,No assignments,RV2_RitualInvalidReasons_NoRoles,RitualInvalidReasons.xml,keyed,No assignments
RV2_RitualInvalidReasons_PredatorNotSet,No Predator,RV2_RitualInvalidReasons_PredatorNotSet,RitualInvalidReasons.xml,keyed,No Predator
RV2_RitualInvalidReasons_PreyNotSet,No Prey,RV2_RitualInvalidReasons_PreyNotSet,RitualInvalidReasons.xml,keyed,No Prey
RV2_RitualInvalidReasons_NoPath,Vore initiator has no preferred VorePath,RV2_RitualInvalidReasons_NoPath,RitualInvalidReasons.xml,keyed,<ALIMT >vore</ALIMT> initiator has no preferred VorePath
RV2_OutcomeMessage_IdeologyReassured,{0} has been reassured in their blief in {1},RV2_OutcomeMessage_IdeologyReassured,RitualOutcomeMessages.xml,keyed,<ALIMT >(PH_2)</ALIMT> has been reassured in their blief in <ALIMT >(PH_1)</ALIMT>
RV2_OutcomeMessage_IdeologyConversionAttempt,{0} has changed their belief in {1},RV2_OutcomeMessage_IdeologyConversionAttempt,RitualOutcomeMessages.xml,keyed,<ALIMT >(PH_2)</ALIMT> has changed their belief in <ALIMT >(PH_1)</ALIMT>
RV2_TargetComponentCombination_Or,Or,RV2_TargetComponentCombination_Or,RV2_EnumPresenters.xml,keyed,Or
RV2_TargetComponentCombination_And,And,RV2_TargetComponentCombination_And,RV2_EnumPresenters.xml,keyed,And
RV2_RuleTargetRole_All,All,RV2_RuleTargetRole_All,RV2_EnumPresenters.xml,keyed,All
RV2_RuleTargetRole_Predator,Predator,RV2_RuleTargetRole_Predator,RV2_EnumPresenters.xml,keyed,Predator
RV2_RuleTargetRole_Prey,Prey,RV2_RuleTargetRole_Prey,RV2_EnumPresenters.xml,keyed,Prey
RV2_RuleTargetRole_Feeder,Feeder,RV2_RuleTargetRole_Feeder,RV2_EnumPresenters.xml,keyed,Feeder
RV2_CorpseProcessingType_Dessicate,Dessicate,RV2_CorpseProcessingType_Dessicate,RV2_EnumPresenters.xml,keyed,Dessicate
RV2_CorpseProcessingType_Rot,Rot,RV2_CorpseProcessingType_Rot,RV2_EnumPresenters.xml,keyed,Rot
RV2_CorpseProcessingType_Destroy,Destroy,RV2_CorpseProcessingType_Destroy,RV2_EnumPresenters.xml,keyed,Destroy
RV2_CorpseProcessingType_Fresh,Fresh,RV2_CorpseProcessingType_Fresh,RV2_EnumPresenters.xml,keyed,Fresh
RV2_CorpseProcessingType_None,None,RV2_CorpseProcessingType_None,RV2_EnumPresenters.xml,keyed,None
RV2_StruggleForceMode_Invalid,Invalid,RV2_StruggleForceMode_Invalid,RV2_EnumPresenters.xml,keyed,Invalid
RV2_StruggleForceMode_WhenForced,When Forced,RV2_StruggleForceMode_WhenForced,RV2_EnumPresenters.xml,keyed,When <ALIMT >forced</ALIMT>
RV2_StruggleForceMode_WhenNotForced,When Not Forced,RV2_StruggleForceMode_WhenNotForced,RV2_EnumPresenters.xml,keyed,When Not <ALIMT >forced</ALIMT>
RV2_StruggleForceMode_Never,Never,RV2_StruggleForceMode_Never,RV2_EnumPresenters.xml,keyed,Never
RV2_StruggleForceMode_Always,Always,RV2_StruggleForceMode_Always,RV2_EnumPresenters.xml,keyed,Always
RV2_QuirkRarity_Invalid,Invalid,RV2_QuirkRarity_Invalid,RV2_EnumPresenters.xml,keyed,Invalid
RV2_QuirkRarity_ForcedOnly,Forced Only,RV2_QuirkRarity_ForcedOnly,RV2_EnumPresenters.xml,keyed,<ALIMT >forced</ALIMT> Only
RV2_QuirkRarity_Guaranteed,Guaranteed,RV2_QuirkRarity_Guaranteed,RV2_EnumPresenters.xml,keyed,Guaranteed
RV2_QuirkRarity_Abundant,Abundant,RV2_QuirkRarity_Abundant,RV2_EnumPresenters.xml,keyed,Abundant
RV2_QuirkRarity_Common,Common,RV2_QuirkRarity_Common,RV2_EnumPresenters.xml,keyed,Common
RV2_QuirkRarity_Uncommon,Uncommon,RV2_QuirkRarity_Uncommon,RV2_EnumPresenters.xml,keyed,Uncommon
RV2_QuirkRarity_Rare,Rare,RV2_QuirkRarity_Rare,RV2_EnumPresenters.xml,keyed,Rare
RV2_QuirkRarity_VeryRare,Very Rare,RV2_QuirkRarity_VeryRare,RV2_EnumPresenters.xml,keyed,Very Rare
RV2_UseGrappleGizmoInvalid_DisabledInSettings,Disabled in settings,RV2_UseGrappleGizmoInvalid_DisabledInSettings,RV2_GrappleInvalidReasons.xml,keyed,Disabled in settings
RV2_GrappleInvalid_RaceUnable,{0} can't grapple,RV2_GrappleInvalid_RaceUnable,RV2_GrappleInvalidReasons.xml,keyed,<ALIMT >(PH_1)</ALIMT> can't grapple
RV2_GrappleInvalid_AlreadyGrappling,{0} is already grappling,RV2_GrappleInvalid_AlreadyGrappling,RV2_GrappleInvalidReasons.xml,keyed,<ALIMT >(PH_1)</ALIMT> is already grappling
RV2_GrappleInvalid_ChanceIsZero,{0} has 0 chance to succeed,RV2_GrappleInvalid_ChanceIsZero,RV2_GrappleInvalidReasons.xml,keyed,<ALIMT >(PH_1)</ALIMT> has 0 chance to succeed
RV2_IdeologyDescription_QuirksHeader,Quirks,RV2_IdeologyDescription_QuirksHeader,RV2_IdeologyDescriptions.xml,keyed,Quirks
RV2_IdeologyDescription_PreceptComp_AddQuirks,Add Quirks:,RV2_IdeologyDescription_PreceptComp_AddQuirks,RV2_IdeologyDescriptions.xml,keyed,Add Quirks:
RV2_IdeologyDescription_PreceptComp_RemoveQuirks,Remove Quirks:,RV2_IdeologyDescription_PreceptComp_RemoveQuirks,RV2_IdeologyDescriptions.xml,keyed,Remove Quirks:
RV2_IdeologyDescription_PreceptComp_EnsureOneOf,Guarantee one of:,RV2_IdeologyDescription_PreceptComp_EnsureOneOf,RV2_IdeologyDescriptions.xml,keyed,Guarantee one of:
RV2_Message_VoreProposalForced,{INITIATOR} is forcing a vore proposal on {TARGET},RV2_Message_VoreProposalForced,RV2_Messages.xml,keyed,<ALIMT >(PH_2)</ALIMT> is forcing a <ALIMT >vore</ALIMT> proposal on <ALIMT >(PH_1)</ALIMT>
RV2_Message_VoreProposalAccepted,{TARGET} accepted {INITIATOR}'s vore proposal,RV2_Message_VoreProposalAccepted,RV2_Messages.xml,keyed,<ALIMT >(PH_2)</ALIMT> accepted <ALIMT >(PH_1)</ALIMT>'s <ALIMT >vore</ALIMT> proposal
RV2_Message_VoreProposalDenied,{TARGET} denied {INITIATOR}'s vore proposal,RV2_Message_VoreProposalDenied,RV2_Messages.xml,keyed,<ALIMT >(PH_2)</ALIMT> denied <ALIMT >(PH_1)</ALIMT>'s <ALIMT >vore</ALIMT> proposal
RV2_Message_VoreProposalAccepted_Feeder_Predator,{PREDATOR} accepted {FEEDER}'s vore proposal to be fed prey,RV2_Message_VoreProposalAccepted_Feeder_Predator,RV2_Messages.xml,keyed,<ALIMT >(PH_2)</ALIMT> accepted <ALIMT >(PH_1)</ALIMT>'s <ALIMT >vore</ALIMT> proposal to be fed prey
RV2_Message_VoreProposalForced_Feeder_Predator,{FEEDER} is forcing {PREDATOR} to be fed with prey,RV2_Message_VoreProposalForced_Feeder_Predator,RV2_Messages.xml,keyed,<ALIMT >(PH_2)</ALIMT> is forcing <ALIMT >(PH_1)</ALIMT> to be fed with prey
RV2_Message_VoreProposalDenied_Feeder_Predator,{PREDATOR} denied {FEEDER}'s proposal to be fed with prey,RV2_Message_VoreProposalDenied_Feeder_Predator,RV2_Messages.xml,keyed,<ALIMT >(PH_2)</ALIMT> denied <ALIMT >(PH_1)</ALIMT>'s proposal to be fed with prey
RV2_Message_VoreProposalAccepted_Feeder_Prey,{PREY} accepted {FEEDER}'s vore proposal to be fed to {PREDATOR},RV2_Message_VoreProposalAccepted_Feeder_Prey,RV2_Messages.xml,keyed,<ALIMT >(PH_3)</ALIMT> accepted <ALIMT >(PH_2)</ALIMT>'s <ALIMT >vore</ALIMT> proposal to be fed to <ALIMT >(PH_1)</ALIMT>
RV2_Message_VoreProposalForced_Feeder_Prey,{FEEDER} is forcing {PREDATOR} to be fed with prey,RV2_Message_VoreProposalForced_Feeder_Prey,RV2_Messages.xml,keyed,<ALIMT >(PH_2)</ALIMT> is forcing <ALIMT >(PH_1)</ALIMT> to be fed with prey
RV2_Message_VoreProposalDenied_Feeder_Prey,{PREY} denied {FEEDER}'s proposal to be fed to {PREDATOR},RV2_Message_VoreProposalDenied_Feeder_Prey,RV2_Messages.xml,keyed,<ALIMT >(PH_3)</ALIMT> denied <ALIMT >(PH_2)</ALIMT>'s proposal to be fed to <ALIMT >(PH_1)</ALIMT>
RV2_Message_ReformationFailed_PawnDead,{0} died before being reformed,RV2_Message_ReformationFailed_PawnDead,RV2_Messages.xml,keyed,<ALIMT >(PH_1)</ALIMT> died before being reformed
RV2_Message_AsPredatorTargetChange,{0} has decided to vore {1} instead.,RV2_Message_AsPredatorTargetChange,RV2_Messages.xml,keyed,<ALIMT >(PH_2)</ALIMT> has decided to <ALIMT >vore</ALIMT> <ALIMT >(PH_1)</ALIMT> instead.
RV2_Message_AsPreyTargetChange,{0} has decided to slip into {1} instead.,RV2_Message_AsPreyTargetChange,RV2_Messages.xml,keyed,<ALIMT >(PH_2)</ALIMT> has decided to slip into <ALIMT >(PH_1)</ALIMT> instead.
MessageRitualRoleMustBeColonyAnimal,{0} must be a colony animal,MessageRitualRoleMustBeColonyAnimal,RV2_Messages.xml,keyed,<ALIMT >(PH_1)</ALIMT> must be a colony animal
RV2_Message_StrugglingBrokeFree,{0} has struggled out of {1},RV2_Message_StrugglingBrokeFree,RV2_Messages.xml,keyed,<ALIMT >(PH_2)</ALIMT> has struggled out of <ALIMT >(PH_1)</ALIMT>
RV2_Message_FailedTameVore_Title,Taming retaliation,RV2_Message_FailedTameVore_Title,RV2_Messages.xml,keyed,Taming retaliation
RV2_Message_FailedTameVore_Description,"{TAMER} has failed to tame a wild {TAMEE}, which responded with voring {TAMER}",RV2_Message_FailedTameVore_Description,RV2_Messages.xml,keyed,"<ALIMT >(PH_3)</ALIMT> has failed to tame a wild <ALIMT >(PH_2)</ALIMT>, which responded with voring <ALIMT >(PH_1)</ALIMT>"
RV2_Message_ExternalEjectFailed,{INITIATOR} failed to force {TARGET} to eject {PREY},RV2_Message_ExternalEjectFailed,RV2_Messages.xml,keyed,<ALIMT >(PH_3)</ALIMT> failed to force <ALIMT >(PH_2)</ALIMT> to eject <ALIMT >(PH_1)</ALIMT>
RV2_SurgeryRemovePrey,Removing prey from {0},RV2_SurgeryRemovePrey,RV2_Misc_Keys.xml,keyed,Removing prey from <ALIMT >(PH_1)</ALIMT>
RV2_ThingList_None,None,RV2_ThingList_None,RV2_Misc_Keys.xml,keyed,None
RV2_DisposalUrn_Empty,Empty,RV2_DisposalUrn_Empty,RV2_Misc_Keys.xml,keyed,Empty
RV2_DisposalUrn_Contents,Contents: ,RV2_DisposalUrn_Contents,RV2_Misc_Keys.xml,keyed,Contents: 
RV2_Time_Seconds,{0} Seconds,RV2_Time_Seconds,RV2_Misc_Keys.xml,keyed,<ALIMT >(PH_1)</ALIMT> Seconds
RV2_Time_Minutes,{0} Minutes,RV2_Time_Minutes,RV2_Misc_Keys.xml,keyed,<ALIMT >(PH_1)</ALIMT> Minutes
RV2_Time_Hours,{0} Hours,RV2_Time_Hours,RV2_Misc_Keys.xml,keyed,<ALIMT >(PH_1)</ALIMT> Hours
RV2_Time_Days,{0} Days,RV2_Time_Days,RV2_Misc_Keys.xml,keyed,<ALIMT >(PH_1)</ALIMT> Days
RV2_Time_Weeks,{0} Weeks,RV2_Time_Weeks,RV2_Misc_Keys.xml,keyed,<ALIMT >(PH_1)</ALIMT> Weeks
RV2_Dialog_RestartNotification,"RimVore-2 settings had to be wiped and a game restart is required to properly destroy the old settings.\n\nNot restarting right now may break RV-2 and its settings menu, so it's highly encouraged to do so.",RV2_Dialog_RestartNotification,RV2_Misc_Keys.xml,keyed,"RimVore-2 settings had to be wiped and a game restart is required to properly destroy the old settings.<ALIMT >(PH_2)</ALIMT><ALIMT >(PH_1)</ALIMT>Not restarting right now may break RV-2 and its settings menu, so it's highly encouraged to do so."
RV2_Dialog_RestartOkay,"Okay, restart",RV2_Dialog_RestartOkay,RV2_Misc_Keys.xml,keyed,"Okay, restart"
RV2_Dialog_RestartNo,Do not restart,RV2_Dialog_RestartNo,RV2_Misc_Keys.xml,keyed,Do not restart
RV2_Dialog_RestartDeniedNotification,Oh well. The RimVore-2 mod and its settings menu will probably break. If you change your mind you can re-open this dialog and re-wipe the settings by looking at the DebugActions menu for RV-2.,RV2_Dialog_RestartDeniedNotification,RV2_Misc_Keys.xml,keyed,Oh well. The RimVore-2 mod and its settings menu will probably break. If you change your mind you can re-open this dialog and re-wipe the settings by looking at the DebugActions menu for RV-2.
RV2_PredatorSwitchedVoreGoal_Key,Vore goal switched,RV2_PredatorSwitchedVoreGoal_Key,RV2_Misc_Keys.xml,keyed,<ALIMT >vore</ALIMT> goal switched
RV2_PredatorSwitchedVoreGoal,{PREDATOR} changed the vore goal they used on {PREY} from {PREVIOUSGOAL} to {NEWGOAL},RV2_PredatorSwitchedVoreGoal,RV2_Misc_Keys.xml,keyed,<ALIMT >(PH_4)</ALIMT> changed the <ALIMT >vore</ALIMT> goal they used on <ALIMT >(PH_3)</ALIMT> from <ALIMT >(PH_2)</ALIMT> to <ALIMT >(PH_1)</ALIMT>
RV2_VoreMentalBreakNoPathAvailable,Reason: Could not do desired vore for mental break,RV2_VoreMentalBreakNoPathAvailable,RV2_Misc_Keys.xml,keyed,Reason: Could not do desired <ALIMT >vore</ALIMT> for mental break
RV2_Pronoun_Unnamed,Unnamed {0},RV2_Pronoun_Unnamed,RV2_Pronouns_Keys.xml,keyed,Unnamed <ALIMT >(PH_1)</ALIMT>
RV2_Pronoun_nomMale,he,RV2_Pronoun_nomMale,RV2_Pronouns_Keys.xml,keyed,he
RV2_Pronoun_accMale,him,RV2_Pronoun_accMale,RV2_Pronouns_Keys.xml,keyed,him
RV2_Pronoun_posMale,his,RV2_Pronoun_posMale,RV2_Pronouns_Keys.xml,keyed,his
RV2_Pronoun_genMale,his,RV2_Pronoun_genMale,RV2_Pronouns_Keys.xml,keyed,his
RV2_Pronoun_refMale,himself,RV2_Pronoun_refMale,RV2_Pronouns_Keys.xml,keyed,himself
RV2_Pronoun_nomFemale,she,RV2_Pronoun_nomFemale,RV2_Pronouns_Keys.xml,keyed,she
RV2_Pronoun_accFemale,her,RV2_Pronoun_accFemale,RV2_Pronouns_Keys.xml,keyed,her
RV2_Pronoun_posFemale,her,RV2_Pronoun_posFemale,RV2_Pronouns_Keys.xml,keyed,her
RV2_Pronoun_genFemale,hers,RV2_Pronoun_genFemale,RV2_Pronouns_Keys.xml,keyed,hers
RV2_Pronoun_refFemale,herself,RV2_Pronoun_refFemale,RV2_Pronouns_Keys.xml,keyed,herself
RV2_Pronoun_nomObject,it,RV2_Pronoun_nomObject,RV2_Pronouns_Keys.xml,keyed,it
RV2_Pronoun_accObject,it,RV2_Pronoun_accObject,RV2_Pronouns_Keys.xml,keyed,it
RV2_Pronoun_posObject,its,RV2_Pronoun_posObject,RV2_Pronouns_Keys.xml,keyed,its
RV2_Pronoun_genObject,it,RV2_Pronoun_genObject,RV2_Pronouns_Keys.xml,keyed,it
RV2_Pronoun_refObject,itself,RV2_Pronoun_refObject,RV2_Pronouns_Keys.xml,keyed,itself
RV2_Pronoun_nomNeutral,they,RV2_Pronoun_nomNeutral,RV2_Pronouns_Keys.xml,keyed,they
RV2_Pronoun_accNeutral,them,RV2_Pronoun_accNeutral,RV2_Pronouns_Keys.xml,keyed,them
RV2_Pronoun_posNeutral,their,RV2_Pronoun_posNeutral,RV2_Pronouns_Keys.xml,keyed,their
RV2_Pronoun_genNeutral,theirs,RV2_Pronoun_genNeutral,RV2_Pronouns_Keys.xml,keyed,theirs
RV2_Pronoun_refNeutral,themself,RV2_Pronoun_refNeutral,RV2_Pronouns_Keys.xml,keyed,themself
RV2_QuirkInvalid_Reason_NoPoolForQuirk,Quirk has no pool,RV2_QuirkInvalid_Reason_NoPoolForQuirk,RV2_QuirkInvalidReasons.xml,keyed,Quirk has no pool
RV2_QuirkInvalid_BackstoryBlocking,Backstory blocks quirk,RV2_QuirkInvalid_BackstoryBlocking,RV2_QuirkInvalidReasons.xml,keyed,Backstory blocks quirk
RV2_QuirkInvalid_DisabledInSettings,Disabled in settings,RV2_QuirkInvalid_DisabledInSettings,RV2_QuirkInvalidReasons.xml,keyed,Disabled in settings
RV2_QuirkInvalid_AlreadyHasQuirk,Already has quirk,RV2_QuirkInvalid_AlreadyHasQuirk,RV2_QuirkInvalidReasons.xml,keyed,Already has quirk
RV2_QuirkInvalid_Reason_WouldRemoveRequiredQuirk,Would remove quirk {0} that is required by {1},RV2_QuirkInvalid_Reason_WouldRemoveRequiredQuirk,RV2_QuirkInvalidReasons.xml,keyed,Would remove quirk <ALIMT >(PH_2)</ALIMT> that is required by <ALIMT >(PH_1)</ALIMT>
RV2_QuirkInvalid_Reason_WouldRemoveBackstoryForcedQuirk,Would remove quirk {0} that is forced by backstory,RV2_QuirkInvalid_Reason_WouldRemoveBackstoryForcedQuirk,RV2_QuirkInvalidReasons.xml,keyed,Would remove quirk <ALIMT >(PH_1)</ALIMT> that is <ALIMT >forced</ALIMT> by backstory
RV2_QuirkInvalid_Reason_WouldRemoveHediffForcedQuirk,Would remove quirk {0} that is forced by hediff,RV2_QuirkInvalid_Reason_WouldRemoveHediffForcedQuirk,RV2_QuirkInvalidReasons.xml,keyed,Would remove quirk <ALIMT >(PH_1)</ALIMT> that is <ALIMT >forced</ALIMT> by hediff
RV2_QuirkInvalid_Reason_OtherQuirkBlocks,Another quirk blocks this quirk,RV2_QuirkInvalid_Reason_OtherQuirkBlocks,RV2_QuirkInvalidReasons.xml,keyed,Another quirk blocks this quirk
RV2_QuirkInvalid_Reason_BackstoryBlocks,Blocked by backstory,RV2_QuirkInvalid_Reason_BackstoryBlocks,RV2_QuirkInvalidReasons.xml,keyed,Blocked by backstory
RV2_QuirkInvalid_Blocking,Blocked by {0} {1},RV2_QuirkInvalid_Blocking,RV2_QuirkInvalidReasons.xml,keyed,Blocked by <ALIMT >(PH_2)</ALIMT> <ALIMT >(PH_1)</ALIMT>
RV2_QuirkInvalid_Required,Requires {0} {1},RV2_QuirkInvalid_Required,RV2_QuirkInvalidReasons.xml,keyed,Requires <ALIMT >(PH_2)</ALIMT> <ALIMT >(PH_1)</ALIMT>
RV2_QuirkInvalid_CouldNotAddWithReason,Could not add quirk {0}: {1},RV2_QuirkInvalid_CouldNotAddWithReason,RV2_QuirkInvalidReasons.xml,keyed,Could not add quirk <ALIMT >(PH_2)</ALIMT>: <ALIMT >(PH_1)</ALIMT>
RV2_Category_None,Uncategorized,RV2_Category_None,RV2_QuirkWindow_Keys.xml,keyed,Uncategorized
RV2_QuirkWindow_Header,Vore Quirks,RV2_QuirkWindow_Header,RV2_QuirkWindow_Keys.xml,keyed,<ALIMT >vore</ALIMT> Quirks
RV2_QuirkWindow_RerollButtonLabel,Reroll All,RV2_QuirkWindow_RerollButtonLabel,RV2_QuirkWindow_Keys.xml,keyed,Reroll All
RV2_QuirkWindow_RerollPool,Reroll quirk pool,RV2_QuirkWindow_RerollPool,RV2_QuirkWindow_Keys.xml,keyed,Reroll quirk pool
RV2_QuirkWindow_SavePreset,Save Preset,RV2_QuirkWindow_SavePreset,RV2_QuirkWindow_Keys.xml,keyed,Save Preset
RV2_QuirkWindow_LoadPreset,Load Preset,RV2_QuirkWindow_LoadPreset,RV2_QuirkWindow_Keys.xml,keyed,Load Preset
RV2_QuirkWindow_DeletePreset,Delete Preset,RV2_QuirkWindow_DeletePreset,RV2_QuirkWindow_Keys.xml,keyed,Delete Preset
RV2_QuirkWindow_CycleQuirk,Cycle quirk,RV2_QuirkWindow_CycleQuirk,RV2_QuirkWindow_Keys.xml,keyed,Cycle quirk
RV2_QuirkWindow_RemoveQuirk,Remove quirk,RV2_QuirkWindow_RemoveQuirk,RV2_QuirkWindow_Keys.xml,keyed,Remove quirk
RV2_QuirkWindow_InvalidButton,This entry is invalid. Refer to the description in dev mode to understand why.\n\nIt is highly recommended to remove this quirk or resolve the conflict!,RV2_QuirkWindow_InvalidButton,RV2_QuirkWindow_Keys.xml,keyed,This entry is invalid. Refer to the description in dev mode to understand why.<ALIMT >(PH_2)</ALIMT><ALIMT >(PH_1)</ALIMT>It is highly recommended to remove this quirk or resolve the conflict!
RV2_QuirkWindow_HiddenButton,This entry is normally not visible. You can see it because you have dev mode turned on.,RV2_QuirkWindow_HiddenButton,RV2_QuirkWindow_Keys.xml,keyed,This entry is normally not visible. You can see it because you have dev mode turned on.
RV2_QuirkWindow_TemporaryButton,"This entry is temporary and will expire at some point, which removes it or replaces it with the original.",RV2_QuirkWindow_TemporaryButton,RV2_QuirkWindow_Keys.xml,keyed,"This entry is temporary and will expire at some point, which removes it or replaces it with the original."
RV2_QuirkWindow_IdeologyButton,This entry is enforced by this pawns ideology. It can force quirks that the pawn would normally not have.,RV2_QuirkWindow_IdeologyButton,RV2_QuirkWindow_Keys.xml,keyed,This entry is enforced by this pawns ideology. It can force quirks that the <ALIMT >(PH_1)</ALIMT> would normally not have.
RV2_QuirkWindow_IdeologySuppressingQuirk,Currently suppressing:,RV2_QuirkWindow_IdeologySuppressingQuirk,RV2_QuirkWindow_Keys.xml,keyed,Currently suppressing:
RV2_RequirementInvalidReasons_NoDef,Pawn does not have {0} {1},RV2_RequirementInvalidReasons_NoDef,RV2_RequirementInvalidReasons.xml,keyed,Pawn does not have <ALIMT >(PH_2)</ALIMT> <ALIMT >(PH_1)</ALIMT>
RV2_RequirementInvalidReasons_DefTooLow,"{0} {1} too low, min: {2}",RV2_RequirementInvalidReasons_DefTooLow,RV2_RequirementInvalidReasons.xml,keyed,"<ALIMT >(PH_3)</ALIMT> <ALIMT >(PH_2)</ALIMT> too low, min: <ALIMT >(PH_1)</ALIMT>"
RV2_RequirementInvalidReasons_DefTooHigh,"{0} {1} too high, max: {2}",RV2_RequirementInvalidReasons_DefTooHigh,RV2_RequirementInvalidReasons.xml,keyed,"<ALIMT >(PH_3)</ALIMT> <ALIMT >(PH_2)</ALIMT> too high, max: <ALIMT >(PH_1)</ALIMT>"
RV2_RequirementInvalidReasons_NoHediffInRange,No hediff severity was in valid range: {0},RV2_RequirementInvalidReasons_NoHediffInRange,RV2_RequirementInvalidReasons.xml,keyed,No hediff severity was in valid range: <ALIMT >(PH_1)</ALIMT>
RV2_RequirementInvalidReasons_NoQuirks,Pawn has no quirks,RV2_RequirementInvalidReasons_NoQuirks,RV2_RequirementInvalidReasons.xml,keyed,Pawn has no quirks
RV2_RequirementInvalidReasons_InvalidRace,"Pawn is race {0}, but must be {1}",RV2_RequirementInvalidReasons_InvalidRace,RV2_RequirementInvalidReasons.xml,keyed,"Pawn is race <ALIMT >(PH_2)</ALIMT>, but must be <ALIMT >(PH_1)</ALIMT>"
RV2_RequirementInvalidReasons_InvalidRelation,"Pawn has relations {0}, but needs {1}",RV2_RequirementInvalidReasons_InvalidRelation,RV2_RequirementInvalidReasons.xml,keyed,"Pawn has relations <ALIMT >(PH_2)</ALIMT>, but needs <ALIMT >(PH_1)</ALIMT>"
RV2_RequirementInvalidReasons_MissingAlias,Pawn does not have any of {0},RV2_RequirementInvalidReasons_MissingAlias,RV2_RequirementInvalidReasons.xml,keyed,Pawn does not have any of <ALIMT >(PH_1)</ALIMT>
RV2_RequirementInvalidReasons_MissingBodyPart,Missing body part alias {0},RV2_RequirementInvalidReasons_MissingBodyPart,RV2_RequirementInvalidReasons.xml,keyed,Missing body part alias <ALIMT >(PH_1)</ALIMT>
RV2_RequirementInvalidReasons_MissingHediff,Missing hediff alias {0},RV2_RequirementInvalidReasons_MissingHediff,RV2_RequirementInvalidReasons.xml,keyed,Missing hediff alias <ALIMT >(PH_1)</ALIMT>
RV2_RequirementInvalidReasons_MissingQuirk,Missing quirks: {0},RV2_RequirementInvalidReasons_MissingQuirk,RV2_RequirementInvalidReasons.xml,keyed,Missing quirks: <ALIMT >(PH_1)</ALIMT>
RV2_RequirementInvalidReasons_NoHediffInSeverityRange,No hediff in range: {0},RV2_RequirementInvalidReasons_NoHediffInSeverityRange,RV2_RequirementInvalidReasons.xml,keyed,No hediff in range: <ALIMT >(PH_1)</ALIMT>
RV2_RMB_Home,Vore,RV2_RMB_Home,RV2_RMB_Keys.xml,keyed,<ALIMT >vore</ALIMT>
RV2_RMB_VoreTarget,Vore - {0},RV2_RMB_VoreTarget,RV2_RMB_Keys.xml,keyed,<ALIMT >vore</ALIMT> - <ALIMT >(PH_1)</ALIMT>
RV2_RMB_InitiateAsPredator,DEV: Vore {0},RV2_RMB_InitiateAsPredator,RV2_RMB_Keys.xml,keyed,DEV: <ALIMT >vore</ALIMT> <ALIMT >(PH_1)</ALIMT>
RV2_RMB_InitiateAsPrey,DEV: Get vored by {0},RV2_RMB_InitiateAsPrey,RV2_RMB_Keys.xml,keyed,DEV: Get vored by <ALIMT >(PH_1)</ALIMT>
RV2_RMB_AsFeeder,DEV: Feed {0} to ...,RV2_RMB_AsFeeder,RV2_RMB_Keys.xml,keyed,DEV: Feed <ALIMT >(PH_1)</ALIMT> to ...
RV2_RMB_ManualPass,Pass manual stage,RV2_RMB_ManualPass,RV2_RMB_Keys.xml,keyed,Pass manual stage
RV2_RMB_JumpGoal,Change vore goal,RV2_RMB_JumpGoal,RV2_RMB_Keys.xml,keyed,Change <ALIMT >vore</ALIMT> goal
RV2_RMB_Random,Random,RV2_RMB_Random,RV2_RMB_Keys.xml,keyed,Random
RV2_RMB_RandomPreferred,Random Preferred,RV2_RMB_RandomPreferred,RV2_RMB_Keys.xml,keyed,Random Preferred
RV2_RMB_EjectPrey_Self,Eject Prey,RV2_RMB_EjectPrey_Self,RV2_RMB_Keys.xml,keyed,Eject Prey
RV2_RMB_EjectPrey_Target,Force {0} to eject prey,RV2_RMB_EjectPrey_Target,RV2_RMB_Keys.xml,keyed,Force <ALIMT >(PH_1)</ALIMT> to eject prey
RV2_RMB_AlreadyAttemptedEject,Already attempted,RV2_RMB_AlreadyAttemptedEject,RV2_RMB_Keys.xml,keyed,Already attempted
RV2_RMB_EjectIncapable,Incapable of violence,RV2_RMB_EjectIncapable,RV2_RMB_Keys.xml,keyed,Incapable of violence
RV2_RMB_ProposeAsPredator,Propose as predator to {0},RV2_RMB_ProposeAsPredator,RV2_RMB_Keys.xml,keyed,Propose as predator to <ALIMT >(PH_1)</ALIMT>
RV2_RMB_ProposeAsPrey,Propose as prey to {0},RV2_RMB_ProposeAsPrey,RV2_RMB_Keys.xml,keyed,Propose as prey to <ALIMT >(PH_1)</ALIMT>
RV2_RMB_ProposeAsFeederRandomPrey,Propose feeding vore to {0} (random prey),RV2_RMB_ProposeAsFeederRandomPrey,RV2_RMB_Keys.xml,keyed,Propose feeding <ALIMT >vore</ALIMT> to <ALIMT >(PH_1)</ALIMT> (random prey)
RV2_RMB_ProposeAsFeederTargetPrey,Propose feeding vore to {0} (targeted prey),RV2_RMB_ProposeAsFeederTargetPrey,RV2_RMB_Keys.xml,keyed,Propose feeding <ALIMT >vore</ALIMT> to <ALIMT >(PH_1)</ALIMT> (targeted prey)
RV2_Settings_On,On,RV2_Settings_On,RV2_Settings_Keys.xml,keyed,On
RV2_Settings_Off,Off,RV2_Settings_Off,RV2_Settings_Keys.xml,keyed,Off
RV2_Settings_EnableAll,Enable all,RV2_Settings_EnableAll,RV2_Settings_Keys.xml,keyed,Enable all
RV2_Settings_DisableAll,Disable all,RV2_Settings_DisableAll,RV2_Settings_Keys.xml,keyed,Disable all
RV2_Settings_Disabled,Disabled,RV2_Settings_Disabled,RV2_Settings_Keys.xml,keyed,Disabled
RV2_Settings_Enabled,Enabled,RV2_Settings_Enabled,RV2_Settings_Keys.xml,keyed,Enabled
RV2_Settings_Reset,Reset,RV2_Settings_Reset,RV2_Settings_Keys.xml,keyed,Reset
RV2_Settings_ResetAll,Reset all,RV2_Settings_ResetAll,RV2_Settings_Keys.xml,keyed,Reset all
RV2_Settings_Guaranteed,Guaranteed,RV2_Settings_Guaranteed,RV2_Settings_Keys.xml,keyed,Guaranteed
RV2_Settings_None,None,RV2_Settings_None,RV2_Settings_Keys.xml,keyed,None
RV2_Settings_Add,Add,RV2_Settings_Add,RV2_Settings_Keys.xml,keyed,Add
RV2_Settings_Remove,Remove,RV2_Settings_Remove,RV2_Settings_Keys.xml,keyed,Remove
RV2_Settings_DisableRule,Disable rule,RV2_Settings_DisableRule,RV2_Settings_Keys.xml,keyed,Disable rule
RV2_Settings_EnableRule,Enable rule,RV2_Settings_EnableRule,RV2_Settings_Keys.xml,keyed,Enable rule
RV2_Settings_RuleDisabled,Rule is currently disabled,RV2_Settings_RuleDisabled,RV2_Settings_Keys.xml,keyed,Rule is currently disabled
RV2_Settings_MoveUp,Move up,RV2_Settings_MoveUp,RV2_Settings_Keys.xml,keyed,Move up
RV2_Settings_MoveDown,Move down,RV2_Settings_MoveDown,RV2_Settings_Keys.xml,keyed,Move down
RV2_Settings_Edit,Edit,RV2_Settings_Edit,RV2_Settings_Keys.xml,keyed,Edit
RV2_Settings_Expand,Expand,RV2_Settings_Expand,RV2_Settings_Keys.xml,keyed,Expand
RV2_Settings_Collapse,Collapse,RV2_Settings_Collapse,RV2_Settings_Keys.xml,keyed,Collapse
RV2_Settings_SearchToolInfo,Filter settings?,RV2_Settings_SearchToolInfo,RV2_Settings_Keys.xml,keyed,Filter settings?
RV2_Settings_SearchToolInfo_Tip,Enabling this will hide all settings that do not contain the given search text. This includes the tooltip and the set value for settings.\n\nSome basic labels like section text will still be displayed.,RV2_Settings_SearchToolInfo_Tip,RV2_Settings_Keys.xml,keyed,Enabling this will hide all settings that do not contain the given search text. This includes the tooltip and the set value for settings.<ALIMT >(PH_2)</ALIMT><ALIMT >(PH_1)</ALIMT>Some basic labels like section text will still be displayed.
RV2_Settings_Infinite,Infinite,RV2_Settings_Infinite,RV2_Settings_Keys.xml,keyed,Infinite
RV2_Settings_Category,RimVore-2,RV2_Settings_Category,RV2_Settings_Keys.xml,keyed,RimVore-2
RV2_Settings_TabNames_Debug,Debug,RV2_Settings_TabNames_Debug,RV2_Settings_Keys.xml,keyed,Debug
RV2_Settings_TabNames_Features,Features,RV2_Settings_TabNames_Features,RV2_Settings_Keys.xml,keyed,Features
RV2_Settings_TabNames_FineTuning,Fine-Tuning,RV2_Settings_TabNames_FineTuning,RV2_Settings_Keys.xml,keyed,Fine-Tuning
RV2_Settings_TabNames_Sounds,Sounds,RV2_Settings_TabNames_Sounds,RV2_Settings_Keys.xml,keyed,Sounds
RV2_Settings_TabNames_Cheats,Cheats,RV2_Settings_TabNames_Cheats,RV2_Settings_Keys.xml,keyed,Cheats
RV2_Settings_TabNames_Rules,Rules,RV2_Settings_TabNames_Rules,RV2_Settings_Keys.xml,keyed,Rules
RV2_Settings_TabNames_Quirks,Quirks,RV2_Settings_TabNames_Quirks,RV2_Settings_Keys.xml,keyed,Quirks
RV2_Settings_TabNames_Ideology,Ideology,RV2_Settings_TabNames_Ideology,RV2_Settings_Keys.xml,keyed,Ideology
RV2_Settings_TabNames_Combat,Combat,RV2_Settings_TabNames_Combat,RV2_Settings_Keys.xml,keyed,Combat
RV2_Settings_Debug_Logging,Logging,RV2_Settings_Debug_Logging,RV2_Settings_Keys.xml,keyed,Logging
RV2_Settings_Debug_VerboseLogging,Verbose logging,RV2_Settings_Debug_VerboseLogging,RV2_Settings_Keys.xml,keyed,Verbose logging
RV2_Settings_Debug_PassPredatorTick,Pass predator tick,RV2_Settings_Debug_PassPredatorTick,RV2_Settings_Keys.xml,keyed,Pass predator tick
RV2_Settings_Debug_LabelRefresh,Hediff label refresh interval (ticks),RV2_Settings_Debug_LabelRefresh,RV2_Settings_Keys.xml,keyed,Hediff label refresh interval (ticks)
RV2_Settings_Debug_MaxCachedInteractions,Max cached vore interactions,RV2_Settings_Debug_MaxCachedInteractions,RV2_Settings_Keys.xml,keyed,Max cached <ALIMT >vore</ALIMT> interactions
RV2_Settings_Debug_MaxCachedInteractions_Tip,"Going too big here might bloat your RAM, you have been warned",RV2_Settings_Debug_MaxCachedInteractions_Tip,RV2_Settings_Keys.xml,keyed,"Going too big here might bloat your RAM, you have been warned"
RV2_Settings_Features_VoreQuirksEnabled,Vore Quirks,RV2_Settings_Features_VoreQuirksEnabled,RV2_Settings_Keys.xml,keyed,<ALIMT >vore</ALIMT> Quirks
RV2_Settings_Features_VoreQuirksEnabled_Tip,Enable the quirk creation for pawns.\nThe quirks of each pawn can be accessed via the gizmo when the pawn is selected.,RV2_Settings_Features_VoreQuirksEnabled_Tip,RV2_Settings_Keys.xml,keyed,Enable the quirk creation for pawns.<ALIMT >(PH_3)</ALIMT>The quirks of each <ALIMT >(PH_2)</ALIMT> can be accessed via the gizmo when the <ALIMT >(PH_1)</ALIMT> is selected.
RV2_Settings_Features_FatalVoreEnabled,Fatal vore,RV2_Settings_Features_FatalVoreEnabled,RV2_Settings_Keys.xml,keyed,Fatal <ALIMT >vore</ALIMT>
RV2_Settings_Features_FatalVoreEnabled_Tip,Enable vore with the intent to kill a prey.,RV2_Settings_Features_FatalVoreEnabled_Tip,RV2_Settings_Keys.xml,keyed,Enable <ALIMT >vore</ALIMT> with the intent to kill a prey.
RV2_Settings_Features_EndoVoreEnabled,Endo vore,RV2_Settings_Features_EndoVoreEnabled,RV2_Settings_Keys.xml,keyed,Endo <ALIMT >vore</ALIMT>
RV2_Settings_Features_EndoVoreEnabled_Tip,Enable vore that does not directly lead to a pawns death.,RV2_Settings_Features_EndoVoreEnabled_Tip,RV2_Settings_Keys.xml,keyed,Enable <ALIMT >vore</ALIMT> that does not directly lead to a pawns death.
RV2_Settings_Features_FeederVoreEnabled,Feeder vore,RV2_Settings_Features_FeederVoreEnabled,RV2_Settings_Keys.xml,keyed,Feeder <ALIMT >vore</ALIMT>
RV2_Settings_Features_FeederVoreEnabled_Tip,Enable pawns feeding a prey to a predator without doing any direct vore themself.,RV2_Settings_Features_FeederVoreEnabled_Tip,RV2_Settings_Keys.xml,keyed,Enable pawns feeding a prey to a predator without doing any direct <ALIMT >vore</ALIMT> themself.
RV2_Settings_Features_AnimalsEnabled,Animals,RV2_Settings_Features_AnimalsEnabled,RV2_Settings_Keys.xml,keyed,Animals
RV2_Settings_Features_AnimalsEnabled_Tip,Enable animals voring and being vored.\nCan also be disabled in the rules - this is more of a legacy setting.,RV2_Settings_Features_AnimalsEnabled_Tip,RV2_Settings_Keys.xml,keyed,Enable animals voring and being vored.<ALIMT >(PH_1)</ALIMT>Can also be disabled in the rules - this is more of a legacy setting.
RV2_Settings_Features_ShowVoreTab,Vore tab,RV2_Settings_Features_ShowVoreTab,RV2_Settings_Keys.xml,keyed,<ALIMT >vore</ALIMT> tab
RV2_Settings_Features_ShowVoreTab_Tip,Enable the vore tab.\nThe vore tab shows up on active predators and displays all of their prey in a fancier way than the hediffs.\nThe hediffs will still show up in the health tab though!,RV2_Settings_Features_ShowVoreTab_Tip,RV2_Settings_Keys.xml,keyed,Enable the <ALIMT >vore</ALIMT> tab.<ALIMT >(PH_2)</ALIMT>The <ALIMT >vore</ALIMT> tab shows up on active predators and displays all of their prey in a fancier way than the hediffs.<ALIMT >(PH_1)</ALIMT>The hediffs will still show up in the health tab though!
RV2_Settings_Features_ShowRMBVoreMenu,Manual Vore,RV2_Settings_Features_ShowRMBVoreMenu,RV2_Settings_Keys.xml,keyed,Manual <ALIMT >vore</ALIMT>
RV2_Settings_Features_ShowRMBVoreMenu_Tip,Enable the RMB context options when right-clicking on a pawn.\nThis includes options to reserve prey for feeding vore and proposing vore directly.,RV2_Settings_Features_ShowRMBVoreMenu_Tip,RV2_Settings_Keys.xml,keyed,Enable the RMB context options when right-clicking on a <ALIMT >(PH_2)</ALIMT>.<ALIMT >(PH_1)</ALIMT>This includes options to reserve prey for feeding <ALIMT >vore</ALIMT> and proposing <ALIMT >vore</ALIMT> directly.
RV2_Settings_Features_RMBProposalsUseAutoVoreInterval,RMB Proposals use auto vore interval,RV2_Settings_Features_RMBProposalsUseAutoVoreInterval,RV2_Settings_Keys.xml,keyed,RMB Proposals use auto <ALIMT >vore</ALIMT> interval
RV2_Settings_Features_RMBProposalsUseAutoVoreInterval_Tip,This will block vore proposals initatiated via the RMB menu if the auto vore cooldown for the given pawn has not elapsed yet.\n\nYou can configure this cooldown interval in the fine-tuning settings.,RV2_Settings_Features_RMBProposalsUseAutoVoreInterval_Tip,RV2_Settings_Keys.xml,keyed,This will block <ALIMT >vore</ALIMT> proposals initatiated via the RMB menu if the auto <ALIMT >vore</ALIMT> cooldown for the given <ALIMT >(PH_3)</ALIMT> has not elapsed yet.<ALIMT >(PH_2)</ALIMT><ALIMT >(PH_1)</ALIMT>You can configure this cooldown interval in the fine-tuning settings.
RV2_Settings_Features_ShowGizmo,Gizmo,RV2_Settings_Features_ShowGizmo,RV2_Settings_Keys.xml,keyed,Gizmo
RV2_Settings_Features_ShowGizmo_Tip,"Enable the RV2 gizmo containing Predator, Endo Prey and Fatal Prey designations, and the quirk menu.\nThe gizmo shows up whenever a pawn is selected.",RV2_Settings_Features_ShowGizmo_Tip,RV2_Settings_Keys.xml,keyed,"Enable the RV2 gizmo containing Predator, Endo Prey and Fatal Prey designations, and the quirk menu.<ALIMT >(PH_2)</ALIMT>The gizmo shows up whenever a <ALIMT >(PH_1)</ALIMT> is selected."
RV2_Settings_Features_ScatEnabled,Scat,RV2_Settings_Features_ScatEnabled,RV2_Settings_Keys.xml,keyed,<ALIMT >scat</ALIMT>
RV2_Settings_Features_ScatEnabled_Tip,This will not affect any already existing items or curently ongoing Vore!,RV2_Settings_Features_ScatEnabled_Tip,RV2_Settings_Keys.xml,keyed,This will not affect any already existing items or curently ongoing <ALIMT >vore</ALIMT>!
RV2_Settings_Features_BonesEnabled,Bones,RV2_Settings_Features_BonesEnabled,RV2_Settings_Keys.xml,keyed,Bones
RV2_Settings_Features_BonesEnabled_Tip,This will not affect any already existing items or curently ongoing Vore!,RV2_Settings_Features_BonesEnabled_Tip,RV2_Settings_Keys.xml,keyed,This will not affect any already existing items or curently ongoing <ALIMT >vore</ALIMT>!
RV2_Settings_Features_BackstoryGenitalsEnabled,Backstory genitals,RV2_Settings_Features_BackstoryGenitalsEnabled,RV2_Settings_Keys.xml,keyed,Backstory genitals
RV2_Settings_Features_BackstoryGenitalsEnabled_Tip,"If this is enabled, backstories provided by RV2 are allowed to force pawns to have specific genitalia. This may result in futanari pawns being generated! If you disable this and get stuck with an ""invalid"" backstory, you need to overwrite the backstory via dev mode.",RV2_Settings_Features_BackstoryGenitalsEnabled_Tip,RV2_Settings_Keys.xml,keyed,"If this is enabled, backstories provided by RV2 are allowed to force pawns to have specific genitalia. This may result in <ALIMT >futanari</ALIMT> pawns being generated! If you disable this and get stuck with an ""invalid"" backstory, you need to overwrite the backstory via dev mode."
RV2_Settings_Features_GrapplingEnabled,Grappling,RV2_Settings_Features_GrapplingEnabled,RV2_Settings_Keys.xml,keyed,Grappling
RV2_Settings_Features_GrapplingEnabled_Tip,Pawns can initiate a grapple move in which they attempt to throw their target to the ground and vore them.,RV2_Settings_Features_GrapplingEnabled_Tip,RV2_Settings_Keys.xml,keyed,Pawns can initiate a grapple move in which they attempt to throw their target to the ground and <ALIMT >vore</ALIMT> them.
RV2_Settings_Features_StrugglingEnabled,Struggling,RV2_Settings_Features_StrugglingEnabled,RV2_Settings_Keys.xml,keyed,Struggling
RV2_Settings_Features_StrugglingEnabled_Tip,Unwilling prey can struggle inside of predators to force their release from vore,RV2_Settings_Features_StrugglingEnabled_Tip,RV2_Settings_Keys.xml,keyed,Unwilling prey can struggle inside of predators to force their release from <ALIMT >vore</ALIMT>
RV2_Settings_Features_SpecificVoreScenariosIgnoreDesignations,Specific vore scenarios ignore designations,RV2_Settings_Features_SpecificVoreScenariosIgnoreDesignations,RV2_Settings_Keys.xml,keyed,Specific <ALIMT >vore</ALIMT> scenarios ignore designations
RV2_Settings_Features_SpecificVoreScenariosIgnoreDesignations_Tip,"In some cases pawns may be allowed to ignore the designations (predator, endo prey, fatal prey).\n\nThe setting is meant to provide some level of immersion, where in some scenarios the ""will of the player"" should be ignored.\n\nThis means some pawns may be fatally vored when they have the fatal vore designation disabled! The rest of the rules (like age) are still enforced!\n\nExamples include but are not limited to manhunting animals and vore-kidnapping raiders.",RV2_Settings_Features_SpecificVoreScenariosIgnoreDesignations_Tip,RV2_Settings_Keys.xml,keyed,"In some cases pawns may be allowed to ignore the designations (predator, endo prey, fatal prey).<ALIMT >(PH_6)</ALIMT><ALIMT >(PH_5)</ALIMT>The setting is meant to provide some level of immersion, where in some scenarios the ""will of the player"" should be ignored.<ALIMT >(PH_4)</ALIMT><ALIMT >(PH_3)</ALIMT>This means some pawns may be fatally vored when they have the fatal <ALIMT >vore</ALIMT> designation disabled! The rest of the rules (like age) are still enforced!<ALIMT >(PH_2)</ALIMT><ALIMT >(PH_1)</ALIMT>Examples include but are not limited to manhunting animals and <ALIMT >vore</ALIMT>-kidnapping raiders."
RV2_Settings_Features_IgnoreDesignations_MentalState,Vore mental states,RV2_Settings_Features_IgnoreDesignations_MentalState,RV2_Settings_Keys.xml,keyed,<ALIMT >vore</ALIMT> mental states
RV2_Settings_Features_IgnoreDesignations_MentalState_Tip,Note: Vore mental states may pick either endo or fatal goals,RV2_Settings_Features_IgnoreDesignations_MentalState_Tip,RV2_Settings_Keys.xml,keyed,Note: <ALIMT >vore</ALIMT> mental states may pick either endo or fatal goals
RV2_Settings_Features_IgnoreDesignations_VoreHuntingAnimals,Vore hunting animals,RV2_Settings_Features_IgnoreDesignations_VoreHuntingAnimals,RV2_Settings_Keys.xml,keyed,<ALIMT >vore</ALIMT> hunting animals
RV2_Settings_Features_IgnoreDesignations_VoreHuntingAnimals_Tip,Note: Aggressive animals will almost always pick fatal goals!\n\nIncludes manhunting animals choosing to do vore,RV2_Settings_Features_IgnoreDesignations_VoreHuntingAnimals_Tip,RV2_Settings_Keys.xml,keyed,Note: Aggressive animals will almost always pick fatal goals!<ALIMT >(PH_2)</ALIMT><ALIMT >(PH_1)</ALIMT>Includes manhunting animals choosing to do <ALIMT >vore</ALIMT>
RV2_Settings_Features_IgnoreDesignations_KidnappingRaiders,Kidnapping raiders,RV2_Settings_Features_IgnoreDesignations_KidnappingRaiders,RV2_Settings_Keys.xml,keyed,Kidnapping raiders
RV2_Settings_Features_IgnoreDesignations_KidnappingRaiders_Tip,Note: Vore-napping raiders will always use the Store goal,RV2_Settings_Features_IgnoreDesignations_KidnappingRaiders_Tip,RV2_Settings_Keys.xml,keyed,Note: <ALIMT >vore</ALIMT>-napping raiders will always use the Store goal
RV2_Settings_Features_IgnoreDesignations_IgnoreDesignationsGoalSwitching,Goal switching,RV2_Settings_Features_IgnoreDesignations_IgnoreDesignationsGoalSwitching,RV2_Settings_Keys.xml,keyed,Goal switching
RV2_Settings_Features_IgnoreDesignations_IgnoreDesignationsGoalSwitching_Tip,Note: Enabling this means that pawns that predators can switch the vore goal (pleasure -> digest) on their prey even if they are not designated as fatal prey!,RV2_Settings_Features_IgnoreDesignations_IgnoreDesignationsGoalSwitching_Tip,RV2_Settings_Keys.xml,keyed,Note: Enabling this means that pawns that predators can <ALIMT >switch</ALIMT> the <ALIMT >vore</ALIMT> goal (pleasure -> digest) on their prey even if they are not designated as fatal prey!
RV2_Settings_Features_AlwaysShowDesignationGizmos,Always show designation gizmos,RV2_Settings_Features_AlwaysShowDesignationGizmos,RV2_Settings_Keys.xml,keyed,Always show designation gizmos
RV2_Settings_Features_AlwaysShowDesignationGizmos_Tip,"By default you can only directly control the vore designations (predator, fatal, endo) of player controlled pawns. Turning this on will allow you to change hostile pawns designations.",RV2_Settings_Features_AlwaysShowDesignationGizmos_Tip,RV2_Settings_Keys.xml,keyed,"By default you can only directly control the <ALIMT >vore</ALIMT> designations (predator, fatal, endo) of player controlled pawns. Turning this on will allow you to change hostile pawns designations."
RV2_Settings_Features_AddVoredPawnsToColonistBar,Add vored pawns to colonist bar,RV2_Settings_Features_AddVoredPawnsToColonistBar,RV2_Settings_Keys.xml,keyed,Add vored pawns to colonist bar
RV2_Settings_Features_AddVoredPawnsToColonistBar_Tip,Vored pawns will be drawn in their own group on the colonist bar,RV2_Settings_Features_AddVoredPawnsToColonistBar_Tip,RV2_Settings_Keys.xml,keyed,Vored pawns will be drawn in their own group on the colonist bar
RV2_Settings_FineTuning_Header_VoreProposals,Vore Proposals,RV2_Settings_FineTuning_Header_VoreProposals,RV2_Settings_Keys.xml,keyed,<ALIMT >vore</ALIMT> Proposals
RV2_Settings_FineTuning_Header_Misc,Misc,RV2_Settings_FineTuning_Header_Misc,RV2_Settings_Keys.xml,keyed,Misc
RV2_Settings_FineTuning_Header_AutoVore,Auto-Vore,RV2_Settings_FineTuning_Header_AutoVore,RV2_Settings_Keys.xml,keyed,Auto-<ALIMT >vore</ALIMT>
RV2_Settings_FineTuning_Header_Feeding,Feeding,RV2_Settings_FineTuning_Header_Feeding,RV2_Settings_Keys.xml,keyed,Feeding
RV2_Settings_FineTuning_Header_Struggling,Struggling,RV2_Settings_FineTuning_Header_Struggling,RV2_Settings_Keys.xml,keyed,Struggling
RV2_Settings_FineTuning_ForbidDigestedCorpse,Forbid digested Corpse,RV2_Settings_FineTuning_ForbidDigestedCorpse,RV2_Settings_Keys.xml,keyed,Forbid digested Corpse
RV2_Settings_FineTuning_ForbidDigestedCorpse_Tip,This setting allows you to automatically set corpses spawned by opening a vore product container to forbidden.,RV2_Settings_FineTuning_ForbidDigestedCorpse_Tip,RV2_Settings_Keys.xml,keyed,This setting allows you to automatically set corpses spawned by opening a <ALIMT >vore</ALIMT> product container to forbidden.
RV2_Settings_FineTuning_DefaultStripBehaviour,Default strip?,RV2_Settings_FineTuning_DefaultStripBehaviour,RV2_Settings_Keys.xml,keyed,Default strip?
RV2_Settings_FineTuning_DefaultStripBehaviour_Tip,This will only be used when predator and quirk either have no quirks to determine stripping OR their quirks cancel each other out,RV2_Settings_FineTuning_DefaultStripBehaviour_Tip,RV2_Settings_Keys.xml,keyed,This will only be used when predator and quirk either have no quirks to determine stripping OR their quirks cancel each other out
RV2_Settings_FineTuning_AutoHaulVoreContainer,Auto-haul vore containers,RV2_Settings_FineTuning_AutoHaulVoreContainer,RV2_Settings_Keys.xml,keyed,Auto-haul <ALIMT >vore</ALIMT> containers
RV2_Settings_FineTuning_AutoHaulVoreContainer_Tip,"Automatically designate vore containers to be hauled, which will mean hauling pawns will take it to a dumping stockpile.",RV2_Settings_FineTuning_AutoHaulVoreContainer_Tip,RV2_Settings_Keys.xml,keyed,"Automatically designate <ALIMT >vore</ALIMT> containers to be hauled, which will mean hauling pawns will take it to a dumping stockpile."
RV2_Settings_FineTuning_AutoOpenVoreContainer,Auto-open vore containers,RV2_Settings_FineTuning_AutoOpenVoreContainer,RV2_Settings_Keys.xml,keyed,Auto-open <ALIMT >vore</ALIMT> containers
RV2_Settings_FineTuning_AutoOpenVoreContainer_Tip,"Automatically designate vore containers to be opened, pawns generally prioritize opening over hauling, so they will pretty much always open the container before hauling the items.",RV2_Settings_FineTuning_AutoOpenVoreContainer_Tip,RV2_Settings_Keys.xml,keyed,"Automatically designate <ALIMT >vore</ALIMT> containers to be opened, pawns generally prioritize opening over hauling, so they will pretty much always open the container before hauling the items."
RV2_Settings_FineTuning_ForbidNonFactionVoreContainer,Forbid non-faction vore containers,RV2_Settings_FineTuning_ForbidNonFactionVoreContainer,RV2_Settings_Keys.xml,keyed,Forbid non-faction <ALIMT >vore</ALIMT> containers
RV2_Settings_FineTuning_ForbidNonFactionVoreContainer_Tip,Turning this on will automatically forbid vore containers produced by pawns that do not belong to the player faction.\n\nThis means your colonists won't automatically haul scat piles and the likes from wild animals.,RV2_Settings_FineTuning_ForbidNonFactionVoreContainer_Tip,RV2_Settings_Keys.xml,keyed,Turning this on will automatically forbid <ALIMT >vore</ALIMT> containers produced by pawns that do not belong to the player faction.<ALIMT >(PH_2)</ALIMT><ALIMT >(PH_1)</ALIMT>This means your colonists won't automatically haul <ALIMT >scat</ALIMT> piles and the likes from wild animals.
RV2_Settings_FineTuning_ReformHumanoidsAsNewborn,Reform humanoid as newborn,RV2_Settings_FineTuning_ReformHumanoidsAsNewborn,RV2_Settings_Keys.xml,keyed,Reform humanoid as newborn
RV2_Settings_FineTuning_ReformHumanoidsAsNewborn_Tip,"If this is set to false, RV2 will try to determine the minimum age required to participate in vore for the reformed pawn.\nThis can not affect non-humanoids due to complications with PawnKinds and their valid age ranges",RV2_Settings_FineTuning_ReformHumanoidsAsNewborn_Tip,RV2_Settings_Keys.xml,keyed,"If this is set to false, RV2 will try to determine the minimum age required to participate in <ALIMT >vore</ALIMT> for the reformed <ALIMT >(PH_2)</ALIMT>.<ALIMT >(PH_1)</ALIMT>This can not affect non-humanoids due to complications with PawnKinds and their valid age ranges"
RV2_Settings_FineTuning_SkipWarmupWhenAlreadyDigesting,Skip warmup when already digesting,RV2_Settings_FineTuning_SkipWarmupWhenAlreadyDigesting,RV2_Settings_Keys.xml,keyed,Skip warmup when already digesting
RV2_Settings_FineTuning_SkipWarmupWhenAlreadyDigesting_Tip,"If a predator is already digesting prey, or churning digested prey, any new prey to be digested by the same part will skip the warmup phase, and immediately begin digesting.",RV2_Settings_FineTuning_SkipWarmupWhenAlreadyDigesting_Tip,RV2_Settings_Keys.xml,keyed,"If a predator is already digesting prey, or churning digested prey, any new prey to be digested by the same part will skip the warmup phase, and immediately begin digesting."
RV2_Settings_FineTuning_ManhuntersVoreDownedPawns,Manhunters vore downed pawns,RV2_Settings_FineTuning_ManhuntersVoreDownedPawns,RV2_Settings_Keys.xml,keyed,Manhunters <ALIMT >vore</ALIMT> downed pawns
RV2_Settings_FineTuning_ManhuntersVoreDownedPawns_Tip,"Toggles manhunters voring downed pawns if there are no new pawns to attack.\nDue to the way the jobGiver for manhunters works, this is a simple true/false and not a chance like with kidnapping or hunting.",RV2_Settings_FineTuning_ManhuntersVoreDownedPawns_Tip,RV2_Settings_Keys.xml,keyed,"Toggles manhunters voring downed pawns if there are no new pawns to attack.<ALIMT >(PH_1)</ALIMT>Due to the way the jobGiver for manhunters works, this is a simple true/false and not a chance like with kidnapping or hunting."
RV2_Settings_FineTuning_HuntingAnimalsVoreChance,Hunting animals vore chance,RV2_Settings_FineTuning_HuntingAnimalsVoreChance,RV2_Settings_Keys.xml,keyed,Hunting animals <ALIMT >vore</ALIMT> chance
RV2_Settings_FineTuning_HuntingAnimalsVoreChance_Tip,"When an animal uses its hunting AI, this setting can intercept the base game hunting and replace it with a job that makes the animal down their prey and then vore it.",RV2_Settings_FineTuning_HuntingAnimalsVoreChance_Tip,RV2_Settings_Keys.xml,keyed,"When an animal uses its hunting AI, this setting can intercept the base game hunting and replace it with a job that makes the animal down their prey and then <ALIMT >vore</ALIMT> it."
RV2_Settings_FineTuning_FailedTameVoreChance,Chance to be vored when taming failed,RV2_Settings_FineTuning_FailedTameVoreChance,RV2_Settings_Keys.xml,keyed,Chance to be vored when taming failed
RV2_Settings_FineTuning_FailedTameVoreChance_Tip,"When a taming attempt fails, this is the chance that the tamer will be vored by the animal. Literal predator animals will use fatal vore, other animals will use endo vore.\n\nAnimal skill impacts this with a multiplier of 1.5x - 0.5x for animal skill 0 - 20 respectively",RV2_Settings_FineTuning_FailedTameVoreChance_Tip,RV2_Settings_Keys.xml,keyed,"When a taming attempt fails, this is the chance that the tamer will be vored by the animal. Literal predator animals will use fatal <ALIMT >vore</ALIMT>, other animals will use endo <ALIMT >vore</ALIMT>.<ALIMT >(PH_2)</ALIMT><ALIMT >(PH_1)</ALIMT>Animal skill impacts this with a multiplier of 1.5x - 0.5x for animal skill 0 - 20 respectively"
RV2_Settings_FineTuning_RaiderVorenappingChance,Raider kidnap vore chance,RV2_Settings_FineTuning_RaiderVorenappingChance,RV2_Settings_Keys.xml,keyed,Raider kidnap <ALIMT >vore</ALIMT> chance
RV2_Settings_FineTuning_RaiderVorenappingChance_Tip,"When a hostile pawn would kidnap a colonist, this setting can intercept the kidnap job and replace it with a job that makes the raider vore the colonist.",RV2_Settings_FineTuning_RaiderVorenappingChance_Tip,RV2_Settings_Keys.xml,keyed,"When a hostile <ALIMT >(PH_1)</ALIMT> would kidnap a colonist, this setting can intercept the kidnap job and replace it with a job that makes the raider <ALIMT >vore</ALIMT> the colonist."
RV2_Settings_FineTuning_MinVoreProposalCooldown,Minimum vore proposal cooldown ticks,RV2_Settings_FineTuning_MinVoreProposalCooldown,RV2_Settings_Keys.xml,keyed,Minimum <ALIMT >vore</ALIMT> proposal cooldown ticks
RV2_Settings_FineTuning_MaxVoreProposalCooldown,Maximum vore proposal cooldown ticks,RV2_Settings_FineTuning_MaxVoreProposalCooldown,RV2_Settings_Keys.xml,keyed,Maximum <ALIMT >vore</ALIMT> proposal cooldown ticks
RV2_Settings_FineTuning_VoreProposalCooldown_Tip,"After a proposal there is a randomized cooldown. You can set the minimum and maximum range for the cooldown, with a detailed time explanation below the two settings.",RV2_Settings_FineTuning_VoreProposalCooldown_Tip,RV2_Settings_Keys.xml,keyed,"After a proposal there is a randomized cooldown. You can set the minimum and maximum range for the cooldown, with a detailed time explanation below the two settings."
RV2_Settings_FineTuning_ExplainedProposalCooldown,Proposal cooldown (ingame): {0} - {1},RV2_Settings_FineTuning_ExplainedProposalCooldown,RV2_Settings_Keys.xml,keyed,Proposal cooldown (ingame): <ALIMT >(PH_2)</ALIMT> - <ALIMT >(PH_1)</ALIMT>
RV2_Settings_FineTuning_ExplainedProposalCooldown_Tip,"In real-time (speed 1):\n{0}\nto\n{1}\n\nFor Speed 2 divide by 3, Speed 3 by 6\n- unless you use mods that change these values.",RV2_Settings_FineTuning_ExplainedProposalCooldown_Tip,RV2_Settings_Keys.xml,keyed,"In real-time (speed 1):<ALIMT >(PH_8)</ALIMT><ALIMT >(PH_7)</ALIMT><ALIMT >(PH_6)</ALIMT>to<ALIMT >(PH_5)</ALIMT><ALIMT >(PH_4)</ALIMT><ALIMT >(PH_3)</ALIMT><ALIMT >(PH_2)</ALIMT>For Speed 2 divide by 3, Speed 3 by 6<ALIMT >(PH_1)</ALIMT>- unless you use mods that change these values."
RV2_Settings_FineTuning_ProposalTimeTicks,Active proposal duration,RV2_Settings_FineTuning_ProposalTimeTicks,RV2_Settings_Keys.xml,keyed,Active proposal duration
RV2_Settings_FineTuning_ProposalTimeTicks_Tip,The amount of time it takes to verbally propose to another pawn (the wait time until proposal acceptance is calculated),RV2_Settings_FineTuning_ProposalTimeTicks_Tip,RV2_Settings_Keys.xml,keyed,The amount of time it takes to verbally propose to another <ALIMT >(PH_1)</ALIMT> (the wait time until proposal acceptance is calculated)
RV2_Settings_FineTuning_ForcedVoreChanceOnFailedProposal,Denied proposal leads to forced vore fight chance: ,RV2_Settings_FineTuning_ForcedVoreChanceOnFailedProposal,RV2_Settings_Keys.xml,keyed,Denied proposal leads to <ALIMT >forced</ALIMT> <ALIMT >vore</ALIMT> fight chance: 
RV2_Settings_FineTuning_ForcedVoreChanceOnFailedProposal_Tip,The likelihood an initiator engages in combat with their target when they deny a proposal from them.,RV2_Settings_FineTuning_ForcedVoreChanceOnFailedProposal_Tip,RV2_Settings_Keys.xml,keyed,The likelihood an initiator engages in combat with their target when they deny a proposal from them.
RV2_Settings_FineTuning_PrisonersMustConsentToProposal,Prisoners must agree to be vored,RV2_Settings_FineTuning_PrisonersMustConsentToProposal,RV2_Settings_Keys.xml,keyed,Prisoners must agree to be vored
RV2_Settings_FineTuning_PrisonersMustConsentToProposal_Tip,Enabling this means that prisoners can deny vore proposals.,RV2_Settings_FineTuning_PrisonersMustConsentToProposal_Tip,RV2_Settings_Keys.xml,keyed,Enabling this means that prisoners can deny <ALIMT >vore</ALIMT> proposals.
RV2_Settings_FineTuning_SlavesMustConsentToProposal,Slaves must agree to be vored,RV2_Settings_FineTuning_SlavesMustConsentToProposal,RV2_Settings_Keys.xml,keyed,Slaves must agree to be vored
RV2_Settings_FineTuning_SlavesMustConsentToProposal_Tip,Enabling this means that slaves can deny vore proposals.,RV2_Settings_FineTuning_SlavesMustConsentToProposal_Tip,RV2_Settings_Keys.xml,keyed,Enabling this means that slaves can deny <ALIMT >vore</ALIMT> proposals.
RV2_Settings_FineTuning_AutoAcceptAnimal,Auto-accept on high animal skill,RV2_Settings_FineTuning_AutoAcceptAnimal,RV2_Settings_Keys.xml,keyed,Auto-accept on high animal skill
RV2_Settings_FineTuning_AutoAcceptAnimal_Tip,Vore proposals directed at animals can be skipped if the proposer has a high animal skill.,RV2_Settings_FineTuning_AutoAcceptAnimal_Tip,RV2_Settings_Keys.xml,keyed,<ALIMT >vore</ALIMT> proposals directed at animals can be skipped if the proposer has a high animal skill.
RV2_Settings_FineTuning_AutoAcceptAnimalSkill,Animal skill to auto-accept,RV2_Settings_FineTuning_AutoAcceptAnimalSkill,RV2_Settings_Keys.xml,keyed,Animal skill to auto-accept
RV2_Settings_FineTuning_AutoAcceptAnimalSkill_Tip,Pawns with an animal skill equals or higher than this will always succeed in proposing to animals.,RV2_Settings_FineTuning_AutoAcceptAnimalSkill_Tip,RV2_Settings_Keys.xml,keyed,Pawns with an animal skill equals or higher than this will always succeed in proposing to animals.
RV2_Settings_FineTuning_AutoAcceptSocial,Auto-accept on high social skill,RV2_Settings_FineTuning_AutoAcceptSocial,RV2_Settings_Keys.xml,keyed,Auto-accept on high social skill
RV2_Settings_FineTuning_AutoAcceptSocial_Tip,Vore proposals directed at humans can be skipped if the initiator has a much higher social skill than the target.,RV2_Settings_FineTuning_AutoAcceptSocial_Tip,RV2_Settings_Keys.xml,keyed,<ALIMT >vore</ALIMT> proposals directed at humans can be skipped if the initiator has a much higher social skill than the target.
RV2_Settings_FineTuning_AutoAcceptSocialSkillDifference,Auto-Accept social difference,RV2_Settings_FineTuning_AutoAcceptSocialSkillDifference,RV2_Settings_Keys.xml,keyed,Auto-Accept social difference
RV2_Settings_FineTuning_AutoAcceptSocialSkillDifference_Tip,The social skill can factor in the targets social skill as well. Turning this on will subtract the targets social skill from the initiators social skill before checking the threshold.,RV2_Settings_FineTuning_AutoAcceptSocialSkillDifference_Tip,RV2_Settings_Keys.xml,keyed,The social skill can factor in the targets social skill as well. Turning this on will subtract the targets social skill from the initiators social skill before checking the threshold.
RV2_Settings_FineTuning_ProposalDeniedNotification,Notification type on denied vore proposal,RV2_Settings_FineTuning_ProposalDeniedNotification,RV2_Settings_Keys.xml,keyed,Notification type on denied <ALIMT >vore</ALIMT> proposal
RV2_Settings_FineTuning_ProposalAcceptedNotification,Notification type on accepted vore proposal,RV2_Settings_FineTuning_ProposalAcceptedNotification,RV2_Settings_Keys.xml,keyed,Notification type on accepted <ALIMT >vore</ALIMT> proposal
RV2_Settings_FineTuning_FatalProposalAcceptedNotification,Notification type on accepted fatal vore proposal,RV2_Settings_FineTuning_FatalProposalAcceptedNotification,RV2_Settings_Keys.xml,keyed,Notification type on accepted fatal <ALIMT >vore</ALIMT> proposal
RV2_Settings_FineTuning_UnwrapOnDisposalContainerRelease,Unwrap products when releasing in disposal containers,RV2_Settings_FineTuning_UnwrapOnDisposalContainerRelease,RV2_Settings_Keys.xml,keyed,Unwrap products when releasing in disposal containers
RV2_Settings_FineTuning_UnwrapOnDisposalContainerRelease_Tip,"When releasing fatally vored prey into a disposal building like disposal urns, should the original vore product container be removed?\n\nFalse - After opening the urn, you need to open the vore product container as well\nTrue - After opening the urn, the corpse and other items are directly dropped",RV2_Settings_FineTuning_UnwrapOnDisposalContainerRelease_Tip,RV2_Settings_Keys.xml,keyed,"When releasing fatally vored prey into a disposal building like disposal urns, should the original <ALIMT >vore</ALIMT> product container be removed?<ALIMT >(PH_3)</ALIMT><ALIMT >(PH_2)</ALIMT>False - After opening the urn, you need to open the <ALIMT >vore</ALIMT> product container as well<ALIMT >(PH_1)</ALIMT>True - After opening the urn, the corpse and other items are directly dropped"
RV2_Settings_FineTuning_MentalBreaksUseAutoVoreRules,Mental breaks use auto vore rules,RV2_Settings_FineTuning_MentalBreaksUseAutoVoreRules,RV2_Settings_Keys.xml,keyed,Mental breaks use auto <ALIMT >vore</ALIMT> rules
RV2_Settings_FineTuning_MentalBreaksUseAutoVoreRules_Tip,Forces pawns in mental breaks to follow rules flagged with auto-vore on,RV2_Settings_FineTuning_MentalBreaksUseAutoVoreRules_Tip,RV2_Settings_Keys.xml,keyed,Forces pawns in mental breaks to follow rules flagged with auto-<ALIMT >vore</ALIMT> on
RV2_Settings_FineTuning_StruggleBreakFreeNotification,Successful Struggle Notification,RV2_Settings_FineTuning_StruggleBreakFreeNotification,RV2_Settings_Keys.xml,keyed,Successful Struggle Notification
RV2_Settings_FineTuning_DefaultStruggleForceMode,Default struggle behaviour,RV2_Settings_FineTuning_DefaultStruggleForceMode,RV2_Settings_Keys.xml,keyed,Default struggle behaviour
RV2_Settings_FineTuning_DefaultStruggleForceMode_Tip,The default value for the vore path rules struggle mode,RV2_Settings_FineTuning_DefaultStruggleForceMode_Tip,RV2_Settings_Keys.xml,keyed,The default value for the <ALIMT >vore</ALIMT> path rules struggle mode
RV2_Settings_FineTuning_FeederVoreMinPrey,Minimum prey for feeder,RV2_Settings_FineTuning_FeederVoreMinPrey,RV2_Settings_Keys.xml,keyed,Minimum prey for feeder
RV2_Settings_FineTuning_FeederVoreMinPrey_Tip,The lower bound of prey to be fed into a predator by a feeder,RV2_Settings_FineTuning_FeederVoreMinPrey_Tip,RV2_Settings_Keys.xml,keyed,The lower <ALIMT >bound</ALIMT> of prey to be fed into a predator by a feeder
RV2_Settings_FineTuning_FeederVoreMaxPrey,Maximum prey for feeder,RV2_Settings_FineTuning_FeederVoreMaxPrey,RV2_Settings_Keys.xml,keyed,Maximum prey for feeder
RV2_Settings_FineTuning_FeederVoreMaxPrey_Tip,The upper bound of prey to be fed into a predator by a feeder,RV2_Settings_FineTuning_FeederVoreMaxPrey_Tip,RV2_Settings_Keys.xml,keyed,The upper <ALIMT >bound</ALIMT> of prey to be fed into a predator by a feeder
RV2_Settings_FineTuning_StrugglingCreatesInteractions,Struggle interactions,RV2_Settings_FineTuning_StrugglingCreatesInteractions,RV2_Settings_Keys.xml,keyed,Struggle interactions
RV2_Settings_FineTuning_StrugglingCreatesInteractions_Tip,"Whenever a prey actively struggles inside a predator, this will cause an interaction. This may result in spammed interaction logs.",RV2_Settings_FineTuning_StrugglingCreatesInteractions_Tip,RV2_Settings_Keys.xml,keyed,"Whenever a prey actively struggles inside a predator, this will cause an interaction. This may result in spammed interaction logs."
RV2_Settings_FineTuning_UseAlternativeMainVoreIcon,Use alternative main vore icon,RV2_Settings_FineTuning_UseAlternativeMainVoreIcon,RV2_Settings_Keys.xml,keyed,Use alternative main <ALIMT >vore</ALIMT> icon
RV2_Settings_FineTuning_UseAlternativeMainVoreIcon_Tip,"For true purveyors of art, only the best icon will do!",RV2_Settings_FineTuning_UseAlternativeMainVoreIcon_Tip,RV2_Settings_Keys.xml,keyed,"For true purveyors of art, only the best icon will do!"
RV2_Settings_FineTuning_GoalSwitchNotification,Notification type on switched vore goal,RV2_Settings_FineTuning_GoalSwitchNotification,RV2_Settings_Keys.xml,keyed,Notification type on switched <ALIMT >vore</ALIMT> goal
RV2_Settings_FineTuning_FailedTameVoreNotification,Notification type on failed taming vore,RV2_Settings_FineTuning_FailedTameVoreNotification,RV2_Settings_Keys.xml,keyed,Notification type on failed taming <ALIMT >vore</ALIMT>
RV2_Settings_FineTuning_EjectStunDuration,Stun duration on vore eject,RV2_Settings_FineTuning_EjectStunDuration,RV2_Settings_Keys.xml,keyed,Stun duration on <ALIMT >vore</ALIMT> eject
RV2_Settings_FineTuning_EjectStunDuration_Tip,"Whenever a pawn is released or ejected from a predator, they are stunned for this duration",RV2_Settings_FineTuning_EjectStunDuration_Tip,RV2_Settings_Keys.xml,keyed,"Whenever a <ALIMT >(PH_1)</ALIMT> is released or ejected from a predator, they are stunned for this duration"
RV2_Settings_FineTuning_BlockProposalInitiationDuringWorkTime,Block auto-vore proposals during work-hours,RV2_Settings_FineTuning_BlockProposalInitiationDuringWorkTime,RV2_Settings_Keys.xml,keyed,Block auto-<ALIMT >vore</ALIMT> proposals during work-hours
RV2_Settings_FineTuning_BlockProposalInitiationDuringWorkTime_Tip,"Prevents pawns from proposing to other pawns while they are scheduled to work.\n\nThis does NOT prevent being proposed TO during work time.\n\nDo note that if this is enabled, pawns whose proposal cooldown expires during work hours will immediately propose vore once they ""finish their work shift""",RV2_Settings_FineTuning_BlockProposalInitiationDuringWorkTime_Tip,RV2_Settings_Keys.xml,keyed,"Prevents pawns from proposing to other pawns while they are scheduled to work.<ALIMT >(PH_4)</ALIMT><ALIMT >(PH_3)</ALIMT>This does NOT prevent being proposed TO during work time.<ALIMT >(PH_2)</ALIMT><ALIMT >(PH_1)</ALIMT>Do note that if this is enabled, pawns whose proposal cooldown expires during work hours will immediately propose <ALIMT >vore</ALIMT> once they ""finish their work shift"""
RV2_Settings_FineTuning_AllowVisitorsAsAutoProposalTargets,Allow visitors as auto-proposal targets,RV2_Settings_FineTuning_AllowVisitorsAsAutoProposalTargets,RV2_Settings_Keys.xml,keyed,Allow visitors as auto-proposal targets
RV2_Settings_FineTuning_AllowVisitorsAsAutoProposalTargets_Tip,By default only colonists and colony animals are valid targets for automatic vore proposals,RV2_Settings_FineTuning_AllowVisitorsAsAutoProposalTargets_Tip,RV2_Settings_Keys.xml,keyed,By default only colonists and colony animals are valid targets for automatic <ALIMT >vore</ALIMT> proposals
RV2_Settings_FineTuning_AllowWildAnimalAsAutoProposalTargets,Allow wild animals as auto-proposal targets,RV2_Settings_FineTuning_AllowWildAnimalAsAutoProposalTargets,RV2_Settings_Keys.xml,keyed,Allow wild animals as auto-proposal targets
RV2_Settings_FineTuning_AllowWildAnimalAsAutoProposalTargets_Tip,By default only colonists and colony animals are valid targets for automatic vore proposals,RV2_Settings_FineTuning_AllowWildAnimalAsAutoProposalTargets_Tip,RV2_Settings_Keys.xml,keyed,By default only colonists and colony animals are valid targets for automatic <ALIMT >vore</ALIMT> proposals
RV2_Settings_FineTuning_PredatorAnimalsOnlyUseDigestGoal,Predator animals only use digest goal,RV2_Settings_FineTuning_PredatorAnimalsOnlyUseDigestGoal,RV2_Settings_Keys.xml,keyed,Predator animals only use digest goal
RV2_Settings_FineTuning_PredatorAnimalsOnlyUseDigestGoal_Tip,"Predator animals are animals with the base game predator icon (warg, fox, jaguar, etc.). Whenever they vore someone through normal hunting or grappling, they only use digestive vore. Turning this off means wild animals may non-fatally vore pawns.",RV2_Settings_FineTuning_PredatorAnimalsOnlyUseDigestGoal_Tip,RV2_Settings_Keys.xml,keyed,"Predator animals are animals with the base game predator icon (warg, <ALIMT >fox</ALIMT>, jaguar, etc.). Whenever they <ALIMT >vore</ALIMT> someone through normal hunting or grappling, they only use digestive <ALIMT >vore</ALIMT>. Turning this off means wild animals may non-fatally <ALIMT >vore</ALIMT> pawns."
RV2_Settings_FineTuning_ProposalRange,Proposal range,RV2_Settings_FineTuning_ProposalRange,RV2_Settings_Keys.xml,keyed,Proposal range
RV2_Settings_FineTuning_ProposalRange_Tip,Only pawns within this range will be considered for vore proposals.,RV2_Settings_FineTuning_ProposalRange_Tip,RV2_Settings_Keys.xml,keyed,Only pawns within this range will be considered for <ALIMT >vore</ALIMT> proposals.
RV2_Settings_Sounds_SoundsEnabled,Sounds enabled,RV2_Settings_Sounds_SoundsEnabled,RV2_Settings_Keys.xml,keyed,Sounds enabled
RV2_Settings_Sounds_SoundVolumeModifier,Volume modifier,RV2_Settings_Sounds_SoundVolumeModifier,RV2_Settings_Keys.xml,keyed,Volume modifier
RV2_Settings_Cheats_VoreSpeedMultiplier,Vore speed multiplier,RV2_Settings_Cheats_VoreSpeedMultiplier,RV2_Settings_Keys.xml,keyed,<ALIMT >vore</ALIMT> speed multiplier
RV2_Settings_Cheats_VoreSpeedMultiplier_Tip,"Can be used to speed up many parts of the mod. Some things may not be impacted though, but it should influence swallow speed, passing between vore stages and digestion / processing of pawns.",RV2_Settings_Cheats_VoreSpeedMultiplier_Tip,RV2_Settings_Keys.xml,keyed,"Can be used to speed up many parts of the mod. Some things may not be impacted though, but it should influence swallow speed, passing between <ALIMT >vore</ALIMT> stages and digestion / processing of pawns."
RV2_Settings_Cheats_BodySizeToVoreCapacity,Bodysize to vore capacity ratio,RV2_Settings_Cheats_BodySizeToVoreCapacity,RV2_Settings_Keys.xml,keyed,Bodysize to <ALIMT >vore</ALIMT> capacity ratio
RV2_Settings_Cheats_BodySizeToVoreCapacity_Tip,"This ratio is used to calculate the base vore capacity.\nHumans at BodySize 1 with a ratio of 1.5 have a total vore capacity of 1.5, which fits 10 rats (0.15 BodySize each).",RV2_Settings_Cheats_BodySizeToVoreCapacity_Tip,RV2_Settings_Keys.xml,keyed,"This ratio is used to calculate the base <ALIMT >vore</ALIMT> capacity.<ALIMT >(PH_1)</ALIMT>Humans at BodySize 1 with a ratio of 1.5 have a total <ALIMT >vore</ALIMT> capacity of 1.5, which fits 10 rats (0.15 BodySize each)."
RV2_Settings_Cheats_MinimumVoreCapacity,Minimum vore capacity,RV2_Settings_Cheats_MinimumVoreCapacity,RV2_Settings_Keys.xml,keyed,Minimum <ALIMT >vore</ALIMT> capacity
RV2_Settings_Cheats_MinimumVoreCapacity_Tip,"You can override the calculated ratio with this setting. Every pawn, no matter their size will always have at least THIS much vore capacity.",RV2_Settings_Cheats_MinimumVoreCapacity_Tip,RV2_Settings_Keys.xml,keyed,"You can override the calculated ratio with this setting. Every <ALIMT >(PH_1)</ALIMT>, no matter their size will always have at least THIS much <ALIMT >vore</ALIMT> capacity."
RV2_Settings_Cheats_BaseInitAsPredatorChance,Base chance to initate as predator,RV2_Settings_Cheats_BaseInitAsPredatorChance,RV2_Settings_Keys.xml,keyed,Base chance to initate as predator
RV2_Settings_Cheats_BaseInitAsPredatorChance_Tip,This value serves as the starting point for predator role preference.,RV2_Settings_Cheats_BaseInitAsPredatorChance_Tip,RV2_Settings_Keys.xml,keyed,This value serves as the starting point for predator role preference.
RV2_Settings_Cheats_BaseStripChance,Chance to strip,RV2_Settings_Cheats_BaseStripChance,RV2_Settings_Keys.xml,keyed,Chance to strip
RV2_Settings_Cheats_BaseStripChance_Tip,"This applies to random stripping! So if the predator + prey have decided they want to strip / not strip, this will not affect it!",RV2_Settings_Cheats_BaseStripChance_Tip,RV2_Settings_Keys.xml,keyed,"This applies to random stripping! So if the predator + prey have decided they want to strip / not strip, this will not affect it!"
RV2_Settings_Cheats_FallbackNutritionValue,Fallback nutrition value,RV2_Settings_Cheats_FallbackNutritionValue,RV2_Settings_Keys.xml,keyed,Fallback nutrition value
RV2_Settings_Cheats_FallbackNutritionValue_Tip,"Nutrition value is used to calculate the amount of resources generated from a pawn. This is normally calculated by asking the base game how much ""meat"" the pawn has. This settings serves as a fallback for pawns without meat (mechanoids, etc.)",RV2_Settings_Cheats_FallbackNutritionValue_Tip,RV2_Settings_Keys.xml,keyed,"Nutrition value is used to calculate the amount of resources generated from a <ALIMT >(PH_2)</ALIMT>. This is normally calculated by asking the base game how much ""meat"" the <ALIMT >(PH_1)</ALIMT> has. This settings serves as a fallback for pawns without meat (mechanoids, etc.)"
RV2_Settings_Cheats_PreventStarvingPrey,Prevent starving prey,RV2_Settings_Cheats_PreventStarvingPrey,RV2_Settings_Keys.xml,keyed,Prevent starving prey
RV2_Settings_Cheats_PreventStarvingPrey_Tip,"Normally your prey should never starve, but people keep reporting issues, so this is your last resort to not have prey starve inside of predators. Only enable this if you have issues with starving prey, this basically checks if a prey is starving and then sets their food to 50%",RV2_Settings_Cheats_PreventStarvingPrey_Tip,RV2_Settings_Keys.xml,keyed,"Normally your prey should never starve, but people keep reporting issues, so this is your last resort to not have prey starve inside of predators. Only enable this if you have issues with starving prey, this basically checks if a prey is starving and then sets their food to 50%"
RV2_Settings_Cheats_PreventDrainingPredatorFood,Prevent draining predator food,RV2_Settings_Cheats_PreventDrainingPredatorFood,RV2_Settings_Keys.xml,keyed,Prevent draining predator food
RV2_Settings_Cheats_PreventDrainingPredatorFood_Tip,"Normally prey steal food from their predator, turning this on will not deduct food from the predator, but still add it to the prey.",RV2_Settings_Cheats_PreventDrainingPredatorFood_Tip,RV2_Settings_Keys.xml,keyed,"Normally prey steal food from their predator, turning this on will not deduct food from the predator, but still add it to the prey."
RV2_Settings_Cheats_CanStealFromNullNeed,Can steal from NULL need,RV2_Settings_Cheats_CanStealFromNullNeed,RV2_Settings_Keys.xml,keyed,Can steal from NULL need
RV2_Settings_Cheats_CanStealFromNullNeed_Tip,Whether or not pawns can steal a need value when the other pawn doesn't have that need.\nAllows for stealing food from Mechanoids for example,RV2_Settings_Cheats_CanStealFromNullNeed_Tip,RV2_Settings_Keys.xml,keyed,Whether or not pawns can steal a need value when the other <ALIMT >(PH_2)</ALIMT> doesn't have that need.<ALIMT >(PH_1)</ALIMT>Allows for stealing food from Mechanoids for example
RV2_Settings_Cheats_InternalTemperature,Default internal temperature: ,RV2_Settings_Cheats_InternalTemperature,RV2_Settings_Keys.xml,keyed,Default internal temperature: 
RV2_Settings_Cheats_InternalTemperature_Tip,"The temperature prey will experience while inside a predator.\n\nYou can override this by adding the RimVore2.InternalTemperatureExtension ModExtension to the ThingDef of any race, check RV2s /Patches folder for examples.",RV2_Settings_Cheats_InternalTemperature_Tip,RV2_Settings_Keys.xml,keyed,"The temperature prey will experience while inside a predator.<ALIMT >(PH_2)</ALIMT><ALIMT >(PH_1)</ALIMT>You can override this by adding the RimVore2.InternalTemperatureExtension ModExtension to the ThingDef of any race, check RV2s /Patches folder for examples."
RV2_Settings_Cheats_AcidSavingThrowChance,Likelihood of body parts not being digested,RV2_Settings_Cheats_AcidSavingThrowChance,RV2_Settings_Keys.xml,keyed,Likelihood of body parts not being digested
RV2_Settings_Cheats_AcidSavingThrowChance_Tip,This applies to interrupted vore where the prey has entered the digestion stages and is afflicted with acid hediffs.,RV2_Settings_Cheats_AcidSavingThrowChance_Tip,RV2_Settings_Keys.xml,keyed,This applies to interrupted <ALIMT >vore</ALIMT> where the prey has entered the digestion stages and is afflicted with acid hediffs.
RV2_Settings_Cheats_AcidPityHealthFactor,Damage to body part when not digested,RV2_Settings_Cheats_AcidPityHealthFactor,RV2_Settings_Keys.xml,keyed,Damage to body part when not digested
RV2_Settings_Cheats_AcidPityHealthFactor_Tip,"If the acid did not digest the body part (see above setting), how much damage is applied in relation to the body parts current health?",RV2_Settings_Cheats_AcidPityHealthFactor_Tip,RV2_Settings_Keys.xml,keyed,"If the acid did not digest the body part (see above setting), how much damage is applied in relation to the body parts current health?"
RV2_Settings_Cheats_AcidImplantDamage,Implant damage,RV2_Settings_Cheats_AcidImplantDamage,RV2_Settings_Keys.xml,keyed,Implant damage
RV2_Settings_Cheats_AcidImplantDamage_Tip,Damage applied to undigested implants - relative to current item health.,RV2_Settings_Cheats_AcidImplantDamage_Tip,RV2_Settings_Keys.xml,keyed,Damage applied to undigested implants - relative to current item health.
RV2_Settings_Cheats_ReformedPawnTraitCount,Number of traits for reformed pawns,RV2_Settings_Cheats_ReformedPawnTraitCount,RV2_Settings_Keys.xml,keyed,Number of traits for reformed pawns
RV2_Settings_Cheats_ReformedPawnTraitCount_Tip,"When a pawn is reformed, how many traits can the new pawn have?\nThis does not overwrite the amount of traits naturally generated, only the amount of traits ""inherited"" from the original pawn and the predator doing the reformation",RV2_Settings_Cheats_ReformedPawnTraitCount_Tip,RV2_Settings_Keys.xml,keyed,"When a <ALIMT >(PH_4)</ALIMT> is reformed, how many traits can the new <ALIMT >(PH_3)</ALIMT> have?<ALIMT >(PH_2)</ALIMT>This does not overwrite the amount of traits naturally generated, only the amount of traits ""inherited"" from the original <ALIMT >(PH_1)</ALIMT> and the predator doing the reformation"
RV2_Settings_Cheats_BaseProposalAcceptanceChance,Proposal acceptance chance,RV2_Settings_Cheats_BaseProposalAcceptanceChance,RV2_Settings_Keys.xml,keyed,Proposal acceptance chance
RV2_Settings_Cheats_BaseProposalAcceptanceChance_Tip,The base chance that a vore proposal is accepted.,RV2_Settings_Cheats_BaseProposalAcceptanceChance_Tip,RV2_Settings_Keys.xml,keyed,The base chance that a <ALIMT >vore</ALIMT> proposal is accepted.
RV2_Settings_Cheats_MaxProposalModifierViaQuirks,Max proposal modifier via quirks,RV2_Settings_Cheats_MaxProposalModifierViaQuirks,RV2_Settings_Keys.xml,keyed,Max proposal modifier via quirks
RV2_Settings_Cheats_MaxProposalModifierViaQuirks_Tip,The maximum a proposal can be modified with in regards to preferences.,RV2_Settings_Cheats_MaxProposalModifierViaQuirks_Tip,RV2_Settings_Keys.xml,keyed,The maximum a proposal can be modified with in regards to preferences.
RV2_Settings_Cheats_ProposalModifierPerPreference,Quirk acceptance chance impact,RV2_Settings_Cheats_ProposalModifierPerPreference,RV2_Settings_Keys.xml,keyed,Quirk acceptance chance impact
RV2_Settings_Cheats_ProposalModifierPerPreference_Tip,Each preference quirk points impact to acceptance chance,RV2_Settings_Cheats_ProposalModifierPerPreference_Tip,RV2_Settings_Keys.xml,keyed,Each preference quirk points impact to acceptance chance
RV2_Settings_Cheats_MaxPawnTraits,Maximum pawn traits,RV2_Settings_Cheats_MaxPawnTraits,RV2_Settings_Keys.xml,keyed,Maximum <ALIMT >(PH_1)</ALIMT> traits
RV2_Settings_Cheats_MaxPawnTraits_Tip,"With a special quirk predators may ""steal"" traits from other pawns - this number determines the maximum amount of traits a pawn can have\n\nIncreasing this too much breaks game balance, but if you use trait framework mods you can increase this number",RV2_Settings_Cheats_MaxPawnTraits_Tip,RV2_Settings_Keys.xml,keyed,"With a special quirk predators may ""steal"" traits from other pawns - this number determines the maximum amount of traits a <ALIMT >(PH_3)</ALIMT> can have<ALIMT >(PH_2)</ALIMT><ALIMT >(PH_1)</ALIMT>Increasing this too much breaks game balance, but if you use trait framework mods you can increase this number"
RV2_Settings_Cheats_TraitStealIgnoresLearningFactor,Ignore learning factor,RV2_Settings_Cheats_TraitStealIgnoresLearningFactor,RV2_Settings_Keys.xml,keyed,Ignore learning factor
RV2_Settings_Cheats_TraitStealIgnoresLearningFactor_Tip,"When stealing experience from another pawn the experience points are multiplied with the learning factor (burning passion, etc.)\n\nThis setting can toggle that behaviour off and will apply the raw XP that were actually stolen",RV2_Settings_Cheats_TraitStealIgnoresLearningFactor_Tip,RV2_Settings_Keys.xml,keyed,"When stealing experience from another <ALIMT >(PH_3)</ALIMT> the experience points are multiplied with the learning factor (burning <ALIMT >passion</ALIMT>, etc.)<ALIMT >(PH_2)</ALIMT><ALIMT >(PH_1)</ALIMT>This setting can toggle that behaviour off and will apply the raw XP that were actually stolen"
RV2_Settings_Cheats_DisableFactionImpact,Disable faction impact,RV2_Settings_Cheats_DisableFactionImpact,RV2_Settings_Keys.xml,keyed,Disable faction impact
RV2_Settings_Cheats_DisableFactionImpact_Tip,Fatally voring any pawns from other factions will never impact the faction relations. What an absolute cheater you are.,RV2_Settings_Cheats_DisableFactionImpact_Tip,RV2_Settings_Keys.xml,keyed,Fatally voring any pawns from other factions will never impact the faction relations. What an absolute cheater you are.
RV2_Settings_Cheats_ImplantDestructionChance,Implant destruction chance,RV2_Settings_Cheats_ImplantDestructionChance,RV2_Settings_Keys.xml,keyed,Implant destruction chance
RV2_Settings_Cheats_ImplantDestructionChance_Tip,The global chance for an implant to be destroyed upon digestion,RV2_Settings_Cheats_ImplantDestructionChance_Tip,RV2_Settings_Keys.xml,keyed,The global chance for an implant to be destroyed upon digestion
RV2_Settings_Cheats_DisableMentalStateChecks,Disable mental state checks,RV2_Settings_Cheats_DisableMentalStateChecks,RV2_Settings_Keys.xml,keyed,Disable mental state checks
RV2_Settings_Cheats_DisableMentalStateChecks_Tip,"By default only specific mental states allow a pawn to be vored, enabling this will allow you to vore anyone in a mental state.",RV2_Settings_Cheats_DisableMentalStateChecks_Tip,RV2_Settings_Keys.xml,keyed,"By default only specific mental states allow a <ALIMT >(PH_1)</ALIMT> to be vored, enabling this will allow you to <ALIMT >vore</ALIMT> anyone in a mental state."
RV2_Settings_Cheats_AllowSelfVoreJumpOnPlayerForcedVore,Allow vore jump on player forced vore,RV2_Settings_Cheats_AllowSelfVoreJumpOnPlayerForcedVore,RV2_Settings_Keys.xml,keyed,Allow <ALIMT >vore</ALIMT> jump on player <ALIMT >forced</ALIMT> <ALIMT >vore</ALIMT>
RV2_Settings_Cheats_AllowSelfVoreJumpOnPlayerForcedVore_Tip,Normally vore goal jumping (the predator deciding on their own to switch the goal on their prey) is only possible for auto-vore. Enabling this setting means the players chosen vore goal may be swapped out for something else if the predator has the required quirk.,RV2_Settings_Cheats_AllowSelfVoreJumpOnPlayerForcedVore_Tip,RV2_Settings_Keys.xml,keyed,Normally <ALIMT >vore</ALIMT> goal jumping (the predator deciding on their own to <ALIMT >switch</ALIMT> the goal on their prey) is only possible for auto-<ALIMT >vore</ALIMT>. Enabling this setting means the players chosen <ALIMT >vore</ALIMT> goal may be swapped out for something else if the predator has the required quirk.
RV2_Settings_Cheats_ExternalEjectAlwaysSucceeds,External eject attempts are always successful,RV2_Settings_Cheats_ExternalEjectAlwaysSucceeds,RV2_Settings_Keys.xml,keyed,External eject attempts are always successful
RV2_Settings_Cheats_ExternalEjectAlwaysSucceeds_Tip,Pawns can try to force other predators to eject their prey. This performs a random roll based on the pawns ejection strength stat. This cheat ignores the stat and guarantees success when attempting to eject.,RV2_Settings_Cheats_ExternalEjectAlwaysSucceeds_Tip,RV2_Settings_Keys.xml,keyed,Pawns can try to force other predators to eject their prey. This performs a random roll based on the pawns ejection strength stat. This cheat ignores the stat and guarantees success when attempting to eject.
RV2_Settings_Cheats_AllowMultipleExternalEjectAttempts,Allow multiple external eject attempts,RV2_Settings_Cheats_AllowMultipleExternalEjectAttempts,RV2_Settings_Keys.xml,keyed,Allow multiple external eject attempts
RV2_Settings_Cheats_AllowMultipleExternalEjectAttempts_Tip,Normally only one attempt to eject another predators prey is allowed.,RV2_Settings_Cheats_AllowMultipleExternalEjectAttempts_Tip,RV2_Settings_Keys.xml,keyed,Normally only one attempt to eject another predators prey is allowed.
RV2_Settings_General_DisplayUnavailableRMBOptions,Display invalid RMB options,RV2_Settings_General_DisplayUnavailableRMBOptions,RV2_Settings_Keys.xml,keyed,Display invalid RMB options
RV2_Settings_General_DisplayUnavailableRMBOptions_Tip,Toggle showing unavailable vores with their given reason in the RMB menu,RV2_Settings_General_DisplayUnavailableRMBOptions_Tip,RV2_Settings_Keys.xml,keyed,Toggle showing unavailable vores with their given reason in the RMB menu
RV2_Settings_General_ResetAllSettings,Reset all settings,RV2_Settings_General_ResetAllSettings,RV2_Settings_Keys.xml,keyed,Reset all settings
RV2_Settings_General_ResetGeneralSettings,Reset general settings,RV2_Settings_General_ResetGeneralSettings,RV2_Settings_Keys.xml,keyed,Reset general settings
RV2_Settings_General_FeederVore_Tip,"Will allow you to ""Reserve"" a pawn as prey and then make a third pawn feed that reserved prey to a predator.",RV2_Settings_General_FeederVore_Tip,RV2_Settings_Keys.xml,keyed,"Will allow you to ""Reserve"" a <ALIMT >(PH_2)</ALIMT> as prey and then make a third <ALIMT >(PH_1)</ALIMT> feed that reserved prey to a predator."
RV2_Settings_Ideology_AutoVoreInterceptChance,Ideology role intercept chance,RV2_Settings_Ideology_AutoVoreInterceptChance,RV2_Settings_Keys.xml,keyed,Ideology role intercept chance
RV2_Settings_Ideology_AutoVoreInterceptChance_Tip,"The chance that - if one is available - a chosen prey or alpha predator make auto-voring pawns target them and use the appropriate role on them. (eg If chosen prey available, pick it and set proposal to Predator role)",RV2_Settings_Ideology_AutoVoreInterceptChance_Tip,RV2_Settings_Keys.xml,keyed,"The chance that - if one is available - a chosen prey or alpha predator make auto-voring pawns target them and use the appropriate role on them. (eg If chosen prey available, pick it and set proposal to Predator role)"
RV2_Settings_Ideology_VoreFeastProposalAcceptanceModifier,Ritual proposal modifier,RV2_Settings_Ideology_VoreFeastProposalAcceptanceModifier,RV2_Settings_Keys.xml,keyed,Ritual proposal modifier
RV2_Settings_Ideology_VoreFeastProposalAcceptanceModifier_Tip,"In a vore feast, all participants spam vore proposals at each other, this can be used to make the voring happen faster and otherwise make proposals made in rituals more likely to be accepted",RV2_Settings_Ideology_VoreFeastProposalAcceptanceModifier_Tip,RV2_Settings_Keys.xml,keyed,"In a <ALIMT >vore</ALIMT> feast, all participants spam <ALIMT >vore</ALIMT> proposals at each other, this can be used to make the voring happen faster and otherwise make proposals made in rituals more likely to be accepted"
RV2_Settings_Combat_GrappleVerbSelectionBaseChance,Grapple move chance,RV2_Settings_Combat_GrappleVerbSelectionBaseChance,RV2_Settings_Keys.xml,keyed,Grapple move chance
RV2_Settings_Combat_GrappleVerbSelectionBaseChance_Tip,"The base % chance that the grapple verb is used when two pawns are in combat. This chance is further modified by quirks.\n\nEven if you set this to 100% the game might not pick the grapple, this is because base game calculates verb selection based on weight - there is currently no way of forcing a 100% chance to pick this quirk without breaking other mods, but a 100% weight will favor the grapple move heavily",RV2_Settings_Combat_GrappleVerbSelectionBaseChance_Tip,RV2_Settings_Keys.xml,keyed,"The base % chance that the grapple verb is used when two pawns are in combat. This chance is further modified by quirks.<ALIMT >(PH_2)</ALIMT><ALIMT >(PH_1)</ALIMT>Even if you set this to 100% the game might not pick the grapple, this is because base game calculates verb selection based on weight - there is currently no way of forcing a 100% chance to pick this quirk without breaking other mods, but a 100% weight will favor the grapple move heavily"
RV2_Settings_Combat_GrappleVerbSelectionMaxChance,Max grapple move chance,RV2_Settings_Combat_GrappleVerbSelectionMaxChance,RV2_Settings_Keys.xml,keyed,Max grapple move chance
RV2_Settings_Combat_GrappleVerbSelectionMaxChance_Tip,"The maximum weight that the verb can receive through modifiers. Base game is very very odd with how verb selection weights work, settings this value too high may result in odd combat behaviour!",RV2_Settings_Combat_GrappleVerbSelectionMaxChance_Tip,RV2_Settings_Keys.xml,keyed,"The maximum weight that the verb can receive through modifiers. Base game is very very odd with how verb selection weights work, settings this value too high may result in odd combat behaviour!"
RV2_Settings_Combat_GrappleStrengthMeleeSkillDivider,Melee Strength divider,RV2_Settings_Combat_GrappleStrengthMeleeSkillDivider,RV2_Settings_Keys.xml,keyed,Melee Strength divider
RV2_Settings_Combat_GrappleStrengthMeleeSkillDivider_Tip,"The grapple strength of a pawn is divided by this value times their melee skill.\n\nExample: \nDefault divider of 5, Pawn has melee skill 7, base grapple strength is 10 -> (7/5)*10 = 14",RV2_Settings_Combat_GrappleStrengthMeleeSkillDivider_Tip,RV2_Settings_Keys.xml,keyed,"The grapple strength of a <ALIMT >(PH_4)</ALIMT> is divided by this value times their melee skill.<ALIMT >(PH_3)</ALIMT><ALIMT >(PH_2)</ALIMT>Example: <ALIMT >(PH_1)</ALIMT>Default divider of 5, Pawn has melee skill 7, base grapple strength is 10 -> (7/5)*10 = 14"
RV2_Settings_Combat_UseAutoRules,Use auto vore rules,RV2_Settings_Combat_UseAutoRules,RV2_Settings_Keys.xml,keyed,Use auto <ALIMT >vore</ALIMT> rules
RV2_Settings_Combat_UseAutoRules_Tip,"Whether or not the grapple validation logic should use the rules flagges as ""auto vore"" or not",RV2_Settings_Combat_UseAutoRules_Tip,RV2_Settings_Keys.xml,keyed,"Whether or not the grapple validation logic should use the rules flagges as ""auto <ALIMT >vore</ALIMT>"" or not"
RV2_Settings_Combat_DefaultRequiredStruggles,Fallback required struggles,RV2_Settings_Combat_DefaultRequiredStruggles,RV2_Settings_Keys.xml,keyed,Fallback required struggles
RV2_Settings_Combat_DefaultRequiredStruggles_Tip,The amount of successful struggles required for a prey to break free from their predator\n\nThis value will be used as the fallback value for VorePath rules where the VorePathDef does not provide its own defaultRequiredStruggles value,RV2_Settings_Combat_DefaultRequiredStruggles_Tip,RV2_Settings_Keys.xml,keyed,The amount of successful struggles required for a prey to break free from their predator<ALIMT >(PH_2)</ALIMT><ALIMT >(PH_1)</ALIMT>This value will be used as the fallback value for VorePath rules where the VorePathDef does not provide its own defaultRequiredStruggles value
RV2_Settings_Combat_DefaultStruggleChance,Successful struggle chance,RV2_Settings_Combat_DefaultStruggleChance,RV2_Settings_Keys.xml,keyed,Successful struggle chance
RV2_Settings_Combat_DefaultStruggleChance_Tip,The chance that a pawn manages to do a successful struggle during a vore tick. This is NOT the total chance of a prey to break free during struggling!\n\nIf you want a mechanic like that you can set the amount of required struggles to 0 and then lower this chance to a very low value.,RV2_Settings_Combat_DefaultStruggleChance_Tip,RV2_Settings_Keys.xml,keyed,The chance that a <ALIMT >(PH_3)</ALIMT> manages to do a successful struggle during a <ALIMT >vore</ALIMT> tick. This is NOT the total chance of a prey to break free during struggling!<ALIMT >(PH_2)</ALIMT><ALIMT >(PH_1)</ALIMT>If you want a mechanic like that you can set the amount of required struggles to 0 and then lower this chance to a very low value.
RV2_Settings_Combat_GrapplePawnsShareCell,Grappling pawns share cell,RV2_Settings_Combat_GrapplePawnsShareCell,RV2_Settings_Keys.xml,keyed,Grappling pawns share cell
RV2_Settings_Combat_GrapplePawnsShareCell_Tip,"During vore grapples the attacker and defender are placed on the same cell, when the vore combat stops they will automatically be ""pushed"" out of that cell in a random direction by the game. This may lead to your pawns getting out-of-position during combat, so you can turn it off.\n\nThis adds realism and looks neat, so you are very uncool if you turn this off B)",RV2_Settings_Combat_GrapplePawnsShareCell_Tip,RV2_Settings_Keys.xml,keyed,"During <ALIMT >vore</ALIMT> grapples the attacker and defender are placed on the same cell, when the <ALIMT >vore</ALIMT> combat stops they will automatically be ""pushed"" out of that cell in a random direction by the game. This may lead to your pawns getting out-of-position during combat, so you can turn it off.<ALIMT >(PH_2)</ALIMT><ALIMT >(PH_1)</ALIMT>This adds realism and looks neat, so you are very uncool if you turn this off B)"
RV2_Settings_Combat_GrappleFailureStunDuration,Grapple failure stun duration,RV2_Settings_Combat_GrappleFailureStunDuration,RV2_Settings_Keys.xml,keyed,Grapple failure stun duration
RV2_Settings_Combat_GrappleFailureStunDuration_Tip,How long (in ticks) an attacker is stunned when their vore grapple fails,RV2_Settings_Combat_GrappleFailureStunDuration_Tip,RV2_Settings_Keys.xml,keyed,How long (in ticks) an attacker is stunned when their <ALIMT >vore</ALIMT> grapple fails
RV2_Settings_Combat_UseGrappleGizmoEnabled,"""Use Grapple"" Gizmo",RV2_Settings_Combat_UseGrappleGizmoEnabled,RV2_Settings_Keys.xml,keyed,"""Use Grapple"" Gizmo"
RV2_Settings_Combat_ToggleGrappleGizmoEnabled,"""Toggle Free Grapple Use"" Gizmo",RV2_Settings_Combat_ToggleGrappleGizmoEnabled,RV2_Settings_Keys.xml,keyed,"""Toggle Free Grapple Use"" Gizmo"
RV2_Settings_Combat_GrappleCanTimeout,Grapple can time-out,RV2_Settings_Combat_GrappleCanTimeout,RV2_Settings_Keys.xml,keyed,Grapple can time-out
RV2_Settings_Combat_GrappleCanTimeout_Tip,"This refers to started grapple-fights, if they are not finished before the time-out, the initiator will lose the grapple",RV2_Settings_Combat_GrappleCanTimeout_Tip,RV2_Settings_Keys.xml,keyed,"This refers to started grapple-fights, if they are not finished before the time-out, the initiator will lose the grapple"
RV2_Settings_Combat_GrappleTimeoutTicks,Grapple timeout ticks,RV2_Settings_Combat_GrappleTimeoutTicks,RV2_Settings_Keys.xml,keyed,Grapple timeout ticks
RV2_Settings_Combat_GrappleTimeoutTicks_Tip,The time needed before a grapple times out.,RV2_Settings_Combat_GrappleTimeoutTicks_Tip,RV2_Settings_Keys.xml,keyed,The time needed before a grapple times out.
RV2_Settings_Combat_GrappleTimeoutExplanation,Grapples will time-out after {0},RV2_Settings_Combat_GrappleTimeoutExplanation,RV2_Settings_Keys.xml,keyed,Grapples will time-out after <ALIMT >(PH_1)</ALIMT>
RV2_Settings_General_StrippingRandom,Random,RV2_Settings_General_StrippingRandom,RV2_Settings_Keys.xml,keyed,Random
RV2_Settings_General_StrippingRandom_Tip,There will be a 50% chance to strip or not strip,RV2_Settings_General_StrippingRandom_Tip,RV2_Settings_Keys.xml,keyed,There will be a 50% chance to strip or not strip
RV2_Settings_General_StrippingAlways,Always strip,RV2_Settings_General_StrippingAlways,RV2_Settings_Keys.xml,keyed,Always strip
RV2_Settings_General_StrippingAlways_Tip,The prey will always undress by default,RV2_Settings_General_StrippingAlways_Tip,RV2_Settings_Keys.xml,keyed,The prey will always undress by default
RV2_Settings_General_StrippingNever,Never strip,RV2_Settings_General_StrippingNever,RV2_Settings_Keys.xml,keyed,Never strip
RV2_Settings_General_StrippingNever_Tip,The prey will never undress by default,RV2_Settings_General_StrippingNever_Tip,RV2_Settings_Keys.xml,keyed,The prey will never undress by default
RV2_Settings_MessageNeutral,Neutral Message,RV2_Settings_MessageNeutral,RV2_Settings_Keys.xml,keyed,Neutral Message
RV2_Settings_MessageThreatSmall,Small Threat Message,RV2_Settings_MessageThreatSmall,RV2_Settings_Keys.xml,keyed,Small Threat Message
RV2_Settings_MessageThreatBig,Big Threat Message,RV2_Settings_MessageThreatBig,RV2_Settings_Keys.xml,keyed,Big Threat Message
RV2_Settings_Letter,Letter,RV2_Settings_Letter,RV2_Settings_Keys.xml,keyed,Letter
RV2_Settings_LetterThreatSmall,Small Threat Letter,RV2_Settings_LetterThreatSmall,RV2_Settings_Keys.xml,keyed,Small Threat Letter
RV2_Settings_LetterThreatBig,Big Threat Letter,RV2_Settings_LetterThreatBig,RV2_Settings_Keys.xml,keyed,Big Threat Letter
RV2_Settings_Designations_Category,RimVore-2 [B] Designations,RV2_Settings_Designations_Category,RV2_Settings_Keys.xml,keyed,RimVore-2 <ALIMT >(PH_1)</ALIMT> Designations
RV2_Settings_Designations_ResetDesignations,Reset designations,RV2_Settings_Designations_ResetDesignations,RV2_Settings_Keys.xml,keyed,Reset designations
RV2_Settings_Designations_MinimumAge,Minimum age for vore,RV2_Settings_Designations_MinimumAge,RV2_Settings_Keys.xml,keyed,Minimum age for <ALIMT >vore</ALIMT>
RV2_Settings_Designations_ColonyRelationOptions,DEFAULTS for roles,RV2_Settings_Designations_ColonyRelationOptions,RV2_Settings_Keys.xml,keyed,DEFAULTS for roles
RV2_Settings_Designations_RaceVoreOptions,OVERRIDES for custom races,RV2_Settings_Designations_RaceVoreOptions,RV2_Settings_Keys.xml,keyed,OVERRIDES for custom races
RV2_Settings_Designations_AnimalVoreOptions,OVERRIDES for animals,RV2_Settings_Designations_AnimalVoreOptions,RV2_Settings_Keys.xml,keyed,OVERRIDES for animals
RV2_Settings_Designations_NoHAR,No Humanoid Alien Races loaded,RV2_Settings_Designations_NoHAR,RV2_Settings_Keys.xml,keyed,No Humanoid Alien Races loaded
RV2_Settings_Designations_DesignatedPredator,Is predator,RV2_Settings_Designations_DesignatedPredator,RV2_Settings_Keys.xml,keyed,Is predator
RV2_Settings_Designations_DesignatedEndoPrey,Is endo prey,RV2_Settings_Designations_DesignatedEndoPrey,RV2_Settings_Keys.xml,keyed,Is endo prey
RV2_Settings_Designations_DesignatedFatalPrey,Is fatal prey,RV2_Settings_Designations_DesignatedFatalPrey,RV2_Settings_Keys.xml,keyed,Is fatal prey
RV2_Settings_Designations_IgnoreMinimumAge,Ignore minimum age,RV2_Settings_Designations_IgnoreMinimumAge,RV2_Settings_Keys.xml,keyed,Ignore minimum age
RV2_Settings_Designations_RelationKey_Base,Base,RV2_Settings_Designations_RelationKey_Base,RV2_Settings_Keys.xml,keyed,Base
RV2_Settings_Designations_RelationKey_Colonist,Colonist,RV2_Settings_Designations_RelationKey_Colonist,RV2_Settings_Keys.xml,keyed,Colonist
RV2_Settings_Designations_RelationKey_TemporaryColonist,Temporary Colonist,RV2_Settings_Designations_RelationKey_TemporaryColonist,RV2_Settings_Keys.xml,keyed,Temporary Colonist
RV2_Settings_Designations_RelationKey_Prisoner,Prisoner,RV2_Settings_Designations_RelationKey_Prisoner,RV2_Settings_Keys.xml,keyed,Prisoner
RV2_Settings_Designations_RelationKey_Raider,Raider,RV2_Settings_Designations_RelationKey_Raider,RV2_Settings_Keys.xml,keyed,Raider
RV2_Settings_Designations_RelationKey_Visitor,Visitor,RV2_Settings_Designations_RelationKey_Visitor,RV2_Settings_Keys.xml,keyed,Visitor
RV2_Settings_Designations_RelationKey_Trader,Trader,RV2_Settings_Designations_RelationKey_Trader,RV2_Settings_Keys.xml,keyed,Trader
RV2_Settings_Designations_RelationKey_Mechanoid,Mechanoid,RV2_Settings_Designations_RelationKey_Mechanoid,RV2_Settings_Keys.xml,keyed,Mechanoid
RV2_Settings_Designations_RelationKey_WildAnimal,Wild Animal,RV2_Settings_Designations_RelationKey_WildAnimal,RV2_Settings_Keys.xml,keyed,Wild Animal
RV2_Settings_Designations_RelationKey_ColonyAnimal,Colony Animal,RV2_Settings_Designations_RelationKey_ColonyAnimal,RV2_Settings_Keys.xml,keyed,Colony Animal
RV2_Settings_Designations_RelationKey_WildMan,Wild Human,RV2_Settings_Designations_RelationKey_WildMan,RV2_Settings_Keys.xml,keyed,Wild Human
RV2_Settings_Quirks_Category,RimVore-2 [C] Quirks,RV2_Settings_Quirks_Category,RV2_Settings_Keys.xml,keyed,RimVore-2 <ALIMT >(PH_1)</ALIMT> Quirks
RV2_Settings_Quirks_Pools_Header,Quirk pools,RV2_Settings_Quirks_Pools_Header,RV2_Settings_Keys.xml,keyed,Quirk pools
RV2_Settings_Quirks_PoolInfo_Header,Quirk pool info,RV2_Settings_Quirks_PoolInfo_Header,RV2_Settings_Keys.xml,keyed,Quirk pool info
RV2_Settings_Quirks_QuirkInfo_Header,Quirk info,RV2_Settings_Quirks_QuirkInfo_Header,RV2_Settings_Keys.xml,keyed,Quirk info
RV2_Settings_Quirks_ResetQuirks,Reset quirks and pools,RV2_Settings_Quirks_ResetQuirks,RV2_Settings_Keys.xml,keyed,Reset quirks and pools
RV2_Settings_ResetAllRaritiesPoolList,Reset all quirk rarities in all pools,RV2_Settings_ResetAllRaritiesPoolList,RV2_Settings_Keys.xml,keyed,Reset all quirk rarities in all pools
RV2_Settings_ResetAllRaritiesPool,Reset all quirk rarities in pool,RV2_Settings_ResetAllRaritiesPool,RV2_Settings_Keys.xml,keyed,Reset all quirk rarities in pool
RV2_Settings_SetAllRaritiesPool,Set all quirk rarities in pool,RV2_Settings_SetAllRaritiesPool,RV2_Settings_Keys.xml,keyed,Set all quirk rarities in pool
RV2_Settings_SetAllRaritiesPool_Tip,All quirks in this pool will be set to the given rarity,RV2_Settings_SetAllRaritiesPool_Tip,RV2_Settings_Keys.xml,keyed,All quirks in this pool will be set to the given rarity
RV2_Settings_Quirks_PoolInfo_Enabled,Enabled?,RV2_Settings_Quirks_PoolInfo_Enabled,RV2_Settings_Keys.xml,keyed,Enabled?
RV2_Settings_Quirks_PoolInfo_NoPoolSelected,No pool selected,RV2_Settings_Quirks_PoolInfo_NoPoolSelected,RV2_Settings_Keys.xml,keyed,No pool selected
RV2_Settings_Quirks_PoolInfo_PoolName,Name: ,RV2_Settings_Quirks_PoolInfo_PoolName,RV2_Settings_Keys.xml,keyed,Name: 
RV2_Settings_Quirks_PoolInfo_PoolType,Pool Type: ,RV2_Settings_Quirks_PoolInfo_PoolType,RV2_Settings_Keys.xml,keyed,Pool Type: 
RV2_Settings_Quirks_PoolInfo_GenerationOrder,Generation index: ,RV2_Settings_Quirks_PoolInfo_GenerationOrder,RV2_Settings_Keys.xml,keyed,Generation index: 
RV2_Settings_Quirks_PoolInfo_Description,Description:,RV2_Settings_Quirks_PoolInfo_Description,RV2_Settings_Keys.xml,keyed,Description:
RV2_Settings_Quirks_PoolInfo_Quirks,Quirks:,RV2_Settings_Quirks_PoolInfo_Quirks,RV2_Settings_Keys.xml,keyed,Quirks:
RV2_Settings_Quirks_QuirkInfo_Enabled,Enabled?,RV2_Settings_Quirks_QuirkInfo_Enabled,RV2_Settings_Keys.xml,keyed,Enabled?
RV2_Settings_Quirks_QuirkInfo_NoQuirkSelected,No quirk selected,RV2_Settings_Quirks_QuirkInfo_NoQuirkSelected,RV2_Settings_Keys.xml,keyed,No quirk selected
RV2_Settings_Quirks_PoolInfo_Chance,Chance: ,RV2_Settings_Quirks_PoolInfo_Chance,RV2_Settings_Keys.xml,keyed,Chance: 
RV2_Settings_Quirks_PoolInfo_Weight,Weight: ,RV2_Settings_Quirks_PoolInfo_Weight,RV2_Settings_Keys.xml,keyed,Weight: 
RV2_Settings_Quirks_PoolInfo_Rarity,Rarity: ,RV2_Settings_Quirks_PoolInfo_Rarity,RV2_Settings_Keys.xml,keyed,Rarity: 
RV2_Settings_Quirks_PoolInfo_Rarity_TipOverriden,This rarity has been overriden and does not represent the intended rarity in the QuirkDef!,RV2_Settings_Quirks_PoolInfo_Rarity_TipOverriden,RV2_Settings_Keys.xml,keyed,This rarity has been overriden and does not represent the intended rarity in the QuirkDef!
RV2_Settings_Quirks_PoolInfo_Rarity_TipDefault,This rarity is equal to the intended rarity in the QuirkDef,RV2_Settings_Quirks_PoolInfo_Rarity_TipDefault,RV2_Settings_Keys.xml,keyed,This rarity is equal to the intended rarity in the QuirkDef
RV2_Settings_Quirks_RequiredQuirks,Required quirks:,RV2_Settings_Quirks_RequiredQuirks,RV2_Settings_Keys.xml,keyed,Required quirks:
RV2_Settings_Quirks_BlockingQuirks,Blocking quirks:,RV2_Settings_Quirks_BlockingQuirks,RV2_Settings_Keys.xml,keyed,Blocking quirks:
RV2_Settings_Quirks_RequiredTraits,Required traits:,RV2_Settings_Quirks_RequiredTraits,RV2_Settings_Keys.xml,keyed,Required traits:
RV2_Settings_Quirks_BlockingTraits,Blocking traits:,RV2_Settings_Quirks_BlockingTraits,RV2_Settings_Keys.xml,keyed,Blocking traits:
RV2_Settings_Quirks_RequiredKeywords,Required keywords:,RV2_Settings_Quirks_RequiredKeywords,RV2_Settings_Keys.xml,keyed,Required keywords:
RV2_Settings_Quirks_BlockingKeywords,Blocking keywords:,RV2_Settings_Quirks_BlockingKeywords,RV2_Settings_Keys.xml,keyed,Blocking keywords:
RV2_Settings_Quirks_ListNone,None,RV2_Settings_Quirks_ListNone,RV2_Settings_Keys.xml,keyed,None
RV2_Settings_Quirks_QuirkPoolFilter,Quirk pool filter,RV2_Settings_Quirks_QuirkPoolFilter,RV2_Settings_Keys.xml,keyed,Quirk pool filter
RV2_Settings_Quirks_QuirkFilter,Quirk / rarity filter,RV2_Settings_Quirks_QuirkFilter,RV2_Settings_Keys.xml,keyed,Quirk / rarity filter
RV2_Settings_Rules_Category,RimVore-2 [B] Rules,RV2_Settings_Rules_Category,RV2_Settings_Keys.xml,keyed,RimVore-2 <ALIMT >(PH_1)</ALIMT> Rules
RV2_Settings_Rules_RulesHeader,Rules,RV2_Settings_Rules_RulesHeader,RV2_Settings_Keys.xml,keyed,Rules
RV2_Settings_Rules_Reset,Reset rules,RV2_Settings_Rules_Reset,RV2_Settings_Keys.xml,keyed,Reset rules
RV2_Settings_Rules_SavePreset,Save preset,RV2_Settings_Rules_SavePreset,RV2_Settings_Keys.xml,keyed,Save preset
RV2_Settings_Rules_LoadPreset,Load preset,RV2_Settings_Rules_LoadPreset,RV2_Settings_Keys.xml,keyed,Load preset
RV2_Settings_Rules_RemovePreset,Remove preset,RV2_Settings_Rules_RemovePreset,RV2_Settings_Keys.xml,keyed,Remove preset
RV2_Settings_Rules_PresetName,Name: ,RV2_Settings_Rules_PresetName,RV2_Settings_Keys.xml,keyed,Name: 
RV2_Settings_Rules_TargetHeader,Target criteria,RV2_Settings_Rules_TargetHeader,RV2_Settings_Keys.xml,keyed,Target criteria
RV2_Settings_Rules_Target_PawnPickerNoMapActive,"When playing on a map, you can select a pawn here to use as an example for the rules",RV2_Settings_Rules_Target_PawnPickerNoMapActive,RV2_Settings_Keys.xml,keyed,"When playing on a map, you can select a <ALIMT >(PH_1)</ALIMT> here to use as an example for the rules"
RV2_Settings_Rules_Target_PawnPickerLabel,Currently selected pawn: ,RV2_Settings_Rules_Target_PawnPickerLabel,RV2_Settings_Keys.xml,keyed,Currently selected <ALIMT >(PH_1)</ALIMT>: 
RV2_Settings_Rules_Target_PawnPickerPickNew,Pick new,RV2_Settings_Rules_Target_PawnPickerPickNew,RV2_Settings_Keys.xml,keyed,Pick new
RV2_Settings_Rules_Target_PawnPickerUnselect,Unselect,RV2_Settings_Rules_Target_PawnPickerUnselect,RV2_Settings_Keys.xml,keyed,Unselect
RV2_Settings_Rule_RuleTargetComponent_Inverted,Inverted,RV2_Settings_Rule_RuleTargetComponent_Inverted,RV2_Settings_Keys.xml,keyed,Inverted
RV2_Settings_Rule_RuleTargetComponent_NewComponent,New Component,RV2_Settings_Rule_RuleTargetComponent_NewComponent,RV2_Settings_Keys.xml,keyed,New Component
RV2_Settings_Rule_RuleTargetComponent_Everyone,Everyone,RV2_Settings_Rule_RuleTargetComponent_Everyone,RV2_Settings_Keys.xml,keyed,Everyone
RV2_Settings_Rule_RuleTargetComponent_ColonyRelation,Colony Relation,RV2_Settings_Rule_RuleTargetComponent_ColonyRelation,RV2_Settings_Keys.xml,keyed,Colony Relation
RV2_Settings_Rule_RuleTargetComponent_Race,Race,RV2_Settings_Rule_RuleTargetComponent_Race,RV2_Settings_Keys.xml,keyed,Race
RV2_Settings_Rule_RuleTargetComponent_AnimalRace,Animal Race,RV2_Settings_Rule_RuleTargetComponent_AnimalRace,RV2_Settings_Keys.xml,keyed,Animal Race
RV2_Settings_Rule_RuleTargetComponent_Diet,Diet,RV2_Settings_Rule_RuleTargetComponent_Diet,RV2_Settings_Keys.xml,keyed,Diet
RV2_Settings_Rule_RuleTargetComponent_Gender,Gender,RV2_Settings_Rule_RuleTargetComponent_Gender,RV2_Settings_Keys.xml,keyed,Gender
RV2_Settings_Rule_RuleTargetComponent_WorkType,Work Type,RV2_Settings_Rule_RuleTargetComponent_WorkType,RV2_Settings_Keys.xml,keyed,Work Type
RV2_Settings_Rule_RuleTargetComponent_Precept,Ideology Precept,RV2_Settings_Rule_RuleTargetComponent_Precept,RV2_Settings_Keys.xml,keyed,Ideology Precept
RV2_Settings_Rule_RuleTargetComponent_Hediff,Hediff,RV2_Settings_Rule_RuleTargetComponent_Hediff,RV2_Settings_Keys.xml,keyed,Hediff
RV2_Settings_Rule_RuleTargetComponent_Ability,Ability,RV2_Settings_Rule_RuleTargetComponent_Ability,RV2_Settings_Keys.xml,keyed,Ability
RV2_Settings_Rule_RuleTargetComponent_Apparel,Apparel,RV2_Settings_Rule_RuleTargetComponent_Apparel,RV2_Settings_Keys.xml,keyed,Apparel
RV2_Settings_Rule_RuleTargetComponent_Quirk,Quirk,RV2_Settings_Rule_RuleTargetComponent_Quirk,RV2_Settings_Keys.xml,keyed,Quirk
RV2_Settings_Rule_RuleTargetComponent_RoyalTitle_Faction,Faction,RV2_Settings_Rule_RuleTargetComponent_RoyalTitle_Faction,RV2_Settings_Keys.xml,keyed,Faction
RV2_Settings_Rule_RuleTargetComponent_RoyalTitle,Royal Title,RV2_Settings_Rule_RuleTargetComponent_RoyalTitle,RV2_Settings_Keys.xml,keyed,Royal Title
RV2_Settings_Rule_RuleTargetComponent_Xenotype,Xenotype,RV2_Settings_Rule_RuleTargetComponent_Xenotype,RV2_Settings_Keys.xml,keyed,Xenotype
RV2_Settings_Rule_RuleTargetComponent_Combinator,Combination,RV2_Settings_Rule_RuleTargetComponent_Combinator,RV2_Settings_Keys.xml,keyed,Combination
RV2_Settings_Rule_RuleTargetComponent_Combinator_And,And,RV2_Settings_Rule_RuleTargetComponent_Combinator_And,RV2_Settings_Keys.xml,keyed,And
RV2_Settings_Rule_RuleTargetComponent_Combinator_Or,Or,RV2_Settings_Rule_RuleTargetComponent_Combinator_Or,RV2_Settings_Keys.xml,keyed,Or
RV2_Settings_Rule_RuleExplanation_NoPawnSelected,Select a pawn to see if the rules would apply to them.,RV2_Settings_Rule_RuleExplanation_NoPawnSelected,RV2_Settings_Keys.xml,keyed,Select a <ALIMT >(PH_1)</ALIMT> to see if the rules would apply to them.
RV2_Settings_Rule_RuleExplanation_Everyone,Always applies,RV2_Settings_Rule_RuleExplanation_Everyone,RV2_Settings_Keys.xml,keyed,Always applies
RV2_Settings_Rule_RuleExplanation_ColonyRelation,{0} has these relations: {1},RV2_Settings_Rule_RuleExplanation_ColonyRelation,RV2_Settings_Keys.xml,keyed,<ALIMT >(PH_2)</ALIMT> has these relations: <ALIMT >(PH_1)</ALIMT>
RV2_Settings_Rule_RuleExplanation_Race,{0} has race: {1},RV2_Settings_Rule_RuleExplanation_Race,RV2_Settings_Keys.xml,keyed,<ALIMT >(PH_2)</ALIMT> has race: <ALIMT >(PH_1)</ALIMT>
RV2_Settings_Rule_RuleExplanation_NotAnimal,{0} is not an animal,RV2_Settings_Rule_RuleExplanation_NotAnimal,RV2_Settings_Keys.xml,keyed,<ALIMT >(PH_1)</ALIMT> is not an animal
RV2_Settings_Rule_RuleExplanation_AnimalRace,{0} is animal pawn kind: {1},RV2_Settings_Rule_RuleExplanation_AnimalRace,RV2_Settings_Keys.xml,keyed,<ALIMT >(PH_3)</ALIMT> is animal <ALIMT >(PH_2)</ALIMT> kind: <ALIMT >(PH_1)</ALIMT>
RV2_Settings_Rule_RuleExplanation_Diet,{0} has diet: {1},RV2_Settings_Rule_RuleExplanation_Diet,RV2_Settings_Keys.xml,keyed,<ALIMT >(PH_2)</ALIMT> has diet: <ALIMT >(PH_1)</ALIMT>
RV2_Settings_Rule_RuleExplanation_Gender,{0} has gender: {1},RV2_Settings_Rule_RuleExplanation_Gender,RV2_Settings_Keys.xml,keyed,<ALIMT >(PH_2)</ALIMT> has gender: <ALIMT >(PH_1)</ALIMT>
RV2_Settings_Rule_RuleExplanation_WorkType_NeverWorks,{0} never works,RV2_Settings_Rule_RuleExplanation_WorkType_NeverWorks,RV2_Settings_Keys.xml,keyed,<ALIMT >(PH_1)</ALIMT> never works
RV2_Settings_Rule_RuleExplanation_WorkType,{0} has work types: {1},RV2_Settings_Rule_RuleExplanation_WorkType,RV2_Settings_Keys.xml,keyed,<ALIMT >(PH_2)</ALIMT> has work types: <ALIMT >(PH_1)</ALIMT>
RV2_Settings_Rule_RuleExplanation_Precept_NoIdeo,{0} has no ideology,RV2_Settings_Rule_RuleExplanation_Precept_NoIdeo,RV2_Settings_Keys.xml,keyed,<ALIMT >(PH_1)</ALIMT> has no ideology
RV2_Settings_Rule_RuleExplanation_Precept,{0}'s ideology {1} has precepts: {2},RV2_Settings_Rule_RuleExplanation_Precept,RV2_Settings_Keys.xml,keyed,<ALIMT >(PH_3)</ALIMT>'s ideology <ALIMT >(PH_2)</ALIMT> has precepts: <ALIMT >(PH_1)</ALIMT>
RV2_Settings_Rule_RuleExplanation_Hediff_NoHealth,{0} has no health,RV2_Settings_Rule_RuleExplanation_Hediff_NoHealth,RV2_Settings_Keys.xml,keyed,<ALIMT >(PH_1)</ALIMT> has no health
RV2_Settings_Rule_RuleExplanation_Hediff,{0} has hediffs: {1},RV2_Settings_Rule_RuleExplanation_Hediff,RV2_Settings_Keys.xml,keyed,<ALIMT >(PH_2)</ALIMT> has hediffs: <ALIMT >(PH_1)</ALIMT>
RV2_Settings_Rule_RuleExplanation_Ability_NoAbilities,{0} has no abilities,RV2_Settings_Rule_RuleExplanation_Ability_NoAbilities,RV2_Settings_Keys.xml,keyed,<ALIMT >(PH_1)</ALIMT> has no abilities
RV2_Settings_Rule_RuleExplanation_Ability,{0} has abilities: {1},RV2_Settings_Rule_RuleExplanation_Ability,RV2_Settings_Keys.xml,keyed,<ALIMT >(PH_2)</ALIMT> has abilities: <ALIMT >(PH_1)</ALIMT>
RV2_Settings_Rule_RuleExplanation_Apparel_NoApparel,{0} has no apparel,RV2_Settings_Rule_RuleExplanation_Apparel_NoApparel,RV2_Settings_Keys.xml,keyed,<ALIMT >(PH_1)</ALIMT> has no apparel
RV2_Settings_Rule_RuleExplanation_Apparel,{0} has apparel: {1},RV2_Settings_Rule_RuleExplanation_Apparel,RV2_Settings_Keys.xml,keyed,<ALIMT >(PH_2)</ALIMT> has apparel: <ALIMT >(PH_1)</ALIMT>
RV2_Settings_Rule_RuleExplanation_Quirk_NoQuirks,{0} has no quirks,RV2_Settings_Rule_RuleExplanation_Quirk_NoQuirks,RV2_Settings_Keys.xml,keyed,<ALIMT >(PH_1)</ALIMT> has no quirks
RV2_Settings_Rule_RuleExplanation_Quirk,{0} has quirks: {1},RV2_Settings_Rule_RuleExplanation_Quirk,RV2_Settings_Keys.xml,keyed,<ALIMT >(PH_2)</ALIMT> has quirks: <ALIMT >(PH_1)</ALIMT>
RV2_Settings_Rule_RuleExplanation_RoyalTitle_NoTitle,{0} has no title,RV2_Settings_Rule_RuleExplanation_RoyalTitle_NoTitle,RV2_Settings_Keys.xml,keyed,<ALIMT >(PH_1)</ALIMT> has no title
RV2_Settings_Rule_RuleExplanation_RoyalTitle,{0} has title: {1},RV2_Settings_Rule_RuleExplanation_RoyalTitle,RV2_Settings_Keys.xml,keyed,<ALIMT >(PH_2)</ALIMT> has title: <ALIMT >(PH_1)</ALIMT>
RV2_Settings_Rule_RuleExplanation_NoXenotype,{0} has no xeno type,RV2_Settings_Rule_RuleExplanation_NoXenotype,RV2_Settings_Keys.xml,keyed,<ALIMT >(PH_1)</ALIMT> has no xeno type
RV2_Settings_Rule_RuleExplanation_Xenotype,{0} has xeno type: {1},RV2_Settings_Rule_RuleExplanation_Xenotype,RV2_Settings_Keys.xml,keyed,<ALIMT >(PH_2)</ALIMT> has xeno type: <ALIMT >(PH_1)</ALIMT>
RV2_Settings_Rule_RuleExplanation_DoesNotApply,{0} is currently NOT targeted by the parameters,RV2_Settings_Rule_RuleExplanation_DoesNotApply,RV2_Settings_Keys.xml,keyed,<ALIMT >(PH_1)</ALIMT> is currently NOT targeted by the parameters
RV2_Settings_Rule_RuleExplanation_DoesApply,{0} is currently targeted by the parameters,RV2_Settings_Rule_RuleExplanation_DoesApply,RV2_Settings_Keys.xml,keyed,<ALIMT >(PH_1)</ALIMT> is currently targeted by the parameters
RV2_Settings_Rules_Name,Rule name,RV2_Settings_Rules_Name,RV2_Settings_Keys.xml,keyed,Rule name
RV2_Settings_Rules_IdentifierType,Type,RV2_Settings_Rules_IdentifierType,RV2_Settings_Keys.xml,keyed,Type
RV2_Settings_Rules_IdentifierType_Tip,What kind of pawn are the rules for?,RV2_Settings_Rules_IdentifierType_Tip,RV2_Settings_Keys.xml,keyed,What kind of <ALIMT >(PH_1)</ALIMT> are the rules for?
RV2_Settings_Rules_IdentifierRole,Role,RV2_Settings_Rules_IdentifierRole,RV2_Settings_Keys.xml,keyed,Role
RV2_Settings_Rules_IdentifierRole_Tip,Which role does the pawn play for the rule?,RV2_Settings_Rules_IdentifierRole_Tip,RV2_Settings_Keys.xml,keyed,Which role does the <ALIMT >(PH_1)</ALIMT> play for the rule?
RV2_Settings_Rules_Save,Save,RV2_Settings_Rules_Save,RV2_Settings_Keys.xml,keyed,Save
RV2_Settings_Rules_OK,OK,RV2_Settings_Rules_OK,RV2_Settings_Keys.xml,keyed,OK
RV2_Settings_Rules_Cancel,Cancel,RV2_Settings_Rules_Cancel,RV2_Settings_Keys.xml,keyed,Cancel
RV2_Settings_Rules_Controls,Edit rule order,RV2_Settings_Rules_Controls,RV2_Settings_Keys.xml,keyed,Edit rule order
RV2_Settings_Rules_RuleStateOn,"Currently ignoring previous rules and setting to ""Enabled""",RV2_Settings_Rules_RuleStateOn,RV2_Settings_Keys.xml,keyed,"Currently ignoring previous rules and setting to ""Enabled"""
RV2_Settings_Rules_RuleStateOff,"Currently ignoring previous rules and setting to ""Disabled""",RV2_Settings_Rules_RuleStateOff,RV2_Settings_Keys.xml,keyed,"Currently ignoring previous rules and setting to ""Disabled"""
RV2_Settings_Rules_RuleStateCopy,Currently copying previous rules,RV2_Settings_Rules_RuleStateCopy,RV2_Settings_Keys.xml,keyed,Currently copying previous rules
RV2_Settings_Rules_General,General rules,RV2_Settings_Rules_General,RV2_Settings_Keys.xml,keyed,General rules
RV2_Settings_Rules_ConsiderMinimumAge,Consider minimum age?,RV2_Settings_Rules_ConsiderMinimumAge,RV2_Settings_Keys.xml,keyed,Consider minimum age?
RV2_Settings_Rules_MinimumAge,Minimum age,RV2_Settings_Rules_MinimumAge,RV2_Settings_Keys.xml,keyed,Minimum age
RV2_Settings_Rules_Designation,Default Designations,RV2_Settings_Rules_Designation,RV2_Settings_Keys.xml,keyed,Default Designations
RV2_settings_Rules_UsesVorePathRules,Use path rules,RV2_settings_Rules_UsesVorePathRules,RV2_Settings_Keys.xml,keyed,Use path rules
RV2_settings_Rules_UsesVorePathRules_Tip,With this option specific vore paths can be enabled or disabled.,RV2_settings_Rules_UsesVorePathRules_Tip,RV2_Settings_Keys.xml,keyed,With this option specific <ALIMT >vore</ALIMT> paths can be enabled or disabled.
RV2_settings_Rules_CanBeProposedTo,Can be proposed to,RV2_settings_Rules_CanBeProposedTo,RV2_Settings_Keys.xml,keyed,Can be proposed to
RV2_settings_Rules_CanBeProposedTo_Tip,Allow vore proposals directed at this pawn? This does not imply predator or prey roles!,RV2_settings_Rules_CanBeProposedTo_Tip,RV2_Settings_Keys.xml,keyed,Allow <ALIMT >vore</ALIMT> proposals directed at this <ALIMT >(PH_1)</ALIMT>? This does not imply predator or prey roles!
RV2_settings_Rules_CanForceFailedProposals,Can fight after failed vore proposals,RV2_settings_Rules_CanForceFailedProposals,RV2_Settings_Keys.xml,keyed,Can fight after failed <ALIMT >vore</ALIMT> proposals
RV2_settings_Rules_CanForceFailedProposals_Tip,"Allow this pawn to fight other pawns if they deny this pawns vore proposal. Upon winning the vore fight, the initiator will then vore the target.\nThis does not imply predator or prey roles!\nThis may lead to this pawn being injured.",RV2_settings_Rules_CanForceFailedProposals_Tip,RV2_Settings_Keys.xml,keyed,"Allow this <ALIMT >(PH_4)</ALIMT> to fight other pawns if they deny this pawns <ALIMT >vore</ALIMT> proposal. Upon winning the <ALIMT >vore</ALIMT> fight, the initiator will then <ALIMT >vore</ALIMT> the target.<ALIMT >(PH_3)</ALIMT>This does not imply predator or prey roles!<ALIMT >(PH_2)</ALIMT>This may lead to this <ALIMT >(PH_1)</ALIMT> being injured."
RV2_settings_Rules_CanBeForcedFailedProposals,Can be fought after failed vore proposals,RV2_settings_Rules_CanBeForcedFailedProposals,RV2_Settings_Keys.xml,keyed,Can be fought after failed <ALIMT >vore</ALIMT> proposals
RV2_settings_Rules_CanBeForcedFailedProposals_Tip,"Allow this pawn to be fought after other denying a vore proposal. If this pawn loses the fight, the initiator will vore their target.\nThis does not imply predator or prey roles!\nThis may lead to this pawn being injured.",RV2_settings_Rules_CanBeForcedFailedProposals_Tip,RV2_Settings_Keys.xml,keyed,"Allow this <ALIMT >(PH_5)</ALIMT> to be fought after other denying a <ALIMT >vore</ALIMT> proposal. If this <ALIMT >(PH_4)</ALIMT> loses the fight, the initiator will <ALIMT >vore</ALIMT> their target.<ALIMT >(PH_3)</ALIMT>This does not imply predator or prey roles!<ALIMT >(PH_2)</ALIMT>This may lead to this <ALIMT >(PH_1)</ALIMT> being injured."
RV2_settings_Rules_CanBeForcedIfDowned,Can be forced if downed,RV2_settings_Rules_CanBeForcedIfDowned,RV2_Settings_Keys.xml,keyed,Can be <ALIMT >forced</ALIMT> if downed
RV2_settings_Rules_CanBeForcedIfDowned_Tip,"If this pawn is downed and another colonist proposes vore to them, they will automatically accept the proposal.\nThis does not imply predator or prey roles!",RV2_settings_Rules_CanBeForcedIfDowned_Tip,RV2_Settings_Keys.xml,keyed,"If this <ALIMT >(PH_2)</ALIMT> is downed and another colonist proposes <ALIMT >vore</ALIMT> to them, they will automatically accept the proposal.<ALIMT >(PH_1)</ALIMT>This does not imply predator or prey roles!"
RV2_Settings_Rules_VorePathsHeader,Vore Paths Rules,RV2_Settings_Rules_VorePathsHeader,RV2_Settings_Keys.xml,keyed,<ALIMT >vore</ALIMT> Paths Rules
RV2_Settings_Rules_VorePathsEnableAll,Enable all,RV2_Settings_Rules_VorePathsEnableAll,RV2_Settings_Keys.xml,keyed,Enable all
RV2_Settings_Rules_VorePathsDisableAll,Disable all,RV2_Settings_Rules_VorePathsDisableAll,RV2_Settings_Keys.xml,keyed,Disable all
RV2_Settings_Rules_Enabled,Enabled?,RV2_Settings_Rules_Enabled,RV2_Settings_Keys.xml,keyed,Enabled?
RV2_Settings_Rules_Enabled_Tip,Allows you to disable the VorePath entirely for the pawns,RV2_Settings_Rules_Enabled_Tip,RV2_Settings_Keys.xml,keyed,Allows you to disable the VorePath entirely for the pawns
RV2_Settings_Rules_AllowedInAutoVore,Auto-vore?,RV2_Settings_Rules_AllowedInAutoVore,RV2_Settings_Keys.xml,keyed,Auto-<ALIMT >vore</ALIMT>?
RV2_Settings_Rules_AllowedInAutoVore_Tip,Disabling this means the pawns can not use this path for automatically initiated vore,RV2_Settings_Rules_AllowedInAutoVore_Tip,RV2_Settings_Keys.xml,keyed,Disabling this means the pawns can not use this path for automatically initiated <ALIMT >vore</ALIMT>
RV2_Settings_Rules_Container,Container,RV2_Settings_Rules_Container,RV2_Settings_Keys.xml,keyed,Container
RV2_Settings_Rules_Container_Tip,"Setting this will ""wrap"" the products of this vore path. Normally this is to be used to contain the products of digestive vore.",RV2_Settings_Rules_Container_Tip,RV2_Settings_Keys.xml,keyed,"Setting this will ""wrap"" the products of this <ALIMT >vore</ALIMT> path. Normally this is to be used to contain the products of digestive <ALIMT >vore</ALIMT>."
RV2_Settings_Rules_CorpseProcessing,Corpse,RV2_Settings_Rules_CorpseProcessing,RV2_Settings_Keys.xml,keyed,Corpse
RV2_Settings_Rules_CorpseProcessing_Tip,"This controls how produced corpses are treated when they are put into the container. This does not affect items or apparel carried by the pawn, only the corpse itself!\n\nDessicate - Produces skeletons\nRot - Sets the corpse to half of its rot time to become a skeleton\nDestroy - Removes the corpse entirely\nNone - Leaves the corpse alone.",RV2_Settings_Rules_CorpseProcessing_Tip,RV2_Settings_Keys.xml,keyed,"This controls how produced corpses are treated when they are put into the container. This does not affect items or apparel carried by the <ALIMT >(PH_6)</ALIMT>, only the corpse itself!<ALIMT >(PH_5)</ALIMT><ALIMT >(PH_4)</ALIMT>Dessicate - Produces skeletons<ALIMT >(PH_3)</ALIMT>Rot - Sets the corpse to half of its rot time to become a skeleton<ALIMT >(PH_2)</ALIMT>Destroy - Removes the corpse entirely<ALIMT >(PH_1)</ALIMT>None - Leaves the corpse alone."
RV2_Settings_Rules_StruggleForceMode,Struggle,RV2_Settings_Rules_StruggleForceMode,RV2_Settings_Keys.xml,keyed,Struggle
RV2_Settings_Rules_StruggleForceMode_Tip,"The occasion in which prey will struggle when they are vored with this vore path.\n\Vore is considered forced when voring downed pawns, forcing proposals or being vored by wild animals and raiders",RV2_Settings_Rules_StruggleForceMode_Tip,RV2_Settings_Keys.xml,keyed,"The occasion in which prey will struggle when they are vored with this <ALIMT >vore</ALIMT> path.<ALIMT >(PH_1)</ALIMT>\<ALIMT >vore</ALIMT> is considered <ALIMT >forced</ALIMT> when voring downed pawns, forcing proposals or being vored by wild animals and raiders"
RV2_Settings_Rules_RequiredStruggles,Required struggles,RV2_Settings_Rules_RequiredStruggles,RV2_Settings_Keys.xml,keyed,Required struggles
RV2_Settings_Rules_RequiredStruggles_Tip,How many successful struggles the prey needs to escape their predator,RV2_Settings_Rules_RequiredStruggles_Tip,RV2_Settings_Keys.xml,keyed,How many successful struggles the prey needs to escape their predator
RV2_Settings_Rules_AutoVoreOn,Currently allowed to automatically initiate vore\nClick to turn off,RV2_Settings_Rules_AutoVoreOn,RV2_Settings_Keys.xml,keyed,Currently allowed to automatically initiate <ALIMT >vore</ALIMT><ALIMT >(PH_1)</ALIMT>Click to turn off
RV2_Settings_Rules_AutoVoreOff,Currently not allowed to automatically initiate vore\nClick to turn on,RV2_Settings_Rules_AutoVoreOff,RV2_Settings_Keys.xml,keyed,Currently not allowed to automatically initiate <ALIMT >vore</ALIMT><ALIMT >(PH_1)</ALIMT>Click to turn on
RV2_Settings_Rules_DesignatedPredatorOn,Currently automatically designated as predator\nClick to turn off,RV2_Settings_Rules_DesignatedPredatorOn,RV2_Settings_Keys.xml,keyed,Currently automatically designated as predator<ALIMT >(PH_1)</ALIMT>Click to turn off
RV2_Settings_Rules_DesignatedPredatorOff,Currently automatically designated as non-predator\nClick to turn on,RV2_Settings_Rules_DesignatedPredatorOff,RV2_Settings_Keys.xml,keyed,Currently automatically designated as non-predator<ALIMT >(PH_1)</ALIMT>Click to turn on
RV2_Settings_Rules_DesignatedEndoPreyOn,Currently automatically designated as endo prey\nClick to turn off,RV2_Settings_Rules_DesignatedEndoPreyOn,RV2_Settings_Keys.xml,keyed,Currently automatically designated as endo prey<ALIMT >(PH_1)</ALIMT>Click to turn off
RV2_Settings_Rules_DesignatedEndoPreyOff,Currently automatically designated as non endo prey\nClick to turn on,RV2_Settings_Rules_DesignatedEndoPreyOff,RV2_Settings_Keys.xml,keyed,Currently automatically designated as non endo prey<ALIMT >(PH_1)</ALIMT>Click to turn on
RV2_Settings_Rules_DesignatedFatalPreyOn,Currently automatically designated as fatal prey\nClick to turn off,RV2_Settings_Rules_DesignatedFatalPreyOn,RV2_Settings_Keys.xml,keyed,Currently automatically designated as fatal prey<ALIMT >(PH_1)</ALIMT>Click to turn off
RV2_Settings_Rules_DesignatedFatalPreyOff,Currently automatically designated as non fatal prey\nClick to turn on,RV2_Settings_Rules_DesignatedFatalPreyOff,RV2_Settings_Keys.xml,keyed,Currently automatically designated as non fatal prey<ALIMT >(PH_1)</ALIMT>Click to turn on
RV2_Settings_ChangePrompt_DefaultStruggleForceMode,"The default struggle mode has changed. Would you like to apply this change to all existing vore path settings? \n\nThis will set all settings with ""{0}"" to ""{1}"", but won't touch any other ones.",RV2_Settings_ChangePrompt_DefaultStruggleForceMode,RV2_Settings_Keys.xml,keyed,"The default struggle mode has changed. Would you like to apply this change to all existing <ALIMT >vore</ALIMT> path settings? <ALIMT >(PH_4)</ALIMT><ALIMT >(PH_3)</ALIMT>This will set all settings with ""<ALIMT >(PH_2)</ALIMT>"" to ""<ALIMT >(PH_1)</ALIMT>"", but won't <ALIMT >touch</ALIMT> any other ones."
RV2_StatsReport_FactorForBodySize,Body size,RV2_StatsReport_FactorForBodySize,RV2_Stats.xml,keyed,Body size
RV2_StatsReport_InfluencedMeleeImpact,Melee skill factor,RV2_StatsReport_InfluencedMeleeImpact,RV2_Stats.xml,keyed,Melee skill factor
RV2_StatsReport_DefaultGrappleChance,Base grapple Chance (Settings),RV2_StatsReport_DefaultGrappleChance,RV2_Stats.xml,keyed,Base grapple Chance (Settings)
RV2_StatsReport_MaxGrappleChance,Max grapple Chance (Settings),RV2_StatsReport_MaxGrappleChance,RV2_Stats.xml,keyed,Max grapple Chance (Settings)
RV2_StatsReport_VoredPrey,Vored prey,RV2_StatsReport_VoredPrey,RV2_Stats.xml,keyed,Vored prey
RV2_StatsReport_VoreProductContainerContents,Contents,RV2_StatsReport_VoreProductContainerContents,RV2_Stats.xml,keyed,Contents
RV2_StatsReport_VoreCapacityMultiplier,Body size to vore capacity multiplier,RV2_StatsReport_VoreCapacityMultiplier,RV2_Stats.xml,keyed,Body size to <ALIMT >vore</ALIMT> capacity multiplier
RV2_StatsReport_VoreCapacityMinimum,(Cheat) Forced Minimum,RV2_StatsReport_VoreCapacityMinimum,RV2_Stats.xml,keyed,(Cheat) <ALIMT >forced</ALIMT> Minimum
RV2_PawnVoreTab,Vore,RV2_PawnVoreTab,RV2_Tabs_Keys.xml,keyed,<ALIMT >vore</ALIMT>
RV2_Tab_HiddenPreyCount,{0} More prey,RV2_Tab_HiddenPreyCount,RV2_Tabs_Keys.xml,keyed,<ALIMT >(PH_1)</ALIMT> More prey
RV2_Tab_ExpandOrCollapse,Expand / Collapse,RV2_Tab_ExpandOrCollapse,RV2_Tabs_Keys.xml,keyed,Expand / Collapse
RV2_Interactive_Tab,Interactive View,RV2_Interactive_Tab,RV2_Tabs_Keys.xml,keyed,Interactive View
RV2_Overview_Table,Overview,RV2_Overview_Table,RV2_Tabs_Keys.xml,keyed,Overview
RV2_Pawn_Source_All,All,RV2_Pawn_Source_All,RV2_Tabs_Keys.xml,keyed,All
RV2_Pawn_Source_Map,All Map,RV2_Pawn_Source_Map,RV2_Tabs_Keys.xml,keyed,All Map
RV2_Toggle_Struggle,Toggle Struggle,RV2_Toggle_Struggle,RV2_Tabs_Keys.xml,keyed,Toggle Struggle
RV2_Tab_Inspect,Select Prey,RV2_Tab_Inspect,RV2_Tabs_Keys.xml,keyed,Select Prey
RV2_ExtraDescription_VoreProductContainer_Label, ({NAME}),RV2_ExtraDescription_VoreProductContainer_Label,RV2_ThingExtraDescriptions.xml,keyed, (<ALIMT >(PH_1)</ALIMT>)
RV2_ExtraDescription_VoreProductContainer,"These remains belong to {NAME}, aged {AGE}. They were a {PROFESSION} of the {FACTION} faction.",RV2_ExtraDescription_VoreProductContainer,RV2_ThingExtraDescriptions.xml,keyed,"These remains belong to <ALIMT >(PH_4)</ALIMT>, aged <ALIMT >(PH_3)</ALIMT>. They were a <ALIMT >(PH_2)</ALIMT> of the <ALIMT >(PH_1)</ALIMT> faction."
RV2_ExtraDescription_VoreProductContainer_ProfessionFallback,Member,RV2_ExtraDescription_VoreProductContainer_ProfessionFallback,RV2_ThingExtraDescriptions.xml,keyed,Member
RV2_DisplayPart_Anus,Anus,RV2_DisplayPart_Anus,RV2_VoreDisplayPartNames.xml,keyed,<ALIMT >anus</ALIMT>
RV2_DisplayPart_Breasts,Breasts,RV2_DisplayPart_Breasts,RV2_VoreDisplayPartNames.xml,keyed,<ALIMT >breasts</ALIMT>
RV2_DisplayPart_Cock,Cock,RV2_DisplayPart_Cock,RV2_VoreDisplayPartNames.xml,keyed,Cock
RV2_DisplayPart_Intestines,Intestines,RV2_DisplayPart_Intestines,RV2_VoreDisplayPartNames.xml,keyed,Intestines
RV2_DisplayPart_Mouth,Mouth,RV2_DisplayPart_Mouth,RV2_VoreDisplayPartNames.xml,keyed,Mouth
RV2_DisplayPart_Nipple,Nipple,RV2_DisplayPart_Nipple,RV2_VoreDisplayPartNames.xml,keyed,<ALIMT >nipple</ALIMT>
RV2_DisplayPart_Stomach,Stomach,RV2_DisplayPart_Stomach,RV2_VoreDisplayPartNames.xml,keyed,Stomach
RV2_DisplayPart_Testicles,Testicles,RV2_DisplayPart_Testicles,RV2_VoreDisplayPartNames.xml,keyed,<ALIMT >testicles</ALIMT>
RV2_DisplayPart_Vagina,Vagina,RV2_DisplayPart_Vagina,RV2_VoreDisplayPartNames.xml,keyed,<ALIMT >vagina</ALIMT>
RV2_DisplayPart_Womb,Womb,RV2_DisplayPart_Womb,RV2_VoreDisplayPartNames.xml,keyed,Womb
RV2_DisplayPart_Genitals,Genitals,RV2_DisplayPart_Genitals,RV2_VoreDisplayPartNames.xml,keyed,Genitals
RV2_VoreInvalidReasons_TooYoung,Too young,RV2_VoreInvalidReasons_TooYoung,RV2_VoreInvalidReasons_Keys.xml,keyed,Too young
RV2_VoreInvalidReasons_Animal,Animal,RV2_VoreInvalidReasons_Animal,RV2_VoreInvalidReasons_Keys.xml,keyed,Animal
RV2_VoreInvalidReasons_WildAnimalForAuto,Wild animals disabled for auto-proposals,RV2_VoreInvalidReasons_WildAnimalForAuto,RV2_VoreInvalidReasons_Keys.xml,keyed,Wild animals disabled for auto-proposals
RV2_VoreInvalidReasons_VisitorForAuto,Visitors disabled for auto-proposals,RV2_VoreInvalidReasons_VisitorForAuto,RV2_VoreInvalidReasons_Keys.xml,keyed,Visitors disabled for auto-proposals
RV2_VoreInvalidReasons_SelfVore,Cannot vore self,RV2_VoreInvalidReasons_SelfVore,RV2_VoreInvalidReasons_Keys.xml,keyed,Cannot <ALIMT >vore</ALIMT> self
RV2_VoreInvalidReasons_QuirksDisabled,Quirks disabled,RV2_VoreInvalidReasons_QuirksDisabled,RV2_VoreInvalidReasons_Keys.xml,keyed,Quirks disabled
RV2_VoreInvalidReasons_FatalDisabled,Fatal disabled,RV2_VoreInvalidReasons_FatalDisabled,RV2_VoreInvalidReasons_Keys.xml,keyed,Fatal disabled
RV2_VoreInvalidReasons_EndoDisabled,Endo disabled,RV2_VoreInvalidReasons_EndoDisabled,RV2_VoreInvalidReasons_Keys.xml,keyed,Endo disabled
RV2_VoreInvalidReasons_FeedingDisabled,Feeding vore disabled,RV2_VoreInvalidReasons_FeedingDisabled,RV2_VoreInvalidReasons_Keys.xml,keyed,Feeding <ALIMT >vore</ALIMT> disabled
RV2_VoreInvalidReasons_FatalAndEndoDisabled,Fatal and endo disabled,RV2_VoreInvalidReasons_FatalAndEndoDisabled,RV2_VoreInvalidReasons_Keys.xml,keyed,Fatal and endo disabled
RV2_VoreInvalidReasons_FatalDisabledAndQuirkFatalOnlyPredator,Fatal disabled + fatal only predator,RV2_VoreInvalidReasons_FatalDisabledAndQuirkFatalOnlyPredator,RV2_VoreInvalidReasons_Keys.xml,keyed,Fatal disabled + fatal only predator
RV2_VoreInvalidReasons_EndoDisabledAndQuirkEndoOnlyPredator,Endo disabled + endo only predator,RV2_VoreInvalidReasons_EndoDisabledAndQuirkEndoOnlyPredator,RV2_VoreInvalidReasons_Keys.xml,keyed,Endo disabled + endo only predator
RV2_VoreInvalidReasons_QuirkNeverPredator,Quirk: never predator,RV2_VoreInvalidReasons_QuirkNeverPredator,RV2_VoreInvalidReasons_Keys.xml,keyed,Quirk: never predator
RV2_VoreInvalidReasons_QuirkNeverPrey,Quirk: never prey,RV2_VoreInvalidReasons_QuirkNeverPrey,RV2_VoreInvalidReasons_Keys.xml,keyed,Quirk: never prey
RV2_VoreInvalidReasons_QuirkFatalOnlyPredator,Quirk: fatal only predator,RV2_VoreInvalidReasons_QuirkFatalOnlyPredator,RV2_VoreInvalidReasons_Keys.xml,keyed,Quirk: fatal only predator
RV2_VoreInvalidReasons_QuirkEndoOnlyPredator,Quirk: endo only predator,RV2_VoreInvalidReasons_QuirkEndoOnlyPredator,RV2_VoreInvalidReasons_Keys.xml,keyed,Quirk: endo only predator
RV2_VoreInvalidReasons_PredatorCantVore,Predator can't vore: ,RV2_VoreInvalidReasons_PredatorCantVore,RV2_VoreInvalidReasons_Keys.xml,keyed,Predator can't <ALIMT >vore</ALIMT>: 
RV2_VoreInvalidReasons_PreyCantBeVored,Prey can't be vored: ,RV2_VoreInvalidReasons_PreyCantBeVored,RV2_VoreInvalidReasons_Keys.xml,keyed,Prey can't be vored: 
RV2_VoreInvalidReasons_OngoingVore,Can't vore a current predator,RV2_VoreInvalidReasons_OngoingVore,RV2_VoreInvalidReasons_Keys.xml,keyed,Can't <ALIMT >vore</ALIMT> a current predator
RV2_VoreInvalidReasons_NoCapacity,No capacity,RV2_VoreInvalidReasons_NoCapacity,RV2_VoreInvalidReasons_Keys.xml,keyed,No capacity
RV2_VoreInvalidReasons_MentalState,Mental state,RV2_VoreInvalidReasons_MentalState,RV2_VoreInvalidReasons_Keys.xml,keyed,Mental state
RV2_VoreInvalidReasons_NoGoals,No vore goal valid,RV2_VoreInvalidReasons_NoGoals,RV2_VoreInvalidReasons_Keys.xml,keyed,No <ALIMT >vore</ALIMT> goal valid
RV2_VoreInvalidReasons_NoTypes,No vore type valid,RV2_VoreInvalidReasons_NoTypes,RV2_VoreInvalidReasons_Keys.xml,keyed,No <ALIMT >vore</ALIMT> type valid
RV2_VoreInvalidReasons_Predator,Predator,RV2_VoreInvalidReasons_Predator,RV2_VoreInvalidReasons_Keys.xml,keyed,Predator
RV2_VoreInvalidReasons_Prey,Prey,RV2_VoreInvalidReasons_Prey,RV2_VoreInvalidReasons_Keys.xml,keyed,Prey
RV2_VoreInvalidReasons_DesignationMissing,{0} does not have designation {1},RV2_VoreInvalidReasons_DesignationMissing,RV2_VoreInvalidReasons_Keys.xml,keyed,<ALIMT >(PH_2)</ALIMT> does not have designation <ALIMT >(PH_1)</ALIMT>
RV2_VoreInvalidReasons_NoPredatorDesignations,{0} has no predator designation,RV2_VoreInvalidReasons_NoPredatorDesignations,RV2_VoreInvalidReasons_Keys.xml,keyed,<ALIMT >(PH_1)</ALIMT> has no predator designation
RV2_VoreInvalidReasons_NoPreyDesignations,No prey designations,RV2_VoreInvalidReasons_NoPreyDesignations,RV2_VoreInvalidReasons_Keys.xml,keyed,No prey designations
RV2_VoreInvalidReasons_CurrentlyInitiatingVore,Prey is already involved in vore,RV2_VoreInvalidReasons_CurrentlyInitiatingVore,RV2_VoreInvalidReasons_Keys.xml,keyed,Prey is already involved in <ALIMT >vore</ALIMT>
RV2_VoreInvalidReasons_PredatorInRitual,Predator busy in ritual,RV2_VoreInvalidReasons_PredatorInRitual,RV2_VoreInvalidReasons_Keys.xml,keyed,Predator busy in ritual
RV2_VoreInvalidReasons_PreyInRitual,Prey busy in ritual,RV2_VoreInvalidReasons_PreyInRitual,RV2_VoreInvalidReasons_Keys.xml,keyed,Prey busy in ritual
RV2_VoreInvalidReasons_Unavailable,Unavailable,RV2_VoreInvalidReasons_Unavailable,RV2_VoreInvalidReasons_Keys.xml,keyed,Unavailable
RV2_VoreInvalidReasons_NoPreyAvailable,No prey available,RV2_VoreInvalidReasons_NoPreyAvailable,RV2_VoreInvalidReasons_Keys.xml,keyed,No prey available
RV2_VoreInvalidReasons_PawnsWithoutSexNeed,Pleasure goal not allowed because neither pawn has sex need,RV2_VoreInvalidReasons_PawnsWithoutSexNeed,RV2_VoreInvalidReasons_Keys.xml,keyed,Pleasure goal not allowed because neither <ALIMT >(PH_1)</ALIMT> has <ALIMT >sex</ALIMT> need
RV2_VoreInvalidReasons_AlreadyPleasured,Already pleasured,RV2_VoreInvalidReasons_AlreadyPleasured,RV2_VoreInvalidReasons_Keys.xml,keyed,Already pleasured
RV2_VoreInvalidReasons_PredatorRuleBlockingPath,Predator rules blocking,RV2_VoreInvalidReasons_PredatorRuleBlockingPath,RV2_VoreInvalidReasons_Keys.xml,keyed,Predator rules blocking
RV2_VoreInvalidReasons_PreyRuleBlockingPath,Prey rules blocking,RV2_VoreInvalidReasons_PreyRuleBlockingPath,RV2_VoreInvalidReasons_Keys.xml,keyed,Prey rules blocking
RV2_VoreInvalidReasons_NoPaths,No vore path valid: {0},RV2_VoreInvalidReasons_NoPaths,RV2_VoreInvalidReasons_Keys.xml,keyed,No <ALIMT >vore</ALIMT> path valid: <ALIMT >(PH_1)</ALIMT>
RV2_VoreInvalidReasons_NoValidRole,No valid role,RV2_VoreInvalidReasons_NoValidRole,RV2_VoreInvalidReasons_Keys.xml,keyed,No valid role
RV2_VoreInvalidReasons_RoleBlacklisted,VoreRole is blacklisted,RV2_VoreInvalidReasons_RoleBlacklisted,RV2_VoreInvalidReasons_Keys.xml,keyed,VoreRole is blacklisted
RV2_VoreInvalidReasons_RoleNotWhitelisted,VoreRole is not whitelisted,RV2_VoreInvalidReasons_RoleNotWhitelisted,RV2_VoreInvalidReasons_Keys.xml,keyed,VoreRole is not whitelisted
RV2_VoreInvalidReasons_TypeBlacklisted,VoreType is blacklisted,RV2_VoreInvalidReasons_TypeBlacklisted,RV2_VoreInvalidReasons_Keys.xml,keyed,VoreType is blacklisted
RV2_VoreInvalidReasons_TypeNotWhitelisted,VoreType is not whitelisted,RV2_VoreInvalidReasons_TypeNotWhitelisted,RV2_VoreInvalidReasons_Keys.xml,keyed,VoreType is not whitelisted
RV2_VoreInvalidReasons_GoalBlacklisted,VoreGoal is blacklisted,RV2_VoreInvalidReasons_GoalBlacklisted,RV2_VoreInvalidReasons_Keys.xml,keyed,VoreGoal is blacklisted
RV2_VoreInvalidReasons_GoalNotWhitelisted,VoreGoal is not whitelisted,RV2_VoreInvalidReasons_GoalNotWhitelisted,RV2_VoreInvalidReasons_Keys.xml,keyed,VoreGoal is not whitelisted
RV2_VoreInvalidReasons_PathBlacklisted,VorePath is blacklisted,RV2_VoreInvalidReasons_PathBlacklisted,RV2_VoreInvalidReasons_Keys.xml,keyed,VorePath is blacklisted
RV2_VoreInvalidReasons_PathNotWhitelisted,VorePath is not whitelisted,RV2_VoreInvalidReasons_PathNotWhitelisted,RV2_VoreInvalidReasons_Keys.xml,keyed,VorePath is not whitelisted
RV2_VoreInvalidReasons_DesignationBlacklisted,Designation is blacklisted,RV2_VoreInvalidReasons_DesignationBlacklisted,RV2_VoreInvalidReasons_Keys.xml,keyed,Designation is blacklisted
RV2_VoreInvalidReasons_DesignationNotWhitelisted,Designation is not whitelisted,RV2_VoreInvalidReasons_DesignationNotWhitelisted,RV2_VoreInvalidReasons_Keys.xml,keyed,Designation is not whitelisted
RV2_VoreInvalidReasons_NoPreferredGoal,No preferred goal,RV2_VoreInvalidReasons_NoPreferredGoal,RV2_VoreInvalidReasons_Keys.xml,keyed,No preferred goal
RV2_VoreInvalidReasons_NoPreferredType,No preferred type,RV2_VoreInvalidReasons_NoPreferredType,RV2_VoreInvalidReasons_Keys.xml,keyed,No preferred type
RV2_VoreInvalidReasons_NoPreferredPath,No preferred path,RV2_VoreInvalidReasons_NoPreferredPath,RV2_VoreInvalidReasons_Keys.xml,keyed,No preferred path
RV2_VoreInvalidReasons_AlreadyReserved,Already reserved,RV2_VoreInvalidReasons_AlreadyReserved,RV2_VoreInvalidReasons_Keys.xml,keyed,Already reserved
RV2_VoreInvalidReasons_NoReservedPrey,No reserved prey,RV2_VoreInvalidReasons_NoReservedPrey,RV2_VoreInvalidReasons_Keys.xml,keyed,No reserved prey
RV2_VoreInvalidReasons_PawnDead,Pawn is dead,RV2_VoreInvalidReasons_PawnDead,RV2_VoreInvalidReasons_Keys.xml,keyed,Pawn is dead
RV2_VoreInvalidReasons_ProposalCooldown,Vore proposal cooldown,RV2_VoreInvalidReasons_ProposalCooldown,RV2_VoreInvalidReasons_Keys.xml,keyed,<ALIMT >vore</ALIMT> proposal cooldown
RV2_Widget_IsPredatorAutoOnDesc,Currently allowed to vore other pawns.\nAutomatically assigned by settings,RV2_Widget_IsPredatorAutoOnDesc,RV2_Widget_Keys.xml,keyed,Currently allowed to <ALIMT >vore</ALIMT> other pawns.<ALIMT >(PH_1)</ALIMT>Automatically assigned by settings
RV2_Widget_IsPredatorAutoOffDesc,Currently not allowed to vore other pawns.\nAutomatically assigned by settings,RV2_Widget_IsPredatorAutoOffDesc,RV2_Widget_Keys.xml,keyed,Currently not allowed to <ALIMT >vore</ALIMT> other pawns.<ALIMT >(PH_1)</ALIMT>Automatically assigned by settings
RV2_Widget_IsPredatorManualOnDesc,Currently allowed to vore other pawns.\nManually assigned by player,RV2_Widget_IsPredatorManualOnDesc,RV2_Widget_Keys.xml,keyed,Currently allowed to <ALIMT >vore</ALIMT> other pawns.<ALIMT >(PH_1)</ALIMT>Manually assigned by player
RV2_Widget_IsPredatorManualOffDesc,Currently not allowed to vore other pawns.\nManually assigned by player,RV2_Widget_IsPredatorManualOffDesc,RV2_Widget_Keys.xml,keyed,Currently not allowed to <ALIMT >vore</ALIMT> other pawns.<ALIMT >(PH_1)</ALIMT>Manually assigned by player
RV2_Widget_IsNeverPredatorDesc,Can not vore other pawns.,RV2_Widget_IsNeverPredatorDesc,RV2_Widget_Keys.xml,keyed,Can not <ALIMT >vore</ALIMT> other pawns.
RV2_Widget_IsEndoPreyAutoOnDesc,Currently allowed to be non-fatally vored by other pawns.\nAutomatically assigned by settings,RV2_Widget_IsEndoPreyAutoOnDesc,RV2_Widget_Keys.xml,keyed,Currently allowed to be non-fatally vored by other pawns.<ALIMT >(PH_1)</ALIMT>Automatically assigned by settings
RV2_Widget_IsEndoPreyAutoOffDesc,Currently not allowed to be non-fatally vored by other pawns.\nAutomatically assigned by settings,RV2_Widget_IsEndoPreyAutoOffDesc,RV2_Widget_Keys.xml,keyed,Currently not allowed to be non-fatally vored by other pawns.<ALIMT >(PH_1)</ALIMT>Automatically assigned by settings
RV2_Widget_IsEndoPreyManualOnDesc,Currently allowed to be non-fatally vored by other pawns.\nManually assigned by player,RV2_Widget_IsEndoPreyManualOnDesc,RV2_Widget_Keys.xml,keyed,Currently allowed to be non-fatally vored by other pawns.<ALIMT >(PH_1)</ALIMT>Manually assigned by player
RV2_Widget_IsEndoPreyManualOffDesc,Currently not allowed to be non-fatally vored by other pawns.\nManually assigned by player,RV2_Widget_IsEndoPreyManualOffDesc,RV2_Widget_Keys.xml,keyed,Currently not allowed to be non-fatally vored by other pawns.<ALIMT >(PH_1)</ALIMT>Manually assigned by player
RV2_Widget_IsNeverEndoPreyDesc,Can not be non-fatally vored by other pawns.,RV2_Widget_IsNeverEndoPreyDesc,RV2_Widget_Keys.xml,keyed,Can not be non-fatally vored by other pawns.
RV2_Widget_IsFatalPreyAutoOnDesc,Currently allowed to be fatally vored by other pawns.\nAutomatically assigned by settings,RV2_Widget_IsFatalPreyAutoOnDesc,RV2_Widget_Keys.xml,keyed,Currently allowed to be fatally vored by other pawns.<ALIMT >(PH_1)</ALIMT>Automatically assigned by settings
RV2_Widget_IsFatalPreyAutoOffDesc,Currently not allowed to be fatally vored by other pawns.\nAutomatically assigned by settings,RV2_Widget_IsFatalPreyAutoOffDesc,RV2_Widget_Keys.xml,keyed,Currently not allowed to be fatally vored by other pawns.<ALIMT >(PH_1)</ALIMT>Automatically assigned by settings
RV2_Widget_IsFatalPreyManualOnDesc,Currently allowed to be fatally vored by other pawns.\nManually assigned by player,RV2_Widget_IsFatalPreyManualOnDesc,RV2_Widget_Keys.xml,keyed,Currently allowed to be fatally vored by other pawns.<ALIMT >(PH_1)</ALIMT>Manually assigned by player
RV2_Widget_IsFatalPreyManualOffDesc,Currently not allowed to be fatally vored by other pawns.\nManually assigned by player,RV2_Widget_IsFatalPreyManualOffDesc,RV2_Widget_Keys.xml,keyed,Currently not allowed to be fatally vored by other pawns.<ALIMT >(PH_1)</ALIMT>Manually assigned by player
RV2_Widget_IsNeverFatalPreyDesc,Can not be fatally vored by other pawns.,RV2_Widget_IsNeverFatalPreyDesc,RV2_Widget_Keys.xml,keyed,Can not be fatally vored by other pawns.
RV2_Widget_Grapple_UnavailablePrefix,(Unavailable)\n,RV2_Widget_Grapple_UnavailablePrefix,RV2_Widget_Keys.xml,keyed,(Unavailable)<ALIMT >(PH_1)</ALIMT>
RV2_Widget_Grapple,Force the pawn to walk to and initiate a vore grapple with the selected target,RV2_Widget_Grapple,RV2_Widget_Keys.xml,keyed,Force the <ALIMT >(PH_1)</ALIMT> to walk to and initiate a <ALIMT >vore</ALIMT> grapple with the selected target
RV2_Command_ToggleGrapple_DescOn,This pawn is currently allowed to use grapple moves during combat,RV2_Command_ToggleGrapple_DescOn,RV2_Widget_Keys.xml,keyed,This <ALIMT >(PH_1)</ALIMT> is currently allowed to use grapple moves during combat
RV2_Command_ToggleGrapple_DescOff,This pawn is currently NOT allowed to use grapple moves during combat,RV2_Command_ToggleGrapple_DescOff,RV2_Widget_Keys.xml,keyed,This <ALIMT >(PH_1)</ALIMT> is currently NOT allowed to use grapple moves during combat
bodyPart_tailTip.label,Tail tip,label,AliasDefs\BodyPartAlias.xml,def,<ALIMT >tail</ALIMT> tip
bodyPart_mouth.label,Mouth,label,AliasDefs\BodyPartAlias.xml,def,Mouth
bodyPart_body.label,Body,label,AliasDefs\BodyPartAlias.xml,def,Body
bodyPart_stomach.label,Stomach,label,AliasDefs\BodyPartAlias.xml,def,Stomach
hediff_penis.label,Penis,label,AliasDefs\GenitalHediffAlias.xml,def,<ALIMT >penis</ALIMT>
hediff_vagina.label,Vagina,label,AliasDefs\GenitalHediffAlias.xml,def,<ALIMT >vagina</ALIMT>
hediff_anus.label,Anus,label,AliasDefs\GenitalHediffAlias.xml,def,<ALIMT >anus</ALIMT>
hediff_breasts.label,Breasts,label,AliasDefs\GenitalHediffAlias.xml,def,<ALIMT >breasts</ALIMT>
hediff_udder.label,Udder,label,AliasDefs\GenitalHediffAlias.xml,def,Udder
RV2_Adult_PredAnytypeAnygoal_CasualDubious_SuperstarPredator.title,predator superstar,title,BackstoryDefs\Backstories_Adult.xml,def,predator superstar
RV2_Adult_PredAnytypeAnygoal_CasualDubious_SuperstarPredator.titleShort,pred star,titleShort,BackstoryDefs\Backstories_Adult.xml,def,pred star
RV2_Adult_PredAnytypeAnygoal_CasualDubious_SuperstarPredator.baseDesc,"[PAWN_nameDef] might as well have been a god, for all the worship [PAWN_pronoun] received, all the prey sacrificed to [PAWN_objective], and all the power [PAWN_pronoun] flexed. [PAWN_possessive] name and face were inescapable, plastered on every other screen and advert. If [PAWN_pronoun] wanted to add you to [PAWN_possessive] body, for a while or forever, [PAWN_pronoun] didn’t even have to ask--but who would say no?",baseDesc,BackstoryDefs\Backstories_Adult.xml,def,"<ALIMT >(PH_8)</ALIMT> might as well have been a god, for all the worship <ALIMT >(PH_7)</ALIMT> received, all the prey sacrificed to <ALIMT >(PH_6)</ALIMT>, and all the power <ALIMT >(PH_5)</ALIMT> flexed. <ALIMT >(PH_4)</ALIMT> name and face were inescapable, plastered on every other screen and advert. If <ALIMT >(PH_3)</ALIMT> wanted to add you to <ALIMT >(PH_2)</ALIMT> body, for a while or <ALIMT >forever</ALIMT>, <ALIMT >(PH_1)</ALIMT> didn’t even have to ask--but who would say no?"
RV2_Adult_PredAnytypeAnygoal_CasualDubious_VacationerVoracious.title,voracious vacationer,title,BackstoryDefs\Backstories_Adult.xml,def,voracious vacationer
RV2_Adult_PredAnytypeAnygoal_CasualDubious_VacationerVoracious.titleShort,pred star,titleShort,BackstoryDefs\Backstories_Adult.xml,def,pred star
RV2_Adult_PredAnytypeAnygoal_CasualDubious_VacationerVoracious.baseDesc,"[PAWN_nameDef] didn’t care to get a job, instead whittling away at [PAWN_possessive] comfortable pile of savings by touring the galaxy. [PAWN_pronoun] loves nothing more than to see new sights, breathe new air, and above all else, get acquainted with the flavor of the locals. There’s nothing quite like relaxing on a beach with a full belly.",baseDesc,BackstoryDefs\Backstories_Adult.xml,def,"<ALIMT >(PH_3)</ALIMT> didn’t care to get a job, instead whittling away at <ALIMT >(PH_2)</ALIMT> comfortable pile of savings by touring the galaxy. <ALIMT >(PH_1)</ALIMT> loves nothing more than to see new sights, breathe new air, and above all else, get acquainted with the flavor of the locals. There’s nothing quite like relaxing on a beach with a full belly."
RV2_Adult_PredAnytypeAnygoal_OpenWilling_PhagologistPredatory.title,predatory phagologist,title,BackstoryDefs\Backstories_Adult.xml,def,predatory phagologist
RV2_Adult_PredAnytypeAnygoal_OpenWilling_PhagologistPredatory.titleShort,phagologist,titleShort,BackstoryDefs\Backstories_Adult.xml,def,phagologist
RV2_Adult_PredAnytypeAnygoal_OpenWilling_PhagologistPredatory.baseDesc,"As a phagologist, [PAWN_nameDef] has dedicated [PAWN_possessive] life to studying vore: where it comes from, how it develops and works, and its effects on society. [PAWN_nameDef] has a particularly hands-on approach, taking particular pleasure in testing hypotheses on [PAWN_objective]self, with the help of willing and disposable volunteers. It is a challenge to fit into [PAWN_possessive] labcoat sometimes, though.",baseDesc,BackstoryDefs\Backstories_Adult.xml,def,"As a phagologist, <ALIMT >(PH_5)</ALIMT> has dedicated <ALIMT >(PH_4)</ALIMT> life to studying <ALIMT >vore</ALIMT>: where it comes from, how it develops and works, and its effects on society. <ALIMT >(PH_3)</ALIMT> has a particularly hands-on approach, taking particular pleasure in testing hypotheses on <ALIMT >(PH_2)</ALIMT>self, with the help of willing and disposable volunteers. It is a challenge to fit into <ALIMT >(PH_1)</ALIMT> labcoat sometimes, though."
RV2_Adult_PredAnytypeAnygoal_OpenDubious_BellyDancerFull.title,full-belly-dancer,title,BackstoryDefs\Backstories_Adult.xml,def,full-belly-dancer
RV2_Adult_PredAnytypeAnygoal_OpenDubious_BellyDancerFull.titleShort,belly-dancer,titleShort,BackstoryDefs\Backstories_Adult.xml,def,belly-dancer
RV2_Adult_PredAnytypeAnygoal_OpenDubious_BellyDancerFull.baseDesc,[PAWN_nameDef] was trained in the art of dancing with a full belly for the enjoyment of a private audience. They would watch [PAWN_objective] sway and twirl and counterbalance as [PAWN_possessive] prey kicked about.,baseDesc,BackstoryDefs\Backstories_Adult.xml,def,<ALIMT >(PH_3)</ALIMT> was trained in the art of dancing with a full belly for the enjoyment of a private audience. They would watch <ALIMT >(PH_2)</ALIMT> sway and twirl and counterbalance as <ALIMT >(PH_1)</ALIMT> prey kicked about.
RV2_Adult_PredAnytypeDigest_CasualDubious_BodybuilderVoracious.title,voracious bodybuilder,title,BackstoryDefs\Backstories_Adult.xml,def,voracious bodybuilder
RV2_Adult_PredAnytypeDigest_CasualDubious_BodybuilderVoracious.titleShort,bodybuilder,titleShort,BackstoryDefs\Backstories_Adult.xml,def,bodybuilder
RV2_Adult_PredAnytypeDigest_CasualDubious_BodybuilderVoracious.baseDesc,"[PAWN_nameDef] was a bodybuilder, supplementing [PAWN_possessive] extensive workout routine with the handy packs of protein milling about the gym around [PAWN_objective]. [PAWN_pronoun] always seemed to spend more time burning off fat than toning [PAWN_possessive] muscles, though...",baseDesc,BackstoryDefs\Backstories_Adult.xml,def,"<ALIMT >(PH_5)</ALIMT> was a bodybuilder, supplementing <ALIMT >(PH_4)</ALIMT> extensive workout routine with the handy packs of protein milling about the gym around <ALIMT >(PH_3)</ALIMT>. <ALIMT >(PH_2)</ALIMT> always seemed to spend more time burning off fat than toning <ALIMT >(PH_1)</ALIMT> muscles, though..."
RV2_Adult_PredAnytypeDigest_CasualUnwilling_BarflyBellyFilling.title,belly-filling barfly,title,BackstoryDefs\Backstories_Adult.xml,def,belly-filling barfly
RV2_Adult_PredAnytypeDigest_CasualUnwilling_BarflyBellyFilling.titleShort,barfly,titleShort,BackstoryDefs\Backstories_Adult.xml,def,barfly
RV2_Adult_PredAnytypeDigest_CasualUnwilling_BarflyBellyFilling.baseDesc,"[PAWN_nameDef] went to a different bar every night, on the hunt for one-night-stands [PAWN_pronoun] could bring back to [PAWN_possessive] hotel room. At the end of the night, [PAWN_nameDef] would gulp down [PAWN_possessive] partner, whether they asked to be eaten or not, and leave a mess in the hotel room’s bathroom come morning. [PAWN_nameDef] did learn a thing or two about mixed drinks and dart-throwing in the process, though.",baseDesc,BackstoryDefs\Backstories_Adult.xml,def,"<ALIMT >(PH_6)</ALIMT> went to a different bar every night, on the hunt for one-night-stands <ALIMT >(PH_5)</ALIMT> could bring back to <ALIMT >(PH_4)</ALIMT> hotel room. At the end of the night, <ALIMT >(PH_3)</ALIMT> would gulp down <ALIMT >(PH_2)</ALIMT> partner, whether they asked to be eaten or not, and leave a mess in the hotel room’s bathroom come morning. <ALIMT >(PH_1)</ALIMT> did learn a thing or two about mixed drinks and dart-throwing in the process, though."
RV2_Adult_PredAnytypeDigest_OpenWilling_ArtModelDigestion.title,digestion art model,title,BackstoryDefs\Backstories_Adult.xml,def,digestion art model
RV2_Adult_PredAnytypeDigest_OpenWilling_ArtModelDigestion.titleShort,art model,titleShort,BackstoryDefs\Backstories_Adult.xml,def,art model
RV2_Adult_PredAnytypeDigest_OpenWilling_ArtModelDigestion.baseDesc,"[PAWN_nameDef] was a professional artist’s model, hired to swallow down some belly-stuffer and digest them in front of an artist, or even a crowd of art students, so that they could then portray the predator’s body in the process of digestion, or a before-and-after of the distribution of body fat. [PAWN_nameDef] picked up a few art techniques from the conversations going on around [PAWN_objective].",baseDesc,BackstoryDefs\Backstories_Adult.xml,def,"<ALIMT >(PH_3)</ALIMT> was a professional artist’s model, hired to swallow down some belly-stuffer and digest them in front of an artist, or even a crowd of art students, so that they could then portray the predator’s body in the process of digestion, or a before-and-after of the distribution of body fat. <ALIMT >(PH_2)</ALIMT> picked up a few art techniques from the conversations going on around <ALIMT >(PH_1)</ALIMT>."
RV2_Adult_PredAnytypeDigest_OpenWilling_CallChurnerEasygoing.title,easygoing call-churner,title,BackstoryDefs\Backstories_Adult.xml,def,easygoing call-churner
RV2_Adult_PredAnytypeDigest_OpenWilling_CallChurnerEasygoing.titleShort,call-churner,titleShort,BackstoryDefs\Backstories_Adult.xml,def,call-churner
RV2_Adult_PredAnytypeDigest_OpenWilling_CallChurnerEasygoing.baseDesc,"[PAWN_nameDef] was a vore prostitute--a call-pred, but a specific kind of call-pred known as a call-churner--who allowed those with the money and the death-wish/reformation-access to purchase a gurgling on top of the vore. [PAWN_nameDef], in particular, offered all of [PAWN_possessive] holes up for [PAWN_possessive] clients to melt away in, which left [PAWN_objective] very busy and very accustomed to negotiating.",baseDesc,BackstoryDefs\Backstories_Adult.xml,def,"<ALIMT >(PH_5)</ALIMT> was a <ALIMT >vore</ALIMT> prostitute--a call-pred, but a specific kind of call-pred known as a call-churner--who allowed those with the money and the death-wish/reformation-access to purchase a gurgling on top of the <ALIMT >vore</ALIMT>. <ALIMT >(PH_4)</ALIMT>, in particular, offered all of <ALIMT >(PH_3)</ALIMT> holes up for <ALIMT >(PH_2)</ALIMT> clients to melt away in, which left <ALIMT >(PH_1)</ALIMT> very busy and very accustomed to negotiating."
RV2_Adult_PredAnytypeDigest_OpenWilling_CallChurnerRoleplaying.title,roleplaying call-churner,title,BackstoryDefs\Backstories_Adult.xml,def,roleplaying call-churner
RV2_Adult_PredAnytypeDigest_OpenWilling_CallChurnerRoleplaying.titleShort,call-churner,titleShort,BackstoryDefs\Backstories_Adult.xml,def,call-churner
RV2_Adult_PredAnytypeDigest_OpenWilling_CallChurnerRoleplaying.baseDesc,"[PAWN_nameDef] was a vore prostitute--a call-pred, but a specific kind of call-pred known as a call-churner--who allowed those with the money and the death-wish/reformation-access to purchase a gurgling on top of the vore. [PAWN_nameDef] went beyond mere digestion, however, seeking clients who wanted to be legitimately gurgled, under non-consensual circumstances, by a fearsome predator, but who wanted a degree of control in how that situation was actually staged out. [PAWN_pronoun] even picked up a few practical melee techniques, for those who wanted to give a real struggle.",baseDesc,BackstoryDefs\Backstories_Adult.xml,def,"<ALIMT >(PH_3)</ALIMT> was a <ALIMT >vore</ALIMT> prostitute--a call-pred, but a specific kind of call-pred known as a call-churner--who allowed those with the money and the death-wish/reformation-access to purchase a gurgling on top of the <ALIMT >vore</ALIMT>. <ALIMT >(PH_2)</ALIMT> went beyond mere digestion, however, seeking clients who wanted to be legitimately gurgled, under non-consensual circumstances, by a fearsome predator, but who wanted a degree of control in how that situation was actually staged out. <ALIMT >(PH_1)</ALIMT> even picked up a few practical melee techniques, for those who wanted to give a real struggle."
RV2_Adult_PredAnytypeDigest_OpenWilling_RitualDancerRavenous.title,ravenous ritual dancer,title,BackstoryDefs\Backstories_Adult.xml,def,ravenous ritual dancer
RV2_Adult_PredAnytypeDigest_OpenWilling_RitualDancerRavenous.titleShort,ritual dancer,titleShort,BackstoryDefs\Backstories_Adult.xml,def,ritual dancer
RV2_Adult_PredAnytypeDigest_OpenWilling_RitualDancerRavenous.baseDesc,"[PAWN_nameDef] was a powerful psychic, tasked with performing a sacred rite for [PAWN_possessive] people in which [PAWN_pronoun] had to dance through the entire process of vore, from ingestion to disposal, surrounded by clouds of incense. [PAWN_possessive] people sacrificed themselves willingly to [PAWN_possessive] body, as merely feeding normal food to [PAWN_objective] was a taboo; preparing [PAWN_possessive] own food was downright blasphemous.",baseDesc,BackstoryDefs\Backstories_Adult.xml,def,"<ALIMT >(PH_7)</ALIMT> was a powerful psychic, tasked with performing a sacred rite for <ALIMT >(PH_6)</ALIMT> people in which <ALIMT >(PH_5)</ALIMT> had to dance through the entire process of <ALIMT >vore</ALIMT>, from ingestion to disposal, surrounded by clouds of incense. <ALIMT >(PH_4)</ALIMT> people sacrificed themselves willingly to <ALIMT >(PH_3)</ALIMT> body, as merely feeding normal food to <ALIMT >(PH_2)</ALIMT> was a taboo; preparing <ALIMT >(PH_1)</ALIMT> own food was downright blasphemous."
RV2_Adult_PredAnytypeDigest_OpenWilling_ModelVorewear.title,vorewear model,title,BackstoryDefs\Backstories_Adult.xml,def,vorewear model
RV2_Adult_PredAnytypeDigest_OpenWilling_ModelVorewear.titleShort,model,titleShort,BackstoryDefs\Backstories_Adult.xml,def,model
RV2_Adult_PredAnytypeDigest_OpenWilling_ModelVorewear.baseDesc,"A vorewear designer needs a model for their designs. That’s where [PAWN_nameDef] comes in. [PAWN_pronoun] would shunt a belly-stuffer wherever one was needed, before walking onto the runway and showing off [PAWN_possessive] predatory style. Of course, it’s a cutthroat industry and models don’t always get along, so [PAWN_nameDef] had to be quicker of wit and maw than your typical non-vore model.",baseDesc,BackstoryDefs\Backstories_Adult.xml,def,"A vorewear designer needs a model for their designs. That’s where <ALIMT >(PH_4)</ALIMT> comes in. <ALIMT >(PH_3)</ALIMT> would shunt a belly-stuffer wherever one was needed, before walking onto the runway and showing off <ALIMT >(PH_2)</ALIMT> predatory style. Of course, it’s a cutthroat industry and models don’t always get along, so <ALIMT >(PH_1)</ALIMT> had to be quicker of wit and maw than your typical non-<ALIMT >vore</ALIMT> model."
RV2_Adult_PredAnytypeDigest_OpenWilling_VStreamerDigestive.title,digestive V-streamer,title,BackstoryDefs\Backstories_Adult.xml,def,digestive V-streamer
RV2_Adult_PredAnytypeDigest_OpenWilling_VStreamerDigestive.titleShort,V-streamer,titleShort,BackstoryDefs\Backstories_Adult.xml,def,V-streamer
RV2_Adult_PredAnytypeDigest_OpenWilling_VStreamerDigestive.baseDesc,"While the webnet was oversaturated with vanilla porn and sketchy vorno startups, [PAWN_nameDef] found a lucrative niche in indie vore streaming. [PAWN_pronoun] started small, with maybe a household object or a pet, but finally made a splash when [PAWN_pronoun] devoured a special guest on stream, leaving the camera on, all the way through digestion, while [PAWN_pronoun] drifted off in [PAWN_possessive] chair.",baseDesc,BackstoryDefs\Backstories_Adult.xml,def,"While the webnet was oversaturated with vanilla porn and sketchy vorno startups, <ALIMT >(PH_5)</ALIMT> found a lucrative niche in indie <ALIMT >vore</ALIMT> streaming. <ALIMT >(PH_4)</ALIMT> started small, with maybe a household object or a pet, but finally made a splash when <ALIMT >(PH_3)</ALIMT> devoured a special guest on stream, leaving the camera on, <ALIMT >all the way through</ALIMT> digestion, while <ALIMT >(PH_2)</ALIMT> drifted off in <ALIMT >(PH_1)</ALIMT> chair."
RV2_Adult_PredAnytypeDigest_OpenWilling_VrestlerAss.title,vrestling ass,title,BackstoryDefs\Backstories_Adult.xml,def,vrestling <ALIMT >ass</ALIMT>
RV2_Adult_PredAnytypeDigest_OpenWilling_VrestlerAss.titleShort,vrestler,titleShort,BackstoryDefs\Backstories_Adult.xml,def,vrestler
RV2_Adult_PredAnytypeDigest_OpenWilling_VrestlerAss.baseDesc,"[PAWN_nameDef] was a professional vrestler, a subgenre of wrestling that incorporates vore into its flashy routines and staged outcomes. [PAWN_pronoun] played an ass (equivalent to a heel), whom the fans would boo and hiss at as [PAWN_pronoun] sent another underperforming face to [PAWN_possessive] belly.",baseDesc,BackstoryDefs\Backstories_Adult.xml,def,"<ALIMT >(PH_4)</ALIMT> was a professional vrestler, a subgenre of wrestling that incorporates <ALIMT >vore</ALIMT> into its flashy routines and staged outcomes. <ALIMT >(PH_3)</ALIMT> played an <ALIMT >ass</ALIMT> (equivalent to a heel), whom the fans would boo and hiss at as <ALIMT >(PH_2)</ALIMT> sent another underperforming face to <ALIMT >(PH_1)</ALIMT> belly."
RV2_Adult_PredAnytypeDigest_OpenWilling_VrestlerMouth.title,vrestling mouth,title,BackstoryDefs\Backstories_Adult.xml,def,vrestling mouth
RV2_Adult_PredAnytypeDigest_OpenWilling_VrestlerMouth.titleShort,vrestler,titleShort,BackstoryDefs\Backstories_Adult.xml,def,vrestler
RV2_Adult_PredAnytypeDigest_OpenWilling_VrestlerMouth.baseDesc,"[PAWN_nameDef] was a professional vrestler, a subgenre of wrestling that incorporates vore into its flashy routines and staged outcomes. [PAWN_pronoun] played a mouth (equivalent to a face) and the fans went wild whenever [PAWN_pronoun] permanently retired that season’s ass (at least, until the ass came back, depending on the writing).",baseDesc,BackstoryDefs\Backstories_Adult.xml,def,"<ALIMT >(PH_3)</ALIMT> was a professional vrestler, a subgenre of wrestling that incorporates <ALIMT >vore</ALIMT> into its flashy routines and staged outcomes. <ALIMT >(PH_2)</ALIMT> played a mouth (equivalent to a face) and the fans went wild whenever <ALIMT >(PH_1)</ALIMT> permanently retired that season’s <ALIMT >ass</ALIMT> (at least, until the <ALIMT >ass</ALIMT> came back, depending on the writing)."
RV2_Adult_PredAnytypeDigest_OpenDubious_BellavoreCovert.title,covert bellavore,title,BackstoryDefs\Backstories_Adult.xml,def,covert bellavore
RV2_Adult_PredAnytypeDigest_OpenDubious_BellavoreCovert.titleShort,bellavore,titleShort,BackstoryDefs\Backstories_Adult.xml,def,bellavore
RV2_Adult_PredAnytypeDigest_OpenDubious_BellavoreCovert.baseDesc,"[PAWN_nameDef] was a covert operator specializing in bellavory. There aren’t any bodies, dead or unconscious, for the guards to stumble across if you bring the obstacles you remove with you, and what better place to stow them than inside?",baseDesc,BackstoryDefs\Backstories_Adult.xml,def,"<ALIMT >(PH_1)</ALIMT> was a covert operator specializing in bellavory. There aren’t any bodies, dead or unconscious, for the guards to stumble across if you bring the obstacles you remove with you, and what better place to stow them than inside?"
RV2_Adult_PredAnytypeDigest_OpenDubious_DisposalOfficerBiohazard.title,biohazard disposal officer,title,BackstoryDefs\Backstories_Adult.xml,def,biohazard disposal officer
RV2_Adult_PredAnytypeDigest_OpenDubious_DisposalOfficerBiohazard.titleShort,biohazard disposal,titleShort,BackstoryDefs\Backstories_Adult.xml,def,biohazard disposal
RV2_Adult_PredAnytypeDigest_OpenDubious_DisposalOfficerBiohazard.baseDesc,"A plague hit [PAWN_nameDef]’s home and tore through the population. Few survived, and bodies were contagious even after death. [PAWN_nameDef], however, developed immunity. As such, [PAWN_pronoun] was enlisted to “process” those whose prognosis was bleak, to save up medical supplies. They would be told they were entering a living quarantine unit, only to be digested and safely disposed of. There were ever so many doomed in need of disposal.",baseDesc,BackstoryDefs\Backstories_Adult.xml,def,"A plague hit <ALIMT >(PH_3)</ALIMT>’s home and tore through the population. Few survived, and bodies were contagious even after death. <ALIMT >(PH_2)</ALIMT>, however, developed immunity. As such, <ALIMT >(PH_1)</ALIMT> was enlisted to “process” those whose prognosis was bleak, to save up medical supplies. They would be told they were entering a living quarantine unit, only to be digested and safely disposed of. There were ever so many doomed in need of disposal."
RV2_Adult_PredAnytypeDigest_OpenDubious_GladiatorGluttonous.title,gluttonous gladiator,title,BackstoryDefs\Backstories_Adult.xml,def,gluttonous gladiator
RV2_Adult_PredAnytypeDigest_OpenDubious_GladiatorGluttonous.titleShort,gladiator,titleShort,BackstoryDefs\Backstories_Adult.xml,def,gladiator
RV2_Adult_PredAnytypeDigest_OpenDubious_GladiatorGluttonous.baseDesc,"[PAWN_nameDef] was a favorite in the colosseum, fighting for fame and glory instead of freedom. While other gladiators might conclude their fights by spilling guts or cutting off heads, [PAWN_nameDef] had [PAWN_possessive] own way of ending worn-down foes: a lengthy, elaborate vore routine that showed off both party’s finer angles and left the audience eager, desperate to know if the loser would be gurgled or spared.",baseDesc,BackstoryDefs\Backstories_Adult.xml,def,"<ALIMT >(PH_3)</ALIMT> was a favorite in the colosseum, <ALIMT >fighting</ALIMT> for fame and glory instead of freedom. While other gladiators might conclude their fights by spilling guts or cutting off heads, <ALIMT >(PH_2)</ALIMT> had <ALIMT >(PH_1)</ALIMT> own way of ending worn-down foes: a lengthy, elaborate <ALIMT >vore</ALIMT> routine that showed off both party’s finer angles and left the audience eager, desperate to know if the loser would be gurgled or spared."
RV2_Adult_PredAnytypeDigest_OpenDubious_GodFalse.title,false god,title,BackstoryDefs\Backstories_Adult.xml,def,false god
RV2_Adult_PredAnytypeDigest_OpenDubious_GodFalse.titleShort,god,titleShort,BackstoryDefs\Backstories_Adult.xml,def,god
RV2_Adult_PredAnytypeDigest_OpenDubious_GodFalse.baseDesc,"[PAWN_nameDef] had it pretty good as a charlatan, posing as a deity in exchange for regular sacrifices. While [PAWN_possessive] followers knew what was up, [PAWN_nameDef] made for a convenient way to get rid of excess captives, and [PAWN_pronoun] so desperately demanded absurd luxury that [PAWN_pronoun] voluntarily helped research useful technologies (if in a rather condescending manner).",baseDesc,BackstoryDefs\Backstories_Adult.xml,def,"<ALIMT >(PH_5)</ALIMT> had it pretty good as a charlatan, posing as a deity in exchange for regular sacrifices. While <ALIMT >(PH_4)</ALIMT> followers knew what was up, <ALIMT >(PH_3)</ALIMT> made for a convenient way to get rid of excess captives, and <ALIMT >(PH_2)</ALIMT> so desperately demanded absurd luxury that <ALIMT >(PH_1)</ALIMT> voluntarily helped research useful technologies (if in a rather condescending manner)."
RV2_Adult_PredAnytypeDigest_OpenDubious_LibertineGluttonous.title,gluttonous libertine,title,BackstoryDefs\Backstories_Adult.xml,def,gluttonous libertine
RV2_Adult_PredAnytypeDigest_OpenDubious_LibertineGluttonous.titleShort,libertine,titleShort,BackstoryDefs\Backstories_Adult.xml,def,libertine
RV2_Adult_PredAnytypeDigest_OpenDubious_LibertineGluttonous.baseDesc,"A lover of fine society and finer dining, [PAWN_nameDef] made a name for [PAWN_objective]self challenging [PAWN_possessive] competitors over the hand of those [PAWN_pronoun] coveted, only to later devour that plaything after the affair ran its course. Often, the news that so-and-so had been first stripped of all dignity and then churned, provoked even flashier fights than the initial duel, for which [PAWN_nameDef] has been declared persona-non-grata in many a city.",baseDesc,BackstoryDefs\Backstories_Adult.xml,def,"A lover of fine society and finer dining, <ALIMT >(PH_5)</ALIMT> made a name for <ALIMT >(PH_4)</ALIMT>self challenging <ALIMT >(PH_3)</ALIMT> competitors over the hand of those <ALIMT >(PH_2)</ALIMT> coveted, only to later devour that plaything after the affair ran its course. Often, the news that so-and-so had been first stripped of all dignity and then churned, provoked even flashier fights than the initial duel, for which <ALIMT >(PH_1)</ALIMT> has been declared persona-non-grata in many a city."
RV2_Adult_PredAnytypeDigest_OpenDubious_PredAtArms.title,pred-at-arms,title,BackstoryDefs\Backstories_Adult.xml,def,pred-at-arms
RV2_Adult_PredAnytypeDigest_OpenDubious_PredAtArms.titleShort,pred-at-arms,titleShort,BackstoryDefs\Backstories_Adult.xml,def,pred-at-arms
RV2_Adult_PredAnytypeDigest_OpenDubious_PredAtArms.baseDesc,"[PAWN_nameDef] was a tanky medieval bellavore, marching into battle fully-armored and empty-bellied. Preds-at-arms specialize in overwhelming and intimidating poorly-trained and ill-equipped soldiers, as well as capturing or melting through heavily-armored targets. All that plate does nothing against the scouring of acids and enzymes, after all.",baseDesc,BackstoryDefs\Backstories_Adult.xml,def,"<ALIMT >(PH_1)</ALIMT> was a tanky medieval bellavore, marching into battle fully-armored and empty-bellied. Preds-at-arms specialize in overwhelming and intimidating poorly-trained and ill-equipped soldiers, as well as capturing or melting through heavily-armored targets. All that plate does nothing against the scouring of acids and enzymes, after all."
RV2_Adult_PredAnytypeDigest_OpenDubious_ProstitutePredacious.title,predacious prostitute,title,BackstoryDefs\Backstories_Adult.xml,def,predacious prostitute
RV2_Adult_PredAnytypeDigest_OpenDubious_ProstitutePredacious.titleShort,prostitute,titleShort,BackstoryDefs\Backstories_Adult.xml,def,prostitute
RV2_Adult_PredAnytypeDigest_OpenDubious_ProstitutePredacious.baseDesc,"[PAWN_nameDef] was just a normal sex-prostitute, neither a call-pred nor call-prey. However, in case someone tried to take advantage of [PAWN_objective] (or was willing to pay extra for it), [PAWN_pronoun] wasn’t opposed to demonstrating some vore from time to time, so long as [PAWN_pronoun] could maintain [PAWN_possessive] figure.",baseDesc,BackstoryDefs\Backstories_Adult.xml,def,"<ALIMT >(PH_5)</ALIMT> was just a normal <ALIMT >sex</ALIMT>-prostitute, neither a call-pred nor call-prey. However, in case someone tried to take advantage of <ALIMT >(PH_4)</ALIMT> (or was willing to pay extra for it), <ALIMT >(PH_3)</ALIMT> wasn’t opposed to demonstrating some <ALIMT >vore</ALIMT> from time to time, so long as <ALIMT >(PH_2)</ALIMT> could maintain <ALIMT >(PH_1)</ALIMT> figure."
RV2_Adult_PredAnytypeDigest_OpenDubious_SpaceHeaterLiving.title,living space heater,title,BackstoryDefs\Backstories_Adult.xml,def,living space heater
RV2_Adult_PredAnytypeDigest_OpenDubious_SpaceHeaterLiving.titleShort,room warmer,titleShort,BackstoryDefs\Backstories_Adult.xml,def,room warmer
RV2_Adult_PredAnytypeDigest_OpenDubious_SpaceHeaterLiving.baseDesc,"[PAWN_nameDef]’s tribe lived in a tundra where enemies were many and firewood was scarce. For the good of [PAWN_possessive] people, [PAWN_pronoun] forwent the scant vegetables and grains they grew and foraged, in favor of all the live, hostile prey that came a-raiding. As it turns out, digesting a bunch of people at once can keep an entire lodge nice and cozy, even in the middle of a blizzard.",baseDesc,BackstoryDefs\Backstories_Adult.xml,def,"<ALIMT >(PH_3)</ALIMT>’s tribe lived in a tundra where enemies were many and firewood was scarce. For the good of <ALIMT >(PH_2)</ALIMT> people, <ALIMT >(PH_1)</ALIMT> forwent the scant vegetables and grains they grew and foraged, in favor of all the live, hostile prey that came a-raiding. As it turns out, digesting a bunch of people at once can keep an entire lodge nice and cozy, even in the middle of a blizzard."
RV2_Adult_PredAnytypeDigest_OpenDubious_ServantBurglarEating.title,burglar-eating butler,title,BackstoryDefs\Backstories_Adult.xml,def,burglar-eating <ALIMT >butler</ALIMT>
RV2_Adult_PredAnytypeDigest_OpenDubious_ServantBurglarEating.titleShort,butler,titleShort,BackstoryDefs\Backstories_Adult.xml,def,<ALIMT >butler</ALIMT>
RV2_Adult_PredAnytypeDigest_OpenDubious_ServantBurglarEating.baseDesc,"[PAWN_nameDef] was a very loyal servant. Not only did [PAWN_pronoun] clean and cook; [PAWN_pronoun] was also an attack dog who devoured [PAWN_possessive] share of burglars, intruders, and unwanted guests.",baseDesc,BackstoryDefs\Backstories_Adult.xml,def,"<ALIMT >(PH_4)</ALIMT> was a very loyal servant. Not only did <ALIMT >(PH_3)</ALIMT> clean and cook; <ALIMT >(PH_2)</ALIMT> was also an attack dog who devoured <ALIMT >(PH_1)</ALIMT> share of burglars, intruders, and unwanted guests."
RV2_Adult_PredAnytypeDigest_OpenDubious_Voreserker.title,voreserker,title,BackstoryDefs\Backstories_Adult.xml,def,voreserker
RV2_Adult_PredAnytypeDigest_OpenDubious_Voreserker.titleShort,voreserker,titleShort,BackstoryDefs\Backstories_Adult.xml,def,voreserker
RV2_Adult_PredAnytypeDigest_OpenDubious_Voreserker.baseDesc,"[PAWN_nameDef] raided settlements as a bellavorous berserker. [PAWN_pronoun] would charge into battle, bits-out, hopped up on natural narcotics, and hands empty, pushing, grabbing, and shoving [PAWN_possessive] enemies into whatever orifice [PAWN_pronoun] had ready for them. Afterwards, [PAWN_nameDef] patched [PAWN_possessive] own injuries, as few would approach [PAWN_objective] for fear of “friendly fire”. Unfortunately, the cocktail of painkillers, uppers, aphrodisiacs, and so on that enabled [PAWN_nameDef]’s rampages have dulled [PAWN_possessive] brain.",baseDesc,BackstoryDefs\Backstories_Adult.xml,def,"<ALIMT >(PH_9)</ALIMT> raided settlements as a bellavorous berserker. <ALIMT >(PH_8)</ALIMT> would charge into battle, bits-out, hopped up on natural narcotics, and hands empty, pushing, grabbing, and shoving <ALIMT >(PH_7)</ALIMT> enemies into whatever orifice <ALIMT >(PH_6)</ALIMT> had ready for them. Afterwards, <ALIMT >(PH_5)</ALIMT> patched <ALIMT >(PH_4)</ALIMT> own injuries, as few would approach <ALIMT >(PH_3)</ALIMT> for fear of “friendly fire”. Unfortunately, the <ALIMT >cocktail</ALIMT> of painkillers, uppers, aphrodisiacs, and so on that enabled <ALIMT >(PH_2)</ALIMT>’s rampages have dulled <ALIMT >(PH_1)</ALIMT> <ALIMT >brain</ALIMT>."
RV2_Adult_PredAnytypeDigest_OpenDubious_VorriorTribal.title,tribal vorrior,title,BackstoryDefs\Backstories_Adult.xml,def,tribal vorrior
RV2_Adult_PredAnytypeDigest_OpenDubious_VorriorTribal.titleShort,vorrior,titleShort,BackstoryDefs\Backstories_Adult.xml,def,vorrior
RV2_Adult_PredAnytypeDigest_OpenDubious_VorriorTribal.baseDesc,"[PAWN_nameDef] was a courageous tribal bellavore. Unlike those drug-addled voreserkers, [PAWN_nameDef] kept [PAWN_possessive] mind focused and alert as [PAWN_pronoun] wove between blades and arrows to devour an enemy in strictly hand-to-hand combat. Back home, the band of vorriors would have their needs catered to by the youngbloods in their ranks.",baseDesc,BackstoryDefs\Backstories_Adult.xml,def,"<ALIMT >(PH_4)</ALIMT> was a courageous tribal bellavore. Unlike those drug-addled voreserkers, <ALIMT >(PH_3)</ALIMT> kept <ALIMT >(PH_2)</ALIMT> mind focused and alert as <ALIMT >(PH_1)</ALIMT> wove between blades and arrows to devour an enemy in strictly hand-to-hand combat. Back home, the band of vorriors would have their needs catered to by the youngbloods in their ranks."
RV2_Adult_PredAnytypeDigest_OpenUnwilling_Digesticutioner.title,digesticutioner,title,BackstoryDefs\Backstories_Adult.xml,def,digesticutioner
RV2_Adult_PredAnytypeDigest_OpenUnwilling_Digesticutioner.titleShort,digesticutioner,titleShort,BackstoryDefs\Backstories_Adult.xml,def,digesticutioner
RV2_Adult_PredAnytypeDigest_OpenUnwilling_Digesticutioner.baseDesc,"The laws of [PAWN_nameDef]'s home specifically prohibited any ""inhumane"" form of execution. The only death sentence not considered inhumane under this code was digestion. [PAWN_possessive] body ended the lives of many prisoners, and after a while, [PAWN_pronoun] found it much easier to ignore their pleas and bargains in favor of the satisfaction of [PAWN_possessive] hunger.",baseDesc,BackstoryDefs\Backstories_Adult.xml,def,"The laws of <ALIMT >(PH_4)</ALIMT>'s home specifically prohibited any ""inhumane"" form of execution. The only death sentence not considered inhumane under this code was digestion. <ALIMT >(PH_3)</ALIMT> body ended the lives of many prisoners, and after a while, <ALIMT >(PH_2)</ALIMT> found it much easier to ignore their pleas and bargains in favor of the satisfaction of <ALIMT >(PH_1)</ALIMT> hunger."
RV2_Adult_PredAnytypeDigest_OpenUnwilling_JesterWellFed.title,well-fed jester,title,BackstoryDefs\Backstories_Adult.xml,def,well-fed jester
RV2_Adult_PredAnytypeDigest_OpenUnwilling_JesterWellFed.titleShort,jester,titleShort,BackstoryDefs\Backstories_Adult.xml,def,jester
RV2_Adult_PredAnytypeDigest_OpenUnwilling_JesterWellFed.baseDesc,"In addition to all the normal things a jester might be asked to do--juggle, tell jokes, critique battle plans--[PAWN_nameDef] was also kept around the court as a pet, to whom any visitor that displeased [PAWN_possessive] master was fed.",baseDesc,BackstoryDefs\Backstories_Adult.xml,def,"In addition to all the normal things a jester might be asked to do--juggle, tell jokes, critique battle plans--<ALIMT >(PH_2)</ALIMT> was also kept around the court as a pet, to whom any visitor that displeased <ALIMT >(PH_1)</ALIMT> master was fed."
RV2_Adult_PredAnytypeDigest_OpenUnwilling_PeacekeperPredatory.title,predatory peacekeeper,title,BackstoryDefs\Backstories_Adult.xml,def,predatory peacekeeper
RV2_Adult_PredAnytypeDigest_OpenUnwilling_PeacekeperPredatory.titleShort,peacekeper,titleShort,BackstoryDefs\Backstories_Adult.xml,def,peacekeper
RV2_Adult_PredAnytypeDigest_OpenUnwilling_PeacekeperPredatory.baseDesc,"[PAWN_nameDef] kept the peace in a recently-annexed region, suppressing the last embers of rebellion. [PAWN_pronoun] took special pleasure in churning malcontents into martyrs, even if they didn’t leave much evidence behind to indicate their guilt once they’d passed through [PAWN_possessive] body.",baseDesc,BackstoryDefs\Backstories_Adult.xml,def,"<ALIMT >(PH_3)</ALIMT> kept the peace in a recently-annexed region, suppressing the last embers of rebellion. <ALIMT >(PH_2)</ALIMT> took special pleasure in churning malcontents into martyrs, even if they didn’t leave much evidence behind to indicate their guilt once they’d passed through <ALIMT >(PH_1)</ALIMT> body."
RV2_Adult_PredAnytypeDigest_OpenUnwilling_ProfessorOfPredation.title,professor of predation,title,BackstoryDefs\Backstories_Adult.xml,def,professor of predation
RV2_Adult_PredAnytypeDigest_OpenUnwilling_ProfessorOfPredation.titleShort,professor,titleShort,BackstoryDefs\Backstories_Adult.xml,def,professor
RV2_Adult_PredAnytypeDigest_OpenUnwilling_ProfessorOfPredation.baseDesc,"[PAWN_nameDef] taught aspiring predators how to pred at an obscure yet prestigious university. While the faculty were discouraged from eating students willy-nilly, everyone--teachers included--were on the menu. Plenty of star students who got cocky and thought they could take on their teacher found the tables turned and their bodies melted away in [PAWN_nameDef]’s body. There’s a reason [PAWN_pronoun] was paid to teach.",baseDesc,BackstoryDefs\Backstories_Adult.xml,def,"<ALIMT >(PH_3)</ALIMT> taught aspiring predators how to pred at an obscure yet prestigious university. While the faculty were discouraged from eating students willy-nilly, everyone--teachers included--were on the menu. Plenty of star students who got cocky and thought they could take on their teacher found the tables turned and their bodies melted away in <ALIMT >(PH_2)</ALIMT>’s body. There’s a reason <ALIMT >(PH_1)</ALIMT> was paid to teach."
RV2_Adult_PredAnytypeDigest_OpenUnwilling_ProfessorPredatory.title,predatory professor,title,BackstoryDefs\Backstories_Adult.xml,def,predatory professor
RV2_Adult_PredAnytypeDigest_OpenUnwilling_ProfessorPredatory.titleShort,professor,titleShort,BackstoryDefs\Backstories_Adult.xml,def,professor
RV2_Adult_PredAnytypeDigest_OpenUnwilling_ProfessorPredatory.baseDesc,"[PAWN_nameDef] was a tenured professor at a prestigious university. Despite [PAWN_possessive] assorted eccentricities, such as devouring failing students and the odd GTA, the administration wouldn’t dream of firing [PAWN_nameDef], no matter how many complaints they got.",baseDesc,BackstoryDefs\Backstories_Adult.xml,def,"<ALIMT >(PH_3)</ALIMT> was a tenured professor at a prestigious university. Despite <ALIMT >(PH_2)</ALIMT> assorted eccentricities, such as devouring failing students and the odd GTA, the administration wouldn’t dream of firing <ALIMT >(PH_1)</ALIMT>, no matter how many complaints they got."
RV2_Adult_PredAnytypeDigest_SecretDubious_CircusPerformerMarauding.title,marauding circus performer,title,BackstoryDefs\Backstories_Adult.xml,def,marauding circus performer
RV2_Adult_PredAnytypeDigest_SecretDubious_CircusPerformerMarauding.titleShort,circus performer,titleShort,BackstoryDefs\Backstories_Adult.xml,def,circus performer
RV2_Adult_PredAnytypeDigest_SecretDubious_CircusPerformerMarauding.baseDesc,"[PAWN_nameDef] performed for a sketchy traveling circus, which relied extensively on audience volunteers. [PAWN_nameDef] and [PAWN_possessive] coworkers would stuff themselves with dubiously-willing volunteers and perform great feats of agility and balance. By the time anyone realized those volunteers hadn’t come back, the circus had already left.",baseDesc,BackstoryDefs\Backstories_Adult.xml,def,"<ALIMT >(PH_3)</ALIMT> performed for a sketchy traveling circus, which relied extensively on audience volunteers. <ALIMT >(PH_2)</ALIMT> and <ALIMT >(PH_1)</ALIMT> coworkers would stuff themselves with dubiously-willing volunteers and perform great feats of agility and balance. By the time anyone realized those volunteers hadn’t come back, the circus had already left."
RV2_Adult_PredAnytypeDigest_SecretDubious_HypnotistHungry.title,hungry hypnotist,title,BackstoryDefs\Backstories_Adult.xml,def,hungry hypnotist
RV2_Adult_PredAnytypeDigest_SecretDubious_HypnotistHungry.titleShort,hypnotist,titleShort,BackstoryDefs\Backstories_Adult.xml,def,hypnotist
RV2_Adult_PredAnytypeDigest_SecretDubious_HypnotistHungry.baseDesc,"As a pred-inclined pacifist, [PAWN_nameDef] was always in a tricky position. The longer [PAWN_pronoun] stayed in one place, the harder it got to find a willing meal. Hypnosis helped pressure the ones who suppressed their preyish desires, but it wasn’t until [PAWN_pronoun] started channeling [PAWN_possessive] latent psychic powers into the practice, that [PAWN_nameDef] could dine on any patient [PAWN_pronoun] wanted, given enough sessions.",baseDesc,BackstoryDefs\Backstories_Adult.xml,def,"As a pred-inclined pacifist, <ALIMT >(PH_6)</ALIMT> was always in a tricky position. The longer <ALIMT >(PH_5)</ALIMT> stayed in one place, the harder it got to find a willing meal. Hypnosis helped pressure the ones who suppressed their preyish desires, but it wasn’t until <ALIMT >(PH_4)</ALIMT> started channeling <ALIMT >(PH_3)</ALIMT> latent psychic powers into the practice, that <ALIMT >(PH_2)</ALIMT> could dine on any patient <ALIMT >(PH_1)</ALIMT> wanted, given enough sessions."
RV2_Adult_PredAnytypeDigest_SecretDubious_MagicianMunchy.title,munchy magician,title,BackstoryDefs\Backstories_Adult.xml,def,munchy magician
RV2_Adult_PredAnytypeDigest_SecretDubious_MagicianMunchy.titleShort,magician,titleShort,BackstoryDefs\Backstories_Adult.xml,def,magician
RV2_Adult_PredAnytypeDigest_SecretDubious_MagicianMunchy.baseDesc,"Making someone disappear is a classic magic trick, if a bit unimaginative. Likewise, using vore to do it is the next step for such unambitious magicians. Perhaps predictably, the audience members who'd volunteer to come up to the blindingly-lit stage and enter that dark wooden box with [PAWN_nameDef] would disappear a little more permanently than expected.",baseDesc,BackstoryDefs\Backstories_Adult.xml,def,"Making someone disappear is a classic magic trick, if a bit unimaginative. Likewise, using <ALIMT >vore</ALIMT> to do it is the next step for such unambitious magicians. Perhaps predictably, the audience members who'd volunteer to come up to the blindingly-lit stage and enter that dark wooden box with <ALIMT >(PH_1)</ALIMT> would disappear a little more permanently than expected."
RV2_Adult_PredAnytypeDigest_SecretDubious_VornstarPredSketchy.title,sketchy vornstar pred,title,BackstoryDefs\Backstories_Adult.xml,def,sketchy vornstar pred
RV2_Adult_PredAnytypeDigest_SecretDubious_VornstarPredSketchy.titleShort,vornstar,titleShort,BackstoryDefs\Backstories_Adult.xml,def,vornstar
RV2_Adult_PredAnytypeDigest_SecretDubious_VornstarPredSketchy.baseDesc,"[PAWN_nameDef] starred in illicit vornagraphy as a predator. Supposedly it was all fake, and just edited to look real, but [PAWN_possessive] fans noticed the shoots never starred the same prey actors twice, and [PAWN_nameDef] would put on weight after shoots...",baseDesc,BackstoryDefs\Backstories_Adult.xml,def,"<ALIMT >(PH_3)</ALIMT> starred in illicit vornagraphy as a predator. Supposedly it was all fake, and just edited to look real, but <ALIMT >(PH_2)</ALIMT> fans noticed the shoots never starred the same prey actors twice, and <ALIMT >(PH_1)</ALIMT> would put on weight after shoots..."
RV2_Adult_PredAnytypeDigest_SecretUnwilling_AssassinEdacious.title,edacious assassin,title,BackstoryDefs\Backstories_Adult.xml,def,edacious <ALIMT >assassin</ALIMT>
RV2_Adult_PredAnytypeDigest_SecretUnwilling_AssassinEdacious.titleShort,assassin,titleShort,BackstoryDefs\Backstories_Adult.xml,def,<ALIMT >assassin</ALIMT>
RV2_Adult_PredAnytypeDigest_SecretUnwilling_AssassinEdacious.baseDesc,"[PAWN_nameDef] was an assassin with very particular methods. [PAWN_pronoun] differentiated [PAWN_objective]self from all the other cutthroats, by never cutting any throats at all. The way [PAWN_pronoun] saw it, throats weren’t for cutting; they were for swallowing: swallowing [PAWN_possessive] targets, swallowing any witnesses, swallowing any contractees who refused to pay up.",baseDesc,BackstoryDefs\Backstories_Adult.xml,def,"<ALIMT >(PH_5)</ALIMT> was an <ALIMT >assassin</ALIMT> with very particular methods. <ALIMT >(PH_4)</ALIMT> differentiated <ALIMT >(PH_3)</ALIMT>self from all the other cutthroats, by never cutting any throats at all. The way <ALIMT >(PH_2)</ALIMT> saw it, throats weren’t for cutting; they were for swallowing: swallowing <ALIMT >(PH_1)</ALIMT> targets, swallowing any witnesses, swallowing any contractees who refused to pay up."
RV2_Adult_PredAnytypeDigest_SecretUnwilling_BlackWidow.title,black widower,title,BackstoryDefs\Backstories_Adult.xml,def,black widower
RV2_Adult_PredAnytypeDigest_SecretUnwilling_BlackWidow.titleShort,widower,titleShort,BackstoryDefs\Backstories_Adult.xml,def,widower
RV2_Adult_PredAnytypeDigest_SecretUnwilling_BlackWidow.baseDesc,"[PAWN_nameDef] moved from settlement to settlement, taking and wedding a new lover in each one. But, without fail, after just a few weeks of marriage, [PAWN_possessive] spouse would always suddenly disappear, [PAWN_nameDef] would put on some weight, and, after exhausting [PAWN_possessive] inheritance, [PAWN_pronoun] would move somewhere new.",baseDesc,BackstoryDefs\Backstories_Adult.xml,def,"<ALIMT >(PH_5)</ALIMT> moved from settlement to settlement, taking and wedding a new lover in each one. But, without fail, after just a few weeks of marriage, <ALIMT >(PH_4)</ALIMT> spouse would always suddenly disappear, <ALIMT >(PH_3)</ALIMT> would put on some weight, and, after exhausting <ALIMT >(PH_2)</ALIMT> inheritance, <ALIMT >(PH_1)</ALIMT> would move somewhere new."
RV2_Adult_PredAnytypeDigest_SecretUnwilling_Bluebeard.title,bluebeard,title,BackstoryDefs\Backstories_Adult.xml,def,bluebeard
RV2_Adult_PredAnytypeDigest_SecretUnwilling_Bluebeard.titleShort,bluebeard,titleShort,BackstoryDefs\Backstories_Adult.xml,def,bluebeard
RV2_Adult_PredAnytypeDigest_SecretUnwilling_Bluebeard.baseDesc,"After [PAWN_nameDef] built [PAWN_possessive] own house, [PAWN_pronoun] sought a spouse to share it with. Unfortunately, [PAWN_nameDef]’s spouses had a habit of disappearing without a trace. What confounded investigators and kept [PAWN_nameDef] on the right side of the law is, typically, bluebeards hide the body somewhere in the house, or at least somewhere in the local area, but no trace of [PAWN_possessive] lovers could ever be found. Incidentally, it appeared [PAWN_nameDef] dealt with grief by overeating, judging by the weight put on after every disappearance.",baseDesc,BackstoryDefs\Backstories_Adult.xml,def,"After <ALIMT >(PH_7)</ALIMT> built <ALIMT >(PH_6)</ALIMT> own house, <ALIMT >(PH_5)</ALIMT> sought a spouse to share it with. Unfortunately, <ALIMT >(PH_4)</ALIMT>’s spouses had a habit of disappearing without a trace. What confounded investigators and kept <ALIMT >(PH_3)</ALIMT> on the right side of the law is, typically, bluebeards hide the body somewhere in the house, or at least somewhere in the local area, but no trace of <ALIMT >(PH_2)</ALIMT> lovers could ever be found. Incidentally, it appeared <ALIMT >(PH_1)</ALIMT> dealt with grief by overeating, judging by the weight put on after every disappearance."
RV2_Adult_PredAnytypeDigest_SecretUnwilling_ClownCarnivorous.title,carnivorous clown,title,BackstoryDefs\Backstories_Adult.xml,def,carnivorous <ALIMT >clown</ALIMT>
RV2_Adult_PredAnytypeDigest_SecretUnwilling_ClownCarnivorous.titleShort,clown,titleShort,BackstoryDefs\Backstories_Adult.xml,def,<ALIMT >clown</ALIMT>
RV2_Adult_PredAnytypeDigest_SecretUnwilling_ClownCarnivorous.baseDesc,"[PAWN_nameDef] got a degree at the only college that would take [PAWN_objective]--a clown college--and set about making the best of [PAWN_possessive] few actual skills. [PAWN_pronoun] didn’t even qualify for a troupe and had to settle on being an independent party clown. However, every party to which [PAWN_nameDef] was hired, one of the guests was sure to disappear.",baseDesc,BackstoryDefs\Backstories_Adult.xml,def,"<ALIMT >(PH_5)</ALIMT> got a degree at the only college that would take <ALIMT >(PH_4)</ALIMT>--a <ALIMT >clown</ALIMT> college--and set about making the best of <ALIMT >(PH_3)</ALIMT> few actual skills. <ALIMT >(PH_2)</ALIMT> didn’t even qualify for a troupe and had to settle on being an independent party <ALIMT >clown</ALIMT>. However, every party to which <ALIMT >(PH_1)</ALIMT> was hired, one of the guests was sure to disappear."
RV2_Adult_PredAnytypeDigest_SecretUnwilling_CourtesanChurning.title,churning courtesan,title,BackstoryDefs\Backstories_Adult.xml,def,churning courtesan
RV2_Adult_PredAnytypeDigest_SecretUnwilling_CourtesanChurning.titleShort,courtesan,titleShort,BackstoryDefs\Backstories_Adult.xml,def,courtesan
RV2_Adult_PredAnytypeDigest_SecretUnwilling_CourtesanChurning.baseDesc,"[PAWN_nameDef] was a dignified courtesan of the noble courts, attending to the digestive needs of high society. More often than not, [PAWN_pronoun] was paid not to churn [PAWN_possessive] client, but a rival lured into a trap, or some undesirable no one would miss. Sometimes, [PAWN_pronoun] even had to take down [PAWN_possessive] prey [PAWN_objective]self, with [PAWN_possessive] wits and a hidden weapon. However, brushing elbows with high society has made [PAWN_objective] picky about doing more conventional sorts of dirty work.",baseDesc,BackstoryDefs\Backstories_Adult.xml,def,"<ALIMT >(PH_8)</ALIMT> was a dignified courtesan of the noble courts, attending to the digestive needs of high society. More often than not, <ALIMT >(PH_7)</ALIMT> was paid not to churn <ALIMT >(PH_6)</ALIMT> client, but a rival lured into a trap, or some undesirable no one would miss. Sometimes, <ALIMT >(PH_5)</ALIMT> even had to take down <ALIMT >(PH_4)</ALIMT> prey <ALIMT >(PH_3)</ALIMT>self, with <ALIMT >(PH_2)</ALIMT> wits and a hidden weapon. However, brushing elbows with high society has made <ALIMT >(PH_1)</ALIMT> picky about doing more conventional sorts of dirty work."
RV2_Adult_PredAnytypeDigest_SecretUnwilling_GarbageDisposal.title,garbage disposal,title,BackstoryDefs\Backstories_Adult.xml,def,garbage disposal
RV2_Adult_PredAnytypeDigest_SecretUnwilling_GarbageDisposal.titleShort,garbage disposal,titleShort,BackstoryDefs\Backstories_Adult.xml,def,garbage disposal
RV2_Adult_PredAnytypeDigest_SecretUnwilling_GarbageDisposal.baseDesc,"[PAWN_nameDef] was a valued asset to a large and powerful urbworld gang. [PAWN_pronoun] had achieved [PAWN_possessive] standing by offering [PAWN_possessive] services as a different sort of cleaner: any captives, witnesses, incorruptible officials, or disloyal members the gang had? Just send them down [PAWN_possessive] gullet.",baseDesc,BackstoryDefs\Backstories_Adult.xml,def,"<ALIMT >(PH_5)</ALIMT> was a valued asset to a large and powerful urbworld gang. <ALIMT >(PH_4)</ALIMT> had achieved <ALIMT >(PH_3)</ALIMT> standing by offering <ALIMT >(PH_2)</ALIMT> services as a different sort of cleaner: any captives, witnesses, incorruptible officials, or disloyal members the gang had? Just send them down <ALIMT >(PH_1)</ALIMT> gullet."
RV2_Adult_PredAnytypeDigest_SecretUnwilling_HitmanHungry.title,hungry hitman,title,BackstoryDefs\Backstories_Adult.xml,def,hungry hitman
RV2_Adult_PredAnytypeDigest_SecretUnwilling_HitmanHungry.titleShort,hitman,titleShort,BackstoryDefs\Backstories_Adult.xml,def,hitman
RV2_Adult_PredAnytypeDigest_SecretUnwilling_HitmanHungry.baseDesc,"[PAWN_nameDef] was a corporate hitman, trained in all manner of infiltration techniques--but only one method of elimination. [PAWN_possessive] weapon of choice was whichever hole was handy. Of course, sometimes holes aren’t handy. Thus [PAWN_pronoun] knew how to shoot a fleeing target in the legs to knock them down for consumption, or dose [PAWN_possessive] quarry’s food with aphrodisiac and lull the target directly into [PAWN_nameDef]’s open mouth. Above all, though, [PAWN_nameDef] left no trace of [PAWN_possessive] deeds.",baseDesc,BackstoryDefs\Backstories_Adult.xml,def,"<ALIMT >(PH_7)</ALIMT> was a corporate hitman, trained in all manner of infiltration techniques--but only one method of elimination. <ALIMT >(PH_6)</ALIMT> weapon of choice was whichever hole was handy. Of course, sometimes holes aren’t handy. Thus <ALIMT >(PH_5)</ALIMT> knew how to shoot a fleeing target in the legs to knock them down for consumption, or dose <ALIMT >(PH_4)</ALIMT> quarry’s food with aphrodisiac and lull the target directly into <ALIMT >(PH_3)</ALIMT>’s open mouth. Above all, though, <ALIMT >(PH_2)</ALIMT> left no trace of <ALIMT >(PH_1)</ALIMT> deeds."
RV2_Adult_PredAnytypeDigest_SecretUnwilling_InnkeeperInsatiable.title,insatiable innkeeper,title,BackstoryDefs\Backstories_Adult.xml,def,insatiable innkeeper
RV2_Adult_PredAnytypeDigest_SecretUnwilling_InnkeeperInsatiable.titleShort,innkeeper,titleShort,BackstoryDefs\Backstories_Adult.xml,def,innkeeper
RV2_Adult_PredAnytypeDigest_SecretUnwilling_InnkeeperInsatiable.baseDesc,"[PAWN_nameDef] built and ran an inn along an occasionally-travelled road. It was the only place to rest for hours, either way, so just about every traveller heading therealong stopped by. This allowed [PAWN_objective] to have [PAWN_possessive] pick of sleeping and often solitary travellers for a midnight snack.",baseDesc,BackstoryDefs\Backstories_Adult.xml,def,"<ALIMT >(PH_3)</ALIMT> built and ran an inn along an occasionally-travelled road. It was the only place to rest for hours, either way, so just about every traveller heading therealong stopped by. This allowed <ALIMT >(PH_2)</ALIMT> to have <ALIMT >(PH_1)</ALIMT> pick of sleeping and often solitary travellers for a midnight snack."
RV2_Adult_PredAnytypeDigest_SecretUnwilling_Plutophage.title,plutophage,title,BackstoryDefs\Backstories_Adult.xml,def,plutophage
RV2_Adult_PredAnytypeDigest_SecretUnwilling_Plutophage.titleShort,predator,titleShort,BackstoryDefs\Backstories_Adult.xml,def,predator
RV2_Adult_PredAnytypeDigest_SecretUnwilling_Plutophage.baseDesc,"[PAWN_nameDef] took the phrase “eat the rich” very literally. Whenever [PAWN_pronoun] gets the opportunity to dine on the rich and powerful, and get rid of one of society’s parasites, [PAWN_pronoun] takes it. It’s just a matter of getting away with it.",baseDesc,BackstoryDefs\Backstories_Adult.xml,def,"<ALIMT >(PH_3)</ALIMT> took the phrase “eat the rich” very literally. Whenever <ALIMT >(PH_2)</ALIMT> gets the opportunity to dine on the rich and powerful, and get rid of one of society’s parasites, <ALIMT >(PH_1)</ALIMT> takes it. It’s just a matter of getting away with it."
RV2_Adult_PredAnytypeDigest_SecretUnwilling_PirateCaptainPredacious.title,predacious pirate captain,title,BackstoryDefs\Backstories_Adult.xml,def,predacious pirate captain
RV2_Adult_PredAnytypeDigest_SecretUnwilling_PirateCaptainPredacious.titleShort,pirate captain,titleShort,BackstoryDefs\Backstories_Adult.xml,def,pirate captain
RV2_Adult_PredAnytypeDigest_SecretUnwilling_PirateCaptainPredacious.baseDesc,"[PAWN_nameDef] was the captain of a pirate starship, raiding cargo haulers and pillaging space stations. While the loot was nice, and bossing [PAWN_possessive] crew around was fun, nothing quite compared to filling out [PAWN_possessive] own booty with those captured in their raids.",baseDesc,BackstoryDefs\Backstories_Adult.xml,def,"<ALIMT >(PH_3)</ALIMT> was the captain of a pirate starship, raiding cargo haulers and pillaging space stations. While the loot was nice, and bossing <ALIMT >(PH_2)</ALIMT> crew around was fun, nothing quite compared to filling out <ALIMT >(PH_1)</ALIMT> own booty with those captured in their raids."
RV2_Adult_PredAnytypeDigest_SecretUnwilling_ServantMunchy.title,hungry butler,title,BackstoryDefs\Backstories_Adult.xml,def,hungry <ALIMT >butler</ALIMT>
RV2_Adult_PredAnytypeDigest_SecretUnwilling_ServantMunchy.titleShort,butler,titleShort,BackstoryDefs\Backstories_Adult.xml,def,<ALIMT >butler</ALIMT>
RV2_Adult_PredAnytypeDigest_SecretUnwilling_ServantMunchy.baseDesc,"[PAWN_nameDef] worked as a servant for many rich families, but never for very long. After ingratiating [PAWN_objective]self with the family, learning all the codes to their safes and where they keep the good wine, [PAWN_pronoun] would sneakily “clean up” every single member of the household and staff before fencing their valuables and moving to a new city.",baseDesc,BackstoryDefs\Backstories_Adult.xml,def,"<ALIMT >(PH_3)</ALIMT> worked as a servant for many rich families, but never for very long. After ingratiating <ALIMT >(PH_2)</ALIMT>self with the family, learning all the codes to their safes and where they keep the good wine, <ALIMT >(PH_1)</ALIMT> would sneakily “clean up” every single member of the household and staff before fencing their valuables and moving to a new city."
RV2_Adult_PredAnytypeDigest_SecretUnwilling_SmugglerInsatiable.title,insatiable smuggler,title,BackstoryDefs\Backstories_Adult.xml,def,insatiable smuggler
RV2_Adult_PredAnytypeDigest_SecretUnwilling_SmugglerInsatiable.titleShort,smuggler,titleShort,BackstoryDefs\Backstories_Adult.xml,def,smuggler
RV2_Adult_PredAnytypeDigest_SecretUnwilling_SmugglerInsatiable.baseDesc,"[PAWN_nameDef] was a smuggler of the stars, skipping from system to system to collect and deliver all manner of packages too personal or clandestine to be sent through the Intersystem delivery corps. It was a lonely job, so [PAWN_pronoun] made sure to bring a passenger or two along. However, unless they were paying well, the only destination those passengers ever reached was [PAWN_possessive] hips. Any remains or unwanted possessions would be shot out the waste chute.",baseDesc,BackstoryDefs\Backstories_Adult.xml,def,"<ALIMT >(PH_3)</ALIMT> was a smuggler of the stars, skipping from system to system to collect and deliver all manner of packages too personal or clandestine to be sent through the Intersystem delivery corps. It was a lonely job, so <ALIMT >(PH_2)</ALIMT> made sure to bring a passenger or two along. However, unless they were paying well, the only destination those passengers ever reached was <ALIMT >(PH_1)</ALIMT> hips. Any remains or unwanted possessions would be shot out the waste chute."
RV2_Adult_PredAnytypeDigest_SecretUnwilling_SerialPredator.title,serial predator,title,BackstoryDefs\Backstories_Adult.xml,def,serial predator
RV2_Adult_PredAnytypeDigest_SecretUnwilling_SerialPredator.titleShort,serial predator,titleShort,BackstoryDefs\Backstories_Adult.xml,def,serial predator
RV2_Adult_PredAnytypeDigest_SecretUnwilling_SerialPredator.baseDesc,"[PAWN_nameDef] stalked the streets like a hunting ground, preying indiscriminately on the masses to satisfy [PAWN_possessive] hunger and lust. Countless hapless victims have disappeared, leaving nothing behind, into any hole [PAWN_pronoun] felt like filling that day. [PAWN_pronoun] has no desire to stop any time soon.",baseDesc,BackstoryDefs\Backstories_Adult.xml,def,"<ALIMT >(PH_4)</ALIMT> stalked the streets like a hunting ground, preying indiscriminately on the masses to satisfy <ALIMT >(PH_3)</ALIMT> hunger and <ALIMT >lust</ALIMT>. Countless hapless victims have disappeared, leaving nothing behind, into any hole <ALIMT >(PH_2)</ALIMT> felt like filling that day. <ALIMT >(PH_1)</ALIMT> has no <ALIMT >desire</ALIMT> to <ALIMT >stop</ALIMT> any time soon."
RV2_Adult_PredAnytypeDigest_SecretUnwilling_VigilanteUnlawful.title,voregilante,title,BackstoryDefs\Backstories_Adult.xml,def,voregilante
RV2_Adult_PredAnytypeDigest_SecretUnwilling_VigilanteUnlawful.titleShort,vigilante,titleShort,BackstoryDefs\Backstories_Adult.xml,def,vigilante
RV2_Adult_PredAnytypeDigest_SecretUnwilling_VigilanteUnlawful.baseDesc,"[PAWN_nameDef] was a vigilante with a very punitive sense of justice. As self-elected judge, jury, and executioner, any criminal [PAWN_pronoun] got [PAWN_possessive] hands on was guaranteed to receive the death sentence in [PAWN_possessive] belly.",baseDesc,BackstoryDefs\Backstories_Adult.xml,def,"<ALIMT >(PH_4)</ALIMT> was a vigilante with a very punitive sense of justice. As self-elected judge, jury, and executioner, any criminal <ALIMT >(PH_3)</ALIMT> got <ALIMT >(PH_2)</ALIMT> hands on was guaranteed to receive the death sentence in <ALIMT >(PH_1)</ALIMT> belly."
RV2_Adult_PredAnytypeDigest_ReluctantUnwilling_SurvivoreApocalyptic.title,apocalyptic survivore,title,BackstoryDefs\Backstories_Adult.xml,def,apocalyptic survivore
RV2_Adult_PredAnytypeDigest_ReluctantUnwilling_SurvivoreApocalyptic.titleShort,survivore,titleShort,BackstoryDefs\Backstories_Adult.xml,def,survivore
RV2_Adult_PredAnytypeDigest_ReluctantUnwilling_SurvivoreApocalyptic.baseDesc,"When [PAWN_nameDef]’s homeworld came crashing down around [PAWN_objective], [PAWN_possessive] quality of life plummeted sharply. [PAWN_pronoun] did what it took to survive, awakening a voracious, predatory impulse in [PAWN_objective]self which [PAWN_possessive] former cushy lifestyle had suppressed.",baseDesc,BackstoryDefs\Backstories_Adult.xml,def,"When <ALIMT >(PH_6)</ALIMT>’s homeworld came crashing down around <ALIMT >(PH_5)</ALIMT>, <ALIMT >(PH_4)</ALIMT> quality of life plummeted sharply. <ALIMT >(PH_3)</ALIMT> did what it took to survive, awakening a voracious, predatory impulse in <ALIMT >(PH_2)</ALIMT>self which <ALIMT >(PH_1)</ALIMT> former cushy lifestyle had suppressed."
RV2_Adult_PredAnytypeDigest_ReluctantUnwilling_SurvivoreCastaway.title,castaway survivore,title,BackstoryDefs\Backstories_Adult.xml,def,castaway survivore
RV2_Adult_PredAnytypeDigest_ReluctantUnwilling_SurvivoreCastaway.titleShort,castaway,titleShort,BackstoryDefs\Backstories_Adult.xml,def,castaway
RV2_Adult_PredAnytypeDigest_ReluctantUnwilling_SurvivoreCastaway.baseDesc,"The vessel carrying [PAWN_nameDef] hit bad weather and crashed upon a deserted island, far from any shore. A quadrum or two later, a passing ship noted the campfire and sent its crew over to investigate. There they found, to their shock, a surprisingly healthy [PAWN_nameDef] and no sign of any of the other passengers, except for far more improvised shelter than [PAWN_pronoun] could have possibly needed.",baseDesc,BackstoryDefs\Backstories_Adult.xml,def,"The vessel carrying <ALIMT >(PH_3)</ALIMT> hit bad weather and crashed upon a deserted island, far from any shore. A quadrum or two later, a passing ship noted the campfire and sent its crew over to investigate. There they found, to their shock, a surprisingly healthy <ALIMT >(PH_2)</ALIMT> and no sign of any of the other passengers, except for far more improvised shelter than <ALIMT >(PH_1)</ALIMT> could have possibly needed."
RV2_Adult_PredAnytypeDigest_ReluctantUnwilling_SurvivoreCaveIn.title,cave-in survivore,title,BackstoryDefs\Backstories_Adult.xml,def,cave-in survivore
RV2_Adult_PredAnytypeDigest_ReluctantUnwilling_SurvivoreCaveIn.titleShort,survivore,titleShort,BackstoryDefs\Backstories_Adult.xml,def,survivore
RV2_Adult_PredAnytypeDigest_ReluctantUnwilling_SurvivoreCaveIn.baseDesc,"[PAWN_nameDef] was trapped when the mine [PAWN_pronoun] toiled in collapsed, trapping [PAWN_objective] and dozens of other miners. Both sides of the cave-in toiled day and night to clear the rubble, but halfway through excavation, the sound of picks on the inside died down to just one. When the barrier was finally broken, they only found [PAWN_nameDef] digging away, alive and surprisingly healthy.",baseDesc,BackstoryDefs\Backstories_Adult.xml,def,"<ALIMT >(PH_4)</ALIMT> was trapped when the mine <ALIMT >(PH_3)</ALIMT> toiled in collapsed, trapping <ALIMT >(PH_2)</ALIMT> and dozens of other miners. Both sides of the cave-in toiled day and night to clear the rubble, but halfway through excavation, the sound of picks on the inside died down to just one. When the barrier was finally <ALIMT >broken</ALIMT>, they only found <ALIMT >(PH_1)</ALIMT> digging away, alive and surprisingly healthy."
RV2_Adult_PredAnytypeDigest_ReluctantUnwilling_SurvivoreCrash.title,crash survivore,title,BackstoryDefs\Backstories_Adult.xml,def,crash survivore
RV2_Adult_PredAnytypeDigest_ReluctantUnwilling_SurvivoreCrash.titleShort,survivore,titleShort,BackstoryDefs\Backstories_Adult.xml,def,survivore
RV2_Adult_PredAnytypeDigest_ReluctantUnwilling_SurvivoreCrash.baseDesc,"[PAWN_nameDef]’s spaceship fell from the sky over an animal world, where humans had yet to colonize. When a large carnivore decided to take a bite out of one of [PAWN_possessive] compatriots hunting for food, it awakened something in [PAWN_nameDef] that urged [PAWN_objective] to do the same. Throughout the repair process, [PAWN_nameDef] devoured all of [PAWN_possessive] humanoid companions and took off alone, drooling at the opportunity to try what the animal kingdom taught [PAWN_objective] on the rest of the solar system.",baseDesc,BackstoryDefs\Backstories_Adult.xml,def,"<ALIMT >(PH_7)</ALIMT>’s spaceship fell from the sky over an animal world, where humans had yet to colonize. When a large carnivore decided to take a bite out of one of <ALIMT >(PH_6)</ALIMT> compatriots hunting for food, it awakened something in <ALIMT >(PH_5)</ALIMT> that urged <ALIMT >(PH_4)</ALIMT> to do the same. Throughout the repair process, <ALIMT >(PH_3)</ALIMT> devoured all of <ALIMT >(PH_2)</ALIMT> humanoid companions and took off alone, drooling at the opportunity to try what the animal kingdom taught <ALIMT >(PH_1)</ALIMT> on the rest of the solar system."
RV2_Adult_PredAnytypeDigest_ReluctantUnwilling_SurvivoreCryptawoken.title,cryptawoken survivore,title,BackstoryDefs\Backstories_Adult.xml,def,cryptawoken survivore
RV2_Adult_PredAnytypeDigest_ReluctantUnwilling_SurvivoreCryptawoken.titleShort,survivore,titleShort,BackstoryDefs\Backstories_Adult.xml,def,survivore
RV2_Adult_PredAnytypeDigest_ReluctantUnwilling_SurvivoreCryptawoken.baseDesc,"[PAWN_nameDef] joined a colonization program and entered a Cryptosleep Pod for a long journey. Unfortunately, the navigation system malfunctioned, and [PAWN_nameDef] woke up alone and way off course. Once the emergency food left around for just this purpose ran out, however, it was with some hesitation (weakened by maddening loneliness and hunger) that [PAWN_pronoun] turned to the other kind of meals, while [PAWN_pronoun] fixed the ship and located a new world to land on, with whoever, if anyone, remained.",baseDesc,BackstoryDefs\Backstories_Adult.xml,def,"<ALIMT >(PH_4)</ALIMT> joined a colonization program and entered a Cryptosleep Pod for a long journey. Unfortunately, the navigation system malfunctioned, and <ALIMT >(PH_3)</ALIMT> woke up alone and way off course. Once the emergency food left around for just this purpose ran out, however, it was with some hesitation (weakened by maddening loneliness and hunger) that <ALIMT >(PH_2)</ALIMT> turned to the other kind of meals, while <ALIMT >(PH_1)</ALIMT> fixed the ship and located a new world to land on, with whoever, if anyone, remained."
RV2_Adult_PredAnytypeDigest_ReluctantUnwilling_SurvivoreSiege.title,siege survivore,title,BackstoryDefs\Backstories_Adult.xml,def,siege survivore
RV2_Adult_PredAnytypeDigest_ReluctantUnwilling_SurvivoreSiege.titleShort,survivore,titleShort,BackstoryDefs\Backstories_Adult.xml,def,survivore
RV2_Adult_PredAnytypeDigest_ReluctantUnwilling_SurvivoreSiege.baseDesc,"[PAWN_nameDef] was trapped in a city under an unending siege. As the granaries ran empty and [PAWN_possessive] stomach rumbled louder and louder, [PAWN_nameDef] submitted to [PAWN_possessive] forbidden temptations and began to prey upon those who’d fallen weak with hunger. When the remaining watchmen finally gave in and opened the gates to the army outside, [PAWN_nameDef] used that preserved strength to slip away unapprehended.",baseDesc,BackstoryDefs\Backstories_Adult.xml,def,"<ALIMT >(PH_5)</ALIMT> was trapped in a city under an unending siege. As the granaries ran empty and <ALIMT >(PH_4)</ALIMT> stomach rumbled louder and louder, <ALIMT >(PH_3)</ALIMT> submitted to <ALIMT >(PH_2)</ALIMT> forbidden temptations and began to prey upon those who’d fallen weak with hunger. When the remaining watchmen finally gave in and opened the gates to the army outside, <ALIMT >(PH_1)</ALIMT> used that preserved strength to slip away unapprehended."
RV2_Adult_PredAnytypeTempEndo_OpenWilling_AcrobatEndo.title,endo art model,title,BackstoryDefs\Backstories_Adult.xml,def,endo art model
RV2_Adult_PredAnytypeTempEndo_OpenWilling_AcrobatEndo.titleShort,art model,titleShort,BackstoryDefs\Backstories_Adult.xml,def,art model
RV2_Adult_PredAnytypeTempEndo_OpenWilling_AcrobatEndo.baseDesc,"[PAWN_nameDef] was an acrobat who pulled off great feats of voracity, strength, and acrobatics, all while laden down with up to ten other performers and even volunteers from [PAWN_possessive] audience, before safely letting them out back on the ground--or even into the waiting maw of another performer--dizzy, but alive.",baseDesc,BackstoryDefs\Backstories_Adult.xml,def,"<ALIMT >(PH_2)</ALIMT> was an acrobat who pulled off great feats of voracity, strength, and acrobatics, all while laden down with up to ten other performers and even volunteers from <ALIMT >(PH_1)</ALIMT> audience, before safely letting them out back on the ground--or even into the waiting maw of another performer--dizzy, but alive."
RV2_Adult_PredAnytypeTempEndo_OpenWilling_ArtModelEndo.title,endo art model,title,BackstoryDefs\Backstories_Adult.xml,def,endo art model
RV2_Adult_PredAnytypeTempEndo_OpenWilling_ArtModelEndo.titleShort,art model,titleShort,BackstoryDefs\Backstories_Adult.xml,def,art model
RV2_Adult_PredAnytypeTempEndo_OpenWilling_ArtModelEndo.baseDesc,"[PAWN_nameDef] was an artist’s model specializing in modeling the form of [PAWN_possessive] body while a whole live person was inside. After the session, [PAWN_pronoun] would let [PAWN_possessive] belly-stuffer out and see what the artist(s) had made.",baseDesc,BackstoryDefs\Backstories_Adult.xml,def,"<ALIMT >(PH_5)</ALIMT> was an artist’s model specializing in modeling the form of <ALIMT >(PH_4)</ALIMT> body while a whole live person was inside. After the session, <ALIMT >(PH_3)</ALIMT> would let <ALIMT >(PH_2)</ALIMT> belly-stuffer out and see what the <ALIMT >(PH_1)</ALIMT> had made."
RV2_Adult_PredAnytypeTempEndo_OpenWilling_CallPlaireEasygoing.title,easygoing call-plaire,title,BackstoryDefs\Backstories_Adult.xml,def,easygoing call-plaire
RV2_Adult_PredAnytypeTempEndo_OpenWilling_CallPlaireEasygoing.titleShort,call-plaire,titleShort,BackstoryDefs\Backstories_Adult.xml,def,call-plaire
RV2_Adult_PredAnytypeTempEndo_OpenWilling_CallPlaireEasygoing.baseDesc,"[PAWN_nameDef] was a vore prostitute--a call-pred, but a specific kind of call-pred known as a call-plaire--who sold access to [PAWN_possessive] insides for individual clients and groups to pleasure themselves in before being let out after a while. Since [PAWN_nameDef] granted access to every hole on [PAWN_possessive] body, [PAWN_pronoun] was able to make money from multiple concurrent clients.",baseDesc,BackstoryDefs\Backstories_Adult.xml,def,"<ALIMT >(PH_5)</ALIMT> was a <ALIMT >vore</ALIMT> prostitute--a call-pred, but a specific kind of call-pred known as a call-plaire--who sold access to <ALIMT >(PH_4)</ALIMT> insides for individual clients and groups to pleasure themselves in before being let out after a while. Since <ALIMT >(PH_3)</ALIMT> granted access to every hole on <ALIMT >(PH_2)</ALIMT> body, <ALIMT >(PH_1)</ALIMT> was able to make money from multiple concurrent clients."
RV2_Adult_PredAnytypeTempEndo_OpenWilling_CallPlaireRoleplaying.title,roleplaying call-plaire,title,BackstoryDefs\Backstories_Adult.xml,def,roleplaying call-plaire
RV2_Adult_PredAnytypeTempEndo_OpenWilling_CallPlaireRoleplaying.titleShort,call-plaire,titleShort,BackstoryDefs\Backstories_Adult.xml,def,call-plaire
RV2_Adult_PredAnytypeTempEndo_OpenWilling_CallPlaireRoleplaying.baseDesc,"[PAWN_nameDef] was a vore prostitute--a call-pred, but a specific kind of call-pred known as a call-plaire--who sold access to [PAWN_possessive] insides for individual clients and groups to pleasure themselves in before being let out after a while. [PAWN_nameDef] specifically appealed to clients looking for someone to roleplay a non-consensual predator encounter: after a foreplay of false threats and lurid digestion descriptions, the prey would actually be perfectly safe inside of [PAWN_nameDef] and the roleplay would conclude. However, all those pretend-fights have given [PAWN_nameDef] some strange expectations about real combat.",baseDesc,BackstoryDefs\Backstories_Adult.xml,def,"<ALIMT >(PH_5)</ALIMT> was a <ALIMT >vore</ALIMT> prostitute--a call-pred, but a specific kind of call-pred known as a call-plaire--who sold access to <ALIMT >(PH_4)</ALIMT> insides for individual clients and groups to pleasure themselves in before being let out after a while. <ALIMT >(PH_3)</ALIMT> specifically appealed to clients looking for someone to roleplay a non-consensual predator encounter: after a <ALIMT >foreplay</ALIMT> of false threats and lurid digestion descriptions, the prey would actually be perfectly safe inside of <ALIMT >(PH_2)</ALIMT> and the roleplay would conclude. However, all those pretend-fights have given <ALIMT >(PH_1)</ALIMT> some strange expectations about real combat."
RV2_Adult_PredAnytypeTempEndo_OpenWilling_ClownCarLiving.title,living clown car,title,BackstoryDefs\Backstories_Adult.xml,def,living <ALIMT >clown</ALIMT> car
RV2_Adult_PredAnytypeTempEndo_OpenWilling_ClownCarLiving.titleShort,clown,titleShort,BackstoryDefs\Backstories_Adult.xml,def,<ALIMT >clown</ALIMT>
RV2_Adult_PredAnytypeTempEndo_OpenWilling_ClownCarLiving.baseDesc,[PAWN_nameDef] was a circus clown whose gimmick was *being* the clown car. [PAWN_possessive] cohorts would all climb inside and be let out all at once after [PAWN_nameDef] staged a fall or other slapstick accident.,baseDesc,BackstoryDefs\Backstories_Adult.xml,def,<ALIMT >(PH_3)</ALIMT> was a circus <ALIMT >clown</ALIMT> whose gimmick was *being* the <ALIMT >clown</ALIMT> car. <ALIMT >(PH_2)</ALIMT> cohorts would all climb inside and be let out all at once after <ALIMT >(PH_1)</ALIMT> staged a fall or other slapstick accident.
RV2_Adult_PredAnytypeTempEndo_OpenWilling_GuardianGullet.title,guardian gullet,title,BackstoryDefs\Backstories_Adult.xml,def,guardian gullet
RV2_Adult_PredAnytypeTempEndo_OpenWilling_GuardianGullet.titleShort,guardian,titleShort,BackstoryDefs\Backstories_Adult.xml,def,guardian
RV2_Adult_PredAnytypeTempEndo_OpenWilling_GuardianGullet.baseDesc,"[PAWN_nameDef] was a bodyguard with an unconventional strategy: when shit hit the fan, the safest possible place for the VIP to be was inside of [PAWN_nameDef]. [PAWN_pronoun] is trained to shoot and brawl even while burdened down by another’s body.",baseDesc,BackstoryDefs\Backstories_Adult.xml,def,"<ALIMT >(PH_3)</ALIMT> was a bodyguard with an unconventional strategy: when shit hit the fan, the safest possible place for the VIP to be was inside of <ALIMT >(PH_2)</ALIMT>. <ALIMT >(PH_1)</ALIMT> is trained to shoot and brawl even while burdened down by another’s body."
RV2_Adult_PredAnytypeTempEndo_OpenWilling_SleepingBagRental.title,rental sleeping bag,title,BackstoryDefs\Backstories_Adult.xml,def,rental sleeping bag
RV2_Adult_PredAnytypeTempEndo_OpenWilling_SleepingBagRental.titleShort,sleeping Bag,titleShort,BackstoryDefs\Backstories_Adult.xml,def,sleeping Bag
RV2_Adult_PredAnytypeTempEndo_OpenWilling_SleepingBagRental.baseDesc,"[PAWN_nameDef] was a vore prostitute--a call-pred, but a specific kind of call-pred known as a call-plaire--who sold access to [PAWN_possessive] insides for individual clients and groups to pleasure themselves in before being let out after a while. [PAWN_nameDef] specifically appealed to clients looking for someone to roleplay a non-consensual predator encounter: after a foreplay of false threats and lurid digestion descriptions, the prey would actually be perfectly safe inside of [PAWN_nameDef] and the roleplay would conclude. However, all those pretend-fights have given [PAWN_nameDef] some strange expectations about real combat.",baseDesc,BackstoryDefs\Backstories_Adult.xml,def,"<ALIMT >(PH_5)</ALIMT> was a <ALIMT >vore</ALIMT> prostitute--a call-pred, but a specific kind of call-pred known as a call-plaire--who sold access to <ALIMT >(PH_4)</ALIMT> insides for individual clients and groups to pleasure themselves in before being let out after a while. <ALIMT >(PH_3)</ALIMT> specifically appealed to clients looking for someone to roleplay a non-consensual predator encounter: after a <ALIMT >foreplay</ALIMT> of false threats and lurid digestion descriptions, the prey would actually be perfectly safe inside of <ALIMT >(PH_2)</ALIMT> and the roleplay would conclude. However, all those pretend-fights have given <ALIMT >(PH_1)</ALIMT> some strange expectations about real combat."
RV2_Adult_PredAnytypeTempEndo_OpenWilling_StruggleStripper.title,struggle-stripper,title,BackstoryDefs\Backstories_Adult.xml,def,struggle-stripper
RV2_Adult_PredAnytypeTempEndo_OpenWilling_StruggleStripper.titleShort,stripper,titleShort,BackstoryDefs\Backstories_Adult.xml,def,stripper
RV2_Adult_PredAnytypeTempEndo_OpenWilling_StruggleStripper.baseDesc,"In the sleazy bars and clubs of [PAWN_possessive] homeworld, struggle-strippers like [PAWN_nameDef] can be found putting on voracious shows, putting away their coworkers (or particularly generous audience members) while fully-clothed and then stripping down to slowly grant their bulges more room to thrash about. Popped buttons, torn fabric, and other visceral markers of tight clothes, overstuffed and overstressed, abound.",baseDesc,BackstoryDefs\Backstories_Adult.xml,def,"In the sleazy bars and clubs of <ALIMT >(PH_2)</ALIMT> homeworld, struggle-strippers like <ALIMT >(PH_1)</ALIMT> can be found putting on voracious shows, putting away their coworkers (or particularly generous audience members) while fully-<ALIMT >clothed</ALIMT> and then stripping down to slowly grant their bulges more room to thrash about. Popped <ALIMT >buttons</ALIMT>, torn fabric, and other visceral markers of tight clothes, overstuffed and overstressed, abound."
RV2_Adult_PredAnytypeTempEndo_OpenWilling_TaxiLiving.title,living taxi,title,BackstoryDefs\Backstories_Adult.xml,def,living taxi
RV2_Adult_PredAnytypeTempEndo_OpenWilling_TaxiLiving.titleShort,taxi,titleShort,BackstoryDefs\Backstories_Adult.xml,def,taxi
RV2_Adult_PredAnytypeTempEndo_OpenWilling_TaxiLiving.baseDesc,"Maybe the streets aren’t wide enough to fit more than pedestrian traffic, or maybe you just don’t want to crawl into the back of a dingy cab, but you absolutely do not want to walk all the way to where you need to be. That’s where living taxis like [PAWN_nameDef] come in, escorting passengers safely inside [PAWN_possessive] body.",baseDesc,BackstoryDefs\Backstories_Adult.xml,def,"Maybe the streets aren’t wide enough to fit more than pedestrian traffic, or maybe you just don’t want to crawl into the back of a dingy cab, but you absolutely do not want to walk all the way to where you need to be. That’s where living taxis like <ALIMT >(PH_2)</ALIMT> come in, escorting passengers safely inside <ALIMT >(PH_1)</ALIMT> body."
RV2_Adult_PredAnytypeTempEndo_OpenWilling_VornstarPred.title,vornstar pred,title,BackstoryDefs\Backstories_Adult.xml,def,vornstar pred
RV2_Adult_PredAnytypeTempEndo_OpenWilling_VornstarPred.titleShort,vornstar,titleShort,BackstoryDefs\Backstories_Adult.xml,def,vornstar
RV2_Adult_PredAnytypeTempEndo_OpenWilling_VornstarPred.baseDesc,"[PAWN_nameDef] acted out the role of pred in a range of vornographic films and photoshoots. Of course, all of the digestions were faked: it’s expensive to keep replacing prey actors (especially good ones), and you can’t exactly make marketable celebrities out of them when they’re gone.",baseDesc,BackstoryDefs\Backstories_Adult.xml,def,"<ALIMT >(PH_1)</ALIMT> acted out the role of pred in a range of vornographic films and photoshoots. Of course, all of the digestions were faked: it’s expensive to keep replacing prey actors (especially good ones), and you can’t exactly make marketable celebrities out of them when they’re gone."
RV2_Adult_PredAnytypeTempEndo_OpenDubious_BellavoreImperial.title,imperial bellavore,title,BackstoryDefs\Backstories_Adult.xml,def,imperial bellavore
RV2_Adult_PredAnytypeTempEndo_OpenDubious_BellavoreImperial.titleShort,bellavore,titleShort,BackstoryDefs\Backstories_Adult.xml,def,bellavore
RV2_Adult_PredAnytypeTempEndo_OpenDubious_BellavoreImperial.baseDesc,"[PAWN_nameDef] was a bellavore serving the local star empire, charged with the incapacitation and capture of particularly valuable enemies of the empire, whether for intelligence-gathering or slavery. It’s a job that demands great willpower and self-control, lest the prey be churned into worthless mush before drop-off.",baseDesc,BackstoryDefs\Backstories_Adult.xml,def,"<ALIMT >(PH_1)</ALIMT> was a bellavore serving the local star empire, charged with the incapacitation and capture of particularly valuable enemies of the empire, whether for intelligence-gathering or slavery. It’s a job that demands great willpower and self-control, lest the prey be churned into worthless mush before drop-off."
RV2_Adult_PredAnytypeTempEndo_OpenUnwilling_VigilanteLawful.title,voregilante,title,BackstoryDefs\Backstories_Adult.xml,def,voregilante
RV2_Adult_PredAnytypeTempEndo_OpenUnwilling_VigilanteLawful.titleShort,vigilante,titleShort,BackstoryDefs\Backstories_Adult.xml,def,vigilante
RV2_Adult_PredAnytypeTempEndo_OpenUnwilling_VigilanteLawful.baseDesc,"[PAWN_nameDef] was a vigilante who hid an appetite for justice behind the appearance of unassuming citizen strolling into a dangerous situation. Anyone who tried to take advantage of [PAWN_objective] found themselves overpowered and devoured, to be left in the custody of law enforcement. Between masking [PAWN_possessive] strength and smoothing misunderstandings over with the law, [PAWN_nameDef] has developed people skills in addition to melee competence.",baseDesc,BackstoryDefs\Backstories_Adult.xml,def,"<ALIMT >(PH_4)</ALIMT> was a vigilante who hid an appetite for justice behind the appearance of unassuming citizen strolling into a dangerous situation. Anyone who tried to take advantage of <ALIMT >(PH_3)</ALIMT> found themselves overpowered and devoured, to be left in the custody of law enforcement. Between masking <ALIMT >(PH_2)</ALIMT> strength and smoothing misunderstandings over with the law, <ALIMT >(PH_1)</ALIMT> has developed people skills in addition to melee competence."
RV2_Adult_PredAnytypeTempEndo_SecretDubious_Trunketeer.title,trunketeer,title,BackstoryDefs\Backstories_Adult.xml,def,trunketeer
RV2_Adult_PredAnytypeTempEndo_SecretDubious_Trunketeer.titleShort,trunketeer,titleShort,BackstoryDefs\Backstories_Adult.xml,def,trunketeer
RV2_Adult_PredAnytypeTempEndo_SecretDubious_Trunketeer.baseDesc,"[PAWN_nameDef] was a smuggler who used vore to hide contraband inside [PAWN_possessive] body. So long as you stuff things in deep enough, it won’t be found in a cavity search, and most people will think you’re just pregnant.",baseDesc,BackstoryDefs\Backstories_Adult.xml,def,"<ALIMT >(PH_2)</ALIMT> was a smuggler who used <ALIMT >vore</ALIMT> to hide contraband inside <ALIMT >(PH_1)</ALIMT> body. So long as you stuff things in deep enough, it won’t be found in a cavity search, and most people will think you’re just <ALIMT >pregnant</ALIMT>."
RV2_Adult_PredAnytypeTempEndo_SecretUnwilling_SerialRavisseur.title,serial ravisseur,title,BackstoryDefs\Backstories_Adult.xml,def,serial ravisseur
RV2_Adult_PredAnytypeTempEndo_SecretUnwilling_SerialRavisseur.titleShort,ravisseur,titleShort,BackstoryDefs\Backstories_Adult.xml,def,ravisseur
RV2_Adult_PredAnytypeTempEndo_SecretUnwilling_SerialRavisseur.baseDesc,"[PAWN_nameDef] is a ravisseur: a predator who uses vore for short-term kidnapping. [PAWN_pronoun] just did it to unwilling prey for kicks. Sometimes you just have an itch that needs scratching; an itch deep, deep inside your body.",baseDesc,BackstoryDefs\Backstories_Adult.xml,def,"<ALIMT >(PH_2)</ALIMT> is a ravisseur: a predator who uses <ALIMT >vore</ALIMT> for short-term kidnapping. <ALIMT >(PH_1)</ALIMT> just did it to unwilling prey for kicks. Sometimes you just have an itch that needs scratching; an itch deep, deep inside your body."
RV2_Adult_PredAnytypeLongendo_OpenWilling_QuarantineUnitLiving.title,living quarantine unit,title,BackstoryDefs\Backstories_Adult.xml,def,living quarantine unit
RV2_Adult_PredAnytypeLongendo_OpenWilling_QuarantineUnitLiving.titleShort,quarantine unit,titleShort,BackstoryDefs\Backstories_Adult.xml,def,quarantine unit
RV2_Adult_PredAnytypeLongendo_OpenWilling_QuarantineUnitLiving.baseDesc,"When a deadly plague hit and [PAWN_nameDef] developed immunity, [PAWN_pronoun] enlisted with the medical corps. While [PAWN_pronoun] couldn’t stomach the burden of being a disposal officer, [PAWN_pronoun] did find [PAWN_possessive] calling personally quarantining very important people.",baseDesc,BackstoryDefs\Backstories_Adult.xml,def,"When a deadly plague hit and <ALIMT >(PH_5)</ALIMT> developed immunity, <ALIMT >(PH_4)</ALIMT> enlisted with the medical corps. While <ALIMT >(PH_3)</ALIMT> couldn’t stomach the burden of being a disposal officer, <ALIMT >(PH_2)</ALIMT> did find <ALIMT >(PH_1)</ALIMT> calling personally quarantining very important people."
RV2_Adult_PredAnytypeLongendo_OpenDubious_JailCellLiving.title,living jail cell,title,BackstoryDefs\Backstories_Adult.xml,def,living jail cell
RV2_Adult_PredAnytypeLongendo_OpenDubious_JailCellLiving.titleShort,jailor,titleShort,BackstoryDefs\Backstories_Adult.xml,def,jailor
RV2_Adult_PredAnytypeLongendo_OpenDubious_JailCellLiving.baseDesc,"When a stationary, inanimate jail cell just won’t cut it, the law employs living jail cells like [PAWN_nameDef] to hold captives awaiting processing.",baseDesc,BackstoryDefs\Backstories_Adult.xml,def,"When a stationary, inanimate jail cell just won’t cut it, the law employs living jail cells like <ALIMT >(PH_1)</ALIMT> to hold captives awaiting processing."
RV2_Adult_PredAnytypeLongendo_OpenUnwilling_SlaveWarehouseLiving.title,living slave warehouse,title,BackstoryDefs\Backstories_Adult.xml,def,living <ALIMT >slave</ALIMT> warehouse
RV2_Adult_PredAnytypeLongendo_OpenUnwilling_SlaveWarehouseLiving.titleShort,slaver,titleShort,BackstoryDefs\Backstories_Adult.xml,def,slaver
RV2_Adult_PredAnytypeLongendo_OpenUnwilling_SlaveWarehouseLiving.baseDesc,"For merchandise with a tendency to try and run away, unscrupulous geoliers like [PAWN_nameDef] serve as inescapable slave quarters during transit.",baseDesc,BackstoryDefs\Backstories_Adult.xml,def,"For merchandise with a tendency to try and run away, unscrupulous geoliers like <ALIMT >(PH_1)</ALIMT> serve as inescapable <ALIMT >slave</ALIMT> quarters during transit."
RV2_Adult_PredAnytypeLongendo_SecretUnwilling_SerialGeolier.title,serial geolier,title,BackstoryDefs\Backstories_Adult.xml,def,serial geolier
RV2_Adult_PredAnytypeLongendo_SecretUnwilling_SerialGeolier.titleShort,geolier,titleShort,BackstoryDefs\Backstories_Adult.xml,def,geolier
RV2_Adult_PredAnytypeLongendo_SecretUnwilling_SerialGeolier.baseDesc,"[PAWN_nameDef] is a geolier: a predator who uses vore for long-term imprisonment. [PAWN_pronoun] just did it to unwilling prey for kicks. To just lose the prey for a while, forgetting them but for the weight and metabolic drain? To have no plans on their release, perhaps to hold them indefinitely? Thrilling.",baseDesc,BackstoryDefs\Backstories_Adult.xml,def,"<ALIMT >(PH_2)</ALIMT> is a geolier: a predator who uses <ALIMT >vore</ALIMT> for long-term imprisonment. <ALIMT >(PH_1)</ALIMT> just did it to unwilling prey for kicks. To just lose the prey for a while, forgetting them but for the weight and metabolic drain? To have no plans on their release, perhaps to hold them indefinitely? Thrilling."
RV2_Adult_PredOralAnygoal_CasualDubious_SuperstarPredatorOral.title,oral pred superstar,title,BackstoryDefs\Backstories_Adult.xml,def,<ALIMT >oral</ALIMT> pred superstar
RV2_Adult_PredOralAnygoal_CasualDubious_SuperstarPredatorOral.titleShort,oral star,titleShort,BackstoryDefs\Backstories_Adult.xml,def,<ALIMT >oral</ALIMT> star
RV2_Adult_PredOralAnygoal_CasualDubious_SuperstarPredatorOral.baseDesc,"[PAWN_nameDef] made [PAWN_possessive] mouth immortal in the public consciousness: [PAWN_possessive] juicy lips, [PAWN_possessive] polished teeth, [PAWN_possessive] slavering tongue, [PAWN_possessive] lusty voice. Countless prey have slid down [PAWN_possessive] gullet, willingly or at [PAWN_possessive] whim.",baseDesc,BackstoryDefs\Backstories_Adult.xml,def,"<ALIMT >(PH_8)</ALIMT> made <ALIMT >(PH_7)</ALIMT> mouth immortal in the <ALIMT >public</ALIMT> consciousness: <ALIMT >(PH_6)</ALIMT> juicy lips, <ALIMT >(PH_5)</ALIMT> polished teeth, <ALIMT >(PH_4)</ALIMT> slavering tongue, <ALIMT >(PH_3)</ALIMT> lusty voice. Countless prey have slid down <ALIMT >(PH_2)</ALIMT> gullet, willingly or at <ALIMT >(PH_1)</ALIMT> whim."
RV2_Adult_PredOralDigest_OpenWilling_CallChurnerOral.title,oral call-churner,title,BackstoryDefs\Backstories_Adult.xml,def,<ALIMT >oral</ALIMT> call-churner
RV2_Adult_PredOralDigest_OpenWilling_CallChurnerOral.titleShort,call-churner,titleShort,BackstoryDefs\Backstories_Adult.xml,def,call-churner
RV2_Adult_PredOralDigest_OpenWilling_CallChurnerOral.baseDesc,"[PAWN_nameDef] was a vore prostitute--a call-pred, but a specific kind of call-pred known as a call-churner--who allowed those with the money and the death-wish/reformation-access to purchase a gurgling on top of the vore. [PAWN_nameDef] specialized in oral vore, constantly forced to spend [PAWN_possessive] earnings at the gym to keep in working shape from all the fat [PAWN_possessive] clients left [PAWN_objective] with.",baseDesc,BackstoryDefs\Backstories_Adult.xml,def,"<ALIMT >(PH_5)</ALIMT> was a <ALIMT >vore</ALIMT> prostitute--a call-pred, but a specific kind of call-pred known as a call-churner--who allowed those with the money and the death-wish/reformation-access to purchase a gurgling on top of the <ALIMT >vore</ALIMT>. <ALIMT >(PH_4)</ALIMT> specialized in <ALIMT >oral</ALIMT> <ALIMT >vore</ALIMT>, constantly <ALIMT >forced</ALIMT> to spend <ALIMT >(PH_3)</ALIMT> earnings at the gym to keep in working shape from all the fat <ALIMT >(PH_2)</ALIMT> clients left <ALIMT >(PH_1)</ALIMT> with."
RV2_Adult_PredOralDigest_OpenDubious_KnightBite.title,bite-knight,title,BackstoryDefs\Backstories_Adult.xml,def,bite-knight
RV2_Adult_PredOralDigest_OpenDubious_KnightBite.titleShort,bite-knight,titleShort,BackstoryDefs\Backstories_Adult.xml,def,bite-knight
RV2_Adult_PredOralDigest_OpenDubious_KnightBite.baseDesc,"[PAWN_nameDef] stood among the elite ranks of [PAWN_possessive] kingdom’s prestigious bite-knights: warriors who donned no helmet in combat, so as to keep their gleaming teeth and yawning maws free. Though going helmetless had its risks, it did grant [PAWN_objective] a certain presence on the battlefield that awed comrades and intimidated enemies alike. All [PAWN_possessive] hygienic needs were attended to by a squire, who’d sometimes have to climb quite deep into [PAWN_possessive] maw to clean up...",baseDesc,BackstoryDefs\Backstories_Adult.xml,def,"<ALIMT >(PH_5)</ALIMT> stood among the elite ranks of <ALIMT >(PH_4)</ALIMT> kingdom’s prestigious bite-knights: warriors who donned no helmet in combat, so as to keep their gleaming teeth and yawning maws free. Though going helmetless had its risks, it did grant <ALIMT >(PH_3)</ALIMT> a certain presence on the battlefield that awed comrades and intimidated enemies alike. All <ALIMT >(PH_2)</ALIMT> hygienic needs were attended to by a squire, who’d sometimes have to climb quite deep into <ALIMT >(PH_1)</ALIMT> maw to clean up..."
RV2_Adult_PredOralDigest_OpenUnwilling_FarmerFertilizerOral.title,vore-fertilizing farmer,title,BackstoryDefs\Backstories_Adult.xml,def,<ALIMT >vore</ALIMT>-fertilizing farmer
RV2_Adult_PredOralDigest_OpenUnwilling_FarmerFertilizerOral.titleShort,farmer,titleShort,BackstoryDefs\Backstories_Adult.xml,def,farmer
RV2_Adult_PredOralDigest_OpenUnwilling_FarmerFertilizerOral.baseDesc,[PAWN_nameDef] ran a farm on which [PAWN_pronoun] was all too happy to recycle lazy workers or purchased slaves into fertilizer for the fields. Such soil yields a bountiful harvest.,baseDesc,BackstoryDefs\Backstories_Adult.xml,def,<ALIMT >(PH_2)</ALIMT> ran a farm on which <ALIMT >(PH_1)</ALIMT> was all too happy to recycle lazy workers or purchased slaves into fertilizer for the fields. Such soil yields a bountiful harvest.
RV2_Adult_PredOralDigest_SecretUnwilling_SerialPredatorOral.title,serial devourer,title,BackstoryDefs\Backstories_Adult.xml,def,serial devourer
RV2_Adult_PredOralDigest_SecretUnwilling_SerialPredatorOral.titleShort,serial predator,titleShort,BackstoryDefs\Backstories_Adult.xml,def,serial predator
RV2_Adult_PredOralDigest_SecretUnwilling_SerialPredatorOral.baseDesc,"[PAWN_nameDef] is a serial swallower of fatal persuasion. Vore is full of ever so many delightful experiences: the taste of sweaty skin on the tongue, slaked with fear and flight; the racing heart and blood pulsing upon one’s lips; the wriggling in the throat, while the prey thinks they still have a chance of escape; the fullness of a stomach packed so tight the prey can barely squirm as the acid rises around them. [PAWN_nameDef] savors each of these as [PAWN_pronoun] swallows down each new victim.",baseDesc,BackstoryDefs\Backstories_Adult.xml,def,"<ALIMT >(PH_3)</ALIMT> is a serial swallower of fatal persuasion. <ALIMT >vore</ALIMT> is full of ever so many delightful experiences: the taste of sweaty skin on the tongue, slaked with fear and flight; the racing heart and <ALIMT >blood</ALIMT> pulsing upon one’s lips; the wriggling in the throat, while the prey thinks they still have a chance of escape; the fullness of a stomach packed so tight the prey can barely squirm as the acid rises around them. <ALIMT >(PH_2)</ALIMT> savors each of these as <ALIMT >(PH_1)</ALIMT> swallows down each new victim."
RV2_Adult_PredOralTempEndo_OpenWilling_CallPlaireOral.title,oral call-plaire,title,BackstoryDefs\Backstories_Adult.xml,def,<ALIMT >oral</ALIMT> call-plaire
RV2_Adult_PredOralTempEndo_OpenWilling_CallPlaireOral.titleShort,call-plaire,titleShort,BackstoryDefs\Backstories_Adult.xml,def,call-plaire
RV2_Adult_PredOralTempEndo_OpenWilling_CallPlaireOral.baseDesc,"[PAWN_nameDef] was a vore prostitute--a call-pred, but a specific kind of call-pred known as a call-plaire--who sold access to [PAWN_possessive] insides for individual clients and groups to pleasure themselves in before being let out after a while. [PAWN_nameDef] specialized in oral vore, but the problem with oral endosoma is that it really gets you in the mood to actually eat and digest something. So, [PAWN_pronoun] picked up cooking, both to sate [PAWN_possessive] hunger after the job was done and to satisfy clients who wanted the “bathing in chewed-up food” experience.",baseDesc,BackstoryDefs\Backstories_Adult.xml,def,"<ALIMT >(PH_5)</ALIMT> was a <ALIMT >vore</ALIMT> prostitute--a call-pred, but a specific kind of call-pred known as a call-plaire--who sold access to <ALIMT >(PH_4)</ALIMT> insides for individual clients and groups to pleasure themselves in before being let out after a while. <ALIMT >(PH_3)</ALIMT> specialized in <ALIMT >oral</ALIMT> <ALIMT >vore</ALIMT>, but the problem with <ALIMT >oral</ALIMT> endosoma is that it really gets you in the mood to actually eat and digest something. So, <ALIMT >(PH_2)</ALIMT> picked up cooking, both to sate <ALIMT >(PH_1)</ALIMT> hunger after the job was done and to satisfy clients who wanted the “bathing in chewed-up food” experience."
RV2_Adult_PredOralTempEndo_OpenWilling_TasterPrey.title,prey taster,title,BackstoryDefs\Backstories_Adult.xml,def,prey taster
RV2_Adult_PredOralTempEndo_OpenWilling_TasterPrey.titleShort,taster,titleShort,BackstoryDefs\Backstories_Adult.xml,def,taster
RV2_Adult_PredOralTempEndo_OpenWilling_TasterPrey.baseDesc,"[PAWN_nameDef] got the first taste of prey for [PAWN_possessive] big, important master. After all, prey with poisoned skins are often used to assassinate powerful predators.",baseDesc,BackstoryDefs\Backstories_Adult.xml,def,"<ALIMT >(PH_2)</ALIMT> got the first taste of prey for <ALIMT >(PH_1)</ALIMT> big, important master. After all, prey with poisoned skins are often used to assassinate powerful predators."
RV2_Adult_PredOralTempEndo_SecretUnwilling_SerialRavisseurOral.title,serial oral ravisseur,title,BackstoryDefs\Backstories_Adult.xml,def,serial <ALIMT >oral</ALIMT> ravisseur
RV2_Adult_PredOralTempEndo_SecretUnwilling_SerialRavisseurOral.titleShort,ravisseur,titleShort,BackstoryDefs\Backstories_Adult.xml,def,ravisseur
RV2_Adult_PredOralTempEndo_SecretUnwilling_SerialRavisseurOral.baseDesc,"[PAWN_nameDef] is a ravisseur: a predator who uses vore for short-term kidnapping. [PAWN_pronoun] just did it to unwilling prey for kicks. People can be like pipe-cleaners for the gastrointestinal system. Just gotta get ‘em down first, and do something to hide your face.",baseDesc,BackstoryDefs\Backstories_Adult.xml,def,"<ALIMT >(PH_2)</ALIMT> is a ravisseur: a predator who uses <ALIMT >vore</ALIMT> for short-term kidnapping. <ALIMT >(PH_1)</ALIMT> just did it to unwilling prey for kicks. People can be like pipe-cleaners for the gastrointestinal system. Just gotta get ‘em down first, and do something to hide your face."
RV2_Adult_PredOralLongendo_SecretUnwilling_SerialGeolierOral.title,serial oral geolier,title,BackstoryDefs\Backstories_Adult.xml,def,serial <ALIMT >oral</ALIMT> geolier
RV2_Adult_PredOralLongendo_SecretUnwilling_SerialGeolierOral.titleShort,geolier,titleShort,BackstoryDefs\Backstories_Adult.xml,def,geolier
RV2_Adult_PredOralLongendo_SecretUnwilling_SerialGeolierOral.baseDesc,"[PAWN_nameDef] is a geolier: a predator who uses vore for long-term imprisonment. [PAWN_pronoun] just did it to unwilling prey for kicks. Just remember, you’re eating for two (or however many you’ve gulped down)!",baseDesc,BackstoryDefs\Backstories_Adult.xml,def,"<ALIMT >(PH_2)</ALIMT> is a geolier: a predator who uses <ALIMT >vore</ALIMT> for long-term imprisonment. <ALIMT >(PH_1)</ALIMT> just did it to unwilling prey for kicks. Just remember, you’re eating for two (or however many you’ve gulped down)!"
RV2_Adult_PredAnalAnygoal_CasualDubious_SuperstarPredatorAnal.title,anal pred superstar,title,BackstoryDefs\Backstories_Adult.xml,def,<ALIMT >anal</ALIMT> pred superstar
RV2_Adult_PredAnalAnygoal_CasualDubious_SuperstarPredatorAnal.titleShort,anal star,titleShort,BackstoryDefs\Backstories_Adult.xml,def,<ALIMT >anal</ALIMT> star
RV2_Adult_PredAnalAnygoal_CasualDubious_SuperstarPredatorAnal.baseDesc,"[PAWN_nameDef] has an ass worshipped by the masses--sometimes literally. Its shapely width, the divine jiggle in every stride, and the sublime shape of [PAWN_possessive] ring, are enough to drive any passerby to climb up there, maddened by lust (if [PAWN_pronoun] didn’t sit on them first).",baseDesc,BackstoryDefs\Backstories_Adult.xml,def,"<ALIMT >(PH_3)</ALIMT> has an <ALIMT >ass</ALIMT> worshipped by the masses--sometimes literally. Its shapely width, the divine jiggle in every stride, and the sublime shape of <ALIMT >(PH_2)</ALIMT> ring, are enough to drive any passerby to climb up there, maddened by <ALIMT >lust</ALIMT> (if <ALIMT >(PH_1)</ALIMT> didn’t sit on them first)."
RV2_Adult_PredAnalAnygoal_SecretUnwilling_ParkouristPosternator.title,parkour posternator,title,BackstoryDefs\Backstories_Adult.xml,def,parkour posternator
RV2_Adult_PredAnalAnygoal_SecretUnwilling_ParkouristPosternator.titleShort,parkourist,titleShort,BackstoryDefs\Backstories_Adult.xml,def,parkourist
RV2_Adult_PredAnalAnygoal_SecretUnwilling_ParkouristPosternator.baseDesc,"Probably the quickest way to stuff someone all the way up “where the sun don’t shine” is to drop down ass-first on them from above. For some preds, this is merely an occasional convenience, but for [PAWN_nameDef], it was the name of the game. [PAWN_pronoun] would stalk [PAWN_possessive] quarry overhead, through the trees or buildings, before, when the prey was finally alone, pouncing. Parkour with a full belly is another story.",baseDesc,BackstoryDefs\Backstories_Adult.xml,def,"Probably the quickest way to stuff someone all the way up “where the sun don’t shine” is to drop down <ALIMT >ass</ALIMT>-first on them from above. For some preds, this is merely an occasional convenience, but for <ALIMT >(PH_3)</ALIMT>, it was the name of the game. <ALIMT >(PH_2)</ALIMT> would stalk <ALIMT >(PH_1)</ALIMT> quarry overhead, through the trees or buildings, before, when the prey was finally alone, pouncing. Parkour with a full belly is another story."
RV2_Adult_PredAnalDigest_OpenWilling_CallChurnerAnal.title,anal call-churner,title,BackstoryDefs\Backstories_Adult.xml,def,<ALIMT >anal</ALIMT> call-churner
RV2_Adult_PredAnalDigest_OpenWilling_CallChurnerAnal.titleShort,call-churner,titleShort,BackstoryDefs\Backstories_Adult.xml,def,call-churner
RV2_Adult_PredAnalDigest_OpenWilling_CallChurnerAnal.baseDesc,"[PAWN_nameDef] was a vore prostitute--a call-pred, but a specific kind of call-pred known as a call-churner--who allowed those with the money and the death-wish/reformation-access to purchase a gurgling on top of the vore. [PAWN_nameDef] specialized in anal vore, and spent a great deal of [PAWN_possessive] time and exercise keeping [PAWN_possessive] butt in perfect shape.",baseDesc,BackstoryDefs\Backstories_Adult.xml,def,"<ALIMT >(PH_4)</ALIMT> was a <ALIMT >vore</ALIMT> prostitute--a call-pred, but a specific kind of call-pred known as a call-churner--who allowed those with the money and the death-wish/reformation-access to purchase a gurgling on top of the <ALIMT >vore</ALIMT>. <ALIMT >(PH_3)</ALIMT> specialized in <ALIMT >anal</ALIMT> <ALIMT >vore</ALIMT>, and spent a great deal of <ALIMT >(PH_2)</ALIMT> time and exercise keeping <ALIMT >(PH_1)</ALIMT> butt in perfect shape."
RV2_Adult_PredAnalDigest_OpenUnwilling_FarmerFertilizerOral.title,vore-fertilizing farmer,title,BackstoryDefs\Backstories_Adult.xml,def,<ALIMT >vore</ALIMT>-fertilizing farmer
RV2_Adult_PredAnalDigest_OpenUnwilling_FarmerFertilizerOral.titleShort,farmer,titleShort,BackstoryDefs\Backstories_Adult.xml,def,farmer
RV2_Adult_PredAnalDigest_OpenUnwilling_FarmerFertilizerOral.baseDesc,[PAWN_nameDef] ran a farm on which [PAWN_pronoun] was all too happy to recycle lazy workers or purchased slaves into fertilizer for the fields. Such soil yields a bountiful harvest.,baseDesc,BackstoryDefs\Backstories_Adult.xml,def,<ALIMT >(PH_2)</ALIMT> ran a farm on which <ALIMT >(PH_1)</ALIMT> was all too happy to recycle lazy workers or purchased slaves into fertilizer for the fields. Such soil yields a bountiful harvest.
RV2_Adult_PredAnalDigest_SecretUnwilling_SerialPredatorAnal.title,serial glute-glutton,title,BackstoryDefs\Backstories_Adult.xml,def,serial glute-glutton
RV2_Adult_PredAnalDigest_SecretUnwilling_SerialPredatorAnal.titleShort,serial glute-glutton,titleShort,BackstoryDefs\Backstories_Adult.xml,def,serial glute-glutton
RV2_Adult_PredAnalDigest_SecretUnwilling_SerialPredatorAnal.baseDesc,"[PAWN_nameDef] is a serial posternator of fatal persuasion. There’s something about the challenge inherent to swiftly, silently, and efficiently shunting unsuspecting prey into a hole that’s below and behind most of the body. Oral vore is much simpler to manage--people evolved to eat with their hands--but where’s the fun in that? [PAWN_nameDef] is proud to always be finding new and exciting ways to cram [PAWN_possessive] victims through a backdoor they’ll never escape from.",baseDesc,BackstoryDefs\Backstories_Adult.xml,def,"<ALIMT >(PH_3)</ALIMT> is a serial posternator of fatal persuasion. There’s something about the challenge inherent to swiftly, silently, and efficiently shunting unsuspecting prey into a hole that’s below and behind most of the body. <ALIMT >oral</ALIMT> <ALIMT >vore</ALIMT> is much simpler to manage--people evolved to eat with their hands--but where’s the fun in that? <ALIMT >(PH_2)</ALIMT> is proud to always be finding new and exciting ways to cram <ALIMT >(PH_1)</ALIMT> victims through a backdoor they’ll never escape from."
RV2_Adult_EndoPredAnal_CallPlaireAnal.title,anal call-plaire,title,BackstoryDefs\Backstories_Adult.xml,def,<ALIMT >anal</ALIMT> call-plaire
RV2_Adult_EndoPredAnal_CallPlaireAnal.titleShort,call-plaire,titleShort,BackstoryDefs\Backstories_Adult.xml,def,call-plaire
RV2_Adult_EndoPredAnal_CallPlaireAnal.baseDesc,"[PAWN_nameDef] was a vore prostitute--a call-pred, but a specific kind of call-pred known as a call-plaire--who sold access to [PAWN_possessive] insides for individual clients and groups to pleasure themselves in before being let out after a while. [PAWN_nameDef] specialized in anal vore, and all that time spent chest-down, ass-up, [PAWN_possessive] client’s exit unobstructed left [PAWN_objective] in serious need of a hobby. So, [PAWN_pronoun] dabbled, between reading, art, handcrafts, and so on.",baseDesc,BackstoryDefs\Backstories_Adult.xml,def,"<ALIMT >(PH_6)</ALIMT> was a <ALIMT >vore</ALIMT> prostitute--a call-pred, but a specific kind of call-pred known as a call-plaire--who sold access to <ALIMT >(PH_5)</ALIMT> insides for individual clients and groups to pleasure themselves in before being let out after a while. <ALIMT >(PH_4)</ALIMT> specialized in <ALIMT >anal</ALIMT> <ALIMT >vore</ALIMT>, and all that time spent chest-down, <ALIMT >ass</ALIMT>-up, <ALIMT >(PH_3)</ALIMT> client’s exit unobstructed left <ALIMT >(PH_2)</ALIMT> in serious need of a hobby. So, <ALIMT >(PH_1)</ALIMT> dabbled, between reading, art, handcrafts, and so on."
RV2_Adult_PredAnalTempEndo_SecretUnwilling_SerialRavisseurAnal.title,serial anal ravisseur,title,BackstoryDefs\Backstories_Adult.xml,def,serial <ALIMT >anal</ALIMT> ravisseur
RV2_Adult_PredAnalTempEndo_SecretUnwilling_SerialRavisseurAnal.titleShort,ravisseur,titleShort,BackstoryDefs\Backstories_Adult.xml,def,ravisseur
RV2_Adult_PredAnalTempEndo_SecretUnwilling_SerialRavisseurAnal.baseDesc,"[PAWN_nameDef] is a ravisseur: a predator who uses vore for short-term kidnapping. [PAWN_pronoun] just did it to unwilling prey for kicks. The best thing about anal ravisseury is that the prey don’t even need to see your front, let alone your face.",baseDesc,BackstoryDefs\Backstories_Adult.xml,def,"<ALIMT >(PH_2)</ALIMT> is a ravisseur: a predator who uses <ALIMT >vore</ALIMT> for short-term kidnapping. <ALIMT >(PH_1)</ALIMT> just did it to unwilling prey for kicks. The best thing about <ALIMT >anal</ALIMT> ravisseury is that the prey don’t even need to see your front, let alone your face."
RV2_Adult_PredAnalLongendo_SecretUnwilling_SerialGeolierAnal.title,serial anal geolier,title,BackstoryDefs\Backstories_Adult.xml,def,serial <ALIMT >anal</ALIMT> geolier
RV2_Adult_PredAnalLongendo_SecretUnwilling_SerialGeolierAnal.titleShort,geolier,titleShort,BackstoryDefs\Backstories_Adult.xml,def,geolier
RV2_Adult_PredAnalLongendo_SecretUnwilling_SerialGeolierAnal.baseDesc,[PAWN_nameDef] is a geolier: a predator who uses vore for long-term imprisonment. [PAWN_pronoun] just did it to unwilling prey for kicks. There are at least fifteen feet of intestine in the human-sized body; that’s enough for at least two prey!,baseDesc,BackstoryDefs\Backstories_Adult.xml,def,<ALIMT >(PH_2)</ALIMT> is a geolier: a predator who uses <ALIMT >vore</ALIMT> for long-term imprisonment. <ALIMT >(PH_1)</ALIMT> just did it to unwilling prey for kicks. There are at least fifteen feet of intestine in the human-sized body; that’s enough for at least two prey!
RV2_Adult_PredVaginalAnygoal_CasualDubious_SuperstarPredatorYonic.title,yonic pred superstar,title,BackstoryDefs\Backstories_Adult.xml,def,yonic pred superstar
RV2_Adult_PredVaginalAnygoal_CasualDubious_SuperstarPredatorYonic.titleShort,yonic star,titleShort,BackstoryDefs\Backstories_Adult.xml,def,yonic star
RV2_Adult_PredVaginalAnygoal_CasualDubious_SuperstarPredatorYonic.baseDesc,"[PAWN_nameDef] is practically a fertility god(dess), whose drooling honeypot has served and swallowed countless would-be bees. The smell--the perfume--[PAWN_possessive] flower exudes is intoxicating, to the point of just about hypnotizing anyone nearby to climb all the way inside.",baseDesc,BackstoryDefs\Backstories_Adult.xml,def,"<ALIMT >(PH_3)</ALIMT> is practically a fertility <ALIMT >(PH_2)</ALIMT>, whose drooling honeypot has served and swallowed countless would-be bees. The <ALIMT >smell</ALIMT>--the perfume--<ALIMT >(PH_1)</ALIMT> flower exudes is intoxicating, to the point of just about hypnotizing anyone nearby to climb all the way inside."
RV2_Adult_PredVaginalDigest_OpenWilling_CallChurnerYonic.title,yonic call-churner,title,BackstoryDefs\Backstories_Adult.xml,def,yonic call-churner
RV2_Adult_PredVaginalDigest_OpenWilling_CallChurnerYonic.titleShort,call-churner,titleShort,BackstoryDefs\Backstories_Adult.xml,def,call-churner
RV2_Adult_PredVaginalDigest_OpenWilling_CallChurnerYonic.baseDesc,"[PAWN_nameDef] was a vore prostitute--a call-pred, but a specific kind of call-pred known as a call-churner--who allowed those with the money and the death-wish/reformation-access to purchase a gurgling on top of the vore. [PAWN_nameDef] specialized in unbirthing, returning clients to the womb to be melted into lube, eggs, or whatever it is that [PAWN_pronoun] produced. Many paid extra for [PAWN_objective] to roleplay as their parent, leaving [PAWN_nameDef] with a bit of acting experience.",baseDesc,BackstoryDefs\Backstories_Adult.xml,def,"<ALIMT >(PH_5)</ALIMT> was a <ALIMT >vore</ALIMT> prostitute--a call-pred, but a specific kind of call-pred known as a call-churner--who allowed those with the money and the death-wish/reformation-access to purchase a gurgling on top of the <ALIMT >vore</ALIMT>. <ALIMT >(PH_4)</ALIMT> specialized in unbirthing, returning clients to the womb to be melted into <ALIMT >lube</ALIMT>, eggs, or whatever it is that <ALIMT >(PH_3)</ALIMT> produced. Many paid extra for <ALIMT >(PH_2)</ALIMT> to roleplay as their parent, leaving <ALIMT >(PH_1)</ALIMT> with a bit of acting experience."
RV2_Adult_PredVaginalDigest_OpenDubious_GodFertility.title,fertility god,title,BackstoryDefs\Backstories_Adult.xml,def,fertility god
RV2_Adult_PredVaginalDigest_OpenDubious_GodFertility.titleShort,god,titleShort,BackstoryDefs\Backstories_Adult.xml,def,god
RV2_Adult_PredVaginalDigest_OpenDubious_GodFertility.baseDesc,"[PAWN_nameDef] was supposedly a living fertility deity, to which many were sacrificed. It was believed that those sacrifices, packed tight inside [PAWN_nameDef]’s womb, would be sloshed into an elixir sure to ensure an imminent pregnancy in any who drank of it.",baseDesc,BackstoryDefs\Backstories_Adult.xml,def,"<ALIMT >(PH_2)</ALIMT> was supposedly a living fertility deity, to which many were sacrificed. It was believed that those sacrifices, packed tight inside <ALIMT >(PH_1)</ALIMT>’s womb, would be sloshed into an elixir sure to ensure an imminent pregnancy in any who drank of it."
RV2_Adult_PredVaginalDigest_OpenDubious_LubricatorIndustrial.title,industrial lubricator,title,BackstoryDefs\Backstories_Adult.xml,def,industrial lubricator
RV2_Adult_PredVaginalDigest_OpenDubious_LubricatorIndustrial.titleShort,lubricator,titleShort,BackstoryDefs\Backstories_Adult.xml,def,lubricator
RV2_Adult_PredVaginalDigest_OpenDubious_LubricatorIndustrial.baseDesc,"[PAWN_nameDef]’s snatch drools a long-lasting, slippery, perfectly-edible lubricant that [PAWN_pronoun] was tasked with spreading onto all sorts of machinery and moving parts. Of course, to get lube in such quantities, [PAWN_pronoun] needs to feed [PAWN_possessive] pussy first.",baseDesc,BackstoryDefs\Backstories_Adult.xml,def,"<ALIMT >(PH_4)</ALIMT>’s snatch drools a long-lasting, slippery, perfectly-edible <ALIMT >lubricant</ALIMT> that <ALIMT >(PH_3)</ALIMT> was tasked with spreading onto all sorts of machinery and moving parts. Of course, to get <ALIMT >lube</ALIMT> in such quantities, <ALIMT >(PH_2)</ALIMT> needs to feed <ALIMT >(PH_1)</ALIMT> <ALIMT >pussy</ALIMT> first."
RV2_Adult_PredVaginalDigest_SecretUnwilling_NurseMaternityEnviousl.title,envious maternity nurse,title,BackstoryDefs\Backstories_Adult.xml,def,envious maternity nurse
RV2_Adult_PredVaginalDigest_SecretUnwilling_NurseMaternityEnviousl.titleShort,nurse,titleShort,BackstoryDefs\Backstories_Adult.xml,def,nurse
RV2_Adult_PredVaginalDigest_SecretUnwilling_NurseMaternityEnviousl.baseDesc,"[PAWN_nameDef] worked as a maternity nurse, as a way of satisfying [PAWN_possessive] parental urges in spite of [PAWN_possessive] personal difficulty conceiving. However, [PAWN_pronoun] grew jealous of [PAWN_possessive] patients and eventually convinced another nurse to let [PAWN_objective] unbirth them. While [PAWN_pronoun] was disappointed that [PAWN_possessive] “child” churned away instead, [PAWN_pronoun] still found the experience uniquely thrilling, and went on the prowl for more soon afterward.",baseDesc,BackstoryDefs\Backstories_Adult.xml,def,"<ALIMT >(PH_9)</ALIMT> worked as a maternity nurse, as a way of satisfying <ALIMT >(PH_8)</ALIMT> parental urges in spite of <ALIMT >(PH_7)</ALIMT> personal difficulty conceiving. However, <ALIMT >(PH_6)</ALIMT> grew jealous of <ALIMT >(PH_5)</ALIMT> patients and eventually convinced another nurse to let <ALIMT >(PH_4)</ALIMT> unbirth them. While <ALIMT >(PH_3)</ALIMT> was disappointed that <ALIMT >(PH_2)</ALIMT> “child” churned away instead, <ALIMT >(PH_1)</ALIMT> still found the experience uniquely thrilling, and went on the prowl for more soon afterward."
RV2_Adult_PredVaginalDigest_SecretUnwilling_SerialPredatorVaginal.title,serial vaggusher,title,BackstoryDefs\Backstories_Adult.xml,def,serial vaggusher
RV2_Adult_PredVaginalDigest_SecretUnwilling_SerialPredatorVaginal.titleShort,serial vaggusher,titleShort,BackstoryDefs\Backstories_Adult.xml,def,serial vaggusher
RV2_Adult_PredVaginalDigest_SecretUnwilling_SerialPredatorVaginal.baseDesc,"[PAWN_nameDef] is a serial unbirther of fatal persuasion. There’s poetry in ending life the same place it started: the womb. Such is how [PAWN_nameDef] characterizes [PAWN_possessive] hobby. Away these perfect strangers go, tricked or just snatched up, into [PAWN_possessive] nethers, leaving nothing behind but an orgasm.",baseDesc,BackstoryDefs\Backstories_Adult.xml,def,"<ALIMT >(PH_4)</ALIMT> is a serial unbirther of fatal persuasion. There’s poetry in ending life the same place it started: the womb. Such is how <ALIMT >(PH_3)</ALIMT> characterizes <ALIMT >(PH_2)</ALIMT> hobby. Away these perfect strangers go, tricked or just snatched up, into <ALIMT >(PH_1)</ALIMT> nethers, leaving nothing behind but an <ALIMT >orgasm</ALIMT>."
RV2_Adult_EndoPredVaginal_CallPlaireYonic.title,yonic call-plaire,title,BackstoryDefs\Backstories_Adult.xml,def,yonic call-plaire
RV2_Adult_EndoPredVaginal_CallPlaireYonic.titleShort,call-plaire,titleShort,BackstoryDefs\Backstories_Adult.xml,def,call-plaire
RV2_Adult_EndoPredVaginal_CallPlaireYonic.baseDesc,"[PAWN_nameDef] was a vore prostitute--a call-pred, but a specific kind of call-pred known as a call-plaire--who sold access to [PAWN_possessive] insides for individual clients and groups to pleasure themselves in before being let out after a while. [PAWN_nameDef] specialized in unbirthing, which gave [PAWN_objective] a great deal of experience not only in the process of taking prey in, but also in birthing them back out (and finding birth control, for those who left a mess behind). [PAWN_pronoun] reckons [PAWN_pronoun] could help someone actually going through labor through the process.",baseDesc,BackstoryDefs\Backstories_Adult.xml,def,"<ALIMT >(PH_6)</ALIMT> was a <ALIMT >vore</ALIMT> prostitute--a call-pred, but a specific kind of call-pred known as a call-plaire--who sold access to <ALIMT >(PH_5)</ALIMT> insides for individual clients and groups to pleasure themselves in before being let out after a while. <ALIMT >(PH_4)</ALIMT> specialized in unbirthing, which gave <ALIMT >(PH_3)</ALIMT> a great deal of experience not only in the process of taking prey in, but also in birthing them back out (and finding birth control, for those who left a mess behind). <ALIMT >(PH_2)</ALIMT> reckons <ALIMT >(PH_1)</ALIMT> could help someone actually going through labor through the process."
RV2_Adult_PredVaginalTempEndo_SecretUnwilling_SerialRavisseurVaginal.title,serial yonic ravisseur,title,BackstoryDefs\Backstories_Adult.xml,def,serial yonic ravisseur
RV2_Adult_PredVaginalTempEndo_SecretUnwilling_SerialRavisseurVaginal.titleShort,ravisseur,titleShort,BackstoryDefs\Backstories_Adult.xml,def,ravisseur
RV2_Adult_PredVaginalTempEndo_SecretUnwilling_SerialRavisseurVaginal.baseDesc,"[PAWN_nameDef] is a ravisseur: a predator who uses vore for short-term kidnapping. [PAWN_pronoun] just did it to unwilling prey for kicks. Body-sized dildos are expensive, and unwitting prey are everywhere.",baseDesc,BackstoryDefs\Backstories_Adult.xml,def,"<ALIMT >(PH_2)</ALIMT> is a ravisseur: a predator who uses <ALIMT >vore</ALIMT> for short-term kidnapping. <ALIMT >(PH_1)</ALIMT> just did it to unwilling prey for kicks. Body-sized dildos are expensive, and unwitting prey are everywhere."
RV2_Adult_PredVaginalLongendo_SecretUnwilling_SerialGeolierVaginal.title,serial yonic geolier,title,BackstoryDefs\Backstories_Adult.xml,def,serial yonic geolier
RV2_Adult_PredVaginalLongendo_SecretUnwilling_SerialGeolierVaginal.titleShort,geolier,titleShort,BackstoryDefs\Backstories_Adult.xml,def,geolier
RV2_Adult_PredVaginalLongendo_SecretUnwilling_SerialGeolierVaginal.baseDesc,"[PAWN_nameDef] is a geolier: a predator who uses vore for long-term imprisonment. [PAWN_pronoun] just did it to unwilling prey for kicks. Oh, whenever is [PAWN_pronoun] due?",baseDesc,BackstoryDefs\Backstories_Adult.xml,def,"<ALIMT >(PH_3)</ALIMT> is a geolier: a predator who uses <ALIMT >vore</ALIMT> for long-term imprisonment. <ALIMT >(PH_2)</ALIMT> just did it to unwilling prey for kicks. Oh, whenever is <ALIMT >(PH_1)</ALIMT> due?"
RV2_Adult_PredCockAnygoal_CasualDubious_SuperstarPredatorPhallic.title,phallic pred superstar,title,BackstoryDefs\Backstories_Adult.xml,def,phallic pred superstar
RV2_Adult_PredCockAnygoal_CasualDubious_SuperstarPredatorPhallic.titleShort,phallic star,titleShort,BackstoryDefs\Backstories_Adult.xml,def,phallic star
RV2_Adult_PredCockAnygoal_CasualDubious_SuperstarPredatorPhallic.baseDesc,"[PAWN_nameDef] carries [PAWN_possessive] perfect cock like a royal scepter. So many have offered themselves in sacrifice to those beautiful balls, or been unsown at the whim of this cocky monarch.",baseDesc,BackstoryDefs\Backstories_Adult.xml,def,"<ALIMT >(PH_2)</ALIMT> carries <ALIMT >(PH_1)</ALIMT> perfect cock like a royal scepter. So many have offered themselves in sacrifice to those beautiful balls, or been unsown at the whim of this cocky monarch."
RV2_Adult_PredCockDigest_CasualDubious_DrinkingFountainCockOut.title,cock-out drinking fountain,title,BackstoryDefs\Backstories_Adult.xml,def,cock-out drinking fountain
RV2_Adult_PredCockDigest_CasualDubious_DrinkingFountainCockOut.titleShort,drinking fountain,titleShort,BackstoryDefs\Backstories_Adult.xml,def,drinking fountain
RV2_Adult_PredCockDigest_CasualDubious_DrinkingFountainCockOut.baseDesc,"[PAWN_nameDef] likes to walk about with no pants and nuts full of spunk, free for anyone to walk up and suck out for a treat. Though, to keep up with demand, every now and then, someone has to get stuffed in and melted down into more batter.",baseDesc,BackstoryDefs\Backstories_Adult.xml,def,"<ALIMT >(PH_1)</ALIMT> likes to walk about with no pants and nuts full of spunk, free for anyone to walk up and suck out for a treat. Though, to keep up with demand, every now and then, someone has to get stuffed in and melted down into more batter."
RV2_Adult_PredCockDigest_OpenWilling_CallChurnerCock.title,phallic call-churner,title,BackstoryDefs\Backstories_Adult.xml,def,phallic call-churner
RV2_Adult_PredCockDigest_OpenWilling_CallChurnerCock.titleShort,call-churner,titleShort,BackstoryDefs\Backstories_Adult.xml,def,call-churner
RV2_Adult_PredCockDigest_OpenWilling_CallChurnerCock.baseDesc,"[PAWN_nameDef] was a vore prostitute--a call-pred, but a specific kind of call-pred known as a call-churner--who allowed those with the money and the death-wish/reformation-access to purchase a gurgling on top of the vore. [PAWN_nameDef] specialized in cock vore, melting clients into cum, and then taking that cum to [PAWN_possessive] side-gig as a surrogate sire/sperm bank top-donator.",baseDesc,BackstoryDefs\Backstories_Adult.xml,def,"<ALIMT >(PH_3)</ALIMT> was a <ALIMT >vore</ALIMT> prostitute--a call-pred, but a specific kind of call-pred known as a call-churner--who allowed those with the money and the death-wish/reformation-access to purchase a gurgling on top of the <ALIMT >vore</ALIMT>. <ALIMT >(PH_2)</ALIMT> specialized in cock <ALIMT >vore</ALIMT>, melting clients into <ALIMT >cum</ALIMT>, and then taking that <ALIMT >cum</ALIMT> to <ALIMT >(PH_1)</ALIMT> side-gig as a surrogate sire/<ALIMT >sperm</ALIMT> bank top-donator."
RV2_Adult_PredCockDigest_OpenWilling_ChefCumAvantGarde.title,cum chef,title,BackstoryDefs\Backstories_Adult.xml,def,<ALIMT >cum</ALIMT> chef
RV2_Adult_PredCockDigest_OpenWilling_ChefCumAvantGarde.titleShort,chef,titleShort,BackstoryDefs\Backstories_Adult.xml,def,chef
RV2_Adult_PredCockDigest_OpenWilling_ChefCumAvantGarde.baseDesc,"[PAWN_nameDef] sought to revolutionize cooking with a heretofore-underutilized culinary ingredient: cum, and lots of it. While not as popular as the vanguards of breastmilk, [PAWN_nameDef] has had plenty of opportunity to figure out the do’s and don’ts of cooking with cum.",baseDesc,BackstoryDefs\Backstories_Adult.xml,def,"<ALIMT >(PH_2)</ALIMT> sought to revolutionize cooking with a heretofore-underutilized culinary ingredient: <ALIMT >cum</ALIMT>, and lots of it. While not as popular as the vanguards of breastmilk, <ALIMT >(PH_1)</ALIMT> has had plenty of opportunity to figure out the do’s and don’ts of cooking with <ALIMT >cum</ALIMT>."
RV2_Adult_PredCockDigest_OpenWilling_ModelTanukiwear.title,tanukiwear model,title,BackstoryDefs\Backstories_Adult.xml,def,tanukiwear model
RV2_Adult_PredCockDigest_OpenWilling_ModelTanukiwear.titleShort,model,titleShort,BackstoryDefs\Backstories_Adult.xml,def,model
RV2_Adult_PredCockDigest_OpenWilling_ModelTanukiwear.baseDesc,"Vorewear isn’t one-size-fits-all. For predators specializing in cock vore, there’s a need for skirts and dresses that can hide a swollen, struggling scrotum, or trousers that will stretch to fit and support the loins. [PAWN_nameDef] modeled those particular fashions, assisted by a sack-stuffer or two.",baseDesc,BackstoryDefs\Backstories_Adult.xml,def,"Vorewear isn’t one-size-fits-all. For predators specializing in cock <ALIMT >vore</ALIMT>, there’s a need for skirts and dresses that can hide a swollen, struggling scrotum, or trousers that will stretch to fit and support the loins. <ALIMT >(PH_1)</ALIMT> modeled those particular fashions, assisted by a sack-stuffer or two."
RV2_Adult_PredCockDigest_OpenDubious_LivingFirehose.title,living firehose,title,BackstoryDefs\Backstories_Adult.xml,def,living firehose
RV2_Adult_PredCockDigest_OpenDubious_LivingFirehose.titleShort,firefighter,titleShort,BackstoryDefs\Backstories_Adult.xml,def,<ALIMT >firefighter</ALIMT>
RV2_Adult_PredCockDigest_OpenDubious_LivingFirehose.baseDesc,"Not every society is principled enough to value life over property. [PAWN_nameDef] was a firefighter of sorts, whose job was to commandeer any nearby ogglers into [PAWN_possessive] cock, break them down into cum, and let loose on the burning building.",baseDesc,BackstoryDefs\Backstories_Adult.xml,def,"Not every society is principled enough to value life over property. <ALIMT >(PH_2)</ALIMT> was a <ALIMT >firefighter</ALIMT> of sorts, whose job was to commandeer any nearby ogglers into <ALIMT >(PH_1)</ALIMT> cock, break them down into <ALIMT >cum</ALIMT>, and let loose on the burning building."
RV2_Adult_PredCockDigest_OpenDubious_LivingFountainCum.title,cum fountain,title,BackstoryDefs\Backstories_Adult.xml,def,<ALIMT >cum</ALIMT> fountain
RV2_Adult_PredCockDigest_OpenDubious_LivingFountainCum.titleShort,living fountain,titleShort,BackstoryDefs\Backstories_Adult.xml,def,living fountain
RV2_Adult_PredCockDigest_OpenDubious_LivingFountainCum.baseDesc,"Somewhere near the height of decadence is having someone on payroll whose sole job is to sit around, churn provided prey into cum, and spray it into a basin like a living fountain. [PAWN_nameDef] was that fountain.",baseDesc,BackstoryDefs\Backstories_Adult.xml,def,"Somewhere near the height of decadence is having someone on payroll whose sole job is to sit around, churn provided prey into <ALIMT >cum</ALIMT>, and spray it into a basin like a living fountain. <ALIMT >(PH_1)</ALIMT> was that fountain."
RV2_Adult_PredCockDigest_OpenDubious_MintSperm.title,sperm mint,title,BackstoryDefs\Backstories_Adult.xml,def,<ALIMT >sperm</ALIMT> mint
RV2_Adult_PredCockDigest_OpenDubious_MintSperm.titleShort,sperm mint,titleShort,BackstoryDefs\Backstories_Adult.xml,def,<ALIMT >sperm</ALIMT> mint
RV2_Adult_PredCockDigest_OpenDubious_MintSperm.baseDesc,"[PAWN_nameDef] was a part of the sperm banking industry, but [PAWN_pronoun] didn’t receive others’ sperm in these transactions. Rather, [PAWN_possessive] job was to process society’s suicidal, undesirables, and dying, into viable sperm with which to supply the banks.",baseDesc,BackstoryDefs\Backstories_Adult.xml,def,"<ALIMT >(PH_3)</ALIMT> was a part of the <ALIMT >sperm</ALIMT> banking industry, but <ALIMT >(PH_2)</ALIMT> didn’t receive others’ <ALIMT >sperm</ALIMT> in these transactions. Rather, <ALIMT >(PH_1)</ALIMT> job was to process society’s suicidal, undesirables, and dying, into viable <ALIMT >sperm</ALIMT> with which to supply the banks."
RV2_Adult_PredCockDigest_OpenDubious_MixologistSemen.title,semenologist,title,BackstoryDefs\Backstories_Adult.xml,def,semenologist
RV2_Adult_PredCockDigest_OpenDubious_MixologistSemen.titleShort,bartender,titleShort,BackstoryDefs\Backstories_Adult.xml,def,bartender
RV2_Adult_PredCockDigest_OpenDubious_MixologistSemen.baseDesc,Keeping up with the demand for semen-infused drinks is the sort of thing that only a regular phallic solveur like [PAWN_nameDef] can muster. The hose is kept spraying with a supply of unruly patrons.,baseDesc,BackstoryDefs\Backstories_Adult.xml,def,Keeping up with the demand for <ALIMT >semen</ALIMT>-infused drinks is the sort of thing that only a regular phallic solveur like <ALIMT >(PH_1)</ALIMT> can muster. The hose is kept spraying with a supply of unruly patrons.
RV2_Adult_PredCockDigest_OpenDubious_SpermBullAlpha.title,alpha sperm bull,title,BackstoryDefs\Backstories_Adult.xml,def,alpha <ALIMT >sperm</ALIMT> <ALIMT >bull</ALIMT>
RV2_Adult_PredCockDigest_OpenDubious_SpermBullAlpha.titleShort,sperm bull,titleShort,BackstoryDefs\Backstories_Adult.xml,def,<ALIMT >sperm</ALIMT> <ALIMT >bull</ALIMT>
RV2_Adult_PredCockDigest_OpenDubious_SpermBullAlpha.baseDesc,"[PAWN_nameDef] was a free-range sperm bull who abused the lack of constant oversight to form a clique and hog the feeder-prey. Whenever prey for the bulls’ hogs were released into the fraternal neighborhood, [PAWN_pronoun] beat [PAWN_possessive] comrades to the punch and took more prey than [PAWN_pronoun] needed.",baseDesc,BackstoryDefs\Backstories_Adult.xml,def,"<ALIMT >(PH_4)</ALIMT> was a free-range <ALIMT >sperm</ALIMT> <ALIMT >bull</ALIMT> who abused the lack of constant oversight to form a clique and hog the feeder-prey. Whenever prey for the bulls’ hogs were released into the fraternal neighborhood, <ALIMT >(PH_3)</ALIMT> beat <ALIMT >(PH_2)</ALIMT> comrades to the punch and took more prey than <ALIMT >(PH_1)</ALIMT> needed."
RV2_Adult_PredCockDigest_OpenDubious_SpermBullFreeRange.title,free-range sperm bull,title,BackstoryDefs\Backstories_Adult.xml,def,free-range <ALIMT >sperm</ALIMT> <ALIMT >bull</ALIMT>
RV2_Adult_PredCockDigest_OpenDubious_SpermBullFreeRange.titleShort,sperm bull,titleShort,BackstoryDefs\Backstories_Adult.xml,def,<ALIMT >sperm</ALIMT> <ALIMT >bull</ALIMT>
RV2_Adult_PredCockDigest_OpenDubious_SpermBullFreeRange.baseDesc,"[PAWN_nameDef] was basically an industrial stud with a bit of freedom. Instead of the solitude of the pen, a diet of meds, and a constant forced unsowing of more prey, [PAWN_pronoun] got to live in a sperm bull fraternity with less dehumanizing furniture, better food, and a loose schedule, on the condition that [PAWN_pronoun] still met production quotas. To that end, prey would still be delivered to the fraternal neighborhood: it was up to the bulls to seek them out.",baseDesc,BackstoryDefs\Backstories_Adult.xml,def,"<ALIMT >(PH_3)</ALIMT> was basically an industrial stud with a bit of freedom. Instead of the solitude of the pen, a diet of meds, and a constant <ALIMT >forced</ALIMT> unsowing of more prey, <ALIMT >(PH_2)</ALIMT> got to live in a <ALIMT >sperm</ALIMT> <ALIMT >bull</ALIMT> fraternity with less dehumanizing furniture, better food, and a loose schedule, on the condition that <ALIMT >(PH_1)</ALIMT> still met production quotas. To that end, prey would still be delivered to the fraternal neighborhood: it was up to the bulls to seek them out."
RV2_Adult_PredCockDigest_OpenDubious_SpermBullIndustrial.title,industrial sperm bull,title,BackstoryDefs\Backstories_Adult.xml,def,industrial <ALIMT >sperm</ALIMT> <ALIMT >bull</ALIMT>
RV2_Adult_PredCockDigest_OpenDubious_SpermBullIndustrial.titleShort,sperm bull,titleShort,BackstoryDefs\Backstories_Adult.xml,def,<ALIMT >sperm</ALIMT> <ALIMT >bull</ALIMT>
RV2_Adult_PredCockDigest_OpenDubious_SpermBullIndustrial.baseDesc,"[PAWN_nameDef] was, essentially, an industrial stud, on a farm which produced rich, potent semen from chemically-enhanced bulls and bullesses. To enhance [PAWN_possessive] production, they medicated [PAWN_possessive] food and slipped plenty of prey into [PAWN_possessive] cock. While the drugs have dulled [PAWN_possessive] mind and neutered [PAWN_possessive] violent urges, [PAWN_nameDef] has learned a lot about how to treat a farm animal.",baseDesc,BackstoryDefs\Backstories_Adult.xml,def,"<ALIMT >(PH_7)</ALIMT> was, essentially, an industrial stud, on a farm which produced rich, potent <ALIMT >semen</ALIMT> from chemically-enhanced bulls and bullesses. To enhance <ALIMT >(PH_6)</ALIMT> production, they medicated <ALIMT >(PH_5)</ALIMT> food and slipped plenty of prey into <ALIMT >(PH_4)</ALIMT> cock. While the <ALIMT >drugs</ALIMT> have dulled <ALIMT >(PH_3)</ALIMT> mind and neutered <ALIMT >(PH_2)</ALIMT> violent urges, <ALIMT >(PH_1)</ALIMT> has learned a lot about how to treat a farm animal."
RV2_Adult_PredCockDigest_SecretDubious_PulverizerProteinPowder.title,protein powder pulverizer,title,BackstoryDefs\Backstories_Adult.xml,def,protein powder pulverizer
RV2_Adult_PredCockDigest_SecretDubious_PulverizerProteinPowder.titleShort,pulverizer,titleShort,BackstoryDefs\Backstories_Adult.xml,def,pulverizer
RV2_Adult_PredCockDigest_SecretDubious_PulverizerProteinPowder.baseDesc,"[PAWN_nameDef] mixed protein powder at a factory with two trade secrets, one layered within the other. First, the protein powder they sold was 90% semen by volume. Second, that semen was originally people.",baseDesc,BackstoryDefs\Backstories_Adult.xml,def,"<ALIMT >(PH_1)</ALIMT> mixed protein powder at a factory with two trade secrets, one layered within the other. First, the protein powder they sold was 90% <ALIMT >semen</ALIMT> by volume. Second, that <ALIMT >semen</ALIMT> was originally people."
RV2_Adult_PredCockDigest_SecretDubious_PunkSpunk.title,spunk punk,title,BackstoryDefs\Backstories_Adult.xml,def,spunk punk
RV2_Adult_PredCockDigest_SecretDubious_PunkSpunk.titleShort,punk,titleShort,BackstoryDefs\Backstories_Adult.xml,def,punk
RV2_Adult_PredCockDigest_SecretDubious_PunkSpunk.baseDesc,"[PAWN_nameDef] was like many artsy urban hooligans, channeling their creative energies into graffiti, but unlike the rest, [PAWN_pronoun] used cum instead of spraypaint, churned from those who encroached on [PAWN_possessive] territory and spritzed with an adherent oil that made it stick. Eventually, [PAWN_pronoun] got very talented at controlling the spurts.",baseDesc,BackstoryDefs\Backstories_Adult.xml,def,"<ALIMT >(PH_4)</ALIMT> was like many artsy urban hooligans, channeling their creative energies into graffiti, but unlike the rest, <ALIMT >(PH_3)</ALIMT> used <ALIMT >cum</ALIMT> instead of spraypaint, churned from those who encroached on <ALIMT >(PH_2)</ALIMT> territory and spritzed with an adherent oil that made it stick. Eventually, <ALIMT >(PH_1)</ALIMT> got very talented at controlling the spurts."
RV2_Adult_PredCockDigest_SecretUnwilling_SerialPredatorCock.title,serial cumgester,title,BackstoryDefs\Backstories_Adult.xml,def,serial cumgester
RV2_Adult_PredCockDigest_SecretUnwilling_SerialPredatorCock.titleShort,serial cumgester,titleShort,BackstoryDefs\Backstories_Adult.xml,def,serial cumgester
RV2_Adult_PredCockDigest_SecretUnwilling_SerialPredatorCock.baseDesc,"[PAWN_nameDef] is a serial unsower of fatal persuasion. [PAWN_pronoun] prowled around at night, always looking for more warm bodies to sound down [PAWN_possessive] cock and churn into a puddle of splooge or an overfilled extra-large condom. Leaving [PAWN_possessive] batter somewhere it would be noticed was the finishing touch on the deed.",baseDesc,BackstoryDefs\Backstories_Adult.xml,def,"<ALIMT >(PH_4)</ALIMT> is a serial unsower of fatal persuasion. <ALIMT >(PH_3)</ALIMT> prowled around at night, always looking for more warm bodies to sound down <ALIMT >(PH_2)</ALIMT> cock and churn into a puddle of splooge or an overfilled extra-large <ALIMT >condom</ALIMT>. Leaving <ALIMT >(PH_1)</ALIMT> batter somewhere it would be noticed was the finishing <ALIMT >touch</ALIMT> on the deed."
RV2_Adult_PredNippleDigest_OpenDubious_SpermBullEscaped.title,escaped sperm bull,title,BackstoryDefs\Backstories_Adult.xml,def,escaped <ALIMT >sperm</ALIMT> <ALIMT >bull</ALIMT>
RV2_Adult_PredNippleDigest_OpenDubious_SpermBullEscaped.titleShort,sperm bull,titleShort,BackstoryDefs\Backstories_Adult.xml,def,<ALIMT >sperm</ALIMT> <ALIMT >bull</ALIMT>
RV2_Adult_PredNippleDigest_OpenDubious_SpermBullEscaped.baseDesc,"[PAWN_nameDef] was kidnapped and held against [PAWN_possessive] will by a sperm farm, in which [PAWN_pronoun] was dehumanized, forcefully medicated, and made to unsow countless dubiously-sourced prey in the name of constant milk production. [PAWN_pronoun] managed to escape before the drugs effectively himbofied [PAWN_objective], but [PAWN_pronoun] empathizes too much with animals to treat them as such anymore.",baseDesc,BackstoryDefs\Backstories_Adult.xml,def,"<ALIMT >(PH_6)</ALIMT> was kidnapped and held against <ALIMT >(PH_5)</ALIMT> will by a <ALIMT >sperm</ALIMT> farm, in which <ALIMT >(PH_4)</ALIMT> was dehumanized, forcefully medicated, and made to unsow countless dubiously-sourced prey in the name of constant milk production. <ALIMT >(PH_3)</ALIMT> managed to escape before the <ALIMT >drugs</ALIMT> effectively himbofied <ALIMT >(PH_2)</ALIMT>, but <ALIMT >(PH_1)</ALIMT> empathizes too much with animals to treat them as such anymore."
RV2_Adult_PredCockTempEndo_OpenWilling_CallPlairePhallic.title,phallic call-plaire,title,BackstoryDefs\Backstories_Adult.xml,def,phallic call-plaire
RV2_Adult_PredCockTempEndo_OpenWilling_CallPlairePhallic.titleShort,call-plaire,titleShort,BackstoryDefs\Backstories_Adult.xml,def,call-plaire
RV2_Adult_PredCockTempEndo_OpenWilling_CallPlairePhallic.baseDesc,"[PAWN_nameDef] was a vore prostitute--a call-pred, but a specific kind of call-pred known as a call-plaire--who sold access to [PAWN_possessive] insides for individual clients and groups to pleasure themselves in before being let out after a while. [PAWN_nameDef] specialized in cock vore, which ended up becoming a core part of [PAWN_possessive] weightlifting routine, since [PAWN_possessive] legs and abs started to bulk up anyways, just from supporting the weight of [PAWN_possessive] clients, which made [PAWN_possessive] arms look weak.",baseDesc,BackstoryDefs\Backstories_Adult.xml,def,"<ALIMT >(PH_7)</ALIMT> was a <ALIMT >vore</ALIMT> prostitute--a call-pred, but a specific kind of call-pred known as a call-plaire--who sold access to <ALIMT >(PH_6)</ALIMT> insides for individual clients and groups to pleasure themselves in before being let out after a while. <ALIMT >(PH_5)</ALIMT> specialized in cock <ALIMT >vore</ALIMT>, which ended up becoming a core part of <ALIMT >(PH_4)</ALIMT> weightlifting routine, since <ALIMT >(PH_3)</ALIMT> legs and abs started to bulk up anyways, just from supporting the weight of <ALIMT >(PH_2)</ALIMT> clients, which made <ALIMT >(PH_1)</ALIMT> arms look weak."
RV2_Adult_PredCockTempEndo_OpenWilling_MasseurCock.title,schlong masseur,title,BackstoryDefs\Backstories_Adult.xml,def,schlong masseur
RV2_Adult_PredCockTempEndo_OpenWilling_MasseurCock.titleShort,masseur,titleShort,BackstoryDefs\Backstories_Adult.xml,def,masseur
RV2_Adult_PredCockTempEndo_OpenWilling_MasseurCock.baseDesc,"[PAWN_nameDef] was a vore prostitute--a call-pred, but a specific kind of call-pred known as a call-plaire--who sold access to [PAWN_possessive] insides for individual clients and groups to pleasure themselves in before being let out after a while. [PAWN_nameDef] specialized in cock vore, which ended up becoming a core part of [PAWN_possessive] weightlifting routine, since [PAWN_possessive] legs and abs started to bulk up anyways, just from supporting the weight of [PAWN_possessive] clients, which made [PAWN_possessive] arms look weak.",baseDesc,BackstoryDefs\Backstories_Adult.xml,def,"<ALIMT >(PH_7)</ALIMT> was a <ALIMT >vore</ALIMT> prostitute--a call-pred, but a specific kind of call-pred known as a call-plaire--who sold access to <ALIMT >(PH_6)</ALIMT> insides for individual clients and groups to pleasure themselves in before being let out after a while. <ALIMT >(PH_5)</ALIMT> specialized in cock <ALIMT >vore</ALIMT>, which ended up becoming a core part of <ALIMT >(PH_4)</ALIMT> weightlifting routine, since <ALIMT >(PH_3)</ALIMT> legs and abs started to bulk up anyways, just from supporting the weight of <ALIMT >(PH_2)</ALIMT> clients, which made <ALIMT >(PH_1)</ALIMT> arms look weak."
RV2_Adult_PredCockTempEndo_OpenWilling_SpaAttendantFertility.title,fertility spa attendant,title,BackstoryDefs\Backstories_Adult.xml,def,fertility spa attendant
RV2_Adult_PredCockTempEndo_OpenWilling_SpaAttendantFertility.titleShort,spa attendant,titleShort,BackstoryDefs\Backstories_Adult.xml,def,spa attendant
RV2_Adult_PredCockTempEndo_OpenWilling_SpaAttendantFertility.baseDesc,"[PAWN_nameDef] provided spa services to couples and single bearers struggling to conceive. Clients would be unsown down into [PAWN_possessive] balls, where they would be encouraged to have sex or masturbate to their heart’s content, so long as they accepted any risk of [PAWN_nameDef] being the actual biological sire.",baseDesc,BackstoryDefs\Backstories_Adult.xml,def,"<ALIMT >(PH_3)</ALIMT> provided spa services to couples and single bearers struggling to conceive. Clients would be unsown down into <ALIMT >(PH_2)</ALIMT> balls, where they would be encouraged to have <ALIMT >sex</ALIMT> or masturbate to their heart’s content, so long as they accepted any risk of <ALIMT >(PH_1)</ALIMT> being the actual biological sire."
RV2_Adult_PredCockTempEndo_SecretUnwilling_SerialRavisseurCock.title,serial phallic ravisseur,title,BackstoryDefs\Backstories_Adult.xml,def,serial phallic ravisseur
RV2_Adult_PredCockTempEndo_SecretUnwilling_SerialRavisseurCock.titleShort,ravisseur,titleShort,BackstoryDefs\Backstories_Adult.xml,def,ravisseur
RV2_Adult_PredCockTempEndo_SecretUnwilling_SerialRavisseurCock.baseDesc,"[PAWN_nameDef] is a ravisseur: a predator who uses vore for short-term kidnapping. [PAWN_pronoun] just did it to unwilling prey for kicks. You can get some serious distance from your poor, abused sounding rod just by launching your prey over a wall or into a ditch.",baseDesc,BackstoryDefs\Backstories_Adult.xml,def,"<ALIMT >(PH_2)</ALIMT> is a ravisseur: a predator who uses <ALIMT >vore</ALIMT> for short-term kidnapping. <ALIMT >(PH_1)</ALIMT> just did it to unwilling prey for kicks. You can get some serious distance from your poor, abused sounding rod just by launching your prey over a wall or into a ditch."
RV2_Adult_PredCockLongendo_SecretUnwilling_SerialGeolierCock.title,serial phallic geolier,title,BackstoryDefs\Backstories_Adult.xml,def,serial phallic geolier
RV2_Adult_PredCockLongendo_SecretUnwilling_SerialGeolierCock.titleShort,geolier,titleShort,BackstoryDefs\Backstories_Adult.xml,def,geolier
RV2_Adult_PredCockLongendo_SecretUnwilling_SerialGeolierCock.baseDesc,"[PAWN_nameDef] is a geolier: a predator who uses vore for long-term imprisonment. [PAWN_pronoun] just did it to unwilling prey for kicks. If you want to make absolutely sure you get your prey pregnant, why not just stow them in your balls for... forever?",baseDesc,BackstoryDefs\Backstories_Adult.xml,def,"<ALIMT >(PH_2)</ALIMT> is a geolier: a predator who uses <ALIMT >vore</ALIMT> for long-term imprisonment. <ALIMT >(PH_1)</ALIMT> just did it to unwilling prey for kicks. If you want to make absolutely sure you get your prey <ALIMT >pregnant</ALIMT>, why not just stow them in your balls for... <ALIMT >forever</ALIMT>?"
RV2_Adult_PredNippleAnygoal_CasualDubious_SuperstarPredatorMammary.title,mammary pred superstar,title,BackstoryDefs\Backstories_Adult.xml,def,mammary pred superstar
RV2_Adult_PredNippleAnygoal_CasualDubious_SuperstarPredatorMammary.titleShort,mammary star,titleShort,BackstoryDefs\Backstories_Adult.xml,def,mammary star
RV2_Adult_PredNippleAnygoal_CasualDubious_SuperstarPredatorMammary.baseDesc,"[PAWN_nameDef]’s bounteous breasts are as accustomed to unnursing random people off the street as they are to feeding them--sometimes, just because the victim’s standing in the way. The milk [PAWN_pronoun] produces is a sought-after delicacy across numerous glitterworlds, especially from the source.",baseDesc,BackstoryDefs\Backstories_Adult.xml,def,"<ALIMT >(PH_2)</ALIMT>’s bounteous <ALIMT >breasts</ALIMT> are as accustomed to unnursing random people off the street as they are to feeding them--sometimes, just because the victim’s standing in the way. The milk <ALIMT >(PH_1)</ALIMT> produces is a sought-after delicacy across numerous glitterworlds, especially from the source."
RV2_Adult_PredNippleDigest_CasualDubious_DrinkingFountainTitsOut.title,tits-out drinking fountain,title,BackstoryDefs\Backstories_Adult.xml,def,tits-out drinking fountain
RV2_Adult_PredNippleDigest_CasualDubious_DrinkingFountainTitsOut.titleShort,drinking fountain,titleShort,BackstoryDefs\Backstories_Adult.xml,def,drinking fountain
RV2_Adult_PredNippleDigest_CasualDubious_DrinkingFountainTitsOut.baseDesc,"[PAWN_nameDef] is seldom seen with a top on, and if [PAWN_pronoun] does have one, it’s something that can be flipped up easily to free [PAWN_possessive] titties. The taps are free for public consumption, but watch out--[PAWN_pronoun] needs to keep topped up, and those who drink too selfishly or too roughly are prime candidates for a refill.",baseDesc,BackstoryDefs\Backstories_Adult.xml,def,"<ALIMT >(PH_4)</ALIMT> is seldom seen with a top on, and if <ALIMT >(PH_3)</ALIMT> does have one, it’s something that can be flipped up easily to free <ALIMT >(PH_2)</ALIMT> titties. The taps are free for <ALIMT >public</ALIMT> consumption, but watch out--<ALIMT >(PH_1)</ALIMT> needs to keep topped up, and those who drink too selfishly or too roughly are prime candidates for a refill."
RV2_Adult_PredNippleDigest_CasualDubious_MilkshakeMixer.title,milkshake mixer,title,BackstoryDefs\Backstories_Adult.xml,def,milkshake mixer
RV2_Adult_PredNippleDigest_CasualDubious_MilkshakeMixer.titleShort,milkshaker,titleShort,BackstoryDefs\Backstories_Adult.xml,def,milkshaker
RV2_Adult_PredNippleDigest_CasualDubious_MilkshakeMixer.baseDesc,[PAWN_nameDef] personally mixed the milkshakes [PAWN_possessive] diner was famous for. [PAWN_possessive] dugs were responsible for the fantastic flavor customers kept coming back for. Those who didn’t like [PAWN_possessive] milkshakes (and those who said they would die for [PAWN_possessive] milkshakes) were strongly invited to contribute their own flavor.,baseDesc,BackstoryDefs\Backstories_Adult.xml,def,<ALIMT >(PH_5)</ALIMT> personally mixed the milkshakes <ALIMT >(PH_4)</ALIMT> diner was famous for. <ALIMT >(PH_3)</ALIMT> dugs were responsible for the fantastic flavor customers kept coming back for. Those who didn’t like <ALIMT >(PH_2)</ALIMT> milkshakes (and those who said they would die for <ALIMT >(PH_1)</ALIMT> milkshakes) were strongly invited to contribute their own flavor.
RV2_Adult_PredNippleDigest_OpenWilling_CallChurnerMammary.title,mammary call-churner,title,BackstoryDefs\Backstories_Adult.xml,def,mammary call-churner
RV2_Adult_PredNippleDigest_OpenWilling_CallChurnerMammary.titleShort,call-churner,titleShort,BackstoryDefs\Backstories_Adult.xml,def,call-churner
RV2_Adult_PredNippleDigest_OpenWilling_CallChurnerMammary.baseDesc,"[PAWN_nameDef] was a vore prostitute--a call-pred, but a specific kind of call-pred known as a call-churner--who allowed those with the money and the death-wish/reformation-access to purchase a gurgling on top of the vore. [PAWN_nameDef] specialized in nipple vore, melting clients into milk. While it was nice at first to have something filling to drink, on and after the job, [PAWN_pronoun] eventually had to learn how to make cheese, butter, ice cream, and more, once [PAWN_pronoun] got tired of milk.",baseDesc,BackstoryDefs\Backstories_Adult.xml,def,"<ALIMT >(PH_4)</ALIMT> was a <ALIMT >vore</ALIMT> prostitute--a call-pred, but a specific kind of call-pred known as a call-churner--who allowed those with the money and the death-wish/reformation-access to purchase a gurgling on top of the <ALIMT >vore</ALIMT>. <ALIMT >(PH_3)</ALIMT> specialized in <ALIMT >nipple</ALIMT> <ALIMT >vore</ALIMT>, melting clients into milk. While it was nice at first to have something filling to drink, on and after the job, <ALIMT >(PH_2)</ALIMT> eventually had to learn how to make cheese, <ALIMT >butter</ALIMT>, ice cream, and more, once <ALIMT >(PH_1)</ALIMT> got tired of milk."
RV2_Adult_PredNippleDigest_OpenWilling_ChefBreastmilkGourmet.title,gourmet breastmilk chef,title,BackstoryDefs\Backstories_Adult.xml,def,gourmet breastmilk chef
RV2_Adult_PredNippleDigest_OpenWilling_ChefBreastmilkGourmet.titleShort,chef,titleShort,BackstoryDefs\Backstories_Adult.xml,def,chef
RV2_Adult_PredNippleDigest_OpenWilling_ChefBreastmilkGourmet.baseDesc,"[PAWN_nameDef] uses only the finest milk for [PAWN_possessive] five-star meals: [PAWN_possessive] own. Of course, this demands a bit more milk than the body can easily produce, so [PAWN_pronoun] relies on a steady stream of prey who would dream of nothing other than to be churned into milk for [PAWN_nameDef]’s masterpieces.",baseDesc,BackstoryDefs\Backstories_Adult.xml,def,"<ALIMT >(PH_5)</ALIMT> uses only the finest milk for <ALIMT >(PH_4)</ALIMT> five-star meals: <ALIMT >(PH_3)</ALIMT> own. Of course, this demands a bit more milk than the body can easily produce, so <ALIMT >(PH_2)</ALIMT> relies on a steady stream of prey who would dream of nothing other than to be churned into milk for <ALIMT >(PH_1)</ALIMT>’s masterpieces."
RV2_Adult_PredNippleDigest_OpenWilling_ModelLibrawear.title,librawear model,title,BackstoryDefs\Backstories_Adult.xml,def,librawear model
RV2_Adult_PredNippleDigest_OpenWilling_ModelLibrawear.titleShort,model,titleShort,BackstoryDefs\Backstories_Adult.xml,def,model
RV2_Adult_PredNippleDigest_OpenWilling_ModelLibrawear.baseDesc,"Vorewear isn’t one-size-fits-all. For predators specializing in breast vore, there’s a need for bras and shirts that can support and contain massive, prey-laden breasts and even make the asymmetry of single-prey nipple vore seem flattering. [PAWN_nameDef] models these fashions, assisted by the bra-padders fed to [PAWN_objective] before [PAWN_pronoun] gets on the runway.",baseDesc,BackstoryDefs\Backstories_Adult.xml,def,"Vorewear isn’t one-size-fits-all. For predators specializing in <ALIMT >breast</ALIMT> <ALIMT >vore</ALIMT>, there’s a need for bras and shirts that can support and contain massive, prey-laden <ALIMT >breasts</ALIMT> and even make the asymmetry of single-prey <ALIMT >nipple</ALIMT> <ALIMT >vore</ALIMT> seem flattering. <ALIMT >(PH_3)</ALIMT> models these fashions, assisted by the <ALIMT >bra</ALIMT>-padders fed to <ALIMT >(PH_2)</ALIMT> before <ALIMT >(PH_1)</ALIMT> gets on the runway."
RV2_Adult_PredNippleDigest_OpenDubious_Cheesemaker.title,cheesemaker,title,BackstoryDefs\Backstories_Adult.xml,def,cheesemaker
RV2_Adult_PredNippleDigest_OpenDubious_Cheesemaker.titleShort,cheesemaker,titleShort,BackstoryDefs\Backstories_Adult.xml,def,cheesemaker
RV2_Adult_PredNippleDigest_OpenDubious_Cheesemaker.baseDesc,"[PAWN_nameDef] likes to churn people into breastmilk well enough, but drinking the milk straight is for plebians. Real sophisticates, like [PAWN_objective]self, age it into cheese first.",baseDesc,BackstoryDefs\Backstories_Adult.xml,def,"<ALIMT >(PH_2)</ALIMT> likes to churn people into breastmilk well enough, but drinking the milk straight is for plebians. Real sophisticates, like <ALIMT >(PH_1)</ALIMT>self, age it into cheese first."
RV2_Adult_PredNippleDigest_OpenDubious_LivingFountainMilk.title,milk fountain,title,BackstoryDefs\Backstories_Adult.xml,def,milk fountain
RV2_Adult_PredNippleDigest_OpenDubious_LivingFountainMilk.titleShort,living fountain,titleShort,BackstoryDefs\Backstories_Adult.xml,def,living fountain
RV2_Adult_PredNippleDigest_OpenDubious_LivingFountainMilk.baseDesc,"Somewhere near the height of decadence is having someone on payroll whose sole job is to sit around, churn provided prey into milk, and spray it into a basin like a living fountain. [PAWN_nameDef] was that fountain.",baseDesc,BackstoryDefs\Backstories_Adult.xml,def,"Somewhere near the height of decadence is having someone on payroll whose sole job is to sit around, churn provided prey into milk, and spray it into a basin like a living fountain. <ALIMT >(PH_1)</ALIMT> was that fountain."
RV2_Adult_PredNippleDigest_OpenDubious_MilkmaidAlpha.title,alpha milklad,title,BackstoryDefs\Backstories_Adult.xml,def,alpha milklad
RV2_Adult_PredNippleDigest_OpenDubious_MilkmaidAlpha.titleShort,milklad,titleShort,BackstoryDefs\Backstories_Adult.xml,def,milklad
RV2_Adult_PredNippleDigest_OpenDubious_MilkmaidAlpha.baseDesc,"[PAWN_nameDef] was a free-range dairy cow who abused the lack of constant oversight to form a clique and hog the feeder-prey. Whenever prey for the milkmaids’ milkers were released into the sororal neighborhood, [PAWN_pronoun] beat [PAWN_possessive] comrades to the punch and took more prey than [PAWN_pronoun] needed.",baseDesc,BackstoryDefs\Backstories_Adult.xml,def,"<ALIMT >(PH_4)</ALIMT> was a free-range dairy cow who abused the lack of constant oversight to form a clique and hog the feeder-prey. Whenever prey for the milkmaids’ milkers were released into the sororal neighborhood, <ALIMT >(PH_3)</ALIMT> beat <ALIMT >(PH_2)</ALIMT> comrades to the punch and took more prey than <ALIMT >(PH_1)</ALIMT> needed."
RV2_Adult_PredNippleDigest_OpenDubious_MilkmaidFreeRange.title,free-range milklad,title,BackstoryDefs\Backstories_Adult.xml,def,free-range milklad
RV2_Adult_PredNippleDigest_OpenDubious_MilkmaidFreeRange.titleShort,milklad,titleShort,BackstoryDefs\Backstories_Adult.xml,def,milklad
RV2_Adult_PredNippleDigest_OpenDubious_MilkmaidFreeRange.baseDesc,"[PAWN_nameDef] was basically a dairy cow with a bit of freedom. Instead of the solitude of the pen, a diet of meds, and a constant forced unnursing of more prey, [PAWN_pronoun] got to live in a milkmaid sorority with less dehumanizing furniture, better food, and a loose schedule, on the condition that [PAWN_pronoun] still met production quotas. To that end, prey would still be delivered to the sororal neighborhood: it was up to the milkmaids to seek them out.",baseDesc,BackstoryDefs\Backstories_Adult.xml,def,"<ALIMT >(PH_3)</ALIMT> was basically a dairy cow with a bit of freedom. Instead of the solitude of the pen, a diet of meds, and a constant <ALIMT >forced</ALIMT> unnursing of more prey, <ALIMT >(PH_2)</ALIMT> got to live in a milkmaid sorority with less dehumanizing furniture, better food, and a loose schedule, on the condition that <ALIMT >(PH_1)</ALIMT> still met production quotas. To that end, prey would still be delivered to the sororal neighborhood: it was up to the milkmaids to seek them out."
RV2_Adult_PredNippleDigest_OpenDubious_MilkmaidIndustrial.title,industrial milklad,title,BackstoryDefs\Backstories_Adult.xml,def,industrial milklad
RV2_Adult_PredNippleDigest_OpenDubious_MilkmaidIndustrial.titleShort,milklad,titleShort,BackstoryDefs\Backstories_Adult.xml,def,milklad
RV2_Adult_PredNippleDigest_OpenDubious_MilkmaidIndustrial.baseDesc,"[PAWN_nameDef] was, essentially, a dairy cow, on a farm which produced rich, sweet milk from chemically-enhanced maidens and lads. To enhance [PAWN_possessive] production, they medicated [PAWN_possessive] food and slipped plenty of prey into [PAWN_possessive] breasts. While the drugs have dulled [PAWN_possessive] mind and neutered [PAWN_possessive] violent urges, [PAWN_nameDef] has learned a lot about how to treat a dairy animal.",baseDesc,BackstoryDefs\Backstories_Adult.xml,def,"<ALIMT >(PH_7)</ALIMT> was, essentially, a dairy cow, on a farm which produced rich, sweet milk from chemically-enhanced maidens and lads. To enhance <ALIMT >(PH_6)</ALIMT> production, they medicated <ALIMT >(PH_5)</ALIMT> food and slipped plenty of prey into <ALIMT >(PH_4)</ALIMT> <ALIMT >breasts</ALIMT>. While the <ALIMT >drugs</ALIMT> have dulled <ALIMT >(PH_3)</ALIMT> mind and neutered <ALIMT >(PH_2)</ALIMT> violent urges, <ALIMT >(PH_1)</ALIMT> has learned a lot about how to treat a dairy animal."
RV2_Adult_PredNippleDigest_OpenDubious_MixologistMilky.title,milky mixologist,title,BackstoryDefs\Backstories_Adult.xml,def,milky mixologist
RV2_Adult_PredNippleDigest_OpenDubious_MixologistMilky.titleShort,bartender,titleShort,BackstoryDefs\Backstories_Adult.xml,def,bartender
RV2_Adult_PredNippleDigest_OpenDubious_MixologistMilky.baseDesc,"[PAWN_nameDef] brought attention to [PAWN_possessive] bar by tending the counter topless and personally providing the cream for everyone’s drinks. Those who failed to pay their tab when the time came, or picked a fight too many times, swiftly found themselves paying for it inside [PAWN_possessive] mammaries, often coerced inside by the shotgun [PAWN_pronoun] kept behind the counter.",baseDesc,BackstoryDefs\Backstories_Adult.xml,def,"<ALIMT >(PH_4)</ALIMT> brought attention to <ALIMT >(PH_3)</ALIMT> bar by tending the counter <ALIMT >topless</ALIMT> and personally providing the cream for everyone’s drinks. Those who failed to pay their tab when the time came, or picked a fight too many times, swiftly found themselves paying for it inside <ALIMT >(PH_2)</ALIMT> mammaries, often coerced inside by the shotgun <ALIMT >(PH_1)</ALIMT> kept behind the counter."
RV2_Adult_PredNippleDigest_SecretUnwilling_SerialPredatorNipple.title,serial milkmaker,title,BackstoryDefs\Backstories_Adult.xml,def,serial milkmaker
RV2_Adult_PredNippleDigest_SecretUnwilling_SerialPredatorNipple.titleShort,serial milkmaker,titleShort,BackstoryDefs\Backstories_Adult.xml,def,serial milkmaker
RV2_Adult_PredNippleDigest_SecretUnwilling_SerialPredatorNipple.baseDesc,"[PAWN_nameDef] is a serial unnurser of fatal persuasion. Maintaining the balance between left and right is an engaging exercise for preds like [PAWN_objective]. It’s hardly enjoyable to leave one teat empty. Sometimes, a cute, unwitting couple presents a perfect opportunity, but sometimes, [PAWN_nameDef] has to get inventive. That same knack for invention also manifests in [PAWN_possessive] kitchen, since all that milk has to be disposed of somewhere--why not into the mouths of [PAWN_possessive] future victims?",baseDesc,BackstoryDefs\Backstories_Adult.xml,def,"<ALIMT >(PH_5)</ALIMT> is a serial unnurser of fatal persuasion. Maintaining the balance between left and right is an engaging exercise for preds like <ALIMT >(PH_4)</ALIMT>. It’s hardly enjoyable to leave one teat empty. Sometimes, a cute, unwitting couple presents a perfect opportunity, but sometimes, <ALIMT >(PH_3)</ALIMT> has to get inventive. That same knack for invention also manifests in <ALIMT >(PH_2)</ALIMT> kitchen, since all that milk has to be disposed of somewhere--why not into the mouths of <ALIMT >(PH_1)</ALIMT> future victims?"
RV2_Adult_PredNippleDigest_SecretUnwilling_ChefBreastmilkBelligerent.title,breastmilk chef,title,BackstoryDefs\Backstories_Adult.xml,def,breastmilk chef
RV2_Adult_PredNippleDigest_SecretUnwilling_ChefBreastmilkBelligerent.titleShort,chef,titleShort,BackstoryDefs\Backstories_Adult.xml,def,chef
RV2_Adult_PredNippleDigest_SecretUnwilling_ChefBreastmilkBelligerent.baseDesc,"In [PAWN_nameDef]’s kitchen, the milk of a mere animal is never to be used except in desperation. It’s unnatural and beneath sapient life to source milk anywhere other than an intelligent being’s Nipple. Many a health inspector, who’d tried to write [PAWN_nameDef] up for cooking topless and lactating directly into a boiling pot, swiftly found themselves stocking [PAWN_possessive] chest-mounted larder.",baseDesc,BackstoryDefs\Backstories_Adult.xml,def,"In <ALIMT >(PH_3)</ALIMT>’s kitchen, the milk of a mere animal is never to be used except in desperation. It’s unnatural and beneath sapient life to source milk anywhere other than an intelligent being’s <ALIMT >nipple</ALIMT>. Many a health inspector, who’d tried to write <ALIMT >(PH_2)</ALIMT> up for cooking <ALIMT >topless</ALIMT> and lactating directly into a boiling pot, swiftly found themselves stocking <ALIMT >(PH_1)</ALIMT> chest-mounted larder."
RV2_Adult_PredNippleDigest_ForcedDubious_MilkmaidEscaped.title,escaped milklad,title,BackstoryDefs\Backstories_Adult.xml,def,escaped milklad
RV2_Adult_PredNippleDigest_ForcedDubious_MilkmaidEscaped.titleShort,milklad,titleShort,BackstoryDefs\Backstories_Adult.xml,def,milklad
RV2_Adult_PredNippleDigest_ForcedDubious_MilkmaidEscaped.baseDesc,"[PAWN_nameDef] was kidnapped and held against [PAWN_possessive] will by a dairy farm, in which [PAWN_pronoun] was dehumanized, forcefully medicated, and made to unnurse countless dubiously-sourced prey in the name of constant milk production. [PAWN_pronoun] managed to escape before the drugs effectively bimbofied [PAWN_objective], but [PAWN_pronoun] empathizes too much with animals to treat them as such anymore.",baseDesc,BackstoryDefs\Backstories_Adult.xml,def,"<ALIMT >(PH_6)</ALIMT> was kidnapped and held against <ALIMT >(PH_5)</ALIMT> will by a dairy farm, in which <ALIMT >(PH_4)</ALIMT> was dehumanized, forcefully medicated, and made to unnurse countless dubiously-sourced prey in the name of constant milk production. <ALIMT >(PH_3)</ALIMT> managed to escape before the <ALIMT >drugs</ALIMT> effectively bimbofied <ALIMT >(PH_2)</ALIMT>, but <ALIMT >(PH_1)</ALIMT> empathizes too much with animals to treat them as such anymore."
RV2_Adult_PredNippleTempEndo_OpenWilling_CallPlaireMammary.title,mammary call-plaire,title,BackstoryDefs\Backstories_Adult.xml,def,mammary call-plaire
RV2_Adult_PredNippleTempEndo_OpenWilling_CallPlaireMammary.titleShort,call-plaire,titleShort,BackstoryDefs\Backstories_Adult.xml,def,call-plaire
RV2_Adult_PredNippleTempEndo_OpenWilling_CallPlaireMammary.baseDesc,"[PAWN_nameDef] was a vore prostitute--a call-pred, but a specific kind of call-pred known as a call-plaire--who sold access to [PAWN_possessive] insides for individual clients and groups to pleasure themselves in before being let out after a while. [PAWN_nameDef] specialized in Nipple vore, which left [PAWN_objective] with the problem of managing [PAWN_possessive] symmetry--usually by getting a second client, but sometimes using a handmade beanbag of sorts, weighted and sized to roughly approximate an entire person.",baseDesc,BackstoryDefs\Backstories_Adult.xml,def,"<ALIMT >(PH_5)</ALIMT> was a <ALIMT >vore</ALIMT> prostitute--a call-pred, but a specific kind of call-pred known as a call-plaire--who sold access to <ALIMT >(PH_4)</ALIMT> insides for individual clients and groups to pleasure themselves in before being let out after a while. <ALIMT >(PH_3)</ALIMT> specialized in <ALIMT >nipple</ALIMT> <ALIMT >vore</ALIMT>, which left <ALIMT >(PH_2)</ALIMT> with the problem of managing <ALIMT >(PH_1)</ALIMT> symmetry--usually by getting a second client, but sometimes using a handmade beanbag of sorts, weighted and sized to roughly approximate an entire person."
RV2_Adult_PredNippleTempEndo_OpenWilling_SpaAttendantMilk.title,milk spa attendant,title,BackstoryDefs\Backstories_Adult.xml,def,milk spa attendant
RV2_Adult_PredNippleTempEndo_OpenWilling_SpaAttendantMilk.titleShort,spa attendant,titleShort,BackstoryDefs\Backstories_Adult.xml,def,spa attendant
RV2_Adult_PredNippleTempEndo_OpenWilling_SpaAttendantMilk.baseDesc,"[PAWN_nameDef] drew milk baths for spa clients, though not in the typical manner: these milk baths were given in the comfort of [PAWN_possessive] breasts.",baseDesc,BackstoryDefs\Backstories_Adult.xml,def,"<ALIMT >(PH_2)</ALIMT> drew milk baths for spa clients, though not in the typical manner: these milk baths were given in the comfort of <ALIMT >(PH_1)</ALIMT> <ALIMT >breasts</ALIMT>."
RV2_Adult_PredNippleTempEndo_SecretUnwilling_SerialRavisseurNipple.title,serial mammary ravisseur,title,BackstoryDefs\Backstories_Adult.xml,def,serial mammary ravisseur
RV2_Adult_PredNippleTempEndo_SecretUnwilling_SerialRavisseurNipple.titleShort,ravisseur,titleShort,BackstoryDefs\Backstories_Adult.xml,def,ravisseur
RV2_Adult_PredNippleTempEndo_SecretUnwilling_SerialRavisseurNipple.baseDesc,"[PAWN_nameDef] is a ravisseur: a predator who uses vore for short-term kidnapping. [PAWN_pronoun] just did it to unwilling prey for kicks. Just remember to let your bra-stuffers out in separate locations, lest they team up on you.",baseDesc,BackstoryDefs\Backstories_Adult.xml,def,"<ALIMT >(PH_2)</ALIMT> is a ravisseur: a predator who uses <ALIMT >vore</ALIMT> for short-term kidnapping. <ALIMT >(PH_1)</ALIMT> just did it to unwilling prey for kicks. Just remember to let your <ALIMT >bra</ALIMT>-stuffers out in separate locations, lest they team up on you."
RV2_Adult_PredNippleLongendo_SecretUnwilling_SerialGeolierNipple.title,serial mammary geolier,title,BackstoryDefs\Backstories_Adult.xml,def,serial mammary geolier
RV2_Adult_PredNippleLongendo_SecretUnwilling_SerialGeolierNipple.titleShort,geolier,titleShort,BackstoryDefs\Backstories_Adult.xml,def,geolier
RV2_Adult_PredNippleLongendo_SecretUnwilling_SerialGeolierNipple.baseDesc,"[PAWN_nameDef] is a geolier: a predator who uses vore for long-term imprisonment. [PAWN_pronoun] just did it to unwilling prey for kicks. For every prey in the left, you gotta find one for the right; else, you’ll get back problems.",baseDesc,BackstoryDefs\Backstories_Adult.xml,def,"<ALIMT >(PH_2)</ALIMT> is a geolier: a predator who uses <ALIMT >vore</ALIMT> for long-term imprisonment. <ALIMT >(PH_1)</ALIMT> just did it to unwilling prey for kicks. For every prey in the left, you gotta find one for the right; else, you’ll get back problems."
RV2_Adult_PreyAnytypeAnygoal_OpenWilling_PhagologistPreyish.title,preyish phagologist,title,BackstoryDefs\Backstories_Adult.xml,def,preyish phagologist
RV2_Adult_PreyAnytypeAnygoal_OpenWilling_PhagologistPreyish.titleShort,phagologist,titleShort,BackstoryDefs\Backstories_Adult.xml,def,phagologist
RV2_Adult_PreyAnytypeAnygoal_OpenWilling_PhagologistPreyish.baseDesc,"As a phagologist, [PAWN_nameDef] has dedicated [PAWN_possessive] life to studying vore: where it comes from, how it develops and works, and its effects on society. [PAWN_nameDef] is particularly gung-ho about [PAWN_possessive] job, to the point of eagerly jumping down just about any enticing throat or fuckhole for the sake of science. [PAWN_pronoun] has forgotten to disrobe first so often that [PAWN_pronoun] has learned [PAWN_possessive] way around a needle and thread, just to patch up the clothes which survive.",baseDesc,BackstoryDefs\Backstories_Adult.xml,def,"As a phagologist, <ALIMT >(PH_7)</ALIMT> has dedicated <ALIMT >(PH_6)</ALIMT> life to studying <ALIMT >vore</ALIMT>: where it comes from, how it develops and works, and its effects on society. <ALIMT >(PH_5)</ALIMT> is particularly gung-ho about <ALIMT >(PH_4)</ALIMT> job, to the point of eagerly jumping down just about any enticing throat or fuckhole for the sake of science. <ALIMT >(PH_3)</ALIMT> has forgotten to disrobe first so often that <ALIMT >(PH_2)</ALIMT> has learned <ALIMT >(PH_1)</ALIMT> way around a needle and thread, just to patch up the clothes which survive."
RV2_Adult_PreyAnytypeAnygoal_OpenWilling_Gastrozoologist.title,Gastrozoologist,title,BackstoryDefs\Backstories_Adult.xml,def,Gastrozoologist
RV2_Adult_PreyAnytypeAnygoal_OpenWilling_Gastrozoologist.titleShort,Gastrozoologist,titleShort,BackstoryDefs\Backstories_Adult.xml,def,Gastrozoologist
RV2_Adult_PreyAnytypeAnygoal_OpenWilling_Gastrozoologist.baseDesc,"[PAWN_nameDef] was a researcher of animal behavior and biology, who took a very hands-on approach to [PAWN_possessive] work, trying to befriend and earn the trust of creatures [PAWN_pronoun] studied. For many carnivorous and omnivorous specimens, the best way to do this turned out to be by becoming prey. Surviving inside wild predators created a bond between [PAWN_nameDef] and said wild predators, and allowed [PAWN_objective] to make new discoveries that had not been seen before.",baseDesc,BackstoryDefs\Backstories_Adult.xml,def,"<ALIMT >(PH_5)</ALIMT> was a researcher of animal behavior and biology, who took a very hands-on approach to <ALIMT >(PH_4)</ALIMT> work, trying to befriend and earn the trust of creatures <ALIMT >(PH_3)</ALIMT> studied. For many carnivorous and omnivorous specimens, the best way to do this turned out to be by becoming prey. Surviving inside wild predators created a bond between <ALIMT >(PH_2)</ALIMT> and said wild predators, and allowed <ALIMT >(PH_1)</ALIMT> to make new discoveries that had not been seen before."
RV2_Adult_SwitchAnytypeAnygoal_OpenWilling_PhagologistWellVersed.title,well-versed phagologist,title,BackstoryDefs\Backstories_Adult.xml,def,well-versed phagologist
RV2_Adult_SwitchAnytypeAnygoal_OpenWilling_PhagologistWellVersed.titleShort,phagologist,titleShort,BackstoryDefs\Backstories_Adult.xml,def,phagologist
RV2_Adult_SwitchAnytypeAnygoal_OpenWilling_PhagologistWellVersed.baseDesc,"As a phagologist, [PAWN_nameDef] has dedicated [PAWN_possessive] life to studying vore: where it comes from, how it develops and works, and its effects on society. [PAWN_nameDef] is something of a Renaissance pawn, having personally acquainted [PAWN_objective]self with both predation and playing prey. As such, [PAWN_nameDef] has dabbled in many helpful skills for vore.",baseDesc,BackstoryDefs\Backstories_Adult.xml,def,"As a phagologist, <ALIMT >(PH_6)</ALIMT> has dedicated <ALIMT >(PH_5)</ALIMT> life to studying <ALIMT >vore</ALIMT>: where it comes from, how it develops and works, and its effects on society. <ALIMT >(PH_4)</ALIMT> is something of a Renaissance <ALIMT >(PH_3)</ALIMT>, having personally acquainted <ALIMT >(PH_2)</ALIMT>self with both predation and playing prey. As such, <ALIMT >(PH_1)</ALIMT> has dabbled in many helpful skills for <ALIMT >vore</ALIMT>."
RV2_Adult_SwitchAnytypeTempEndo_OpenWilling_VStreamerEndo.title,endo V-streamer,title,BackstoryDefs\Backstories_Adult.xml,def,endo V-streamer
RV2_Adult_SwitchAnytypeTempEndo_OpenWilling_VStreamerEndo.titleShort,V-streamer,titleShort,BackstoryDefs\Backstories_Adult.xml,def,V-streamer
RV2_Adult_SwitchAnytypeTempEndo_OpenWilling_VStreamerEndo.baseDesc,"[PAWN_nameDef] was an indie vore streamer who stuck to the safer side of vore. Since [PAWN_pronoun] wasn’t constantly gurgling [PAWN_possessive] costars, [PAWN_pronoun] was able to do some serious networking.",baseDesc,BackstoryDefs\Backstories_Adult.xml,def,"<ALIMT >(PH_4)</ALIMT> was an indie <ALIMT >vore</ALIMT> streamer who stuck to the safer side of <ALIMT >vore</ALIMT>. Since <ALIMT >(PH_3)</ALIMT> wasn’t constantly gurgling <ALIMT >(PH_2)</ALIMT> costars, <ALIMT >(PH_1)</ALIMT> was able to do some serious networking."
RV2_Adult_SwitchAnytypeTempEndo_OpenWilling_VStreamerShy.title,shy V-streamer,title,BackstoryDefs\Backstories_Adult.xml,def,shy V-streamer
RV2_Adult_SwitchAnytypeTempEndo_OpenWilling_VStreamerShy.titleShort,V-streamer,titleShort,BackstoryDefs\Backstories_Adult.xml,def,V-streamer
RV2_Adult_SwitchAnytypeTempEndo_OpenWilling_VStreamerShy.baseDesc,"[PAWN_nameDef] dreamt of being a vornstar, but was far too shy to audition. Instead, [PAWN_pronoun] turned to the next best thing: streaming. While it was extremely difficult for [PAWN_objective] to recruit guests, [PAWN_pronoun] got very inventive with the swallowing of objects and pets.",baseDesc,BackstoryDefs\Backstories_Adult.xml,def,"<ALIMT >(PH_4)</ALIMT> dreamt of being a vornstar, but was far too shy to audition. Instead, <ALIMT >(PH_3)</ALIMT> turned to the next best thing: streaming. While it was extremely difficult for <ALIMT >(PH_2)</ALIMT> to recruit guests, <ALIMT >(PH_1)</ALIMT> got very inventive with the swallowing of objects and pets."
RV2_Adult_SwitchAnalDigest_OpenUnwilling_PirateBootyObsessed.title,booty-obsessed pirate,title,BackstoryDefs\Backstories_Adult.xml,def,booty-obsessed pirate
RV2_Adult_SwitchAnalDigest_OpenUnwilling_PirateBootyObsessed.titleShort,pirate,titleShort,BackstoryDefs\Backstories_Adult.xml,def,pirate
RV2_Adult_SwitchAnalDigest_OpenUnwilling_PirateBootyObsessed.baseDesc,"[PAWN_nameDef] has an ass thing. [PAWN_pronoun] has such an ass thing that [PAWN_pronoun] joined up with a pirate crew thinking the booty they were after was literal. Nonetheless, the lifestyle suited [PAWN_objective], between all the captives stuffed into [PAWN_possessive] own booty and all the gorgeous peaches [PAWN_pronoun] got to explore at port or mingling with another crew.",baseDesc,BackstoryDefs\Backstories_Adult.xml,def,"<ALIMT >(PH_6)</ALIMT> has an <ALIMT >ass</ALIMT> thing. <ALIMT >(PH_5)</ALIMT> has such an <ALIMT >ass</ALIMT> thing that <ALIMT >(PH_4)</ALIMT> joined up with a pirate crew thinking the booty they were after was literal. Nonetheless, the lifestyle suited <ALIMT >(PH_3)</ALIMT>, between all the captives stuffed into <ALIMT >(PH_2)</ALIMT> own booty and all the gorgeous peaches <ALIMT >(PH_1)</ALIMT> got to explore at port or mingling with another crew."
RV2_Adult_FeederAnytypeAnygoal_OpenDistant_ArchitectHeavyweight.title,heavyweight architect,title,BackstoryDefs\Backstories_Adult.xml,def,heavyweight architect
RV2_Adult_FeederAnytypeAnygoal_OpenDistant_ArchitectHeavyweight.titleShort,architect,titleShort,BackstoryDefs\Backstories_Adult.xml,def,architect
RV2_Adult_FeederAnytypeAnygoal_OpenDistant_ArchitectHeavyweight.baseDesc,"As both an architect and a voraphile, [PAWN_nameDef] envisioned a world where every building was built to cater to the structural needs of prey-laden predators. Doors would be wide enough to fit swolen, sloshing, kicking bellies; floors, sturdy enough for the weight in prey they must bear. Of course, as an architect, [PAWN_nameDef] has their own annoying quirks, such as an inflated ego and a refusal to do any kind of dumb labor.",baseDesc,BackstoryDefs\Backstories_Adult.xml,def,"As both an architect and a voraphile, <ALIMT >(PH_2)</ALIMT> envisioned a world where every building was built to cater to the structural needs of prey-laden predators. Doors would be wide enough to fit swolen, sloshing, kicking bellies; floors, sturdy enough for the weight in prey they must bear. Of course, as an architect, <ALIMT >(PH_1)</ALIMT> has their own annoying quirks, such as an inflated ego and a refusal to do any kind of dumb labor."
RV2_Adult_FeederAnytypeAnygoal_OpenDistant_DoorWidener.title,door widener,title,BackstoryDefs\Backstories_Adult.xml,def,door widener
RV2_Adult_FeederAnytypeAnygoal_OpenDistant_DoorWidener.titleShort,door widener,titleShort,BackstoryDefs\Backstories_Adult.xml,def,door widener
RV2_Adult_FeederAnytypeAnygoal_OpenDistant_DoorWidener.baseDesc,"When the vore craze hit [PAWN_nameDef]’s home, the demand for architects soared. Every noble, business person, and/or politician across the land needed the doors of their palaces and offices widened to fit big, round bellies and newly-broadened bodies. [PAWN_nameDef] was one such contractor, earning a tidy paycheck, a little bit of eavesdropped intrigue, and the opportunity to watch the rich and powerful digest their prey.",baseDesc,BackstoryDefs\Backstories_Adult.xml,def,"When the <ALIMT >vore</ALIMT> craze hit <ALIMT >(PH_2)</ALIMT>’s home, the demand for architects soared. Every noble, business person, and/or politician across the land needed the doors of their palaces and offices widened to fit big, round bellies and newly-broadened bodies. <ALIMT >(PH_1)</ALIMT> was one such contractor, earning a tidy paycheck, a little bit of eavesdropped intrigue, and the opportunity to watch the rich and powerful digest their prey."
RV2_Adult_FeederAnytypeAnygoal_OpenDistant_PhagologistCultural.title,cultural phagologist,title,BackstoryDefs\Backstories_Adult.xml,def,cultural phagologist
RV2_Adult_FeederAnytypeAnygoal_OpenDistant_PhagologistCultural.titleShort,phagologist,titleShort,BackstoryDefs\Backstories_Adult.xml,def,phagologist
RV2_Adult_FeederAnytypeAnygoal_OpenDistant_PhagologistCultural.baseDesc,"As a phagologist, [PAWN_nameDef] has dedicated [PAWN_possessive] life to studying vore: where it comes from, how it develops and works, and its effects on society. [PAWN_nameDef] studied the treatment of vore in art and politics throughout history, from long before a society achieves the ability to do vore, when it’s still just an internet fetish or mythological trope, to after its introduction and the social challenges it brings.",baseDesc,BackstoryDefs\Backstories_Adult.xml,def,"As a phagologist, <ALIMT >(PH_3)</ALIMT> has dedicated <ALIMT >(PH_2)</ALIMT> life to studying <ALIMT >vore</ALIMT>: where it comes from, how it develops and works, and its effects on society. <ALIMT >(PH_1)</ALIMT> studied the treatment of <ALIMT >vore</ALIMT> in art and politics throughout history, from long before a society achieves the ability to do <ALIMT >vore</ALIMT>, when it’s still just an internet fetish or mythological trope, to after its introduction and the social challenges it brings."
RV2_Adult_FeederAnytypeAnygoal_OpenDistant_PhagologistLab.title,lab phagologist,title,BackstoryDefs\Backstories_Adult.xml,def,lab phagologist
RV2_Adult_FeederAnytypeAnygoal_OpenDistant_PhagologistLab.titleShort,phagologist,titleShort,BackstoryDefs\Backstories_Adult.xml,def,phagologist
RV2_Adult_FeederAnytypeAnygoal_OpenDistant_PhagologistLab.baseDesc,"As a phagologist, [PAWN_nameDef] has dedicated [PAWN_possessive] life to studying vore: where it comes from, how it develops and works, and its effects on society. [PAWN_nameDef] studied the biology behind vore from the comfort of a lab, be it the processes that allow it to happen in the first place, all the different things the body can do to prey, esoteric points of entry, or new innovations in genetic modification.",baseDesc,BackstoryDefs\Backstories_Adult.xml,def,"As a phagologist, <ALIMT >(PH_3)</ALIMT> has dedicated <ALIMT >(PH_2)</ALIMT> life to studying <ALIMT >vore</ALIMT>: where it comes from, how it develops and works, and its effects on society. <ALIMT >(PH_1)</ALIMT> studied the biology behind <ALIMT >vore</ALIMT> from the comfort of a lab, be it the processes that allow it to happen in the first place, all the different things the body can do to prey, esoteric points of entry, or new innovations in genetic modification."
RV2_Adult_FeederAnytypeDigest_OpenDistant_SculptorDisposalUrn.title,disposal urn sculptor,title,BackstoryDefs\Backstories_Adult.xml,def,disposal urn sculptor
RV2_Adult_FeederAnytypeDigest_OpenDistant_SculptorDisposalUrn.titleShort,urn sculptor,titleShort,BackstoryDefs\Backstories_Adult.xml,def,urn sculptor
RV2_Adult_FeederAnytypeDigest_OpenDistant_SculptorDisposalUrn.baseDesc,"Hailing from a spiritual society, in which the remnants of a digested living being are sacred (ruined clothes, semen, breast milk, or whatever else came out of the pred), [PAWN_nameDef] found [PAWN_possessive] calling in crafting the sacred, deeply-customized vessels, designed after the prey, which would house these remains.",baseDesc,BackstoryDefs\Backstories_Adult.xml,def,"Hailing from a spiritual society, in which the remnants of a digested living being are sacred (ruined clothes, <ALIMT >semen</ALIMT>, <ALIMT >breast</ALIMT> milk, or whatever else came out of the pred), <ALIMT >(PH_2)</ALIMT> found <ALIMT >(PH_1)</ALIMT> calling in crafting the sacred, deeply-customized vessels, designed after the prey, which would house these remains."
RV2_Adult_FeederOralAnygoal_OpenDistant_PhagologistOral.title,oral phagologist,title,BackstoryDefs\Backstories_Adult.xml,def,<ALIMT >oral</ALIMT> phagologist
RV2_Adult_FeederOralAnygoal_OpenDistant_PhagologistOral.titleShort,phagologist,titleShort,BackstoryDefs\Backstories_Adult.xml,def,phagologist
RV2_Adult_FeederOralAnygoal_OpenDistant_PhagologistOral.baseDesc,"As a phagologist, [PAWN_nameDef] has dedicated [PAWN_possessive] life to studying vore: where it comes from, how it develops and works, and its effects on society. [PAWN_nameDef] studied oral vore, which, as the most intuitive path of vore, gains the most cultural connotations and is usually the first to develop in a previously non-voracious population.",baseDesc,BackstoryDefs\Backstories_Adult.xml,def,"As a phagologist, <ALIMT >(PH_3)</ALIMT> has dedicated <ALIMT >(PH_2)</ALIMT> life to studying <ALIMT >vore</ALIMT>: where it comes from, how it develops and works, and its effects on society. <ALIMT >(PH_1)</ALIMT> studied <ALIMT >oral</ALIMT> <ALIMT >vore</ALIMT>, which, as the most intuitive path of <ALIMT >vore</ALIMT>, gains the most cultural connotations and is usually the first to develop in a previously non-voracious population."
RV2_Adult_FeederAnalAnygoal_OpenDistant_PhagologistAnal.title,anal phagologist,title,BackstoryDefs\Backstories_Adult.xml,def,<ALIMT >anal</ALIMT> phagologist
RV2_Adult_FeederAnalAnygoal_OpenDistant_PhagologistAnal.titleShort,phagologist,titleShort,BackstoryDefs\Backstories_Adult.xml,def,phagologist
RV2_Adult_FeederAnalAnygoal_OpenDistant_PhagologistAnal.baseDesc,"As a phagologist, [PAWN_nameDef] has dedicated [PAWN_possessive] life to studying vore: where it comes from, how it develops and works, and its effects on society. [PAWN_nameDef] studied anal vore, which has its own interesting connotations as per the role of the anus in sex and conventional digestion.",baseDesc,BackstoryDefs\Backstories_Adult.xml,def,"As a phagologist, <ALIMT >(PH_3)</ALIMT> has dedicated <ALIMT >(PH_2)</ALIMT> life to studying <ALIMT >vore</ALIMT>: where it comes from, how it develops and works, and its effects on society. <ALIMT >(PH_1)</ALIMT> studied <ALIMT >anal</ALIMT> <ALIMT >vore</ALIMT>, which has its own interesting connotations as per the role of the <ALIMT >anus</ALIMT> in <ALIMT >sex</ALIMT> and conventional digestion."
RV2_Adult_FeederVaginalAnygoal_OpenDistant_PhagologistYonic.title,yonic phagologist,title,BackstoryDefs\Backstories_Adult.xml,def,yonic phagologist
RV2_Adult_FeederVaginalAnygoal_OpenDistant_PhagologistYonic.titleShort,phagologist,titleShort,BackstoryDefs\Backstories_Adult.xml,def,phagologist
RV2_Adult_FeederVaginalAnygoal_OpenDistant_PhagologistYonic.baseDesc,"As a phagologist, [PAWN_nameDef] has dedicated [PAWN_possessive] life to studying vore: where it comes from, how it develops and works, and its effects on society. [PAWN_nameDef] studied vaginal vore and its myriad perceptions in the cultural psyche. Even just the fact that it’s commonly called “unbirthing” is loaded with connotative rabbit holes to go down.",baseDesc,BackstoryDefs\Backstories_Adult.xml,def,"As a phagologist, <ALIMT >(PH_3)</ALIMT> has dedicated <ALIMT >(PH_2)</ALIMT> life to studying <ALIMT >vore</ALIMT>: where it comes from, how it develops and works, and its effects on society. <ALIMT >(PH_1)</ALIMT> studied <ALIMT >vaginal</ALIMT> <ALIMT >vore</ALIMT> and its myriad perceptions in the cultural psyche. Even just the fact that it’s commonly called “unbirthing” is loaded with connotative <ALIMT >rabbit</ALIMT> holes to go down."
RV2_Adult_FeederCockAnygoal_OpenDistant_PhagologistPhallic.title,phallic phagologist,title,BackstoryDefs\Backstories_Adult.xml,def,phallic phagologist
RV2_Adult_FeederCockAnygoal_OpenDistant_PhagologistPhallic.titleShort,phagologist,titleShort,BackstoryDefs\Backstories_Adult.xml,def,phagologist
RV2_Adult_FeederCockAnygoal_OpenDistant_PhagologistPhallic.baseDesc,"As a phagologist, [PAWN_nameDef] has dedicated [PAWN_possessive] life to studying vore: where it comes from, how it develops and works, and its effects on society. [PAWN_nameDef] studied cock vore and the numerous and contrasting roles it plays in society, from functioning as a fertility aid to asserting power dynamics in cultural and economic hierarchies.",baseDesc,BackstoryDefs\Backstories_Adult.xml,def,"As a phagologist, <ALIMT >(PH_3)</ALIMT> has dedicated <ALIMT >(PH_2)</ALIMT> life to studying <ALIMT >vore</ALIMT>: where it comes from, how it develops and works, and its effects on society. <ALIMT >(PH_1)</ALIMT> studied cock <ALIMT >vore</ALIMT> and the numerous and contrasting roles it plays in society, from functioning as a fertility aid to asserting power dynamics in cultural and economic hierarchies."
RV2_Adult_FeederNippleAnygoal_OpenDistant_PhagologistMammary.title,mammary phagologist,title,BackstoryDefs\Backstories_Adult.xml,def,mammary phagologist
RV2_Adult_FeederNippleAnygoal_OpenDistant_PhagologistMammary.titleShort,phagologist,titleShort,BackstoryDefs\Backstories_Adult.xml,def,phagologist
RV2_Adult_FeederNippleAnygoal_OpenDistant_PhagologistMammary.baseDesc,"As a phagologist, [PAWN_nameDef] has dedicated [PAWN_possessive] life to studying vore: where it comes from, how it develops and works, and its effects on society. [PAWN_nameDef] studied nipple vore: the ways its popularity is affected by the significant asymmetry involved, to its impacts on the dairy industry.",baseDesc,BackstoryDefs\Backstories_Adult.xml,def,"As a phagologist, <ALIMT >(PH_3)</ALIMT> has dedicated <ALIMT >(PH_2)</ALIMT> life to studying <ALIMT >vore</ALIMT>: where it comes from, how it develops and works, and its effects on society. <ALIMT >(PH_1)</ALIMT> studied <ALIMT >nipple</ALIMT> <ALIMT >vore</ALIMT>: the ways its popularity is affected by the significant asymmetry involved, to its impacts on the dairy industry."
RV2_ReformationTherapist.title,Reformation Therapist,title,BackstoryDefs\Backstories_Adult.xml,def,Reformation Therapist
RV2_ReformationTherapist.titleShort,Therapist,titleShort,BackstoryDefs\Backstories_Adult.xml,def,Therapist
RV2_ReformationTherapist.baseDesc,"[PAWN_nameDef]s unique biology and compassionate personality led to [PAWN_possessive] career as a reformation therapist. Any despaired soul in a hopeless situation could come to [PAWN_objective], pay a fee, and slip into the loving womb of [PAWN_nameDef] to be remade and reborn into a new life.",baseDesc,BackstoryDefs\Backstories_Adult.xml,def,"<ALIMT >(PH_4)</ALIMT>s unique biology and compassionate personality led to <ALIMT >(PH_3)</ALIMT> career as a reformation therapist. Any despaired soul in a hopeless situation could come to <ALIMT >(PH_2)</ALIMT>, pay a fee, and slip into the loving womb of <ALIMT >(PH_1)</ALIMT> to be remade and reborn into a new life."
RV2_SerialReformist.title,Serial Reformist,title,BackstoryDefs\Backstories_Adult.xml,def,Serial Reformist
RV2_SerialReformist.titleShort,reformist,titleShort,BackstoryDefs\Backstories_Adult.xml,def,reformist
RV2_SerialReformist.baseDesc,"[PAWN_nameDef] always wanted to start a family, but could never find a partner to start one with. In the end it didn't matter much - [PAWN_possessive] womb, as [PAWN_pronoun] discovered one day by accident, turned anyone who went inside it into someone else. Addicted to the prospect of finally being able to start a family, [PAWN_nameDef] started abducting people wherever and however [PAWN_pronoun] could, slowly turning every suitor and unfortunate into [PAWN_possessive] progeny. Taking care of so many young ones while deflecting pointed questions about their parentage took a lot of effort, but [PAWN_pronoun] soon found [PAWN_objective]self a skilled manipulator and cook.",baseDesc,BackstoryDefs\Backstories_Adult.xml,def,"<ALIMT >(PH_8)</ALIMT> always wanted to start a family, but could never find a partner to start one with. In the end it didn't matter much - <ALIMT >(PH_7)</ALIMT> womb, as <ALIMT >(PH_6)</ALIMT> discovered one day by accident, turned anyone who went inside it into someone else. Addicted to the prospect of finally being able to start a family, <ALIMT >(PH_5)</ALIMT> started abducting people wherever and however <ALIMT >(PH_4)</ALIMT> could, slowly turning every suitor and unfortunate into <ALIMT >(PH_3)</ALIMT> progeny. Taking care of so many young ones while deflecting pointed questions about their parentage took a lot of effort, but <ALIMT >(PH_2)</ALIMT> soon found <ALIMT >(PH_1)</ALIMT>self a skilled manipulator and cook."
RV2_CYA_PredAnytypeAnygoal_CasualDubious_IdolPredator.title,predator idol,title,BackstoryDefs\Backstories_ChildYoungAdult.xml,def,predator idol
RV2_CYA_PredAnytypeAnygoal_CasualDubious_IdolPredator.titleShort,pred idol,titleShort,BackstoryDefs\Backstories_ChildYoungAdult.xml,def,pred idol
RV2_CYA_PredAnytypeAnygoal_CasualDubious_IdolPredator.baseDesc,"[PAWN_nameDef] was a popular idol as a young adult, whose image was plastered on all [PAWN_possessive] homeworld’s holoscreens and advertisements. In not one of these promotional images was [PAWN_pronoun] not either about to devour, part-way through ingesting, or in the process of digesting (simulated or otherwise) some likewise prettied-up prey. [PAWN_pronoun] never learned to hunt these meals, or really fight at all, lest [PAWN_pronoun] ruin [PAWN_possessive] figure with muscles.",baseDesc,BackstoryDefs\Backstories_ChildYoungAdult.xml,def,"<ALIMT >(PH_6)</ALIMT> was a popular idol as a young <ALIMT >adult</ALIMT>, whose image was plastered on all <ALIMT >(PH_5)</ALIMT> homeworld’s holoscreens and advertisements. In not one of these promotional images was <ALIMT >(PH_4)</ALIMT> not either about to devour, part-way through ingesting, or in the process of digesting (simulated or otherwise) some likewise prettied-up prey. <ALIMT >(PH_3)</ALIMT> never learned to hunt these meals, or really fight at all, lest <ALIMT >(PH_2)</ALIMT> ruin <ALIMT >(PH_1)</ALIMT> figure with muscles."
RV2_CYA_PredAnytypeAnygoal_CasualDubious_WaterslideLurker.title,waterslide lurker,title,BackstoryDefs\Backstories_ChildYoungAdult.xml,def,waterslide lurker
RV2_CYA_PredAnytypeAnygoal_CasualDubious_WaterslideLurker.titleShort,predator,titleShort,BackstoryDefs\Backstories_ChildYoungAdult.xml,def,predator
RV2_CYA_PredAnytypeAnygoal_CasualDubious_WaterslideLurker.baseDesc,"Once, while [PAWN_nameDef] was at the waterpark, [PAWN_pronoun] failed to give the waterslide the clearance it asked for, just as [PAWN_possessive] best friend was coming down. In one hilarious accident, [PAWN_nameDef] discovered both [PAWN_possessive] elasticity and [PAWN_possessive] new favorite leisure activity: hiding out at the bottom of a waterslide and trying not to get caught.",baseDesc,BackstoryDefs\Backstories_ChildYoungAdult.xml,def,"Once, while <ALIMT >(PH_6)</ALIMT> was at the waterpark, <ALIMT >(PH_5)</ALIMT> failed to give the waterslide the clearance it asked for, just as <ALIMT >(PH_4)</ALIMT> best friend was coming down. In one hilarious accident, <ALIMT >(PH_3)</ALIMT> discovered both <ALIMT >(PH_2)</ALIMT> elasticity and <ALIMT >(PH_1)</ALIMT> new favorite leisure activity: hiding out at the bottom of a waterslide and trying not to get <ALIMT >caught</ALIMT>."
RV2_CYA_PredAnytypeDigest_CasualDubious_CheerleaderGluttonous.title,gluttonous cheerleader,title,BackstoryDefs\Backstories_ChildYoungAdult.xml,def,gluttonous <ALIMT >cheerleader</ALIMT>
RV2_CYA_PredAnytypeDigest_CasualDubious_CheerleaderGluttonous.titleShort,cheerleader,titleShort,BackstoryDefs\Backstories_ChildYoungAdult.xml,def,<ALIMT >cheerleader</ALIMT>
RV2_CYA_PredAnytypeDigest_CasualDubious_CheerleaderGluttonous.baseDesc,"[PAWN_nameDef] started cheerleading in school and kept it up in college. [PAWN_pronoun] was the envy of [PAWN_possessive] team, able to maintain peak fitness despite eating almost [PAWN_possessive] body weight in junk food every day. When [PAWN_pronoun] discovered vore in college, however, “body weight” took on a much more literal meaning. Turns out lifting people up and throwing them translated very well to stuffing them down [PAWN_possessive] throat (or up [PAWN_possessive] rear, or wherever [PAWN_pronoun] wanted) in the locker room. Of course, [PAWN_nameDef] had to pick [PAWN_possessive] meals carefully, lest the team be unfit to rally the players to victory--the winning teams got to eat the losers, after all.",baseDesc,BackstoryDefs\Backstories_ChildYoungAdult.xml,def,"<ALIMT >(PH_10)</ALIMT> started cheerleading in school and kept it up in college. <ALIMT >(PH_9)</ALIMT> was the envy of <ALIMT >(PH_8)</ALIMT> team, able to maintain peak fitness despite eating almost <ALIMT >(PH_7)</ALIMT> body weight in junk food every day. When <ALIMT >(PH_6)</ALIMT> discovered <ALIMT >vore</ALIMT> in college, however, “body weight” took on a much more literal meaning. Turns out lifting people up and throwing them translated very well to stuffing them down <ALIMT >(PH_5)</ALIMT> throat (or up <ALIMT >(PH_4)</ALIMT> rear, or wherever <ALIMT >(PH_3)</ALIMT> wanted) in the locker room. Of course, <ALIMT >(PH_2)</ALIMT> had to pick <ALIMT >(PH_1)</ALIMT> meals carefully, lest the team be unfit to rally the players to victory--the winning teams got to eat the losers, after all."
RV2_CYA_PredAnytypeDigest_OpenDubious_VorriorYoungblood.title,youngblood vorrior,title,BackstoryDefs\Backstories_ChildYoungAdult.xml,def,youngblood vorrior
RV2_CYA_PredAnytypeDigest_OpenDubious_VorriorYoungblood.titleShort,youngblood,titleShort,BackstoryDefs\Backstories_ChildYoungAdult.xml,def,youngblood
RV2_CYA_PredAnytypeDigest_OpenDubious_VorriorYoungblood.baseDesc,"[PAWN_nameDef] participated in [PAWN_possessive] tribe’s coming-of-age ritual in which, in order to join the ranks of the esteemed vorriors, [PAWN_pronoun] had to overpower and devour an armed captive in hand-to-hand combat. [PAWN_pronoun] won and was inducted, though, as a youngblood, [PAWN_nameDef] was expected to do all the menial labor around the vorriors’ lodge.",baseDesc,BackstoryDefs\Backstories_ChildYoungAdult.xml,def,"<ALIMT >(PH_5)</ALIMT> participated in <ALIMT >(PH_4)</ALIMT> tribe’s coming-of-age ritual in which, in order to join the ranks of the esteemed vorriors, <ALIMT >(PH_3)</ALIMT> had to overpower and devour an armed captive in hand-to-hand combat. <ALIMT >(PH_2)</ALIMT> won and was inducted, though, as a youngblood, <ALIMT >(PH_1)</ALIMT> was expected to do all the menial labor around the vorriors’ lodge."
RV2_CYA_PredAnytypeDigest_OpenUnwilling_PredationMajor.title,predation major,title,BackstoryDefs\Backstories_ChildYoungAdult.xml,def,predation major
RV2_CYA_PredAnytypeDigest_OpenUnwilling_PredationMajor.titleShort,college student,titleShort,BackstoryDefs\Backstories_ChildYoungAdult.xml,def,college student
RV2_CYA_PredAnytypeDigest_OpenUnwilling_PredationMajor.baseDesc,"[PAWN_nameDef] attended an obscure yet prestigious private college, just after graduating highschool. This was a school for predators, and would not investigate or prosecute any digestions of its student body, handily paying off any families who felt insufficiently forewarned that they were sending their kid to be turned into fat on a fellow student’s belly. [PAWN_nameDef] was among the very small graduating class of [PAWN_possessive] year, and not just out of dumb luck.",baseDesc,BackstoryDefs\Backstories_ChildYoungAdult.xml,def,"<ALIMT >(PH_3)</ALIMT> attended an obscure yet prestigious private college, just after graduating highschool. This was a school for predators, and would not investigate or prosecute any digestions of its student body, handily paying off any families who felt insufficiently forewarned that they were sending their kid to be turned into fat on a fellow student’s belly. <ALIMT >(PH_2)</ALIMT> was among the very small graduating <ALIMT >class</ALIMT> of <ALIMT >(PH_1)</ALIMT> year, and not just out of dumb luck."
RV2_CYA_PredAnytypeDigest_SecretUnwilling_PredatorNatural.title,natural predator,title,BackstoryDefs\Backstories_ChildYoungAdult.xml,def,natural predator
RV2_CYA_PredAnytypeDigest_SecretUnwilling_PredatorNatural.titleShort,wild child,titleShort,BackstoryDefs\Backstories_ChildYoungAdult.xml,def,wild child
RV2_CYA_PredAnytypeDigest_SecretUnwilling_PredatorNatural.baseDesc,"No one ever bothered to explain to [PAWN_nameDef] that vore is an unnatural thing, mainly because [PAWN_nameDef] grew up on the outskirts of society. When [PAWN_pronoun] accidentally discovered vore in adulthood, [PAWN_pronoun] just assumed it was natural, and so the world as [PAWN_pronoun] saw it was one of pawn-eat-pawn; no mercy for the unprotected.",baseDesc,BackstoryDefs\Backstories_ChildYoungAdult.xml,def,"No one ever bothered to explain to <ALIMT >(PH_7)</ALIMT> that <ALIMT >vore</ALIMT> is an unnatural thing, mainly because <ALIMT >(PH_6)</ALIMT> grew up on the outskirts of society. When <ALIMT >(PH_5)</ALIMT> accidentally discovered <ALIMT >vore</ALIMT> in adulthood, <ALIMT >(PH_4)</ALIMT> just assumed it was natural, and so the world as <ALIMT >(PH_3)</ALIMT> saw it was one of <ALIMT >(PH_2)</ALIMT>-eat-<ALIMT >(PH_1)</ALIMT>; no mercy for the unprotected."
RV2_CYA_PredAnytypeDigest_SecretUnwilling_PredatorsProtege.title,predator's protege,title,BackstoryDefs\Backstories_ChildYoungAdult.xml,def,predator's protege
RV2_CYA_PredAnytypeDigest_SecretUnwilling_PredatorsProtege.titleShort,pred protege,titleShort,BackstoryDefs\Backstories_ChildYoungAdult.xml,def,pred protege
RV2_CYA_PredAnytypeDigest_SecretUnwilling_PredatorsProtege.baseDesc,"[PAWN_nameDef] was chosen by an experienced predator, after fighting long and hard for [PAWN_possessive] life, to be an apprentice, rather than a meal. [PAWN_possessive] mentor taught [PAWN_objective] every trick they knew, so that when [PAWN_nameDef] became an adult, [PAWN_pronoun] wouldn’t be stumbling blindly through the challenges of devouring [PAWN_possessive] first meals.",baseDesc,BackstoryDefs\Backstories_ChildYoungAdult.xml,def,"<ALIMT >(PH_7)</ALIMT> was chosen by an experienced predator, after <ALIMT >fighting</ALIMT> long and hard for <ALIMT >(PH_6)</ALIMT> life, to be an apprentice, rather than a meal. <ALIMT >(PH_5)</ALIMT> mentor taught <ALIMT >(PH_4)</ALIMT> every trick they knew, so that when <ALIMT >(PH_3)</ALIMT> became an <ALIMT >adult</ALIMT>, <ALIMT >(PH_2)</ALIMT> wouldn’t be stumbling blindly through the challenges of devouring <ALIMT >(PH_1)</ALIMT> first meals."
RV2_CYA_PredAnytypeDigest_SecretUnwilling_ValedictorianUnscrupulous.title,unscrupulous valedictorian,title,BackstoryDefs\Backstories_ChildYoungAdult.xml,def,unscrupulous valedictorian
RV2_CYA_PredAnytypeDigest_SecretUnwilling_ValedictorianUnscrupulous.titleShort,valedictorian,titleShort,BackstoryDefs\Backstories_ChildYoungAdult.xml,def,valedictorian
RV2_CYA_PredAnytypeDigest_SecretUnwilling_ValedictorianUnscrupulous.baseDesc,"Having achieved valedictorian effortlessly in high school, [PAWN_nameDef] was just determined to earn the honor again in college. Unfortunately, [PAWN_pronoun] had fierce competition in [PAWN_possessive] class, and as graduation approached, [PAWN_pronoun] realized [PAWN_pronoun] was in second place. However, it turns out, all it took for [PAWN_nameDef] to take first place was the untimely disappearance of [PAWN_possessive] rival... and maybe some of the challengers trailing [PAWN_objective], too.",baseDesc,BackstoryDefs\Backstories_ChildYoungAdult.xml,def,"Having achieved valedictorian effortlessly in high school, <ALIMT >(PH_8)</ALIMT> was just determined to earn the honor again in college. Unfortunately, <ALIMT >(PH_7)</ALIMT> had fierce competition in <ALIMT >(PH_6)</ALIMT> <ALIMT >class</ALIMT>, and as graduation approached, <ALIMT >(PH_5)</ALIMT> realized <ALIMT >(PH_4)</ALIMT> was in second place. However, it turns out, all it took for <ALIMT >(PH_3)</ALIMT> to take first place was the untimely disappearance of <ALIMT >(PH_2)</ALIMT> rival... and maybe some of the challengers trailing <ALIMT >(PH_1)</ALIMT>, too."
RV2_CYA_PredAnytypeDigest_ReluctantUnwilling_GurglerAccidental.title,accidental gurgler,title,BackstoryDefs\Backstories_ChildYoungAdult.xml,def,accidental gurgler
RV2_CYA_PredAnytypeDigest_ReluctantUnwilling_GurglerAccidental.titleShort,predator,titleShort,BackstoryDefs\Backstories_ChildYoungAdult.xml,def,predator
RV2_CYA_PredAnytypeDigest_ReluctantUnwilling_GurglerAccidental.baseDesc,[PAWN_nameDef] lost [PAWN_possessive] voreginity completely by accident. It just takes a very poorly-timed tumble to end up digesting someone you didn’t mean to.,baseDesc,BackstoryDefs\Backstories_ChildYoungAdult.xml,def,<ALIMT >(PH_2)</ALIMT> lost <ALIMT >(PH_1)</ALIMT> voreginity completely by accident. It just takes a very poorly-timed tumble to end up digesting someone you didn’t mean to.
RV2_CYA_PredAnytypeDigest_ReluctantUnwilling_GurglerRegretful.title,regretful gurgler,title,BackstoryDefs\Backstories_ChildYoungAdult.xml,def,regretful gurgler
RV2_CYA_PredAnytypeDigest_ReluctantUnwilling_GurglerRegretful.titleShort,predator,titleShort,BackstoryDefs\Backstories_ChildYoungAdult.xml,def,predator
RV2_CYA_PredAnytypeDigest_ReluctantUnwilling_GurglerRegretful.baseDesc,"Fancying [PAWN_objective]self as a fearsome predator, [PAWN_nameDef] lost [PAWN_possessive] voreginity by hunting down and digesting someone against their will, but what [PAWN_pronoun] didn’t expect was that [PAWN_possessive] yet-unsmothered conscience would make [PAWN_objective] regret the deed.",baseDesc,BackstoryDefs\Backstories_ChildYoungAdult.xml,def,"Fancying <ALIMT >(PH_6)</ALIMT>self as a fearsome predator, <ALIMT >(PH_5)</ALIMT> lost <ALIMT >(PH_4)</ALIMT> voreginity by hunting down and digesting someone against their will, but what <ALIMT >(PH_3)</ALIMT> didn’t expect was that <ALIMT >(PH_2)</ALIMT> yet-unsmothered conscience would make <ALIMT >(PH_1)</ALIMT> regret the deed."
RV2_CYA_PredAnytypeDigest_ReluctantUnwilling_Voracious.title,voracious runaway,title,BackstoryDefs\Backstories_ChildYoungAdult.xml,def,voracious runaway
RV2_CYA_PredAnytypeDigest_ReluctantUnwilling_Voracious.titleShort,runaway,titleShort,BackstoryDefs\Backstories_ChildYoungAdult.xml,def,runaway
RV2_CYA_PredAnytypeDigest_ReluctantUnwilling_Voracious.baseDesc,"[PAWN_nameDef] had a lousy childhood which [PAWN_pronoun] would rather not remember, so when [PAWN_pronoun] discovered vore, shortly into adulthood, [PAWN_pronoun] immediately used it to sever all ties to [PAWN_possessive] old life, flee the scene, and reinvent [PAWN_objective]self. Ever since, vore has been the first and only answer to every bad situation [PAWN_nameDef] has found [PAWN_objective]self in.",baseDesc,BackstoryDefs\Backstories_ChildYoungAdult.xml,def,"<ALIMT >(PH_8)</ALIMT> had a lousy childhood which <ALIMT >(PH_7)</ALIMT> would rather not remember, so when <ALIMT >(PH_6)</ALIMT> discovered <ALIMT >vore</ALIMT>, shortly into adulthood, <ALIMT >(PH_5)</ALIMT> immediately used it to sever all ties to <ALIMT >(PH_4)</ALIMT> old life, flee the scene, and reinvent <ALIMT >(PH_3)</ALIMT>self. Ever since, <ALIMT >vore</ALIMT> has been the first and only answer to every bad situation <ALIMT >(PH_2)</ALIMT> has found <ALIMT >(PH_1)</ALIMT>self in."
RV2_CYA_PredOralAnygoal_CasualDubious_IdolPredatorOral.title,oral pred idol,title,BackstoryDefs\Backstories_ChildYoungAdult.xml,def,<ALIMT >oral</ALIMT> pred idol
RV2_CYA_PredOralAnygoal_CasualDubious_IdolPredatorOral.titleShort,oral idol,titleShort,BackstoryDefs\Backstories_ChildYoungAdult.xml,def,<ALIMT >oral</ALIMT> idol
RV2_CYA_PredOralAnygoal_CasualDubious_IdolPredatorOral.baseDesc,"[PAWN_nameDef] was an oral vore idol as a young adult, whose glistening teeth, luscious lips, and drooling tongue were known to millions. While it taught [PAWN_objective] few practical skills, even for predding, [PAWN_pronoun] picked up a scrap or two about cooking and knifework on those cliche kitchen shoots.",baseDesc,BackstoryDefs\Backstories_ChildYoungAdult.xml,def,"<ALIMT >(PH_3)</ALIMT> was an <ALIMT >oral</ALIMT> <ALIMT >vore</ALIMT> idol as a young <ALIMT >adult</ALIMT>, whose glistening teeth, luscious lips, and drooling tongue were known to millions. While it taught <ALIMT >(PH_2)</ALIMT> few practical skills, even for predding, <ALIMT >(PH_1)</ALIMT> picked up a scrap or two about cooking and knifework on those cliche kitchen shoots."
RV2_CYA_PredOralDigest_OpenUnwilling_HeirHungry.title,hungry heir,title,BackstoryDefs\Backstories_ChildYoungAdult.xml,def,hungry heir
RV2_CYA_PredOralDigest_OpenUnwilling_HeirHungry.titleShort,heir,titleShort,BackstoryDefs\Backstories_ChildYoungAdult.xml,def,heir
RV2_CYA_PredOralDigest_OpenUnwilling_HeirHungry.baseDesc,"Throughout [PAWN_nameDef]’s spoiled childhood as a noble’s heir, [PAWN_pronoun] would exhaust the kitchen staff, always demanding bigger and bigger meals. When [PAWN_nameDef] came of age and discovered [PAWN_possessive] capacity for vore, it all clicked, and [PAWN_nameDef] decided to personally terminate the servant staff for their “laziness and ineptitude”.",baseDesc,BackstoryDefs\Backstories_ChildYoungAdult.xml,def,"Throughout <ALIMT >(PH_5)</ALIMT>’s spoiled childhood as a noble’s heir, <ALIMT >(PH_4)</ALIMT> would exhaust the kitchen staff, always demanding bigger and bigger meals. When <ALIMT >(PH_3)</ALIMT> came of age and discovered <ALIMT >(PH_2)</ALIMT> capacity for <ALIMT >vore</ALIMT>, it all clicked, and <ALIMT >(PH_1)</ALIMT> decided to personally terminate the servant staff for their “laziness and ineptitude”."
RV2_CYA_PredOralDigest_SecretDubious_SelfTaughtChefStarving.title,starving self-taught chef,title,BackstoryDefs\Backstories_ChildYoungAdult.xml,def,starving self-taught chef
RV2_CYA_PredOralDigest_SecretDubious_SelfTaughtChefStarving.titleShort,amateur chef,titleShort,BackstoryDefs\Backstories_ChildYoungAdult.xml,def,amateur chef
RV2_CYA_PredOralDigest_SecretDubious_SelfTaughtChefStarving.baseDesc,"[PAWN_nameDef] doesn’t know why, but ever since [PAWN_pronoun] was young, [PAWN_pronoun] has been so hungry that nothing less than a full feast could satisfy [PAWN_objective]. So, [PAWN_nameDef] learned how to cook at a young age, just to keep up with [PAWN_possessive] needs. It wouldn’t be until much later that [PAWN_nameDef] learned why [PAWN_pronoun] was so hungry.",baseDesc,BackstoryDefs\Backstories_ChildYoungAdult.xml,def,"<ALIMT >(PH_8)</ALIMT> doesn’t know why, but ever since <ALIMT >(PH_7)</ALIMT> was young, <ALIMT >(PH_6)</ALIMT> has been so hungry that nothing less than a full feast could satisfy <ALIMT >(PH_5)</ALIMT>. So, <ALIMT >(PH_4)</ALIMT> learned how to cook at a young age, just to keep up with <ALIMT >(PH_3)</ALIMT> needs. It wouldn’t be until much later that <ALIMT >(PH_2)</ALIMT> learned why <ALIMT >(PH_1)</ALIMT> was so hungry."
RV2_CYA_PredAnalAnygoal_CasualDubious_IdolPredatorAnal.title,anal pred idol,title,BackstoryDefs\Backstories_ChildYoungAdult.xml,def,<ALIMT >anal</ALIMT> pred idol
RV2_CYA_PredAnalAnygoal_CasualDubious_IdolPredatorAnal.titleShort,anal idol,titleShort,BackstoryDefs\Backstories_ChildYoungAdult.xml,def,<ALIMT >anal</ALIMT> idol
RV2_CYA_PredAnalAnygoal_CasualDubious_IdolPredatorAnal.baseDesc,"[PAWN_nameDef] was an anal vore idol as a young adult, whose juicy ass and perfectly-shaped pucker plastered everything from advertisements for sturdy chairs and skirts, to PSAs about looking where you sit on public transit, to cheeky signs for donut shops and other circular foods. While it taught [PAWN_objective] few practical skills, even for predding, [PAWN_pronoun] broke enough chairs and split enough skirts to have an idea how to put them back together.",baseDesc,BackstoryDefs\Backstories_ChildYoungAdult.xml,def,"<ALIMT >(PH_3)</ALIMT> was an <ALIMT >anal</ALIMT> <ALIMT >vore</ALIMT> idol as a young <ALIMT >adult</ALIMT>, whose juicy <ALIMT >ass</ALIMT> and perfectly-shaped pucker plastered everything from advertisements for sturdy chairs and skirts, to PSAs about looking where you sit on <ALIMT >public</ALIMT> transit, to cheeky signs for donut shops and other circular foods. While it taught <ALIMT >(PH_2)</ALIMT> few practical skills, even for predding, <ALIMT >(PH_1)</ALIMT> broke enough chairs and split enough skirts to have an idea how to put them back together."
RV2_CYA_PredAnytypeAnygoal_CasualUnwilling_DropAss.title,drop ass,title,BackstoryDefs\Backstories_ChildYoungAdult.xml,def,drop <ALIMT >ass</ALIMT>
RV2_CYA_PredAnytypeAnygoal_CasualUnwilling_DropAss.titleShort,drop ass,titleShort,BackstoryDefs\Backstories_ChildYoungAdult.xml,def,drop <ALIMT >ass</ALIMT>
RV2_CYA_PredAnytypeAnygoal_CasualUnwilling_DropAss.baseDesc,"[PAWN_nameDef] was a bit of a hooligan, even into young adulthood. What happens when you combine loitering in high-up places, mooning passers-by, and a slippery ledge? In [PAWN_nameDef]’s case, a nice thorough reaming and a new favorite past-time.",baseDesc,BackstoryDefs\Backstories_ChildYoungAdult.xml,def,"<ALIMT >(PH_2)</ALIMT> was a bit of a hooligan, even into young adulthood. What happens when you combine loitering in high-up places, mooning passers-by, and a slippery ledge? In <ALIMT >(PH_1)</ALIMT>’s case, a nice thorough reaming and a new favorite past-time."
RV2_CYA_PredVaginalAnygoal_CasualDubious_IdolPredatorYonic.title,yonic pred idol,title,BackstoryDefs\Backstories_ChildYoungAdult.xml,def,yonic pred idol
RV2_CYA_PredVaginalAnygoal_CasualDubious_IdolPredatorYonic.titleShort,yonic idol,titleShort,BackstoryDefs\Backstories_ChildYoungAdult.xml,def,yonic idol
RV2_CYA_PredVaginalAnygoal_CasualDubious_IdolPredatorYonic.baseDesc,"[PAWN_nameDef] was an unbirth idol as a young adult, whose gravid belly and spread legs elevated [PAWN_objective] to the level of a glitterworld fertility idol. While it taught [PAWN_objective] few practical skills, even for predding, [PAWN_pronoun] has endured more than enough maternity-ward-themed shoots to pick up the absolute basics of medicine.",baseDesc,BackstoryDefs\Backstories_ChildYoungAdult.xml,def,"<ALIMT >(PH_4)</ALIMT> was an unbirth idol as a young <ALIMT >adult</ALIMT>, whose gravid belly and spread legs elevated <ALIMT >(PH_3)</ALIMT> to the level of a glitterworld fertility idol. While it taught <ALIMT >(PH_2)</ALIMT> few practical skills, even for predding, <ALIMT >(PH_1)</ALIMT> has endured more than enough maternity-ward-themed shoots to pick up the absolute basics of medicine."
RV2_CYA_PredCockAnygoal_CasualDubious_IdolPredatorPhallic.title,phallic pred idol,title,BackstoryDefs\Backstories_ChildYoungAdult.xml,def,phallic pred idol
RV2_CYA_PredCockAnygoal_CasualDubious_IdolPredatorPhallic.titleShort,phallic idol,titleShort,BackstoryDefs\Backstories_ChildYoungAdult.xml,def,phallic idol
RV2_CYA_PredCockAnygoal_CasualDubious_IdolPredatorPhallic.baseDesc,"[PAWN_nameDef] was a cock vore idol as a young adult, whose pendulous jewels and throbbing schlong have, by dildo proxy, penetrated the holes of countless adoring fans. While it taught [PAWN_objective] few practical skills, even for predding, [PAWN_pronoun] has done enough cumshots to develop a baseline competent aim.",baseDesc,BackstoryDefs\Backstories_ChildYoungAdult.xml,def,"<ALIMT >(PH_3)</ALIMT> was a cock <ALIMT >vore</ALIMT> idol as a young <ALIMT >adult</ALIMT>, whose pendulous jewels and throbbing schlong have, by <ALIMT >dildo</ALIMT> proxy, penetrated the holes of countless adoring fans. While it taught <ALIMT >(PH_2)</ALIMT> few practical skills, even for predding, <ALIMT >(PH_1)</ALIMT> has done enough cumshots to develop a baseline competent aim."
RV2_CYA_PredNippleAnygoal_CasualDubious_IdolPredatorMammary.title,mammary pred idol,title,BackstoryDefs\Backstories_ChildYoungAdult.xml,def,mammary pred idol
RV2_CYA_PredNippleAnygoal_CasualDubious_IdolPredatorMammary.titleShort,mammary idol,titleShort,BackstoryDefs\Backstories_ChildYoungAdult.xml,def,mammary idol
RV2_CYA_PredNippleAnygoal_CasualDubious_IdolPredatorMammary.baseDesc,"[PAWN_nameDef] was a nipple vore idol as a young adult, whose bountiful breasts and shapely buds were used to advertise everything from lingerie and low-cut sweaters, to mousepads, to milk. While it taught [PAWN_objective] few practical skills, even for predding, [PAWN_pronoun] thinks [PAWN_pronoun] picked up a thing or two about cooking and cattle ranching on-set.",baseDesc,BackstoryDefs\Backstories_ChildYoungAdult.xml,def,"<ALIMT >(PH_4)</ALIMT> was a <ALIMT >nipple</ALIMT> <ALIMT >vore</ALIMT> idol as a young <ALIMT >adult</ALIMT>, whose bountiful <ALIMT >breasts</ALIMT> and shapely buds were used to advertise everything from <ALIMT >lingerie</ALIMT> and low-cut sweaters, to mousepads, to milk. While it taught <ALIMT >(PH_3)</ALIMT> few practical skills, even for predding, <ALIMT >(PH_2)</ALIMT> thinks <ALIMT >(PH_1)</ALIMT> picked up a thing or two about cooking and cattle ranching on-set."
RV2_CYA_PredNippleDigest_CasualDubious_MilkshakeMixerJunior.title,junior milkshake mixer,title,BackstoryDefs\Backstories_ChildYoungAdult.xml,def,junior milkshake mixer
RV2_CYA_PredNippleDigest_CasualDubious_MilkshakeMixerJunior.titleShort,milkshaker,titleShort,BackstoryDefs\Backstories_ChildYoungAdult.xml,def,milkshaker
RV2_CYA_PredNippleDigest_CasualDubious_MilkshakeMixerJunior.baseDesc,"[PAWN_nameDef] mixed milkshakes at a diner, supplying the milk [PAWN_objective]self, usually starting with an unruly or simply convenient customer. Those with the best-tasting milk stood a chance of being promoted. Those without might find themselves used in the next milkshake batch.",baseDesc,BackstoryDefs\Backstories_ChildYoungAdult.xml,def,"<ALIMT >(PH_2)</ALIMT> mixed milkshakes at a diner, supplying the milk <ALIMT >(PH_1)</ALIMT>self, usually starting with an unruly or simply convenient customer. Those with the best-tasting milk stood a chance of being promoted. Those without might find themselves used in the next milkshake batch."
RV2_CYA_PredAnytypeTempEndo_OpenWilling_ExperimenterEndo.title,endo experimenter,title,BackstoryDefs\Backstories_ChildYoungAdult.xml,def,endo experimenter
RV2_CYA_PredAnytypeTempEndo_OpenWilling_ExperimenterEndo.titleShort,college student,titleShort,BackstoryDefs\Backstories_ChildYoungAdult.xml,def,college student
RV2_CYA_PredAnytypeTempEndo_OpenWilling_ExperimenterEndo.baseDesc,[PAWN_nameDef] experimented with sex in college more than most of [PAWN_possessive] peers. (Safe) vore ended up being [PAWN_possessive] favorite. [PAWN_pronoun] made a name for [PAWN_objective]self as “that slut who uses people as sex toys”.,baseDesc,BackstoryDefs\Backstories_ChildYoungAdult.xml,def,<ALIMT >(PH_5)</ALIMT> experimented with <ALIMT >sex</ALIMT> in college more than most of <ALIMT >(PH_4)</ALIMT> peers. (Safe) <ALIMT >vore</ALIMT> ended up being <ALIMT >(PH_3)</ALIMT> favorite. <ALIMT >(PH_2)</ALIMT> made a name for <ALIMT >(PH_1)</ALIMT>self as “that slut who uses people as <ALIMT >sex</ALIMT> toys”.
RV2_CYA_PreyAnytypeDigest_OpenWilling_FodderNatural.title,natural fodder,title,BackstoryDefs\Backstories_ChildYoungAdult.xml,def,natural fodder
RV2_CYA_PreyAnytypeDigest_OpenWilling_FodderNatural.titleShort,fodder,titleShort,BackstoryDefs\Backstories_ChildYoungAdult.xml,def,fodder
RV2_CYA_PreyAnytypeDigest_OpenWilling_FodderNatural.baseDesc,"[PAWN_nameDef] doesn’t know why, but [PAWN_pronoun] has always wanted to be consumed and churned into slush. [PAWN_nameDef] hopes to become a filling meal for some lucky predator soon.",baseDesc,BackstoryDefs\Backstories_ChildYoungAdult.xml,def,"<ALIMT >(PH_3)</ALIMT> doesn’t know why, but <ALIMT >(PH_2)</ALIMT> has always wanted to be consumed and churned into slush. <ALIMT >(PH_1)</ALIMT> hopes to become a filling meal for some lucky predator soon."
RV2_CYA_PreyOralTempEndo_OpenWilling_SquireBiteKnight.title,bite-knight's squire,title,BackstoryDefs\Backstories_ChildYoungAdult.xml,def,bite-knight's squire
RV2_CYA_PreyOralTempEndo_OpenWilling_SquireBiteKnight.titleShort,squire,titleShort,BackstoryDefs\Backstories_ChildYoungAdult.xml,def,squire
RV2_CYA_PreyOralTempEndo_OpenWilling_SquireBiteKnight.baseDesc,"[PAWN_nameDef] was a squire for a bite-knight. [PAWN_possessive] duties included, beyond regular squirely duties, taking personal care of [PAWN_possessive] master’s teeth... and everything deeper inside, as [PAWN_pronoun] would be regularly swallowed for a full cleaning.",baseDesc,BackstoryDefs\Backstories_ChildYoungAdult.xml,def,"<ALIMT >(PH_4)</ALIMT> was a squire for a bite-knight. <ALIMT >(PH_3)</ALIMT> duties included, beyond regular squirely duties, taking personal care of <ALIMT >(PH_2)</ALIMT> master’s teeth... and everything deeper inside, as <ALIMT >(PH_1)</ALIMT> would be regularly swallowed for a full cleaning."
RV2_GrappleDamage.label,grapple,label,DamageDefs\Damages_Combat.xml,def,grapple
RV2_GrappleDamage.deathMessage,{0} has been grappled to death.,deathMessage,DamageDefs\Damages_Combat.xml,def,<ALIMT >(PH_1)</ALIMT> has been grappled to death.
RV2_StomachAcid.label,Damage caused by digestion.,label,DamageDefs\Damages_Vore.xml,def,Damage caused by digestion.
RV2_StomachAcid.deathMessage,{0} has been digested.,deathMessage,DamageDefs\Damages_Vore.xml,def,<ALIMT >(PH_1)</ALIMT> has been digested.
RV2_LubeConversionEnzymes.label,Damage caused by lubrifaction.,label,DamageDefs\Damages_Vore.xml,def,Damage caused by lubrifaction.
RV2_LubeConversionEnzymes.deathMessage,{0} has been melted into lube.,deathMessage,DamageDefs\Damages_Vore.xml,def,<ALIMT >(PH_1)</ALIMT> has been melted into <ALIMT >lube</ALIMT>.
RV2_MilkConversionEnzymes.label,Damage caused by lactifaction.,label,DamageDefs\Damages_Vore.xml,def,Damage caused by lactifaction.
RV2_MilkConversionEnzymes.deathMessage,{0} has been melted into milk.,deathMessage,DamageDefs\Damages_Vore.xml,def,<ALIMT >(PH_1)</ALIMT> has been melted into milk.
RV2_SpermConversionEnzymes.label,Damage caused by spermifaction.,label,DamageDefs\Damages_Vore.xml,def,Damage caused by spermifaction.
RV2_SpermConversionEnzymes.deathMessage,{0} has been melted into cum.,deathMessage,DamageDefs\Damages_Vore.xml,def,<ALIMT >(PH_1)</ALIMT> has been melted into <ALIMT >cum</ALIMT>.
RV2_StomachAcid.labelNoun,Stomach acid,labelNoun,HediffDefs\Hediffs_Acid.xml,def,Stomach acid
RV2_LubeConversionEnzymes.labelNoun,Lubrifying enzymes,labelNoun,HediffDefs\Hediffs_Acid.xml,def,Lubrifying enzymes
RV2_MilkConversionEnzymes.labelNoun,Lactifying enzymes,labelNoun,HediffDefs\Hediffs_Acid.xml,def,Lactifying enzymes
RV2_SpermConversionEnzymes.labelNoun,Spermifying enzymes,labelNoun,HediffDefs\Hediffs_Acid.xml,def,Spermifying enzymes
RV2_DigestionRecovery.labelNoun,Digestion recovery,labelNoun,HediffDefs\Hediffs_Acid.xml,def,Digestion recovery
RV2_DigestionRecovery.description,"This pawn is recovering from almost being digested.\nIf they were to be digested again, the progress would pick up at this hediff's level!",description,HediffDefs\Hediffs_Acid.xml,def,"This <ALIMT >(PH_2)</ALIMT> is recovering from almost being digested.<ALIMT >(PH_1)</ALIMT>If they were to be digested again, the progress would pick up at this hediff's level!"
RV2_DigestionRecovery.stages.0.label,Digestion recovery (<25%),label,HediffDefs\Hediffs_Acid.xml,def,Digestion recovery (<25%)
RV2_DigestionRecovery.stages.1.label,Digestion recovery (>25%),label,HediffDefs\Hediffs_Acid.xml,def,Digestion recovery (>25%)
RV2_DigestionRecovery.stages.2.label,Digestion recovery (>50%),label,HediffDefs\Hediffs_Acid.xml,def,Digestion recovery (>50%)
RV2_DigestionRecovery.stages.3.label,Digestion recovery (>75%),label,HediffDefs\Hediffs_Acid.xml,def,Digestion recovery (>75%)
RV2_Grappled.label,Grappled,label,HediffDefs\Hediffs_Combat.xml,def,Grappled
RV2_Grappled.description,"This pawn has been grappled and thrown to the ground, they will need a bit to get up again, which makes them susceptible to being vored!",description,HediffDefs\Hediffs_Combat.xml,def,"This <ALIMT >(PH_1)</ALIMT> has been grappled and thrown to the ground, they will need a bit to get up again, which makes them susceptible to being vored!"
RV2_CumReserves.label,Cum Reserves,label,HediffDefs\Hediffs_Genitals.xml,def,<ALIMT >cum</ALIMT> Reserves
RV2_CumReserves.description,"This pawn recently cummified a pawn, which grants them high fertility. With this much cum their next sexual interaction will be particularly messy.",description,HediffDefs\Hediffs_Genitals.xml,def,"This <ALIMT >(PH_2)</ALIMT> recently cummified a <ALIMT >(PH_1)</ALIMT>, which grants them high fertility. With this much <ALIMT >cum</ALIMT> their next <ALIMT >sexual</ALIMT> interaction will be particularly messy."
RV2_HyperFertility.label,Hyper Fertility,label,HediffDefs\Hediffs_Genitals.xml,def,Hyper Fertility
RV2_HyperFertility.description,"This pawn recently lubrified a pawn in their womb, resulting in increased fertility.",description,HediffDefs\Hediffs_Genitals.xml,def,"This <ALIMT >(PH_2)</ALIMT> recently lubrified a <ALIMT >(PH_1)</ALIMT> in their womb, resulting in increased fertility."
RV2_CurrentlyVored.label,Vored,label,HediffDefs\Hediffs_Prey.xml,def,Vored
RV2_CurrentlyVored.description,This pawn has been vored and is spending time inside of another pawn.,description,HediffDefs\Hediffs_Prey.xml,def,This <ALIMT >(PH_2)</ALIMT> has been vored and is spending time inside of another <ALIMT >(PH_1)</ALIMT>.
RV2_PreyInAnus.label,Prey in Anus,label,HediffDefs\Hediffs_Vore.xml,def,Prey in <ALIMT >anus</ALIMT>
RV2_PreyInAnusDumping.description,This pawn is dumping the remains of their prey out of their butt.,description,HediffDefs\Hediffs_Vore.xml,def,This <ALIMT >(PH_1)</ALIMT> is dumping the remains of their prey out of their butt.
RV2_PreyInAnusExiting.description,This pawn is dumping their prey out of their butt.,description,HediffDefs\Hediffs_Vore.xml,def,This <ALIMT >(PH_1)</ALIMT> is dumping their prey out of their butt.
RV2_PreyInAnusPassing.description,This pawn is stuffing their prey up their butt.,description,HediffDefs\Hediffs_Vore.xml,def,This <ALIMT >(PH_1)</ALIMT> is stuffing their prey up their butt.
RV2_PreyInAnusPleasuring.description,This pawn is using their prey as an anal dildo.,description,HediffDefs\Hediffs_Vore.xml,def,This <ALIMT >(PH_1)</ALIMT> is using their prey as an <ALIMT >anal</ALIMT> <ALIMT >dildo</ALIMT>.
RV2_PreyInBreasts.label,Prey in Breast,label,HediffDefs\Hediffs_Vore.xml,def,Prey in <ALIMT >breast</ALIMT>
RV2_PreyInBreastsConvertingMilk.description,This pawn is turning what's left of someone into milk.,description,HediffDefs\Hediffs_Vore.xml,def,This <ALIMT >(PH_1)</ALIMT> is turning what's left of someone into milk.
RV2_PreyInBreastsDissolving.description,This pawn is melting living prey down in their breast. This is non-nutritious.,description,HediffDefs\Hediffs_Vore.xml,def,This <ALIMT >(PH_1)</ALIMT> is melting living prey down in their <ALIMT >breast</ALIMT>. This is non-nutritious.
RV2_PreyInBreastsMushing.description,This pawn is breaking down dead prey in their breast. This is non-nutritious.,description,HediffDefs\Hediffs_Vore.xml,def,This <ALIMT >(PH_1)</ALIMT> is breaking down dead prey in their <ALIMT >breast</ALIMT>. This is non-nutritious.
RV2_PreyInBreastsPleasuring.description,This pawn is being pleasured internally by the prey in their breast.,description,HediffDefs\Hediffs_Vore.xml,def,This <ALIMT >(PH_1)</ALIMT> is being pleasured internally by the prey in their <ALIMT >breast</ALIMT>.
RV2_PreyInBreastsStoring.description,This pawn is holding someone in their breast for storage.,description,HediffDefs\Hediffs_Vore.xml,def,This <ALIMT >(PH_1)</ALIMT> is holding someone in their <ALIMT >breast</ALIMT> for storage.
RV2_PreyInBreastsWarming.description,This pawn is preparing to do something to a pawn in their breast.,description,HediffDefs\Hediffs_Vore.xml,def,This <ALIMT >(PH_2)</ALIMT> is preparing to do something to a <ALIMT >(PH_1)</ALIMT> in their <ALIMT >breast</ALIMT>.
RV2_PreyInBreastsHealing.description,This pawn is healing a pawn in their breast.,description,HediffDefs\Hediffs_Vore.xml,def,This <ALIMT >(PH_2)</ALIMT> is healing a <ALIMT >(PH_1)</ALIMT> in their <ALIMT >breast</ALIMT>.
RV2_PreyInCock.label,Prey in Penis,label,HediffDefs\Hediffs_Vore.xml,def,Prey in <ALIMT >penis</ALIMT>
RV2_PreyInCockDumping.label,Prey in Urethra,label,HediffDefs\Hediffs_Vore.xml,def,Prey in Urethra
RV2_PreyInCockDumping.description,"This pawn is letting what remains of their prey out of their cock, whether in ejaculative bursts or a steady stream.",description,HediffDefs\Hediffs_Vore.xml,def,"This <ALIMT >(PH_1)</ALIMT> is letting what remains of their prey out of their cock, whether in ejaculative bursts or a steady stream."
RV2_PreyInCockExiting.label,Prey in Urethra,label,HediffDefs\Hediffs_Vore.xml,def,Prey in Urethra
RV2_PreyInCockExiting.description,This pawn is releasing prey from their cock.,description,HediffDefs\Hediffs_Vore.xml,def,This <ALIMT >(PH_1)</ALIMT> is releasing prey from their cock.
RV2_PreyInCockPassing.label,Prey in Urethra,label,HediffDefs\Hediffs_Vore.xml,def,Prey in Urethra
RV2_PreyInCockPassing.description,This pawn is shoving their prey down their cock.,description,HediffDefs\Hediffs_Vore.xml,def,This <ALIMT >(PH_1)</ALIMT> is shoving their prey down their cock.
RV2_PreyInCockPleasuring.label,Prey in Urethra,label,HediffDefs\Hediffs_Vore.xml,def,Prey in Urethra
RV2_PreyInCockPleasuring.description,This pawn is using their prey as an sounding rod.,description,HediffDefs\Hediffs_Vore.xml,def,This <ALIMT >(PH_1)</ALIMT> is using their prey as an sounding rod.
RV2_PreyInIntestines.label,Prey in Intestines,label,HediffDefs\Hediffs_Vore.xml,def,Prey in Intestines
RV2_PreyInIntestinesExiting.description,"This pawn is passing someone through their guts, towards the anus.",description,HediffDefs\Hediffs_Vore.xml,def,"This <ALIMT >(PH_1)</ALIMT> is passing someone through their guts, towards the <ALIMT >anus</ALIMT>."
RV2_PreyInIntestinesPassing.description,"This pawn is passing someone through their guts, towards the stomach.",description,HediffDefs\Hediffs_Vore.xml,def,"This <ALIMT >(PH_1)</ALIMT> is passing someone through their guts, towards the stomach."
RV2_PreyInIntestinesPleasuring.description,This pawn is being pleasured internally by the prey in their guts.,description,HediffDefs\Hediffs_Vore.xml,def,This <ALIMT >(PH_1)</ALIMT> is being pleasured internally by the prey in their guts.
RV2_PreyInIntestinesProcessing.description,This pawn is absorbing what's left of someone in their guts.,description,HediffDefs\Hediffs_Vore.xml,def,This <ALIMT >(PH_1)</ALIMT> is absorbing what's left of someone in their guts.
RV2_PreyInIntestinesStoring.description,This pawn is holding someone in their guts for storage.,description,HediffDefs\Hediffs_Vore.xml,def,This <ALIMT >(PH_1)</ALIMT> is holding someone in their guts for storage.
RV2_PreyInMouth.label,Prey in Mouth,label,HediffDefs\Hediffs_Vore.xml,def,Prey in Mouth
RV2_PreyInMouthExiting.description,"This pawn is regurgitating their prey, which obviously makes talking and breathing a little harder.",description,HediffDefs\Hediffs_Vore.xml,def,"This <ALIMT >(PH_1)</ALIMT> is regurgitating their prey, which obviously makes talking and breathing a little harder."
RV2_PreyExitingMouthPleasuring.description,"This pawn is performing oral sex on prey being released, which obviously makes talking and breathing a little harder.",description,HediffDefs\Hediffs_Vore.xml,def,"This <ALIMT >(PH_1)</ALIMT> is performing <ALIMT >oral</ALIMT> <ALIMT >sex</ALIMT> on prey being released, which obviously makes talking and breathing a little harder."
RV2_PreyInMouthPassing.description,"This pawn is swallowing their prey, which obviously makes talking and breathing a little harder.",description,HediffDefs\Hediffs_Vore.xml,def,"This <ALIMT >(PH_1)</ALIMT> is swallowing their prey, which obviously makes talking and breathing a little harder."
RV2_PreyInMouthPleasuring.description,"This pawn is performing oral sex on partially-swallowed prey, which obviously makes talking and breathing a little harder.",description,HediffDefs\Hediffs_Vore.xml,def,"This <ALIMT >(PH_1)</ALIMT> is performing <ALIMT >oral</ALIMT> <ALIMT >sex</ALIMT> on partially-swallowed prey, which obviously makes talking and breathing a little harder."
RV2_PreyInNipple.label,Prey in Nipple,label,HediffDefs\Hediffs_Vore.xml,def,Prey in <ALIMT >nipple</ALIMT>
RV2_PreyInNippleDumping.description,This pawn is lactating what remains of their prey out of their nipple.,description,HediffDefs\Hediffs_Vore.xml,def,This <ALIMT >(PH_1)</ALIMT> is lactating what remains of their prey out of their <ALIMT >nipple</ALIMT>.
RV2_PreyInNippleExiting.description,This pawn is releasing prey from their nipple.,description,HediffDefs\Hediffs_Vore.xml,def,This <ALIMT >(PH_1)</ALIMT> is releasing prey from their <ALIMT >nipple</ALIMT>.
RV2_PreyInNipplePassing.description,This pawn is shoving their prey into their nipple.,description,HediffDefs\Hediffs_Vore.xml,def,This <ALIMT >(PH_1)</ALIMT> is shoving their prey into their <ALIMT >nipple</ALIMT>.
RV2_PreyInNipplePleasuring.description,This pawn is penetrating their nipple with their prey.,description,HediffDefs\Hediffs_Vore.xml,def,This <ALIMT >(PH_1)</ALIMT> is penetrating their <ALIMT >nipple</ALIMT> with their prey.
RV2_PreyInStomach.label,Prey in Stomach,label,HediffDefs\Hediffs_Vore.xml,def,Prey in Stomach
RV2_PreyInStomachChurning.description,This pawn is breaking down dead prey in their stomach.,description,HediffDefs\Hediffs_Vore.xml,def,This <ALIMT >(PH_1)</ALIMT> is breaking down dead prey in their stomach.
RV2_PreyInStomachDigesting.description,This pawn is digesting living prey in their stomach.,description,HediffDefs\Hediffs_Vore.xml,def,This <ALIMT >(PH_1)</ALIMT> is digesting living prey in their stomach.
RV2_PreyInStomachPleasuring.description,This pawn is being pleasured internally by the prey in their stomach.,description,HediffDefs\Hediffs_Vore.xml,def,This <ALIMT >(PH_1)</ALIMT> is being pleasured internally by the prey in their stomach.
RV2_PreyInStomachStoring.description,This pawn is holding someone in their stomach for storage.,description,HediffDefs\Hediffs_Vore.xml,def,This <ALIMT >(PH_1)</ALIMT> is holding someone in their stomach for storage.
RV2_PreyInStomachWarming.description,This pawn is preparing to do something to a pawn in their stomach.,description,HediffDefs\Hediffs_Vore.xml,def,This <ALIMT >(PH_2)</ALIMT> is preparing to do something to a <ALIMT >(PH_1)</ALIMT> in their stomach.
RV2_PreyInStomachHealing.description,This pawn is healing a pawn in their stomach.,description,HediffDefs\Hediffs_Vore.xml,def,This <ALIMT >(PH_2)</ALIMT> is healing a <ALIMT >(PH_1)</ALIMT> in their stomach.
RV2_PreyInTesticles.label,Prey in Testicles,label,HediffDefs\Hediffs_Vore.xml,def,Prey in <ALIMT >testicles</ALIMT>
RV2_PreyInTesticlesConvertingSperm.description,This pawn is turning what's left of someone into semen.,description,HediffDefs\Hediffs_Vore.xml,def,This <ALIMT >(PH_1)</ALIMT> is turning what's left of someone into <ALIMT >semen</ALIMT>.
RV2_PreyInTesticlesDissolving.description,This pawn is melting living prey down in their balls. This is non-nutritious.,description,HediffDefs\Hediffs_Vore.xml,def,This <ALIMT >(PH_1)</ALIMT> is melting living prey down in their balls. This is non-nutritious.
RV2_PreyInTesticlesMushing.description,This pawn is breaking down dead prey in their balls. This is non-nutritious.,description,HediffDefs\Hediffs_Vore.xml,def,This <ALIMT >(PH_1)</ALIMT> is breaking down dead prey in their balls. This is non-nutritious.
RV2_PreyInTesticlesPleasuring.description,This pawn is being pleasured internally by the prey in their balls.,description,HediffDefs\Hediffs_Vore.xml,def,This <ALIMT >(PH_1)</ALIMT> is being pleasured internally by the prey in their balls.
RV2_PreyInTesticlesStoring.description,This pawn is holding someone in their balls for storage.,description,HediffDefs\Hediffs_Vore.xml,def,This <ALIMT >(PH_1)</ALIMT> is holding someone in their balls for storage.
RV2_PreyInTesticlesWarming.description,This pawn is preparing to do something to a pawn in their balls.,description,HediffDefs\Hediffs_Vore.xml,def,This <ALIMT >(PH_2)</ALIMT> is preparing to do something to a <ALIMT >(PH_1)</ALIMT> in their balls.
RV2_PreyInTesticlesHealing.description,This pawn is healing a pawn in their balls.,description,HediffDefs\Hediffs_Vore.xml,def,This <ALIMT >(PH_2)</ALIMT> is healing a <ALIMT >(PH_1)</ALIMT> in their balls.
RV2_PreyInVagina.label,Prey in Vagina,label,HediffDefs\Hediffs_Vore.xml,def,Prey in <ALIMT >vagina</ALIMT>
RV2_PreyInVaginaDumping.description,"This pawn is letting what remains of their prey out of their vagina, whether in ejaculative bursts or a steady stream.",description,HediffDefs\Hediffs_Vore.xml,def,"This <ALIMT >(PH_1)</ALIMT> is letting what remains of their prey out of their <ALIMT >vagina</ALIMT>, whether in ejaculative bursts or a steady stream."
RV2_PreyInVaginaExiting.description,This pawn is releasing prey from their vagina.,description,HediffDefs\Hediffs_Vore.xml,def,This <ALIMT >(PH_1)</ALIMT> is releasing prey from their <ALIMT >vagina</ALIMT>.
RV2_PreyInVaginaPassing.description,This pawn is shoving their prey up their vagina.,description,HediffDefs\Hediffs_Vore.xml,def,This <ALIMT >(PH_1)</ALIMT> is shoving their prey up their <ALIMT >vagina</ALIMT>.
RV2_PreyInVaginaPleasuring.description,This pawn is using their prey as a vaginal dildo.,description,HediffDefs\Hediffs_Vore.xml,def,This <ALIMT >(PH_1)</ALIMT> is using their prey as a <ALIMT >vaginal</ALIMT> <ALIMT >dildo</ALIMT>.
RV2_PreyInWomb.label,Prey in Womb,label,HediffDefs\Hediffs_Vore.xml,def,Prey in Womb
RV2_PreyInWombConvertingLube.description,This pawn is turning what's left of someone into lube.,description,HediffDefs\Hediffs_Vore.xml,def,This <ALIMT >(PH_1)</ALIMT> is turning what's left of someone into <ALIMT >lube</ALIMT>.
RV2_PreyInWombDissolving.description,This pawn is melting living prey down in their womb. This is non-nutritious.,description,HediffDefs\Hediffs_Vore.xml,def,This <ALIMT >(PH_1)</ALIMT> is melting living prey down in their womb. This is non-nutritious.
RV2_PreyInWombMushing.description,This pawn is breaking down dead prey in their womb. This is non-nutritious.,description,HediffDefs\Hediffs_Vore.xml,def,This <ALIMT >(PH_1)</ALIMT> is breaking down dead prey in their womb. This is non-nutritious.
RV2_PreyInWombPleasuring.description,This pawn is being pleasured internally by the prey in their womb.,description,HediffDefs\Hediffs_Vore.xml,def,This <ALIMT >(PH_1)</ALIMT> is being pleasured internally by the prey in their womb.
RV2_PreyInWombStoring.label,Prey in Womb,label,HediffDefs\Hediffs_Vore.xml,def,Prey in Womb
RV2_PreyInWombStoring.description,This pawn is holding someone in their womb for storage.,description,HediffDefs\Hediffs_Vore.xml,def,This <ALIMT >(PH_1)</ALIMT> is holding someone in their womb for storage.
RV2_PreyInWombWarming.description,This pawn is preparing to do something to a pawn in their womb.,description,HediffDefs\Hediffs_Vore.xml,def,This <ALIMT >(PH_2)</ALIMT> is preparing to do something to a <ALIMT >(PH_1)</ALIMT> in their womb.
RV2_PreyInWombReforming.description,This pawn is reforming a pawn in their womb.,description,HediffDefs\Hediffs_Vore.xml,def,This <ALIMT >(PH_2)</ALIMT> is reforming a <ALIMT >(PH_1)</ALIMT> in their womb.
RV2_PreyInWombHealing.description,This pawn is healing a pawn in their womb.,description,HediffDefs\Hediffs_Vore.xml,def,This <ALIMT >(PH_2)</ALIMT> is healing a <ALIMT >(PH_1)</ALIMT> in their womb.
RV2_GoalEnabler_ConvertLube.label,Lubrifactive enzymes,label,HediffDefs\Hediffs_VoreEnablers.xml,def,Lubrifactive enzymes
RV2_GoalEnabler_ConvertLube.description,"This pawn is capable of turning live prey into lubricant within their womb, using powerful enzymes.",description,HediffDefs\Hediffs_VoreEnablers.xml,def,"This <ALIMT >(PH_1)</ALIMT> is capable of turning live prey into <ALIMT >lubricant</ALIMT> within their womb, using powerful enzymes."
RV2_GoalEnabler_ConvertMilk.label,Lactifactive enzymes,label,HediffDefs\Hediffs_VoreEnablers.xml,def,Lactifactive enzymes
RV2_GoalEnabler_ConvertMilk.description,"This pawn is capable of turning live prey into edible milk within their breasts, using powerful enzymes.",description,HediffDefs\Hediffs_VoreEnablers.xml,def,"This <ALIMT >(PH_1)</ALIMT> is capable of turning live prey into edible milk within their <ALIMT >breasts</ALIMT>, using powerful enzymes."
RV2_GoalEnabler_ConvertSperm.label,Spermifactive enzymes,label,HediffDefs\Hediffs_VoreEnablers.xml,def,Spermifactive enzymes
RV2_GoalEnabler_ConvertSperm.description,"This pawn is capable of turning live prey into edible sperm within their testes, using powerful enzymes.",description,HediffDefs\Hediffs_VoreEnablers.xml,def,"This <ALIMT >(PH_1)</ALIMT> is capable of turning live prey into edible <ALIMT >sperm</ALIMT> within their testes, using powerful enzymes."
RV2_GoalEnabler_Digest.label,Hyperdigestive enzymes,label,HediffDefs\Hediffs_VoreEnablers.xml,def,Hyperdigestive enzymes
RV2_GoalEnabler_Digest.description,"This pawn is capable of digesting live prey in a timely manner, using powerful enzymes.",description,HediffDefs\Hediffs_VoreEnablers.xml,def,"This <ALIMT >(PH_1)</ALIMT> is capable of digesting live prey in a timely manner, using powerful enzymes."
RV2_GoalEnabler_Heal.label,Analeptic enzymes,label,HediffDefs\Hediffs_VoreEnablers.xml,def,Analeptic enzymes
RV2_GoalEnabler_Heal.description,"This pawn's internal organs can function as a sanitary, comfortable, and even medicinal substitute for conventional bedrest.",description,HediffDefs\Hediffs_VoreEnablers.xml,def,"This <ALIMT >(PH_1)</ALIMT>'s internal organs can function as a sanitary, comfortable, and even medicinal substitute for conventional bedrest."
RV2_GoalEnabler_Reform.label,Reproductive enzymes,label,HediffDefs\Hediffs_VoreEnablers.xml,def,Reproductive enzymes
RV2_GoalEnabler_Reform.description,This pawn's womb can deconstruct the genetic code of their prey and re-form them with their own genetic influence.,description,HediffDefs\Hediffs_VoreEnablers.xml,def,This <ALIMT >(PH_1)</ALIMT>'s womb can deconstruct the genetic code of their prey and re-form them with their own genetic influence.
RV2_GoalEnabler_TempEndo.label,Storage-safe organs,label,HediffDefs\Hediffs_VoreEnablers.xml,def,Storage-safe organs
RV2_GoalEnabler_TempEndo.description,"This pawn's body comfortable and safe for temporary ingestion, thanks to a number of improvements, including the addition of proper airflow.",description,HediffDefs\Hediffs_VoreEnablers.xml,def,"This <ALIMT >(PH_1)</ALIMT>'s body comfortable and safe for temporary ingestion, thanks to a number of improvements, including the addition of proper airflow."
RV2_GoalEnabler_Store.label,Sphincter strength,label,HediffDefs\Hediffs_VoreEnablers.xml,def,Sphincter strength
RV2_GoalEnabler_Store.description,"This pawn's body can hold onto prey indefinitely, without killing them or letting them out on accident.",description,HediffDefs\Hediffs_VoreEnablers.xml,def,"This <ALIMT >(PH_1)</ALIMT>'s body can hold onto prey indefinitely, without killing them or letting them out on accident."
RV2_TypeEnabler_Oral.label,Oral elasticity,label,HediffDefs\Hediffs_VoreEnablers.xml,def,<ALIMT >oral</ALIMT> elasticity
RV2_TypeEnabler_Oral.description,This pawn has an elastic mouth and throat for oral vore.,description,HediffDefs\Hediffs_VoreEnablers.xml,def,This <ALIMT >(PH_1)</ALIMT> has an elastic mouth and throat for <ALIMT >oral</ALIMT> <ALIMT >vore</ALIMT>.
RV2_TypeEnabler_Anal.label,Anal elasticity,label,HediffDefs\Hediffs_VoreEnablers.xml,def,<ALIMT >anal</ALIMT> elasticity
RV2_TypeEnabler_Anal.description,This pawn has an elastic anus and intestines for anal vore.,description,HediffDefs\Hediffs_VoreEnablers.xml,def,This <ALIMT >(PH_1)</ALIMT> has an elastic <ALIMT >anus</ALIMT> and intestines for <ALIMT >anal</ALIMT> <ALIMT >vore</ALIMT>.
RV2_TypeEnabler_Vaginal.label,Vaginal elasticity,label,HediffDefs\Hediffs_VoreEnablers.xml,def,<ALIMT >vaginal</ALIMT> elasticity
RV2_TypeEnabler_Vaginal.description,This pawn has an elastic vagina and womb for vaginal vore.,description,HediffDefs\Hediffs_VoreEnablers.xml,def,This <ALIMT >(PH_1)</ALIMT> has an elastic <ALIMT >vagina</ALIMT> and womb for <ALIMT >vaginal</ALIMT> <ALIMT >vore</ALIMT>.
RV2_TypeEnabler_Cock.label,Penile elasticity,label,HediffDefs\Hediffs_VoreEnablers.xml,def,Penile elasticity
RV2_TypeEnabler_Cock.description,This pawn has an elastic penis and testes for cock vore.,description,HediffDefs\Hediffs_VoreEnablers.xml,def,This <ALIMT >(PH_1)</ALIMT> has an elastic <ALIMT >penis</ALIMT> and testes for cock <ALIMT >vore</ALIMT>.
RV2_TypeEnabler_Nipple.label,Nipple elasticity,label,HediffDefs\Hediffs_VoreEnablers.xml,def,<ALIMT >nipple</ALIMT> elasticity
RV2_TypeEnabler_Nipple.description,This pawn has elastic nipples and breasts for nipple vore.,description,HediffDefs\Hediffs_VoreEnablers.xml,def,This <ALIMT >(PH_1)</ALIMT> has elastic <ALIMT >nipples</ALIMT> and <ALIMT >breasts</ALIMT> for <ALIMT >nipple</ALIMT> <ALIMT >vore</ALIMT>.
RV2_DigestedMember.label,Digested Member,label,HistoryEventDefs\Events.xml,def,Digested Member
RV2_Proposal.label,vore proposal,label,InteractionDefs\InteractionDefs_Proposals.xml,def,<ALIMT >vore</ALIMT> proposal
RV2_Proposal.logRulesInitiator.rulesStrings.0,r_logentry->[INITIATOR_nameDef] proposed vore to [RECIPIENT_nameDef].,li,InteractionDefs\InteractionDefs_Proposals.xml,def,<ALIMT >(PH_3)</ALIMT><ALIMT >(PH_2)</ALIMT> proposed <ALIMT >vore</ALIMT> to <ALIMT >(PH_1)</ALIMT>.
RV2_Proposal_Accepted.rulePack.rulesStrings.0,sent->[RECIPIENT_nameDef] was attracted and agreed.,li,InteractionDefs\InteractionDefs_Proposals.xml,def,<ALIMT >(PH_2)</ALIMT><ALIMT >(PH_1)</ALIMT> was attracted and agreed.
RV2_Proposal_Accepted.rulePack.rulesStrings.1,sent->[RECIPIENT_nameDef] responded well and accepted.,li,InteractionDefs\InteractionDefs_Proposals.xml,def,<ALIMT >(PH_2)</ALIMT><ALIMT >(PH_1)</ALIMT> responded well and accepted.
RV2_Proposal_Accepted.rulePack.rulesStrings.2,sent->[RECIPIENT_nameDef] agreed.,li,InteractionDefs\InteractionDefs_Proposals.xml,def,<ALIMT >(PH_2)</ALIMT><ALIMT >(PH_1)</ALIMT> agreed.
RV2_Proposal_Accepted.rulePack.rulesStrings.3,sent->[RECIPIENT_nameDef] accepted.,li,InteractionDefs\InteractionDefs_Proposals.xml,def,<ALIMT >(PH_2)</ALIMT><ALIMT >(PH_1)</ALIMT> accepted.
RV2_Proposal_Denied.rulePack.rulesStrings.0,sent->[RECIPIENT_nameDef] rejected the proposal.,li,InteractionDefs\InteractionDefs_Proposals.xml,def,<ALIMT >(PH_2)</ALIMT><ALIMT >(PH_1)</ALIMT> rejected the proposal.
RV2_Proposal_Denied.rulePack.rulesStrings.1,sent->[RECIPIENT_nameDef] ignored the proposal.,li,InteractionDefs\InteractionDefs_Proposals.xml,def,<ALIMT >(PH_2)</ALIMT><ALIMT >(PH_1)</ALIMT> ignored the proposal.
RV2_Proposal_Denied.rulePack.rulesStrings.2,sent->[RECIPIENT_nameDef] turned [RECIPIENT_possessive] down.,li,InteractionDefs\InteractionDefs_Proposals.xml,def,<ALIMT >(PH_3)</ALIMT><ALIMT >(PH_2)</ALIMT> turned <ALIMT >(PH_1)</ALIMT> down.
RV2_Proposal_Denied.rulePack.rulesStrings.3,sent->[RECIPIENT_nameDef] turned away.,li,InteractionDefs\InteractionDefs_Proposals.xml,def,<ALIMT >(PH_2)</ALIMT><ALIMT >(PH_1)</ALIMT> turned away.
RV2_Proposal_Denied.rulePack.rulesStrings.4,sent->[RECIPIENT_nameDef] gave a minimal response.,li,InteractionDefs\InteractionDefs_Proposals.xml,def,<ALIMT >(PH_2)</ALIMT><ALIMT >(PH_1)</ALIMT> gave a minimal response.
RV2_Proposal_Denied.rulePack.rulesStrings.5,sent->[RECIPIENT_nameDef] did not respond.,li,InteractionDefs\InteractionDefs_Proposals.xml,def,<ALIMT >(PH_2)</ALIMT><ALIMT >(PH_1)</ALIMT> did not respond.
RV2_Proposal_Forced.rulePack.rulesStrings.0,sent->[RECIPIENT_nameDef] could not turn [RECIPIENT_possessive] down.,li,InteractionDefs\InteractionDefs_Proposals.xml,def,<ALIMT >(PH_3)</ALIMT><ALIMT >(PH_2)</ALIMT> could not turn <ALIMT >(PH_1)</ALIMT> down.
RV2_Proposal_Forced.rulePack.rulesStrings.1,sent->[RECIPIENT_nameDef] was forced.,li,InteractionDefs\InteractionDefs_Proposals.xml,def,<ALIMT >(PH_2)</ALIMT><ALIMT >(PH_1)</ALIMT> was <ALIMT >forced</ALIMT>.
RV2_Proposal_Forced.rulePack.rulesStrings.2,sent->[RECIPIENT_nameDef]'s opinion was disregarded.,li,InteractionDefs\InteractionDefs_Proposals.xml,def,<ALIMT >(PH_2)</ALIMT><ALIMT >(PH_1)</ALIMT>'s opinion was disregarded.
RV2_Proposal_Forced.rulePack.rulesStrings.3,sent->[RECIPIENT_nameDef] had no choice.,li,InteractionDefs\InteractionDefs_Proposals.xml,def,<ALIMT >(PH_2)</ALIMT><ALIMT >(PH_1)</ALIMT> had no choice.
RV2_SuccessfulStruggle.label,successful struggle,label,InteractionDefs\InteractionDefs_Struggle.xml,def,successful struggle
RV2_SuccessfulStruggle.logRulesInitiator.rulesStrings.0,r_logentry->[INITIATOR_nameDef] successfuly struggled out of [RECIPIENT_nameDef].,li,InteractionDefs\InteractionDefs_Struggle.xml,def,<ALIMT >(PH_3)</ALIMT><ALIMT >(PH_2)</ALIMT> successfuly struggled out of <ALIMT >(PH_1)</ALIMT>.
RV2_FailedStruggle.label,failed struggle,label,InteractionDefs\InteractionDefs_Struggle.xml,def,failed struggle
RV2_FailedStruggle.logRulesInitiator.rulesStrings.0,r_logentry->[INITIATOR_nameDef] failed to struggle out of [RECIPIENT_nameDef].,li,InteractionDefs\InteractionDefs_Struggle.xml,def,<ALIMT >(PH_3)</ALIMT><ALIMT >(PH_2)</ALIMT> failed to struggle out of <ALIMT >(PH_1)</ALIMT>.
RV2_ActiveStruggle.label,struggling,label,InteractionDefs\InteractionDefs_Struggle.xml,def,struggling
RV2_ActiveStruggle.logRulesInitiator.rulesStrings.0,r_logentry->[INITIATOR_nameDef] struggled inside [RECIPIENT_nameDef].,li,InteractionDefs\InteractionDefs_Struggle.xml,def,<ALIMT >(PH_3)</ALIMT><ALIMT >(PH_2)</ALIMT> struggled inside <ALIMT >(PH_1)</ALIMT>.
RV2_ActiveStruggle.logRulesInitiator.rulesStrings.1,r_logentry->[INITIATOR_nameDef]'s footprint is visible inside of [RECIPIENT_nameDef].,li,InteractionDefs\InteractionDefs_Struggle.xml,def,<ALIMT >(PH_3)</ALIMT><ALIMT >(PH_2)</ALIMT>'s footprint is visible inside of <ALIMT >(PH_1)</ALIMT>.
RV2_ActiveStruggle.logRulesInitiator.rulesStrings.2,r_logentry->[INITIATOR_nameDef]'s handprint is visible inside of [RECIPIENT_nameDef].,li,InteractionDefs\InteractionDefs_Struggle.xml,def,<ALIMT >(PH_3)</ALIMT><ALIMT >(PH_2)</ALIMT>'s handprint is visible inside of <ALIMT >(PH_1)</ALIMT>.
RV2_ActiveStruggle.logRulesInitiator.rulesStrings.3,r_logentry->[INITIATOR_nameDef] [struggle_action_past] [RECIPIENT_nameDef] insides.,li,InteractionDefs\InteractionDefs_Struggle.xml,def,<ALIMT >(PH_4)</ALIMT><ALIMT >(PH_3)</ALIMT> <ALIMT >(PH_2)</ALIMT> <ALIMT >(PH_1)</ALIMT> insides.
RV2_ActiveStruggle.logRulesInitiator.rulesStrings.4,r_logentry->[INITIATOR_nameDef] [struggle_action_past] some sensitive flesh inside of [RECIPIENT_nameDef].,li,InteractionDefs\InteractionDefs_Struggle.xml,def,<ALIMT >(PH_4)</ALIMT><ALIMT >(PH_3)</ALIMT> <ALIMT >(PH_2)</ALIMT> some sensitive flesh inside of <ALIMT >(PH_1)</ALIMT>.
RV2_ActiveStruggle.logRulesInitiator.rulesStrings.5,r_logentry->[INITIATOR_nameDef] tried to stretch to [INITIATOR_possessive] full size inside of [RECIPIENT_nameDef].,li,InteractionDefs\InteractionDefs_Struggle.xml,def,<ALIMT >(PH_4)</ALIMT><ALIMT >(PH_3)</ALIMT> tried to stretch to <ALIMT >(PH_2)</ALIMT> full size inside of <ALIMT >(PH_1)</ALIMT>.
RV2_ActiveStruggle.logRulesInitiator.rulesStrings.6,r_logentry->[RECIPIENT_nameDef] winced in pain due to [INITIATOR_nameDef]'s [struggle_action_gerund].,li,InteractionDefs\InteractionDefs_Struggle.xml,def,<ALIMT >(PH_4)</ALIMT><ALIMT >(PH_3)</ALIMT> winced in <ALIMT >pain</ALIMT> due to <ALIMT >(PH_2)</ALIMT>'s <ALIMT >(PH_1)</ALIMT>.
RV2_ActiveStruggle.logRulesInitiator.rulesStrings.7,r_logentry->[RECIPIENT_nameDef] stumbled due to [INITIATOR_nameDef]'s [struggle_action_gerund].,li,InteractionDefs\InteractionDefs_Struggle.xml,def,<ALIMT >(PH_4)</ALIMT><ALIMT >(PH_3)</ALIMT> stumbled due to <ALIMT >(PH_2)</ALIMT>'s <ALIMT >(PH_1)</ALIMT>.
RV2_ActiveStruggle.logRulesInitiator.rulesStrings.8,r_logentry->[INITIATOR_nameDef] caused [RECIPIENT_nameDef] to stumble.,li,InteractionDefs\InteractionDefs_Struggle.xml,def,<ALIMT >(PH_3)</ALIMT><ALIMT >(PH_2)</ALIMT> caused <ALIMT >(PH_1)</ALIMT> to stumble.
RV2_ActiveStruggle.logRulesInitiator.rulesStrings.9,r_logentry->[INITIATOR_nameDef] heavily distracts [RECIPIENT_nameDef] from [RECIPIENT_possessive] work.,li,InteractionDefs\InteractionDefs_Struggle.xml,def,<ALIMT >(PH_4)</ALIMT><ALIMT >(PH_3)</ALIMT> heavily distracts <ALIMT >(PH_2)</ALIMT> from <ALIMT >(PH_1)</ALIMT> work.
RV2_ActiveStruggle.logRulesInitiator.rulesStrings.10,r_logentry->A muffled scream can be heard inside of [RECIPIENT_nameDef].,li,InteractionDefs\InteractionDefs_Struggle.xml,def,<ALIMT >(PH_2)</ALIMT>A muffled scream can be heard inside of <ALIMT >(PH_1)</ALIMT>.
RV2_ActiveStruggle.logRulesInitiator.rulesStrings.11,struggle_action_past->punched,li,InteractionDefs\InteractionDefs_Struggle.xml,def,<ALIMT >(PH_1)</ALIMT>punched
RV2_ActiveStruggle.logRulesInitiator.rulesStrings.12,struggle_action_past->scratched,li,InteractionDefs\InteractionDefs_Struggle.xml,def,<ALIMT >(PH_1)</ALIMT>scratched
RV2_ActiveStruggle.logRulesInitiator.rulesStrings.13,struggle_action_past->bit,li,InteractionDefs\InteractionDefs_Struggle.xml,def,<ALIMT >(PH_1)</ALIMT>bit
RV2_ActiveStruggle.logRulesInitiator.rulesStrings.14,struggle_action_past->hurt,li,InteractionDefs\InteractionDefs_Struggle.xml,def,<ALIMT >(PH_1)</ALIMT>hurt
RV2_ActiveStruggle.logRulesInitiator.rulesStrings.15,struggle_action_past->bumped,li,InteractionDefs\InteractionDefs_Struggle.xml,def,<ALIMT >(PH_1)</ALIMT>bumped
RV2_ActiveStruggle.logRulesInitiator.rulesStrings.16,struggle_action_past->kicked,li,InteractionDefs\InteractionDefs_Struggle.xml,def,<ALIMT >(PH_1)</ALIMT>kicked
RV2_ActiveStruggle.logRulesInitiator.rulesStrings.17,struggle_action_gerund->punching,li,InteractionDefs\InteractionDefs_Struggle.xml,def,<ALIMT >(PH_1)</ALIMT>punching
RV2_ActiveStruggle.logRulesInitiator.rulesStrings.18,struggle_action_gerund->scratching,li,InteractionDefs\InteractionDefs_Struggle.xml,def,<ALIMT >(PH_1)</ALIMT>scratching
RV2_ActiveStruggle.logRulesInitiator.rulesStrings.19,struggle_action_gerund->biting,li,InteractionDefs\InteractionDefs_Struggle.xml,def,<ALIMT >(PH_1)</ALIMT>biting
RV2_ActiveStruggle.logRulesInitiator.rulesStrings.20,struggle_action_gerund->kicking,li,InteractionDefs\InteractionDefs_Struggle.xml,def,<ALIMT >(PH_1)</ALIMT>kicking
RV2_FatalVore.label,fatally vored,label,InteractionDefs\InteractionDefs_VoreInitiated.xml,def,fatally vored
RV2_FatalVore.logRulesInitiator.rulesStrings.0,r_logentry->Fatal vore!,li,InteractionDefs\InteractionDefs_VoreInitiated.xml,def,<ALIMT >(PH_1)</ALIMT>Fatal <ALIMT >vore</ALIMT>!
RV2_EndoVore.label,endo vored,label,InteractionDefs\InteractionDefs_VoreInitiated.xml,def,endo vored
RV2_EndoVore.logRulesInitiator.rulesStrings.0,r_logentry->Endo vore!,li,InteractionDefs\InteractionDefs_VoreInitiated.xml,def,<ALIMT >(PH_1)</ALIMT>Endo <ALIMT >vore</ALIMT>!
RV2_Feeding_Predator.label,fed predator,label,InteractionDefs\InteractionDefs_VoreInitiated.xml,def,fed predator
RV2_Feeding_Predator.logRulesInitiator.rulesStrings.0,r_logentry->Fed someone to [RECIPIENT_nameDef].,li,InteractionDefs\InteractionDefs_VoreInitiated.xml,def,<ALIMT >(PH_2)</ALIMT>Fed someone to <ALIMT >(PH_1)</ALIMT>.
RV2_Feeding_Prey.label,fed as prey,label,InteractionDefs\InteractionDefs_VoreInitiated.xml,def,fed as prey
RV2_Feeding_Prey.logRulesInitiator.rulesStrings.0,r_logentry->Fed [RECIPIENT_nameDef] to someone.,li,InteractionDefs\InteractionDefs_VoreInitiated.xml,def,<ALIMT >(PH_2)</ALIMT>Fed <ALIMT >(PH_1)</ALIMT> to someone.
RV2_SwitchedGoal.label,switched vore goal,label,InteractionDefs\InteractionDefs_VorePathSwitched.xml,def,switched <ALIMT >vore</ALIMT> goal
RV2_SwitchedGoal.logRulesInitiator.rulesStrings.0,r_logentry->[INITIATOR_nameDef] decided to change the vore goal for [RECIPIENT_nameDef]! ->,li,InteractionDefs\InteractionDefs_VorePathSwitched.xml,def,<ALIMT >(PH_3)</ALIMT><ALIMT >(PH_2)</ALIMT> decided to change the <ALIMT >vore</ALIMT> goal for <ALIMT >(PH_1)</ALIMT>! ->
RV2_VoreInitAsPredator.reportString,Voring victim,reportString,JobDefs\Jobs_Vore.xml,def,Voring victim
RV2_VoreInitAsPrey.reportString,Getting vored,reportString,JobDefs\Jobs_Vore.xml,def,Getting vored
RV2_VoreInitAsFeeder.reportString,Feeding predator,reportString,JobDefs\Jobs_Vore.xml,def,Feeding predator
RV2_EjectPreySelf.reportString,Ejecting prey,reportString,JobDefs\Jobs_Vore.xml,def,Ejecting prey
RV2_EjectPreyForce.reportString,Forcing to eject prey,reportString,JobDefs\Jobs_Vore.xml,def,Forcing to eject prey
RV2_HuntVorePrey.reportString,Vore-hunting prey,reportString,JobDefs\Jobs_Vore.xml,def,<ALIMT >vore</ALIMT>-hunting prey
RV2_KidnapVorePrey.reportString,Vore-kidnapping prey,reportString,JobDefs\Jobs_Vore.xml,def,<ALIMT >vore</ALIMT>-kidnapping prey
RV2_ProposeVore.reportString,Proposing vore,reportString,JobDefs\Jobs_Vore.xml,def,Proposing <ALIMT >vore</ALIMT>
RV2_ProposeVore_Feeder.reportString,Proposing feeder vore,reportString,JobDefs\Jobs_Vore.xml,def,Proposing feeder <ALIMT >vore</ALIMT>
RV2_ReleasePrey.reportString,Releasing prey,reportString,JobDefs\Jobs_Vore.xml,def,Releasing prey
RV2_VoreGrapple.reportString,Grappling target,reportString,JobDefs\Jobs_Vore.xml,def,Grappling target
RV2_Keys.label,RimVore-2,label,KeyBindingDefs\QuirkSettingsMenu.xml,def,RimVore-2
RV2_Keys.description,Various hotkeys used for RV-2 menus.,description,KeyBindingDefs\QuirkSettingsMenu.xml,def,Various hotkeys used for RV-2 menus.
RV2_QuirkMenuPrevious.label,Previous Quirk,label,KeyBindingDefs\QuirkSettingsMenu.xml,def,Previous Quirk
RV2_QuirkMenuNext.label,Next Quirk,label,KeyBindingDefs\QuirkSettingsMenu.xml,def,Next Quirk
RV2_GurgleSeeker.label,Gurgle Seeker,label,MentalStateDefs\VoreMentalStates.xml,def,Gurgle Seeker
RV2_GurgleSeeker.recoveryMessage,{0} has changed their mind about being digested.,recoveryMessage,MentalStateDefs\VoreMentalStates.xml,def,<ALIMT >(PH_1)</ALIMT> has changed their mind about being digested.
RV2_GurgleSeeker.beginLetterLabel,Gurgle Seeker,beginLetterLabel,MentalStateDefs\VoreMentalStates.xml,def,Gurgle Seeker
RV2_GurgleSeeker.beginLetter,{0} has given up and decided to get vored by {1}!,beginLetter,MentalStateDefs\VoreMentalStates.xml,def,<ALIMT >(PH_2)</ALIMT> has given up and decided to get vored by <ALIMT >(PH_1)</ALIMT>!
RV2_GurgleSeeker.baseInspectLine,Mental state: Gurgle Seeker,baseInspectLine,MentalStateDefs\VoreMentalStates.xml,def,Mental state: Gurgle Seeker
RV2_HideInPredator.label,Hide In Predator,label,MentalStateDefs\VoreMentalStates.xml,def,Hide In Predator
RV2_HideInPredator.recoveryMessage,{0} had a great time inside {1}. They will now stop trying to hide in them,recoveryMessage,MentalStateDefs\VoreMentalStates.xml,def,<ALIMT >(PH_2)</ALIMT> had a great time inside <ALIMT >(PH_1)</ALIMT>. They will now <ALIMT >stop</ALIMT> trying to hide in them
RV2_HideInPredator.beginLetterLabel,Hide In Predator,beginLetterLabel,MentalStateDefs\VoreMentalStates.xml,def,Hide In Predator
RV2_HideInPredator.beginLetter,{0} is going to get themselves vored by {1}!,beginLetter,MentalStateDefs\VoreMentalStates.xml,def,<ALIMT >(PH_2)</ALIMT> is going to get themselves vored by <ALIMT >(PH_1)</ALIMT>!
RV2_HideInPredator.baseInspectLine,Mental state: Endo-Abductor,baseInspectLine,MentalStateDefs\VoreMentalStates.xml,def,Mental state: Endo-Abductor
RV2_PrisonerAbductor.label,Endo-abducting,label,MentalStateDefs\VoreMentalStates.xml,def,Endo-abducting
RV2_PrisonerAbductor.recoveryMessage,{0} is no longer endo-voring {1}.,recoveryMessage,MentalStateDefs\VoreMentalStates.xml,def,<ALIMT >(PH_2)</ALIMT> is no longer endo-voring <ALIMT >(PH_1)</ALIMT>.
RV2_PrisonerAbductor.beginLetterLabel,Endo-abduction,beginLetterLabel,MentalStateDefs\VoreMentalStates.xml,def,Endo-abduction
RV2_PrisonerAbductor.beginLetter,{0} is trying to kidnap someone in their belly! [PAWN_pronoun] has decided to devour {1} and will not let them out until [PAWN_pronoun] gets bored!,beginLetter,MentalStateDefs\VoreMentalStates.xml,def,<ALIMT >(PH_4)</ALIMT> is trying to kidnap someone in their belly! <ALIMT >(PH_3)</ALIMT> has decided to devour <ALIMT >(PH_2)</ALIMT> and will not let them out until <ALIMT >(PH_1)</ALIMT> gets bored!
RV2_PrisonerAbductor.baseInspectLine,Mental state: Endo-Abductor,baseInspectLine,MentalStateDefs\VoreMentalStates.xml,def,Mental state: Endo-Abductor
RV2_PetThief.label,Pet Thief,label,MentalStateDefs\VoreMentalStates.xml,def,Pet Thief
RV2_PetThief.recoveryMessage,{0} is done endo-voring {1},recoveryMessage,MentalStateDefs\VoreMentalStates.xml,def,<ALIMT >(PH_2)</ALIMT> is done endo-voring <ALIMT >(PH_1)</ALIMT>
RV2_PetThief.beginLetterLabel,Pet thief,beginLetterLabel,MentalStateDefs\VoreMentalStates.xml,def,Pet thief
RV2_PetThief.beginLetter,{0} is trying to steal someone’s pet! [PAWN_pronoun] has decided to devour {1} and will not let it out until [PAWN_pronoun] gets bored!,beginLetter,MentalStateDefs\VoreMentalStates.xml,def,<ALIMT >(PH_4)</ALIMT> is trying to steal someone’s pet! <ALIMT >(PH_3)</ALIMT> has decided to devour <ALIMT >(PH_2)</ALIMT> and will not let it out until <ALIMT >(PH_1)</ALIMT> gets bored!
RV2_PetThief.baseInspectLine,Mental state: Pet Thief,baseInspectLine,MentalStateDefs\VoreMentalStates.xml,def,Mental state: Pet Thief
RV2_EndoAbductor.label,Endo-abducting,label,MentalStateDefs\VoreMentalStates.xml,def,Endo-abducting
RV2_EndoAbductor.recoveryMessage,{0} is no longer endo-voring {1}.,recoveryMessage,MentalStateDefs\VoreMentalStates.xml,def,<ALIMT >(PH_2)</ALIMT> is no longer endo-voring <ALIMT >(PH_1)</ALIMT>.
RV2_EndoAbductor.beginLetterLabel,Endo-abduction,beginLetterLabel,MentalStateDefs\VoreMentalStates.xml,def,Endo-abduction
RV2_EndoAbductor.beginLetter,{0} is trying to kidnap someone in their belly! [PAWN_pronoun] has decided to devour {1} and will not let them out until [PAWN_pronoun] gets bored!,beginLetter,MentalStateDefs\VoreMentalStates.xml,def,<ALIMT >(PH_4)</ALIMT> is trying to kidnap someone in their belly! <ALIMT >(PH_3)</ALIMT> has decided to devour <ALIMT >(PH_2)</ALIMT> and will not let them out until <ALIMT >(PH_1)</ALIMT> gets bored!
RV2_EndoAbductor.baseInspectLine,Mental state: Endo-Abductor,baseInspectLine,MentalStateDefs\VoreMentalStates.xml,def,Mental state: Endo-Abductor
RV2_EndoSpree.label,Endo Spree,label,MentalStateDefs\VoreMentalStates.xml,def,Endo Spree
RV2_EndoSpree.recoveryMessage,{0} has finished their endo voring spree,recoveryMessage,MentalStateDefs\VoreMentalStates.xml,def,<ALIMT >(PH_1)</ALIMT> has finished their endo voring spree
RV2_EndoSpree.beginLetterLabel,Endo Spree,beginLetterLabel,MentalStateDefs\VoreMentalStates.xml,def,Endo Spree
RV2_EndoSpree.beginLetter,{0} has started an endo spree!,beginLetter,MentalStateDefs\VoreMentalStates.xml,def,<ALIMT >(PH_1)</ALIMT> has started an endo spree!
RV2_EndoSpree.baseInspectLine,Mental state: Endo Spree,baseInspectLine,MentalStateDefs\VoreMentalStates.xml,def,Mental state: Endo Spree
RV2_LivestockSwallower.label,Livestock Swallower,label,MentalStateDefs\VoreMentalStates.xml,def,Livestock Swallower
RV2_LivestockSwallower.recoveryMessage,{0} no longer wants to digest {1}.,recoveryMessage,MentalStateDefs\VoreMentalStates.xml,def,<ALIMT >(PH_2)</ALIMT> no longer wants to digest <ALIMT >(PH_1)</ALIMT>.
RV2_LivestockSwallower.beginLetterLabel,Livestock Swallower,beginLetterLabel,MentalStateDefs\VoreMentalStates.xml,def,Livestock Swallower
RV2_LivestockSwallower.beginLetter,{0} is going to fatally vore {1}!,beginLetter,MentalStateDefs\VoreMentalStates.xml,def,<ALIMT >(PH_2)</ALIMT> is going to fatally <ALIMT >vore</ALIMT> <ALIMT >(PH_1)</ALIMT>!
RV2_LivestockSwallower.baseInspectLine,Mental state: Livestock Swallower,baseInspectLine,MentalStateDefs\VoreMentalStates.xml,def,Mental state: Livestock Swallower
RV2_VoraciousHunt.label,Voracious hunt,label,MentalStateDefs\VoreMentalStates.xml,def,Voracious hunt
RV2_VoraciousHunt.recoveryMessage,{0} has finished voring {1},recoveryMessage,MentalStateDefs\VoreMentalStates.xml,def,<ALIMT >(PH_2)</ALIMT> has finished voring <ALIMT >(PH_1)</ALIMT>
RV2_VoraciousHunt.beginLetterLabel,Voracious hunt,beginLetterLabel,MentalStateDefs\VoreMentalStates.xml,def,Voracious hunt
RV2_VoraciousHunt.beginLetter,{0} has decided to go and hunt {1}!,beginLetter,MentalStateDefs\VoreMentalStates.xml,def,<ALIMT >(PH_2)</ALIMT> has decided to go and hunt <ALIMT >(PH_1)</ALIMT>!
RV2_VoraciousHunt.baseInspectLine,Mental state: Voracious hunt,baseInspectLine,MentalStateDefs\VoreMentalStates.xml,def,Mental state: Voracious hunt
RV2_Digesticutioner.label,Digesticutioner,label,MentalStateDefs\VoreMentalStates.xml,def,Digesticutioner
RV2_Digesticutioner.recoveryMessage,{0} has finished digesticuting {1}.,recoveryMessage,MentalStateDefs\VoreMentalStates.xml,def,<ALIMT >(PH_2)</ALIMT> has finished digesticuting <ALIMT >(PH_1)</ALIMT>.
RV2_Digesticutioner.beginLetterLabel,Digesticutioner,beginLetterLabel,MentalStateDefs\VoreMentalStates.xml,def,Digesticutioner
RV2_Digesticutioner.beginLetter,{0} is going to fatally vore {1}!,beginLetter,MentalStateDefs\VoreMentalStates.xml,def,<ALIMT >(PH_2)</ALIMT> is going to fatally <ALIMT >vore</ALIMT> <ALIMT >(PH_1)</ALIMT>!
RV2_Digesticutioner.baseInspectLine,Mental state: Digesticutioner,baseInspectLine,MentalStateDefs\VoreMentalStates.xml,def,Mental state: Digesticutioner
RV2_ForbiddenFruit.label,Forbidden Fruit,label,MentalStateDefs\VoreMentalStates.xml,def,Forbidden Fruit
RV2_ForbiddenFruit.recoveryMessage,The boom gods will not forget this.,recoveryMessage,MentalStateDefs\VoreMentalStates.xml,def,The boom gods will not forget this.
RV2_ForbiddenFruit.beginLetterLabel,Forbidden Fruit,beginLetterLabel,MentalStateDefs\VoreMentalStates.xml,def,Forbidden Fruit
RV2_ForbiddenFruit.beginLetter,The boom gods scream in anguish,beginLetter,MentalStateDefs\VoreMentalStates.xml,def,The boom gods scream in anguish
RV2_ForbiddenFruit.baseInspectLine,Mental state: Forbidden Fruit,baseInspectLine,MentalStateDefs\VoreMentalStates.xml,def,Mental state: Forbidden Fruit
RV2_VorederousRage.label,Vorederous Rage,label,MentalStateDefs\VoreMentalStates.xml,def,Vorederous Rage
RV2_VorederousRage.recoveryMessage,{0} has stopped their vorederous rage.,recoveryMessage,MentalStateDefs\VoreMentalStates.xml,def,<ALIMT >(PH_1)</ALIMT> has stopped their vorederous rage.
RV2_VorederousRage.beginLetterLabel,Vorederous Rage,beginLetterLabel,MentalStateDefs\VoreMentalStates.xml,def,Vorederous Rage
RV2_VorederousRage.beginLetter,{0} is going to fatally vore {1}!,beginLetter,MentalStateDefs\VoreMentalStates.xml,def,<ALIMT >(PH_2)</ALIMT> is going to fatally <ALIMT >vore</ALIMT> <ALIMT >(PH_1)</ALIMT>!
RV2_VorederousRage.baseInspectLine,Mental state: Vorederous Rage,baseInspectLine,MentalStateDefs\VoreMentalStates.xml,def,Mental state: Vorederous Rage
RV2_Voreserk.label,Voreserk,label,MentalStateDefs\VoreMentalStates.xml,def,Voreserk
RV2_Voreserk.recoveryMessage,{0} has finished their fatal voring spree.,recoveryMessage,MentalStateDefs\VoreMentalStates.xml,def,<ALIMT >(PH_1)</ALIMT> has finished their fatal voring spree.
RV2_Voreserk.beginLetterLabel,Voreserk,beginLetterLabel,MentalStateDefs\VoreMentalStates.xml,def,Voreserk
RV2_Voreserk.beginLetter,{0} is going on a fatal vore spree!,beginLetter,MentalStateDefs\VoreMentalStates.xml,def,<ALIMT >(PH_1)</ALIMT> is going on a fatal <ALIMT >vore</ALIMT> spree!
RV2_Voreserk.baseInspectLine,Mental state: Voreserk,baseInspectLine,MentalStateDefs\VoreMentalStates.xml,def,Mental state: Voreserk
RV2_VoreFighting_Attacker.label,vore fighting (attacking),label,MentalStateDefs\VoreMentalStates.xml,def,<ALIMT >vore</ALIMT> <ALIMT >fighting</ALIMT> (attacking)
RV2_VoreFighting_Attacker.baseInspectLine,Mental state: Vore fighting,baseInspectLine,MentalStateDefs\VoreMentalStates.xml,def,Mental state: <ALIMT >vore</ALIMT> <ALIMT >fighting</ALIMT>
RV2_VoreFighting_Defender.label,vore fighting (defending),label,MentalStateDefs\VoreMentalStates.xml,def,<ALIMT >vore</ALIMT> <ALIMT >fighting</ALIMT> (defending)
RV2_VoreFighting_Defender.baseInspectLine,Mental state: Vore fighting,baseInspectLine,MentalStateDefs\VoreMentalStates.xml,def,Mental state: <ALIMT >vore</ALIMT> <ALIMT >fighting</ALIMT>
BoomDay_NitroGodBlessing.label,BLESSED BE THE BOOM GODS,label,Misc\unorganized.xml,def,BLESSED BE THE BOOM GODS
BoomDay_NitroGodBlessing.description,This pawn has been chosen to be judged by the BOOM GODS due to their brave choice in prey.,description,Misc\unorganized.xml,def,This <ALIMT >(PH_1)</ALIMT> has been chosen to be judged by the BOOM GODS due to their brave choice in prey.
BoomDay_NitroStomachExplosion.label,The BOOM GODS look upon your pawns with disdain,label,Other\unorganized.xml,def,The BOOM GODS look upon your pawns with disdain
BoomDay_NitroStomachExplosion.deathMessage,{0} couldn't bear the love of the BOOM GODS.,deathMessage,Other\unorganized.xml,def,<ALIMT >(PH_1)</ALIMT> couldn't bear the love of the BOOM GODS.
AutoProposalFrequency.label,Proposal frequency,label,QuirkDefs\QuirkPool_AutoProposalFrequency.xml,def,Proposal frequency
AutoProposalFrequency.description,"These quirks determine how frequently a pawn will autonomously try to to make a vore attempt. Pawns may do so as pred or as prey, but, at the time of writing, they will only make vore attempts when they are idle.",description,QuirkDefs\QuirkPool_AutoProposalFrequency.xml,def,"These quirks determine how frequently a <ALIMT >(PH_1)</ALIMT> will autonomously try to to make a <ALIMT >vore</ALIMT> attempt. Pawns may do so as pred or as prey, but, at the time of writing, they will only make <ALIMT >vore</ALIMT> attempts when they are idle."
ProposalFrequency_None.label,Vore apathy,label,QuirkDefs\QuirkPool_AutoProposalFrequency.xml,def,<ALIMT >vore</ALIMT> apathy
ProposalFrequency_None.description,"[PAWN_label] does not care enough about vore to initiate vore proposals on [PAWN_possessive] own. [PAWN_pronoun] has no qualms about being told to do it, though.",description,QuirkDefs\QuirkPool_AutoProposalFrequency.xml,def,"<ALIMT >(PH_3)</ALIMT> does not care enough about <ALIMT >vore</ALIMT> to initiate <ALIMT >vore</ALIMT> proposals on <ALIMT >(PH_2)</ALIMT> own. <ALIMT >(PH_1)</ALIMT> has no qualms about being told to do it, though."
ProposalFrequency_Low.label,Vore disinterest,label,QuirkDefs\QuirkPool_AutoProposalFrequency.xml,def,<ALIMT >vore</ALIMT> disinterest
ProposalFrequency_Low.description,[PAWN_label] will seek vore out on [PAWN_possessive] own much less frequently than others.,description,QuirkDefs\QuirkPool_AutoProposalFrequency.xml,def,<ALIMT >(PH_2)</ALIMT> will seek <ALIMT >vore</ALIMT> out on <ALIMT >(PH_1)</ALIMT> own much less frequently than others.
ProposalFrequency_Normal.label,Passing vore interest,label,QuirkDefs\QuirkPool_AutoProposalFrequency.xml,def,Passing <ALIMT >vore</ALIMT> interest
ProposalFrequency_Normal.description,[PAWN_label] proposes vore as frequently as everyone else.,description,QuirkDefs\QuirkPool_AutoProposalFrequency.xml,def,<ALIMT >(PH_1)</ALIMT> proposes <ALIMT >vore</ALIMT> as frequently as everyone else.
ProposalFrequency_High.label,Vore eagerness,label,QuirkDefs\QuirkPool_AutoProposalFrequency.xml,def,<ALIMT >vore</ALIMT> eagerness
ProposalFrequency_High.description,[PAWN_label] will propose vore on [PAWN_possessive] own more often than other pawns.,description,QuirkDefs\QuirkPool_AutoProposalFrequency.xml,def,<ALIMT >(PH_2)</ALIMT> will propose <ALIMT >vore</ALIMT> on <ALIMT >(PH_1)</ALIMT> own more often than other pawns.
ProposalFrequency_VeryHigh.label,Vore obsession,label,QuirkDefs\QuirkPool_AutoProposalFrequency.xml,def,<ALIMT >vore</ALIMT> obsession
ProposalFrequency_VeryHigh.description,"[PAWN_label] is ever-eager for vore, and will propose it on [PAWN_possessive] own twice as much as other pawns.",description,QuirkDefs\QuirkPool_AutoProposalFrequency.xml,def,"<ALIMT >(PH_2)</ALIMT> is ever-eager for <ALIMT >vore</ALIMT>, and will propose it on <ALIMT >(PH_1)</ALIMT> own twice as much as other pawns."
Brutality.label,Brutality,label,QuirkDefs\QuirkPool_Brutality.xml,def,Brutality
Brutality.description,"If a proposal initiated by this pawn fails, these quirks control the chance of this pawn beating up and forcing the vore on their target.",description,QuirkDefs\QuirkPool_Brutality.xml,def,"If a proposal initiated by this <ALIMT >(PH_2)</ALIMT> fails, these quirks control the chance of this <ALIMT >(PH_1)</ALIMT> beating up and forcing the <ALIMT >vore</ALIMT> on their target."
Brutality_Always.label,Bad Listener,label,QuirkDefs\QuirkPool_Brutality.xml,def,Bad Listener
Brutality_Always.description,Forget a silver tongue; [PAWN_label] won't take no for an answer.,description,QuirkDefs\QuirkPool_Brutality.xml,def,Forget a silver tongue; <ALIMT >(PH_1)</ALIMT> won't take no for an answer.
Brutality_High.label,Coin flip,label,QuirkDefs\QuirkPool_Brutality.xml,def,Coin flip
Brutality_High.description,"[PAWN_label] only respects consent half the time. The other half, [PAWN_possessive] prey better get ready for a fight.",description,QuirkDefs\QuirkPool_Brutality.xml,def,"<ALIMT >(PH_2)</ALIMT> only respects consent half the time. The other half, <ALIMT >(PH_1)</ALIMT> prey better get ready for a fight."
Brutality_Normal.label,Normal,label,QuirkDefs\QuirkPool_Brutality.xml,def,Normal
Brutality_Normal.description,Most of the time [PAWN_label] wouldn't think of fighting to vore any prey that wasn't interested.,description,QuirkDefs\QuirkPool_Brutality.xml,def,Most of the time <ALIMT >(PH_1)</ALIMT> wouldn't think of <ALIMT >fighting</ALIMT> to <ALIMT >vore</ALIMT> any prey that wasn't interested.
Brutality_Low.label,Rare,label,QuirkDefs\QuirkPool_Brutality.xml,def,Rare
Brutality_Low.description,"[PAWN_label] is even less inclined than most, to use violence for persuasion.",description,QuirkDefs\QuirkPool_Brutality.xml,def,"<ALIMT >(PH_1)</ALIMT> is even less inclined than most, to use violence for persuasion."
Brutality_Never.label,Peaceful,label,QuirkDefs\QuirkPool_Brutality.xml,def,Peaceful
Brutality_Never.description,[PAWN_label] wouldn't use violence to coerce [PAWN_possessive] prey if a proposal was turned down.,description,QuirkDefs\QuirkPool_Brutality.xml,def,<ALIMT >(PH_2)</ALIMT> wouldn't use violence to coerce <ALIMT >(PH_1)</ALIMT> prey if a proposal was turned down.
Cheats.label,Cheat quirks,label,QuirkDefs\QuirkPool_Cheats.xml,def,Cheat quirks
Cheats.description,"These quirks severely disrupt game balance and are disabled by default, but they're presented here in case you want to play with them. If you only want to enable them for specific pawns and do not want them spawning naturally, you do not need to enable them here; just enable dev mode and enter the quirks menu(s) of the desired pawn(s).",description,QuirkDefs\QuirkPool_Cheats.xml,def,"These quirks severely disrupt game balance and are disabled by default, but they're presented here in case you want to play with them. If you only want to enable them for specific pawns and do not want them spawning naturally, you do not need to enable them here; just enable dev mode and enter the quirks <ALIMT >(PH_2)</ALIMT> of the desired <ALIMT >(PH_1)</ALIMT>."
Cheat_Hammerspace.label,Hammerspace,label,QuirkDefs\QuirkPool_Cheats.xml,def,Hammerspace
Cheat_Hammerspace.description,"[PAWN_label]’s body compresses [PAWN_possessive] prey down to an incredible degree. You can’t quite tell how many prey [PAWN_pronoun] has inside [PAWN_objective] at any given time, though you can guess if you know [PAWN_possessive] limit.",description,QuirkDefs\QuirkPool_Cheats.xml,def,"<ALIMT >(PH_5)</ALIMT>’s body compresses <ALIMT >(PH_4)</ALIMT> prey down to an incredible degree. You can’t quite tell how many prey <ALIMT >(PH_3)</ALIMT> has inside <ALIMT >(PH_2)</ALIMT> at any given time, though you can guess if you know <ALIMT >(PH_1)</ALIMT> limit."
Cheat_HyperEfficient.label,Hyper-efficient,label,QuirkDefs\QuirkPool_Cheats.xml,def,Hyper-efficient
Cheat_HyperEfficient.description,[PAWN_label] is about ten times as efficient as any other predator when it comes to extracting nutrition and producing materials from prey. It's like dropping a rough mint candy into soda.,description,QuirkDefs\QuirkPool_Cheats.xml,def,<ALIMT >(PH_1)</ALIMT> is about ten times as efficient as any other predator when it comes to extracting nutrition and producing materials from prey. It's like dropping a rough mint candy into soda.
Cheat_Inedible.label,Inedible,label,QuirkDefs\QuirkPool_Cheats.xml,def,Inedible
Cheat_Inedible.description,[PAWN_label] cannot be eaten. It just physically cannot happen. How? Don't ask questions; this is a cheat quirk.,description,QuirkDefs\QuirkPool_Cheats.xml,def,<ALIMT >(PH_1)</ALIMT> cannot be eaten. It just physically cannot happen. How? Don't ask questions; this is a cheat quirk.
Cheat_NeverPredator.label,Never Predator,label,QuirkDefs\QuirkPool_Cheats.xml,def,Never Predator
Cheat_NeverPredator.description,[PAWN_label] cannot be designated as a predator,description,QuirkDefs\QuirkPool_Cheats.xml,def,<ALIMT >(PH_1)</ALIMT> cannot be designated as a predator
Cheat_NeverEndoPrey.label,Never Endo Prey,label,QuirkDefs\QuirkPool_Cheats.xml,def,Never Endo Prey
Cheat_NeverEndoPrey.description,[PAWN_label] cannot be designated as an endo vore target,description,QuirkDefs\QuirkPool_Cheats.xml,def,<ALIMT >(PH_1)</ALIMT> cannot be designated as an endo <ALIMT >vore</ALIMT> target
Cheat_NeverFatalPrey.label,Never Fatal Prey,label,QuirkDefs\QuirkPool_Cheats.xml,def,Never Fatal Prey
Cheat_NeverFatalPrey.description,[PAWN_label] cannot be designated as a fatal vore target,description,QuirkDefs\QuirkPool_Cheats.xml,def,<ALIMT >(PH_1)</ALIMT> cannot be designated as a fatal <ALIMT >vore</ALIMT> target
Cheat_Inescapable.label,Inescapable,label,QuirkDefs\QuirkPool_Cheats.xml,def,Inescapable
Cheat_Inescapable.description,[PAWN_label]’s insides are like a steel trap. Anything that goes in cannot be removed without either surgery or the full tour.,description,QuirkDefs\QuirkPool_Cheats.xml,def,<ALIMT >(PH_1)</ALIMT>’s insides are like a steel trap. Anything that goes in cannot be removed without either surgery or the <ALIMT >full tour</ALIMT>.
Cheat_Indigestible.label,Indigestible,label,QuirkDefs\QuirkPool_Cheats.xml,def,Indigestible
Cheat_Indigestible.description,"[PAWN_label] is immune to digestion. Not immune to bullets, blades, explosions, or even external acid sprays, but certainly immune to digestion.",description,QuirkDefs\QuirkPool_Cheats.xml,def,"<ALIMT >(PH_1)</ALIMT> is immune to digestion. Not immune to bullets, blades, explosions, or even external acid sprays, but certainly immune to digestion."
Cheat_InfiniteCapacity.label,Infinite capacity,label,QuirkDefs\QuirkPool_Cheats.xml,def,Infinite capacity
Cheat_InfiniteCapacity.description,[PAWN_label] doesn’t know the meaning of the word “full”. There’s always room for more prey. Always.,description,QuirkDefs\QuirkPool_Cheats.xml,def,<ALIMT >(PH_1)</ALIMT> doesn’t know the meaning of the word “full”. There’s always room for more prey. Always.
Cheat_InstantDigestion.label,Instant digestion,label,QuirkDefs\QuirkPool_Cheats.xml,def,<ALIMT >instant</ALIMT> digestion
Cheat_InstantDigestion.description,Only the [PAWN_label]-tron reduces an entire preything into soup-like homogenate in 30 seconds.,description,QuirkDefs\QuirkPool_Cheats.xml,def,Only the <ALIMT >(PH_1)</ALIMT>-tron reduces an entire preything into soup-like homogenate in 30 seconds.
Cheat_InstantSwallow.label,Instant swallow,label,QuirkDefs\QuirkPool_Cheats.xml,def,<ALIMT >instant</ALIMT> swallow
Cheat_InstantSwallow.description,[PAWN_label] inhales prey like [PAWN_pronoun]'s drowning and the prey are air.,description,QuirkDefs\QuirkPool_Cheats.xml,def,<ALIMT >(PH_2)</ALIMT> inhales prey like <ALIMT >(PH_1)</ALIMT>'s drowning and the prey are air.
DietaryPreference_Predator_Animals.label,Dietary preference (animals),label,QuirkDefs\QuirkPool_DietaryPreference.xml,def,Dietary preference (animals)
DietaryPreference_Predator_Animals.description,"These quirks determine how much a pawn likes having animals as prey. At the extremes, a pawn will either reject all autonomous proposals to be fed an animal, or seek out animal prey to the exclusion of other kinds of prey. While insectoids normally count as animals, these quirks are written to exclude insectoids from the type preferences.",description,QuirkDefs\QuirkPool_DietaryPreference.xml,def,"These quirks determine how much a <ALIMT >(PH_2)</ALIMT> likes having animals as prey. At the extremes, a <ALIMT >(PH_1)</ALIMT> will either reject all autonomous proposals to be fed an animal, or seek out animal prey to the exclusion of other kinds of prey. While insectoids normally count as animals, these quirks are written to exclude insectoids from the type preferences."
DietaryPreference_Predator_Animals_Obsessed.label,Zoophagical obsession,label,QuirkDefs\QuirkPool_DietaryPreference.xml,def,Zoophagical obsession
DietaryPreference_Predator_Animals_Obsessed.description,[PAWN_label] adores having animals as prey. Never let [PAWN_objective] watch your pets.,description,QuirkDefs\QuirkPool_DietaryPreference.xml,def,<ALIMT >(PH_2)</ALIMT> adores having animals as prey. Never let <ALIMT >(PH_1)</ALIMT> watch your pets.
DietaryPreference_Predator_Animals_Likes.label,Zoophagical taste,label,QuirkDefs\QuirkPool_DietaryPreference.xml,def,Zoophagical taste
DietaryPreference_Predator_Animals_Likes.description,"[PAWN_label] likes having animals as prey. It's what most sapient life's been doing already for thousands of years; why stop now, especially when they squirm so wildly?",description,QuirkDefs\QuirkPool_DietaryPreference.xml,def,"<ALIMT >(PH_1)</ALIMT> likes having animals as prey. It's what most sapient life's been doing already for thousands of years; why <ALIMT >stop</ALIMT> now, especially when they squirm so wildly?"
DietaryPreference_Predator_Animals_Neutral.label,Zoophagical ambivalence,label,QuirkDefs\QuirkPool_DietaryPreference.xml,def,Zoophagical ambivalence
DietaryPreference_Predator_Animals_Neutral.description,"[PAWN_label] doesn't mind having animals as prey, but doesn't prefer them either.",description,QuirkDefs\QuirkPool_DietaryPreference.xml,def,"<ALIMT >(PH_1)</ALIMT> doesn't mind having animals as prey, but doesn't prefer them either."
DietaryPreference_Predator_Animals_Dislikes.label,Zoophagical distaste,label,QuirkDefs\QuirkPool_DietaryPreference.xml,def,Zoophagical distaste
DietaryPreference_Predator_Animals_Dislikes.description,"[PAWN_label] dislikes having animals as prey. Maybe [PAWN_pronoun] can't bear to see [PAWN_possessive] fuzzy friends imperiled, maybe [PAWN_pronoun] thinks cannibalism is the true way, maybe [PAWN_pronoun] just doesn't like to get dirt and fur all over [PAWN_possessive] tongue.",description,QuirkDefs\QuirkPool_DietaryPreference.xml,def,"<ALIMT >(PH_6)</ALIMT> dislikes having animals as prey. Maybe <ALIMT >(PH_5)</ALIMT> can't bear to see <ALIMT >(PH_4)</ALIMT> fuzzy friends imperiled, maybe <ALIMT >(PH_3)</ALIMT> thinks cannibalism is the true way, maybe <ALIMT >(PH_2)</ALIMT> just doesn't like to get dirt and fur all over <ALIMT >(PH_1)</ALIMT> tongue."
DietaryPreference_Predator_Animals_Refuses.label,Zoophagical revulsion,label,QuirkDefs\QuirkPool_DietaryPreference.xml,def,Zoophagical revulsion
DietaryPreference_Predator_Animals_Refuses.description,"[PAWN_label] hates having animals as prey and will never willingly consume them. [PAWN_pronoun] would sooner hunt the beast down, skin it, butcher it, cook it, and eat it, all on [PAWN_possessive] own, than swallow it whole.",description,QuirkDefs\QuirkPool_DietaryPreference.xml,def,"<ALIMT >(PH_3)</ALIMT> hates having animals as prey and will never willingly consume them. <ALIMT >(PH_2)</ALIMT> would sooner hunt the beast down, skin it, butcher it, cook it, and eat it, all on <ALIMT >(PH_1)</ALIMT> own, than swallow it whole."
DietaryPreference_Predator_Humanoids.label,Dietary preference (humanoids),label,QuirkDefs\QuirkPool_DietaryPreference.xml,def,Dietary preference (humanoids)
DietaryPreference_Predator_Humanoids.description,"These quirks determine how much a pawn likes having humanoids as prey. At the extremes, a pawn will either reject all autonomous proposals by humanoid prey, or seek out humanoid prey to the exclusion of other kinds of prey. Non-cannibals with a preference for humanoid prey will only prefer endo humanoid prey; only cannibals can spawn with a fatal preference for humanoid prey. If you want everybody to be able to have total preference for humanoid prey, and don't want to remove the cannibal requirement for those traits in the XMLs, you can instead make the cannibal trait universal using the scenario editor.",description,QuirkDefs\QuirkPool_DietaryPreference.xml,def,"These quirks determine how much a <ALIMT >(PH_2)</ALIMT> likes having humanoids as prey. At the extremes, a <ALIMT >(PH_1)</ALIMT> will either reject all autonomous proposals by humanoid prey, or seek out humanoid prey to the exclusion of other kinds of prey. Non-cannibals with a preference for humanoid prey will only prefer endo humanoid prey; only cannibals can spawn with a fatal preference for humanoid prey. If you want everybody to be able to have total preference for humanoid prey, and don't want to remove the cannibal requirement for those traits in the XMLs, you can instead make the cannibal trait universal using the scenario editor."
DietaryPreference_Predator_Humanoids_Obsessed_Cannibal.label,Anthropophagical obsession (cannibal),label,QuirkDefs\QuirkPool_DietaryPreference.xml,def,Anthropophagical obsession (cannibal)
DietaryPreference_Predator_Humanoids_Obsessed_Cannibal.description,"[PAWN_label] adores having [PAWN_possessive] fellow sapient beings as prey; even fatally, as an extension of [PAWN_possessive] cannibalistic tendencies. Humanoid meat tastes best alive and kicking.",description,QuirkDefs\QuirkPool_DietaryPreference.xml,def,"<ALIMT >(PH_3)</ALIMT> adores having <ALIMT >(PH_2)</ALIMT> fellow sapient beings as prey; even fatally, as an extension of <ALIMT >(PH_1)</ALIMT> cannibalistic tendencies. Humanoid meat tastes best alive and kicking."
DietaryPreference_Predator_Humanoids_Likes_Cannibal.label,Anthropophagical taste (cannibal),label,QuirkDefs\QuirkPool_DietaryPreference.xml,def,Anthropophagical taste (cannibal)
DietaryPreference_Predator_Humanoids_Likes_Cannibal.description,"[PAWN_label] likes having [PAWN_possessive] fellow sapient beings as prey; even fatally, as an extension of [PAWN_possessive] cannibalistic tendencies. People are tasty! And clean, usually.",description,QuirkDefs\QuirkPool_DietaryPreference.xml,def,"<ALIMT >(PH_3)</ALIMT> likes having <ALIMT >(PH_2)</ALIMT> fellow sapient beings as prey; even fatally, as an extension of <ALIMT >(PH_1)</ALIMT> cannibalistic tendencies. People are tasty! And clean, usually."
DietaryPreference_Predator_Humanoids_Obsessed_NotCannibal.label,Anthropophagical obsession (endo),label,QuirkDefs\QuirkPool_DietaryPreference.xml,def,Anthropophagical obsession (endo)
DietaryPreference_Predator_Humanoids_Obsessed_NotCannibal.description,"[PAWN_label] adores having [PAWN_possessive] fellow sapient beings as prey, so long as it's safe. The dark side of vore does tempt [PAWN_objective] though, with all these delicious, filling preythings...",description,QuirkDefs\QuirkPool_DietaryPreference.xml,def,"<ALIMT >(PH_3)</ALIMT> adores having <ALIMT >(PH_2)</ALIMT> fellow sapient beings as prey, so long as it's safe. The dark side of <ALIMT >vore</ALIMT> does tempt <ALIMT >(PH_1)</ALIMT> though, with all these delicious, filling preythings..."
DietaryPreference_Predator_Humanoids_Likes_NotCannibal.label,Anthropophagical taste (endo),label,QuirkDefs\QuirkPool_DietaryPreference.xml,def,Anthropophagical taste (endo)
DietaryPreference_Predator_Humanoids_Likes_NotCannibal.description,"[PAWN_label] likes having [PAWN_possessive] fellow sapient beings as prey, so long as it's safe. Fatal vore, on the other hand, is no different from regular old butcher-and-chew cannibalism.",description,QuirkDefs\QuirkPool_DietaryPreference.xml,def,"<ALIMT >(PH_2)</ALIMT> likes having <ALIMT >(PH_1)</ALIMT> fellow sapient beings as prey, so long as it's safe. Fatal <ALIMT >vore</ALIMT>, on the other hand, is no different from regular old butcher-and-chew cannibalism."
DietaryPreference_Predator_Humanoids_Neutral.label,Anthropophagical ambivalence,label,QuirkDefs\QuirkPool_DietaryPreference.xml,def,Anthropophagical ambivalence
DietaryPreference_Predator_Humanoids_Neutral.description,"[PAWN_label] doesn't mind having [PAWN_possessive] fellow sapient beings as prey, fatal or otherwise, but doesn't prefer them either.",description,QuirkDefs\QuirkPool_DietaryPreference.xml,def,"<ALIMT >(PH_2)</ALIMT> doesn't mind having <ALIMT >(PH_1)</ALIMT> fellow sapient beings as prey, fatal or otherwise, but doesn't prefer them either."
DietaryPreference_Predator_Humanoids_Dislikes.label,Anthropophagical distaste,label,QuirkDefs\QuirkPool_DietaryPreference.xml,def,Anthropophagical distaste
DietaryPreference_Predator_Humanoids_Dislikes.description,[PAWN_label] dislikes having [PAWN_possessive] fellow sapient beings as prey. Maybe it's too much like cannibalism; maybe [PAWN_pronoun]'s self-conscious about [PAWN_possessive] insides.,description,QuirkDefs\QuirkPool_DietaryPreference.xml,def,<ALIMT >(PH_4)</ALIMT> dislikes having <ALIMT >(PH_3)</ALIMT> fellow sapient beings as prey. Maybe it's too much like cannibalism; maybe <ALIMT >(PH_2)</ALIMT>'s self-conscious about <ALIMT >(PH_1)</ALIMT> insides.
DietaryPreference_Predator_Humanoids_Refuses.label,Anthropophagical revulsion,label,QuirkDefs\QuirkPool_DietaryPreference.xml,def,Anthropophagical revulsion
DietaryPreference_Predator_Humanoids_Refuses.description,"[PAWN_label] hates having [PAWN_possessive] fellow sapient beings as prey and will never willingly consume them. It's a perversion of the natural order, cannibalistic or not.",description,QuirkDefs\QuirkPool_DietaryPreference.xml,def,"<ALIMT >(PH_2)</ALIMT> hates having <ALIMT >(PH_1)</ALIMT> fellow sapient beings as prey and will never willingly consume them. It's a perversion of the natural order, cannibalistic or not."
DietaryPreference_Predator_Insectoids.label,Dietary preference (insectoids),label,QuirkDefs\QuirkPool_DietaryPreference.xml,def,Dietary preference (insectoids)
DietaryPreference_Predator_Insectoids.description,"These quirks determine how much a pawn likes having insectoids as prey. At the extremes, a pawn will either reject all autonomous proposals to be fed an insectoid, or seek out insectoid prey to the exclusion of other kinds of prey.",description,QuirkDefs\QuirkPool_DietaryPreference.xml,def,"These quirks determine how much a <ALIMT >(PH_2)</ALIMT> likes having insectoids as prey. At the extremes, a <ALIMT >(PH_1)</ALIMT> will either reject all autonomous proposals to be fed an insectoid, or seek out insectoid prey to the exclusion of other kinds of prey."
DietaryPreference_Predator_Insectoids_Obsessed.label,Entomophagical obsession,label,QuirkDefs\QuirkPool_DietaryPreference.xml,def,Entomophagical obsession
DietaryPreference_Predator_Insectoids_Obsessed.description,"[PAWN_label] adores having live bugs as prey. [PAWN_possessive] whole body may as well be a hive. Furthermore, [PAWN_possessive] taste for chewing chitin extends to raw and cooked bug meat, too.",description,QuirkDefs\QuirkPool_DietaryPreference.xml,def,"<ALIMT >(PH_3)</ALIMT> adores having live bugs as prey. <ALIMT >(PH_2)</ALIMT> whole body may as well be a hive. Furthermore, <ALIMT >(PH_1)</ALIMT> taste for chewing chitin extends to raw and cooked bug meat, too."
DietaryPreference_Predator_Insectoids_Likes.label,Entomophagical taste,label,QuirkDefs\QuirkPool_DietaryPreference.xml,def,Entomophagical taste
DietaryPreference_Predator_Insectoids_Likes.description,"[PAWN_label] enjoys having live bugs as prey. [PAWN_possessive] taste for chewing chitin extends to raw and cooked bug meat, too.",description,QuirkDefs\QuirkPool_DietaryPreference.xml,def,"<ALIMT >(PH_2)</ALIMT> enjoys having live bugs as prey. <ALIMT >(PH_1)</ALIMT> taste for chewing chitin extends to raw and cooked bug meat, too."
DietaryPreference_Predator_Insectoids_Neutral.label,Entomophagical ambivalence,label,QuirkDefs\QuirkPool_DietaryPreference.xml,def,Entomophagical ambivalence
DietaryPreference_Predator_Insectoids_Neutral.description,"[PAWN_label] doesn't mind having live bugs as prey, but doesn't prefer them either.",description,QuirkDefs\QuirkPool_DietaryPreference.xml,def,"<ALIMT >(PH_1)</ALIMT> doesn't mind having live bugs as prey, but doesn't prefer them either."
DietaryPreference_Predator_Insectoids_Dislikes.label,Entomophagical distaste,label,QuirkDefs\QuirkPool_DietaryPreference.xml,def,Entomophagical distaste
DietaryPreference_Predator_Insectoids_Dislikes.description,"[PAWN_label] dislikes having live bugs as prey. [PAWN_pronoun] has a list of places bugs should not be, and one of those places is ""alive and crawling around inside [PAWN_possessive] body"".",description,QuirkDefs\QuirkPool_DietaryPreference.xml,def,"<ALIMT >(PH_3)</ALIMT> dislikes having live bugs as prey. <ALIMT >(PH_2)</ALIMT> has a list of places bugs should not be, and one of those places is ""alive and crawling around inside <ALIMT >(PH_1)</ALIMT> body""."
DietaryPreference_Predator_Insectoids_Refuses.label,Entomophagical revulsion,label,QuirkDefs\QuirkPool_DietaryPreference.xml,def,Entomophagical revulsion
DietaryPreference_Predator_Insectoids_Refuses.description,[PAWN_label] hates having live bugs as prey and will never willingly consume them. The very thought makes [PAWN_possessive] skin crawl.,description,QuirkDefs\QuirkPool_DietaryPreference.xml,def,<ALIMT >(PH_2)</ALIMT> hates having live bugs as prey and will never willingly consume them. The very thought makes <ALIMT >(PH_1)</ALIMT> skin crawl.
DietaryPreference_Predator_Mechanoids.label,Dietary preference (mechanoids),label,QuirkDefs\QuirkPool_DietaryPreference.xml,def,Dietary preference (mechanoids)
DietaryPreference_Predator_Mechanoids.description,"These quirks determine how much a pawn likes having mechanoids as prey. At the extremes, a pawn will either reject all autonomous proposals to be fed a mechanoid, or seek out mechanoid prey to the exclusion of other kinds of prey. Note that the consumption and digestion of mechanoids is restricted. For now, those with a preference for mechanoid prey are able to digest mechanoids, while those with any of these quirks, even the normal quirk, can store or pleasure themselves with a mechanoid. This is temporary.",description,QuirkDefs\QuirkPool_DietaryPreference.xml,def,"These quirks determine how much a <ALIMT >(PH_2)</ALIMT> likes having mechanoids as prey. At the extremes, a <ALIMT >(PH_1)</ALIMT> will either reject all autonomous proposals to be fed a mechanoid, or seek out mechanoid prey to the exclusion of other kinds of prey. Note that the consumption and digestion of mechanoids is restricted. For now, those with a preference for mechanoid prey are able to digest mechanoids, while those with any of these quirks, even the normal quirk, can store or pleasure themselves with a mechanoid. This is temporary."
DietaryPreference_Predator_Mechanoids_Obsessed.label,Mechanophagical obsession,label,QuirkDefs\QuirkPool_DietaryPreference.xml,def,Mechanophagical obsession
DietaryPreference_Predator_Mechanoids_Obsessed.description,"[PAWN_label] adores having mechanoids as prey. [PAWN_pronoun] has the munchies for metal, a taste for titanium and steel. That doesn't necessarily equate to the digestive strength to churn a mechanoid into food, but it's something. NOTE: currently, this quirk grants pawns the ability to digest mechanoids into slag or scrap. This will be changed in the future.",description,QuirkDefs\QuirkPool_DietaryPreference.xml,def,"<ALIMT >(PH_2)</ALIMT> adores having mechanoids as prey. <ALIMT >(PH_1)</ALIMT> has the munchies for metal, a taste for titanium and steel. That doesn't necessarily equate to the digestive strength to churn a mechanoid into food, but it's something. NOTE: currently, this quirk grants pawns the ability to digest mechanoids into slag or scrap. This will be changed in the future."
DietaryPreference_Predator_Mechanoids_Likes.label,Mechanophagical taste,label,QuirkDefs\QuirkPool_DietaryPreference.xml,def,Mechanophagical taste
DietaryPreference_Predator_Mechanoids_Likes.description,"[PAWN_label] likes having mechanoids as prey. It proves the flesh is stronger than the machine, or something. That doesn't necessarily equate to the digestive strength to churn a mechanoid into food, but it's something. NOTE: currently, this quirk grants pawns the ability to digest mechanoids into slag or scrap. This will be changed in the future.",description,QuirkDefs\QuirkPool_DietaryPreference.xml,def,"<ALIMT >(PH_1)</ALIMT> likes having mechanoids as prey. It proves the flesh is stronger than the machine, or something. That doesn't necessarily equate to the digestive strength to churn a mechanoid into food, but it's something. NOTE: currently, this quirk grants pawns the ability to digest mechanoids into slag or scrap. This will be changed in the future."
DietaryPreference_Predator_Mechanoids_Neutral.label,Mechanophagical ambivalence,label,QuirkDefs\QuirkPool_DietaryPreference.xml,def,Mechanophagical ambivalence
DietaryPreference_Predator_Mechanoids_Neutral.description,"[PAWN_label] doesn't mind having mechanoids as prey, but doesn't prefer them either.",description,QuirkDefs\QuirkPool_DietaryPreference.xml,def,"<ALIMT >(PH_1)</ALIMT> doesn't mind having mechanoids as prey, but doesn't prefer them either."
DietaryPreference_Predator_Mechanoids_Dislikes.label,Mechanophagical distaste,label,QuirkDefs\QuirkPool_DietaryPreference.xml,def,Mechanophagical distaste
DietaryPreference_Predator_Mechanoids_Dislikes.description,[PAWN_label] dislikes having mechanoids as prey. They're cold and angry and don't exactly feel great to swallow.,description,QuirkDefs\QuirkPool_DietaryPreference.xml,def,<ALIMT >(PH_1)</ALIMT> dislikes having mechanoids as prey. They're cold and angry and don't exactly feel great to swallow.
DietaryPreference_Predator_Mechanoids_Refuses.label,Mechanophagical revulsion,label,QuirkDefs\QuirkPool_DietaryPreference.xml,def,Mechanophagical revulsion
DietaryPreference_Predator_Mechanoids_Refuses.description,"[PAWN_label] hates having mechanoids as prey and will never willingly consume them. [PAWN_pronoun] absolutely does not want to put hundreds of angry pounds' worth of sharp edges, moving parts, and cold steel directly into [PAWN_possessive] body.",description,QuirkDefs\QuirkPool_DietaryPreference.xml,def,"<ALIMT >(PH_3)</ALIMT> hates having mechanoids as prey and will never willingly consume them. <ALIMT >(PH_2)</ALIMT> absolutely does not want to put hundreds of angry pounds' worth of sharp edges, moving parts, and cold steel directly into <ALIMT >(PH_1)</ALIMT> body."
DietaryPreference_Prey_Animals.label,Foddering preference (animals),label,QuirkDefs\QuirkPool_DietaryPreference.xml,def,Foddering preference (animals)
DietaryPreference_Prey_Animals.description,"These quirks determine how much a pawn likes having animals as predators. At the extremes, a pawn will either reject all autonomous proposals to be fed to an animal, or seek out animal predators to the exclusion of other kinds of predator. While insectoids normally count as animals, these quirks are written to exclude insectoids from the type preferences.",description,QuirkDefs\QuirkPool_DietaryPreference.xml,def,"These quirks determine how much a <ALIMT >(PH_2)</ALIMT> likes having animals as predators. At the extremes, a <ALIMT >(PH_1)</ALIMT> will either reject all autonomous proposals to be fed to an animal, or seek out animal predators to the exclusion of other kinds of predator. While insectoids normally count as animals, these quirks are written to exclude insectoids from the type preferences."
DietaryPreference_Prey_Animals_Obsessed.label,Zoogastric obsession,label,QuirkDefs\QuirkPool_DietaryPreference.xml,def,Zoogastric obsession
DietaryPreference_Prey_Animals_Obsessed.description,"[PAWN_label] adores being prey for animals. If [PAWN_pronoun] ever goes missing, make sure to check the bellies of all your livestock, pets, and the wildlife.",description,QuirkDefs\QuirkPool_DietaryPreference.xml,def,"<ALIMT >(PH_2)</ALIMT> adores being prey for animals. If <ALIMT >(PH_1)</ALIMT> ever goes missing, make sure to check the bellies of all your livestock, pets, and the wildlife."
DietaryPreference_Prey_Animals_Likes.label,Zoogastric interest,label,QuirkDefs\QuirkPool_DietaryPreference.xml,def,Zoogastric interest
DietaryPreference_Prey_Animals_Likes.description,"[PAWN_label] likes being prey for animals. It's thrilling to be subject to the inscrutable whims of a beast, not knowing if it might change its mind about [PAWN_possessive] safety, or when it'll decide to release [PAWN_objective].",description,QuirkDefs\QuirkPool_DietaryPreference.xml,def,"<ALIMT >(PH_3)</ALIMT> likes being prey for animals. It's thrilling to be subject to the inscrutable whims of a beast, not knowing if it might change its mind about <ALIMT >(PH_2)</ALIMT> safety, or when it'll decide to release <ALIMT >(PH_1)</ALIMT>."
DietaryPreference_Prey_Animals_Neutral.label,Zoogastric ambivalence,label,QuirkDefs\QuirkPool_DietaryPreference.xml,def,Zoogastric ambivalence
DietaryPreference_Prey_Animals_Neutral.description,"[PAWN_label] doesn't mind being prey for animals, but doesn't prefer it either.",description,QuirkDefs\QuirkPool_DietaryPreference.xml,def,"<ALIMT >(PH_1)</ALIMT> doesn't mind being prey for animals, but doesn't prefer it either."
DietaryPreference_Prey_Animals_Dislikes.label,Zoogastric disinterest,label,QuirkDefs\QuirkPool_DietaryPreference.xml,def,Zoogastric disinterest
DietaryPreference_Prey_Animals_Dislikes.description,[PAWN_label] dislikes being prey for animals. How certain can [PAWN_pronoun] be that the beast will listen to demands to be let out?,description,QuirkDefs\QuirkPool_DietaryPreference.xml,def,<ALIMT >(PH_2)</ALIMT> dislikes being prey for animals. How certain can <ALIMT >(PH_1)</ALIMT> be that the beast will listen to demands to be let out?
DietaryPreference_Prey_Animals_Refuses.label,Zoogastric revulsion,label,QuirkDefs\QuirkPool_DietaryPreference.xml,def,Zoogastric revulsion
DietaryPreference_Prey_Animals_Refuses.description,[PAWN_label] hates being prey for animals and will never willingly be consumed by them. It's as disgusting as it is degrading.,description,QuirkDefs\QuirkPool_DietaryPreference.xml,def,<ALIMT >(PH_1)</ALIMT> hates being prey for animals and will never willingly be consumed by them. It's as disgusting as it is degrading.
DietaryPreference_Prey_Humanoids.label,Foddering preference (humanoids),label,QuirkDefs\QuirkPool_DietaryPreference.xml,def,Foddering preference (humanoids)
DietaryPreference_Prey_Humanoids.description,"These quirks determine how much a pawn likes having humanoids as predators. At the extremes, a pawn will either reject all autonomous proposals to be a humanoid's prey, or seek out humanoid predators to the exclusion of other kinds of predator. Because vanilla Rimworld does not indicate anything about how pawns feel about being cannibalized, these quirks are simpler than their predatory counterparts.",description,QuirkDefs\QuirkPool_DietaryPreference.xml,def,"These quirks determine how much a <ALIMT >(PH_2)</ALIMT> likes having humanoids as predators. At the extremes, a <ALIMT >(PH_1)</ALIMT> will either reject all autonomous proposals to be a humanoid's prey, or seek out humanoid predators to the exclusion of other kinds of predator. Because vanilla Rimworld does not indicate anything about how pawns feel about being cannibalized, these quirks are simpler than their predatory counterparts."
DietaryPreference_Prey_Humanoids_Obsessed.label,Anthropogastric obsession,label,QuirkDefs\QuirkPool_DietaryPreference.xml,def,Anthropogastric obsession
DietaryPreference_Prey_Humanoids_Obsessed.description,"[PAWN_label] adores being prey for [PAWN_possessive] fellow sapient beings. [PAWN_pronoun] is a prey of the people--any person, really.",description,QuirkDefs\QuirkPool_DietaryPreference.xml,def,"<ALIMT >(PH_3)</ALIMT> adores being prey for <ALIMT >(PH_2)</ALIMT> fellow sapient beings. <ALIMT >(PH_1)</ALIMT> is a prey of the people--any person, really."
DietaryPreference_Prey_Humanoids_Likes.label,Anthropogastric interest,label,QuirkDefs\QuirkPool_DietaryPreference.xml,def,Anthropogastric interest
DietaryPreference_Prey_Humanoids_Likes.description,[PAWN_label] likes being prey for [PAWN_possessive] fellow sapient beings. It's nice to be able to socialize with [PAWN_possessive] predator.,description,QuirkDefs\QuirkPool_DietaryPreference.xml,def,<ALIMT >(PH_3)</ALIMT> likes being prey for <ALIMT >(PH_2)</ALIMT> fellow sapient beings. It's nice to be able to socialize with <ALIMT >(PH_1)</ALIMT> predator.
DietaryPreference_Prey_Humanoids_Neutral.label,Anthropogastric ambivalence,label,QuirkDefs\QuirkPool_DietaryPreference.xml,def,Anthropogastric ambivalence
DietaryPreference_Prey_Humanoids_Neutral.description,"[PAWN_label] doesn't mind being prey for [PAWN_possessive] fellow sapient beings, but doesn't prefer it either.",description,QuirkDefs\QuirkPool_DietaryPreference.xml,def,"<ALIMT >(PH_2)</ALIMT> doesn't mind being prey for <ALIMT >(PH_1)</ALIMT> fellow sapient beings, but doesn't prefer it either."
DietaryPreference_Prey_Humanoids_Dislikes.label,Anthropogastric disinterest,label,QuirkDefs\QuirkPool_DietaryPreference.xml,def,Anthropogastric disinterest
DietaryPreference_Prey_Humanoids_Dislikes.description,[PAWN_label] dislikes being prey for [PAWN_possessive] fellow sapient beings. [PAWN_pronoun] can't escape the stresses of society by entering the body of a member of society.,description,QuirkDefs\QuirkPool_DietaryPreference.xml,def,<ALIMT >(PH_3)</ALIMT> dislikes being prey for <ALIMT >(PH_2)</ALIMT> fellow sapient beings. <ALIMT >(PH_1)</ALIMT> can't escape the stresses of society by entering the body of a member of society.
DietaryPreference_Prey_Humanoids_Refuses.label,Anthropogastric revulsion,label,QuirkDefs\QuirkPool_DietaryPreference.xml,def,Anthropogastric revulsion
DietaryPreference_Prey_Humanoids_Refuses.description,[PAWN_label] hates being prey for [PAWN_possessive] fellow sapient beings and will never willingly be consumed by them. That's at least three kinds of unnatural.,description,QuirkDefs\QuirkPool_DietaryPreference.xml,def,<ALIMT >(PH_2)</ALIMT> hates being prey for <ALIMT >(PH_1)</ALIMT> fellow sapient beings and will never willingly be consumed by them. That's at least three kinds of unnatural.
DietaryPreference_Prey_Insectoids.label,Foddering preference (insectoids),label,QuirkDefs\QuirkPool_DietaryPreference.xml,def,Foddering preference (insectoids)
DietaryPreference_Prey_Insectoids.description,"These quirks determine how much a pawn likes having insectoids as predators. At the extremes, a pawn will either reject all autonomous proposals to be fed to an insectoid, or seek out insectoid predators to the exclusion of other kinds of predator.",description,QuirkDefs\QuirkPool_DietaryPreference.xml,def,"These quirks determine how much a <ALIMT >(PH_2)</ALIMT> likes having insectoids as predators. At the extremes, a <ALIMT >(PH_1)</ALIMT> will either reject all autonomous proposals to be fed to an insectoid, or seek out insectoid predators to the exclusion of other kinds of predator."
DietaryPreference_Prey_Insectoids_Obsessed.label,Entomogastric obsession,label,QuirkDefs\QuirkPool_DietaryPreference.xml,def,Entomogastric obsession
DietaryPreference_Prey_Insectoids_Obsessed.description,[PAWN_label] adores being prey for insectoids. There aren't many other ways for a humanoid to become one with the hive.,description,QuirkDefs\QuirkPool_DietaryPreference.xml,def,<ALIMT >(PH_1)</ALIMT> adores being prey for insectoids. There aren't many other ways for a humanoid to become one with the hive.
DietaryPreference_Prey_Insectoids_Likes.label,Entomogastric interest,label,QuirkDefs\QuirkPool_DietaryPreference.xml,def,Entomogastric interest
DietaryPreference_Prey_Insectoids_Likes.description,[PAWN_label] likes being prey for insectoids. Such an alien physiology is quite fascinating to tour from the inside.,description,QuirkDefs\QuirkPool_DietaryPreference.xml,def,<ALIMT >(PH_1)</ALIMT> likes being prey for insectoids. Such an alien physiology is quite fascinating to tour from the inside.
DietaryPreference_Prey_Insectoids_Neutral.label,Entomogastric ambivalence,label,QuirkDefs\QuirkPool_DietaryPreference.xml,def,Entomogastric ambivalence
DietaryPreference_Prey_Insectoids_Neutral.description,"[PAWN_label] doesn't mind being prey for insectoids, but doesn't prefer it either.",description,QuirkDefs\QuirkPool_DietaryPreference.xml,def,"<ALIMT >(PH_1)</ALIMT> doesn't mind being prey for insectoids, but doesn't prefer it either."
DietaryPreference_Prey_Insectoids_Dislikes.label,Entomogastric disinterest,label,QuirkDefs\QuirkPool_DietaryPreference.xml,def,Entomogastric disinterest
DietaryPreference_Prey_Insectoids_Dislikes.description,"[PAWN_label] dislikes being prey for insectoids. Bugs aren't known for eating their prey in one whole bite. Not swarms of them, at least...",description,QuirkDefs\QuirkPool_DietaryPreference.xml,def,"<ALIMT >(PH_1)</ALIMT> dislikes being prey for insectoids. Bugs aren't known for eating their prey in one whole bite. Not swarms of them, at least..."
DietaryPreference_Prey_Insectoids_Refuses.label,Entomogastric revulsion,label,QuirkDefs\QuirkPool_DietaryPreference.xml,def,Entomogastric revulsion
DietaryPreference_Prey_Insectoids_Refuses.description,[PAWN_label] hates being prey for insectoids and will not willingly be consumed by them. No amount of showers would ever let [PAWN_objective] feel clean again.,description,QuirkDefs\QuirkPool_DietaryPreference.xml,def,<ALIMT >(PH_2)</ALIMT> hates being prey for insectoids and will not willingly be consumed by them. No amount of showers would ever let <ALIMT >(PH_1)</ALIMT> feel clean again.
DietaryPreference_Prey_Mechanoids.label,Foddering preference (mechanoids),label,QuirkDefs\QuirkPool_DietaryPreference.xml,def,Foddering preference (mechanoids)
DietaryPreference_Prey_Mechanoids.description,"These quirks determine how much a pawn likes having mechanoids as predators. At the extremes, a pawn will either reject all autonomous proposals to be fed to a mechanoid, or seek out mechanoid predators to the exclusion of other kinds of predator.",description,QuirkDefs\QuirkPool_DietaryPreference.xml,def,"These quirks determine how much a <ALIMT >(PH_2)</ALIMT> likes having mechanoids as predators. At the extremes, a <ALIMT >(PH_1)</ALIMT> will either reject all autonomous proposals to be fed to a mechanoid, or seek out mechanoid predators to the exclusion of other kinds of predator."
DietaryPreference_Prey_Mechanoids_Obsessed.label,Mechanogastric obsession,label,QuirkDefs\QuirkPool_DietaryPreference.xml,def,Mechanogastric obsession
DietaryPreference_Prey_Mechanoids_Obsessed.description,[PAWN_label] adores being prey for mechanoids. [PAWN_pronoun] is more at home among flexing hydraulics and humming circuits than the beat of most hearts.,description,QuirkDefs\QuirkPool_DietaryPreference.xml,def,<ALIMT >(PH_2)</ALIMT> adores being prey for mechanoids. <ALIMT >(PH_1)</ALIMT> is more at home among flexing hydraulics and humming circuits than the beat of most hearts.
DietaryPreference_Prey_Mechanoids_Likes.label,Mechanogastric interest,label,QuirkDefs\QuirkPool_DietaryPreference.xml,def,Mechanogastric interest
DietaryPreference_Prey_Mechanoids_Likes.description,"[PAWN_label] likes being prey for mechanoids. Cold, unyielding plasteel makes for a unique and exhillarating experience.",description,QuirkDefs\QuirkPool_DietaryPreference.xml,def,"<ALIMT >(PH_1)</ALIMT> likes being prey for mechanoids. Cold, unyielding plasteel makes for a unique and exhillarating experience."
DietaryPreference_Prey_Mechanoids_Neutral.label,Mechanogastric ambivalence,label,QuirkDefs\QuirkPool_DietaryPreference.xml,def,Mechanogastric ambivalence
DietaryPreference_Prey_Mechanoids_Neutral.description,"[PAWN_label] doesn't mind being prey for mechanoids, but doesn't prefer it either.",description,QuirkDefs\QuirkPool_DietaryPreference.xml,def,"<ALIMT >(PH_1)</ALIMT> doesn't mind being prey for mechanoids, but doesn't prefer it either."
DietaryPreference_Prey_Mechanoids_Dislikes.label,Mechanogastric disinterest,label,QuirkDefs\QuirkPool_DietaryPreference.xml,def,Mechanogastric disinterest
DietaryPreference_Prey_Mechanoids_Dislikes.description,[PAWN_label] dislikes being prey for mechanoids. Think of all the grinding gears! All the constant clicking and ticking!,description,QuirkDefs\QuirkPool_DietaryPreference.xml,def,<ALIMT >(PH_1)</ALIMT> dislikes being prey for mechanoids. Think of all the <ALIMT >grinding</ALIMT> gears! All the constant clicking and ticking!
DietaryPreference_Prey_Mechanoids_Refuses.label,Mechanogastric revulsion,label,QuirkDefs\QuirkPool_DietaryPreference.xml,def,Mechanogastric revulsion
DietaryPreference_Prey_Mechanoids_Refuses.description,"[PAWN_label] hates being prey for mechanoids and will not willingly be consumed by them. Even if [PAWN_pronoun] was suicidal, that sure as hell ain't the way [PAWN_pronoun] wants to go out.",description,QuirkDefs\QuirkPool_DietaryPreference.xml,def,"<ALIMT >(PH_3)</ALIMT> hates being prey for mechanoids and will not willingly be consumed by them. Even if <ALIMT >(PH_2)</ALIMT> was suicidal, that sure as <ALIMT >hell</ALIMT> ain't the way <ALIMT >(PH_1)</ALIMT> wants to go out."
DigestionResistance.label,Digestion resistance,label,QuirkDefs\QuirkPool_DigestionResistance.xml,def,Digestion resistance
DigestionResistance.description,"These quirks determine how resistant pawns are to all forms of chemical digestion: nourishing digestion, conversion into another material, assimilation, and any others.",description,QuirkDefs\QuirkPool_DigestionResistance.xml,def,"These quirks determine how resistant pawns are to all forms of chemical digestion: nourishing digestion, conversion into another material, assimilation, and any others."
DigestionResistance_VeryGood.label,Acid-proof,label,QuirkDefs\QuirkPool_DigestionResistance.xml,def,Acid-proof
DigestionResistance_VeryGood.description,"[PAWN_label] is very difficult to digest. Not impossible, but it’ll take a while; about four times as long as most prey.",description,QuirkDefs\QuirkPool_DigestionResistance.xml,def,"<ALIMT >(PH_1)</ALIMT> is very difficult to digest. Not impossible, but it’ll take a while; about four times as long as most prey."
DigestionResistance_Good.label,Acid-resistant,label,QuirkDefs\QuirkPool_DigestionResistance.xml,def,Acid-resistant
DigestionResistance_Good.description,"[PAWN_label] resists digestion well, and will last about twice as long as most prey in a hostile belly.",description,QuirkDefs\QuirkPool_DigestionResistance.xml,def,"<ALIMT >(PH_1)</ALIMT> resists digestion well, and will last about twice as long as most prey in a hostile belly."
DigestionResistance_Normal.label,Normal acid resistance,label,QuirkDefs\QuirkPool_DigestionResistance.xml,def,Normal acid resistance
DigestionResistance_Normal.description,[PAWN_label] is digested as easily as anyone else.,description,QuirkDefs\QuirkPool_DigestionResistance.xml,def,<ALIMT >(PH_1)</ALIMT> is digested as easily as anyone else.
DigestionResistance_Bad.label,Melty,label,QuirkDefs\QuirkPool_DigestionResistance.xml,def,Melty
DigestionResistance_Bad.description,[PAWN_label] melts under acid easily and won’t last more than half as long in a hostile belly as most prey.,description,QuirkDefs\QuirkPool_DigestionResistance.xml,def,<ALIMT >(PH_1)</ALIMT> melts under acid easily and won’t last more than half as long in a hostile belly as most prey.
DigestionResistance_VeryBad.label,Cotton candy,label,QuirkDefs\QuirkPool_DigestionResistance.xml,def,Cotton candy
DigestionResistance_VeryBad.description,"[PAWN_label] falls apart in stomach acid like cotton candy, and doesn’t fare any better in other organs. They have maybe a quarter of the time to escape as normal prey.",description,QuirkDefs\QuirkPool_DigestionResistance.xml,def,"<ALIMT >(PH_1)</ALIMT> falls apart in stomach acid like cotton candy, and doesn’t fare any better in other organs. They have maybe a quarter of the time to escape as normal prey."
DigestionStrength.label,Digestion strength,label,QuirkDefs\QuirkPool_DigestionStrength.xml,def,Digestion strength
DigestionStrength.description,"These quirks determine how powerful a pawn's various organs are for all forms of chemical digestion: true nourishing digestion, conversion into another material, assimilation, and any others.",description,QuirkDefs\QuirkPool_DigestionStrength.xml,def,"These quirks determine how powerful a <ALIMT >(PH_1)</ALIMT>'s various organs are for all forms of chemical digestion: true nourishing digestion, conversion into another material, assimilation, and any others."
DigestionStrength_Godlike.label,Godlike Digestion,label,QuirkDefs\QuirkPool_DigestionStrength.xml,def,Godlike Digestion
DigestionStrength_Godlike.description,"Whether due to magic or a technology that's not yet understood, [PAWN_label]'s digestive abilities are in a class of their own, capable of liquifying an entire Thrumbo in minutes.",description,QuirkDefs\QuirkPool_DigestionStrength.xml,def,"Whether due to magic or a technology that's not yet understood, <ALIMT >(PH_1)</ALIMT>'s digestive abilities are in a <ALIMT >class</ALIMT> of their own, capable of liquifying an entire Thrumbo in minutes."
DigestionStrength_VeryGood.label,Scouring acid,label,QuirkDefs\QuirkPool_DigestionStrength.xml,def,Scouring acid
DigestionStrength_VeryGood.description,"[PAWN_label] can turn prey into nutrient soup in the blink of an eye--or, at least, four times as fast as most predators.",description,QuirkDefs\QuirkPool_DigestionStrength.xml,def,"<ALIMT >(PH_1)</ALIMT> can turn prey into nutrient soup in the blink of an eye--or, at least, four times as fast as most predators."
DigestionStrength_Good.label,Potent acid,label,QuirkDefs\QuirkPool_DigestionStrength.xml,def,Potent acid
DigestionStrength_Good.description,[PAWN_label] can digest prey about twice as fast as most predators.,description,QuirkDefs\QuirkPool_DigestionStrength.xml,def,<ALIMT >(PH_1)</ALIMT> can digest prey about twice as fast as most predators.
DigestionStrength_Normal.label,Normal acid strength,label,QuirkDefs\QuirkPool_DigestionStrength.xml,def,Normal acid strength
DigestionStrength_Normal.description,[PAWN_label] digests prey at a normal speed.,description,QuirkDefs\QuirkPool_DigestionStrength.xml,def,<ALIMT >(PH_1)</ALIMT> digests prey at a normal speed.
DigestionStrength_Bad.label,Weak acid,label,QuirkDefs\QuirkPool_DigestionStrength.xml,def,Weak acid
DigestionStrength_Bad.description,[PAWN_label] takes about twice as long to digest live meals as most predators.,description,QuirkDefs\QuirkPool_DigestionStrength.xml,def,<ALIMT >(PH_1)</ALIMT> takes about twice as long to digest live meals as most predators.
DigestionStrength_VeryBad.label,Watery acid,label,QuirkDefs\QuirkPool_DigestionStrength.xml,def,Watery acid
DigestionStrength_VeryBad.description,[PAWN_label] takes about four times as long to digest prey as most predators. [PAWN_possessive] food is liable to die of boredom before dying of melting.,description,QuirkDefs\QuirkPool_DigestionStrength.xml,def,<ALIMT >(PH_2)</ALIMT> takes about four times as long to digest prey as most predators. <ALIMT >(PH_1)</ALIMT> food is liable to die of boredom before dying of melting.
Enablers_Goals_Core.label,Goal enablers,label,QuirkDefs\QuirkPool_Enablers.xml,def,Goal enablers
Enablers_Goals_Core.description,"These quirks are required for a pawn to be able to use vore, each representing one goal. Modifying their commonality sets the global chances that any pawn will be capable of using any given vore path. Vore enablers can be aquired to add the quirk to an existing pawn, even if the quirk itself is set to ForcedOnly; do this if you want vore to be a power unlocked solely through acquisition of the required enabler surgeries.",description,QuirkDefs\QuirkPool_Enablers.xml,def,"These quirks are required for a <ALIMT >(PH_3)</ALIMT> to be able to use <ALIMT >vore</ALIMT>, each representing one goal. Modifying their commonality sets the global chances that any <ALIMT >(PH_2)</ALIMT> will be capable of using any given <ALIMT >vore</ALIMT> path. <ALIMT >vore</ALIMT> enablers can be aquired to add the quirk to an existing <ALIMT >(PH_1)</ALIMT>, even if the quirk itself is set to ForcedOnly; do this if you want <ALIMT >vore</ALIMT> to be a power unlocked solely through acquisition of the required enabler surgeries."
Enablers_Types_Core.label,Type enablers,label,QuirkDefs\QuirkPool_Enablers.xml,def,Type enablers
Enablers_Types_Core.description,"These quirks are required for a pawn to be able to use vore, each representing one type. Modifying their commonality sets the global chances that any pawn will be capable of using any given vore path. Vore enablers can be aquired to add the quirk to an existing pawn, even if the quirk itself is set to Invalid; do this if you want vore to be a power unlocked solely through acquisition of the required enabler surgeries.",description,QuirkDefs\QuirkPool_Enablers.xml,def,"These quirks are required for a <ALIMT >(PH_3)</ALIMT> to be able to use <ALIMT >vore</ALIMT>, each representing one type. Modifying their commonality sets the global chances that any <ALIMT >(PH_2)</ALIMT> will be capable of using any given <ALIMT >vore</ALIMT> path. <ALIMT >vore</ALIMT> enablers can be aquired to add the quirk to an existing <ALIMT >(PH_1)</ALIMT>, even if the quirk itself is set to Invalid; do this if you want <ALIMT >vore</ALIMT> to be a power unlocked solely through acquisition of the required enabler surgeries."
Enablers_Core_Goal_ConvertLube.label,Lubrifactive enzymes,label,QuirkDefs\QuirkPool_Enablers.xml,def,Lubrifactive enzymes
Enablers_Core_Goal_ConvertLube.description,[PAWN_label] can melt live prey down to a great big puddle of vaginal lubricant in [PAWN_possessive] womb.,description,QuirkDefs\QuirkPool_Enablers.xml,def,<ALIMT >(PH_2)</ALIMT> can melt live prey down to a great big puddle of <ALIMT >vaginal</ALIMT> <ALIMT >lubricant</ALIMT> in <ALIMT >(PH_1)</ALIMT> womb.
Enablers_Core_Goal_ConvertMilk.label,Lactifactive enzymes,label,QuirkDefs\QuirkPool_Enablers.xml,def,Lactifactive enzymes
Enablers_Core_Goal_ConvertMilk.description,[PAWN_label] can melt live prey down to milk in [PAWN_possessive] breasts.,description,QuirkDefs\QuirkPool_Enablers.xml,def,<ALIMT >(PH_2)</ALIMT> can melt live prey down to milk in <ALIMT >(PH_1)</ALIMT> <ALIMT >breasts</ALIMT>.
Enablers_Core_Goal_ConvertSperm.label,Spermifactive enzymes,label,QuirkDefs\QuirkPool_Enablers.xml,def,Spermifactive enzymes
Enablers_Core_Goal_ConvertSperm.description,[PAWN_label] can melt live prey down to sperm in [PAWN_possessive] balls.,description,QuirkDefs\QuirkPool_Enablers.xml,def,<ALIMT >(PH_2)</ALIMT> can melt live prey down to <ALIMT >sperm</ALIMT> in <ALIMT >(PH_1)</ALIMT> balls.
Enablers_Core_Goal_Digest.label,Digestive enzymes,label,QuirkDefs\QuirkPool_Enablers.xml,def,Digestive enzymes
Enablers_Core_Goal_Digest.description,[PAWN_label] has potent enough digestive enzymes to reasonably digest live prey.,description,QuirkDefs\QuirkPool_Enablers.xml,def,<ALIMT >(PH_1)</ALIMT> has potent enough digestive enzymes to reasonably digest live prey.
Enablers_Core_Goal_Heal.label,Analeptic enzymes,label,QuirkDefs\QuirkPool_Enablers.xml,def,Analeptic enzymes
Enablers_Core_Goal_Heal.description,"[PAWN_label]'s internal organs can function as a sanitary, comfortable, and even medicinal substitute for conventional bedrest.",description,QuirkDefs\QuirkPool_Enablers.xml,def,"<ALIMT >(PH_1)</ALIMT>'s internal organs can function as a sanitary, comfortable, and even medicinal substitute for conventional bedrest."
Enablers_Core_Goal_Reform.label,Reforming enzymes,label,QuirkDefs\QuirkPool_Enablers.xml,def,Reforming enzymes
Enablers_Core_Goal_Reform.description,[PAWN_label] is able to remake a pawn in their own image.,description,QuirkDefs\QuirkPool_Enablers.xml,def,<ALIMT >(PH_2)</ALIMT> is able to remake a <ALIMT >(PH_1)</ALIMT> in their own image.
Enablers_Core_Goal_TempEndo.label,Short-term endo,label,QuirkDefs\QuirkPool_Enablers.xml,def,Short-term endo
Enablers_Core_Goal_TempEndo.description,"[PAWN_label] is nice and hospitable enough inside that [PAWN_possessive] innards can be used for comfort, leisure, and sexual pleasure, thanks to numerous quality of life improvements such as sanitization and passive airflow induction.",description,QuirkDefs\QuirkPool_Enablers.xml,def,"<ALIMT >(PH_2)</ALIMT> is nice and hospitable enough inside that <ALIMT >(PH_1)</ALIMT> innards can be used for comfort, leisure, and <ALIMT >sexual</ALIMT> pleasure, thanks to numerous quality of life improvements such as sanitization and passive airflow induction."
Enablers_Core_Goal_Longendo.label,Long-term endo,label,QuirkDefs\QuirkPool_Enablers.xml,def,Long-term endo
Enablers_Core_Goal_Longendo.description,[PAWN_label] is sphinctrally strong and biochemically stable enough to hold onto prey indefinitely.,description,QuirkDefs\QuirkPool_Enablers.xml,def,<ALIMT >(PH_1)</ALIMT> is sphinctrally strong and biochemically stable enough to hold onto prey indefinitely.
Enablers_Core_Type_Oral.label,Oral elasticity,label,QuirkDefs\QuirkPool_Enablers.xml,def,<ALIMT >oral</ALIMT> elasticity
Enablers_Core_Type_Oral.description,[PAWN_label] has a throat with enough stretch to swallow down live prey.,description,QuirkDefs\QuirkPool_Enablers.xml,def,<ALIMT >(PH_1)</ALIMT> has a throat with enough stretch to swallow down live prey.
Enablers_Core_Type_Anal.label,Anal elasticity,label,QuirkDefs\QuirkPool_Enablers.xml,def,<ALIMT >anal</ALIMT> elasticity
Enablers_Core_Type_Anal.description,[PAWN_label] has a pucker and guts stretchy enough to posternate up live prey.,description,QuirkDefs\QuirkPool_Enablers.xml,def,<ALIMT >(PH_1)</ALIMT> has a pucker and guts stretchy enough to posternate up live prey.
Enablers_Core_Type_Vaginal.label,Vaginal elasticity,label,QuirkDefs\QuirkPool_Enablers.xml,def,<ALIMT >vaginal</ALIMT> elasticity
Enablers_Core_Type_Vaginal.description,[PAWN_label] has a snatch stretchy enough to unbirth live prey.,description,QuirkDefs\QuirkPool_Enablers.xml,def,<ALIMT >(PH_1)</ALIMT> has a snatch stretchy enough to unbirth live prey.
Enablers_Core_Type_Cock.label,Penile elasticity,label,QuirkDefs\QuirkPool_Enablers.xml,def,Penile elasticity
Enablers_Core_Type_Cock.description,[PAWN_label] has a shaft stretchy enough to unsow live prey.,description,QuirkDefs\QuirkPool_Enablers.xml,def,<ALIMT >(PH_1)</ALIMT> has a shaft stretchy enough to unsow live prey.
Enablers_Core_Type_Nipple.label,Nipple elasticity,label,QuirkDefs\QuirkPool_Enablers.xml,def,<ALIMT >nipple</ALIMT> elasticity
Enablers_Core_Type_Nipple.description,[PAWN_label] has tits stretchy enough to unnurse live prey.,description,QuirkDefs\QuirkPool_Enablers.xml,def,<ALIMT >(PH_1)</ALIMT> has tits stretchy enough to unnurse live prey.
GenderPreference_Predator.label,Predator gender preference,label,QuirkDefs\QuirkPool_GenderPreference.xml,def,Predator gender preference
GenderPreference_Predator.description,Quirks that dictate what gender preferences a predator might have when choosing prey. Please note that these preferences are not influenced by a pawn's sexuality.,description,QuirkDefs\QuirkPool_GenderPreference.xml,def,Quirks that dictate what gender preferences a predator might have when choosing prey. Please note that these preferences are not influenced by a <ALIMT >(PH_1)</ALIMT>'s sexuality.
GenderPreference_Predator_FemaleOnly.label,Exclusive Gynophage,label,QuirkDefs\QuirkPool_GenderPreference.xml,def,Exclusive Gynophage
GenderPreference_Predator_FemaleOnly.description,"[PAWN_label] exclusively prefers female prey, and will never willingly eat a man.",description,QuirkDefs\QuirkPool_GenderPreference.xml,def,"<ALIMT >(PH_1)</ALIMT> exclusively prefers female prey, and will never willingly eat a man."
GenderPreference_Predator_FemalePreferred.label,Gynophagic Tendencies,label,QuirkDefs\QuirkPool_GenderPreference.xml,def,Gynophagic Tendencies
GenderPreference_Predator_FemalePreferred.description,"[PAWN_label] prefers female prey, but may make occasional exceptions.",description,QuirkDefs\QuirkPool_GenderPreference.xml,def,"<ALIMT >(PH_1)</ALIMT> prefers female prey, but may make occasional exceptions."
GenderPreference_Predator_Neutral.label,Gender Indifferent,label,QuirkDefs\QuirkPool_GenderPreference.xml,def,Gender Indifferent
GenderPreference_Predator_Neutral.description,The gender of their prey is not a consideration for [PAWN_label]. Prey is prey; doesn’t matter what they look like.,description,QuirkDefs\QuirkPool_GenderPreference.xml,def,The gender of their prey is not a consideration for <ALIMT >(PH_1)</ALIMT>. Prey is prey; doesn’t matter what they look like.
GenderPreference_Predator_MalePreferred.label,Androphagic Tendencies,label,QuirkDefs\QuirkPool_GenderPreference.xml,def,Androphagic Tendencies
GenderPreference_Predator_MalePreferred.description,"[PAWN_label] prefers male prey, but may make occasional exceptions.",description,QuirkDefs\QuirkPool_GenderPreference.xml,def,"<ALIMT >(PH_1)</ALIMT> prefers male prey, but may make occasional exceptions."
GenderPreference_Predator_MaleOnly.label,Exclusive Androphage,label,QuirkDefs\QuirkPool_GenderPreference.xml,def,Exclusive Androphage
GenderPreference_Predator_MaleOnly.description,"[PAWN_label] exclusively prefers male prey, and will never willingly eat a woman.",description,QuirkDefs\QuirkPool_GenderPreference.xml,def,"<ALIMT >(PH_1)</ALIMT> exclusively prefers male prey, and will never willingly eat a woman."
GenderPreference_Prey.label,Prey gender preference,label,QuirkDefs\QuirkPool_GenderPreference.xml,def,Prey gender preference
GenderPreference_Prey.description,Quirks that dictate what gender preferences a prey might have when choosing a predator. Please note that these preferences are not influenced by a pawn's sexuality.,description,QuirkDefs\QuirkPool_GenderPreference.xml,def,Quirks that dictate what gender preferences a prey might have when choosing a predator. Please note that these preferences are not influenced by a <ALIMT >(PH_1)</ALIMT>'s sexuality.
GenderPreference_Prey_FemaleOnly.label,Exclusive Gynephile,label,QuirkDefs\QuirkPool_GenderPreference.xml,def,Exclusive Gynephile
GenderPreference_Prey_FemaleOnly.description,"[PAWN_label] exclusively prefers female predators, and will never willingly let [PAWN_objective]self be consumed by a man.",description,QuirkDefs\QuirkPool_GenderPreference.xml,def,"<ALIMT >(PH_2)</ALIMT> exclusively prefers female predators, and will never willingly let <ALIMT >(PH_1)</ALIMT>self be consumed by a man."
GenderPreference_Prey_FemalePreferred.label,Gynephilic Tendencies,label,QuirkDefs\QuirkPool_GenderPreference.xml,def,Gynephilic Tendencies
GenderPreference_Prey_FemalePreferred.description,"[PAWN_label] prefers female predators, but may make occasional exceptions.",description,QuirkDefs\QuirkPool_GenderPreference.xml,def,"<ALIMT >(PH_1)</ALIMT> prefers female predators, but may make occasional exceptions."
GenderPreference_Prey_Neutral.label,Gender Indifferent,label,QuirkDefs\QuirkPool_GenderPreference.xml,def,Gender Indifferent
GenderPreference_Prey_Neutral.description,The gender of the predator is not a consideration for [PAWN_label]. Everyone looks the same on the inside!,description,QuirkDefs\QuirkPool_GenderPreference.xml,def,The gender of the predator is not a consideration for <ALIMT >(PH_1)</ALIMT>. Everyone looks the same on the inside!
GenderPreference_Prey_MalePreferred.label,Androphilic Tendencies,label,QuirkDefs\QuirkPool_GenderPreference.xml,def,Androphilic Tendencies
GenderPreference_Prey_MalePreferred.description,"[PAWN_label] prefers male predators, but may make occasional exceptions.",description,QuirkDefs\QuirkPool_GenderPreference.xml,def,"<ALIMT >(PH_1)</ALIMT> prefers male predators, but may make occasional exceptions."
GenderPreference_Prey_MaleOnly.label,Exclusive Androphile,label,QuirkDefs\QuirkPool_GenderPreference.xml,def,Exclusive Androphile
GenderPreference_Prey_MaleOnly.description,"[PAWN_label] exclusively prefers male predators, and will never willingly let [PAWN_objective]self be consumed by a woman.",description,QuirkDefs\QuirkPool_GenderPreference.xml,def,"<ALIMT >(PH_2)</ALIMT> exclusively prefers male predators, and will never willingly let <ALIMT >(PH_1)</ALIMT>self be consumed by a woman."
GoalPreference_Predator_Digest.label,Predatory goal preference (digestion),label,QuirkDefs\QuirkPool_GoalPreference.xml,def,Predatory goal preference (digestion)
GoalPreference_Predator_Digest.description,"These quirks determine how much a pawn likes digesting prey or converting them into other materials. At the extremes, the pawn will either never or always try to digest prey.",description,QuirkDefs\QuirkPool_GoalPreference.xml,def,"These quirks determine how much a <ALIMT >(PH_2)</ALIMT> likes digesting prey or converting them into other materials. At the extremes, the <ALIMT >(PH_1)</ALIMT> will either never or always try to digest prey."
GoalPreference_Predator_Digest_Obsessed.label,Obsessive fondeur,label,QuirkDefs\QuirkPool_GoalPreference.xml,def,Obsessive fondeur
GoalPreference_Predator_Digest_Obsessed.description,"As an obsessive fondeu(r/se), [PAWN_label] loves digestion and all manner of conversion into bodily fluids, to the neglect of other goals.",description,QuirkDefs\QuirkPool_GoalPreference.xml,def,"As an obsessive <ALIMT >(PH_2)</ALIMT>, <ALIMT >(PH_1)</ALIMT> loves digestion and all manner of conversion into bodily fluids, to the neglect of other goals."
GoalPreference_Predator_Digest_Likes.label,Fondeur,label,QuirkDefs\QuirkPool_GoalPreference.xml,def,Fondeur
GoalPreference_Predator_Digest_Likes.description,"As a fondeu(r/se), [PAWN_label] likes the feeling of prey digesting into mush, or milk, or spunk, or what-have-you: to feel the struggle cease, and the hard lumps go soft.",description,QuirkDefs\QuirkPool_GoalPreference.xml,def,"As a <ALIMT >(PH_2)</ALIMT>, <ALIMT >(PH_1)</ALIMT> likes the feeling of prey digesting into mush, or milk, or spunk, or what-have-you: to feel the struggle cease, and the hard lumps go soft."
GoalPreference_Predator_Digest_Neutral.label,Digestion ambivalence,label,QuirkDefs\QuirkPool_GoalPreference.xml,def,Digestion ambivalence
GoalPreference_Predator_Digest_Neutral.description,[PAWN_label] doesn't really care one way or the other about digesting prey.,description,QuirkDefs\QuirkPool_GoalPreference.xml,def,<ALIMT >(PH_1)</ALIMT> doesn't really care one way or the other about digesting prey.
GoalPreference_Predator_Digest_Dislikes.label,Digestion aversion,label,QuirkDefs\QuirkPool_GoalPreference.xml,def,Digestion aversion
GoalPreference_Predator_Digest_Dislikes.description,[PAWN_label] dislikes digesting prey. [PAWN_pronoun] takes no enjoyment out of gurgling a life away and would rather [PAWN_possessive] prey left intact.,description,QuirkDefs\QuirkPool_GoalPreference.xml,def,<ALIMT >(PH_3)</ALIMT> dislikes digesting prey. <ALIMT >(PH_2)</ALIMT> takes no enjoyment out of gurgling a life away and would rather <ALIMT >(PH_1)</ALIMT> prey left intact.
GoalPreference_Predator_Digest_Refuses.label,Digestion disgust,label,QuirkDefs\QuirkPool_GoalPreference.xml,def,Digestion disgust
GoalPreference_Predator_Digest_Refuses.description,[PAWN_label] hates digesting prey. What an act of unimaginable cruelty!,description,QuirkDefs\QuirkPool_GoalPreference.xml,def,<ALIMT >(PH_1)</ALIMT> hates digesting prey. What an act of unimaginable cruelty!
GoalPreference_Predator_Pleasure.label,Predatory goal preference (pleasure),label,QuirkDefs\QuirkPool_GoalPreference.xml,def,Predatory goal preference (pleasure)
GoalPreference_Predator_Pleasure.description,"These quirks determine how much a pawn likes consuming prey for mutual pleasure. At the extremes, the pawn will either never or always try to pleasure prey.",description,QuirkDefs\QuirkPool_GoalPreference.xml,def,"These quirks determine how much a <ALIMT >(PH_2)</ALIMT> likes consuming prey for mutual pleasure. At the extremes, the <ALIMT >(PH_1)</ALIMT> will either never or always try to pleasure prey."
GoalPreference_Predator_Pleasure_Obsessed.label,Obsessive plaire,label,QuirkDefs\QuirkPool_GoalPreference.xml,def,Obsessive plaire
GoalPreference_Predator_Pleasure_Obsessed.description,[PAWN_label] loves to pleasure-vore prey. [PAWN_pronoun] seeks little else besides the usage of [PAWN_possessive] body as an engine of pleasure.,description,QuirkDefs\QuirkPool_GoalPreference.xml,def,<ALIMT >(PH_3)</ALIMT> loves to pleasure-<ALIMT >vore</ALIMT> prey. <ALIMT >(PH_2)</ALIMT> seeks little else besides the usage of <ALIMT >(PH_1)</ALIMT> body as an engine of pleasure.
GoalPreference_Predator_Pleasure_Likes.label,Plaire,label,QuirkDefs\QuirkPool_GoalPreference.xml,def,Plaire
GoalPreference_Predator_Pleasure_Likes.description,"[PAWN_label] likes to pleasure-vore prey, with a sensual tour of [PAWN_possessive] body.",description,QuirkDefs\QuirkPool_GoalPreference.xml,def,"<ALIMT >(PH_2)</ALIMT> likes to pleasure-<ALIMT >vore</ALIMT> prey, with a <ALIMT >sensual</ALIMT> tour of <ALIMT >(PH_1)</ALIMT> body."
GoalPreference_Predator_Pleasure_Neutral.label,Pleasure ambivalence,label,QuirkDefs\QuirkPool_GoalPreference.xml,def,Pleasure ambivalence
GoalPreference_Predator_Pleasure_Neutral.description,[PAWN_label] doesn't really care one way or the other about pleasuring prey.,description,QuirkDefs\QuirkPool_GoalPreference.xml,def,<ALIMT >(PH_1)</ALIMT> doesn't really care one way or the other about pleasuring prey.
GoalPreference_Predator_Pleasure_Dislikes.label,Chaste predator,label,QuirkDefs\QuirkPool_GoalPreference.xml,def,Chaste predator
GoalPreference_Predator_Pleasure_Dislikes.description,[PAWN_label] dislikes pleasuring prey. Maybe [PAWN_pronoun]'s squeamish about letting prey get lewd inside [PAWN_objective]; maybe [PAWN_pronoun] just doesn't enjoy it like prey do.,description,QuirkDefs\QuirkPool_GoalPreference.xml,def,<ALIMT >(PH_4)</ALIMT> dislikes pleasuring prey. Maybe <ALIMT >(PH_3)</ALIMT>'s squeamish about letting prey get <ALIMT >lewd</ALIMT> inside <ALIMT >(PH_2)</ALIMT>; maybe <ALIMT >(PH_1)</ALIMT> just doesn't enjoy it like prey do.
GoalPreference_Predator_Pleasure_Refuses.label,Celibate predator,label,QuirkDefs\QuirkPool_GoalPreference.xml,def,Celibate predator
GoalPreference_Predator_Pleasure_Refuses.description,[PAWN_label] hates pleasuring prey. Vore is not to be treated as a fancy sex position.,description,QuirkDefs\QuirkPool_GoalPreference.xml,def,<ALIMT >(PH_1)</ALIMT> hates pleasuring prey. <ALIMT >vore</ALIMT> is not to be treated as a fancy <ALIMT >sex</ALIMT> position.
GoalPreference_Predator_Store.label,Predatory goal preference (storage),label,QuirkDefs\QuirkPool_GoalPreference.xml,def,Predatory goal preference (storage)
GoalPreference_Predator_Store.description,"These quirks determine how much a pawn likes indefinitely storing live prey. At the extremes, the pawn will either never or always try to store prey.",description,QuirkDefs\QuirkPool_GoalPreference.xml,def,"These quirks determine how much a <ALIMT >(PH_2)</ALIMT> likes indefinitely storing live prey. At the extremes, the <ALIMT >(PH_1)</ALIMT> will either never or always try to store prey."
GoalPreference_Predator_Store_Obsessed.label,Geolier hoarder,label,QuirkDefs\QuirkPool_GoalPreference.xml,def,Geolier hoarder
GoalPreference_Predator_Store_Obsessed.description,"As a geolier(e), [PAWN_label] loves to hold onto prey for as long as possible, and would be delighted to store as many people as can be fit inside of [PAWN_objective] forever.",description,QuirkDefs\QuirkPool_GoalPreference.xml,def,"As a <ALIMT >(PH_3)</ALIMT>, <ALIMT >(PH_2)</ALIMT> loves to hold onto prey for as long as possible, and would be delighted to store as many people as can be fit inside of <ALIMT >(PH_1)</ALIMT> <ALIMT >forever</ALIMT>."
GoalPreference_Predator_Store_Likes.label,Geolier,label,QuirkDefs\QuirkPool_GoalPreference.xml,def,Geolier
GoalPreference_Predator_Store_Likes.description,"As a geolier(e), [PAWN_label] likes to hold onto prey for as long as possible. [PAWN_pronoun] would make a good jail cell.",description,QuirkDefs\QuirkPool_GoalPreference.xml,def,"As a <ALIMT >(PH_3)</ALIMT>, <ALIMT >(PH_2)</ALIMT> likes to hold onto prey for as long as possible. <ALIMT >(PH_1)</ALIMT> would make a good jail cell."
GoalPreference_Predator_Store_Neutral.label,Storage ambivalence,label,QuirkDefs\QuirkPool_GoalPreference.xml,def,Storage ambivalence
GoalPreference_Predator_Store_Neutral.description,[PAWN_label] doesn't really care one way or the other about storing prey.,description,QuirkDefs\QuirkPool_GoalPreference.xml,def,<ALIMT >(PH_1)</ALIMT> doesn't really care one way or the other about storing prey.
GoalPreference_Predator_Store_Dislikes.label,Noncommittal pred,label,QuirkDefs\QuirkPool_GoalPreference.xml,def,Noncommittal pred
GoalPreference_Predator_Store_Dislikes.description,[PAWN_label] dislikes storing prey indefinitely. [PAWN_pronoun] doesn't want to be burdened by prey longer than [PAWN_pronoun] has to. Find someone else to be your warehouse.,description,QuirkDefs\QuirkPool_GoalPreference.xml,def,<ALIMT >(PH_3)</ALIMT> dislikes storing prey indefinitely. <ALIMT >(PH_2)</ALIMT> doesn't want to be burdened by prey longer than <ALIMT >(PH_1)</ALIMT> has to. Find someone else to be your warehouse.
GoalPreference_Predator_Store_Refuses.label,In-and-out pred,label,QuirkDefs\QuirkPool_GoalPreference.xml,def,In-and-out pred
GoalPreference_Predator_Store_Refuses.description,[PAWN_label] hates storing prey indefinitely. Find someone else to be your warehouse.,description,QuirkDefs\QuirkPool_GoalPreference.xml,def,<ALIMT >(PH_1)</ALIMT> hates storing prey indefinitely. Find someone else to be your warehouse.
GoalPreference_Predator_Hold.label,Predatory goal preference (Hold),label,QuirkDefs\QuirkPool_GoalPreference.xml,def,Predatory goal preference (Hold)
GoalPreference_Predator_Hold.description,These quirks determine how much a pawn likes temporarily storing live prey.,description,QuirkDefs\QuirkPool_GoalPreference.xml,def,These quirks determine how much a <ALIMT >(PH_1)</ALIMT> likes temporarily storing live prey.
GoalPreference_Predator_Hold_Obsessed.label,Heavy Holder,label,QuirkDefs\QuirkPool_GoalPreference.xml,def,Heavy Holder
GoalPreference_Predator_Hold_Obsessed.description,"As a heavy Holder, [PAWN_label] loves to allow [PAWN_possessive] prey a trip through [PAWN_objective]self.",description,QuirkDefs\QuirkPool_GoalPreference.xml,def,"As a heavy Holder, <ALIMT >(PH_3)</ALIMT> loves to allow <ALIMT >(PH_2)</ALIMT> prey a trip through <ALIMT >(PH_1)</ALIMT>self."
GoalPreference_Predator_Hold_Likes.label,Holder,label,QuirkDefs\QuirkPool_GoalPreference.xml,def,Holder
GoalPreference_Predator_Hold_Likes.description,"As a Holder, [PAWN_label] likes to pass their prey.",description,QuirkDefs\QuirkPool_GoalPreference.xml,def,"As a Holder, <ALIMT >(PH_1)</ALIMT> likes to pass their prey."
GoalPreference_Predator_Hold_Neutral.label,Hold ambivalence,label,QuirkDefs\QuirkPool_GoalPreference.xml,def,Hold ambivalence
GoalPreference_Predator_Hold_Neutral.description,[PAWN_label] doesn't really care one way or the other about temporarily storing prey.,description,QuirkDefs\QuirkPool_GoalPreference.xml,def,<ALIMT >(PH_1)</ALIMT> doesn't really care one way or the other about temporarily storing prey.
GoalPreference_Predator_Hold_Dislikes.label,UnHoldy pred,label,QuirkDefs\QuirkPool_GoalPreference.xml,def,UnHoldy pred
GoalPreference_Predator_Hold_Dislikes.description,[PAWN_label] dislikes temporarily storing prey.,description,QuirkDefs\QuirkPool_GoalPreference.xml,def,<ALIMT >(PH_1)</ALIMT> dislikes temporarily storing prey.
GoalPreference_Predator_Hold_Refuses.label,Holding refusal,label,QuirkDefs\QuirkPool_GoalPreference.xml,def,Holding refusal
GoalPreference_Predator_Hold_Refuses.description,[PAWN_label] hates storing prey temporarily.,description,QuirkDefs\QuirkPool_GoalPreference.xml,def,<ALIMT >(PH_1)</ALIMT> hates storing prey temporarily.
GoalPreference_Predator_Heal.label,Predatory goal preference (heal),label,QuirkDefs\QuirkPool_GoalPreference.xml,def,Predatory goal preference (heal)
GoalPreference_Predator_Heal.description,These quirks determine how much a pawn likes healing prey.,description,QuirkDefs\QuirkPool_GoalPreference.xml,def,These quirks determine how much a <ALIMT >(PH_1)</ALIMT> likes healing prey.
GoalPreference_Predator_Heal_Obsessed.label,Heal Slut,label,QuirkDefs\QuirkPool_GoalPreference.xml,def,Heal Slut
GoalPreference_Predator_Heal_Obsessed.description,"No need to spam E, [PAWN_label] has got you covered with a cozy place to stay in and get healthy.",description,QuirkDefs\QuirkPool_GoalPreference.xml,def,"No need to spam E, <ALIMT >(PH_1)</ALIMT> has got you covered with a cozy place to stay in and get healthy."
GoalPreference_Predator_Heal_Likes.label,Healer,label,QuirkDefs\QuirkPool_GoalPreference.xml,def,Healer
GoalPreference_Predator_Heal_Likes.description,"As a professional MMO Healer, [PAWN_label] likes to carry their team.",description,QuirkDefs\QuirkPool_GoalPreference.xml,def,"As a professional MMO Healer, <ALIMT >(PH_1)</ALIMT> likes to carry their team."
GoalPreference_Predator_Heal_Neutral.label,Heal ambivalence,label,QuirkDefs\QuirkPool_GoalPreference.xml,def,Heal ambivalence
GoalPreference_Predator_Heal_Neutral.description,[PAWN_label] doesn't really care one way or the other about healing prey.,description,QuirkDefs\QuirkPool_GoalPreference.xml,def,<ALIMT >(PH_1)</ALIMT> doesn't really care one way or the other about healing prey.
GoalPreference_Predator_Heal_Dislikes.label,Unhealthy pred,label,QuirkDefs\QuirkPool_GoalPreference.xml,def,Unhealthy pred
GoalPreference_Predator_Heal_Dislikes.description,[PAWN_label] dislikes healing prey.,description,QuirkDefs\QuirkPool_GoalPreference.xml,def,<ALIMT >(PH_1)</ALIMT> dislikes healing prey.
GoalPreference_Predator_Heal_Refuses.label,Healing refusal,label,QuirkDefs\QuirkPool_GoalPreference.xml,def,Healing refusal
GoalPreference_Predator_Heal_Refuses.description,[PAWN_label] hates healing prey.,description,QuirkDefs\QuirkPool_GoalPreference.xml,def,<ALIMT >(PH_1)</ALIMT> hates healing prey.
GoalPreference_Prey_Digest.label,Preyish goal preference (digestion),label,QuirkDefs\QuirkPool_GoalPreference.xml,def,Preyish goal preference (digestion)
GoalPreference_Prey_Digest.description,"These quirks determine how much a pawn wants to be digested (or converted into some other material). At the extremes, the pawn will either never or always try to be digested. Be careful increasing the commonality of a digestion preference: willing pawns can easily be killed by predators with little notice.",description,QuirkDefs\QuirkPool_GoalPreference.xml,def,"These quirks determine how much a <ALIMT >(PH_2)</ALIMT> wants to be digested (or converted into some other material). At the extremes, the <ALIMT >(PH_1)</ALIMT> will either never or always try to be digested. Be careful increasing the commonality of a digestion preference: willing pawns can easily be killed by predators with little notice."
GoalPreference_Prey_Digest_Obsessed.label,Digestion-wish,label,QuirkDefs\QuirkPool_GoalPreference.xml,def,Digestion-wish
GoalPreference_Prey_Digest_Obsessed.description,"As an obsessive aliment(e), [PAWN_label] just can't help it; [PAWN_pronoun] wants to be utterly digested.",description,QuirkDefs\QuirkPool_GoalPreference.xml,def,"As an obsessive <ALIMT >(PH_3)</ALIMT>, <ALIMT >(PH_2)</ALIMT> just can't help it; <ALIMT >(PH_1)</ALIMT> wants to be utterly digested."
GoalPreference_Prey_Digest_Likes.label,Aliment,label,QuirkDefs\QuirkPool_GoalPreference.xml,def,Aliment
GoalPreference_Prey_Digest_Likes.description,"As an aliment(e), [PAWN_label] often thinks about getting digested someday.",description,QuirkDefs\QuirkPool_GoalPreference.xml,def,"As an <ALIMT >(PH_2)</ALIMT>, <ALIMT >(PH_1)</ALIMT> often thinks about getting digested someday."
GoalPreference_Prey_Digest_Neutral.label,Alimentary ambivalence,label,QuirkDefs\QuirkPool_GoalPreference.xml,def,Alimentary ambivalence
GoalPreference_Prey_Digest_Neutral.description,[PAWN_label] doesn't really care one way or the other about being digested.,description,QuirkDefs\QuirkPool_GoalPreference.xml,def,<ALIMT >(PH_1)</ALIMT> doesn't really care one way or the other about being digested.
GoalPreference_Prey_Digest_Dislikes.label,Alimentary aversion,label,QuirkDefs\QuirkPool_GoalPreference.xml,def,Alimentary aversion
GoalPreference_Prey_Digest_Dislikes.description,"[PAWN_label] is not particularly interested in an early, acidic grave.",description,QuirkDefs\QuirkPool_GoalPreference.xml,def,"<ALIMT >(PH_1)</ALIMT> is not particularly interested in an early, acidic grave."
GoalPreference_Prey_Digest_Refuses.label,Life-wish,label,QuirkDefs\QuirkPool_GoalPreference.xml,def,Life-wish
GoalPreference_Prey_Digest_Refuses.description,Are you mad? Who would want to be digested alive? [PAWN_label] certainly doesn't.,description,QuirkDefs\QuirkPool_GoalPreference.xml,def,Are you mad? Who would want to be digested alive? <ALIMT >(PH_1)</ALIMT> certainly doesn't.
GoalPreference_Prey_Pleasure.label,Preyish goal preference (pleasure),label,QuirkDefs\QuirkPool_GoalPreference.xml,def,Preyish goal preference (pleasure)
GoalPreference_Prey_Pleasure.description,"These quirks determine how much a pawn wants to be used by a predator for pleasure. At the extremes, the pawn will either never or always try to be pleasured.",description,QuirkDefs\QuirkPool_GoalPreference.xml,def,"These quirks determine how much a <ALIMT >(PH_2)</ALIMT> wants to be used by a predator for pleasure. At the extremes, the <ALIMT >(PH_1)</ALIMT> will either never or always try to be pleasured."
GoalPreference_Prey_Pleasure_Obsessed.label,Obsessive Godemichet,label,QuirkDefs\QuirkPool_GoalPreference.xml,def,Obsessive Godemichet
GoalPreference_Prey_Pleasure_Obsessed.description,"As an obsessive godemichet(te), [PAWN_label] lives to be used for pleasure, and seeks it in the bellies of predators.",description,QuirkDefs\QuirkPool_GoalPreference.xml,def,"As an obsessive <ALIMT >(PH_2)</ALIMT>, <ALIMT >(PH_1)</ALIMT> lives to be used for pleasure, and seeks it in the bellies of predators."
GoalPreference_Prey_Pleasure_Likes.label,Godemichet,label,QuirkDefs\QuirkPool_GoalPreference.xml,def,Godemichet
GoalPreference_Prey_Pleasure_Likes.description,"As a godemichet(te), [PAWN_label] likes to get off deep inside someone just as much as shallowly.",description,QuirkDefs\QuirkPool_GoalPreference.xml,def,"As a <ALIMT >(PH_2)</ALIMT>, <ALIMT >(PH_1)</ALIMT> likes to get off deep inside someone just as much as shallowly."
GoalPreference_Prey_Pleasure_Neutral.label,Dildo ambivalence,label,QuirkDefs\QuirkPool_GoalPreference.xml,def,<ALIMT >dildo</ALIMT> ambivalence
GoalPreference_Prey_Pleasure_Neutral.description,[PAWN_label] doesn't really care one way or the other about being used for a predator's pleasure.,description,QuirkDefs\QuirkPool_GoalPreference.xml,def,<ALIMT >(PH_1)</ALIMT> doesn't really care one way or the other about being used for a predator's pleasure.
GoalPreference_Prey_Pleasure_Dislikes.label,Chaste prey,label,QuirkDefs\QuirkPool_GoalPreference.xml,def,Chaste prey
GoalPreference_Prey_Pleasure_Dislikes.description,[PAWN_label] dislikes climbing into a predator for pleasure's sake. Maybe [PAWN_pronoun]'s some sort of weirdo who doesn't find innards arousing?,description,QuirkDefs\QuirkPool_GoalPreference.xml,def,<ALIMT >(PH_2)</ALIMT> dislikes climbing into a predator for pleasure's sake. Maybe <ALIMT >(PH_1)</ALIMT>'s some sort of weirdo who doesn't find innards arousing?
GoalPreference_Prey_Pleasure_Refuses.label,Celibate prey,label,QuirkDefs\QuirkPool_GoalPreference.xml,def,Celibate prey
GoalPreference_Prey_Pleasure_Refuses.description,[PAWN_label] hates trying to find pleasure in the insides of a predator. [PAWN_pronoun] just can't get it on in there.,description,QuirkDefs\QuirkPool_GoalPreference.xml,def,<ALIMT >(PH_2)</ALIMT> hates trying to find pleasure in the insides of a predator. <ALIMT >(PH_1)</ALIMT> just can't get it on in there.
GoalPreference_Prey_Store.label,Preyish goal preference (storage),label,QuirkDefs\QuirkPool_GoalPreference.xml,def,Preyish goal preference (storage)
GoalPreference_Prey_Store.description,"These quirks determine how much a pawn wants to be stored indefinitely inside a predator. At the extremes, the pawn will either never or always try to be stored. Be careful increasing the commonality of a storage preference: willing pawns can easily be lost indefinitely among however many predators you have who are capable of storage.",description,QuirkDefs\QuirkPool_GoalPreference.xml,def,"These quirks determine how much a <ALIMT >(PH_2)</ALIMT> wants to be stored indefinitely inside a predator. At the extremes, the <ALIMT >(PH_1)</ALIMT> will either never or always try to be stored. Be careful increasing the commonality of a storage preference: willing pawns can easily be lost indefinitely among however many predators you have who are capable of storage."
GoalPreference_Prey_Store_Obsessed.label,Shut-in prey,label,QuirkDefs\QuirkPool_GoalPreference.xml,def,Shut-in prey
GoalPreference_Prey_Store_Obsessed.description,[PAWN_label] would rather live the rest of [PAWN_possessive] life inside someone's belly than contribute to society in any way.,description,QuirkDefs\QuirkPool_GoalPreference.xml,def,<ALIMT >(PH_2)</ALIMT> would rather live the rest of <ALIMT >(PH_1)</ALIMT> life inside someone's belly than contribute to society in any way.
GoalPreference_Prey_Store_Likes.label,Live-in prey,label,QuirkDefs\QuirkPool_GoalPreference.xml,def,Live-in prey
GoalPreference_Prey_Store_Likes.description,"Sometimes, [PAWN_label] just wants to take a vacation inside of someone. Or move in.",description,QuirkDefs\QuirkPool_GoalPreference.xml,def,"Sometimes, <ALIMT >(PH_1)</ALIMT> just wants to take a vacation inside of someone. Or move in."
GoalPreference_Prey_Store_Neutral.label,Live-in ambivalence,label,QuirkDefs\QuirkPool_GoalPreference.xml,def,Live-in ambivalence
GoalPreference_Prey_Store_Neutral.description,[PAWN_label] doesn't really care one way or the other about being stored indefinitely.,description,QuirkDefs\QuirkPool_GoalPreference.xml,def,<ALIMT >(PH_1)</ALIMT> doesn't really care one way or the other about being stored indefinitely.
GoalPreference_Prey_Store_Dislikes.label,Busy prey,label,QuirkDefs\QuirkPool_GoalPreference.xml,def,Busy prey
GoalPreference_Prey_Store_Dislikes.description,"If you have to eat [PAWN_label], at least don't make it an extended stay. [PAWN_pronoun] has [PAWN_possessive] own things to do.",description,QuirkDefs\QuirkPool_GoalPreference.xml,def,"If you have to eat <ALIMT >(PH_3)</ALIMT>, at least don't make it an extended stay. <ALIMT >(PH_2)</ALIMT> has <ALIMT >(PH_1)</ALIMT> own things to do."
GoalPreference_Prey_Store_Refuses.label,In-and-out prey,label,QuirkDefs\QuirkPool_GoalPreference.xml,def,In-and-out prey
GoalPreference_Prey_Store_Refuses.description,"[PAWN_label] cannot think of a life more boring than squishing around inside of a predator for days, months, or heaven forbid, years.",description,QuirkDefs\QuirkPool_GoalPreference.xml,def,"<ALIMT >(PH_1)</ALIMT> cannot think of a life more boring than squishing around inside of a predator for days, months, or heaven forbid, years."
GoalPreference_Prey_Hold.label,Preyish goal preference (Hold),label,QuirkDefs\QuirkPool_GoalPreference.xml,def,Preyish goal preference (Hold)
GoalPreference_Prey_Hold.description,"These quirks determine how much a pawn wants to be temporarily stored inside a predator. At the extremes, the pawn will either never or always try to be temp-stored.",description,QuirkDefs\QuirkPool_GoalPreference.xml,def,"These quirks determine how much a <ALIMT >(PH_2)</ALIMT> wants to be temporarily stored inside a predator. At the extremes, the <ALIMT >(PH_1)</ALIMT> will either never or always try to be temp-stored."
GoalPreference_Prey_Hold_Obsessed.label,In-and-out prey,label,QuirkDefs\QuirkPool_GoalPreference.xml,def,In-and-out prey
GoalPreference_Prey_Hold_Obsessed.description,[PAWN_label] loves passing through and taking in the sights of [PAWN_possessive] predators.,description,QuirkDefs\QuirkPool_GoalPreference.xml,def,<ALIMT >(PH_2)</ALIMT> loves passing through and taking in the sights of <ALIMT >(PH_1)</ALIMT> predators.
GoalPreference_Prey_Hold_Likes.label,Live-in prey,label,QuirkDefs\QuirkPool_GoalPreference.xml,def,Live-in prey
GoalPreference_Prey_Hold_Likes.description,"Sometimes, [PAWN_label] just wants to take a vacation inside of someone. Or move in.",description,QuirkDefs\QuirkPool_GoalPreference.xml,def,"Sometimes, <ALIMT >(PH_1)</ALIMT> just wants to take a vacation inside of someone. Or move in."
GoalPreference_Prey_Hold_Neutral.label,Hold ambivalence,label,QuirkDefs\QuirkPool_GoalPreference.xml,def,Hold ambivalence
GoalPreference_Prey_Hold_Neutral.description,[PAWN_label] doesn't really care one way or the other about being held temporarily.,description,QuirkDefs\QuirkPool_GoalPreference.xml,def,<ALIMT >(PH_1)</ALIMT> doesn't really care one way or the other about being held temporarily.
GoalPreference_Prey_Hold_Dislikes.label,Busy prey,label,QuirkDefs\QuirkPool_GoalPreference.xml,def,Busy prey
GoalPreference_Prey_Hold_Dislikes.description,"If you have to eat [PAWN_label], at least don't make it an extended stay. [PAWN_pronoun] has [PAWN_possessive] own things to do.",description,QuirkDefs\QuirkPool_GoalPreference.xml,def,"If you have to eat <ALIMT >(PH_3)</ALIMT>, at least don't make it an extended stay. <ALIMT >(PH_2)</ALIMT> has <ALIMT >(PH_1)</ALIMT> own things to do."
GoalPreference_Prey_Hold_Refuses.label,Unwilling,label,QuirkDefs\QuirkPool_GoalPreference.xml,def,Unwilling
GoalPreference_Prey_Hold_Refuses.description,"[PAWN_label] cannot think of a life more boring than squishing around inside of a predator for days, months, or heaven forbid, years.",description,QuirkDefs\QuirkPool_GoalPreference.xml,def,"<ALIMT >(PH_1)</ALIMT> cannot think of a life more boring than squishing around inside of a predator for days, months, or heaven forbid, years."
GoalPreference_Prey_Heal.label,Preyish goal preference (heal),label,QuirkDefs\QuirkPool_GoalPreference.xml,def,Preyish goal preference (heal)
GoalPreference_Prey_Heal.description,"These quirks determine how much a pawn wants to be healed inside a predator. At the extremes, the pawn will either never or always try to be heal-vored.",description,QuirkDefs\QuirkPool_GoalPreference.xml,def,"These quirks determine how much a <ALIMT >(PH_2)</ALIMT> wants to be healed inside a predator. At the extremes, the <ALIMT >(PH_1)</ALIMT> will either never or always try to be heal-vored."
GoalPreference_Prey_Heal_Obsessed.label,Hypochondriac,label,QuirkDefs\QuirkPool_GoalPreference.xml,def,Hypochondriac
GoalPreference_Prey_Heal_Obsessed.description,"[PAWN_label] always feels like they need to slip into someone to be healed, even when [PAWN_possessive] is perfectly fine.",description,QuirkDefs\QuirkPool_GoalPreference.xml,def,"<ALIMT >(PH_2)</ALIMT> always feels like they need to slip into someone to be healed, even when <ALIMT >(PH_1)</ALIMT> is perfectly fine."
GoalPreference_Prey_Heal_Likes.label,Cozy prey,label,QuirkDefs\QuirkPool_GoalPreference.xml,def,Cozy prey
GoalPreference_Prey_Heal_Likes.description,[PAWN_label] prefers healing vore over an expensive trip to a spa.,description,QuirkDefs\QuirkPool_GoalPreference.xml,def,<ALIMT >(PH_1)</ALIMT> prefers healing <ALIMT >vore</ALIMT> over an expensive trip to a spa.
GoalPreference_Prey_Heal_Neutral.label,Heal ambivalence,label,QuirkDefs\QuirkPool_GoalPreference.xml,def,Heal ambivalence
GoalPreference_Prey_Heal_Neutral.description,[PAWN_label] doesn't really care one way or the other about being vored for health.,description,QuirkDefs\QuirkPool_GoalPreference.xml,def,<ALIMT >(PH_1)</ALIMT> doesn't really care one way or the other about being vored for health.
GoalPreference_Prey_Heal_Dislikes.label,Uncomfortable prey,label,QuirkDefs\QuirkPool_GoalPreference.xml,def,Uncomfortable prey
GoalPreference_Prey_Heal_Dislikes.description,"[PAWN_label] would prefer not being vored this way, even if it would be beneficial for their health.",description,QuirkDefs\QuirkPool_GoalPreference.xml,def,"<ALIMT >(PH_1)</ALIMT> would prefer not being vored this way, even if it would be beneficial for their health."
GoalPreference_Prey_Heal_Refuses.label,Trypanophobia,label,QuirkDefs\QuirkPool_GoalPreference.xml,def,Trypanophobia
GoalPreference_Prey_Heal_Refuses.description,[PAWN_label] would rather succumb to their injuries than allow [PAWN_objective]self to be used as a healing prey.,description,QuirkDefs\QuirkPool_GoalPreference.xml,def,<ALIMT >(PH_2)</ALIMT> would rather succumb to their injuries than allow <ALIMT >(PH_1)</ALIMT>self to be used as a healing prey.
GoalSwitching.label,Goal switching,label,QuirkDefs\QuirkPool_GoalSwitching.xml,def,Goal switching
GoalSwitching.description,Pawns with this quirk can trick prey to accept a different goal for proposals and then switch the goal against the preys preference.,description,QuirkDefs\QuirkPool_GoalSwitching.xml,def,Pawns with this quirk can trick prey to accept a different goal for proposals and then <ALIMT >switch</ALIMT> the goal against the preys preference.
GoalSwitching_Enabled.label,Mischievous,label,QuirkDefs\QuirkPool_GoalSwitching.xml,def,Mischievous
GoalSwitching_Enabled.description,[PAWN_label] is mischievous at heart. [PAWN_pronoun] may propose one kind of vore to someone and then pull a fast one and do something entirely different.,description,QuirkDefs\QuirkPool_GoalSwitching.xml,def,<ALIMT >(PH_2)</ALIMT> is mischievous at heart. <ALIMT >(PH_1)</ALIMT> may propose one kind of <ALIMT >vore</ALIMT> to someone and then pull a fast one and do something entirely different.
GrappleStrength.label,Grapple strength,label,QuirkDefs\QuirkPool_GrappleStrength.xml,def,Grapple strength
GrappleStrength.description,These quirks influence the pawns capability of moving the bar in their favor during a vore grapple. These apply to both attacking and defending.,description,QuirkDefs\QuirkPool_GrappleStrength.xml,def,These quirks influence the pawns capability of moving the bar in their favor during a <ALIMT >vore</ALIMT> grapple. These apply to both attacking and defending.
GrappleStrength_VeryGood.label,Professional Wrestler,label,QuirkDefs\QuirkPool_GrappleStrength.xml,def,Professional Wrestler
GrappleStrength_VeryGood.description,[PAWN_label] is an expert at hand-to-hand combat when it comes to wrestling for vore.,description,QuirkDefs\QuirkPool_GrappleStrength.xml,def,<ALIMT >(PH_1)</ALIMT> is an expert at hand-to-hand combat when it comes to wrestling for <ALIMT >vore</ALIMT>.
GrappleStrength_Good.label,Wrestler,label,QuirkDefs\QuirkPool_GrappleStrength.xml,def,Wrestler
GrappleStrength_Good.description,[PAWN_label] has some experience when it comes to wrestling.,description,QuirkDefs\QuirkPool_GrappleStrength.xml,def,<ALIMT >(PH_1)</ALIMT> has some experience when it comes to wrestling.
GrappleStrength_Normal.label,Normal,label,QuirkDefs\QuirkPool_GrappleStrength.xml,def,Normal
GrappleStrength_Normal.description,[PAWN_label] has no special experience that affects grapple strength.,description,QuirkDefs\QuirkPool_GrappleStrength.xml,def,<ALIMT >(PH_1)</ALIMT> has no special experience that affects grapple strength.
GrappleStrength_Bad.label,Weak grip,label,QuirkDefs\QuirkPool_GrappleStrength.xml,def,Weak grip
GrappleStrength_Bad.description,[PAWN_label] has issues when it comes to wrestling with [PAWN_possessive] opponents.,description,QuirkDefs\QuirkPool_GrappleStrength.xml,def,<ALIMT >(PH_2)</ALIMT> has issues when it comes to wrestling with <ALIMT >(PH_1)</ALIMT> opponents.
GrappleStrength_VeryBad.label,Carpal tunnel syndrome,label,QuirkDefs\QuirkPool_GrappleStrength.xml,def,Carpal tunnel syndrome
GrappleStrength_VeryBad.description,"[PAWN_label] has suffered some injuries to [PAWN_possessive] wrists, which makes [PAWN_objective] useless in grappling combat.",description,QuirkDefs\QuirkPool_GrappleStrength.xml,def,"<ALIMT >(PH_3)</ALIMT> has suffered some injuries to <ALIMT >(PH_2)</ALIMT> wrists, which makes <ALIMT >(PH_1)</ALIMT> useless in grappling combat."
Inabilities.label,Inabilities,label,QuirkDefs\QuirkPool_Inabilities.xml,def,Inabilities
Inabilities.description,These quirks block any goals of vore that are either fatal or non-fatal. They require one of the normal extremes of digestion strength each. They may be replaced at a later date with more goal-specific blockers.,description,QuirkDefs\QuirkPool_Inabilities.xml,def,These quirks block any goals of <ALIMT >vore</ALIMT> that are either fatal or non-fatal. They require one of the normal extremes of digestion strength each. They may be replaced at a later date with more goal-specific blockers.
Inability_PredEndoOnly.label,Unacerbic,label,QuirkDefs\QuirkPool_Inabilities.xml,def,Unacerbic
Inability_PredEndoOnly.description,"[PAWN_label] can’t digest anyone--not alive, at least. [PAWN_pronoun] has the stretchiness to swallow prey, but none of the acidity to melt them. For nutrition, [PAWN_pronoun] has to settle for normal food instead.",description,QuirkDefs\QuirkPool_Inabilities.xml,def,"<ALIMT >(PH_3)</ALIMT> can’t digest anyone--not alive, at least. <ALIMT >(PH_2)</ALIMT> has the stretchiness to swallow prey, but none of the acidity to melt them. For nutrition, <ALIMT >(PH_1)</ALIMT> has to settle for normal food instead."
Inability_PredFatalOnly.label,Hyperacerbic,label,QuirkDefs\QuirkPool_Inabilities.xml,def,Hyperacerbic
Inability_PredFatalOnly.description,"[PAWN_label]’s innards are totally unsafe, no matter the hole. All roads lead to digestion.",description,QuirkDefs\QuirkPool_Inabilities.xml,def,"<ALIMT >(PH_1)</ALIMT>’s innards are totally unsafe, no matter the hole. All roads lead to digestion."
InternalTemperature.label,Internal temperature,label,QuirkDefs\QuirkPool_InternalTemperature.xml,def,Internal temperature
InternalTemperature.description,These quirks determine how hot or cold their insides are for the prey.,description,QuirkDefs\QuirkPool_InternalTemperature.xml,def,These quirks determine how <ALIMT >hot</ALIMT> or cold their insides are for the prey.
InternalTemperature_Hot.label,Hot guts,label,QuirkDefs\QuirkPool_InternalTemperature.xml,def,<ALIMT >hot</ALIMT> guts
InternalTemperature_Hot.description,"[PAWN_label] insides are dangerously hot (60°C / 140°F), any prey inside of [PAWN_objective] is liable to suffer from heatstroke.",description,QuirkDefs\QuirkPool_InternalTemperature.xml,def,"<ALIMT >(PH_2)</ALIMT> insides are dangerously <ALIMT >hot</ALIMT> (60°C / 140°F), any prey inside of <ALIMT >(PH_1)</ALIMT> is liable to suffer from heatstroke."
InternalTemperature_Warm.label,Warm,label,QuirkDefs\QuirkPool_InternalTemperature.xml,def,Warm
InternalTemperature_Warm.description,"[PAWN_label] insides are warmer than usual insides (40°C / 104°F), prey inside may suffer from heatstroke after prolonged vore.",description,QuirkDefs\QuirkPool_InternalTemperature.xml,def,"<ALIMT >(PH_1)</ALIMT> insides are warmer than usual insides (40°C / 104°F), prey inside may suffer from heatstroke after prolonged <ALIMT >vore</ALIMT>."
InternalTemperature_Normal.label,Normal,label,QuirkDefs\QuirkPool_InternalTemperature.xml,def,Normal
InternalTemperature_Normal.description,[PAWN_label] insides are just as warm as any other pawns.,description,QuirkDefs\QuirkPool_InternalTemperature.xml,def,<ALIMT >(PH_1)</ALIMT> insides are just as warm as any other pawns.
InternalTemperature_Cold.label,Cold,label,QuirkDefs\QuirkPool_InternalTemperature.xml,def,Cold
InternalTemperature_Cold.description,"[PAWN_label] insides are colder than usual (12°C / 53.6°F), long vores may lead to pawns suffering from frostbite.",description,QuirkDefs\QuirkPool_InternalTemperature.xml,def,"<ALIMT >(PH_1)</ALIMT> insides are colder than usual (12°C / 53.6°F), long vores may lead to pawns suffering from frostbite."
InternalTemperature_Freezing.label,Freezer,label,QuirkDefs\QuirkPool_InternalTemperature.xml,def,Freezer
InternalTemperature_Freezing.description,"[PAWN_label] insides are freezing (0°C / 32°F), some genetic mutation lowers [PAWN_objective] to freezing temperatures.",description,QuirkDefs\QuirkPool_InternalTemperature.xml,def,"<ALIMT >(PH_2)</ALIMT> insides are freezing (0°C / 32°F), some genetic mutation lowers <ALIMT >(PH_1)</ALIMT> to freezing temperatures."
ItemDamage.label,Item damage,label,QuirkDefs\QuirkPool_ItemDamage.xml,def,Item damage
ItemDamage.description,"These quirks determine how much damage implants and clothing worn by the prey receives when the prey who came with them is digested, converted into some other material, assimilated, or otherwise killed by an act of vore.",description,QuirkDefs\QuirkPool_ItemDamage.xml,def,"These quirks determine how much damage implants and clothing worn by the prey receives when the prey who came with them is digested, converted into some other material, assimilated, or otherwise killed by an act of <ALIMT >vore</ALIMT>."
ItemDamage_Default.label,Normal item damage,label,QuirkDefs\QuirkPool_ItemDamage.xml,def,Normal item damage
ItemDamage_Default.description,"[PAWN_label] damages clothing and implants to a normal degree. The stomach wasn't necessarily designed to digest tough fiber and machined plasteel, but neither were clothes and delicate mechanisms necessarily designed to survive a long acid bath.",description,QuirkDefs\QuirkPool_ItemDamage.xml,def,"<ALIMT >(PH_1)</ALIMT> damages clothing and implants to a normal degree. The stomach wasn't necessarily designed to digest tough fiber and machined plasteel, but neither were clothes and delicate mechanisms necessarily designed to survive a long acid bath."
ItemDamage_Traceless.label,Traceless digestion,label,QuirkDefs\QuirkPool_ItemDamage.xml,def,Traceless digestion
ItemDamage_Traceless.description,"[PAWN_label] leaves no trace of [PAWN_possessive] prey when [PAWN_pronoun] is done digesting. Clothing, implants, power armor? It all turns to mush, if anything at all.",description,QuirkDefs\QuirkPool_ItemDamage.xml,def,"<ALIMT >(PH_3)</ALIMT> leaves no trace of <ALIMT >(PH_2)</ALIMT> prey when <ALIMT >(PH_1)</ALIMT> is done digesting. Clothing, implants, power armor? It all turns to mush, if anything at all."
ItemDamage_Moth.label,Mothlike digestion,label,QuirkDefs\QuirkPool_ItemDamage.xml,def,Mothlike digestion
ItemDamage_Moth.description,[PAWN_label] has a habit of melting the clothes amd prosthetics off [PAWN_possessive] prey when digesting them. Their innards are just so harsh on such petty accessories.,description,QuirkDefs\QuirkPool_ItemDamage.xml,def,<ALIMT >(PH_2)</ALIMT> has a habit of melting the clothes amd prosthetics off <ALIMT >(PH_1)</ALIMT> prey when digesting them. Their innards are just so harsh on such petty accessories.
ItemDamage_FiberFriendly.label,Fiber-friendly digestion,label,QuirkDefs\QuirkPool_ItemDamage.xml,def,Fiber-friendly digestion
ItemDamage_FiberFriendly.description,"[PAWN_label]’s digestive system isn’t all that harsh on clothing and other accessories [PAWN_possessive] gurgled prey might have. That’s not to say that they’ll come out completely unscathed, however.",description,QuirkDefs\QuirkPool_ItemDamage.xml,def,"<ALIMT >(PH_2)</ALIMT>’s digestive system isn’t all that harsh on clothing and other accessories <ALIMT >(PH_1)</ALIMT> gurgled prey might have. That’s not to say that they’ll come out completely unscathed, however."
ItemDamage_Spotless.label,Spotless digestion,label,QuirkDefs\QuirkPool_ItemDamage.xml,def,Spotless digestion
ItemDamage_Spotless.description,"[PAWN_label] has such a clean and purpose-driven digestive system that [PAWN_pronoun] can digest prey clean out of their clothes, leaving such vestments not only undamaged, but just as spotless as when they were donned. The same goes for implants and so on.",description,QuirkDefs\QuirkPool_ItemDamage.xml,def,"<ALIMT >(PH_2)</ALIMT> has such a clean and purpose-driven digestive system that <ALIMT >(PH_1)</ALIMT> can digest prey clean out of their clothes, leaving such vestments not only undamaged, but just as spotless as when they were donned. The same goes for implants and so on."
Mobility.label,Mobility,label,QuirkDefs\QuirkPool_Mobility.xml,def,Mobility
Mobility.description,"These quirks determine the impact on a pawn's mobility when said pawn is full of prey. It serves as a soft limit on capacity, as an immobile pawn can still be hand-fed.",description,QuirkDefs\QuirkPool_Mobility.xml,def,"These quirks determine the impact on a <ALIMT >(PH_3)</ALIMT>'s mobility when said <ALIMT >(PH_2)</ALIMT> is full of prey. It serves as a soft limit on capacity, as an immobile <ALIMT >(PH_1)</ALIMT> can still be hand-fed."
Mobility_Godlike.label,Godlike Agility,label,QuirkDefs\QuirkPool_Mobility.xml,def,Godlike Agility
Mobility_Godlike.description,"[PAWN_label] makes walking around with the weight of multiple full grown people hanging off of [PAWN_objective] look effortless, in a way that seems to defy the laws of physics.",description,QuirkDefs\QuirkPool_Mobility.xml,def,"<ALIMT >(PH_2)</ALIMT> makes walking around with the weight of multiple full grown people hanging off of <ALIMT >(PH_1)</ALIMT> look effortless, in a way that seems to defy the laws of physics."
Mobility_VeryGood.label,Belly acrobat,label,QuirkDefs\QuirkPool_Mobility.xml,def,Belly acrobat
Mobility_VeryGood.description,"[PAWN_label] moves freely while full of prey, as though [PAWN_possessive] belly wasn't there.",description,QuirkDefs\QuirkPool_Mobility.xml,def,"<ALIMT >(PH_2)</ALIMT> moves freely while full of prey, as though <ALIMT >(PH_1)</ALIMT> belly wasn't there."
Mobility_Good.label,Belly-nimble,label,QuirkDefs\QuirkPool_Mobility.xml,def,Belly-nimble
Mobility_Good.description,[PAWN_label] knows how to keep [PAWN_possessive] balance with a bulging belly.,description,QuirkDefs\QuirkPool_Mobility.xml,def,<ALIMT >(PH_2)</ALIMT> knows how to keep <ALIMT >(PH_1)</ALIMT> balance with a bulging belly.
Mobility_Normal.label,Belly-functional,label,QuirkDefs\QuirkPool_Mobility.xml,def,Belly-functional
Mobility_Normal.description,[PAWN_label] is affected by their prey's weight like anyone else.,description,QuirkDefs\QuirkPool_Mobility.xml,def,<ALIMT >(PH_1)</ALIMT> is affected by their prey's weight like anyone else.
Mobility_Bad.label,Belly-clumsy,label,QuirkDefs\QuirkPool_Mobility.xml,def,Belly-clumsy
Mobility_Bad.description,[PAWN_label] is unsteady with a big belly and prone to tumbling whenever [PAWN_possessive] prey decide to kick around.,description,QuirkDefs\QuirkPool_Mobility.xml,def,<ALIMT >(PH_2)</ALIMT> is unsteady with a big belly and prone to tumbling whenever <ALIMT >(PH_1)</ALIMT> prey decide to kick around.
Mobility_VeryBad.label,Belly-dysfunctional,label,QuirkDefs\QuirkPool_Mobility.xml,def,Belly-dysfunctional
Mobility_VeryBad.description,"[PAWN_label] can barely stay on [PAWN_possessive] feet with a big, round belly, let alone jog around.",description,QuirkDefs\QuirkPool_Mobility.xml,def,"<ALIMT >(PH_2)</ALIMT> can barely stay on <ALIMT >(PH_1)</ALIMT> feet with a big, round belly, let alone jog around."
NutritionEfficiency.label,Nutrition efficiency,label,QuirkDefs\QuirkPool_NutritionAmount.xml,def,Nutrition efficiency
NutritionEfficiency.description,"These quirks determine how efficient a predator's digestion and conversion are with prey, unconnected to any metabolism modifiers. The better the efficiency, the more vore product a predator produces.",description,QuirkDefs\QuirkPool_NutritionAmount.xml,def,"These quirks determine how efficient a predator's digestion and conversion are with prey, unconnected to any metabolism modifiers. The better the efficiency, the more <ALIMT >vore</ALIMT> product a predator produces."
NutritionEfficiency_Godlike.label,Godlike Efficiency,label,QuirkDefs\QuirkPool_NutritionAmount.xml,def,Godlike Efficiency
NutritionEfficiency_Godlike.description,"Is it magic? Archotech implants? Who knows! At the end of the day, all that really matters is that [PAWN_label] is capable of feeding or fertilizing an entire colony on [PAWN_possessive] own.",description,QuirkDefs\QuirkPool_NutritionAmount.xml,def,"Is it magic? Archotech implants? Who knows! At the end of the day, all that really matters is that <ALIMT >(PH_2)</ALIMT> is capable of feeding or fertilizing an entire colony on <ALIMT >(PH_1)</ALIMT> own."
NutritionEfficiency_VeryGood.label,Industrial efficiency,label,QuirkDefs\QuirkPool_NutritionAmount.xml,def,Industrial efficiency
NutritionEfficiency_VeryGood.description,[PAWN_label] is about twice as efficient at gaining nourishment and producing materials from prey as other predators. [PAWN_pronoun] uses the whole muffalo.,description,QuirkDefs\QuirkPool_NutritionAmount.xml,def,<ALIMT >(PH_2)</ALIMT> is about twice as efficient at gaining nourishment and producing materials from prey as other predators. <ALIMT >(PH_1)</ALIMT> uses the whole muffalo.
NutritionEfficiency_Good.label,Efficient,label,QuirkDefs\QuirkPool_NutritionAmount.xml,def,Efficient
NutritionEfficiency_Good.description,[PAWN_label] is about 150% as efficient at gaining nourishment and producing materials from prey as other predators. [PAWN_possessive] body just knows how to coax a little more nutrition out of the marrows and ligaments of [PAWN_possessive] prey.,description,QuirkDefs\QuirkPool_NutritionAmount.xml,def,<ALIMT >(PH_3)</ALIMT> is about 150% as efficient at gaining nourishment and producing materials from prey as other predators. <ALIMT >(PH_2)</ALIMT> body just knows how to coax a little more nutrition out of the marrows and ligaments of <ALIMT >(PH_1)</ALIMT> prey.
NutritionEfficiency_Normal.label,Normal efficiency,label,QuirkDefs\QuirkPool_NutritionAmount.xml,def,Normal efficiency
NutritionEfficiency_Normal.description,[PAWN_label] is as efficient as other predators.,description,QuirkDefs\QuirkPool_NutritionAmount.xml,def,<ALIMT >(PH_1)</ALIMT> is as efficient as other predators.
NutritionEfficiency_Bad.label,Inefficient,label,QuirkDefs\QuirkPool_NutritionAmount.xml,def,Inefficient
NutritionEfficiency_Bad.description,"[PAWN_label] is about 75% as efficient at gaining nourishment and producing materials from prey as other predators. [PAWN_possessive] body just isn't as good at breaking down all those tough, unchewed tissues into something nutritious.",description,QuirkDefs\QuirkPool_NutritionAmount.xml,def,"<ALIMT >(PH_2)</ALIMT> is about 75% as efficient at gaining nourishment and producing materials from prey as other predators. <ALIMT >(PH_1)</ALIMT> body just isn't as good at breaking down all those tough, unchewed tissues into something nutritious."
NutritionEfficiency_VeryBad.label,Very inefficient,label,QuirkDefs\QuirkPool_NutritionAmount.xml,def,Very inefficient
NutritionEfficiency_VeryBad.description,[PAWN_label] is about half as efficient at gaining nourishment and producing materials from prey as other predators. [PAWN_pronoun] needs to eat a lot of people to stay full.,description,QuirkDefs\QuirkPool_NutritionAmount.xml,def,<ALIMT >(PH_2)</ALIMT> is about half as efficient at gaining nourishment and producing materials from prey as other predators. <ALIMT >(PH_1)</ALIMT> needs to eat a lot of people to stay full.
PreyNutrition.label,Nutritiousness,label,QuirkDefs\QuirkPool_NutritionAmount.xml,def,Nutritiousness
PreyNutrition.description,"These quirks determine how nutritious the pawn is to predators. The more nutritious, the more vore products will be produced.",description,QuirkDefs\QuirkPool_NutritionAmount.xml,def,"These quirks determine how nutritious the <ALIMT >(PH_1)</ALIMT> is to predators. The more nutritious, the more <ALIMT >vore</ALIMT> products will be produced."
PreyNutrition_VeryGood.label,Very nutritious,label,QuirkDefs\QuirkPool_NutritionAmount.xml,def,Very nutritious
PreyNutrition_VeryGood.description,[PAWN_label] is about twice as nutritious as other prey. The best kind of ration around!,description,QuirkDefs\QuirkPool_NutritionAmount.xml,def,<ALIMT >(PH_1)</ALIMT> is about twice as nutritious as other prey. The best kind of ration around!
PreyNutrition_Good.label,Nutritious,label,QuirkDefs\QuirkPool_NutritionAmount.xml,def,Nutritious
PreyNutrition_Good.description,[PAWN_label] is about 150% as nutritious as other prey. [PAWN_pronoun]'ll keep a pred full for a while.,description,QuirkDefs\QuirkPool_NutritionAmount.xml,def,<ALIMT >(PH_2)</ALIMT> is about 150% as nutritious as other prey. <ALIMT >(PH_1)</ALIMT>'ll keep a pred full for a while.
PreyNutrition_Normal.label,Normal nutritiousness,label,QuirkDefs\QuirkPool_NutritionAmount.xml,def,Normal nutritiousness
PreyNutrition_Normal.description,[PAWN_label] is as nutritious as other prey.,description,QuirkDefs\QuirkPool_NutritionAmount.xml,def,<ALIMT >(PH_1)</ALIMT> is as nutritious as other prey.
PreyNutrition_Bad.label,Unnutritious,label,QuirkDefs\QuirkPool_NutritionAmount.xml,def,Unnutritious
PreyNutrition_Bad.description,[PAWN_label] is about 75% as nutritious as other prey. [PAWN_pronoun] wouldn't make for good livestock.,description,QuirkDefs\QuirkPool_NutritionAmount.xml,def,<ALIMT >(PH_2)</ALIMT> is about 75% as nutritious as other prey. <ALIMT >(PH_1)</ALIMT> wouldn't make for good livestock.
PreyNutrition_VeryBad.label,Junk prey,label,QuirkDefs\QuirkPool_NutritionAmount.xml,def,Junk prey
PreyNutrition_VeryBad.description,[PAWN_label] is about half as nutritious as other prey. You'd get a better meal out of a vending machine.,description,QuirkDefs\QuirkPool_NutritionAmount.xml,def,<ALIMT >(PH_1)</ALIMT> is about half as nutritious as other prey. You'd get a better meal out of a vending machine.
Persuasiveness.label,Persuasiveness,label,QuirkDefs\QuirkPool_Persuasiveness.xml,def,Persuasiveness
Persuasiveness.description,These quirks determine how convincing a pawn is at proposing a vore attempt.,description,QuirkDefs\QuirkPool_Persuasiveness.xml,def,These quirks determine how convincing a <ALIMT >(PH_1)</ALIMT> is at proposing a <ALIMT >vore</ALIMT> attempt.
Persuasiveness_VeryGood.label,Beguilingly voresuasive,label,QuirkDefs\QuirkPool_Persuasiveness.xml,def,Beguilingly voresuasive
Persuasiveness_VeryGood.description,Forget a silver tongue; [PAWN_label] has a whole maw-full of gold and honey. Targets are much more likely to agree to [PAWN_possessive] proposals.,description,QuirkDefs\QuirkPool_Persuasiveness.xml,def,Forget a silver tongue; <ALIMT >(PH_2)</ALIMT> has a whole maw-full of gold and honey. Targets are much more likely to agree to <ALIMT >(PH_1)</ALIMT> proposals.
Persuasiveness_Good.label,Voresuasive,label,QuirkDefs\QuirkPool_Persuasiveness.xml,def,Voresuasive
Persuasiveness_Good.description,[PAWN_label] has a silver tongue with the subject of vore. Targets are more likely to agree to [PAWN_possessive] proposals.,description,QuirkDefs\QuirkPool_Persuasiveness.xml,def,<ALIMT >(PH_2)</ALIMT> has a silver tongue with the subject of <ALIMT >vore</ALIMT>. Targets are more likely to agree to <ALIMT >(PH_1)</ALIMT> proposals.
Persuasiveness_Normal.label,Neutral charm,label,QuirkDefs\QuirkPool_Persuasiveness.xml,def,Neutral charm
Persuasiveness_Normal.description,[PAWN_label] is not particularly persuasive or unpersuasive about vore.,description,QuirkDefs\QuirkPool_Persuasiveness.xml,def,<ALIMT >(PH_1)</ALIMT> is not particularly persuasive or unpersuasive about <ALIMT >vore</ALIMT>.
Persuasiveness_Bad.label,Unvoresuasive,label,QuirkDefs\QuirkPool_Persuasiveness.xml,def,Unvoresuasive
Persuasiveness_Bad.description,[PAWN_label] can't think of any good arguments for why you should do vore with [PAWN_objective]. Targets are less likely to agree to [PAWN_possessive] proposals.,description,QuirkDefs\QuirkPool_Persuasiveness.xml,def,<ALIMT >(PH_3)</ALIMT> can't think of any good arguments for why you should do <ALIMT >vore</ALIMT> with <ALIMT >(PH_2)</ALIMT>. Targets are less likely to agree to <ALIMT >(PH_1)</ALIMT> proposals.
Persuasiveness_VeryBad.label,Staggeringly unvoresuasive,label,QuirkDefs\QuirkPool_Persuasiveness.xml,def,Staggeringly unvoresuasive
Persuasiveness_VeryBad.description,[PAWN_label] could convince a rampaging predator not to eat [PAWN_objective]... so long as [PAWN_pronoun] was actively trying to get eaten. Targets are much less likely to agree to [PAWN_possessive] proposals.,description,QuirkDefs\QuirkPool_Persuasiveness.xml,def,<ALIMT >(PH_4)</ALIMT> could convince a rampaging predator not to eat <ALIMT >(PH_3)</ALIMT>... so long as <ALIMT >(PH_2)</ALIMT> was actively trying to get eaten. Targets are much less likely to agree to <ALIMT >(PH_1)</ALIMT> proposals.
PostVoreAbilities.label,Post vore abilities,label,QuirkDefs\QuirkPool_PostVoreAbilities.xml,def,Post <ALIMT >vore</ALIMT> abilities
PostVoreAbilities.description,These quirks give pawns custom abilities that are triggered after vore.,description,QuirkDefs\QuirkPool_PostVoreAbilities.xml,def,These quirks give pawns custom abilities that are triggered after <ALIMT >vore</ALIMT>.
PostVoreAbilities_SkillAbsorb.label,Skill absorb,label,QuirkDefs\QuirkPool_PostVoreAbilities.xml,def,Skill absorb
PostVoreAbilities_SkillAbsorb.description,[PAWN_label] has a 20% chance of absorbing experience from [PAWN_possessive] preys highest skill.,description,QuirkDefs\QuirkPool_PostVoreAbilities.xml,def,<ALIMT >(PH_2)</ALIMT> has a 20% chance of absorbing experience from <ALIMT >(PH_1)</ALIMT> preys highest skill.
PostVoreAbilities_PsyfocusGainPrey.label,Psyfocus gain (prey),label,QuirkDefs\QuirkPool_PostVoreAbilities.xml,def,Psyfocus gain (prey)
PostVoreAbilities_PsyfocusGainPrey.description,[PAWN_label] has a 20% chance of gaining psyfocus after being vored.,description,QuirkDefs\QuirkPool_PostVoreAbilities.xml,def,<ALIMT >(PH_1)</ALIMT> has a 20% chance of gaining psyfocus after being vored.
PostVoreAbilities_PsyfocusGainPredator.label,Psyfocus gain (predator),label,QuirkDefs\QuirkPool_PostVoreAbilities.xml,def,Psyfocus gain (predator)
PostVoreAbilities_PsyfocusGainPredator.description,[PAWN_label] has a 20% chance of gaining psyfocus after doing vore.,description,QuirkDefs\QuirkPool_PostVoreAbilities.xml,def,<ALIMT >(PH_1)</ALIMT> has a 20% chance of gaining psyfocus after doing <ALIMT >vore</ALIMT>.
PostVoreAbilities_TraitAbsorb.label,Trait absorb,label,QuirkDefs\QuirkPool_PostVoreAbilities.xml,def,Trait absorb
PostVoreAbilities_TraitAbsorb.description,[PAWN_label] has a 20% chance of absorbing a random trait from [PAWN_possessive] prey.,description,QuirkDefs\QuirkPool_PostVoreAbilities.xml,def,<ALIMT >(PH_2)</ALIMT> has a 20% chance of absorbing a random trait from <ALIMT >(PH_1)</ALIMT> prey.
StorageCapacity.label,Storage capacity,label,QuirkDefs\QuirkPool_StorageCapacity.xml,def,Storage capacity
StorageCapacity.description,These quirks determine how many prey can fit in the pawn. The volume of a preything is its body size. A predator's capacity is a multiplier of its body size.,description,QuirkDefs\QuirkPool_StorageCapacity.xml,def,These quirks determine how many prey can fit in the <ALIMT >(PH_1)</ALIMT>. The volume of a preything is its body size. A predator's capacity is a multiplier of its body size.
StorageCapacity_Godlike.label,Godlike Capacity,label,QuirkDefs\QuirkPool_StorageCapacity.xml,def,Godlike Capacity
StorageCapacity_Godlike.description,"[PAWN_label]'s skin is supernaturally stretchy, able to expand to sizes that defy all logic and reason. No matter how full [PAWN_pronoun] gets, [PAWN_pronoun] seemingly always has room for one more.",description,QuirkDefs\QuirkPool_StorageCapacity.xml,def,"<ALIMT >(PH_3)</ALIMT>'s skin is supernaturally stretchy, able to expand to sizes that defy all logic and reason. No matter how full <ALIMT >(PH_2)</ALIMT> gets, <ALIMT >(PH_1)</ALIMT> seemingly always has room for one more."
StorageCapacity_VeryGood.label,Cavernous,label,QuirkDefs\QuirkPool_StorageCapacity.xml,def,Cavernous
StorageCapacity_VeryGood.description,"[PAWN_label] can stuff [PAWN_objective]self silly with prey and still have room for more, though even [PAWN_pronoun] has limits.",description,QuirkDefs\QuirkPool_StorageCapacity.xml,def,"<ALIMT >(PH_3)</ALIMT> can stuff <ALIMT >(PH_2)</ALIMT>self silly with prey and still have room for more, though even <ALIMT >(PH_1)</ALIMT> has limits."
StorageCapacity_Good.label,Stretchy,label,QuirkDefs\QuirkPool_StorageCapacity.xml,def,Stretchy
StorageCapacity_Good.description,[PAWN_label] can stretch to fit more prey than the average predator.,description,QuirkDefs\QuirkPool_StorageCapacity.xml,def,<ALIMT >(PH_1)</ALIMT> can stretch to fit more prey than the average predator.
StorageCapacity_Normal.label,Normal capacity,label,QuirkDefs\QuirkPool_StorageCapacity.xml,def,Normal capacity
StorageCapacity_Normal.description,[PAWN_label] can fit as many prey as anyone else.,description,QuirkDefs\QuirkPool_StorageCapacity.xml,def,<ALIMT >(PH_1)</ALIMT> can fit as many prey as anyone else.
StorageCapacity_Bad.label,Tight,label,QuirkDefs\QuirkPool_StorageCapacity.xml,def,Tight
StorageCapacity_Bad.description,"[PAWN_label] struggles to fit as many prey inside [PAWN_objective]self as most of [PAWN_possessive] predatory peers can; there's only room for one, maybe (by default).",description,QuirkDefs\QuirkPool_StorageCapacity.xml,def,"<ALIMT >(PH_3)</ALIMT> struggles to fit as many prey inside <ALIMT >(PH_2)</ALIMT>self as most of <ALIMT >(PH_1)</ALIMT> predatory peers can; there's only room for one, maybe (by default)."
StorageCapacity_VeryBad.label,Claustrophobic,label,QuirkDefs\QuirkPool_StorageCapacity.xml,def,Claustrophobic
StorageCapacity_VeryBad.description,"[PAWN_label] struggles with a lack of capacity for prey. [PAWN_pronoun] can't eat prey of the same size (by default), and fills up fast otherwise.",description,QuirkDefs\QuirkPool_StorageCapacity.xml,def,"<ALIMT >(PH_2)</ALIMT> struggles with a lack of capacity for prey. <ALIMT >(PH_1)</ALIMT> can't eat prey of the same size (by default), and fills up fast otherwise."
StrippingPreference_Predator.label,Stripping preference as predator,label,QuirkDefs\QuirkPool_StrippingPreference.xml,def,Stripping preference as predator
StrippingPreference_Predator.description,"These quirks determine what the pawn either wants to do, or will try to do, when devouring clothed prey, depending on your stripping settings.",description,QuirkDefs\QuirkPool_StrippingPreference.xml,def,"These quirks determine what the <ALIMT >(PH_1)</ALIMT> either wants to do, or will try to do, when devouring <ALIMT >clothed</ALIMT> prey, depending on your stripping settings."
StrippingPreference_Predator_MothTongue.label,Moth's tongue,label,QuirkDefs\QuirkPool_StrippingPreference.xml,def,Moth's tongue
StrippingPreference_Predator_MothTongue.description,"[PAWN_label] prefers the taste of fabric to skin (whether or not [PAWN_pronoun] actually enjoys fabric), and will keep [PAWN_possessive] prey in whatever garb they come.",description,QuirkDefs\QuirkPool_StrippingPreference.xml,def,"<ALIMT >(PH_3)</ALIMT> prefers the taste of fabric to skin (whether or not <ALIMT >(PH_2)</ALIMT> actually enjoys fabric), and will keep <ALIMT >(PH_1)</ALIMT> prey in whatever garb they come."
StrippingPreference_Predator_None.label,Hyphaphagic ambivalence,label,QuirkDefs\QuirkPool_StrippingPreference.xml,def,Hyphaphagic ambivalence
StrippingPreference_Predator_None.description,[PAWN_label] does not care whether their prey is clothed or not.,description,QuirkDefs\QuirkPool_StrippingPreference.xml,def,<ALIMT >(PH_1)</ALIMT> does not care whether their prey is <ALIMT >clothed</ALIMT> or not.
StrippingPreference_Predator_SkinTaster.label,Skin-taster,label,QuirkDefs\QuirkPool_StrippingPreference.xml,def,Skin-taster
StrippingPreference_Predator_SkinTaster.description,"[PAWN_label] savors the flavor of skin, and will always peel the wrapper off [PAWN_possessive] prey, if given the opportunity.",description,QuirkDefs\QuirkPool_StrippingPreference.xml,def,"<ALIMT >(PH_2)</ALIMT> savors the flavor of skin, and will always peel the wrapper off <ALIMT >(PH_1)</ALIMT> prey, if given the opportunity."
StrippingPreference_Prey.label,Stripping preference as prey,label,QuirkDefs\QuirkPool_StrippingPreference.xml,def,Stripping preference as prey
StrippingPreference_Prey.description,"These quirks determine what the pawn either wants to do, or will try to do, when agreeing to a vore attempt while clothed, depending on your stripping settings.",description,QuirkDefs\QuirkPool_StrippingPreference.xml,def,"These quirks determine what the <ALIMT >(PH_1)</ALIMT> either wants to do, or will try to do, when agreeing to a <ALIMT >vore</ALIMT> attempt while <ALIMT >clothed</ALIMT>, depending on your stripping settings."
StrippingPreference_Prey_NeverNude.label,Nevernude prey,label,QuirkDefs\QuirkPool_StrippingPreference.xml,def,Nevernude prey
StrippingPreference_Prey_NeverNude.description,[PAWN_label] prefers to have a protective and modest layer of clothes between [PAWN_objective]self and [PAWN_possessive] predator.,description,QuirkDefs\QuirkPool_StrippingPreference.xml,def,<ALIMT >(PH_3)</ALIMT> prefers to have a protective and modest layer of clothes between <ALIMT >(PH_2)</ALIMT>self and <ALIMT >(PH_1)</ALIMT> predator.
StrippingPreference_Prey_None.label,Clothing ambivalence,label,QuirkDefs\QuirkPool_StrippingPreference.xml,def,Clothing ambivalence
StrippingPreference_Prey_None.description,[PAWN_label] does not care if they are nude or clothed when being devoured.,description,QuirkDefs\QuirkPool_StrippingPreference.xml,def,<ALIMT >(PH_1)</ALIMT> does not care if they are <ALIMT >nude</ALIMT> or <ALIMT >clothed</ALIMT> when being devoured.
StrippingPreference_Prey_Nude.label,Commando prey,label,QuirkDefs\QuirkPool_StrippingPreference.xml,def,Commando prey
StrippingPreference_Prey_Nude.description,[PAWN_label] hates it when a layer of sopping-wet clothes gets between between [PAWN_objective] and [PAWN_possessive] predator. Leaving the clothes behind also makes washing up easier.,description,QuirkDefs\QuirkPool_StrippingPreference.xml,def,<ALIMT >(PH_3)</ALIMT> hates it when a layer of sopping-wet clothes gets between between <ALIMT >(PH_2)</ALIMT> and <ALIMT >(PH_1)</ALIMT> predator. Leaving the clothes behind also makes washing up easier.
StruggleCapability.label,Struggle Capability,label,QuirkDefs\QuirkPool_StruggleInfluence.xml,def,Struggle Capability
StruggleCapability.description,These quirks influence whether or not struggling is available for prey or predator.,description,QuirkDefs\QuirkPool_StruggleInfluence.xml,def,These quirks influence whether or not struggling is available for prey or predator.
StruggleStrength_Prey.label,Struggle strength (Prey),label,QuirkDefs\QuirkPool_StruggleInfluence.xml,def,Struggle strength (Prey)
StruggleStrength_Prey.description,These quirks influence the struggling capability for the pawn when vored by others.,description,QuirkDefs\QuirkPool_StruggleInfluence.xml,def,These quirks influence the struggling capability for the <ALIMT >(PH_1)</ALIMT> when vored by others.
StruggleStrength_Predator.label,Struggle strength (Predator),label,QuirkDefs\QuirkPool_StruggleInfluence.xml,def,Struggle strength (Predator)
StruggleStrength_Predator.description,These quirks influence the struggling capability for the pawn when voring others.,description,QuirkDefs\QuirkPool_StruggleInfluence.xml,def,These quirks influence the struggling capability for the <ALIMT >(PH_1)</ALIMT> when voring others.
StruggleCapability_NoStruggleAsPrey.label,Sedentary,label,QuirkDefs\QuirkPool_StruggleInfluence.xml,def,Sedentary
StruggleCapability_NoStruggleAsPrey.description,"[PAWN_label] does not mind being vored, no matter what the repercussions might be. As a result [PAWN_pronoun] will never bother to struggle.",description,QuirkDefs\QuirkPool_StruggleInfluence.xml,def,"<ALIMT >(PH_2)</ALIMT> does not mind being vored, no matter what the repercussions might be. As a result <ALIMT >(PH_1)</ALIMT> will never bother to struggle."
StruggleCapability_NoStruggleAsPredator.label,Numbing,label,QuirkDefs\QuirkPool_StruggleInfluence.xml,def,Numbing
StruggleCapability_NoStruggleAsPredator.description,"[PAWN_label]'s stomach secretes numbing enzymes that paralyze [PAWN_possessive] prey, as a result anyone vored by [PAWN_objective] will never struggle.",description,QuirkDefs\QuirkPool_StruggleInfluence.xml,def,"<ALIMT >(PH_3)</ALIMT>'s stomach secretes numbing enzymes that paralyze <ALIMT >(PH_2)</ALIMT> prey, as a result anyone vored by <ALIMT >(PH_1)</ALIMT> will never struggle."
StruggleStrength_Prey_Good.label,Wiggler,label,QuirkDefs\QuirkPool_StruggleInfluence.xml,def,Wiggler
StruggleStrength_Prey_Good.description,[PAWN_label] knows how to move to struggle [PAWN_possessive] way out of [PAWN_possessive] predator.,description,QuirkDefs\QuirkPool_StruggleInfluence.xml,def,<ALIMT >(PH_3)</ALIMT> knows how to move to struggle <ALIMT >(PH_2)</ALIMT> way out of <ALIMT >(PH_1)</ALIMT> predator.
StruggleStrength_Prey_Normal.label,Normal,label,QuirkDefs\QuirkPool_StruggleInfluence.xml,def,Normal
StruggleStrength_Prey_Normal.description,[PAWN_label] is as good as anyone else at struggling.,description,QuirkDefs\QuirkPool_StruggleInfluence.xml,def,<ALIMT >(PH_1)</ALIMT> is as good as anyone else at struggling.
StruggleStrength_Prey_Bad.label,Clumsy,label,QuirkDefs\QuirkPool_StruggleInfluence.xml,def,Clumsy
StruggleStrength_Prey_Bad.description,[PAWN_label] is a bit of a klutz and can't figure out how to move to make [PAWN_possessive] predator release [PAWN_objective].,description,QuirkDefs\QuirkPool_StruggleInfluence.xml,def,<ALIMT >(PH_3)</ALIMT> is a bit of a klutz and can't figure out how to move to make <ALIMT >(PH_2)</ALIMT> predator release <ALIMT >(PH_1)</ALIMT>.
StruggleStrength_Predator_Good.label,Iron gut,label,QuirkDefs\QuirkPool_StruggleInfluence.xml,def,Iron gut
StruggleStrength_Predator_Good.description,"[PAWN_label] has a resolve of steel, with the guts to match. Prey will have a more difficult time trying to struggle out of [PAWN_possessive].",description,QuirkDefs\QuirkPool_StruggleInfluence.xml,def,"<ALIMT >(PH_2)</ALIMT> has a resolve of steel, with the guts to match. Prey will have a more difficult time trying to struggle out of <ALIMT >(PH_1)</ALIMT>."
StruggleStrength_Predator_Normal.label,Normal,label,QuirkDefs\QuirkPool_StruggleInfluence.xml,def,Normal
StruggleStrength_Predator_Normal.description,[PAWN_label] does not have any influence on [PAWN_possessive] struggling prey.,description,QuirkDefs\QuirkPool_StruggleInfluence.xml,def,<ALIMT >(PH_2)</ALIMT> does not have any influence on <ALIMT >(PH_1)</ALIMT> struggling prey.
StruggleStrength_Predator_Bad.label,Loose,label,QuirkDefs\QuirkPool_StruggleInfluence.xml,def,Loose
StruggleStrength_Predator_Bad.description,[PAWN_label] has a hard time trying to keep [PAWN_possessive] prey from struggling out of [PAWN_possessive] insides.,description,QuirkDefs\QuirkPool_StruggleInfluence.xml,def,<ALIMT >(PH_3)</ALIMT> has a hard time trying to keep <ALIMT >(PH_2)</ALIMT> prey from struggling out of <ALIMT >(PH_1)</ALIMT> insides.
StrugglePreference.label,Struggle Preference,label,QuirkDefs\QuirkPool_StrugglePreference.xml,def,Struggle Preference
StrugglePreference.description,These quirks determine the pawns preference for prey struggling inside of them,description,QuirkDefs\QuirkPool_StrugglePreference.xml,def,These quirks determine the pawns preference for prey struggling inside of them
StrugglePreference_Hated.label,Hated,label,QuirkDefs\QuirkPool_StrugglePreference.xml,def,Hated
StrugglePreference_Hated.description,[PAWN_label] has very irritable insides and hates prey working against [PAWN_objective].,description,QuirkDefs\QuirkPool_StrugglePreference.xml,def,<ALIMT >(PH_2)</ALIMT> has very irritable insides and hates prey working against <ALIMT >(PH_1)</ALIMT>.
StrugglePreference_Normal.label,Normal,label,QuirkDefs\QuirkPool_StrugglePreference.xml,def,Normal
StrugglePreference_Normal.description,[PAWN_label] feels like anyone else when prey is struggling inside of [PAWN_objective] - slightly discomforted.,description,QuirkDefs\QuirkPool_StrugglePreference.xml,def,<ALIMT >(PH_2)</ALIMT> feels like anyone else when prey is struggling inside of <ALIMT >(PH_1)</ALIMT> - slightly discomforted.
StrugglePreference_Loved.label,Loved,label,QuirkDefs\QuirkPool_StrugglePreference.xml,def,Loved
StrugglePreference_Loved.description,"[PAWN_label] enjoys being ""massaged"" from the inside.",description,QuirkDefs\QuirkPool_StrugglePreference.xml,def,"<ALIMT >(PH_1)</ALIMT> enjoys being ""massaged"" from the inside."
SwallowSpeed.label,Swallow Speed,label,QuirkDefs\QuirkPool_SwallowSpeed.xml,def,Swallow Speed
SwallowSpeed.description,"These quirks determine how quickly a pawn begins vore (i.e., how quickly the prey is removed from the map and added to the pawn's hediffs). It does not currently impact how quickly the ""passing"" stages progress.",description,QuirkDefs\QuirkPool_SwallowSpeed.xml,def,"These quirks determine how quickly a <ALIMT >(PH_2)</ALIMT> begins <ALIMT >vore</ALIMT> (i.e., how quickly the prey is removed from the map and added to the <ALIMT >(PH_1)</ALIMT>'s hediffs). It does not currently impact how quickly the ""passing"" stages progress."
SwallowSpeed_VeryGood.label,Speed-slurper,label,QuirkDefs\QuirkPool_SwallowSpeed.xml,def,Speed-slurper
SwallowSpeed_VeryGood.description,[PAWN_label] belts down prey at about four times the speed of other predators. [PAWN_pronoun] could dominate a prey-swallowing contest.,description,QuirkDefs\QuirkPool_SwallowSpeed.xml,def,<ALIMT >(PH_2)</ALIMT> belts down prey at about four times the speed of other predators. <ALIMT >(PH_1)</ALIMT> could dominate a prey-swallowing contest.
SwallowSpeed_Good.label,Quick eater,label,QuirkDefs\QuirkPool_SwallowSpeed.xml,def,Quick eater
SwallowSpeed_Good.description,"[PAWN_label] puts prey away quickly, at about twice the speed of other predators.",description,QuirkDefs\QuirkPool_SwallowSpeed.xml,def,"<ALIMT >(PH_1)</ALIMT> puts prey away quickly, at about twice the speed of other predators."
SwallowSpeed_Normal.label,Normal swallow speed,label,QuirkDefs\QuirkPool_SwallowSpeed.xml,def,Normal swallow speed
SwallowSpeed_Normal.description,[PAWN_label] swallows prey at an average speed.,description,QuirkDefs\QuirkPool_SwallowSpeed.xml,def,<ALIMT >(PH_1)</ALIMT> swallows prey at an average speed.
SwallowSpeed_Bad.label,Slow eater,label,QuirkDefs\QuirkPool_SwallowSpeed.xml,def,Slow eater
SwallowSpeed_Bad.description,"[PAWN_label] takes prey in at a leisurely pace, half as quick as other predators.",description,QuirkDefs\QuirkPool_SwallowSpeed.xml,def,"<ALIMT >(PH_1)</ALIMT> takes prey in at a leisurely pace, half as quick as other predators."
SwallowSpeed_VeryBad.label,Lollygagger,label,QuirkDefs\QuirkPool_SwallowSpeed.xml,def,Lollygagger
SwallowSpeed_VeryBad.description,"[PAWN_label] has to devour prey real slowly, at about a quarter the speed of other predators, lest [PAWN_possessive] body reject [PAWN_possessive] prey.",description,QuirkDefs\QuirkPool_SwallowSpeed.xml,def,"<ALIMT >(PH_3)</ALIMT> has to devour prey real slowly, at about a quarter the speed of other predators, lest <ALIMT >(PH_2)</ALIMT> body reject <ALIMT >(PH_1)</ALIMT> prey."
GoalPreference_Predator_Anal.label,Predatory type preference (anal),label,QuirkDefs\QuirkPool_TypePreference.xml,def,Predatory type preference (<ALIMT >anal</ALIMT>)
GoalPreference_Predator_Anal.description,"These quirks determine how much a pawn likes to stuff prey up their butt. At the extremes, the pawn will either never or always try to posternate prey.",description,QuirkDefs\QuirkPool_TypePreference.xml,def,"These quirks determine how much a <ALIMT >(PH_2)</ALIMT> likes to stuff prey up their butt. At the extremes, the <ALIMT >(PH_1)</ALIMT> will either never or always try to posternate prey."
TypePreference_Predator_Anal_Obsessed.label,Ravenous analist pred,label,QuirkDefs\QuirkPool_TypePreference.xml,def,Ravenous analist pred
TypePreference_Predator_Anal_Obsessed.description,"[PAWN_label] loves posternating [PAWN_possessive] prey, to the exclusion of other types. It may as well be a second mouth for [PAWN_objective].",description,QuirkDefs\QuirkPool_TypePreference.xml,def,"<ALIMT >(PH_3)</ALIMT> loves posternating <ALIMT >(PH_2)</ALIMT> prey, to the exclusion of other types. It may as well be a second mouth for <ALIMT >(PH_1)</ALIMT>."
TypePreference_Predator_Anal_Likes.label,Analist pred,label,QuirkDefs\QuirkPool_TypePreference.xml,def,Analist pred
TypePreference_Predator_Anal_Likes.description,[PAWN_label] likes posternating [PAWN_possessive] prey. Not to be confused with an analyst.,description,QuirkDefs\QuirkPool_TypePreference.xml,def,<ALIMT >(PH_2)</ALIMT> likes posternating <ALIMT >(PH_1)</ALIMT> prey. Not to be confused with an analyst.
TypePreference_Predator_Anal_Neutral.label,Anal-ambivalent pred,label,QuirkDefs\QuirkPool_TypePreference.xml,def,<ALIMT >anal</ALIMT>-ambivalent pred
TypePreference_Predator_Anal_Neutral.description,[PAWN_label] doesn't really care one way or the other about posternating prey.,description,QuirkDefs\QuirkPool_TypePreference.xml,def,<ALIMT >(PH_1)</ALIMT> doesn't really care one way or the other about posternating prey.
TypePreference_Predator_Anal_Dislikes.label,Anal-averse pred,label,QuirkDefs\QuirkPool_TypePreference.xml,def,<ALIMT >anal</ALIMT>-averse pred
TypePreference_Predator_Anal_Dislikes.description,"[PAWN_label] dislikes posternating [PAWN_possessive] prey. That's an exit, not an entrance.",description,QuirkDefs\QuirkPool_TypePreference.xml,def,"<ALIMT >(PH_2)</ALIMT> dislikes posternating <ALIMT >(PH_1)</ALIMT> prey. That's an exit, not an entrance."
TypePreference_Predator_Anal_Refuses.label,Anal-abhorring pred,label,QuirkDefs\QuirkPool_TypePreference.xml,def,<ALIMT >anal</ALIMT>-abhorring pred
TypePreference_Predator_Anal_Refuses.description,"[PAWN_label] hates posternating [PAWN_possessive] prey. Maybe it just hurts, maybe it's disgusting to [PAWN_objective].",description,QuirkDefs\QuirkPool_TypePreference.xml,def,"<ALIMT >(PH_3)</ALIMT> hates posternating <ALIMT >(PH_2)</ALIMT> prey. Maybe it just hurts, maybe it's disgusting to <ALIMT >(PH_1)</ALIMT>."
GoalPreference_Predator_Cock.label,Predatory type preference (cock),label,QuirkDefs\QuirkPool_TypePreference.xml,def,Predatory type preference (cock)
GoalPreference_Predator_Cock.description,"These quirks determine how much a pawn likes to sound prey down their cock. At the extremes, the pawn will either never or always try to unsow prey.",description,QuirkDefs\QuirkPool_TypePreference.xml,def,"These quirks determine how much a <ALIMT >(PH_2)</ALIMT> likes to sound prey down their cock. At the extremes, the <ALIMT >(PH_1)</ALIMT> will either never or always try to unsow prey."
TypePreference_Predator_Cock_Obsessed.label,Ravenous phallicist pred,label,QuirkDefs\QuirkPool_TypePreference.xml,def,Ravenous phallicist pred
TypePreference_Predator_Cock_Obsessed.description,"[PAWN_label] loves unsowing [PAWN_possessive] prey, to the exclusion of other types. The serpent hungers!",description,QuirkDefs\QuirkPool_TypePreference.xml,def,"<ALIMT >(PH_2)</ALIMT> loves unsowing <ALIMT >(PH_1)</ALIMT> prey, to the exclusion of other types. The serpent hungers!"
TypePreference_Predator_Cock_Likes.label,Phallicist pred,label,QuirkDefs\QuirkPool_TypePreference.xml,def,Phallicist pred
TypePreference_Predator_Cock_Likes.description,[PAWN_label] likes unsowing [PAWN_possessive] prey. Spunky!,description,QuirkDefs\QuirkPool_TypePreference.xml,def,<ALIMT >(PH_2)</ALIMT> likes unsowing <ALIMT >(PH_1)</ALIMT> prey. Spunky!
TypePreference_Predator_Cock_Neutral.label,Cock-ambivalent pred,label,QuirkDefs\QuirkPool_TypePreference.xml,def,Cock-ambivalent pred
TypePreference_Predator_Cock_Neutral.description,[PAWN_label] doesn't really care one way or the other about unsowing prey.,description,QuirkDefs\QuirkPool_TypePreference.xml,def,<ALIMT >(PH_1)</ALIMT> doesn't really care one way or the other about unsowing prey.
TypePreference_Predator_Cock_Dislikes.label,Phallic-averse pred,label,QuirkDefs\QuirkPool_TypePreference.xml,def,Phallic-averse pred
TypePreference_Predator_Cock_Dislikes.description,[PAWN_label] dislikes unsowing [PAWN_possessive] prey. What sane person would willingly let a whole person thrash around against their gonads?,description,QuirkDefs\QuirkPool_TypePreference.xml,def,<ALIMT >(PH_2)</ALIMT> dislikes unsowing <ALIMT >(PH_1)</ALIMT> prey. What sane person would willingly let a whole person thrash around against their gonads?
TypePreference_Predator_Cock_Refuses.label,Phallic-abhorring pred,label,QuirkDefs\QuirkPool_TypePreference.xml,def,Phallic-abhorring pred
TypePreference_Predator_Cock_Refuses.description,"[PAWN_label] hates unsowing [PAWN_possessive] prey. It just takes one nick, one errant nail or tooth, and then you have a bladder infection.",description,QuirkDefs\QuirkPool_TypePreference.xml,def,"<ALIMT >(PH_2)</ALIMT> hates unsowing <ALIMT >(PH_1)</ALIMT> prey. It just takes one nick, one errant nail or tooth, and then you have a bladder infection."
GoalPreference_Predator_Nipple.label,Predatory type preference (nipple),label,QuirkDefs\QuirkPool_TypePreference.xml,def,Predatory type preference (<ALIMT >nipple</ALIMT>)
GoalPreference_Predator_Nipple.description,"These quirks determine how much a pawn likes to stuff prey into their nipples. At the extremes, the pawn will either never or always try to unnurse prey.",description,QuirkDefs\QuirkPool_TypePreference.xml,def,"These quirks determine how much a <ALIMT >(PH_2)</ALIMT> likes to stuff prey into their <ALIMT >nipples</ALIMT>. At the extremes, the <ALIMT >(PH_1)</ALIMT> will either never or always try to unnurse prey."
TypePreference_Predator_Nipple_Obsessed.label,Ravenous mammilist pred,label,QuirkDefs\QuirkPool_TypePreference.xml,def,Ravenous mammilist pred
TypePreference_Predator_Nipple_Obsessed.description,"[PAWN_label] loves unnursing [PAWN_possessive] prey, to the exclusion of other types. It's the quickest way to a heaving bosom!",description,QuirkDefs\QuirkPool_TypePreference.xml,def,"<ALIMT >(PH_2)</ALIMT> loves unnursing <ALIMT >(PH_1)</ALIMT> prey, to the exclusion of other types. It's the quickest way to a heaving bosom!"
TypePreference_Predator_Nipple_Likes.label,Mammilist pred,label,QuirkDefs\QuirkPool_TypePreference.xml,def,Mammilist pred
TypePreference_Predator_Nipple_Likes.description,[PAWN_label] likes unnursing [PAWN_possessive] prey. Milk's good.,description,QuirkDefs\QuirkPool_TypePreference.xml,def,<ALIMT >(PH_2)</ALIMT> likes unnursing <ALIMT >(PH_1)</ALIMT> prey. Milk's good.
TypePreference_Predator_Nipple_Neutral.label,Mammary-ambivalent pred,label,QuirkDefs\QuirkPool_TypePreference.xml,def,Mammary-ambivalent pred
TypePreference_Predator_Nipple_Neutral.description,[PAWN_label] doesn't really care one way or the other about unnursing prey.,description,QuirkDefs\QuirkPool_TypePreference.xml,def,<ALIMT >(PH_1)</ALIMT> doesn't really care one way or the other about unnursing prey.
TypePreference_Predator_Nipple_Dislikes.label,Mammary-averse pred,label,QuirkDefs\QuirkPool_TypePreference.xml,def,Mammary-averse pred
TypePreference_Predator_Nipple_Dislikes.description,[PAWN_label] dislikes unnursing [PAWN_possessive] prey. Figuring out the symmetry is just such a pain.,description,QuirkDefs\QuirkPool_TypePreference.xml,def,<ALIMT >(PH_2)</ALIMT> dislikes unnursing <ALIMT >(PH_1)</ALIMT> prey. Figuring out the symmetry is just such a <ALIMT >pain</ALIMT>.
TypePreference_Predator_Nipple_Refuses.label,Mammary-abhorring pred,label,QuirkDefs\QuirkPool_TypePreference.xml,def,Mammary-abhorring pred
TypePreference_Predator_Nipple_Refuses.description,[PAWN_label] hates unnursing [PAWN_possessive] prey. There's no quicker way to destroy your spine.,description,QuirkDefs\QuirkPool_TypePreference.xml,def,<ALIMT >(PH_2)</ALIMT> hates unnursing <ALIMT >(PH_1)</ALIMT> prey. There's no quicker way to destroy your spine.
TypePreference_Predator_FullTour.label,Predatory type preference (full tour),label,QuirkDefs\QuirkPool_TypePreference.xml,def,Predatory type preference (<ALIMT >full tour</ALIMT>)
TypePreference_Predator_FullTour.description,"These quirks determine how much a pawn likes to swallow down prey and show them their whole digestive tract. At the extremes, the pawn will either never or always try to give prey a full tour.",description,QuirkDefs\QuirkPool_TypePreference.xml,def,"These quirks determine how much a <ALIMT >(PH_2)</ALIMT> likes to swallow down prey and show them their whole digestive tract. At the extremes, the <ALIMT >(PH_1)</ALIMT> will either never or always try to give prey a <ALIMT >full tour</ALIMT>."
TypePreference_Predator_FullTour_Obsessed.label,Obsessive guiding pred,label,QuirkDefs\QuirkPool_TypePreference.xml,def,Obsessive guiding pred
TypePreference_Predator_FullTour_Obsessed.description,"[PAWN_label] loves guiding [PAWN_possessive] prey through [PAWN_possessive] body, to the exclusion of other types. There's just nothing quite like feeling them go *all* the way through!",description,QuirkDefs\QuirkPool_TypePreference.xml,def,"<ALIMT >(PH_3)</ALIMT> loves guiding <ALIMT >(PH_2)</ALIMT> prey through <ALIMT >(PH_1)</ALIMT> body, to the exclusion of other types. There's just nothing quite like feeling them go *all* the way through!"
TypePreference_Predator_FullTour_Likes.label,Guiding pred,label,QuirkDefs\QuirkPool_TypePreference.xml,def,Guiding pred
TypePreference_Predator_FullTour_Likes.description,[PAWN_pronoun] likes guiding [PAWN_possessive] prey through [PAWN_possessive] body. It's fun to let nature take its course.,description,QuirkDefs\QuirkPool_TypePreference.xml,def,<ALIMT >(PH_3)</ALIMT> likes guiding <ALIMT >(PH_2)</ALIMT> prey through <ALIMT >(PH_1)</ALIMT> body. It's fun to let nature take its course.
TypePreference_Predator_FullTour_Neutral.label,Guiding-ambivalent pred,label,QuirkDefs\QuirkPool_TypePreference.xml,def,Guiding-ambivalent pred
TypePreference_Predator_FullTour_Neutral.description,[PAWN_label] doesn't really care one way or the other about guiding prey through [PAWN_possessive] body.,description,QuirkDefs\QuirkPool_TypePreference.xml,def,<ALIMT >(PH_2)</ALIMT> doesn't really care one way or the other about guiding prey through <ALIMT >(PH_1)</ALIMT> body.
TypePreference_Predator_FullTour_Dislikes.label,Guiding-averse pred,label,QuirkDefs\QuirkPool_TypePreference.xml,def,Guiding-averse pred
TypePreference_Predator_FullTour_Dislikes.description,[PAWN_label] dislikes guiding [PAWN_possessive] prey through [PAWN_possessive] body. It's annoying to have someone stuck inside your guts for so long.,description,QuirkDefs\QuirkPool_TypePreference.xml,def,<ALIMT >(PH_3)</ALIMT> dislikes guiding <ALIMT >(PH_2)</ALIMT> prey through <ALIMT >(PH_1)</ALIMT> body. It's annoying to have someone stuck inside your guts for so long.
TypePreference_Predator_FullTour_Refuses.label,Guiding-abhorring pred,label,QuirkDefs\QuirkPool_TypePreference.xml,def,Guiding-abhorring pred
TypePreference_Predator_FullTour_Refuses.description,[PAWN_label] hates guiding [PAWN_possessive] prey through [PAWN_possessive] body. Being backed up with prey for so long is an awful sensation.,description,QuirkDefs\QuirkPool_TypePreference.xml,def,<ALIMT >(PH_3)</ALIMT> hates guiding <ALIMT >(PH_2)</ALIMT> prey through <ALIMT >(PH_1)</ALIMT> body. Being backed up with prey for so long is an awful sensation.
GoalPreference_Predator_Oral.label,Predatory type preference (oral),label,QuirkDefs\QuirkPool_TypePreference.xml,def,Predatory type preference (<ALIMT >oral</ALIMT>)
GoalPreference_Predator_Oral.description,"These quirks determine how much a pawn likes to gulp prey down their throat. At the extremes, the pawn will either never or always try to swallow prey.",description,QuirkDefs\QuirkPool_TypePreference.xml,def,"These quirks determine how much a <ALIMT >(PH_2)</ALIMT> likes to gulp prey down their throat. At the extremes, the <ALIMT >(PH_1)</ALIMT> will either never or always try to swallow prey."
TypePreference_Predator_Oral_Obsessed.label,Ravenous oralist pred,label,QuirkDefs\QuirkPool_TypePreference.xml,def,Ravenous oralist pred
TypePreference_Predator_Oral_Obsessed.description,"[PAWN_label] loves swallowing [PAWN_possessive] prey, to the exclusion of other types. No other type's gonna give you a *taste* sensation!",description,QuirkDefs\QuirkPool_TypePreference.xml,def,"<ALIMT >(PH_2)</ALIMT> loves swallowing <ALIMT >(PH_1)</ALIMT> prey, to the exclusion of other types. No other type's gonna give you a *taste* sensation!"
TypePreference_Predator_Oral_Likes.label,Oralist pred,label,QuirkDefs\QuirkPool_TypePreference.xml,def,Oralist pred
TypePreference_Predator_Oral_Likes.description,[PAWN_pronoun] likes swallowing [PAWN_possessive] prey. [PAWN_pronoun] is a fan of the classics.,description,QuirkDefs\QuirkPool_TypePreference.xml,def,<ALIMT >(PH_3)</ALIMT> likes swallowing <ALIMT >(PH_2)</ALIMT> prey. <ALIMT >(PH_1)</ALIMT> is a fan of the classics.
TypePreference_Predator_Oral_Neutral.label,Oral-ambivalent pred,label,QuirkDefs\QuirkPool_TypePreference.xml,def,<ALIMT >oral</ALIMT>-ambivalent pred
TypePreference_Predator_Oral_Neutral.description,[PAWN_label] doesn't really care one way or the other about swallowing prey.,description,QuirkDefs\QuirkPool_TypePreference.xml,def,<ALIMT >(PH_1)</ALIMT> doesn't really care one way or the other about swallowing prey.
TypePreference_Predator_Oral_Dislikes.label,Oral-averse pred,label,QuirkDefs\QuirkPool_TypePreference.xml,def,<ALIMT >oral</ALIMT>-averse pred
TypePreference_Predator_Oral_Dislikes.description,[PAWN_label] dislikes swallowing [PAWN_possessive] prey. It's just so overdone.,description,QuirkDefs\QuirkPool_TypePreference.xml,def,<ALIMT >(PH_2)</ALIMT> dislikes swallowing <ALIMT >(PH_1)</ALIMT> prey. It's just so overdone.
TypePreference_Predator_Oral_Refuses.label,Oral-abhorring pred,label,QuirkDefs\QuirkPool_TypePreference.xml,def,<ALIMT >oral</ALIMT>-abhorring pred
TypePreference_Predator_Oral_Refuses.description,"[PAWN_label] hates swallowing [PAWN_possessive] prey. Prey generally all feel pretty good, but they sure don't all taste good.",description,QuirkDefs\QuirkPool_TypePreference.xml,def,"<ALIMT >(PH_2)</ALIMT> hates swallowing <ALIMT >(PH_1)</ALIMT> prey. Prey generally all feel pretty good, but they sure don't all taste good."
GoalPreference_Predator_Vaginal.label,Predatory type preference (vaginal),label,QuirkDefs\QuirkPool_TypePreference.xml,def,Predatory type preference (<ALIMT >vaginal</ALIMT>)
GoalPreference_Predator_Vaginal.description,"These quirks determine how much a pawn likes to stuff prey up their muff. At the extremes, the pawn will either never or always try to unbirth prey.",description,QuirkDefs\QuirkPool_TypePreference.xml,def,"These quirks determine how much a <ALIMT >(PH_2)</ALIMT> likes to stuff prey up their muff. At the extremes, the <ALIMT >(PH_1)</ALIMT> will either never or always try to unbirth prey."
TypePreference_Predator_Vaginal_Obsessed.label,Ravenous yonicist pred,label,QuirkDefs\QuirkPool_TypePreference.xml,def,Ravenous yonicist pred
TypePreference_Predator_Vaginal_Obsessed.description,"[PAWN_label] loves unbirthing [PAWN_possessive] prey, to the exclusion of other types. [PAWN_pronoun] has what's known as an ""alpha-beaver"".",description,QuirkDefs\QuirkPool_TypePreference.xml,def,"<ALIMT >(PH_3)</ALIMT> loves unbirthing <ALIMT >(PH_2)</ALIMT> prey, to the exclusion of other types. <ALIMT >(PH_1)</ALIMT> has what's known as an ""alpha-beaver""."
TypePreference_Predator_Vaginal_Likes.label,Yonicist pred,label,QuirkDefs\QuirkPool_TypePreference.xml,def,Yonicist pred
TypePreference_Predator_Vaginal_Likes.description,"[PAWN_label] likes unbirthing [PAWN_possessive] prey. What comes out, must go in. Or something like that...",description,QuirkDefs\QuirkPool_TypePreference.xml,def,"<ALIMT >(PH_2)</ALIMT> likes unbirthing <ALIMT >(PH_1)</ALIMT> prey. What comes out, must go in. Or something like that..."
TypePreference_Predator_Vaginal_Neutral.label,Yonic-ambivalent pred,label,QuirkDefs\QuirkPool_TypePreference.xml,def,Yonic-ambivalent pred
TypePreference_Predator_Vaginal_Neutral.description,[PAWN_label] doesn't really care one way or the other about unbirthing prey.,description,QuirkDefs\QuirkPool_TypePreference.xml,def,<ALIMT >(PH_1)</ALIMT> doesn't really care one way or the other about unbirthing prey.
TypePreference_Predator_Vaginal_Dislikes.label,Yonic-averse pred,label,QuirkDefs\QuirkPool_TypePreference.xml,def,Yonic-averse pred
TypePreference_Predator_Vaginal_Dislikes.description,[PAWN_label] dislikes unbirthing [PAWN_possessive] prey. Giving birth is painful enough.,description,QuirkDefs\QuirkPool_TypePreference.xml,def,<ALIMT >(PH_2)</ALIMT> dislikes unbirthing <ALIMT >(PH_1)</ALIMT> prey. Giving birth is painful enough.
TypePreference_Predator_Vaginal_Refuses.label,Yonic-abhorring pred,label,QuirkDefs\QuirkPool_TypePreference.xml,def,Yonic-abhorring pred
TypePreference_Predator_Vaginal_Refuses.description,[PAWN_label] hates unbirthing [PAWN_possessive] prey. It's a total perversion of the reproductive system.,description,QuirkDefs\QuirkPool_TypePreference.xml,def,<ALIMT >(PH_2)</ALIMT> hates unbirthing <ALIMT >(PH_1)</ALIMT> prey. It's a total perversion of the reproductive system.
GoalPreference_Prey_Anal.label,Preyish type preference (anal),label,QuirkDefs\QuirkPool_TypePreference.xml,def,Preyish type preference (<ALIMT >anal</ALIMT>)
GoalPreference_Prey_Anal.description,"These quirks determine how much a pawn likes to be stuffed up predators' butts. At the extremes, the pawn will either never or always try to get posternated.",description,QuirkDefs\QuirkPool_TypePreference.xml,def,"These quirks determine how much a <ALIMT >(PH_2)</ALIMT> likes to be stuffed up predators' butts. At the extremes, the <ALIMT >(PH_1)</ALIMT> will either never or always try to get posternated."
TypePreference_Prey_Anal_Obsessed.label,Obsessive analist prey,label,QuirkDefs\QuirkPool_TypePreference.xml,def,Obsessive analist prey
TypePreference_Prey_Anal_Obsessed.description,"[PAWN_label] loves to be let in through the back; to be posternated, derried, undumped, anally-vored.",description,QuirkDefs\QuirkPool_TypePreference.xml,def,"<ALIMT >(PH_1)</ALIMT> loves to be let in through the back; to be posternated, derried, undumped, anally-vored."
TypePreference_Prey_Anal_Likes.label,Analist prey,label,QuirkDefs\QuirkPool_TypePreference.xml,def,Analist prey
TypePreference_Prey_Anal_Likes.description,[PAWN_label] likes to be posternated. It's a cozy kind of warmth and tightness in there.,description,QuirkDefs\QuirkPool_TypePreference.xml,def,<ALIMT >(PH_1)</ALIMT> likes to be posternated. It's a cozy kind of warmth and tightness in there.
TypePreference_Prey_Anal_Neutral.label,Anal-ambivalent prey,label,QuirkDefs\QuirkPool_TypePreference.xml,def,<ALIMT >anal</ALIMT>-ambivalent prey
TypePreference_Prey_Anal_Neutral.description,[PAWN_label] doesn't really care one way or the other about being posternated.,description,QuirkDefs\QuirkPool_TypePreference.xml,def,<ALIMT >(PH_1)</ALIMT> doesn't really care one way or the other about being posternated.
TypePreference_Prey_Anal_Dislikes.label,Anal-averse prey,label,QuirkDefs\QuirkPool_TypePreference.xml,def,<ALIMT >anal</ALIMT>-averse prey
TypePreference_Prey_Anal_Dislikes.description,[PAWN_label] dislikes being posternated. It's (probably) gross and it (probably) stinks up there.,description,QuirkDefs\QuirkPool_TypePreference.xml,def,<ALIMT >(PH_1)</ALIMT> dislikes being posternated. It's (probably) gross and it (probably) stinks up there.
TypePreference_Prey_Anal_Refuses.label,Anal-abhorring prey,label,QuirkDefs\QuirkPool_TypePreference.xml,def,<ALIMT >anal</ALIMT>-abhorring prey
TypePreference_Prey_Anal_Refuses.description,[PAWN_label] hates being posternated. There is no treasure to be found in the waste disposal chute.,description,QuirkDefs\QuirkPool_TypePreference.xml,def,<ALIMT >(PH_1)</ALIMT> hates being posternated. There is no treasure to be found in the waste disposal chute.
GoalPreference_Prey_Cock.label,Preyish type preference (cock),label,QuirkDefs\QuirkPool_TypePreference.xml,def,Preyish type preference (cock)
GoalPreference_Prey_Cock.description,"These quirks determine how much a pawn likes to be sounded down a predator's cock. At the extremes, the pawn will either never or always try to get unsown.",description,QuirkDefs\QuirkPool_TypePreference.xml,def,"These quirks determine how much a <ALIMT >(PH_2)</ALIMT> likes to be sounded down a predator's cock. At the extremes, the <ALIMT >(PH_1)</ALIMT> will either never or always try to get unsown."
TypePreference_Prey_Cock_Obsessed.label,Obsessive phallicist prey,label,QuirkDefs\QuirkPool_TypePreference.xml,def,Obsessive phallicist prey
TypePreference_Prey_Cock_Obsessed.description,"[PAWN_label] loves to clean pipes, to sound up, to feed the trouser snake; to be unsown, unjerked, cock-vored.",description,QuirkDefs\QuirkPool_TypePreference.xml,def,"<ALIMT >(PH_1)</ALIMT> loves to clean pipes, to sound up, to feed the trouser snake; to be unsown, unjerked, cock-vored."
TypePreference_Prey_Cock_Likes.label,Phallicist prey,label,QuirkDefs\QuirkPool_TypePreference.xml,def,Phallicist prey
TypePreference_Prey_Cock_Likes.description,[PAWN_label] likes being unsown. The nads make for a delightful cum-bath.,description,QuirkDefs\QuirkPool_TypePreference.xml,def,<ALIMT >(PH_1)</ALIMT> likes being unsown. The nads make for a delightful <ALIMT >cum</ALIMT>-bath.
TypePreference_Prey_Cock_Neutral.label,Phallic-ambivalent prey,label,QuirkDefs\QuirkPool_TypePreference.xml,def,Phallic-ambivalent prey
TypePreference_Prey_Cock_Neutral.description,[PAWN_label] doesn't really care one way or the other about being unsown.,description,QuirkDefs\QuirkPool_TypePreference.xml,def,<ALIMT >(PH_1)</ALIMT> doesn't really care one way or the other about being unsown.
TypePreference_Prey_Cock_Dislikes.label,Phallic-averse prey,label,QuirkDefs\QuirkPool_TypePreference.xml,def,Phallic-averse prey
TypePreference_Prey_Cock_Dislikes.description,[PAWN_label] dislikes being unsown. It's tight as hell and the loop around the bladder is the worst.,description,QuirkDefs\QuirkPool_TypePreference.xml,def,<ALIMT >(PH_1)</ALIMT> dislikes being unsown. It's tight as <ALIMT >hell</ALIMT> and the loop around the bladder is the worst.
TypePreference_Prey_Cock_Refuses.label,Phallic-abhorring prey,label,QuirkDefs\QuirkPool_TypePreference.xml,def,Phallic-abhorring prey
TypePreference_Prey_Cock_Refuses.description,"[PAWN_label] hates being unsown. The cock is supposed to go in you, not around you.",description,QuirkDefs\QuirkPool_TypePreference.xml,def,"<ALIMT >(PH_1)</ALIMT> hates being unsown. The cock is supposed to go in you, not around you."
GoalPreference_Prey_Nipple.label,Preyish type preference (nipple),label,QuirkDefs\QuirkPool_TypePreference.xml,def,Preyish type preference (<ALIMT >nipple</ALIMT>)
GoalPreference_Prey_Nipple.description,"These quirks determine how much a pawn likes to be stuffed into a predator's nipples. At the extremes, the pawn will either never or always try to get unnursed.",description,QuirkDefs\QuirkPool_TypePreference.xml,def,"These quirks determine how much a <ALIMT >(PH_2)</ALIMT> likes to be stuffed into a predator's <ALIMT >nipples</ALIMT>. At the extremes, the <ALIMT >(PH_1)</ALIMT> will either never or always try to get unnursed."
TypePreference_Prey_Nipple_Obsessed.label,Obsessive mammilist prey,label,QuirkDefs\QuirkPool_TypePreference.xml,def,Obsessive mammilist prey
TypePreference_Prey_Nipple_Obsessed.description,"[PAWN_label] loves to dive into dugs; to be unnursed, unsuckled, bathe in milk, be breast-vored.",description,QuirkDefs\QuirkPool_TypePreference.xml,def,"<ALIMT >(PH_1)</ALIMT> loves to dive into dugs; to be unnursed, unsuckled, bathe in milk, be <ALIMT >breast</ALIMT>-vored."
TypePreference_Prey_Nipple_Likes.label,Mammilist prey,label,QuirkDefs\QuirkPool_TypePreference.xml,def,Mammilist prey
TypePreference_Prey_Nipple_Likes.description,"[PAWN_label] likes being unnursed. Milk's good for your skin, or something like that.",description,QuirkDefs\QuirkPool_TypePreference.xml,def,"<ALIMT >(PH_1)</ALIMT> likes being unnursed. Milk's good for your skin, or something like that."
TypePreference_Prey_Nipple_Neutral.label,Mammary-ambivalent prey,label,QuirkDefs\QuirkPool_TypePreference.xml,def,Mammary-ambivalent prey
TypePreference_Prey_Nipple_Neutral.description,[PAWN_label] doesn't really care one way or the other about being unnursed.,description,QuirkDefs\QuirkPool_TypePreference.xml,def,<ALIMT >(PH_1)</ALIMT> doesn't really care one way or the other about being unnursed.
TypePreference_Prey_Nipple_Dislikes.label,Mammary-averse prey,label,QuirkDefs\QuirkPool_TypePreference.xml,def,Mammary-averse prey
TypePreference_Prey_Nipple_Dislikes.description,"[PAWN_label] dislikes being unnursed. You suck nipple, not the other way around.",description,QuirkDefs\QuirkPool_TypePreference.xml,def,"<ALIMT >(PH_1)</ALIMT> dislikes being unnursed. You suck <ALIMT >nipple</ALIMT>, not the other way around."
TypePreference_Prey_Nipple_Refuses.label,Mammary-abhorring prey,label,QuirkDefs\QuirkPool_TypePreference.xml,def,Mammary-abhorring prey
TypePreference_Prey_Nipple_Refuses.description,[PAWN_label] hates being unnursed. Breasts don't even have one big mammary gland!,description,QuirkDefs\QuirkPool_TypePreference.xml,def,<ALIMT >(PH_1)</ALIMT> hates being unnursed. <ALIMT >breasts</ALIMT> don't even have one big mammary gland!
TypePreference_Prey_FullTour.label,Preyish type preference (full tour),label,QuirkDefs\QuirkPool_TypePreference.xml,def,Preyish type preference (<ALIMT >full tour</ALIMT>)
TypePreference_Prey_FullTour.description,"These quirks determine how much a pawn likes take a tour through a predator's insides. At the extremes, the pawn will either never or always try to get sent through the whole digestive tract.",description,QuirkDefs\QuirkPool_TypePreference.xml,def,"These quirks determine how much a <ALIMT >(PH_2)</ALIMT> likes take a tour through a predator's insides. At the extremes, the <ALIMT >(PH_1)</ALIMT> will either never or always try to get sent through the whole digestive tract."
TypePreference_Prey_FullTour_Obsessed.label,Obsessive tourist prey,label,QuirkDefs\QuirkPool_TypePreference.xml,def,Obsessive tourist prey
TypePreference_Prey_FullTour_Obsessed.description,"[PAWN_label] loves to get close with every inch of a predator's insides, from the very top to the very bottom.",description,QuirkDefs\QuirkPool_TypePreference.xml,def,"<ALIMT >(PH_1)</ALIMT> loves to get close with every inch of a predator's insides, from the very top to the very bottom."
TypePreference_Prey_FullTour_Likes.label,Tourist prey,label,QuirkDefs\QuirkPool_TypePreference.xml,def,Tourist prey
TypePreference_Prey_FullTour_Likes.description,[PAWN_label] likes touring through guts. It's a lovely variety of sensations all the way through.,description,QuirkDefs\QuirkPool_TypePreference.xml,def,<ALIMT >(PH_1)</ALIMT> likes touring through guts. It's a lovely variety of sensations <ALIMT >all the way through</ALIMT>.
TypePreference_Prey_FullTour_Neutral.label,Tour-ambivalent prey,label,QuirkDefs\QuirkPool_TypePreference.xml,def,Tour-ambivalent prey
TypePreference_Prey_FullTour_Neutral.description,[PAWN_label] doesn't really care one way or the other about taking full tours.,description,QuirkDefs\QuirkPool_TypePreference.xml,def,<ALIMT >(PH_1)</ALIMT> doesn't really care one way or the other about taking full tours.
TypePreference_Prey_FullTour_Dislikes.label,Tour-averse prey,label,QuirkDefs\QuirkPool_TypePreference.xml,def,Tour-averse prey
TypePreference_Prey_FullTour_Dislikes.description,[PAWN_label] dislikes taking full tours. Guts get rough when they need to push you through like that.,description,QuirkDefs\QuirkPool_TypePreference.xml,def,<ALIMT >(PH_1)</ALIMT> dislikes taking full tours. Guts get rough when they need to push you through like that.
TypePreference_Prey_FullTour_Refuses.label,Tour-abhorring prey,label,QuirkDefs\QuirkPool_TypePreference.xml,def,Tour-abhorring prey
TypePreference_Prey_FullTour_Refuses.description,"[PAWN_label] hates taking full tours. The thought of being trapped in claustrophobic intestines and handled like food alone makes [PAWN_objective] shudder, let alone actually being there!",description,QuirkDefs\QuirkPool_TypePreference.xml,def,"<ALIMT >(PH_2)</ALIMT> hates taking full tours. The thought of being trapped in claustrophobic intestines and handled like food alone makes <ALIMT >(PH_1)</ALIMT> shudder, let alone actually being there!"
GoalPreference_Prey_Oral.label,Preyish type preference (oral),label,QuirkDefs\QuirkPool_TypePreference.xml,def,Preyish type preference (<ALIMT >oral</ALIMT>)
GoalPreference_Prey_Oral.description,"These quirks determine how much a pawn likes to be gulped down a predator's mouth. At the extremes, the pawn will either never or always try to get swallowed.",description,QuirkDefs\QuirkPool_TypePreference.xml,def,"These quirks determine how much a <ALIMT >(PH_2)</ALIMT> likes to be gulped down a predator's mouth. At the extremes, the <ALIMT >(PH_1)</ALIMT> will either never or always try to get swallowed."
TypePreference_Prey_Oral_Obsessed.label,Obsessive oralist prey,label,QuirkDefs\QuirkPool_TypePreference.xml,def,Obsessive oralist prey
TypePreference_Prey_Oral_Obsessed.description,"[PAWN_label] loves to be swallowed whole, gulped down, licked all over, orally-vored.",description,QuirkDefs\QuirkPool_TypePreference.xml,def,"<ALIMT >(PH_1)</ALIMT> loves to be swallowed whole, gulped down, licked all over, orally-vored."
TypePreference_Prey_Oral_Likes.label,Oralist prey,label,QuirkDefs\QuirkPool_TypePreference.xml,def,Oralist prey
TypePreference_Prey_Oral_Likes.description,[PAWN_label] likes being swallowed. It's a classic for a reason; you don't get that kind of tongue action elsewhere!,description,QuirkDefs\QuirkPool_TypePreference.xml,def,<ALIMT >(PH_1)</ALIMT> likes being swallowed. It's a classic for a reason; you don't get that kind of tongue action elsewhere!
TypePreference_Prey_Oral_Neutral.label,Oral-ambivalent prey,label,QuirkDefs\QuirkPool_TypePreference.xml,def,<ALIMT >oral</ALIMT>-ambivalent prey
TypePreference_Prey_Oral_Neutral.description,[PAWN_label] doesn't really care one way or the other about being swallowed.,description,QuirkDefs\QuirkPool_TypePreference.xml,def,<ALIMT >(PH_1)</ALIMT> doesn't really care one way or the other about being swallowed.
TypePreference_Prey_Oral_Dislikes.label,Oral-averse prey,label,QuirkDefs\QuirkPool_TypePreference.xml,def,<ALIMT >oral</ALIMT>-averse prey
TypePreference_Prey_Oral_Dislikes.description,[PAWN_label] dislikes being swallowed. Teeth are scary.,description,QuirkDefs\QuirkPool_TypePreference.xml,def,<ALIMT >(PH_1)</ALIMT> dislikes being swallowed. Teeth are scary.
TypePreference_Prey_Oral_Refuses.label,Oral-abhorring prey,label,QuirkDefs\QuirkPool_TypePreference.xml,def,<ALIMT >oral</ALIMT>-abhorring prey
TypePreference_Prey_Oral_Refuses.description,[PAWN_label] hates being swallowed. It triggers a kind of primal fear in [PAWN_objective].,description,QuirkDefs\QuirkPool_TypePreference.xml,def,<ALIMT >(PH_2)</ALIMT> hates being swallowed. It triggers a kind of primal fear in <ALIMT >(PH_1)</ALIMT>.
GoalPreference_Prey_Vaginal.label,Preyish type preference (vaginal),label,QuirkDefs\QuirkPool_TypePreference.xml,def,Preyish type preference (<ALIMT >vaginal</ALIMT>)
GoalPreference_Prey_Vaginal.description,"These quirks determine how much a pawn likes to be stuffed up a predator's muff. At the extremes, the pawn will either never or always try to get unbirthed.",description,QuirkDefs\QuirkPool_TypePreference.xml,def,"These quirks determine how much a <ALIMT >(PH_2)</ALIMT> likes to be stuffed up a predator's muff. At the extremes, the <ALIMT >(PH_1)</ALIMT> will either never or always try to get unbirthed."
TypePreference_Prey_Vaginal_Obsessed.label,Obsessive yonicist prey,label,QuirkDefs\QuirkPool_TypePreference.xml,def,Obsessive yonicist prey
TypePreference_Prey_Vaginal_Obsessed.description,"[PAWN_label] loves to swim the channel; to be snatched up, clamshelled, unjilled, unborn.",description,QuirkDefs\QuirkPool_TypePreference.xml,def,"<ALIMT >(PH_1)</ALIMT> loves to swim the channel; to be snatched up, clamshelled, unjilled, unborn."
TypePreference_Prey_Vaginal_Likes.label,Yonicist prey,label,QuirkDefs\QuirkPool_TypePreference.xml,def,Yonicist prey
TypePreference_Prey_Vaginal_Likes.description,"[PAWN_label] likes to swim the channel; to be snatched up, clamshelled, unjilled, unborn.",description,QuirkDefs\QuirkPool_TypePreference.xml,def,"<ALIMT >(PH_1)</ALIMT> likes to swim the channel; to be snatched up, clamshelled, unjilled, unborn."
TypePreference_Prey_Vaginal_Neutral.label,Yonic-ambivalent prey,label,QuirkDefs\QuirkPool_TypePreference.xml,def,Yonic-ambivalent prey
TypePreference_Prey_Vaginal_Neutral.description,[PAWN_label] doesn't really care one way or the other about being unborn.,description,QuirkDefs\QuirkPool_TypePreference.xml,def,<ALIMT >(PH_1)</ALIMT> doesn't really care one way or the other about being unborn.
TypePreference_Prey_Vaginal_Dislikes.label,Yonic-averse prey,label,QuirkDefs\QuirkPool_TypePreference.xml,def,Yonic-averse prey
TypePreference_Prey_Vaginal_Dislikes.description,"[PAWN_label] dislikes being unborn, especially if the unbirther tries to act like [PAWN_possessive] parent afterwards.",description,QuirkDefs\QuirkPool_TypePreference.xml,def,"<ALIMT >(PH_2)</ALIMT> dislikes being unborn, especially if the unbirther tries to act like <ALIMT >(PH_1)</ALIMT> parent afterwards."
TypePreference_Prey_Vaginal_Refuses.label,Yonic-abhorring prey,label,QuirkDefs\QuirkPool_TypePreference.xml,def,Yonic-abhorring prey
TypePreference_Prey_Vaginal_Refuses.description,[PAWN_label] hates being unborn. Once is enough!,description,QuirkDefs\QuirkPool_TypePreference.xml,def,<ALIMT >(PH_1)</ALIMT> hates being unborn. Once is enough!
PredatorDisposition.label,Predator disposition,label,QuirkDefs\QuirkPool_VoreDisposition.xml,def,Predator disposition
PredatorDisposition.description,"These quirks determine the degreee to which the pawn prefers to be a predator. At the extremes, the pawn will always either refuse to or always be a predator.",description,QuirkDefs\QuirkPool_VoreDisposition.xml,def,"These quirks determine the degreee to which the <ALIMT >(PH_2)</ALIMT> prefers to be a predator. At the extremes, the <ALIMT >(PH_1)</ALIMT> will always either refuse to or always be a predator."
PredatorDisposition_Obsessed.label,Ravenous predator,label,QuirkDefs\QuirkPool_VoreDisposition.xml,def,Ravenous predator
PredatorDisposition_Obsessed.description,"[PAWN_label] imagines [PAWN_objective]self as an apex predator, sitting proud at the top of the food chain. [PAWN_pronoun] lives to prey on those around [PAWN_objective].",description,QuirkDefs\QuirkPool_VoreDisposition.xml,def,"<ALIMT >(PH_4)</ALIMT> imagines <ALIMT >(PH_3)</ALIMT>self as an apex predator, sitting proud at the top of the food <ALIMT >chain</ALIMT>. <ALIMT >(PH_2)</ALIMT> lives to prey on those around <ALIMT >(PH_1)</ALIMT>."
PredatorDisposition_Likes.label,Predator,label,QuirkDefs\QuirkPool_VoreDisposition.xml,def,Predator
PredatorDisposition_Likes.description,"[PAWN_label] is a predator, always scanning the scene for prey to devour.",description,QuirkDefs\QuirkPool_VoreDisposition.xml,def,"<ALIMT >(PH_1)</ALIMT> is a predator, always scanning the scene for prey to devour."
PredatorDisposition_Neutral.label,Predatory ambivalence,label,QuirkDefs\QuirkPool_VoreDisposition.xml,def,Predatory ambivalence
PredatorDisposition_Neutral.description,[PAWN_label] doesn't really care one way or the other about being a predator.,description,QuirkDefs\QuirkPool_VoreDisposition.xml,def,<ALIMT >(PH_1)</ALIMT> doesn't really care one way or the other about being a predator.
PredatorDisposition_Dislikes.label,Predatory aversion,label,QuirkDefs\QuirkPool_VoreDisposition.xml,def,Predatory aversion
PredatorDisposition_Dislikes.description,"[PAWN_label] is not much of a predator and doesn't want to devour anyone. It'd have to be for convenience, survival, or really scratching an uncommon itch.",description,QuirkDefs\QuirkPool_VoreDisposition.xml,def,"<ALIMT >(PH_1)</ALIMT> is not much of a predator and doesn't want to devour anyone. It'd have to be for convenience, survival, or really scratching an uncommon itch."
PredatorDisposition_Refuses.label,Predatory refusal,label,QuirkDefs\QuirkPool_VoreDisposition.xml,def,Predatory refusal
PredatorDisposition_Refuses.description,[PAWN_label] is not a predator and will never willingly devour anyone.,description,QuirkDefs\QuirkPool_VoreDisposition.xml,def,<ALIMT >(PH_1)</ALIMT> is not a predator and will never willingly devour anyone.
PreyDisposition.label,Prey disposition,label,QuirkDefs\QuirkPool_VoreDisposition.xml,def,Prey disposition
PreyDisposition.description,"These quirks determine the degreee to which the pawn prefers to be a prey. At the extremes, the pawn will always either refuse to or always be prey.",description,QuirkDefs\QuirkPool_VoreDisposition.xml,def,"These quirks determine the degreee to which the <ALIMT >(PH_2)</ALIMT> prefers to be a prey. At the extremes, the <ALIMT >(PH_1)</ALIMT> will always either refuse to or always be prey."
PreyDisposition_Obsessed.label,Preyslut,label,QuirkDefs\QuirkPool_VoreDisposition.xml,def,Preyslut
PreyDisposition_Obsessed.description,[PAWN_label] is more comfortable inside of someone’s body than outside. [PAWN_pronoun] would spend [PAWN_possessive] whole life there if [PAWN_pronoun] could.,description,QuirkDefs\QuirkPool_VoreDisposition.xml,def,<ALIMT >(PH_4)</ALIMT> is more comfortable inside of someone’s body than outside. <ALIMT >(PH_3)</ALIMT> would spend <ALIMT >(PH_2)</ALIMT> whole life there if <ALIMT >(PH_1)</ALIMT> could.
PreyDisposition_Likes.label,Prey,label,QuirkDefs\QuirkPool_VoreDisposition.xml,def,Prey
PreyDisposition_Likes.description,"[PAWN_label] is turned on by the prospect of being devoured alive, constantly scanning for some pred or other to scoop [PAWN_objective] up.",description,QuirkDefs\QuirkPool_VoreDisposition.xml,def,"<ALIMT >(PH_2)</ALIMT> is turned on by the prospect of being devoured alive, constantly scanning for some pred or other to scoop <ALIMT >(PH_1)</ALIMT> up."
PreyDisposition_Neutral.label,Preyish ambivalence,label,QuirkDefs\QuirkPool_VoreDisposition.xml,def,Preyish ambivalence
PreyDisposition_Neutral.description,[PAWN_label] doesn't really care one way or the other about being prey.,description,QuirkDefs\QuirkPool_VoreDisposition.xml,def,<ALIMT >(PH_1)</ALIMT> doesn't really care one way or the other about being prey.
PreyDisposition_Dislikes.label,Preyish aversion,label,QuirkDefs\QuirkPool_VoreDisposition.xml,def,Preyish aversion
PreyDisposition_Dislikes.description,"[PAWN_label] isn't that interested in getting devoured. It'd have to be for convenience, survival, or really scratching an uncommon itch.",description,QuirkDefs\QuirkPool_VoreDisposition.xml,def,"<ALIMT >(PH_1)</ALIMT> isn't that interested in getting devoured. It'd have to be for convenience, survival, or really scratching an uncommon itch."
PreyDisposition_Refuses.label,Preyish refusal,label,QuirkDefs\QuirkPool_VoreDisposition.xml,def,Preyish refusal
PreyDisposition_Refuses.description,[PAWN_label] has no absolutely desire to get devoured at all. [PAWN_pronoun] insists that [PAWN_pronoun] is not food.,description,QuirkDefs\QuirkPool_VoreDisposition.xml,def,<ALIMT >(PH_3)</ALIMT> has no absolutely <ALIMT >desire</ALIMT> to get devoured at all. <ALIMT >(PH_2)</ALIMT> insists that <ALIMT >(PH_1)</ALIMT> is not food.
FeederDisposition.label,Feeder disposition,label,QuirkDefs\QuirkPool_VoreDisposition.xml,def,Feeder disposition
FeederDisposition.description,"These quirks determine the degree to which the pawn prefers to be a feeder for another pred. At the extremes, the pawn will always either refuse to or always be a feeder.",description,QuirkDefs\QuirkPool_VoreDisposition.xml,def,"These quirks determine the degree to which the <ALIMT >(PH_2)</ALIMT> prefers to be a feeder for another pred. At the extremes, the <ALIMT >(PH_1)</ALIMT> will always either refuse to or always be a feeder."
FeederDisposition_Obsessed.label,Frenzied feeder,label,QuirkDefs\QuirkPool_VoreDisposition.xml,def,Frenzied feeder
FeederDisposition_Obsessed.description,"[PAWN_label] finds little in this world more rewarding than handling all the busywork for a predator, up to and including hand-feeding said pred some prey.",description,QuirkDefs\QuirkPool_VoreDisposition.xml,def,"<ALIMT >(PH_1)</ALIMT> finds little in this world more rewarding than handling all the busywork for a predator, up to and including hand-feeding said pred some prey."
FeederDisposition_Likes.label,Feeder,label,QuirkDefs\QuirkPool_VoreDisposition.xml,def,Feeder
FeederDisposition_Likes.description,[PAWN_label] likes to help preds out with their hunting by fetching the prey for them.,description,QuirkDefs\QuirkPool_VoreDisposition.xml,def,<ALIMT >(PH_1)</ALIMT> likes to help preds out with their hunting by fetching the prey for them.
FeederDisposition_Neutral.label,Feeder ambivalence,label,QuirkDefs\QuirkPool_VoreDisposition.xml,def,Feeder ambivalence
FeederDisposition_Neutral.description,[PAWN_label] doesn't really care one way or the other about hand-feeding predators.,description,QuirkDefs\QuirkPool_VoreDisposition.xml,def,<ALIMT >(PH_1)</ALIMT> doesn't really care one way or the other about hand-feeding predators.
FeederDisposition_Dislikes.label,Feeder aversion,label,QuirkDefs\QuirkPool_VoreDisposition.xml,def,Feeder aversion
FeederDisposition_Dislikes.description,[PAWN_label] dislikes hand-feeding predators and would rather the predator just got their food themself.,description,QuirkDefs\QuirkPool_VoreDisposition.xml,def,<ALIMT >(PH_1)</ALIMT> dislikes hand-feeding predators and would rather the predator just got their food themself.
FeederDisposition_Refuses.label,Feeder refusal,label,QuirkDefs\QuirkPool_VoreDisposition.xml,def,Feeder refusal
FeederDisposition_Refuses.description,[PAWN_label] hates hand-feeding predators and will not willingly do it. That's just an elaborate way to get eaten last.,description,QuirkDefs\QuirkPool_VoreDisposition.xml,def,<ALIMT >(PH_1)</ALIMT> hates hand-feeding predators and will not willingly do it. That's just an elaborate way to get eaten last.
FeederDisposition_Predator.label,Feeder disposition (Receiver),label,QuirkDefs\QuirkPool_VoreDisposition.xml,def,Feeder disposition (Receiver)
FeederDisposition_Predator.description,These quirks determine the receptiveness of a pawn to be the predator in proposed feeding vore.,description,QuirkDefs\QuirkPool_VoreDisposition.xml,def,These quirks determine the receptiveness of a <ALIMT >(PH_1)</ALIMT> to be the predator in proposed feeding <ALIMT >vore</ALIMT>.
FeederDisposition_Predator_Obsessed.label,Spoonfed,label,QuirkDefs\QuirkPool_VoreDisposition.xml,def,Spoonfed
FeederDisposition_Predator_Obsessed.description,"[PAWN_label] loves gobbling up prey, but hates the effort involved in chasing them down. Having someone else do it for [PAWN_objective] sounds delightful.",description,QuirkDefs\QuirkPool_VoreDisposition.xml,def,"<ALIMT >(PH_2)</ALIMT> loves gobbling up prey, but hates the effort involved in chasing them down. Having someone else do it for <ALIMT >(PH_1)</ALIMT> sounds delightful."
FeederDisposition_Predator_Likes.label,Receptive,label,QuirkDefs\QuirkPool_VoreDisposition.xml,def,Receptive
FeederDisposition_Predator_Likes.description,[PAWN_label] likes the idea of having prey fed to them with no extra effort involved.,description,QuirkDefs\QuirkPool_VoreDisposition.xml,def,<ALIMT >(PH_1)</ALIMT> likes the idea of having prey fed to them with no extra effort involved.
FeederDisposition_Predator_Neutral.label,Ambivalence,label,QuirkDefs\QuirkPool_VoreDisposition.xml,def,Ambivalence
FeederDisposition_Predator_Neutral.description,[PAWN_label] doesn't really care if they have to track down their own prey or be fed.,description,QuirkDefs\QuirkPool_VoreDisposition.xml,def,<ALIMT >(PH_1)</ALIMT> doesn't really care if they have to track down their own prey or be fed.
FeederDisposition_Predator_Dislikes.label,Unreceptive,label,QuirkDefs\QuirkPool_VoreDisposition.xml,def,Unreceptive
FeederDisposition_Predator_Dislikes.description,[PAWN_label] prefers to ask [PAWN_possessive] own prey for vore.,description,QuirkDefs\QuirkPool_VoreDisposition.xml,def,<ALIMT >(PH_2)</ALIMT> prefers to ask <ALIMT >(PH_1)</ALIMT> own prey for <ALIMT >vore</ALIMT>.
FeederDisposition_Predator_Refuses.label,Picky Eater,label,QuirkDefs\QuirkPool_VoreDisposition.xml,def,Picky Eater
FeederDisposition_Predator_Refuses.description,[PAWN_label] is fully grown and self-reliant. Feeding prey to [PAWN_objective] is insulting when [PAWN_pronoun] can just get the prey [PAWN_objective]self.,description,QuirkDefs\QuirkPool_VoreDisposition.xml,def,<ALIMT >(PH_4)</ALIMT> is fully grown and self-reliant. Feeding prey to <ALIMT >(PH_3)</ALIMT> is insulting when <ALIMT >(PH_2)</ALIMT> can just get the prey <ALIMT >(PH_1)</ALIMT>self.
FeederDisposition_Prey.label,Feeder disposition (Fodder),label,QuirkDefs\QuirkPool_VoreDisposition.xml,def,Feeder disposition (Fodder)
FeederDisposition_Prey.description,These quirks determine the receptiveness of a pawn to be the prey in proposed feeding vore.,description,QuirkDefs\QuirkPool_VoreDisposition.xml,def,These quirks determine the receptiveness of a <ALIMT >(PH_1)</ALIMT> to be the prey in proposed feeding <ALIMT >vore</ALIMT>.
FeederDisposition_Prey_Obsessed.label,Intro(vore)ted,label,QuirkDefs\QuirkPool_VoreDisposition.xml,def,<ALIMT >(PH_1)</ALIMT>ted
FeederDisposition_Prey_Obsessed.description,[PAWN_label] is extremely intro(vore)ted and needs someone else to hook [PAWN_objective] up to a predator.,description,QuirkDefs\QuirkPool_VoreDisposition.xml,def,<ALIMT >(PH_3)</ALIMT> is extremely <ALIMT >(PH_2)</ALIMT>ted and needs someone else to hook <ALIMT >(PH_1)</ALIMT> up to a predator.
FeederDisposition_Prey_Likes.label,Snack,label,QuirkDefs\QuirkPool_VoreDisposition.xml,def,Snack
FeederDisposition_Prey_Likes.description,[PAWN_label] likes blind dates with [PAWN_possessive] predator.,description,QuirkDefs\QuirkPool_VoreDisposition.xml,def,<ALIMT >(PH_2)</ALIMT> likes <ALIMT >blind</ALIMT> dates with <ALIMT >(PH_1)</ALIMT> predator.
FeederDisposition_Prey_Neutral.label,Feeder ambivalence,label,QuirkDefs\QuirkPool_VoreDisposition.xml,def,Feeder ambivalence
FeederDisposition_Prey_Neutral.description,[PAWN_label] doesn't really care if [PAWN_pronoun] is being fed to someone.,description,QuirkDefs\QuirkPool_VoreDisposition.xml,def,<ALIMT >(PH_2)</ALIMT> doesn't really care if <ALIMT >(PH_1)</ALIMT> is being fed to someone.
FeederDisposition_Prey_Dislikes.label,Fodder aversion,label,QuirkDefs\QuirkPool_VoreDisposition.xml,def,Fodder aversion
FeederDisposition_Prey_Dislikes.description,"[PAWN_label] doesn't want to be a bother, so they'd rather not have someone spend their time introducing them to a pred.",description,QuirkDefs\QuirkPool_VoreDisposition.xml,def,"<ALIMT >(PH_1)</ALIMT> doesn't want to be a bother, so they'd rather not have someone spend their time introducing them to a pred."
FeederDisposition_Prey_Refuses.label,Fodder refusal,label,QuirkDefs\QuirkPool_VoreDisposition.xml,def,Fodder refusal
FeederDisposition_Prey_Refuses.description,[PAWN_label] hates the idea of being fed to someone else. [PAWN_pronoun] wants to pick [PAWN_possessive] own holes to jump into.,description,QuirkDefs\QuirkPool_VoreDisposition.xml,def,<ALIMT >(PH_3)</ALIMT> hates the idea of being fed to someone else. <ALIMT >(PH_2)</ALIMT> wants to pick <ALIMT >(PH_1)</ALIMT> own holes to jump into.
ProductPreference.label,Vore product preference,label,QuirkDefs\QuirkPool_VoreProductPreferences.xml,def,<ALIMT >vore</ALIMT> product preference
ProductPreference.description,"These quirks determine how much a pawn enjoys eating edible vore products, which are food items produced by digestion/conversion such as milk and cum.",description,QuirkDefs\QuirkPool_VoreProductPreferences.xml,def,"These quirks determine how much a <ALIMT >(PH_1)</ALIMT> enjoys eating edible <ALIMT >vore</ALIMT> products, which are food items produced by digestion/conversion such as milk and <ALIMT >cum</ALIMT>."
ProductPreference_Loves.label,Processed pawn connoisseur,label,QuirkDefs\QuirkPool_VoreProductPreferences.xml,def,Processed <ALIMT >(PH_1)</ALIMT> connoisseur
ProductPreference_Loves.description,"[PAWN_label] loves to consume the treats dispensed by predators, who have so skillfully churned their prey into thick batter and creamy milk.",description,QuirkDefs\QuirkPool_VoreProductPreferences.xml,def,"<ALIMT >(PH_1)</ALIMT> loves to consume the treats dispensed by predators, who have so skillfully churned their prey into thick batter and creamy milk."
ProductPreference_Likes.label,Processed pawn taste,label,QuirkDefs\QuirkPool_VoreProductPreferences.xml,def,Processed <ALIMT >(PH_1)</ALIMT> taste
ProductPreference_Likes.description,[PAWN_label] likes to consume the remains of prey who have been churned into tasty beverages.,description,QuirkDefs\QuirkPool_VoreProductPreferences.xml,def,<ALIMT >(PH_1)</ALIMT> likes to consume the remains of prey who have been churned into tasty beverages.
ProductPreference_Neutral.label,Processed pawn ambivalence,label,QuirkDefs\QuirkPool_VoreProductPreferences.xml,def,Processed <ALIMT >(PH_1)</ALIMT> ambivalence
ProductPreference_Neutral.description,[PAWN_label] doesn't care one way or the other about consuming the remains of prey who have been churned into edibles.,description,QuirkDefs\QuirkPool_VoreProductPreferences.xml,def,<ALIMT >(PH_1)</ALIMT> doesn't care one way or the other about consuming the remains of prey who have been churned into edibles.
ProductPreference_Dislikes.label,Processed pawn distaste,label,QuirkDefs\QuirkPool_VoreProductPreferences.xml,def,Processed <ALIMT >(PH_1)</ALIMT> distaste
ProductPreference_Dislikes.description,[PAWN_label] dislikes consuming the remains of prey who have been churned into edibles. It's a waste of good food.,description,QuirkDefs\QuirkPool_VoreProductPreferences.xml,def,<ALIMT >(PH_1)</ALIMT> dislikes consuming the remains of prey who have been churned into edibles. It's a waste of good food.
ProductPreference_Hates.label,Processed pawn disgust,label,QuirkDefs\QuirkPool_VoreProductPreferences.xml,def,Processed <ALIMT >(PH_1)</ALIMT> disgust
ProductPreference_Hates.description,[PAWN_label] hates consuming the remains of prey who have been churned into edibles. It's a profane alchemy that mustn't grace [PAWN_possessive] tongue.,description,QuirkDefs\QuirkPool_VoreProductPreferences.xml,def,<ALIMT >(PH_2)</ALIMT> hates consuming the remains of prey who have been churned into edibles. It's a profane alchemy that mustn't grace <ALIMT >(PH_1)</ALIMT> tongue.
RV2_Make_ChemfuelFromRemains.label,make chemfuel from remains,label,RecipeDefs\Recipes_Production.xml,def,make chemfuel from remains
RV2_Make_ChemfuelFromRemains.description,Make a batch of chemfuel by extracting biofuel from digested remains.,description,RecipeDefs\Recipes_Production.xml,def,Make a batch of chemfuel by extracting biofuel from digested remains.
RV2_Make_ChemfuelFromRemains.jobString,Refining chemfuel from remains.,jobString,RecipeDefs\Recipes_Production.xml,def,Refining chemfuel from remains.
RV2_MakeGoalEnabler_ConvertLube.label,Make lubrifactive enzyme seeder (Convert to lube),label,RecipeDefs\Recipes_VoreEnablers.xml,def,Make lubrifactive enzyme seeder (Convert to <ALIMT >lube</ALIMT>)
RV2_MakeGoalEnabler_ConvertMilk.label,Make lactifactive enzyme seeder (Convert to milk),label,RecipeDefs\Recipes_VoreEnablers.xml,def,Make lactifactive enzyme seeder (Convert to milk)
RV2_MakeGoalEnabler_ConvertSperm.label,Make spermifactive enzyme seeder (Convert to cum),label,RecipeDefs\Recipes_VoreEnablers.xml,def,Make spermifactive enzyme seeder (Convert to <ALIMT >cum</ALIMT>)
RV2_MakeGoalEnabler_Digest.label,Make hyperdigestive enzyme seeder (Digest),label,RecipeDefs\Recipes_VoreEnablers.xml,def,Make hyperdigestive enzyme seeder (Digest)
RV2_MakeGoalEnabler_TempEndo.label,"Make internal hospitality adjuster (Hold, Pleasure)",label,RecipeDefs\Recipes_VoreEnablers.xml,def,"Make internal hospitality adjuster (Hold, Pleasure)"
RV2_MakeGoalEnabler_Store.label,Make internal hospitality adjuster (Store),label,RecipeDefs\Recipes_VoreEnablers.xml,def,Make internal hospitality adjuster (Store)
RV2_MakeGoalEnabler_Heal.label,Make regenerative enzyme seeder (Heal),label,RecipeDefs\Recipes_VoreEnablers.xml,def,Make regenerative enzyme seeder (Heal)
RV2_MakeGoalEnabler_Reform.label,Make reproductive enzyme seeder (Reform),label,RecipeDefs\Recipes_VoreEnablers.xml,def,Make reproductive enzyme seeder (Reform)
RV2_MakeTypeEnabler_Oral.label,Make oral elasticizer,label,RecipeDefs\Recipes_VoreEnablers.xml,def,Make <ALIMT >oral</ALIMT> elasticizer
RV2_MakeTypeEnabler_Anal.label,Make anal elasticizer,label,RecipeDefs\Recipes_VoreEnablers.xml,def,Make <ALIMT >anal</ALIMT> elasticizer
RV2_MakeTypeEnabler_Vaginal.label,Make vaginal elasticizer,label,RecipeDefs\Recipes_VoreEnablers.xml,def,Make <ALIMT >vaginal</ALIMT> elasticizer
RV2_MakeTypeEnabler_Cock.label,Make penile elasticizer,label,RecipeDefs\Recipes_VoreEnablers.xml,def,Make penile elasticizer
RV2_MakeTypeEnabler_Nipple.label,Make nipple elasticizer,label,RecipeDefs\Recipes_VoreEnablers.xml,def,Make <ALIMT >nipple</ALIMT> elasticizer
RV2_MakeFertilizer.label,make fertilizer,label,RecipeDefs\Recipe_Fertilizer.xml,def,make fertilizer
RV2_MakeFertilizer4.label,make fertilizer x4,label,RecipeDefs\Recipe_Fertilizer.xml,def,make fertilizer x4
RV2_Surgery_RemovePrey.label,Remove prey from body part,label,RecipeDefs\Surgeries_RemovePrey.xml,def,Remove prey from body part
RV2_Surgery_RemovePrey.description,Remove prey from part.,description,RecipeDefs\Surgeries_RemovePrey.xml,def,Remove prey from part.
RV2_Surgery_RemovePrey.jobString,Removing prey from part.,jobString,RecipeDefs\Surgeries_RemovePrey.xml,def,Removing prey from part.
RV2_InstallGoalEnabler_ConvertLube.label,Install lubrifactive enzyme seeder,label,RecipeDefs\Surgeries_VoreEnablers.xml,def,Install lubrifactive enzyme seeder
RV2_InstallGoalEnabler_ConvertLube.description,Install the enzyme seeder required to allow turning prey into lube.,description,RecipeDefs\Surgeries_VoreEnablers.xml,def,Install the enzyme seeder required to allow turning prey into <ALIMT >lube</ALIMT>.
RV2_InstallGoalEnabler_ConvertMilk.label,Install lactifactive enzyme seeder,label,RecipeDefs\Surgeries_VoreEnablers.xml,def,Install lactifactive enzyme seeder
RV2_InstallGoalEnabler_ConvertMilk.description,Install the enzyme seeder required to allow turning prey into milk.,description,RecipeDefs\Surgeries_VoreEnablers.xml,def,Install the enzyme seeder required to allow turning prey into milk.
RV2_InstallGoalEnabler_ConvertSperm.label,Install spermifactive enzyme seeder,label,RecipeDefs\Surgeries_VoreEnablers.xml,def,Install spermifactive enzyme seeder
RV2_InstallGoalEnabler_ConvertSperm.description,Install the enzyme seeder required to allow turning prey into sperm.,description,RecipeDefs\Surgeries_VoreEnablers.xml,def,Install the enzyme seeder required to allow turning prey into <ALIMT >sperm</ALIMT>.
RV2_InstallGoalEnabler_Digest.label,Install hyperdigestive enzyme seeder,label,RecipeDefs\Surgeries_VoreEnablers.xml,def,Install hyperdigestive enzyme seeder
RV2_InstallGoalEnabler_Digest.description,Install the enzyme seeder required to allow digesting prey.,description,RecipeDefs\Surgeries_VoreEnablers.xml,def,Install the enzyme seeder required to allow digesting prey.
RV2_InstallGoalEnabler_TempEndo.label,"Install internal hospitality adjuster (Hold, Pleasure)",label,RecipeDefs\Surgeries_VoreEnablers.xml,def,"Install internal hospitality adjuster (Hold, Pleasure)"
RV2_InstallGoalEnabler_TempEndo.description,"Install the adjustments required to allow temporary, comfortable, and safe ingestion of prey.",description,RecipeDefs\Surgeries_VoreEnablers.xml,def,"Install the adjustments required to allow temporary, comfortable, and safe ingestion of prey."
RV2_InstallGoalEnabler_Store.label,Install internal hospitality adjuster (Store),label,RecipeDefs\Surgeries_VoreEnablers.xml,def,Install internal hospitality adjuster (Store)
RV2_InstallGoalEnabler_Store.description,"Install the adjustments required to allow permanent, comfortable, and safe ingestion of prey.",description,RecipeDefs\Surgeries_VoreEnablers.xml,def,"Install the adjustments required to allow permanent, comfortable, and safe ingestion of prey."
RV2_InstallGoalEnabler_Heal.label,Install regenerative enzyme seeder (Heal),label,RecipeDefs\Surgeries_VoreEnablers.xml,def,Install regenerative enzyme seeder (Heal)
RV2_InstallGoalEnabler_Heal.description,Install the gland allowing healing vore.,description,RecipeDefs\Surgeries_VoreEnablers.xml,def,Install the gland allowing healing <ALIMT >vore</ALIMT>.
RV2_InstallGoalEnabler_Reform.label,Install reproductive enzyme seeder (Reform),label,RecipeDefs\Surgeries_VoreEnablers.xml,def,Install reproductive enzyme seeder (Reform)
RV2_InstallGoalEnabler_Reform.description,Install the nanites allowing reformation vore.,description,RecipeDefs\Surgeries_VoreEnablers.xml,def,Install the nanites allowing reformation <ALIMT >vore</ALIMT>.
RV2_InstallTypeEnabler_Oral.label,Install oral elasticizer,label,RecipeDefs\Surgeries_VoreEnablers.xml,def,Install <ALIMT >oral</ALIMT> elasticizer
RV2_InstallTypeEnabler_Oral.description,Install the elasticizer required to allow oral vore.,description,RecipeDefs\Surgeries_VoreEnablers.xml,def,Install the elasticizer required to allow <ALIMT >oral</ALIMT> <ALIMT >vore</ALIMT>.
RV2_InstallTypeEnabler_Anal.label,Install anal elasticizer,label,RecipeDefs\Surgeries_VoreEnablers.xml,def,Install <ALIMT >anal</ALIMT> elasticizer
RV2_InstallTypeEnabler_Anal.description,Install the elasticizer required to allow anal vore.,description,RecipeDefs\Surgeries_VoreEnablers.xml,def,Install the elasticizer required to allow <ALIMT >anal</ALIMT> <ALIMT >vore</ALIMT>.
RV2_InstallTypeEnabler_Vaginal.label,Install vaginal elasticizer,label,RecipeDefs\Surgeries_VoreEnablers.xml,def,Install <ALIMT >vaginal</ALIMT> elasticizer
RV2_InstallTypeEnabler_Vaginal.description,Install the elasticizer required to allow vaginal vore.,description,RecipeDefs\Surgeries_VoreEnablers.xml,def,Install the elasticizer required to allow <ALIMT >vaginal</ALIMT> <ALIMT >vore</ALIMT>.
RV2_InstallTypeEnabler_Cock.label,Install penile elasticizer,label,RecipeDefs\Surgeries_VoreEnablers.xml,def,Install penile elasticizer
RV2_InstallTypeEnabler_Cock.description,Install the elasticizer required to allow cock vore.,description,RecipeDefs\Surgeries_VoreEnablers.xml,def,Install the elasticizer required to allow cock <ALIMT >vore</ALIMT>.
RV2_InstallTypeEnabler_Nipple.label,Install nipple elasticizer,label,RecipeDefs\Surgeries_VoreEnablers.xml,def,Install <ALIMT >nipple</ALIMT> elasticizer
RV2_InstallTypeEnabler_Nipple.description,Install the elasticizer required to allow nipple vore.,description,RecipeDefs\Surgeries_VoreEnablers.xml,def,Install the elasticizer required to allow <ALIMT >nipple</ALIMT> <ALIMT >vore</ALIMT>.
RV2_Predator.label,Vore: Predator,label,RecordDefs\Records_Vore.xml,def,<ALIMT >vore</ALIMT>: Predator
RV2_Predator.description,The number of times I vored someone.,description,RecordDefs\Records_Vore.xml,def,The number of times I vored someone.
RV2_Prey.label,Vore: Prey,label,RecordDefs\Records_Vore.xml,def,<ALIMT >vore</ALIMT>: Prey
RV2_Prey.description,The number of times I have been vored.,description,RecordDefs\Records_Vore.xml,def,The number of times I have been vored.
RV2_Type_Oral_Predator.label,Vore: Oral Predator,label,RecordDefs\Records_Vore.xml,def,<ALIMT >vore</ALIMT>: <ALIMT >oral</ALIMT> Predator
RV2_Type_Oral_Predator.description,The number of times I have swallowed someone.,description,RecordDefs\Records_Vore.xml,def,The number of times I have swallowed someone.
RV2_Type_Oral_Prey.label,Vore: Oral Prey,label,RecordDefs\Records_Vore.xml,def,<ALIMT >vore</ALIMT>: <ALIMT >oral</ALIMT> Prey
RV2_Type_Oral_Prey.description,The number of times I have been swallowed.,description,RecordDefs\Records_Vore.xml,def,The number of times I have been swallowed.
RV2_Type_Anal_Predator.label,Vore: Anal Predator,label,RecordDefs\Records_Vore.xml,def,<ALIMT >vore</ALIMT>: <ALIMT >anal</ALIMT> Predator
RV2_Type_Anal_Predator.description,The number of times I have anally swallowed someone.,description,RecordDefs\Records_Vore.xml,def,The number of times I have anally swallowed someone.
RV2_Type_Anal_Prey.label,Vore: Anal Prey,label,RecordDefs\Records_Vore.xml,def,<ALIMT >vore</ALIMT>: <ALIMT >anal</ALIMT> Prey
RV2_Type_Anal_Prey.description,The number of times I have been anally swallowed.,description,RecordDefs\Records_Vore.xml,def,The number of times I have been anally swallowed.
RV2_Type_Cock_Predator.label,Vore: Cock Predator,label,RecordDefs\Records_Vore.xml,def,<ALIMT >vore</ALIMT>: Cock Predator
RV2_Type_Cock_Predator.description,The number of times I have swallowed someone with my cock.,description,RecordDefs\Records_Vore.xml,def,The number of times I have swallowed someone with my cock.
RV2_Type_Cock_Prey.label,Vore: Cock Prey,label,RecordDefs\Records_Vore.xml,def,<ALIMT >vore</ALIMT>: Cock Prey
RV2_Type_Cock_Prey.description,The number of times I have been swallowed by someones cock.,description,RecordDefs\Records_Vore.xml,def,The number of times I have been swallowed by someones cock.
RV2_Type_Vaginal_Predator.label,Vore: Vaginal Predator,label,RecordDefs\Records_Vore.xml,def,<ALIMT >vore</ALIMT>: <ALIMT >vaginal</ALIMT> Predator
RV2_Type_Vaginal_Predator.description,The number of times I have vaginally swallowed someone.,description,RecordDefs\Records_Vore.xml,def,The number of times I have vaginally swallowed someone.
RV2_Type_Vaginal_Prey.label,Vore: Vaginal Prey,label,RecordDefs\Records_Vore.xml,def,<ALIMT >vore</ALIMT>: <ALIMT >vaginal</ALIMT> Prey
RV2_Type_Vaginal_Prey.description,The number of times I have been vaginally swallowed.,description,RecordDefs\Records_Vore.xml,def,The number of times I have been vaginally swallowed.
RV2_Type_Nipple_Predator.label,Vore: Nipple Predator,label,RecordDefs\Records_Vore.xml,def,<ALIMT >vore</ALIMT>: <ALIMT >nipple</ALIMT> Predator
RV2_Type_Nipple_Predator.description,The number of times I have swallowed someone with my nipple.,description,RecordDefs\Records_Vore.xml,def,The number of times I have swallowed someone with my <ALIMT >nipple</ALIMT>.
RV2_Type_Nipple_Prey.label,Vore: Nipple Prey,label,RecordDefs\Records_Vore.xml,def,<ALIMT >vore</ALIMT>: <ALIMT >nipple</ALIMT> Prey
RV2_Type_Nipple_Prey.description,The number of times I have been swallowed by someones nipple.,description,RecordDefs\Records_Vore.xml,def,The number of times I have been swallowed by someones <ALIMT >nipple</ALIMT>.
RV2_Type_FullTour_Predator.label,Vore: Full Tour Predator,label,RecordDefs\Records_Vore.xml,def,<ALIMT >vore</ALIMT>: <ALIMT >full tour</ALIMT> Predator
RV2_Type_FullTour_Predator.description,The number of times I have swallowed someone to shown them my whole tract.,description,RecordDefs\Records_Vore.xml,def,The number of times I have swallowed someone to shown them my whole tract.
RV2_Type_FullTour_Prey.label,Vore: Full Tour Prey,label,RecordDefs\Records_Vore.xml,def,<ALIMT >vore</ALIMT>: <ALIMT >full tour</ALIMT> Prey
RV2_Type_FullTour_Prey.description,The number of times I have been swallowed to see my predator's whole tract.,description,RecordDefs\Records_Vore.xml,def,The number of times I have been swallowed to see my predator's whole tract.
RV2_Goal_Digest_Predator.label,Vore: Digestion Predator,label,RecordDefs\Records_Vore.xml,def,<ALIMT >vore</ALIMT>: Digestion Predator
RV2_Goal_Digest_Predator.description,The number of times I have digested someone.,description,RecordDefs\Records_Vore.xml,def,The number of times I have digested someone.
RV2_Goal_Digest_Prey.label,Vore: Digestion Prey,label,RecordDefs\Records_Vore.xml,def,<ALIMT >vore</ALIMT>: Digestion Prey
RV2_Goal_Digest_Prey.description,The number of times I have been digested.,description,RecordDefs\Records_Vore.xml,def,The number of times I have been digested.
RV2_Goal_ConvertLube_Predator.label,Vore: Lubify Predator,label,RecordDefs\Records_Vore.xml,def,<ALIMT >vore</ALIMT>: Lubify Predator
RV2_Goal_ConvertLube_Predator.description,The number of times I have converted someone into lube.,description,RecordDefs\Records_Vore.xml,def,The number of times I have converted someone into <ALIMT >lube</ALIMT>.
RV2_Goal_ConvertLube_Prey.label,Vore: Lubify Prey,label,RecordDefs\Records_Vore.xml,def,<ALIMT >vore</ALIMT>: Lubify Prey
RV2_Goal_ConvertLube_Prey.description,The number of times I have been converted into lube.,description,RecordDefs\Records_Vore.xml,def,The number of times I have been converted into <ALIMT >lube</ALIMT>.
RV2_Goal_ConvertMilk_Predator.label,Vore: Milkify Predator,label,RecordDefs\Records_Vore.xml,def,<ALIMT >vore</ALIMT>: Milkify Predator
RV2_Goal_ConvertMilk_Predator.description,The number of times I have converted someone into milk.,description,RecordDefs\Records_Vore.xml,def,The number of times I have converted someone into milk.
RV2_Goal_ConvertMilk_Prey.label,Vore: Milkify Prey,label,RecordDefs\Records_Vore.xml,def,<ALIMT >vore</ALIMT>: Milkify Prey
RV2_Goal_ConvertMilk_Prey.description,The number of times I have been converted into milk.,description,RecordDefs\Records_Vore.xml,def,The number of times I have been converted into milk.
RV2_Goal_ConvertSperm_Predator.label,Vore: Spermify Predator,label,RecordDefs\Records_Vore.xml,def,<ALIMT >vore</ALIMT>: Spermify Predator
RV2_Goal_ConvertSperm_Predator.description,The number of times I have converted someone into sperm.,description,RecordDefs\Records_Vore.xml,def,The number of times I have converted someone into <ALIMT >sperm</ALIMT>.
RV2_Goal_ConvertSperm_Prey.label,Vore: Spermify Prey,label,RecordDefs\Records_Vore.xml,def,<ALIMT >vore</ALIMT>: Spermify Prey
RV2_Goal_ConvertSperm_Prey.description,The number of times I have been converted into sperm.,description,RecordDefs\Records_Vore.xml,def,The number of times I have been converted into <ALIMT >sperm</ALIMT>.
RV2_Goal_Reform_Predator.label,Vore: Reformation Predator,label,RecordDefs\Records_Vore.xml,def,<ALIMT >vore</ALIMT>: Reformation Predator
RV2_Goal_Reform_Predator.description,The number of times I have reformed someone.,description,RecordDefs\Records_Vore.xml,def,The number of times I have reformed someone.
RV2_Goal_Reform_Prey.label,Vore: Reformation Prey,label,RecordDefs\Records_Vore.xml,def,<ALIMT >vore</ALIMT>: Reformation Prey
RV2_Goal_Reform_Prey.description,The number of times I have been reformed.,description,RecordDefs\Records_Vore.xml,def,The number of times I have been reformed.
RV2_Goal_Heal_Predator.label,Vore: Healing Predator,label,RecordDefs\Records_Vore.xml,def,<ALIMT >vore</ALIMT>: Healing Predator
RV2_Goal_Heal_Predator.description,The number of times I have healed someone.,description,RecordDefs\Records_Vore.xml,def,The number of times I have healed someone.
RV2_Goal_Heal_Prey.label,Vore: Healing Prey,label,RecordDefs\Records_Vore.xml,def,<ALIMT >vore</ALIMT>: Healing Prey
RV2_Goal_Heal_Prey.description,The number of times I have been healed.,description,RecordDefs\Records_Vore.xml,def,The number of times I have been healed.
RV2_Goal_Pleasure_Predator.label,Vore: Pleasure Predator,label,RecordDefs\Records_Vore.xml,def,<ALIMT >vore</ALIMT>: Pleasure Predator
RV2_Goal_Pleasure_Predator.description,The number of times I have vored someone for pleasure.,description,RecordDefs\Records_Vore.xml,def,The number of times I have vored someone for pleasure.
RV2_Goal_Pleasure_Prey.label,Vore: Pleasure Prey,label,RecordDefs\Records_Vore.xml,def,<ALIMT >vore</ALIMT>: Pleasure Prey
RV2_Goal_Pleasure_Prey.description,The number of times I have been vored for pleasure.,description,RecordDefs\Records_Vore.xml,def,The number of times I have been vored for pleasure.
RV2_Goal_Store_Predator.label,Vore: Storage Predator,label,RecordDefs\Records_Vore.xml,def,<ALIMT >vore</ALIMT>: Storage Predator
RV2_Goal_Store_Predator.description,The number of times I have vored someone for storage.,description,RecordDefs\Records_Vore.xml,def,The number of times I have vored someone for storage.
RV2_Goal_Store_Prey.label,Vore: Storage Prey,label,RecordDefs\Records_Vore.xml,def,<ALIMT >vore</ALIMT>: Storage Prey
RV2_Goal_Store_Prey.description,The number of times I have been stored inside of someone.,description,RecordDefs\Records_Vore.xml,def,The number of times I have been stored inside of someone.
RV2_Goal_Hold_Predator.label,Vore: Temporary Storage Predator,label,RecordDefs\Records_Vore.xml,def,<ALIMT >vore</ALIMT>: Temporary Storage Predator
RV2_Goal_Hold_Predator.description,The number of times I have vored someone for temporary storage.,description,RecordDefs\Records_Vore.xml,def,The number of times I have vored someone for temporary storage.
RV2_Goal_Hold_Prey.label,Vore: Temporary Storage Prey,label,RecordDefs\Records_Vore.xml,def,<ALIMT >vore</ALIMT>: Temporary Storage Prey
RV2_Goal_Hold_Prey.description,The number of times I have been temporarily stored inside of someone.,description,RecordDefs\Records_Vore.xml,def,The number of times I have been temporarily stored inside of someone.
RV2_Goal_Digest.rulePack.rulesStrings.0,extraSentencePack->[RECIPIENT_nameDef] for [RV2_goalFinish_noun].,li,RulePackDefs\RulePacks_Tales_Goals.xml,def,<ALIMT >(PH_3)</ALIMT><ALIMT >(PH_2)</ALIMT> for <ALIMT >(PH_1)</ALIMT>.
RV2_Goal_Digest.rulePack.rulesStrings.1,RV2_digestion_product->an indiscernible glob,li,RulePackDefs\RulePacks_Tales_Goals.xml,def,<ALIMT >(PH_1)</ALIMT>an indiscernible glob
RV2_Goal_Digest.rulePack.rulesStrings.2,RV2_digestion_product->mush,li,RulePackDefs\RulePacks_Tales_Goals.xml,def,<ALIMT >(PH_1)</ALIMT>mush
RV2_Goal_Digest.rulePack.rulesStrings.3,RV2_digestion_product->paste,li,RulePackDefs\RulePacks_Tales_Goals.xml,def,<ALIMT >(PH_1)</ALIMT>paste
RV2_Goal_Digest.rulePack.rulesStrings.4,RV2_digestion_meal_adjective->disappointing,li,RulePackDefs\RulePacks_Tales_Goals.xml,def,<ALIMT >(PH_1)</ALIMT>disappointing
RV2_Goal_Digest.rulePack.rulesStrings.5,RV2_digestion_meal_adjective->boring,li,RulePackDefs\RulePacks_Tales_Goals.xml,def,<ALIMT >(PH_1)</ALIMT>boring
RV2_Goal_Digest.rulePack.rulesStrings.6,RV2_digestion_meal_adjective->simple,li,RulePackDefs\RulePacks_Tales_Goals.xml,def,<ALIMT >(PH_1)</ALIMT>simple
RV2_Goal_Digest.rulePack.rulesStrings.7,RV2_digestion_meal_adjective->fair,li,RulePackDefs\RulePacks_Tales_Goals.xml,def,<ALIMT >(PH_1)</ALIMT>fair
RV2_Goal_Digest.rulePack.rulesStrings.8,RV2_digestion_meal_adjective->nice,li,RulePackDefs\RulePacks_Tales_Goals.xml,def,<ALIMT >(PH_1)</ALIMT>nice
RV2_Goal_Digest.rulePack.rulesStrings.9,RV2_digestion_meal_adjective->delicious,li,RulePackDefs\RulePacks_Tales_Goals.xml,def,<ALIMT >(PH_1)</ALIMT>delicious
RV2_Goal_Digest.rulePack.rulesStrings.10,RV2_digestion_meal_adjective->exellent,li,RulePackDefs\RulePacks_Tales_Goals.xml,def,<ALIMT >(PH_1)</ALIMT>exellent
RV2_Goal_Digest.rulePack.rulesStrings.11,RV2_digestion_meal_noun->snack,li,RulePackDefs\RulePacks_Tales_Goals.xml,def,<ALIMT >(PH_1)</ALIMT>snack
RV2_Goal_Digest.rulePack.rulesStrings.12,RV2_digestion_meal_noun->meal,li,RulePackDefs\RulePacks_Tales_Goals.xml,def,<ALIMT >(PH_1)</ALIMT>meal
RV2_Goal_Digest.rulePack.rulesStrings.13,RV2_digestion_meal_noun->feast,li,RulePackDefs\RulePacks_Tales_Goals.xml,def,<ALIMT >(PH_1)</ALIMT>feast
RV2_Goal_Digest.rulePack.rulesStrings.14,RV2_digestion_meal->[RV2_digestion_meal_noun],li,RulePackDefs\RulePacks_Tales_Goals.xml,def,<ALIMT >(PH_2)</ALIMT><ALIMT >(PH_1)</ALIMT>
RV2_Goal_Digest.rulePack.rulesStrings.15,RV2_digestion_meal->[RV2_digestion_meal_adjective] [RV2_digestion_meal_noun],li,RulePackDefs\RulePacks_Tales_Goals.xml,def,<ALIMT >(PH_3)</ALIMT><ALIMT >(PH_2)</ALIMT> <ALIMT >(PH_1)</ALIMT>
RV2_Goal_Digest.rulePack.rulesStrings.16,RV2_adverb->hungrily,li,RulePackDefs\RulePacks_Tales_Goals.xml,def,<ALIMT >(PH_1)</ALIMT>hungrily
RV2_Goal_Digest.rulePack.rulesStrings.17,RV2_adverb->gluttonously,li,RulePackDefs\RulePacks_Tales_Goals.xml,def,<ALIMT >(PH_1)</ALIMT>gluttonously
RV2_Goal_Digest.rulePack.rulesStrings.18,RV2_adjective->hungry,li,RulePackDefs\RulePacks_Tales_Goals.xml,def,<ALIMT >(PH_1)</ALIMT>hungry
RV2_Goal_Digest.rulePack.rulesStrings.19,RV2_adjective->gluttonous,li,RulePackDefs\RulePacks_Tales_Goals.xml,def,<ALIMT >(PH_1)</ALIMT>gluttonous
RV2_Goal_Digest.rulePack.rulesStrings.20,RV2_addendum->to satisfy [PREDATOR_possessive] hunger,li,RulePackDefs\RulePacks_Tales_Goals.xml,def,<ALIMT >(PH_2)</ALIMT>to satisfy <ALIMT >(PH_1)</ALIMT> hunger
RV2_Goal_Digest.rulePack.rulesStrings.21,RV2_addendum->to feed [PREDATOR_objective],li,RulePackDefs\RulePacks_Tales_Goals.xml,def,<ALIMT >(PH_2)</ALIMT>to feed <ALIMT >(PH_1)</ALIMT>
RV2_Goal_Digest.rulePack.rulesStrings.22,RV2_addendum->to sustain [PREDATOR_objective],li,RulePackDefs\RulePacks_Tales_Goals.xml,def,<ALIMT >(PH_2)</ALIMT>to sustain <ALIMT >(PH_1)</ALIMT>
RV2_Goal_Digest.rulePack.rulesStrings.23,RV2_addendum->for the calories,li,RulePackDefs\RulePacks_Tales_Goals.xml,def,<ALIMT >(PH_1)</ALIMT>for the calories
RV2_Goal_Digest.rulePack.rulesStrings.24,RV2_addendum->for sustenance,li,RulePackDefs\RulePacks_Tales_Goals.xml,def,<ALIMT >(PH_1)</ALIMT>for sustenance
RV2_Goal_Digest.rulePack.rulesStrings.25,RV2_goalFinish_verb->digesting,li,RulePackDefs\RulePacks_Tales_Goals.xml,def,<ALIMT >(PH_1)</ALIMT>digesting
RV2_Goal_Digest.rulePack.rulesStrings.26,RV2_goalFinish_noun->digestion,li,RulePackDefs\RulePacks_Tales_Goals.xml,def,<ALIMT >(PH_1)</ALIMT>digestion
RV2_Goal_Digest.rulePack.rulesStrings.27,RV2_goalFinish_tale_noun->[PREY_definite] turning into [RV2_digestion_product],li,RulePackDefs\RulePacks_Tales_Goals.xml,def,<ALIMT >(PH_3)</ALIMT><ALIMT >(PH_2)</ALIMT> turning into <ALIMT >(PH_1)</ALIMT>
RV2_Goal_Digest.rulePack.rulesStrings.28,RV2_goalFinish_tale_noun->[PREY_definite] turning into [RV2_digestion_product] inside of [PREDATOR_definite],li,RulePackDefs\RulePacks_Tales_Goals.xml,def,<ALIMT >(PH_4)</ALIMT><ALIMT >(PH_3)</ALIMT> turning into <ALIMT >(PH_2)</ALIMT> inside of <ALIMT >(PH_1)</ALIMT>
RV2_Goal_Digest.rulePack.rulesStrings.29,RV2_goalFinish_tale_noun->[PREY_definite] being digested by [PREDATOR_definite],li,RulePackDefs\RulePacks_Tales_Goals.xml,def,<ALIMT >(PH_3)</ALIMT><ALIMT >(PH_2)</ALIMT> being digested by <ALIMT >(PH_1)</ALIMT>
RV2_Goal_Digest.rulePack.rulesStrings.30,RV2_goalFinish_tale_noun->[PREY_definite] satiating [PREDATOR_possessive] hunger,li,RulePackDefs\RulePacks_Tales_Goals.xml,def,<ALIMT >(PH_3)</ALIMT><ALIMT >(PH_2)</ALIMT> satiating <ALIMT >(PH_1)</ALIMT> hunger
RV2_Goal_Digest.rulePack.rulesStrings.31,RV2_goalFinish_desc_sentence->[PREY_definite] has turned into [RV2_digestion_product].,li,RulePackDefs\RulePacks_Tales_Goals.xml,def,<ALIMT >(PH_3)</ALIMT><ALIMT >(PH_2)</ALIMT> has turned into <ALIMT >(PH_1)</ALIMT>.
RV2_Goal_Digest.rulePack.rulesStrings.32,RV2_goalFinish_desc_sentence(p=5)->[PREY_definite] was a [RV2_digestion_meal] for [PREDATOR_definite].,li,RulePackDefs\RulePacks_Tales_Goals.xml,def,<ALIMT >(PH_4)</ALIMT>-><ALIMT >(PH_3)</ALIMT> was a <ALIMT >(PH_2)</ALIMT> for <ALIMT >(PH_1)</ALIMT>.
RV2_Goal_Pleasure.rulePack.rulesStrings.0,extraSentencePack->[RECIPIENT_nameDef] for [RV2_goalFinish_noun].,li,RulePackDefs\RulePacks_Tales_Goals.xml,def,<ALIMT >(PH_3)</ALIMT><ALIMT >(PH_2)</ALIMT> for <ALIMT >(PH_1)</ALIMT>.
RV2_Goal_Pleasure.rulePack.rulesStrings.1,RV2_adverb->lustily,li,RulePackDefs\RulePacks_Tales_Goals.xml,def,<ALIMT >(PH_1)</ALIMT>lustily
RV2_Goal_Pleasure.rulePack.rulesStrings.2,RV2_adverb->lovingly,li,RulePackDefs\RulePacks_Tales_Goals.xml,def,<ALIMT >(PH_1)</ALIMT>lovingly
RV2_Goal_Pleasure.rulePack.rulesStrings.3,RV2_adverb->hornily,li,RulePackDefs\RulePacks_Tales_Goals.xml,def,<ALIMT >(PH_1)</ALIMT>hornily
RV2_Goal_Pleasure.rulePack.rulesStrings.4,RV2_adverb->hedonistically,li,RulePackDefs\RulePacks_Tales_Goals.xml,def,<ALIMT >(PH_1)</ALIMT>hedonistically
RV2_Goal_Pleasure.rulePack.rulesStrings.5,RV2_adjective->lusty,li,RulePackDefs\RulePacks_Tales_Goals.xml,def,<ALIMT >(PH_1)</ALIMT>lusty
RV2_Goal_Pleasure.rulePack.rulesStrings.6,RV2_adjective->loving,li,RulePackDefs\RulePacks_Tales_Goals.xml,def,<ALIMT >(PH_1)</ALIMT>loving
RV2_Goal_Pleasure.rulePack.rulesStrings.7,RV2_adjective->horny,li,RulePackDefs\RulePacks_Tales_Goals.xml,def,<ALIMT >(PH_1)</ALIMT><ALIMT >horny</ALIMT>
RV2_Goal_Pleasure.rulePack.rulesStrings.8,RV2_adjective->hedonistic,li,RulePackDefs\RulePacks_Tales_Goals.xml,def,<ALIMT >(PH_1)</ALIMT>hedonistic
RV2_Goal_Pleasure.rulePack.rulesStrings.9,RV2_goalFinish_verb->pleasuring,li,RulePackDefs\RulePacks_Tales_Goals.xml,def,<ALIMT >(PH_1)</ALIMT>pleasuring
RV2_Goal_Pleasure.rulePack.rulesStrings.10,RV2_goalFinish_noun->pleasure,li,RulePackDefs\RulePacks_Tales_Goals.xml,def,<ALIMT >(PH_1)</ALIMT>pleasure
RV2_Goal_Pleasure.rulePack.rulesStrings.11,RV2_goalFinish_tale_noun->[PREDATOR_definite] enjoying [PREY_definite] pleasuring [PREDATOR_objective] from inside,li,RulePackDefs\RulePacks_Tales_Goals.xml,def,<ALIMT >(PH_4)</ALIMT><ALIMT >(PH_3)</ALIMT> enjoying <ALIMT >(PH_2)</ALIMT> pleasuring <ALIMT >(PH_1)</ALIMT> from inside
RV2_Goal_Pleasure.rulePack.rulesStrings.12,RV2_goalFinish_desc_sentence->[PREY_definite] appears to be masturbating while inside [PREDATOR_definite].,li,RulePackDefs\RulePacks_Tales_Goals.xml,def,<ALIMT >(PH_3)</ALIMT><ALIMT >(PH_2)</ALIMT> appears to be masturbating while inside <ALIMT >(PH_1)</ALIMT>.
RV2_Goal_Pleasure.rulePack.rulesStrings.13,RV2_goalFinish_desc_sentence->[PREDATOR_definite] felt [PREY_definite] masturbating inside of [PREDATOR_objective].,li,RulePackDefs\RulePacks_Tales_Goals.xml,def,<ALIMT >(PH_4)</ALIMT><ALIMT >(PH_3)</ALIMT> felt <ALIMT >(PH_2)</ALIMT> masturbating inside of <ALIMT >(PH_1)</ALIMT>.
RV2_Goal_Pleasure.rulePack.rulesStrings.14,RV2_goalFinish_desc_sentence->[PREDATOR_definite] dons a wide smile of bliss.,li,RulePackDefs\RulePacks_Tales_Goals.xml,def,<ALIMT >(PH_2)</ALIMT><ALIMT >(PH_1)</ALIMT> dons a wide smile of bliss.
RV2_Goal_Pleasure.rulePack.rulesStrings.15,RV2_goalFinish_desc_sentence->[PREY_definite] smiles [RV2_adverb] at [PREDATOR_definite].,li,RulePackDefs\RulePacks_Tales_Goals.xml,def,<ALIMT >(PH_4)</ALIMT><ALIMT >(PH_3)</ALIMT> smiles <ALIMT >(PH_2)</ALIMT> at <ALIMT >(PH_1)</ALIMT>.
RV2_Goal_Pleasure.rulePack.rulesStrings.16,RV2_goalFinish_desc_sentence->[PREDATOR_definite] revels in [PREDATOR_pronoun] post-orgasm clarity.,li,RulePackDefs\RulePacks_Tales_Goals.xml,def,<ALIMT >(PH_3)</ALIMT><ALIMT >(PH_2)</ALIMT> revels in <ALIMT >(PH_1)</ALIMT> post-<ALIMT >orgasm</ALIMT> clarity.
RV2_Goal_Store.rulePack.rulesStrings.0,extraSentencePack->[RECIPIENT_nameDef] for [RV2_goalFinish_noun].,li,RulePackDefs\RulePacks_Tales_Goals.xml,def,<ALIMT >(PH_3)</ALIMT><ALIMT >(PH_2)</ALIMT> for <ALIMT >(PH_1)</ALIMT>.
RV2_Goal_Store.rulePack.rulesStrings.1,RV2_adverb->lovingly,li,RulePackDefs\RulePacks_Tales_Goals.xml,def,<ALIMT >(PH_1)</ALIMT>lovingly
RV2_Goal_Store.rulePack.rulesStrings.2,RV2_adverb->lengthily,li,RulePackDefs\RulePacks_Tales_Goals.xml,def,<ALIMT >(PH_1)</ALIMT>lengthily
RV2_Goal_Store.rulePack.rulesStrings.3,RV2_adverb->permanently,li,RulePackDefs\RulePacks_Tales_Goals.xml,def,<ALIMT >(PH_1)</ALIMT>permanently
RV2_Goal_Store.rulePack.rulesStrings.4,RV2_adjective->loving,li,RulePackDefs\RulePacks_Tales_Goals.xml,def,<ALIMT >(PH_1)</ALIMT>loving
RV2_Goal_Store.rulePack.rulesStrings.5,RV2_adjective->lengthy,li,RulePackDefs\RulePacks_Tales_Goals.xml,def,<ALIMT >(PH_1)</ALIMT>lengthy
RV2_Goal_Store.rulePack.rulesStrings.6,RV2_adjective->permanent,li,RulePackDefs\RulePacks_Tales_Goals.xml,def,<ALIMT >(PH_1)</ALIMT>permanent
RV2_Goal_Store.rulePack.rulesStrings.7,RV2_goalFinish_verb->storing,li,RulePackDefs\RulePacks_Tales_Goals.xml,def,<ALIMT >(PH_1)</ALIMT>storing
RV2_Goal_Store.rulePack.rulesStrings.8,RV2_goalFinish_verb->hoarding,li,RulePackDefs\RulePacks_Tales_Goals.xml,def,<ALIMT >(PH_1)</ALIMT>hoarding
RV2_Goal_Store.rulePack.rulesStrings.9,RV2_goalFinish_verb->jailing,li,RulePackDefs\RulePacks_Tales_Goals.xml,def,<ALIMT >(PH_1)</ALIMT>jailing
RV2_Goal_Store.rulePack.rulesStrings.10,RV2_goalFinish_verb->capturing,li,RulePackDefs\RulePacks_Tales_Goals.xml,def,<ALIMT >(PH_1)</ALIMT>capturing
RV2_Goal_Store.rulePack.rulesStrings.11,RV2_goalFinish_noun->storage,li,RulePackDefs\RulePacks_Tales_Goals.xml,def,<ALIMT >(PH_1)</ALIMT>storage
RV2_Goal_Store.rulePack.rulesStrings.12,RV2_goalFinish_noun->hoard,li,RulePackDefs\RulePacks_Tales_Goals.xml,def,<ALIMT >(PH_1)</ALIMT>hoard
RV2_Goal_Store.rulePack.rulesStrings.13,RV2_goalFinish_noun->jail,li,RulePackDefs\RulePacks_Tales_Goals.xml,def,<ALIMT >(PH_1)</ALIMT>jail
RV2_Goal_Store.rulePack.rulesStrings.14,RV2_goalFinish_noun->captivity,li,RulePackDefs\RulePacks_Tales_Goals.xml,def,<ALIMT >(PH_1)</ALIMT>captivity
RV2_Goal_Store.rulePack.rulesStrings.15,RV2_goalFinish_tale_noun->[PREDATOR_definite] keeping [PREY_definite] captive,li,RulePackDefs\RulePacks_Tales_Goals.xml,def,<ALIMT >(PH_3)</ALIMT><ALIMT >(PH_2)</ALIMT> keeping <ALIMT >(PH_1)</ALIMT> captive
RV2_Goal_Store.rulePack.rulesStrings.16,RV2_goalFinish_tale_noun->[PREDATOR_definite] releasing [PREY_definite] from [PREDATOR_pronoun] body jail,li,RulePackDefs\RulePacks_Tales_Goals.xml,def,<ALIMT >(PH_4)</ALIMT><ALIMT >(PH_3)</ALIMT> releasing <ALIMT >(PH_2)</ALIMT> from <ALIMT >(PH_1)</ALIMT> body jail
RV2_Goal_Store.rulePack.rulesStrings.17,RV2_goalFinish_tale_noun->[PREY_definite] escaping from captivity,li,RulePackDefs\RulePacks_Tales_Goals.xml,def,<ALIMT >(PH_2)</ALIMT><ALIMT >(PH_1)</ALIMT> escaping from captivity
RV2_Goal_Store.rulePack.rulesStrings.18,RV2_goalFinish_tale_noun->[PREY_definite] escaping from captivity inside [PREDATOR_definite],li,RulePackDefs\RulePacks_Tales_Goals.xml,def,<ALIMT >(PH_3)</ALIMT><ALIMT >(PH_2)</ALIMT> escaping from captivity inside <ALIMT >(PH_1)</ALIMT>
RV2_Goal_Store.rulePack.rulesStrings.19,RV2_goalFinish_desc_sentence->[PREDATOR_definite] is telling [PREY_definite] that the next time [PREY_pronoun] won't get out alive.,li,RulePackDefs\RulePacks_Tales_Goals.xml,def,<ALIMT >(PH_4)</ALIMT><ALIMT >(PH_3)</ALIMT> is telling <ALIMT >(PH_2)</ALIMT> that the next time <ALIMT >(PH_1)</ALIMT> won't get out alive.
RV2_Goal_Store.rulePack.rulesStrings.20,RV2_goalFinish_desc_sentence->[PREDATOR_definite] is telling [PREY_definite] that [PREDATOR_pronoun] won't let [PREY_pronoun] out next time.,li,RulePackDefs\RulePacks_Tales_Goals.xml,def,<ALIMT >(PH_5)</ALIMT><ALIMT >(PH_4)</ALIMT> is telling <ALIMT >(PH_3)</ALIMT> that <ALIMT >(PH_2)</ALIMT> won't let <ALIMT >(PH_1)</ALIMT> out next time.
RV2_Goal_Hold.rulePack.rulesStrings.0,extraSentencePack->[RECIPIENT_nameDef] for [RV2_goalFinish_noun].,li,RulePackDefs\RulePacks_Tales_Goals.xml,def,<ALIMT >(PH_3)</ALIMT><ALIMT >(PH_2)</ALIMT> for <ALIMT >(PH_1)</ALIMT>.
RV2_Goal_Hold.rulePack.rulesStrings.1,RV2_adverb->lovingly,li,RulePackDefs\RulePacks_Tales_Goals.xml,def,<ALIMT >(PH_1)</ALIMT>lovingly
RV2_Goal_Hold.rulePack.rulesStrings.2,RV2_adverb->hastily,li,RulePackDefs\RulePacks_Tales_Goals.xml,def,<ALIMT >(PH_1)</ALIMT>hastily
RV2_Goal_Hold.rulePack.rulesStrings.3,RV2_adjective->loving,li,RulePackDefs\RulePacks_Tales_Goals.xml,def,<ALIMT >(PH_1)</ALIMT>loving
RV2_Goal_Hold.rulePack.rulesStrings.4,RV2_adjective->hasty,li,RulePackDefs\RulePacks_Tales_Goals.xml,def,<ALIMT >(PH_1)</ALIMT>hasty
RV2_Goal_Hold.rulePack.rulesStrings.5,RV2_goalFinish_verb->holding,li,RulePackDefs\RulePacks_Tales_Goals.xml,def,<ALIMT >(PH_1)</ALIMT>holding
RV2_Goal_Hold.rulePack.rulesStrings.6,RV2_goalFinish_verb->visiting,li,RulePackDefs\RulePacks_Tales_Goals.xml,def,<ALIMT >(PH_1)</ALIMT>visiting
RV2_Goal_Hold.rulePack.rulesStrings.7,RV2_goalFinish_noun->hold,li,RulePackDefs\RulePacks_Tales_Goals.xml,def,<ALIMT >(PH_1)</ALIMT>hold
RV2_Goal_Hold.rulePack.rulesStrings.8,RV2_goalFinish_noun->visit,li,RulePackDefs\RulePacks_Tales_Goals.xml,def,<ALIMT >(PH_1)</ALIMT>visit
RV2_Goal_Hold.rulePack.rulesStrings.9,RV2_goalFinish_tale_noun->[PREDATOR_definite] touring [PREY_definite] around [PREDATOR_possessive] body,li,RulePackDefs\RulePacks_Tales_Goals.xml,def,<ALIMT >(PH_4)</ALIMT><ALIMT >(PH_3)</ALIMT> touring <ALIMT >(PH_2)</ALIMT> around <ALIMT >(PH_1)</ALIMT> body
RV2_Goal_Hold.rulePack.rulesStrings.10,RV2_goalFinish_tale_noun->[PREY_definite] touring the insides of [PREDATOR_definite],li,RulePackDefs\RulePacks_Tales_Goals.xml,def,<ALIMT >(PH_3)</ALIMT><ALIMT >(PH_2)</ALIMT> touring the insides of <ALIMT >(PH_1)</ALIMT>
RV2_Goal_Hold.rulePack.rulesStrings.11,RV2_goalFinish_tale_noun->[PREY_definite] taking a break from it all inside [PREDATOR_definite],li,RulePackDefs\RulePacks_Tales_Goals.xml,def,<ALIMT >(PH_3)</ALIMT><ALIMT >(PH_2)</ALIMT> taking a break from it all inside <ALIMT >(PH_1)</ALIMT>
RV2_Goal_Hold.rulePack.rulesStrings.12,RV2_goalFinish_tale_noun->[PREY_definite] inspecting inside of [PREDATOR_definite],li,RulePackDefs\RulePacks_Tales_Goals.xml,def,<ALIMT >(PH_3)</ALIMT><ALIMT >(PH_2)</ALIMT> inspecting inside of <ALIMT >(PH_1)</ALIMT>
RV2_Goal_Hold.rulePack.rulesStrings.13,RV2_goalFinish_tale_noun->[PREDATOR_definite] making sure [PREY_definite] doesn't wander off,li,RulePackDefs\RulePacks_Tales_Goals.xml,def,<ALIMT >(PH_3)</ALIMT><ALIMT >(PH_2)</ALIMT> making sure <ALIMT >(PH_1)</ALIMT> doesn't wander off
RV2_Goal_Hold.rulePack.rulesStrings.14,RV2_goalFinish_desc_sentence->[PREDATOR_definite] is telling [PREY_definite] that next time [PREY_pronoun] can stay longer.,li,RulePackDefs\RulePacks_Tales_Goals.xml,def,<ALIMT >(PH_4)</ALIMT><ALIMT >(PH_3)</ALIMT> is telling <ALIMT >(PH_2)</ALIMT> that next time <ALIMT >(PH_1)</ALIMT> can stay longer.
RV2_Goal_Hold.rulePack.rulesStrings.15,RV2_goalFinish_desc_sentence->[PREDATOR_definite] is helping [PREY_definite] stand up after [PREY_possessive] long stay.,li,RulePackDefs\RulePacks_Tales_Goals.xml,def,<ALIMT >(PH_4)</ALIMT><ALIMT >(PH_3)</ALIMT> is helping <ALIMT >(PH_2)</ALIMT> stand up after <ALIMT >(PH_1)</ALIMT> long stay.
RV2_Goal_Hold.rulePack.rulesStrings.16,RV2_goalFinish_desc_sentence->[PREY_possessive] stay inside [PREDATOR_definite] has left [PREY_objective] a little off-balance.,li,RulePackDefs\RulePacks_Tales_Goals.xml,def,<ALIMT >(PH_4)</ALIMT><ALIMT >(PH_3)</ALIMT> stay inside <ALIMT >(PH_2)</ALIMT> has left <ALIMT >(PH_1)</ALIMT> a little off-balance.
RV2_Goal_ConvertLube.rulePack.rulesStrings.0,extraSentencePack->[RECIPIENT_nameDef] for [RV2_goalFinish_noun].,li,RulePackDefs\RulePacks_Tales_Goals.xml,def,<ALIMT >(PH_3)</ALIMT><ALIMT >(PH_2)</ALIMT> for <ALIMT >(PH_1)</ALIMT>.
RV2_Goal_ConvertLube.rulePack.rulesStrings.1,RV2_goalProduct->lube,li,RulePackDefs\RulePacks_Tales_Goals.xml,def,<ALIMT >(PH_1)</ALIMT><ALIMT >lube</ALIMT>
RV2_Goal_ConvertLube.rulePack.rulesStrings.2,RV2_goalProduct->lubricant,li,RulePackDefs\RulePacks_Tales_Goals.xml,def,<ALIMT >(PH_1)</ALIMT><ALIMT >lubricant</ALIMT>
RV2_Goal_ConvertLube.rulePack.rulesStrings.3,RV2_goalProduct->squirt,li,RulePackDefs\RulePacks_Tales_Goals.xml,def,<ALIMT >(PH_1)</ALIMT>squirt
RV2_Goal_ConvertLube.rulePack.rulesStrings.4,RV2_adverb->lustily,li,RulePackDefs\RulePacks_Tales_Goals.xml,def,<ALIMT >(PH_1)</ALIMT>lustily
RV2_Goal_ConvertLube.rulePack.rulesStrings.5,RV2_adverb->lovingly,li,RulePackDefs\RulePacks_Tales_Goals.xml,def,<ALIMT >(PH_1)</ALIMT>lovingly
RV2_Goal_ConvertLube.rulePack.rulesStrings.6,RV2_adverb->hornily,li,RulePackDefs\RulePacks_Tales_Goals.xml,def,<ALIMT >(PH_1)</ALIMT>hornily
RV2_Goal_ConvertLube.rulePack.rulesStrings.7,RV2_adjective->lusty,li,RulePackDefs\RulePacks_Tales_Goals.xml,def,<ALIMT >(PH_1)</ALIMT>lusty
RV2_Goal_ConvertLube.rulePack.rulesStrings.8,RV2_adjective->horny,li,RulePackDefs\RulePacks_Tales_Goals.xml,def,<ALIMT >(PH_1)</ALIMT><ALIMT >horny</ALIMT>
RV2_Goal_ConvertLube.rulePack.rulesStrings.9,RV2_addendum->to churn [PREY_definite] in [PREDATOR_possessive] vagina,li,RulePackDefs\RulePacks_Tales_Goals.xml,def,<ALIMT >(PH_3)</ALIMT>to churn <ALIMT >(PH_2)</ALIMT> in <ALIMT >(PH_1)</ALIMT> <ALIMT >vagina</ALIMT>
RV2_Goal_ConvertLube.rulePack.rulesStrings.10,RV2_goalFinish_verb->lubrifying,li,RulePackDefs\RulePacks_Tales_Goals.xml,def,<ALIMT >(PH_1)</ALIMT>lubrifying
RV2_Goal_ConvertLube.rulePack.rulesStrings.11,RV2_goalFinish_noun->lubrify,li,RulePackDefs\RulePacks_Tales_Goals.xml,def,<ALIMT >(PH_1)</ALIMT>lubrify
RV2_Goal_ConvertLube.rulePack.rulesStrings.12,RV2_goalFinish_tale_noun->[PREY_definite] lubricating [PREDATOR_possessive] vagina,li,RulePackDefs\RulePacks_Tales_Goals.xml,def,<ALIMT >(PH_3)</ALIMT><ALIMT >(PH_2)</ALIMT> lubricating <ALIMT >(PH_1)</ALIMT> <ALIMT >vagina</ALIMT>
RV2_Goal_ConvertLube.rulePack.rulesStrings.13,RV2_goalFinish_image->[PREY_definite] lining the inside of [PREDATOR_possessive] vagina,li,RulePackDefs\RulePacks_Tales_Goals.xml,def,<ALIMT >(PH_3)</ALIMT><ALIMT >(PH_2)</ALIMT> lining the inside of <ALIMT >(PH_1)</ALIMT> <ALIMT >vagina</ALIMT>
RV2_Goal_ConvertLube.rulePack.rulesStrings.14,RV2_goalFinish_image->[PREY_definite] dripping out of [PREDATOR_possessive] vagina as [RV2_goalProduct],li,RulePackDefs\RulePacks_Tales_Goals.xml,def,<ALIMT >(PH_4)</ALIMT><ALIMT >(PH_3)</ALIMT> dripping out of <ALIMT >(PH_2)</ALIMT> <ALIMT >vagina</ALIMT> as <ALIMT >(PH_1)</ALIMT>
RV2_Goal_ConvertLube.rulePack.rulesStrings.15,RV2_goalFinish_desc_sentence->[PREDATOR_definite] made a mess of [PREY_definite] on the ground.,li,RulePackDefs\RulePacks_Tales_Goals.xml,def,<ALIMT >(PH_3)</ALIMT><ALIMT >(PH_2)</ALIMT> made a mess of <ALIMT >(PH_1)</ALIMT> on the ground.
RV2_Goal_ConvertLube.rulePack.rulesStrings.16,RV2_goalFinish_desc_sentence->[PREDATOR_possessive] [RV2_goalProduct] puddle was very noticeable.,li,RulePackDefs\RulePacks_Tales_Goals.xml,def,<ALIMT >(PH_3)</ALIMT><ALIMT >(PH_2)</ALIMT> <ALIMT >(PH_1)</ALIMT> puddle was very noticeable.
RV2_Goal_ConvertMilk.rulePack.rulesStrings.0,extraSentencePack->[RECIPIENT_nameDef] for [RV2_goalFinish_noun].,li,RulePackDefs\RulePacks_Tales_Goals.xml,def,<ALIMT >(PH_3)</ALIMT><ALIMT >(PH_2)</ALIMT> for <ALIMT >(PH_1)</ALIMT>.
RV2_Goal_ConvertMilk.rulePack.rulesStrings.1,RV2_goalProduct->milk,li,RulePackDefs\RulePacks_Tales_Goals.xml,def,<ALIMT >(PH_1)</ALIMT>milk
RV2_Goal_ConvertMilk.rulePack.rulesStrings.2,RV2_goalProduct->breastmilk,li,RulePackDefs\RulePacks_Tales_Goals.xml,def,<ALIMT >(PH_1)</ALIMT>breastmilk
RV2_Goal_ConvertMilk.rulePack.rulesStrings.3,RV2_adverb->motherly,li,RulePackDefs\RulePacks_Tales_Goals.xml,def,<ALIMT >(PH_1)</ALIMT>motherly
RV2_Goal_ConvertMilk.rulePack.rulesStrings.4,RV2_addendum->to churn [PREY_definite] in [PREDATOR_possessive] mammaries,li,RulePackDefs\RulePacks_Tales_Goals.xml,def,<ALIMT >(PH_3)</ALIMT>to churn <ALIMT >(PH_2)</ALIMT> in <ALIMT >(PH_1)</ALIMT> mammaries
RV2_Goal_ConvertMilk.rulePack.rulesStrings.5,RV2_goalFinish_verb->milkifying,li,RulePackDefs\RulePacks_Tales_Goals.xml,def,<ALIMT >(PH_1)</ALIMT>milkifying
RV2_Goal_ConvertMilk.rulePack.rulesStrings.6,RV2_goalFinish_noun->milkify,li,RulePackDefs\RulePacks_Tales_Goals.xml,def,<ALIMT >(PH_1)</ALIMT>milkify
RV2_Goal_ConvertMilk.rulePack.rulesStrings.7,RV2_goalFinish_tale_noun->[PREDATOR_definite] engorging [PREDATOR_pronoun] breasts with [RV2_goalProduct],li,RulePackDefs\RulePacks_Tales_Goals.xml,def,<ALIMT >(PH_4)</ALIMT><ALIMT >(PH_3)</ALIMT> engorging <ALIMT >(PH_2)</ALIMT> <ALIMT >breasts</ALIMT> with <ALIMT >(PH_1)</ALIMT>
RV2_Goal_ConvertMilk.rulePack.rulesStrings.8,RV2_goalFinish_image->[PREY_definite] as a nice glass of [RV2_goalProduct] on the table,li,RulePackDefs\RulePacks_Tales_Goals.xml,def,<ALIMT >(PH_3)</ALIMT><ALIMT >(PH_2)</ALIMT> as a nice <ALIMT >glass</ALIMT> of <ALIMT >(PH_1)</ALIMT> on the table
RV2_Goal_ConvertMilk.rulePack.rulesStrings.9,RV2_goalFinish_image->someone drinking [PREDATOR_possessive] [RV2_goalProduct] from the glass,li,RulePackDefs\RulePacks_Tales_Goals.xml,def,<ALIMT >(PH_3)</ALIMT>someone drinking <ALIMT >(PH_2)</ALIMT> <ALIMT >(PH_1)</ALIMT> from the <ALIMT >glass</ALIMT>
RV2_Goal_ConvertSperm.rulePack.rulesStrings.0,extraSentencePack->[RECIPIENT_nameDef] for [RV2_goalFinish_noun].,li,RulePackDefs\RulePacks_Tales_Goals.xml,def,<ALIMT >(PH_3)</ALIMT><ALIMT >(PH_2)</ALIMT> for <ALIMT >(PH_1)</ALIMT>.
RV2_Goal_ConvertSperm.rulePack.rulesStrings.1,RV2_goalProduct->sperm,li,RulePackDefs\RulePacks_Tales_Goals.xml,def,<ALIMT >(PH_1)</ALIMT><ALIMT >sperm</ALIMT>
RV2_Goal_ConvertSperm.rulePack.rulesStrings.2,RV2_goalProduct->cum,li,RulePackDefs\RulePacks_Tales_Goals.xml,def,<ALIMT >(PH_1)</ALIMT><ALIMT >cum</ALIMT>
RV2_Goal_ConvertSperm.rulePack.rulesStrings.3,RV2_goalProduct->baby batter,li,RulePackDefs\RulePacks_Tales_Goals.xml,def,<ALIMT >(PH_1)</ALIMT>baby batter
RV2_Goal_ConvertSperm.rulePack.rulesStrings.4,RV2_goalProduct->spooge,li,RulePackDefs\RulePacks_Tales_Goals.xml,def,<ALIMT >(PH_1)</ALIMT>spooge
RV2_Goal_ConvertSperm.rulePack.rulesStrings.5,RV2_adverb->lustily,li,RulePackDefs\RulePacks_Tales_Goals.xml,def,<ALIMT >(PH_1)</ALIMT>lustily
RV2_Goal_ConvertSperm.rulePack.rulesStrings.6,RV2_adverb->lovingly,li,RulePackDefs\RulePacks_Tales_Goals.xml,def,<ALIMT >(PH_1)</ALIMT>lovingly
RV2_Goal_ConvertSperm.rulePack.rulesStrings.7,RV2_adverb->hornily,li,RulePackDefs\RulePacks_Tales_Goals.xml,def,<ALIMT >(PH_1)</ALIMT>hornily
RV2_Goal_ConvertSperm.rulePack.rulesStrings.8,RV2_adjective->horny,li,RulePackDefs\RulePacks_Tales_Goals.xml,def,<ALIMT >(PH_1)</ALIMT><ALIMT >horny</ALIMT>
RV2_Goal_ConvertSperm.rulePack.rulesStrings.9,RV2_addendum->to churn [PREY_definite] in [PREDATOR_possessive] balls,li,RulePackDefs\RulePacks_Tales_Goals.xml,def,<ALIMT >(PH_3)</ALIMT>to churn <ALIMT >(PH_2)</ALIMT> in <ALIMT >(PH_1)</ALIMT> balls
RV2_Goal_ConvertSperm.rulePack.rulesStrings.10,RV2_addendum->to churn [PREY_definite] in [PREDATOR_possessive] sack,li,RulePackDefs\RulePacks_Tales_Goals.xml,def,<ALIMT >(PH_3)</ALIMT>to churn <ALIMT >(PH_2)</ALIMT> in <ALIMT >(PH_1)</ALIMT> sack
RV2_Goal_ConvertSperm.rulePack.rulesStrings.11,RV2_addendum->to prepare for [PREDATOR_possessive] next session,li,RulePackDefs\RulePacks_Tales_Goals.xml,def,<ALIMT >(PH_2)</ALIMT>to prepare for <ALIMT >(PH_1)</ALIMT> next session
RV2_Goal_ConvertSperm.rulePack.rulesStrings.12,RV2_goalFinish_image->[PREY_definite] as a condom of [RV2_goalProduct] on the ground,li,RulePackDefs\RulePacks_Tales_Goals.xml,def,<ALIMT >(PH_3)</ALIMT><ALIMT >(PH_2)</ALIMT> as a <ALIMT >condom</ALIMT> of <ALIMT >(PH_1)</ALIMT> on the ground
RV2_Goal_ConvertSperm.rulePack.rulesStrings.13,RV2_goalFinish_image->someone eating [PREDATOR_possessive] [RV2_goalProduct] from the condom,li,RulePackDefs\RulePacks_Tales_Goals.xml,def,<ALIMT >(PH_3)</ALIMT>someone eating <ALIMT >(PH_2)</ALIMT> <ALIMT >(PH_1)</ALIMT> from the <ALIMT >condom</ALIMT>
RV2_Goal_Heal.rulePack.rulesStrings.0,extraSentencePack->[RECIPIENT_nameDef] for [RV2_goalFinish_noun].,li,RulePackDefs\RulePacks_Tales_Goals.xml,def,<ALIMT >(PH_3)</ALIMT><ALIMT >(PH_2)</ALIMT> for <ALIMT >(PH_1)</ALIMT>.
RV2_Goal_Heal.rulePack.rulesStrings.1,RV2_adverb->carefully,li,RulePackDefs\RulePacks_Tales_Goals.xml,def,<ALIMT >(PH_1)</ALIMT>carefully
RV2_Goal_Heal.rulePack.rulesStrings.2,RV2_adverb->clinically,li,RulePackDefs\RulePacks_Tales_Goals.xml,def,<ALIMT >(PH_1)</ALIMT>clinically
RV2_Goal_Heal.rulePack.rulesStrings.3,RV2_adverb->lovingly,li,RulePackDefs\RulePacks_Tales_Goals.xml,def,<ALIMT >(PH_1)</ALIMT>lovingly
RV2_Goal_Heal.rulePack.rulesStrings.4,RV2_adjective->caring,li,RulePackDefs\RulePacks_Tales_Goals.xml,def,<ALIMT >(PH_1)</ALIMT>caring
RV2_Goal_Heal.rulePack.rulesStrings.5,RV2_adjective->loving,li,RulePackDefs\RulePacks_Tales_Goals.xml,def,<ALIMT >(PH_1)</ALIMT>loving
RV2_Goal_Heal.rulePack.rulesStrings.6,RV2_addendum->to patch [PREY_pronoun] up,li,RulePackDefs\RulePacks_Tales_Goals.xml,def,<ALIMT >(PH_2)</ALIMT>to patch <ALIMT >(PH_1)</ALIMT> up
RV2_Goal_Heal.rulePack.rulesStrings.7,RV2_addendum->to offer respite to [PREY_pronoun],li,RulePackDefs\RulePacks_Tales_Goals.xml,def,<ALIMT >(PH_2)</ALIMT>to offer respite to <ALIMT >(PH_1)</ALIMT>
RV2_Goal_Heal.rulePack.rulesStrings.8,RV2_addendum->to save [PREY_possessive] life,li,RulePackDefs\RulePacks_Tales_Goals.xml,def,<ALIMT >(PH_2)</ALIMT>to save <ALIMT >(PH_1)</ALIMT> life
RV2_Goal_Heal.rulePack.rulesStrings.9,RV2_goalFinish_verb->healing,li,RulePackDefs\RulePacks_Tales_Goals.xml,def,<ALIMT >(PH_1)</ALIMT>healing
RV2_Goal_Heal.rulePack.rulesStrings.10,RV2_goalFinish_noun->healing,li,RulePackDefs\RulePacks_Tales_Goals.xml,def,<ALIMT >(PH_1)</ALIMT>healing
RV2_Goal_Heal.rulePack.rulesStrings.11,RV2_goalFinish_tale_noun->[PREY_definite] healing inside of [PREDATOR_definite],li,RulePackDefs\RulePacks_Tales_Goals.xml,def,<ALIMT >(PH_3)</ALIMT><ALIMT >(PH_2)</ALIMT> healing inside of <ALIMT >(PH_1)</ALIMT>
RV2_Goal_Heal.rulePack.rulesStrings.12,RV2_goalFinish_tale_noun->[PREDATOR_definite] caring for [PREY_definite],li,RulePackDefs\RulePacks_Tales_Goals.xml,def,<ALIMT >(PH_3)</ALIMT><ALIMT >(PH_2)</ALIMT> caring for <ALIMT >(PH_1)</ALIMT>
RV2_Goal_Heal.rulePack.rulesStrings.13,RV2_goalFinish_tale_noun->[PREDATOR_definite] doing [PREDATOR_possessive] best to heal [PREY_definite],li,RulePackDefs\RulePacks_Tales_Goals.xml,def,<ALIMT >(PH_4)</ALIMT><ALIMT >(PH_3)</ALIMT> doing <ALIMT >(PH_2)</ALIMT> best to heal <ALIMT >(PH_1)</ALIMT>
RV2_Goal_Heal.rulePack.rulesStrings.14,RV2_goalFinish_image->[PREY_definite] being filled with newfound vigor.,li,RulePackDefs\RulePacks_Tales_Goals.xml,def,<ALIMT >(PH_2)</ALIMT><ALIMT >(PH_1)</ALIMT> being filled with newfound vigor.
RV2_Goal_Heal.rulePack.rulesStrings.15,RV2_goalFinish_desc_sentence->[PREDATOR_definite] kept [PREY_definite] safe while all hell broke loose around them.,li,RulePackDefs\RulePacks_Tales_Goals.xml,def,<ALIMT >(PH_3)</ALIMT><ALIMT >(PH_2)</ALIMT> kept <ALIMT >(PH_1)</ALIMT> safe while all <ALIMT >hell</ALIMT> broke loose around them.
RV2_Goal_Heal.rulePack.rulesStrings.16,"RV2_goalFinish_desc_sentence->Doctors could critize [PREY_possessive] care, but [PREY_definite] is ever thankful for it in [PREY_possessive] time of need.",li,RulePackDefs\RulePacks_Tales_Goals.xml,def,"<ALIMT >(PH_4)</ALIMT>Doctors could critize <ALIMT >(PH_3)</ALIMT> care, but <ALIMT >(PH_2)</ALIMT> is ever thankful for it in <ALIMT >(PH_1)</ALIMT> time of need."
RV2_Goal_Heal.rulePack.rulesStrings.17,RV2_goalFinish_desc_sentence->[PREY_definite] complimented [PREDATOR_possessive] bedside manner.,li,RulePackDefs\RulePacks_Tales_Goals.xml,def,<ALIMT >(PH_3)</ALIMT><ALIMT >(PH_2)</ALIMT> complimented <ALIMT >(PH_1)</ALIMT> bedside manner.
RV2_Goal_Heal.rulePack.rulesStrings.18,RV2_goalFinish_desc_sentence->[PREY_definite] criticized [PREDATOR_possessive] bedside manner.,li,RulePackDefs\RulePacks_Tales_Goals.xml,def,<ALIMT >(PH_3)</ALIMT><ALIMT >(PH_2)</ALIMT> criticized <ALIMT >(PH_1)</ALIMT> bedside manner.
RV2_Goal_Reform.rulePack.rulesStrings.0,extraSentencePack->[RECIPIENT_nameDef] for [RV2_goalFinish_noun].,li,RulePackDefs\RulePacks_Tales_Goals.xml,def,<ALIMT >(PH_3)</ALIMT><ALIMT >(PH_2)</ALIMT> for <ALIMT >(PH_1)</ALIMT>.
RV2_Goal_Reform.rulePack.rulesStrings.1,RV2_adverb->lovingly,li,RulePackDefs\RulePacks_Tales_Goals.xml,def,<ALIMT >(PH_1)</ALIMT>lovingly
RV2_Goal_Reform.rulePack.rulesStrings.2,RV2_adjective->caring,li,RulePackDefs\RulePacks_Tales_Goals.xml,def,<ALIMT >(PH_1)</ALIMT>caring
RV2_Goal_Reform.rulePack.rulesStrings.3,RV2_adjective->loving,li,RulePackDefs\RulePacks_Tales_Goals.xml,def,<ALIMT >(PH_1)</ALIMT>loving
RV2_Goal_Reform.rulePack.rulesStrings.4,RV2_addendum->to remake [PREY_definite] in [PREDATOR_possessive] image,li,RulePackDefs\RulePacks_Tales_Goals.xml,def,<ALIMT >(PH_3)</ALIMT>to remake <ALIMT >(PH_2)</ALIMT> in <ALIMT >(PH_1)</ALIMT> image
RV2_Goal_Reform.rulePack.rulesStrings.5,RV2_addendum->to reform [PREY_definite],li,RulePackDefs\RulePacks_Tales_Goals.xml,def,<ALIMT >(PH_2)</ALIMT>to reform <ALIMT >(PH_1)</ALIMT>
RV2_Goal_Reform.rulePack.rulesStrings.6,RV2_addendum->to propagate [PREDATOR_possessive] genes through [PREY_definite],li,RulePackDefs\RulePacks_Tales_Goals.xml,def,<ALIMT >(PH_3)</ALIMT>to propagate <ALIMT >(PH_2)</ALIMT> genes through <ALIMT >(PH_1)</ALIMT>
RV2_Goal_Reform.rulePack.rulesStrings.7,RV2_goalFinish_verb->reforming,li,RulePackDefs\RulePacks_Tales_Goals.xml,def,<ALIMT >(PH_1)</ALIMT>reforming
RV2_Goal_Reform.rulePack.rulesStrings.8,RV2_goalFinish_noun->reformation,li,RulePackDefs\RulePacks_Tales_Goals.xml,def,<ALIMT >(PH_1)</ALIMT>reformation
RV2_Goal_Reform.rulePack.rulesStrings.9,RV2_goalFinish_tale_noun->[PREY_definite] being reformed,li,RulePackDefs\RulePacks_Tales_Goals.xml,def,<ALIMT >(PH_2)</ALIMT><ALIMT >(PH_1)</ALIMT> being reformed
RV2_Goal_Reform.rulePack.rulesStrings.10,RV2_goalFinish_image->[PREY_definite] arises in [PREY_possessive] new form.,li,RulePackDefs\RulePacks_Tales_Goals.xml,def,<ALIMT >(PH_3)</ALIMT><ALIMT >(PH_2)</ALIMT> arises in <ALIMT >(PH_1)</ALIMT> new form.
RV2_Goal_Reform.rulePack.rulesStrings.11,RV2_goalFinish_image->[PREY_definite] popping out of [PREDATOR_definite] ready to take on the world.,li,RulePackDefs\RulePacks_Tales_Goals.xml,def,<ALIMT >(PH_3)</ALIMT><ALIMT >(PH_2)</ALIMT> popping out of <ALIMT >(PH_1)</ALIMT> ready to take on the world.
RV2_Goal_Reform.rulePack.rulesStrings.12,RV2_goalFinish_image->[PREY_definite] in the arms of [PREDATOR_definite].,li,RulePackDefs\RulePacks_Tales_Goals.xml,def,<ALIMT >(PH_3)</ALIMT><ALIMT >(PH_2)</ALIMT> in the arms of <ALIMT >(PH_1)</ALIMT>.
RV2_Goal_Reform.rulePack.rulesStrings.13,RV2_goalFinish_desc_sentence->[PREY_definite] looks just like [PREDATOR_definite].,li,RulePackDefs\RulePacks_Tales_Goals.xml,def,<ALIMT >(PH_3)</ALIMT><ALIMT >(PH_2)</ALIMT> looks just like <ALIMT >(PH_1)</ALIMT>.
RV2_Goal_Reform.rulePack.rulesStrings.14,RV2_goalFinish_desc_sentence->[PREDATOR_definite] is thiking that [PREY_definite] looks too much like [PREY_posessive] old self.,li,RulePackDefs\RulePacks_Tales_Goals.xml,def,<ALIMT >(PH_4)</ALIMT><ALIMT >(PH_3)</ALIMT> is thiking that <ALIMT >(PH_2)</ALIMT> looks too much like <ALIMT >(PH_1)</ALIMT> old self.
RV2_Goal_Reform.rulePack.rulesStrings.15,RV2_goalFinish_desc_sentence->[PREDATOR_definite] appears happy to have another member of the family.,li,RulePackDefs\RulePacks_Tales_Goals.xml,def,<ALIMT >(PH_2)</ALIMT><ALIMT >(PH_1)</ALIMT> appears happy to have another member of the family.
RV2_Goal_Reform.rulePack.rulesStrings.16,RV2_goalFinish_desc_sentence->[PREDATOR_definite] threaten [PREY_definite] with a second reformation if [PREY_pronoun] don't behave.,li,RulePackDefs\RulePacks_Tales_Goals.xml,def,<ALIMT >(PH_4)</ALIMT><ALIMT >(PH_3)</ALIMT> threaten <ALIMT >(PH_2)</ALIMT> with a second reformation if <ALIMT >(PH_1)</ALIMT> don't behave.
RV2_Goal_Fatal.rulePack.rulesStrings.0,RV2_fatal_reform_destination->at [PREY_possessive] birthplace,li,RulePackDefs\RulePacks_Tales_Goals.xml,def,<ALIMT >(PH_2)</ALIMT>at <ALIMT >(PH_1)</ALIMT> birthplace
RV2_Goal_Fatal.rulePack.rulesStrings.1,RV2_fatal_reform_destination->in [PREY_possessive] childhood home,li,RulePackDefs\RulePacks_Tales_Goals.xml,def,<ALIMT >(PH_2)</ALIMT>in <ALIMT >(PH_1)</ALIMT> childhood home
RV2_Goal_Fatal.rulePack.rulesStrings.2,RV2_fatal_reform_destination->on a distant urbworld,li,RulePackDefs\RulePacks_Tales_Goals.xml,def,<ALIMT >(PH_1)</ALIMT>on a distant urbworld
RV2_Goal_Fatal.rulePack.rulesStrings.3,RV2_fatal_reform_destination->in another settlement,li,RulePackDefs\RulePacks_Tales_Goals.xml,def,<ALIMT >(PH_1)</ALIMT>in another settlement
RV2_Goal_Fatal.rulePack.rulesStrings.4,RV2_fatal_reform_destination->where [PREY_pronoun] died,li,RulePackDefs\RulePacks_Tales_Goals.xml,def,<ALIMT >(PH_2)</ALIMT>where <ALIMT >(PH_1)</ALIMT> died
RV2_Goal_Fatal.rulePack.rulesStrings.5,RV2_fatal_reform_destination->in [PREY_possessive] bed,li,RulePackDefs\RulePacks_Tales_Goals.xml,def,<ALIMT >(PH_2)</ALIMT>in <ALIMT >(PH_1)</ALIMT> bed
RV2_Goal_Fatal.rulePack.rulesStrings.6,RV2_fatal_reform_destination->at the summit of a grand mountain,li,RulePackDefs\RulePacks_Tales_Goals.xml,def,<ALIMT >(PH_1)</ALIMT>at the summit of a grand mountain
RV2_Goal_Fatal.rulePack.rulesStrings.7,RV2_fatal_reform_destination->on the banks of a grand river,li,RulePackDefs\RulePacks_Tales_Goals.xml,def,<ALIMT >(PH_1)</ALIMT>on the banks of a grand river
RV2_Goal_Fatal.rulePack.rulesStrings.8,"RV2_fatal_reform_destination->by the coast, overlooking a vast sea",li,RulePackDefs\RulePacks_Tales_Goals.xml,def,"<ALIMT >(PH_1)</ALIMT>by the coast, overlooking a vast sea"
RV2_Goal_Fatal.rulePack.rulesStrings.9,RV2_adverb->fatally,li,RulePackDefs\RulePacks_Tales_Goals.xml,def,<ALIMT >(PH_1)</ALIMT>fatally
RV2_Goal_Fatal.rulePack.rulesStrings.10,RV2_adjective->fatal,li,RulePackDefs\RulePacks_Tales_Goals.xml,def,<ALIMT >(PH_1)</ALIMT>fatal
RV2_Goal_Fatal.rulePack.rulesStrings.11,RV2_addendum->to put [PAWN_definite] to death,li,RulePackDefs\RulePacks_Tales_Goals.xml,def,<ALIMT >(PH_2)</ALIMT>to put <ALIMT >(PH_1)</ALIMT> to death
RV2_Goal_Fatal.rulePack.rulesStrings.12,RV2_goalFinish_tale->[PREY_definite] dying at the hand of [PREDATOR_definite],li,RulePackDefs\RulePacks_Tales_Goals.xml,def,<ALIMT >(PH_3)</ALIMT><ALIMT >(PH_2)</ALIMT> dying at the hand of <ALIMT >(PH_1)</ALIMT>
RV2_Goal_Fatal.rulePack.rulesStrings.13,RV2_goalFinish_tale->[PREDATOR_definite] taking the life of [PREY_definite],li,RulePackDefs\RulePacks_Tales_Goals.xml,def,<ALIMT >(PH_3)</ALIMT><ALIMT >(PH_2)</ALIMT> taking the life of <ALIMT >(PH_1)</ALIMT>
RV2_Goal_Fatal.rulePack.rulesStrings.14,RV2_goalFinish_image->[PREY_definite] looking down on [PREDATOR_definite],li,RulePackDefs\RulePacks_Tales_Goals.xml,def,<ALIMT >(PH_3)</ALIMT><ALIMT >(PH_2)</ALIMT> looking down on <ALIMT >(PH_1)</ALIMT>
RV2_Goal_Fatal.rulePack.rulesStrings.15,RV2_goalFinish_image->[PREY_definite] looking down on [PREDATOR_definite] [RV2_adverb],li,RulePackDefs\RulePacks_Tales_Goals.xml,def,<ALIMT >(PH_4)</ALIMT><ALIMT >(PH_3)</ALIMT> looking down on <ALIMT >(PH_2)</ALIMT> <ALIMT >(PH_1)</ALIMT>
RV2_Goal_Fatal.rulePack.rulesStrings.16,RV2_goalFinish_image->[PREDATOR_definite] looking at the remains of [PREY_definite],li,RulePackDefs\RulePacks_Tales_Goals.xml,def,<ALIMT >(PH_3)</ALIMT><ALIMT >(PH_2)</ALIMT> looking at the remains of <ALIMT >(PH_1)</ALIMT>
RV2_Goal_Fatal.rulePack.rulesStrings.17,RV2_goalFinish_image->[PREDATOR_definite] looking at the remains of [PREY_definite] [RV2_adverb],li,RulePackDefs\RulePacks_Tales_Goals.xml,def,<ALIMT >(PH_4)</ALIMT><ALIMT >(PH_3)</ALIMT> looking at the remains of <ALIMT >(PH_2)</ALIMT> <ALIMT >(PH_1)</ALIMT>
RV2_Goal_Fatal.rulePack.rulesStrings.18,RV2_goalFinish_image->[PREY_definite] being reformed,li,RulePackDefs\RulePacks_Tales_Goals.xml,def,<ALIMT >(PH_2)</ALIMT><ALIMT >(PH_1)</ALIMT> being reformed
RV2_Goal_Fatal.rulePack.rulesStrings.19,RV2_goalFinish_image(p=5)->[PREY_definite] being reformed [RV2_fatal_reform_destination],li,RulePackDefs\RulePacks_Tales_Goals.xml,def,<ALIMT >(PH_3)</ALIMT>-><ALIMT >(PH_2)</ALIMT> being reformed <ALIMT >(PH_1)</ALIMT>
RV2_Goal_Fatal.rulePack.rulesStrings.20,"RV2_goalFinish_image->[PREY_definite] waking up in [PREY_possessive] bed, after dying in a vore nightmare",li,RulePackDefs\RulePacks_Tales_Goals.xml,def,"<ALIMT >(PH_3)</ALIMT><ALIMT >(PH_2)</ALIMT> waking up in <ALIMT >(PH_1)</ALIMT> bed, after dying in a <ALIMT >vore</ALIMT> nightmare"
RV2_Goal_Fatal.rulePack.rulesStrings.21,RV2_goalFinish_desc_sight->[PREY_definite] sees the remains of others inside [PREDATOR_definite].,li,RulePackDefs\RulePacks_Tales_Goals.xml,def,<ALIMT >(PH_3)</ALIMT><ALIMT >(PH_2)</ALIMT> sees the remains of others inside <ALIMT >(PH_1)</ALIMT>.
RV2_Goal_Fatal.rulePack.rulesStrings.22,RV2_goalFinish_desc_sentence->[PREY_possessive] last moments were [RV2_adjective].,li,RulePackDefs\RulePacks_Tales_Goals.xml,def,<ALIMT >(PH_3)</ALIMT><ALIMT >(PH_2)</ALIMT> last moments were <ALIMT >(PH_1)</ALIMT>.
RV2_Goal_Endo.rulePack.rulesStrings.0,RV2_goalFinish_image->[PREY_definite] popping out of [PREDATOR_definite],li,RulePackDefs\RulePacks_Tales_Goals.xml,def,<ALIMT >(PH_3)</ALIMT><ALIMT >(PH_2)</ALIMT> popping out of <ALIMT >(PH_1)</ALIMT>
RV2_Goal_Endo.rulePack.rulesStrings.1,RV2_goalFinish_image->[PREDATOR_definite] pushing [PREY_definite] out,li,RulePackDefs\RulePacks_Tales_Goals.xml,def,<ALIMT >(PH_3)</ALIMT><ALIMT >(PH_2)</ALIMT> pushing <ALIMT >(PH_1)</ALIMT> out
RV2_Goal_Endo.rulePack.rulesStrings.2,RV2_goalFinish_image->[PREDATOR_definite] walking away from [PREY_definite],li,RulePackDefs\RulePacks_Tales_Goals.xml,def,<ALIMT >(PH_3)</ALIMT><ALIMT >(PH_2)</ALIMT> walking away from <ALIMT >(PH_1)</ALIMT>
RV2_Goal_Endo.rulePack.rulesStrings.3,RV2_goalFinish_image->[PREDATOR_definite] checking on [PREY_definite],li,RulePackDefs\RulePacks_Tales_Goals.xml,def,<ALIMT >(PH_3)</ALIMT><ALIMT >(PH_2)</ALIMT> checking on <ALIMT >(PH_1)</ALIMT>
RV2_Goal_Endo.rulePack.rulesStrings.4,RV2_goalFinish_desc_sentence->[PREY_pronoun] had to get back to regular life.,li,RulePackDefs\RulePacks_Tales_Goals.xml,def,<ALIMT >(PH_2)</ALIMT><ALIMT >(PH_1)</ALIMT> had to get back to regular life.
RV2_Goal_Endo.rulePack.rulesStrings.5,RV2_goalFinish_desc_sentence->[PREY_pronoun] was ready to get out of [PREDATOR_definite].,li,RulePackDefs\RulePacks_Tales_Goals.xml,def,<ALIMT >(PH_3)</ALIMT><ALIMT >(PH_2)</ALIMT> was ready to get out of <ALIMT >(PH_1)</ALIMT>.
RV2_Goal_Endo.rulePack.rulesStrings.6,RV2_goalFinish_desc_sentence->[PREY_pronoun] could have stayed longer inside [PREDATOR_definite].,li,RulePackDefs\RulePacks_Tales_Goals.xml,def,<ALIMT >(PH_3)</ALIMT><ALIMT >(PH_2)</ALIMT> could have stayed longer inside <ALIMT >(PH_1)</ALIMT>.
RV2_Goal_Endo.rulePack.rulesStrings.7,RV2_goalFinish_desc_sentence->afterwards [PREDATOR_definite] looked like [PREDATOR_pronoun] wants to do that again.,li,RulePackDefs\RulePacks_Tales_Goals.xml,def,<ALIMT >(PH_3)</ALIMT>afterwards <ALIMT >(PH_2)</ALIMT> looked like <ALIMT >(PH_1)</ALIMT> wants to do that again.
RV2_Goal_Endo.rulePack.rulesStrings.8,RV2_goalFinish_desc_sentence->afterwards [PREY_definite] looked like [PREY_pronoun] wants to do that again.,li,RulePackDefs\RulePacks_Tales_Goals.xml,def,<ALIMT >(PH_3)</ALIMT>afterwards <ALIMT >(PH_2)</ALIMT> looked like <ALIMT >(PH_1)</ALIMT> wants to do that again.
RV2_Goal_Endo.rulePack.rulesStrings.9,"RV2_goalFinish_desc_sentence->afterwards [PREY_definite] and [PREDATOR_definite] look at each other, agreeing to do that again.",li,RulePackDefs\RulePacks_Tales_Goals.xml,def,"<ALIMT >(PH_3)</ALIMT>afterwards <ALIMT >(PH_2)</ALIMT> and <ALIMT >(PH_1)</ALIMT> look at each other, agreeing to do that again."
RV2_Goal_Convert.rulePack.rulesStrings.0,RV2_addendum->to turn [PREY_definite] into [RV2_goalProduct],li,RulePackDefs\RulePacks_Tales_Goals.xml,def,<ALIMT >(PH_3)</ALIMT>to turn <ALIMT >(PH_2)</ALIMT> into <ALIMT >(PH_1)</ALIMT>
RV2_Goal_Convert.rulePack.rulesStrings.1,RV2_addendum->to convert into [RV2_goalProduct],li,RulePackDefs\RulePacks_Tales_Goals.xml,def,<ALIMT >(PH_2)</ALIMT>to convert into <ALIMT >(PH_1)</ALIMT>
RV2_Goal_Convert.rulePack.rulesStrings.2,RV2_addendum->to become [RV2_goalProduct] inside [PREDATOR_pronoun],li,RulePackDefs\RulePacks_Tales_Goals.xml,def,<ALIMT >(PH_3)</ALIMT>to become <ALIMT >(PH_2)</ALIMT> inside <ALIMT >(PH_1)</ALIMT>
RV2_Goal_Convert.rulePack.rulesStrings.3,RV2_goalFinish_verb->converting into [RV2_goalProduct],li,RulePackDefs\RulePacks_Tales_Goals.xml,def,<ALIMT >(PH_2)</ALIMT>converting into <ALIMT >(PH_1)</ALIMT>
RV2_Goal_Convert.rulePack.rulesStrings.4,RV2_goalFinish_verb->breaking down into [RV2_goalProduct],li,RulePackDefs\RulePacks_Tales_Goals.xml,def,<ALIMT >(PH_2)</ALIMT>breaking down into <ALIMT >(PH_1)</ALIMT>
RV2_Goal_Convert.rulePack.rulesStrings.5,RV2_goalFinish_noun->conversion into [RV2_goalProduct],li,RulePackDefs\RulePacks_Tales_Goals.xml,def,<ALIMT >(PH_2)</ALIMT>conversion into <ALIMT >(PH_1)</ALIMT>
RV2_Goal_Convert.rulePack.rulesStrings.6,RV2_goalFinish_noun->break down into [RV2_goalProduct],li,RulePackDefs\RulePacks_Tales_Goals.xml,def,<ALIMT >(PH_2)</ALIMT>break down into <ALIMT >(PH_1)</ALIMT>
RV2_Goal_Convert.rulePack.rulesStrings.7,RV2_goalFinish_tale_noun->[PREY_definite] turning into [RV2_goalProduct] by [PREDATOR_definite],li,RulePackDefs\RulePacks_Tales_Goals.xml,def,<ALIMT >(PH_4)</ALIMT><ALIMT >(PH_3)</ALIMT> turning into <ALIMT >(PH_2)</ALIMT> by <ALIMT >(PH_1)</ALIMT>
RV2_Goal_Convert.rulePack.rulesStrings.8,RV2_goalFinish_tale_noun->[PREDATOR_definite] turning [PREY_definite] into [PREDATOR_possessive] [RV2_goalProduct],li,RulePackDefs\RulePacks_Tales_Goals.xml,def,<ALIMT >(PH_5)</ALIMT><ALIMT >(PH_4)</ALIMT> turning <ALIMT >(PH_3)</ALIMT> into <ALIMT >(PH_2)</ALIMT> <ALIMT >(PH_1)</ALIMT>
RV2_Goal_Convert.rulePack.rulesStrings.9,RV2_goalFinish_tale_noun->[PREY_definite] becoming [RV2_goalProduct],li,RulePackDefs\RulePacks_Tales_Goals.xml,def,<ALIMT >(PH_3)</ALIMT><ALIMT >(PH_2)</ALIMT> becoming <ALIMT >(PH_1)</ALIMT>
RV2_Goal_Convert.rulePack.rulesStrings.10,RV2_goalFinish_image->[PREY_definite] as [PREDATOR_possessive] [RV2_goalProduct],li,RulePackDefs\RulePacks_Tales_Goals.xml,def,<ALIMT >(PH_4)</ALIMT><ALIMT >(PH_3)</ALIMT> as <ALIMT >(PH_2)</ALIMT> <ALIMT >(PH_1)</ALIMT>
RV2_Goal_Convert.rulePack.rulesStrings.11,RV2_goalFinish_image->a collection of [RV2_goalProduct] made from [PREY_definite],li,RulePackDefs\RulePacks_Tales_Goals.xml,def,<ALIMT >(PH_3)</ALIMT>a collection of <ALIMT >(PH_2)</ALIMT> made from <ALIMT >(PH_1)</ALIMT>
RV2_Goal_Convert.rulePack.rulesStrings.12,RV2_goalFinish_desc_sentence->Nothing identifiable remains of [PREY_definite].,li,RulePackDefs\RulePacks_Tales_Goals.xml,def,<ALIMT >(PH_2)</ALIMT>Nothing identifiable remains of <ALIMT >(PH_1)</ALIMT>.
RV2_Goal_Convert.rulePack.rulesStrings.13,RV2_goalFinish_desc_sentence->The resulting [RV2_goalProduct] tastes like [PREY_definite] looked.,li,RulePackDefs\RulePacks_Tales_Goals.xml,def,<ALIMT >(PH_3)</ALIMT>The resulting <ALIMT >(PH_2)</ALIMT> tastes like <ALIMT >(PH_1)</ALIMT> looked.
RV2_Goal_Convert.rulePack.rulesStrings.14,RV2_goalFinish_desc_sentence->[PREDATOR_definite] had everyone taste [PREDATOR_possessive] [RV2_goalProduct] before telling them it was [PREY_definite].,li,RulePackDefs\RulePacks_Tales_Goals.xml,def,<ALIMT >(PH_5)</ALIMT><ALIMT >(PH_4)</ALIMT> had everyone taste <ALIMT >(PH_3)</ALIMT> <ALIMT >(PH_2)</ALIMT> before telling them it was <ALIMT >(PH_1)</ALIMT>.
RV2_Goal_Convert.rulePack.rulesStrings.15,RV2_goalFinish_desc_sentence->[PREDATOR_definite] snuck a taste of [PREDATOR_possessive] own [RV2_goalProduct] to see what [PREY_definite] tasted like.,li,RulePackDefs\RulePacks_Tales_Goals.xml,def,<ALIMT >(PH_5)</ALIMT><ALIMT >(PH_4)</ALIMT> snuck a taste of <ALIMT >(PH_3)</ALIMT> own <ALIMT >(PH_2)</ALIMT> to see what <ALIMT >(PH_1)</ALIMT> tasted like.
RV2_Goal_Convert.rulePack.rulesStrings.16,RV2_goalFinish_desc_sentence->[PREY_definite] was better as [RV2_goalProduct] than walking around.,li,RulePackDefs\RulePacks_Tales_Goals.xml,def,<ALIMT >(PH_3)</ALIMT><ALIMT >(PH_2)</ALIMT> was better as <ALIMT >(PH_1)</ALIMT> than walking around.
RV2_Goal_Convert.rulePack.rulesStrings.17,RV2_goalFinish_desc_sentence->[PREY_definite] really left a strange aftertaste in [PREDATOR_possessive] [RV2_goalProduct].,li,RulePackDefs\RulePacks_Tales_Goals.xml,def,<ALIMT >(PH_4)</ALIMT><ALIMT >(PH_3)</ALIMT> really left a strange aftertaste in <ALIMT >(PH_2)</ALIMT> <ALIMT >(PH_1)</ALIMT>.
RV2_Goal_Convert.rulePack.rulesStrings.18,"RV2_goalFinish_desc_sentence->The [RV2_goalProduct] may go to waste, but [PREDATOR_definite] had fun making it.",li,RulePackDefs\RulePacks_Tales_Goals.xml,def,"<ALIMT >(PH_3)</ALIMT>The <ALIMT >(PH_2)</ALIMT> may go to waste, but <ALIMT >(PH_1)</ALIMT> had fun making it."
RV2_Type_OralInit.rulePack.rulesStrings.0,RV2_addendum->for a taste of [PREY_objective],li,RulePackDefs\RulePacks_Tales_Types.xml,def,<ALIMT >(PH_2)</ALIMT>for a taste of <ALIMT >(PH_1)</ALIMT>
RV2_Type_OralInit.rulePack.rulesStrings.1,RV2_adjective->slimy,li,RulePackDefs\RulePacks_Tales_Types.xml,def,<ALIMT >(PH_1)</ALIMT>slimy
RV2_Type_OralInit.rulePack.rulesStrings.2,RV2_adjective->slippery,li,RulePackDefs\RulePacks_Tales_Types.xml,def,<ALIMT >(PH_1)</ALIMT>slippery
RV2_Type_OralInit.rulePack.rulesStrings.3,RV2_init_predVerb->swallowing,li,RulePackDefs\RulePacks_Tales_Types.xml,def,<ALIMT >(PH_1)</ALIMT>swallowing
RV2_Type_OralInit.rulePack.rulesStrings.4,RV2_init_predVerb->ingesting,li,RulePackDefs\RulePacks_Tales_Types.xml,def,<ALIMT >(PH_1)</ALIMT>ingesting
RV2_Type_OralInit.rulePack.rulesStrings.5,RV2_init_predVerb->gulping down,li,RulePackDefs\RulePacks_Tales_Types.xml,def,<ALIMT >(PH_1)</ALIMT>gulping down
RV2_Type_OralInit.rulePack.rulesStrings.6,RV2_bodypart->mouth,li,RulePackDefs\RulePacks_Tales_Types.xml,def,<ALIMT >(PH_1)</ALIMT>mouth
RV2_Type_OralInit.rulePack.rulesStrings.7,RV2_bodypart->throat,li,RulePackDefs\RulePacks_Tales_Types.xml,def,<ALIMT >(PH_1)</ALIMT>throat
RV2_Type_OralInit.rulePack.rulesStrings.8,RV2_bodypart->gullet,li,RulePackDefs\RulePacks_Tales_Types.xml,def,<ALIMT >(PH_1)</ALIMT>gullet
RV2_Type_OralInit.rulePack.rulesStrings.9,RV2_bodypart->esophagus,li,RulePackDefs\RulePacks_Tales_Types.xml,def,<ALIMT >(PH_1)</ALIMT>esophagus
RV2_Type_OralInit.rulePack.rulesStrings.10,RV2_init_preyVerb->being swallowed by,li,RulePackDefs\RulePacks_Tales_Types.xml,def,<ALIMT >(PH_1)</ALIMT>being swallowed by
RV2_Type_OralInit.rulePack.rulesStrings.11,RV2_init_preyVerb->being gulped by,li,RulePackDefs\RulePacks_Tales_Types.xml,def,<ALIMT >(PH_1)</ALIMT>being gulped by
RV2_Type_OralInit.rulePack.rulesStrings.12,RV2_init_preyVerb->sliding down,li,RulePackDefs\RulePacks_Tales_Types.xml,def,<ALIMT >(PH_1)</ALIMT>sliding down
RV2_Type_OralInit.rulePack.rulesStrings.13,RV2_init_image->[PREDATOR_definite] covering [PREY_definite] in [PREDATOR_possessive] favorite condiments,li,RulePackDefs\RulePacks_Tales_Types.xml,def,<ALIMT >(PH_4)</ALIMT><ALIMT >(PH_3)</ALIMT> covering <ALIMT >(PH_2)</ALIMT> in <ALIMT >(PH_1)</ALIMT> favorite condiments
RV2_Type_OralInit.rulePack.rulesStrings.14,RV2_init_image->[PREY_definite] inspecting the teeth of [PREDATOR_definite] on the way into [PREDATOR_possessive] [RV2_bodypart],li,RulePackDefs\RulePacks_Tales_Types.xml,def,<ALIMT >(PH_5)</ALIMT><ALIMT >(PH_4)</ALIMT> inspecting the teeth of <ALIMT >(PH_3)</ALIMT> on the way into <ALIMT >(PH_2)</ALIMT> <ALIMT >(PH_1)</ALIMT>
RV2_Type_OralInit.rulePack.rulesStrings.15,RV2_init_image->[PREDATOR_definite] massaging [PREY_definite] with [PREDATOR_possessive] tongue,li,RulePackDefs\RulePacks_Tales_Types.xml,def,<ALIMT >(PH_4)</ALIMT><ALIMT >(PH_3)</ALIMT> massaging <ALIMT >(PH_2)</ALIMT> with <ALIMT >(PH_1)</ALIMT> tongue
RV2_Type_OralInit.rulePack.rulesStrings.16,RV2_init_desc_sentence->[PREDATOR_definite] liked the natural taste of [PREY_definite].,li,RulePackDefs\RulePacks_Tales_Types.xml,def,<ALIMT >(PH_3)</ALIMT><ALIMT >(PH_2)</ALIMT> liked the natural taste of <ALIMT >(PH_1)</ALIMT>.
RV2_Type_OralInit.rulePack.rulesStrings.17,RV2_init_desc_sentence->[PREY_definite] left a bad aftertaste in [PREDATOR_possessive] mouth.,li,RulePackDefs\RulePacks_Tales_Types.xml,def,<ALIMT >(PH_3)</ALIMT><ALIMT >(PH_2)</ALIMT> left a bad aftertaste in <ALIMT >(PH_1)</ALIMT> mouth.
RV2_Type_OralInit.rulePack.rulesStrings.18,RV2_init_desc_sentence->[PREY_definite] was a little too salty for [PREDATOR_objective].,li,RulePackDefs\RulePacks_Tales_Types.xml,def,<ALIMT >(PH_3)</ALIMT><ALIMT >(PH_2)</ALIMT> was a little too salty for <ALIMT >(PH_1)</ALIMT>.
RV2_Type_AnalExit.rulePack.rulesStrings.0,RV2_exit_predVerb->defecating,li,RulePackDefs\RulePacks_Tales_Types.xml,def,<ALIMT >(PH_1)</ALIMT>defecating
RV2_Type_AnalExit.rulePack.rulesStrings.1,RV2_exit_predVerb->shitting out,li,RulePackDefs\RulePacks_Tales_Types.xml,def,<ALIMT >(PH_1)</ALIMT>shitting out
RV2_Type_AnalExit.rulePack.rulesStrings.2,RV2_exit_predVerb->dropping,li,RulePackDefs\RulePacks_Tales_Types.xml,def,<ALIMT >(PH_1)</ALIMT>dropping
RV2_Type_AnalExit.rulePack.rulesStrings.3,RV2_exit_preyVerb->being shat out by,li,RulePackDefs\RulePacks_Tales_Types.xml,def,<ALIMT >(PH_1)</ALIMT>being shat out by
RV2_Type_AnalExit.rulePack.rulesStrings.4,RV2_exit_image->[PREDATOR_definite] leaving to do [PREDATOR_possessive] business in the great outdoors,li,RulePackDefs\RulePacks_Tales_Types.xml,def,<ALIMT >(PH_3)</ALIMT><ALIMT >(PH_2)</ALIMT> leaving to do <ALIMT >(PH_1)</ALIMT> business in the great outdoors
RV2_Type_AnalExit.rulePack.rulesStrings.5,RV2_exit_image->[PREDATOR_definite] looking frantically for a place to let [PREY_definite] out,li,RulePackDefs\RulePacks_Tales_Types.xml,def,<ALIMT >(PH_3)</ALIMT><ALIMT >(PH_2)</ALIMT> looking frantically for a place to let <ALIMT >(PH_1)</ALIMT> out
RV2_Type_AnalExit.rulePack.rulesStrings.6,RV2_exit_image->[PREDATOR_definite] letting [PREY_definite] out straight into a latrine,li,RulePackDefs\RulePacks_Tales_Types.xml,def,<ALIMT >(PH_3)</ALIMT><ALIMT >(PH_2)</ALIMT> letting <ALIMT >(PH_1)</ALIMT> out straight into a latrine
RV2_Type_AnalExit.rulePack.rulesStrings.7,RV2_exit_image->[PREY_definite] making a mess of [PREDATOR_possessive] pants,li,RulePackDefs\RulePacks_Tales_Types.xml,def,<ALIMT >(PH_3)</ALIMT><ALIMT >(PH_2)</ALIMT> making a mess of <ALIMT >(PH_1)</ALIMT> pants
RV2_Type_AnalExit.rulePack.rulesStrings.8,RV2_exit_image->a latrine with the remains of [PREY_definite] inside,li,RulePackDefs\RulePacks_Tales_Types.xml,def,<ALIMT >(PH_2)</ALIMT>a latrine with the remains of <ALIMT >(PH_1)</ALIMT> inside
RV2_Type_AnalExit.rulePack.rulesStrings.9,"RV2_exit_desc_sentence->Bears shit in the woods, and so does [PREDATOR_definite].",li,RulePackDefs\RulePacks_Tales_Types.xml,def,"<ALIMT >(PH_2)</ALIMT>Bears shit in the woods, and so does <ALIMT >(PH_1)</ALIMT>."
RV2_Type_AnalExit.rulePack.rulesStrings.10,RV2_exit_desc_sentence->[PREY_definite] appears to have left [PREDATOR_definite] a bit constipated.,li,RulePackDefs\RulePacks_Tales_Types.xml,def,<ALIMT >(PH_3)</ALIMT><ALIMT >(PH_2)</ALIMT> appears to have left <ALIMT >(PH_1)</ALIMT> a bit constipated.
RV2_Type_AnalExit.rulePack.rulesStrings.11,RV2_exit_desc_sentence->[PREY_definite] gave [PREDATOR_definite] a bad case of the squirts.,li,RulePackDefs\RulePacks_Tales_Types.xml,def,<ALIMT >(PH_3)</ALIMT><ALIMT >(PH_2)</ALIMT> gave <ALIMT >(PH_1)</ALIMT> a bad case of the squirts.
RV2_Type_Oral.rulePack.rulesStrings.0,extraSentencePack->[INITIATOR_nameDef] is using [INITIATOR_possessive] [RV2_bodypart] to vore,li,RulePackDefs\RulePacks_Tales_Types.xml,def,<ALIMT >(PH_4)</ALIMT><ALIMT >(PH_3)</ALIMT> is using <ALIMT >(PH_2)</ALIMT> <ALIMT >(PH_1)</ALIMT> to <ALIMT >vore</ALIMT>
RV2_Type_Oral.rulePack.rulesStrings.1,RV2_exit_predVerb->spitting out,li,RulePackDefs\RulePacks_Tales_Types.xml,def,<ALIMT >(PH_1)</ALIMT>spitting out
RV2_Type_Oral.rulePack.rulesStrings.2,RV2_exit_predVerb->throwing up,li,RulePackDefs\RulePacks_Tales_Types.xml,def,<ALIMT >(PH_1)</ALIMT>throwing up
RV2_Type_Oral.rulePack.rulesStrings.3,RV2_exit_predVerb->regurgitating,li,RulePackDefs\RulePacks_Tales_Types.xml,def,<ALIMT >(PH_1)</ALIMT>regurgitating
RV2_Type_Oral.rulePack.rulesStrings.4,RV2_exit_preyVerb->being spat out by,li,RulePackDefs\RulePacks_Tales_Types.xml,def,<ALIMT >(PH_1)</ALIMT>being spat out by
RV2_Type_Oral.rulePack.rulesStrings.5,RV2_exit_preyVerb->being thrown up,li,RulePackDefs\RulePacks_Tales_Types.xml,def,<ALIMT >(PH_1)</ALIMT>being thrown up
RV2_Type_Oral.rulePack.rulesStrings.6,RV2_exit_preyVerb->being regurgitated,li,RulePackDefs\RulePacks_Tales_Types.xml,def,<ALIMT >(PH_1)</ALIMT>being regurgitated
RV2_Type_Oral.rulePack.rulesStrings.7,RV2_exit_image->[PREY_definite] covered in predator saliva,li,RulePackDefs\RulePacks_Tales_Types.xml,def,<ALIMT >(PH_2)</ALIMT><ALIMT >(PH_1)</ALIMT> covered in predator saliva
RV2_Type_Oral.rulePack.rulesStrings.8,RV2_exit_image->[PREY_definite] flying out of [PREDATOR_definite] with great speed,li,RulePackDefs\RulePacks_Tales_Types.xml,def,<ALIMT >(PH_3)</ALIMT><ALIMT >(PH_2)</ALIMT> flying out of <ALIMT >(PH_1)</ALIMT> with great speed
RV2_Type_Oral.rulePack.rulesStrings.9,"RV2_exit_image->[PREDATOR_definite] crawling backwards with [PREDATOR_possessive] mouth open, leaving [PREY_definite] on the ground in front of [PREDATOR_pronoun]",li,RulePackDefs\RulePacks_Tales_Types.xml,def,"<ALIMT >(PH_5)</ALIMT><ALIMT >(PH_4)</ALIMT> crawling backwards with <ALIMT >(PH_3)</ALIMT> mouth open, leaving <ALIMT >(PH_2)</ALIMT> on the ground in front of <ALIMT >(PH_1)</ALIMT>"
RV2_Type_Oral.rulePack.rulesStrings.10,RV2_exit_desc_sentence->[PREY_definite] appears even more tasty on the way out.,li,RulePackDefs\RulePacks_Tales_Types.xml,def,<ALIMT >(PH_2)</ALIMT><ALIMT >(PH_1)</ALIMT> appears even more tasty on the way out.
RV2_Type_Oral.rulePack.rulesStrings.11,RV2_exit_desc_sentence->[PREDATOR_definite] shows disgust at tasting [PREY_definite] on the way out.,li,RulePackDefs\RulePacks_Tales_Types.xml,def,<ALIMT >(PH_3)</ALIMT><ALIMT >(PH_2)</ALIMT> shows disgust at tasting <ALIMT >(PH_1)</ALIMT> on the way out.
RV2_Type_Oral.rulePack.rulesStrings.12,RV2_exit_desc_sentence->[PREDATOR_definite] dry heaves after finishing the job.,li,RulePackDefs\RulePacks_Tales_Types.xml,def,<ALIMT >(PH_2)</ALIMT><ALIMT >(PH_1)</ALIMT> dry heaves after finishing the job.
RV2_Type_FullTour.rulePack.rulesStrings.0,extraSentencePack->[INITIATOR_nameDef] is using [INITIATOR_possessive] [RV2_bodypart] to vore,li,RulePackDefs\RulePacks_Tales_Types.xml,def,<ALIMT >(PH_4)</ALIMT><ALIMT >(PH_3)</ALIMT> is using <ALIMT >(PH_2)</ALIMT> <ALIMT >(PH_1)</ALIMT> to <ALIMT >vore</ALIMT>
RV2_Type_FullTour.rulePack.rulesStrings.1,RV2_addendum->for a full tour,li,RulePackDefs\RulePacks_Tales_Types.xml,def,<ALIMT >(PH_1)</ALIMT>for a <ALIMT >full tour</ALIMT>
RV2_Type_FullTour.rulePack.rulesStrings.2,RV2_addendum->for a full tour of [PREDATOR_possessive] insides,li,RulePackDefs\RulePacks_Tales_Types.xml,def,<ALIMT >(PH_2)</ALIMT>for a <ALIMT >full tour</ALIMT> of <ALIMT >(PH_1)</ALIMT> insides
RV2_Type_Anal.rulePack.rulesStrings.0,extraSentencePack->[INITIATOR_nameDef] is using [INITIATOR_possessive] [RV2_bodypart] to vore,li,RulePackDefs\RulePacks_Tales_Types.xml,def,<ALIMT >(PH_4)</ALIMT><ALIMT >(PH_3)</ALIMT> is using <ALIMT >(PH_2)</ALIMT> <ALIMT >(PH_1)</ALIMT> to <ALIMT >vore</ALIMT>
RV2_Type_Anal.rulePack.rulesStrings.1,RV2_init_predVerb->anally swallowing,li,RulePackDefs\RulePacks_Tales_Types.xml,def,<ALIMT >(PH_1)</ALIMT>anally swallowing
RV2_Type_Anal.rulePack.rulesStrings.2,RV2_init_predVerb->rectally swallowing,li,RulePackDefs\RulePacks_Tales_Types.xml,def,<ALIMT >(PH_1)</ALIMT>rectally swallowing
RV2_Type_Anal.rulePack.rulesStrings.3,RV2_bodypart->anus,li,RulePackDefs\RulePacks_Tales_Types.xml,def,<ALIMT >(PH_1)</ALIMT><ALIMT >anus</ALIMT>
RV2_Type_Anal.rulePack.rulesStrings.4,RV2_bodypart->asshole,li,RulePackDefs\RulePacks_Tales_Types.xml,def,<ALIMT >(PH_1)</ALIMT>asshole
RV2_Type_Anal.rulePack.rulesStrings.5,RV2_bodypart->pooper,li,RulePackDefs\RulePacks_Tales_Types.xml,def,<ALIMT >(PH_1)</ALIMT>pooper
RV2_Type_Anal.rulePack.rulesStrings.6,RV2_bodypart->starfish,li,RulePackDefs\RulePacks_Tales_Types.xml,def,<ALIMT >(PH_1)</ALIMT>starfish
RV2_Type_Anal.rulePack.rulesStrings.7,RV2_init_preyVerb->being anally swallowed,li,RulePackDefs\RulePacks_Tales_Types.xml,def,<ALIMT >(PH_1)</ALIMT>being anally swallowed
RV2_Type_Anal.rulePack.rulesStrings.8,RV2_init_preyVerb->being rectally swallowed,li,RulePackDefs\RulePacks_Tales_Types.xml,def,<ALIMT >(PH_1)</ALIMT>being rectally swallowed
RV2_Type_Anal.rulePack.rulesStrings.9,RV2_init_image->[PREDATOR_definite] sitting down on [PREY_definite] to stuff [PREY_pronoun] up [PREDATOR_possessive] [RV2_bodypart],li,RulePackDefs\RulePacks_Tales_Types.xml,def,<ALIMT >(PH_6)</ALIMT><ALIMT >(PH_5)</ALIMT> sitting down on <ALIMT >(PH_4)</ALIMT> to stuff <ALIMT >(PH_3)</ALIMT> up <ALIMT >(PH_2)</ALIMT> <ALIMT >(PH_1)</ALIMT>
RV2_Type_Anal.rulePack.rulesStrings.10,RV2_init_image->[PREDATOR_definite] having [PREY_definite] crawl into [PREDATOR_possessive] [RV2_bodypart] as [PREDATOR_pronoun] lays on [PREDATOR_possessive] back,li,RulePackDefs\RulePacks_Tales_Types.xml,def,<ALIMT >(PH_7)</ALIMT><ALIMT >(PH_6)</ALIMT> having <ALIMT >(PH_5)</ALIMT> crawl into <ALIMT >(PH_4)</ALIMT> <ALIMT >(PH_3)</ALIMT> as <ALIMT >(PH_2)</ALIMT> lays on <ALIMT >(PH_1)</ALIMT> back
RV2_Type_Anal.rulePack.rulesStrings.11,RV2_init_image->[PREDATOR_definite] letting gravity do the work of drawing [PREY_definite] inside [PREDATOR_possessive] [RV2_bodypart],li,RulePackDefs\RulePacks_Tales_Types.xml,def,<ALIMT >(PH_5)</ALIMT><ALIMT >(PH_4)</ALIMT> letting gravity do the work of drawing <ALIMT >(PH_3)</ALIMT> inside <ALIMT >(PH_2)</ALIMT> <ALIMT >(PH_1)</ALIMT>
RV2_Type_Anal.rulePack.rulesStrings.12,RV2_init_desc_sentence->[PREDATOR_definite] really should have started with a dildo first.,li,RulePackDefs\RulePacks_Tales_Types.xml,def,<ALIMT >(PH_2)</ALIMT><ALIMT >(PH_1)</ALIMT> really should have started with a <ALIMT >dildo</ALIMT> first.
RV2_Type_Anal.rulePack.rulesStrings.13,RV2_init_desc_sentence->[PREDATOR_definite] really should have cleaned up first.,li,RulePackDefs\RulePacks_Tales_Types.xml,def,<ALIMT >(PH_2)</ALIMT><ALIMT >(PH_1)</ALIMT> really should have cleaned up first.
RV2_Type_Vaginal.rulePack.rulesStrings.0,extraSentencePack->[INITIATOR_nameDef] is using [INITIATOR_possessive] [RV2_bodypart] to vore,li,RulePackDefs\RulePacks_Tales_Types.xml,def,<ALIMT >(PH_4)</ALIMT><ALIMT >(PH_3)</ALIMT> is using <ALIMT >(PH_2)</ALIMT> <ALIMT >(PH_1)</ALIMT> to <ALIMT >vore</ALIMT>
RV2_Type_Vaginal.rulePack.rulesStrings.1,RV2_adverb->sexually,li,RulePackDefs\RulePacks_Tales_Types.xml,def,<ALIMT >(PH_1)</ALIMT>sexually
RV2_Type_Vaginal.rulePack.rulesStrings.2,RV2_adjective->sexual,li,RulePackDefs\RulePacks_Tales_Types.xml,def,<ALIMT >(PH_1)</ALIMT><ALIMT >sexual</ALIMT>
RV2_Type_Vaginal.rulePack.rulesStrings.3,RV2_init_predVerb->vaginally swallowing,li,RulePackDefs\RulePacks_Tales_Types.xml,def,<ALIMT >(PH_1)</ALIMT>vaginally swallowing
RV2_Type_Vaginal.rulePack.rulesStrings.4,RV2_init_predVerb->unbirthing,li,RulePackDefs\RulePacks_Tales_Types.xml,def,<ALIMT >(PH_1)</ALIMT>unbirthing
RV2_Type_Vaginal.rulePack.rulesStrings.5,RV2_bodypart->vagina,li,RulePackDefs\RulePacks_Tales_Types.xml,def,<ALIMT >(PH_1)</ALIMT><ALIMT >vagina</ALIMT>
RV2_Type_Vaginal.rulePack.rulesStrings.6,RV2_bodypart->cunt,li,RulePackDefs\RulePacks_Tales_Types.xml,def,<ALIMT >(PH_1)</ALIMT>cunt
RV2_Type_Vaginal.rulePack.rulesStrings.7,RV2_bodypart->vagoo,li,RulePackDefs\RulePacks_Tales_Types.xml,def,<ALIMT >(PH_1)</ALIMT>vagoo
RV2_Type_Vaginal.rulePack.rulesStrings.8,RV2_init_preyVerb->being vaginally swallowed,li,RulePackDefs\RulePacks_Tales_Types.xml,def,<ALIMT >(PH_1)</ALIMT>being vaginally swallowed
RV2_Type_Vaginal.rulePack.rulesStrings.9,RV2_init_preyVerb->being unbirthed,li,RulePackDefs\RulePacks_Tales_Types.xml,def,<ALIMT >(PH_1)</ALIMT>being unbirthed
RV2_Type_Vaginal.rulePack.rulesStrings.10,RV2_init_desc_sentence->[PREDATOR_definite] really should have started with a dildo first.,li,RulePackDefs\RulePacks_Tales_Types.xml,def,<ALIMT >(PH_2)</ALIMT><ALIMT >(PH_1)</ALIMT> really should have started with a <ALIMT >dildo</ALIMT> first.
RV2_Type_Vaginal.rulePack.rulesStrings.11,RV2_init_desc_sentence->[PREDATOR_definite] winced at [PREY_definite] hitting [PREDATOR_possessive] cervix.,li,RulePackDefs\RulePacks_Tales_Types.xml,def,<ALIMT >(PH_4)</ALIMT><ALIMT >(PH_3)</ALIMT> winced at <ALIMT >(PH_2)</ALIMT> hitting <ALIMT >(PH_1)</ALIMT> <ALIMT >cervix</ALIMT>.
RV2_Type_Vaginal.rulePack.rulesStrings.12,RV2_exit_predVerb->squirting out,li,RulePackDefs\RulePacks_Tales_Types.xml,def,<ALIMT >(PH_1)</ALIMT>squirting out
RV2_Type_Vaginal.rulePack.rulesStrings.13,RV2_exit_predVerb->birthing,li,RulePackDefs\RulePacks_Tales_Types.xml,def,<ALIMT >(PH_1)</ALIMT>birthing
RV2_Type_Vaginal.rulePack.rulesStrings.14,RV2_exit_preyVerb->being squirt out by,li,RulePackDefs\RulePacks_Tales_Types.xml,def,<ALIMT >(PH_1)</ALIMT>being squirt out by
RV2_Type_Vaginal.rulePack.rulesStrings.15,RV2_exit_preyVerb->being reborn,li,RulePackDefs\RulePacks_Tales_Types.xml,def,<ALIMT >(PH_1)</ALIMT>being reborn
RV2_Type_Vaginal.rulePack.rulesStrings.16,RV2_exit_image->[PREY_definite] reexperiencing the events of [PREY_possessive] own birth,li,RulePackDefs\RulePacks_Tales_Types.xml,def,<ALIMT >(PH_3)</ALIMT><ALIMT >(PH_2)</ALIMT> reexperiencing the events of <ALIMT >(PH_1)</ALIMT> own birth
RV2_Type_Cock.rulePack.rulesStrings.0,extraSentencePack->[INITIATOR_nameDef] is using [INITIATOR_possessive] [RV2_bodypart] to vore,li,RulePackDefs\RulePacks_Tales_Types.xml,def,<ALIMT >(PH_4)</ALIMT><ALIMT >(PH_3)</ALIMT> is using <ALIMT >(PH_2)</ALIMT> <ALIMT >(PH_1)</ALIMT> to <ALIMT >vore</ALIMT>
RV2_Type_Cock.rulePack.rulesStrings.1,RV2_adverb->sexually,li,RulePackDefs\RulePacks_Tales_Types.xml,def,<ALIMT >(PH_1)</ALIMT>sexually
RV2_Type_Cock.rulePack.rulesStrings.2,RV2_adjective->sexual,li,RulePackDefs\RulePacks_Tales_Types.xml,def,<ALIMT >(PH_1)</ALIMT><ALIMT >sexual</ALIMT>
RV2_Type_Cock.rulePack.rulesStrings.3,RV2_init_predVerb->unsowing,li,RulePackDefs\RulePacks_Tales_Types.xml,def,<ALIMT >(PH_1)</ALIMT>unsowing
RV2_Type_Cock.rulePack.rulesStrings.4,RV2_bodypart->penis,li,RulePackDefs\RulePacks_Tales_Types.xml,def,<ALIMT >(PH_1)</ALIMT><ALIMT >penis</ALIMT>
RV2_Type_Cock.rulePack.rulesStrings.5,RV2_bodypart->cock,li,RulePackDefs\RulePacks_Tales_Types.xml,def,<ALIMT >(PH_1)</ALIMT>cock
RV2_Type_Cock.rulePack.rulesStrings.6,RV2_bodypart->urethra,li,RulePackDefs\RulePacks_Tales_Types.xml,def,<ALIMT >(PH_1)</ALIMT>urethra
RV2_Type_Cock.rulePack.rulesStrings.7,RV2_init_preyVerb->being unsown,li,RulePackDefs\RulePacks_Tales_Types.xml,def,<ALIMT >(PH_1)</ALIMT>being unsown
RV2_Type_Cock.rulePack.rulesStrings.8,RV2_init_image->[PREY_definite] sliding down [PREDATOR_possessive] [RV2_bodypart],li,RulePackDefs\RulePacks_Tales_Types.xml,def,<ALIMT >(PH_4)</ALIMT><ALIMT >(PH_3)</ALIMT> sliding down <ALIMT >(PH_2)</ALIMT> <ALIMT >(PH_1)</ALIMT>
RV2_Type_Cock.rulePack.rulesStrings.9,RV2_init_image->[PREDATOR_definite] feeling the intense stretch from [PREY_definite] in [PREDATOR_possessive] [RV2_bodypart],li,RulePackDefs\RulePacks_Tales_Types.xml,def,<ALIMT >(PH_5)</ALIMT><ALIMT >(PH_4)</ALIMT> feeling the intense stretch from <ALIMT >(PH_3)</ALIMT> in <ALIMT >(PH_2)</ALIMT> <ALIMT >(PH_1)</ALIMT>
RV2_Type_Cock.rulePack.rulesStrings.10,RV2_init_desc_sentence->[PREDATOR_definite] wonders how many millimeters [PREY_definite] is at [PREY_possessive] widest.,li,RulePackDefs\RulePacks_Tales_Types.xml,def,<ALIMT >(PH_4)</ALIMT><ALIMT >(PH_3)</ALIMT> wonders how many millimeters <ALIMT >(PH_2)</ALIMT> is at <ALIMT >(PH_1)</ALIMT> widest.
RV2_Type_Cock.rulePack.rulesStrings.11,RV2_init_desc_sentence->[PREDATOR_definite] measures the diameter of [PREY_definite] for [PREDATOR_possessive] records.,li,RulePackDefs\RulePacks_Tales_Types.xml,def,<ALIMT >(PH_4)</ALIMT><ALIMT >(PH_3)</ALIMT> measures the diameter of <ALIMT >(PH_2)</ALIMT> for <ALIMT >(PH_1)</ALIMT> records.
RV2_Type_Cock.rulePack.rulesStrings.12,RV2_exit_predVerb->cumming out,li,RulePackDefs\RulePacks_Tales_Types.xml,def,<ALIMT >(PH_1)</ALIMT>cumming out
RV2_Type_Cock.rulePack.rulesStrings.13,RV2_exit_predVerb->ejaculating,li,RulePackDefs\RulePacks_Tales_Types.xml,def,<ALIMT >(PH_1)</ALIMT>ejaculating
RV2_Type_Cock.rulePack.rulesStrings.14,RV2_exit_preyVerb->being cum out by,li,RulePackDefs\RulePacks_Tales_Types.xml,def,<ALIMT >(PH_1)</ALIMT>being <ALIMT >cum</ALIMT> out by
RV2_Type_Cock.rulePack.rulesStrings.15,RV2_exit_preyVerb->being ejaculated by,li,RulePackDefs\RulePacks_Tales_Types.xml,def,<ALIMT >(PH_1)</ALIMT>being ejaculated by
RV2_Type_Cock.rulePack.rulesStrings.16,RV2_exit_image->[PREY_definite] emerging from the [RV2_bodypart] of [PREDATOR_definite],li,RulePackDefs\RulePacks_Tales_Types.xml,def,<ALIMT >(PH_4)</ALIMT><ALIMT >(PH_3)</ALIMT> emerging from the <ALIMT >(PH_2)</ALIMT> of <ALIMT >(PH_1)</ALIMT>
RV2_Type_Cock.rulePack.rulesStrings.17,RV2_exit_image->[PREY_definite] flying out of the [RV2_bodypart] of [PREDATOR_definite] at great speed,li,RulePackDefs\RulePacks_Tales_Types.xml,def,<ALIMT >(PH_4)</ALIMT><ALIMT >(PH_3)</ALIMT> flying out of the <ALIMT >(PH_2)</ALIMT> of <ALIMT >(PH_1)</ALIMT> at great speed
RV2_Type_Cock.rulePack.rulesStrings.18,RV2_exit_desc_sentence->[PREDATOR_definite] feels a profound emptiness now that [PREY_definite] is out.,li,RulePackDefs\RulePacks_Tales_Types.xml,def,<ALIMT >(PH_3)</ALIMT><ALIMT >(PH_2)</ALIMT> feels a profound emptiness now that <ALIMT >(PH_1)</ALIMT> is out.
RV2_Type_Nipple.rulePack.rulesStrings.0,extraSentencePack->[INITIATOR_nameDef] is using [INITIATOR_possessive] [RV2_bodypart] to vore,li,RulePackDefs\RulePacks_Tales_Types.xml,def,<ALIMT >(PH_4)</ALIMT><ALIMT >(PH_3)</ALIMT> is using <ALIMT >(PH_2)</ALIMT> <ALIMT >(PH_1)</ALIMT> to <ALIMT >vore</ALIMT>
RV2_Type_Nipple.rulePack.rulesStrings.1,RV2_addendum->to give [PREY_definite] a milk bath,li,RulePackDefs\RulePacks_Tales_Types.xml,def,<ALIMT >(PH_2)</ALIMT>to give <ALIMT >(PH_1)</ALIMT> a milk bath
RV2_Type_Nipple.rulePack.rulesStrings.2,RV2_init_predVerb->unnursing,li,RulePackDefs\RulePacks_Tales_Types.xml,def,<ALIMT >(PH_1)</ALIMT>unnursing
RV2_Type_Nipple.rulePack.rulesStrings.3,RV2_bodypart->nipple,li,RulePackDefs\RulePacks_Tales_Types.xml,def,<ALIMT >(PH_1)</ALIMT><ALIMT >nipple</ALIMT>
RV2_Type_Nipple.rulePack.rulesStrings.4,RV2_init_preyVerb->being unnused,li,RulePackDefs\RulePacks_Tales_Types.xml,def,<ALIMT >(PH_1)</ALIMT>being unnused
RV2_Type_Nipple.rulePack.rulesStrings.5,RV2_init_image->[PREDATOR_definite] nursing [PREY_definite] from [PREDATOR_possessive] [RV2_bodypart] before [RV2_init_preyVerb] [RV2_pronoun],li,RulePackDefs\RulePacks_Tales_Types.xml,def,<ALIMT >(PH_7)</ALIMT><ALIMT >(PH_6)</ALIMT> nursing <ALIMT >(PH_5)</ALIMT> from <ALIMT >(PH_4)</ALIMT> <ALIMT >(PH_3)</ALIMT> before <ALIMT >(PH_2)</ALIMT> <ALIMT >(PH_1)</ALIMT>
RV2_Type_Nipple.rulePack.rulesStrings.6,RV2_exit_predVerb->milking out,li,RulePackDefs\RulePacks_Tales_Types.xml,def,<ALIMT >(PH_1)</ALIMT><ALIMT >milking</ALIMT> out
RV2_Type_Nipple.rulePack.rulesStrings.7,RV2_exit_predVerb->squeezing out,li,RulePackDefs\RulePacks_Tales_Types.xml,def,<ALIMT >(PH_1)</ALIMT>squeezing out
RV2_Type_Nipple.rulePack.rulesStrings.8,RV2_exit_preyVerb->being milked out by,li,RulePackDefs\RulePacks_Tales_Types.xml,def,<ALIMT >(PH_1)</ALIMT>being milked out by
RV2_Type_Nipple.rulePack.rulesStrings.9,RV2_exit_preyVerb->being squeezed out by,li,RulePackDefs\RulePacks_Tales_Types.xml,def,<ALIMT >(PH_1)</ALIMT>being squeezed out by
RV2_ExternalEjectChance.label,Eject chance,label,StatDefs\Misc.xml,def,Eject chance
RV2_ExternalEjectChance.description,The likelihood that this pawn can successfully force another predator to eject their prey.,description,StatDefs\Misc.xml,def,The likelihood that this <ALIMT >(PH_1)</ALIMT> can successfully force another predator to eject their prey.
RV2_DigestionStrength.label,Digestion Strength,label,StatDefs\QuirkStats.xml,def,Digestion Strength
RV2_DigestionStrength.description,The speed at which a pawn is capable of digesting their prey,description,StatDefs\QuirkStats.xml,def,The speed at which a <ALIMT >(PH_1)</ALIMT> is capable of digesting their prey
RV2_DigestionResistance.label,Digestion Weakness,label,StatDefs\QuirkStats.xml,def,Digestion Weakness
RV2_DigestionResistance.description,The speed at which other pawns can digest this pawn,description,StatDefs\QuirkStats.xml,def,The speed at which other pawns can digest this <ALIMT >(PH_1)</ALIMT>
RV2_SwallowSpeed.label,Swallowing/Ejection speed,label,StatDefs\QuirkStats.xml,def,Swallowing/Ejection speed
RV2_SwallowSpeed.description,The speed at which this pawn can swallow or eject their prey,description,StatDefs\QuirkStats.xml,def,The speed at which this <ALIMT >(PH_1)</ALIMT> can swallow or eject their prey
RV2_Persuasiveness.label,Proposal persuasiveness,label,StatDefs\QuirkStats.xml,def,Proposal persuasiveness
RV2_Persuasiveness.description,The acceptance modifier for Proposals made by this pawn,description,StatDefs\QuirkStats.xml,def,The acceptance modifier for Proposals made by this <ALIMT >(PH_1)</ALIMT>
RV2_Capacity.label,Vore capacity,label,StatDefs\QuirkStats.xml,def,<ALIMT >vore</ALIMT> capacity
RV2_Capacity.description,The total body size that this pawn can vore,description,StatDefs\QuirkStats.xml,def,The total body size that this <ALIMT >(PH_1)</ALIMT> can <ALIMT >vore</ALIMT>
RV2_GrappleChance.label,Grapple Chance,label,StatDefs\QuirkStats.xml,def,Grapple Chance
RV2_GrappleChance.description,The likelihood of the pawn initiating a vore grapple in melee combat.,description,StatDefs\QuirkStats.xml,def,The likelihood of the <ALIMT >(PH_1)</ALIMT> initiating a <ALIMT >vore</ALIMT> grapple in melee combat.
RV2_GrappleStrength_General.label,Grapple Ability,label,StatDefs\QuirkStats.xml,def,Grapple Ability
RV2_GrappleStrength_General.description,The pawns ability to handle themself in a vore grapple,description,StatDefs\QuirkStats.xml,def,The pawns ability to handle themself in a <ALIMT >vore</ALIMT> grapple
RV2_GrappleStrength_Attacker.label,Grapple Attack,label,StatDefs\QuirkStats.xml,def,Grapple Attack
RV2_GrappleStrength_Attacker.description,The pawns capability to overpower their opponent in a vore grapple,description,StatDefs\QuirkStats.xml,def,The pawns capability to overpower their opponent in a <ALIMT >vore</ALIMT> grapple
RV2_GrappleStrength_Defender.label,Grapple Defense,label,StatDefs\QuirkStats.xml,def,Grapple Defense
RV2_GrappleStrength_Defender.description,The pawns capability to withstand their opponent in a vore grapple,description,StatDefs\QuirkStats.xml,def,The pawns capability to withstand their opponent in a <ALIMT >vore</ALIMT> grapple
Vore.label,Vore,label,StatDefs\StatCategories.xml,def,<ALIMT >vore</ALIMT>
RV2_FertilizedSoil.label,fertilized soil,label,TerrainDefs\Terrains_Fertilized.xml,def,fertilized soil
RV2_FertilizedSoil.tools.0.label,fertilized soil,label,TerrainDefs\Terrains_Fertilized.xml,def,fertilized soil
RV2_FertilizerIngredient.label,fertilizer ingredients,label,ThingCategoryDefs\ThingCategories.xml,def,fertilizer ingredients
RV2_VoreProductContainer.label,Vore product containers,label,ThingCategoryDefs\ThingCategories.xml,def,<ALIMT >vore</ALIMT> product containers
RV2_ReleaseSpotProduct.label,vore product spot,label,ThingDefs\Buildings_ReleaseSpot.xml,def,<ALIMT >vore</ALIMT> product spot
RV2_ReleaseSpotProduct.description,"Designates a spot for releasing vore products with dead prey.\nThese spots are only used for automatic vore release, not forced ejection.",description,ThingDefs\Buildings_ReleaseSpot.xml,def,"Designates a spot for releasing <ALIMT >vore</ALIMT> products with dead prey.<ALIMT >(PH_1)</ALIMT>These spots are only used for automatic <ALIMT >vore</ALIMT> release, not <ALIMT >forced</ALIMT> ejection."
RV2_ReleaseSpotPawn.label,prey release spot,label,ThingDefs\Buildings_ReleaseSpot.xml,def,prey release spot
RV2_ReleaseSpotPawn.description,"Designates a spot for releasing living pawns from vore.\nThese spots are only used for automatic vore release, not forced ejection.",description,ThingDefs\Buildings_ReleaseSpot.xml,def,"Designates a spot for releasing living pawns from <ALIMT >vore</ALIMT>.<ALIMT >(PH_1)</ALIMT>These spots are only used for automatic <ALIMT >vore</ALIMT> release, not <ALIMT >forced</ALIMT> ejection."
RV2_DisposalUrn.label,disposal urn,label,ThingDefs\Things_DisposalUrns.xml,def,disposal urn
RV2_DisposalUrn.description,An urn designed to hold digested pawns.,description,ThingDefs\Things_DisposalUrns.xml,def,An urn designed to hold digested pawns.
RV2_DestroyedImplant.label,digested implant,label,ThingDefs\Things_Misc.xml,def,digested implant
RV2_DestroyedImplant.description,This implant did not withstand the harsh environment of someones insides. You can destroy this at a Machining Table to regain some materials.,description,ThingDefs\Things_Misc.xml,def,This implant did not withstand the harsh environment of someones insides. You can destroy this at a Machining Table to regain some materials.
RV2_DisassembleDigestedImplant.label,disassemble implant remains,label,ThingDefs\Things_Misc.xml,def,disassemble implant remains
RV2_DisassembleDigestedImplant.description,Disassemble implants that were destroyed during fatal vore.,description,ThingDefs\Things_Misc.xml,def,Disassemble implants that were destroyed during fatal <ALIMT >vore</ALIMT>.
RV2_DisassembleDigestedImplant.jobString,Disassembling implant.,jobString,ThingDefs\Things_Misc.xml,def,Disassembling implant.
RV2_Sculpture_Sack.label,Ambiguous Sculpture,label,ThingDefs\Things_Sculptures.xml,def,Ambiguous Sculpture
RV2_Sculpture_Bones.label,Bones Sculpture,label,ThingDefs\Things_Sculptures.xml,def,Bones Sculpture
RV2_Sculpture_Condom.label,Condom Sculpture,label,ThingDefs\Things_Sculptures.xml,def,<ALIMT >condom</ALIMT> Sculpture
RV2_Sculpture_Jug.label,Jug Sculpture,label,ThingDefs\Things_Sculptures.xml,def,Jug Sculpture
RV2_Sculpture_Scat.label,Scat Sculpture,label,ThingDefs\Things_Sculptures.xml,def,<ALIMT >scat</ALIMT> Sculpture
RV2_GoalEnabler_ConvertLube.label,Lubrifactive enzyme seeder,label,ThingDefs\Things_VoreEnablers.xml,def,Lubrifactive enzyme seeder
RV2_GoalEnabler_ConvertLube.description,"Special mechanites which enable the production of transformative enzymes in the womb, which distill prey into sexual lubricant.",description,ThingDefs\Things_VoreEnablers.xml,def,"Special mechanites which enable the production of transformative enzymes in the womb, which distill prey into <ALIMT >sexual</ALIMT> <ALIMT >lubricant</ALIMT>."
RV2_GoalEnabler_ConvertMilk.label,Lactifactive enzyme seeder,label,ThingDefs\Things_VoreEnablers.xml,def,Lactifactive enzyme seeder
RV2_GoalEnabler_ConvertMilk.description,"Special mechanites which enable the production of transformative enzymes in the breasts, which distill prey into sweet breastmilk.",description,ThingDefs\Things_VoreEnablers.xml,def,"Special mechanites which enable the production of transformative enzymes in the <ALIMT >breasts</ALIMT>, which distill prey into sweet breastmilk."
RV2_GoalEnabler_ConvertSperm.label,Spermifactive enzyme seeder,label,ThingDefs\Things_VoreEnablers.xml,def,Spermifactive enzyme seeder
RV2_GoalEnabler_ConvertSperm.description,"Special mechanites which enable the production of transformative enzymes in the testes, which distill prey into potent sperm.",description,ThingDefs\Things_VoreEnablers.xml,def,"Special mechanites which enable the production of transformative enzymes in the testes, which distill prey into potent <ALIMT >sperm</ALIMT>."
RV2_GoalEnabler_Digest.label,Hyperdigestive enzyme seeder,label,ThingDefs\Things_VoreEnablers.xml,def,Hyperdigestive enzyme seeder
RV2_GoalEnabler_Digest.description,"Special mechanites which enable the production of powerful digestive enzymes, which enable the digestion of live prey in a timely manner.",description,ThingDefs\Things_VoreEnablers.xml,def,"Special mechanites which enable the production of powerful digestive enzymes, which enable the digestion of live prey in a timely manner."
RV2_GoalEnabler_TempEndo.label,Internal hospitality adjuster,label,ThingDefs\Things_VoreEnablers.xml,def,Internal hospitality adjuster
RV2_GoalEnabler_TempEndo.description,"Special mechanites which adjust airflow, moisture levels, and sanitation within a predator's body to make brief stays comfortable and even pleasurable.",description,ThingDefs\Things_VoreEnablers.xml,def,"Special mechanites which adjust airflow, moisture levels, and sanitation within a predator's body to make brief stays comfortable and even pleasurable."
RV2_GoalEnabler_Store.label,Internal hospitality adjuster,label,ThingDefs\Things_VoreEnablers.xml,def,Internal hospitality adjuster
RV2_GoalEnabler_Store.description,"Special mechanites which adjust airflow, moisture levels, and sanitation within a predator's body to make prolonged stays comfortable and even pleasurable.",description,ThingDefs\Things_VoreEnablers.xml,def,"Special mechanites which adjust airflow, moisture levels, and sanitation within a predator's body to make prolonged stays comfortable and even pleasurable."
RV2_GoalEnabler_Heal.label,Regenerative gland,label,ThingDefs\Things_VoreEnablers.xml,def,Regenerative gland
RV2_GoalEnabler_Heal.description,A special gland that circulates regenerative nanites in the predators bloodstream. The predator can control and target these nanites to heal prey.,description,ThingDefs\Things_VoreEnablers.xml,def,A special gland that circulates regenerative nanites in the predators bloodstream. The predator can control and target these nanites to heal prey.
RV2_GoalEnabler_Reform.label,Reproductive adjuster,label,ThingDefs\Things_VoreEnablers.xml,def,Reproductive adjuster
RV2_GoalEnabler_Reform.description,Special mechanites that modify the reproductive genes of the predator. With these prey can be deconstructed down to their genetic material and be reformed with the predators own genes.,description,ThingDefs\Things_VoreEnablers.xml,def,Special mechanites that modify the reproductive genes of the predator. With these prey can be deconstructed down to their genetic material and be reformed with the predators own genes.
RV2_TypeEnabler_Oral.label,Oral elasticizer,label,ThingDefs\Things_VoreEnablers.xml,def,<ALIMT >oral</ALIMT> elasticizer
RV2_TypeEnabler_Oral.description,"Special mechanites which elasticize the tissues of the throat, stomach, lips, and jaw-hinges to grant the power of oral vore.",description,ThingDefs\Things_VoreEnablers.xml,def,"Special mechanites which elasticize the tissues of the throat, stomach, lips, and jaw-hinges to grant the power of <ALIMT >oral</ALIMT> <ALIMT >vore</ALIMT>."
RV2_TypeEnabler_Anal.label,Anal elasticizer,label,ThingDefs\Things_VoreEnablers.xml,def,<ALIMT >anal</ALIMT> elasticizer
RV2_TypeEnabler_Anal.description,"Special mechanites which elasticize the tissues of the anus, intestines, and stomach to grant the power of anal vore.",description,ThingDefs\Things_VoreEnablers.xml,def,"Special mechanites which elasticize the tissues of the <ALIMT >anus</ALIMT>, intestines, and stomach to grant the power of <ALIMT >anal</ALIMT> <ALIMT >vore</ALIMT>."
RV2_TypeEnabler_Vaginal.label,Vaginal elasticizer,label,ThingDefs\Things_VoreEnablers.xml,def,<ALIMT >vaginal</ALIMT> elasticizer
RV2_TypeEnabler_Vaginal.description,"Special mechanites which elasticize the tissues of the vagina, womb, ovaries, and other parts of the bearer reproductive system to grant the power of vaginal vore.",description,ThingDefs\Things_VoreEnablers.xml,def,"Special mechanites which elasticize the tissues of the <ALIMT >vagina</ALIMT>, womb, ovaries, and other parts of the bearer reproductive system to grant the power of <ALIMT >vaginal</ALIMT> <ALIMT >vore</ALIMT>."
RV2_TypeEnabler_Cock.label,Penile elasticizer,label,ThingDefs\Things_VoreEnablers.xml,def,Penile elasticizer
RV2_TypeEnabler_Cock.description,"Special mechanites which elasticize the tissues of the urethra, testes, and other parts of the sire reproductive system to grant the power of cock vore.",description,ThingDefs\Things_VoreEnablers.xml,def,"Special mechanites which elasticize the tissues of the urethra, testes, and other parts of the sire reproductive system to grant the power of cock <ALIMT >vore</ALIMT>."
RV2_TypeEnabler_Nipple.label,Nipple elasticizer,label,ThingDefs\Things_VoreEnablers.xml,def,<ALIMT >nipple</ALIMT> elasticizer
RV2_TypeEnabler_Nipple.description,"Special mechanites which elasticize the tissues of the nipples, breasts, and mammary glands to grant the power of nipple vore.",description,ThingDefs\Things_VoreEnablers.xml,def,"Special mechanites which elasticize the tissues of the <ALIMT >nipples</ALIMT>, <ALIMT >breasts</ALIMT>, and mammary glands to grant the power of <ALIMT >nipple</ALIMT> <ALIMT >vore</ALIMT>."
RV2_Resource_Cum.label,Cummified pawn,label,ThingDefs\Things_VoreProduct.xml,def,Cummified <ALIMT >(PH_1)</ALIMT>
RV2_Resource_Cum.description,"What was once a living being, rendered into delicious cum.\nDrinkable.",description,ThingDefs\Things_VoreProduct.xml,def,"What was once a living being, rendered into delicious <ALIMT >cum</ALIMT>.<ALIMT >(PH_1)</ALIMT>Drinkable."
RV2_Resource_Milk.label,Milkified pawn,label,ThingDefs\Things_VoreProduct.xml,def,Milkified <ALIMT >(PH_1)</ALIMT>
RV2_Resource_Milk.description,"What was once a living being, rendered into delicious milk.\Drinkable.",description,ThingDefs\Things_VoreProduct.xml,def,"What was once a living being, rendered into delicious milk.\Drinkable."
RV2_Resource_Scat.label,Scat,label,ThingDefs\Things_VoreProduct.xml,def,<ALIMT >scat</ALIMT>
RV2_Resource_Scat.description,The reeking remnants of a digested living being.\nYou can make fertilizer out of this at a crafting spot.,description,ThingDefs\Things_VoreProduct.xml,def,The reeking remnants of a digested living being.<ALIMT >(PH_1)</ALIMT>You can make fertilizer out of this at a crafting spot.
RV2_Resource_Bones.label,Bones,label,ThingDefs\Things_VoreProduct.xml,def,Bones
RV2_Resource_Bones.description,The acid-bleached bones of a digested living being.\nYou can make fertilizer out of this at a crafting spot.,description,ThingDefs\Things_VoreProduct.xml,def,The acid-bleached bones of a digested living being.<ALIMT >(PH_1)</ALIMT>You can make fertilizer out of this at a crafting spot.
RV2_Manufactured_Fertilizer.label,Fertilizer,label,ThingDefs\Things_VoreProduct.xml,def,Fertilizer
RV2_Manufactured_Fertilizer.description,This sack contains nutritious soil and can be used to build fertilized soil.,description,ThingDefs\Things_VoreProduct.xml,def,This sack contains nutritious soil and can be used to build fertilized soil.
RV2_Container_Sack.description,"A digested pawn's remains, neatly bundled in a sack, to retrieve any undigested items later.",description,ThingDefs\Things_VoreProductContainers.xml,def,"A digested <ALIMT >(PH_1)</ALIMT>'s remains, neatly bundled in a sack, to retrieve any undigested items later."
RV2_Container_Sack.label,Sack,label,ThingDefs\Things_VoreProductContainers.xml,def,Sack
RV2_Container_Bones.description,A pile of bones which used to be a pawn. You can dig around in it to retrieve undigested items.,description,ThingDefs\Things_VoreProductContainers.xml,def,A pile of bones which used to be a <ALIMT >(PH_1)</ALIMT>. You can dig around in it to retrieve undigested items.
RV2_Container_Bones.label,Bones,label,ThingDefs\Things_VoreProductContainers.xml,def,Bones
RV2_Container_LubePuddle.description,"A thick puddle of cunt-juice, in which a number of undigested items may float.",description,ThingDefs\Things_VoreProductContainers.xml,def,"A thick puddle of cunt-juice, in which a number of undigested items may float."
RV2_Container_LubePuddle.label,Lube puddle,label,ThingDefs\Things_VoreProductContainers.xml,def,<ALIMT >lube</ALIMT> puddle
RV2_Container_Condom.description,"A condom full of cummified pawn, tied off for late retrieval of undigested items.",description,ThingDefs\Things_VoreProductContainers.xml,def,"A <ALIMT >condom</ALIMT> full of cummified <ALIMT >(PH_1)</ALIMT>, tied off for late retrieval of undigested items."
RV2_Container_Condom.label,Condom,label,ThingDefs\Things_VoreProductContainers.xml,def,<ALIMT >condom</ALIMT>
RV2_Container_CumPuddle.description,"A thick puddle of cum, in which a number of undigested items may float.",description,ThingDefs\Things_VoreProductContainers.xml,def,"A thick puddle of <ALIMT >cum</ALIMT>, in which a number of undigested items may float."
RV2_Container_CumPuddle.label,Cum puddle,label,ThingDefs\Things_VoreProductContainers.xml,def,<ALIMT >cum</ALIMT> puddle
RV2_Container_MilkJug.description,A jug of milk that used to be a living thing. You can rummage around in it to retrieve undigested items.,description,ThingDefs\Things_VoreProductContainers.xml,def,A jug of milk that used to be a living thing. You can rummage around in it to retrieve undigested items.
RV2_Container_MilkJug.label,Jug,label,ThingDefs\Things_VoreProductContainers.xml,def,Jug
RV2_Container_MilkPuddle.description,"Twinly-puddled milk, in which a number of undigested items may float.",description,ThingDefs\Things_VoreProductContainers.xml,def,"Twinly-puddled milk, in which a number of undigested items may float."
RV2_Container_MilkPuddle.label,Milk puddle,label,ThingDefs\Things_VoreProductContainers.xml,def,Milk puddle
RV2_Container_Scat.description,"The reeking aftermath of digestion. If you're okay with getting your hands dirty, you can dig around in it to retrieve undigested items.",description,ThingDefs\Things_VoreProductContainers.xml,def,"The reeking aftermath of digestion. If you're okay with getting your hands dirty, you can dig around in it to retrieve undigested items."
RV2_Container_Scat.label,Scat,label,ThingDefs\Things_VoreProductContainers.xml,def,<ALIMT >scat</ALIMT>
RV2_Container_None.description,This item does not exist and is merely a visible indicator for directly excreting the vore products.,description,ThingDefs\Things_VoreProductContainers.xml,def,This item does not exist and is merely a visible indicator for directly excreting the <ALIMT >vore</ALIMT> products.
RV2_Container_None.label,None,label,ThingDefs\Things_VoreProductContainers.xml,def,None
RV2_ConsumedDigestedPrey_Cum.stages.0.label,Drank cumgested pawn,label,ThoughtDefs\Thoughts_Memory_ConsumedVoreProduct.xml,def,Drank cumgested <ALIMT >(PH_1)</ALIMT>
RV2_ConsumedDigestedPrey_Cum.stages.0.description,Tastes alright.,description,ThoughtDefs\Thoughts_Memory_ConsumedVoreProduct.xml,def,Tastes alright.
RV2_ConsumedDigestedPrey_Cum_VeryGood.stages.0.label,Loved drinking cumgested pawn,label,ThoughtDefs\Thoughts_Memory_ConsumedVoreProduct.xml,def,Loved drinking cumgested <ALIMT >(PH_1)</ALIMT>
RV2_ConsumedDigestedPrey_Cum_VeryGood.stages.0.description,Heavenly seed!,description,ThoughtDefs\Thoughts_Memory_ConsumedVoreProduct.xml,def,Heavenly seed!
RV2_ConsumedDigestedPrey_Cum_Good.stages.0.label,Liked drinking cumgested pawn,label,ThoughtDefs\Thoughts_Memory_ConsumedVoreProduct.xml,def,Liked drinking cumgested <ALIMT >(PH_1)</ALIMT>
RV2_ConsumedDigestedPrey_Cum_Good.stages.0.description,Delicious batter!,description,ThoughtDefs\Thoughts_Memory_ConsumedVoreProduct.xml,def,Delicious batter!
RV2_ConsumedDigestedPrey_Cum_Bad.stages.0.label,Disliked drinking cumgested pawn,label,ThoughtDefs\Thoughts_Memory_ConsumedVoreProduct.xml,def,Disliked drinking cumgested <ALIMT >(PH_1)</ALIMT>
RV2_ConsumedDigestedPrey_Cum_Bad.stages.0.description,"Yuck, slimy.",description,ThoughtDefs\Thoughts_Memory_ConsumedVoreProduct.xml,def,"Yuck, slimy."
RV2_ConsumedDigestedPrey_Cum_VeryBad.stages.0.label,Hated drinking cumgested pawn,label,ThoughtDefs\Thoughts_Memory_ConsumedVoreProduct.xml,def,Hated drinking cumgested <ALIMT >(PH_1)</ALIMT>
RV2_ConsumedDigestedPrey_Cum_VeryBad.stages.0.description,I'm gonna be sick.,description,ThoughtDefs\Thoughts_Memory_ConsumedVoreProduct.xml,def,I'm gonna be sick.
RV2_ConsumedDigestedPrey_Milk.stages.0.label,Drank lactified pawn,label,ThoughtDefs\Thoughts_Memory_ConsumedVoreProduct.xml,def,Drank lactified <ALIMT >(PH_1)</ALIMT>
RV2_ConsumedDigestedPrey_Milk.stages.0.description,Tastes like milk.,description,ThoughtDefs\Thoughts_Memory_ConsumedVoreProduct.xml,def,Tastes like milk.
RV2_ConsumedDigestedPrey_Milk_VeryGood.stages.0.label,Loved drinking lactified pawn,label,ThoughtDefs\Thoughts_Memory_ConsumedVoreProduct.xml,def,Loved drinking lactified <ALIMT >(PH_1)</ALIMT>
RV2_ConsumedDigestedPrey_Milk_VeryGood.stages.0.description,Like drinking from the tits of a god!,description,ThoughtDefs\Thoughts_Memory_ConsumedVoreProduct.xml,def,Like drinking from the tits of a god!
RV2_ConsumedDigestedPrey_Milk_Good.stages.0.label,Liked drinking lactified pawn,label,ThoughtDefs\Thoughts_Memory_ConsumedVoreProduct.xml,def,Liked drinking lactified <ALIMT >(PH_1)</ALIMT>
RV2_ConsumedDigestedPrey_Milk_Good.stages.0.description,Such rich flavor!,description,ThoughtDefs\Thoughts_Memory_ConsumedVoreProduct.xml,def,Such rich flavor!
RV2_ConsumedDigestedPrey_Milk_Bad.stages.0.label,Disliked drinking lactified pawn,label,ThoughtDefs\Thoughts_Memory_ConsumedVoreProduct.xml,def,Disliked drinking lactified <ALIMT >(PH_1)</ALIMT>
RV2_ConsumedDigestedPrey_Milk_Bad.stages.0.description,Tasts a little... meaty.,description,ThoughtDefs\Thoughts_Memory_ConsumedVoreProduct.xml,def,Tasts a little... meaty.
RV2_ConsumedDigestedPrey_Milk_VeryBad.stages.0.label,Hated drinking lactified pawn,label,ThoughtDefs\Thoughts_Memory_ConsumedVoreProduct.xml,def,Hated drinking lactified <ALIMT >(PH_1)</ALIMT>
RV2_ConsumedDigestedPrey_Milk_VeryBad.stages.0.description,I'm gonna be sick.,description,ThoughtDefs\Thoughts_Memory_ConsumedVoreProduct.xml,def,I'm gonna be sick.
RV2_FedMePrey_VeryGood.stages.0.label,fed me prey in a way I really enjoy,label,ThoughtDefs\Thoughts_Memory_Feeder_Social.xml,def,fed me prey in a way I really enjoy
RV2_FedMePrey_Good.stages.0.label,fed me prey in a way I like,label,ThoughtDefs\Thoughts_Memory_Feeder_Social.xml,def,fed me prey in a way I like
RV2_FedMePrey_Bad.stages.0.label,fed me prey in a way I don't like,label,ThoughtDefs\Thoughts_Memory_Feeder_Social.xml,def,fed me prey in a way I don't like
RV2_FedMePrey_VeryBad.stages.0.label,fed me prey in a way I hate,label,ThoughtDefs\Thoughts_Memory_Feeder_Social.xml,def,fed me prey in a way I hate
RV2_AteHumanlikeMeatDirect_Predator.stages.0.label,raw cannibalism,label,ThoughtDefs\Thoughts_Memory_Food.xml,def,raw cannibalism
RV2_AteHumanlikeMeatDirect_Predator.stages.0.description,I wish they were still kicking...,description,ThoughtDefs\Thoughts_Memory_Food.xml,def,I wish they were still kicking...
RV2_AteHumanlikeMeatDirectCannibal_Predator.stages.0.label,raw cannibalism,label,ThoughtDefs\Thoughts_Memory_Food.xml,def,raw cannibalism
RV2_AteHumanlikeMeatDirectCannibal_Predator.stages.0.description,"Delicious, but I wish they were still kicking...",description,ThoughtDefs\Thoughts_Memory_Food.xml,def,"Delicious, but I wish they were still kicking..."
RV2_AteHumanlikeMeatAsIngredient_Predator.stages.0.label,cooked cannibalism,label,ThoughtDefs\Thoughts_Memory_Food.xml,def,cooked cannibalism
RV2_AteHumanlikeMeatAsIngredient_Predator.stages.0.description,I ate a meal made from the meat of another human. What a waste.,description,ThoughtDefs\Thoughts_Memory_Food.xml,def,I ate a meal made from the meat of another human. What a waste.
RV2_AteHumanlikeMeatAsIngredientCannibal_Predator.stages.0.label,cooked cannibalism,label,ThoughtDefs\Thoughts_Memory_Food.xml,def,cooked cannibalism
RV2_AteHumanlikeMeatAsIngredientCannibal_Predator.stages.0.description,"I ate a meal made from the meat of another human. A bit of a waste, but tasty nonetheless.",description,ThoughtDefs\Thoughts_Memory_Food.xml,def,"I ate a meal made from the meat of another human. A bit of a waste, but tasty nonetheless."
RV2_AteInsectMeatDirect_ChitinChewer.stages.0.label,ate insect meat,label,ThoughtDefs\Thoughts_Memory_Food.xml,def,ate insect meat
RV2_AteInsectMeatDirect_ChitinChewer.stages.0.description,"Delicious insect meat! I wish I could have just swallowed the bugger whole, though.",description,ThoughtDefs\Thoughts_Memory_Food.xml,def,"Delicious insect meat! I wish I could have just swallowed the bugger whole, though."
RV2_AteInsectMeatAsIngredient_ChitinChewer.stages.0.label,ate cooked insect meat,label,ThoughtDefs\Thoughts_Memory_Food.xml,def,ate cooked insect meat
RV2_AteInsectMeatAsIngredient_ChitinChewer.stages.0.description,"I ate a meal cooked from gray, slimy insect meat. Tasty, but I'd have loved to swallow it raw and wriggling.",description,ThoughtDefs\Thoughts_Memory_Food.xml,def,"I ate a meal cooked from gray, slimy insect meat. Tasty, but I'd have loved to swallow it raw and wriggling."
RV2_AteCorpse_Predator.stages.0.label,ate raw corpse,label,ThoughtDefs\Thoughts_Memory_Food.xml,def,ate raw corpse
RV2_AteCorpse_Predator.stages.0.description,I ate from a corpse. It really just isn't the same as live vore.,description,ThoughtDefs\Thoughts_Memory_Food.xml,def,I ate from a corpse. It really just isn't the same as live <ALIMT >vore</ALIMT>.
RV2_SwitchedGoalOnMe_Social.stages.0.label,Forced vore goal change,label,ThoughtDefs\Thoughts_Memory_GoalSwitch.xml,def,<ALIMT >forced</ALIMT> <ALIMT >vore</ALIMT> goal change
RV2_DietaryQuirkSatisfactionPredator_Animals_VeryGood.stages.0.label,Loved consuming animal prey {0},label,ThoughtDefs\Thoughts_Memory_Quirk.xml,def,Loved consuming animal prey <ALIMT >(PH_1)</ALIMT>
RV2_DietaryQuirkSatisfactionPredator_Animals_VeryGood.stages.0.description,All that thrashing gave me a real good massage!,description,ThoughtDefs\Thoughts_Memory_Quirk.xml,def,All that thrashing gave me a real good <ALIMT >massage</ALIMT>!
RV2_DietaryQuirkSatisfactionPredator_Animals_Good.stages.0.label,Liked consuming animal prey {0},label,ThoughtDefs\Thoughts_Memory_Quirk.xml,def,Liked consuming animal prey <ALIMT >(PH_1)</ALIMT>
RV2_DietaryQuirkSatisfactionPredator_Animals_Good.stages.0.description,Nice and squirmy!,description,ThoughtDefs\Thoughts_Memory_Quirk.xml,def,Nice and squirmy!
RV2_DietaryQuirkSatisfactionPredator_Animals_Bad.stages.0.label,Disliked consuming animal prey {0},label,ThoughtDefs\Thoughts_Memory_Quirk.xml,def,Disliked consuming animal prey <ALIMT >(PH_1)</ALIMT>
RV2_DietaryQuirkSatisfactionPredator_Animals_Bad.stages.0.description,That was rough going down.,description,ThoughtDefs\Thoughts_Memory_Quirk.xml,def,That was rough going down.
RV2_DietaryQuirkSatisfactionPredator_Animals_VeryBad.stages.0.label,Hated consuming animal prey {0},label,ThoughtDefs\Thoughts_Memory_Quirk.xml,def,Hated consuming animal prey <ALIMT >(PH_1)</ALIMT>
RV2_DietaryQuirkSatisfactionPredator_Animals_VeryBad.stages.0.description,Absolutely disgusting.,description,ThoughtDefs\Thoughts_Memory_Quirk.xml,def,Absolutely disgusting.
RV2_DietaryQuirkSatisfactionPredator_Humanoids_VeryGood.stages.0.label,Loved consuming humanoid prey {0},label,ThoughtDefs\Thoughts_Memory_Quirk.xml,def,Loved consuming humanoid prey <ALIMT >(PH_1)</ALIMT>
RV2_DietaryQuirkSatisfactionPredator_Humanoids_VeryGood.stages.0.description,People taste so fucking good!,description,ThoughtDefs\Thoughts_Memory_Quirk.xml,def,People taste so fucking good!
RV2_DietaryQuirkSatisfactionPredator_Humanoids_Good.stages.0.label,Liked consuming humanoid prey {0},label,ThoughtDefs\Thoughts_Memory_Quirk.xml,def,Liked consuming humanoid prey <ALIMT >(PH_1)</ALIMT>
RV2_DietaryQuirkSatisfactionPredator_Humanoids_Good.stages.0.description,Nice and smooth.,description,ThoughtDefs\Thoughts_Memory_Quirk.xml,def,Nice and smooth.
RV2_DietaryQuirkSatisfactionPredator_Humanoids_Bad.stages.0.label,Disliked consuming humanoid prey {0},label,ThoughtDefs\Thoughts_Memory_Quirk.xml,def,Disliked consuming humanoid prey <ALIMT >(PH_1)</ALIMT>
RV2_DietaryQuirkSatisfactionPredator_Humanoids_Bad.stages.0.description,...Does this count as cannibalism?,description,ThoughtDefs\Thoughts_Memory_Quirk.xml,def,...Does this count as cannibalism?
RV2_DietaryQuirkSatisfactionPredator_Humanoids_VeryBad.stages.0.label,Hated consuming humanoid prey {0},label,ThoughtDefs\Thoughts_Memory_Quirk.xml,def,Hated consuming humanoid prey <ALIMT >(PH_1)</ALIMT>
RV2_DietaryQuirkSatisfactionPredator_Humanoids_VeryBad.stages.0.description,What am I doing?!,description,ThoughtDefs\Thoughts_Memory_Quirk.xml,def,What am I doing?!
RV2_DietaryQuirkSatisfactionPredator_Insectoids_VeryGood.stages.0.label,Loved consuming insectoid prey {0},label,ThoughtDefs\Thoughts_Memory_Quirk.xml,def,Loved consuming insectoid prey <ALIMT >(PH_1)</ALIMT>
RV2_DietaryQuirkSatisfactionPredator_Insectoids_VeryGood.stages.0.description,"Oh, that tickles!~",description,ThoughtDefs\Thoughts_Memory_Quirk.xml,def,"Oh, that tickles!~"
RV2_DietaryQuirkSatisfactionPredator_Insectoids_Good.stages.0.label,Liked consuming insectoid prey {0},label,ThoughtDefs\Thoughts_Memory_Quirk.xml,def,Liked consuming insectoid prey <ALIMT >(PH_1)</ALIMT>
RV2_DietaryQuirkSatisfactionPredator_Insectoids_Good.stages.0.description,So juicy and squirmy...~,description,ThoughtDefs\Thoughts_Memory_Quirk.xml,def,So juicy and squirmy...~
RV2_DietaryQuirkSatisfactionPredator_Insectoids_Bad.stages.0.label,Disliked consuming insectoid prey {0},label,ThoughtDefs\Thoughts_Memory_Quirk.xml,def,Disliked consuming insectoid prey <ALIMT >(PH_1)</ALIMT>
RV2_DietaryQuirkSatisfactionPredator_Insectoids_Bad.stages.0.description,"Oh, that gave me the heebie-jeebies. At least it's done with.",description,ThoughtDefs\Thoughts_Memory_Quirk.xml,def,"Oh, that gave me the heebie-jeebies. At least it's done with."
RV2_DietaryQuirkSatisfactionPredator_Insectoids_VeryBad.stages.0.label,Hated consuming insectoid prey {0},label,ThoughtDefs\Thoughts_Memory_Quirk.xml,def,Hated consuming insectoid prey <ALIMT >(PH_1)</ALIMT>
RV2_DietaryQuirkSatisfactionPredator_Insectoids_VeryBad.stages.0.description,OH GOD IT'S WRITHING INSIDE ME GET IT OUT GET IT OUT GET IT OUT!,description,ThoughtDefs\Thoughts_Memory_Quirk.xml,def,OH GOD IT'S WRITHING INSIDE ME GET IT OUT GET IT OUT GET IT OUT!
RV2_DietaryQuirkSatisfactionPredator_Mechanoids_VeryGood.stages.0.label,Loved consuming mechanoid prey {0},label,ThoughtDefs\Thoughts_Memory_Quirk.xml,def,Loved consuming mechanoid prey <ALIMT >(PH_1)</ALIMT>
RV2_DietaryQuirkSatisfactionPredator_Mechanoids_VeryGood.stages.0.description,"Take that, tin can!",description,ThoughtDefs\Thoughts_Memory_Quirk.xml,def,"Take that, tin can!"
RV2_DietaryQuirkSatisfactionPredator_Mechanoids_Good.stages.0.label,Liked consuming mechanoid prey {0},label,ThoughtDefs\Thoughts_Memory_Quirk.xml,def,Liked consuming mechanoid prey <ALIMT >(PH_1)</ALIMT>
RV2_DietaryQuirkSatisfactionPredator_Mechanoids_Good.stages.0.description,Nice and cold.,description,ThoughtDefs\Thoughts_Memory_Quirk.xml,def,Nice and cold.
RV2_DietaryQuirkSatisfactionPredator_Mechanoids_Bad.stages.0.label,Disliked consuming mechanoid prey {0},label,ThoughtDefs\Thoughts_Memory_Quirk.xml,def,Disliked consuming mechanoid prey <ALIMT >(PH_1)</ALIMT>
RV2_DietaryQuirkSatisfactionPredator_Mechanoids_Bad.stages.0.description,Metal isn't food!,description,ThoughtDefs\Thoughts_Memory_Quirk.xml,def,Metal isn't food!
RV2_DietaryQuirkSatisfactionPredator_Mechanoids_VeryBad.stages.0.label,Hated consuming mechanoid prey {0},label,ThoughtDefs\Thoughts_Memory_Quirk.xml,def,Hated consuming mechanoid prey <ALIMT >(PH_1)</ALIMT>
RV2_DietaryQuirkSatisfactionPredator_Mechanoids_VeryBad.stages.0.description,Can't these things explode when they break?!,description,ThoughtDefs\Thoughts_Memory_Quirk.xml,def,Can't these things explode when they break?!
RV2_DietaryQuirkSatisfactionPrey_Animals_VeryGood.stages.0.label,Loved being consumed by an animal {0},label,ThoughtDefs\Thoughts_Memory_Quirk.xml,def,Loved being consumed by an animal <ALIMT >(PH_1)</ALIMT>
RV2_DietaryQuirkSatisfactionPrey_Animals_VeryGood.stages.0.description,I wanna ride again! Yeehaw!,description,ThoughtDefs\Thoughts_Memory_Quirk.xml,def,I wanna ride again! Yeehaw!
RV2_DietaryQuirkSatisfactionPrey_Animals_Good.stages.0.label,Liked being consumed by an animal {0},label,ThoughtDefs\Thoughts_Memory_Quirk.xml,def,Liked being consumed by an animal <ALIMT >(PH_1)</ALIMT>
RV2_DietaryQuirkSatisfactionPrey_Animals_Good.stages.0.description,Ride's over already?,description,ThoughtDefs\Thoughts_Memory_Quirk.xml,def,Ride's over already?
RV2_DietaryQuirkSatisfactionPrey_Animals_Bad.stages.0.label,Disliked being consumed by an animal {0},label,ThoughtDefs\Thoughts_Memory_Quirk.xml,def,Disliked being consumed by an animal <ALIMT >(PH_1)</ALIMT>
RV2_DietaryQuirkSatisfactionPrey_Animals_Bad.stages.0.description,How degrading...,description,ThoughtDefs\Thoughts_Memory_Quirk.xml,def,How degrading...
RV2_DietaryQuirkSatisfactionPrey_Animals_VeryBad.stages.0.label,Hated being consumed by an animal {0},label,ThoughtDefs\Thoughts_Memory_Quirk.xml,def,Hated being consumed by an animal <ALIMT >(PH_1)</ALIMT>
RV2_DietaryQuirkSatisfactionPrey_Animals_VeryBad.stages.0.description,"Filthy, filthy, filthy, filthy!",description,ThoughtDefs\Thoughts_Memory_Quirk.xml,def,"Filthy, filthy, filthy, filthy!"
RV2_DietaryQuirkSatisfactionPrey_Humanoids_VeryGood.stages.0.label,Loved being consumed by a humanoid {0},label,ThoughtDefs\Thoughts_Memory_Quirk.xml,def,Loved being consumed by a humanoid <ALIMT >(PH_1)</ALIMT>
RV2_DietaryQuirkSatisfactionPrey_Humanoids_VeryGood.stages.0.description,I was prey for someone who could appreciate me!,description,ThoughtDefs\Thoughts_Memory_Quirk.xml,def,I was prey for someone who could appreciate me!
RV2_DietaryQuirkSatisfactionPrey_Humanoids_Good.stages.0.label,Liked being consumed by a humanoid {0},label,ThoughtDefs\Thoughts_Memory_Quirk.xml,def,Liked being consumed by a humanoid <ALIMT >(PH_1)</ALIMT>
RV2_DietaryQuirkSatisfactionPrey_Humanoids_Good.stages.0.description,I hope I was nice and filling.,description,ThoughtDefs\Thoughts_Memory_Quirk.xml,def,I hope I was nice and filling.
RV2_DietaryQuirkSatisfactionPrey_Humanoids_Bad.stages.0.label,Disliked being consumed by a humanoid {0},label,ThoughtDefs\Thoughts_Memory_Quirk.xml,def,Disliked being consumed by a humanoid <ALIMT >(PH_1)</ALIMT>
RV2_DietaryQuirkSatisfactionPrey_Humanoids_Bad.stages.0.description,I feel used.,description,ThoughtDefs\Thoughts_Memory_Quirk.xml,def,I feel used.
RV2_DietaryQuirkSatisfactionPrey_Humanoids_VeryBad.stages.0.label,Hated being consumed by a humanoid {0},label,ThoughtDefs\Thoughts_Memory_Quirk.xml,def,Hated being consumed by a humanoid <ALIMT >(PH_1)</ALIMT>
RV2_DietaryQuirkSatisfactionPrey_Humanoids_VeryBad.stages.0.description,"That was abhorrent. Whether or not people should eat other people, they shouldn't do it like that!",description,ThoughtDefs\Thoughts_Memory_Quirk.xml,def,"That was abhorrent. Whether or not people should eat other people, they shouldn't do it like that!"
RV2_DietaryQuirkSatisfactionPrey_Insectoids_VeryGood.stages.0.label,Loved being consumed by an insectoid {0},label,ThoughtDefs\Thoughts_Memory_Quirk.xml,def,Loved being consumed by an insectoid <ALIMT >(PH_1)</ALIMT>
RV2_DietaryQuirkSatisfactionPrey_Insectoids_VeryGood.stages.0.description,"I was, for a moment, one with the hive.",description,ThoughtDefs\Thoughts_Memory_Quirk.xml,def,"I was, for a <ALIMT >moment</ALIMT>, one with the hive."
RV2_DietaryQuirkSatisfactionPrey_Insectoids_Good.stages.0.label,Liked being consumed by an insectoid {0},label,ThoughtDefs\Thoughts_Memory_Quirk.xml,def,Liked being consumed by an insectoid <ALIMT >(PH_1)</ALIMT>
RV2_DietaryQuirkSatisfactionPrey_Insectoids_Good.stages.0.description,I got to see where the jelly gets made.,description,ThoughtDefs\Thoughts_Memory_Quirk.xml,def,I got to see where the jelly gets made.
RV2_DietaryQuirkSatisfactionPrey_Insectoids_Bad.stages.0.label,Disliked being consumed by an insectoid {0},label,ThoughtDefs\Thoughts_Memory_Quirk.xml,def,Disliked being consumed by an insectoid <ALIMT >(PH_1)</ALIMT>
RV2_DietaryQuirkSatisfactionPrey_Insectoids_Bad.stages.0.description,I am covered in slime and... something sticky. This sucks.,description,ThoughtDefs\Thoughts_Memory_Quirk.xml,def,I am covered in <ALIMT >slime</ALIMT> and... something sticky. This sucks.
RV2_DietaryQuirkSatisfactionPrey_Insectoids_VeryBad.stages.0.label,Hated being consumed by an insectoid {0},label,ThoughtDefs\Thoughts_Memory_Quirk.xml,def,Hated being consumed by an insectoid <ALIMT >(PH_1)</ALIMT>
RV2_DietaryQuirkSatisfactionPrey_Insectoids_VeryBad.stages.0.description,"Gross, gross, gross, gross, gross!",description,ThoughtDefs\Thoughts_Memory_Quirk.xml,def,"Gross, gross, gross, gross, gross!"
RV2_DietaryQuirkSatisfactionPrey_Mechanoids_VeryGood.stages.0.label,Loved being consumed by a mechanoid {0},label,ThoughtDefs\Thoughts_Memory_Quirk.xml,def,Loved being consumed by a mechanoid <ALIMT >(PH_1)</ALIMT>
RV2_DietaryQuirkSatisfactionPrey_Mechanoids_VeryGood.stages.0.description,"That soothing tick and hum, the flexing of the hydraulics...~",description,ThoughtDefs\Thoughts_Memory_Quirk.xml,def,"That soothing tick and hum, the flexing of the hydraulics...~"
RV2_DietaryQuirkSatisfactionPrey_Mechanoids_Good.stages.0.label,Liked being consumed by a mechanoid {0},label,ThoughtDefs\Thoughts_Memory_Quirk.xml,def,Liked being consumed by a mechanoid <ALIMT >(PH_1)</ALIMT>
RV2_DietaryQuirkSatisfactionPrey_Mechanoids_Good.stages.0.description,Another hostile environment conquered!,description,ThoughtDefs\Thoughts_Memory_Quirk.xml,def,Another hostile environment conquered!
RV2_DispositionQuirkSatisfaction_Predator_VeryGood.stages.0.label,Loved predding for {0},label,ThoughtDefs\Thoughts_Memory_Quirk.xml,def,Loved predding for <ALIMT >(PH_1)</ALIMT>
RV2_DispositionQuirkSatisfaction_Predator_VeryGood.stages.0.description,"I'm an apex predator, baby!",description,ThoughtDefs\Thoughts_Memory_Quirk.xml,def,"I'm an apex predator, baby!"
RV2_DispositionQuirkSatisfaction_Predator_Good.stages.0.label,Liked predding for {0},label,ThoughtDefs\Thoughts_Memory_Quirk.xml,def,Liked predding for <ALIMT >(PH_1)</ALIMT>
RV2_DispositionQuirkSatisfaction_Predator_Good.stages.0.description,I live to eat!,description,ThoughtDefs\Thoughts_Memory_Quirk.xml,def,I live to eat!
RV2_DispositionQuirkSatisfaction_Predator_Bad.stages.0.label,Disliked predding for {0},label,ThoughtDefs\Thoughts_Memory_Quirk.xml,def,Disliked predding for <ALIMT >(PH_1)</ALIMT>
RV2_DispositionQuirkSatisfaction_Predator_Bad.stages.0.description,I'm not cut out for predding.,description,ThoughtDefs\Thoughts_Memory_Quirk.xml,def,I'm not cut out for predding.
RV2_DispositionQuirkSatisfaction_Predator_VeryBad.stages.0.label,Hated predding for {0},label,ThoughtDefs\Thoughts_Memory_Quirk.xml,def,Hated predding for <ALIMT >(PH_1)</ALIMT>
RV2_DispositionQuirkSatisfaction_Predator_VeryBad.stages.0.description,Don't make me do that ever again.,description,ThoughtDefs\Thoughts_Memory_Quirk.xml,def,Don't make me do that ever again.
RV2_DispositionQuirkSatisfaction_Prey_VeryGood.stages.0.label,Loved being prey for {0},label,ThoughtDefs\Thoughts_Memory_Quirk.xml,def,Loved being prey for <ALIMT >(PH_1)</ALIMT>
RV2_DispositionQuirkSatisfaction_Prey_VeryGood.stages.0.description,Someone else eat me now! Please!,description,ThoughtDefs\Thoughts_Memory_Quirk.xml,def,Someone else eat me now! Please!
RV2_DispositionQuirkSatisfaction_Prey_Good.stages.0.label,Liked being prey for {0},label,ThoughtDefs\Thoughts_Memory_Quirk.xml,def,Liked being prey for <ALIMT >(PH_1)</ALIMT>
RV2_DispositionQuirkSatisfaction_Prey_Good.stages.0.description,I hope to get back in soon!,description,ThoughtDefs\Thoughts_Memory_Quirk.xml,def,I hope to get back in soon!
RV2_DispositionQuirkSatisfaction_Prey_Bad.stages.0.label,Disliked being prey for {0},label,ThoughtDefs\Thoughts_Memory_Quirk.xml,def,Disliked being prey for <ALIMT >(PH_1)</ALIMT>
RV2_DispositionQuirkSatisfaction_Prey_Bad.stages.0.description,I don't like being inside people.,description,ThoughtDefs\Thoughts_Memory_Quirk.xml,def,I don't like being inside people.
RV2_DispositionQuirkSatisfaction_Prey_VeryBad.stages.0.label,Hated being prey for {0},label,ThoughtDefs\Thoughts_Memory_Quirk.xml,def,Hated being prey for <ALIMT >(PH_1)</ALIMT>
RV2_DispositionQuirkSatisfaction_Prey_VeryBad.stages.0.description,Don't make me do that ever again.,description,ThoughtDefs\Thoughts_Memory_Quirk.xml,def,Don't make me do that ever again.
RV2_DispositionQuirkSatisfaction_Feeder_VeryGood.stages.0.label,Loved hand-feeding {0},label,ThoughtDefs\Thoughts_Memory_Quirk.xml,def,Loved hand-feeding <ALIMT >(PH_1)</ALIMT>
RV2_DispositionQuirkSatisfaction_Feeder_VeryGood.stages.0.description,I wonder if there's anything else around to feed {1}!,description,ThoughtDefs\Thoughts_Memory_Quirk.xml,def,I wonder if there's anything else around to feed <ALIMT >(PH_1)</ALIMT>!
RV2_DispositionQuirkSatisfaction_Feeder_Good.stages.0.label,Liked hand-feeding {0},label,ThoughtDefs\Thoughts_Memory_Quirk.xml,def,Liked hand-feeding <ALIMT >(PH_1)</ALIMT>
RV2_DispositionQuirkSatisfaction_Feeder_Good.stages.0.description,Another satisfied customer!,description,ThoughtDefs\Thoughts_Memory_Quirk.xml,def,Another satisfied customer!
RV2_DispositionQuirkSatisfaction_Feeder_Bad.stages.0.label,Disliked hand-feeding {0},label,ThoughtDefs\Thoughts_Memory_Quirk.xml,def,Disliked hand-feeding <ALIMT >(PH_1)</ALIMT>
RV2_DispositionQuirkSatisfaction_Feeder_Bad.stages.0.description,That was a waste. I can think of several better things to have done with that prey.,description,ThoughtDefs\Thoughts_Memory_Quirk.xml,def,That was a waste. I can think of several better things to have done with that prey.
RV2_DispositionQuirkSatisfaction_Feeder_VeryBad.stages.0.label,Hated hand-feeding {0},label,ThoughtDefs\Thoughts_Memory_Quirk.xml,def,Hated hand-feeding <ALIMT >(PH_1)</ALIMT>
RV2_DispositionQuirkSatisfaction_Feeder_VeryBad.stages.0.description,I'm not some predator's lackey!,description,ThoughtDefs\Thoughts_Memory_Quirk.xml,def,I'm not some predator's lackey!
RV2_GoalPreferenceQuirkSatisfaction_VeryGood.stages.0.label,Loved using vore goal for {0},label,ThoughtDefs\Thoughts_Memory_Quirk.xml,def,Loved using <ALIMT >vore</ALIMT> goal for <ALIMT >(PH_1)</ALIMT>
RV2_GoalPreferenceQuirkSatisfaction_VeryGood.stages.0.description,Lovely!,description,ThoughtDefs\Thoughts_Memory_Quirk.xml,def,Lovely!
RV2_GoalPreferenceQuirkSatisfaction_Good.stages.0.label,Liked using vore goal for {0},label,ThoughtDefs\Thoughts_Memory_Quirk.xml,def,Liked using <ALIMT >vore</ALIMT> goal for <ALIMT >(PH_1)</ALIMT>
RV2_GoalPreferenceQuirkSatisfaction_Good.stages.0.description,Nice!,description,ThoughtDefs\Thoughts_Memory_Quirk.xml,def,Nice!
RV2_GoalPreferenceQuirkSatisfaction_Bad.stages.0.label,Disliked using vore goal for {0},label,ThoughtDefs\Thoughts_Memory_Quirk.xml,def,Disliked using <ALIMT >vore</ALIMT> goal for <ALIMT >(PH_1)</ALIMT>
RV2_GoalPreferenceQuirkSatisfaction_Bad.stages.0.description,Ugh!,description,ThoughtDefs\Thoughts_Memory_Quirk.xml,def,Ugh!
RV2_GoalPreferenceQuirkSatisfaction_VeryBad.stages.0.label,Hated using vore goal for {0},label,ThoughtDefs\Thoughts_Memory_Quirk.xml,def,Hated using <ALIMT >vore</ALIMT> goal for <ALIMT >(PH_1)</ALIMT>
RV2_GoalPreferenceQuirkSatisfaction_VeryBad.stages.0.description,Yuck!,description,ThoughtDefs\Thoughts_Memory_Quirk.xml,def,Yuck!
RV2_GoalPreferenceQuirkSatisfaction_Digest_VeryGood.stages.0.label,Loved digesting {0},label,ThoughtDefs\Thoughts_Memory_Quirk.xml,def,Loved digesting <ALIMT >(PH_1)</ALIMT>
RV2_GoalPreferenceQuirkSatisfaction_Digest_VeryGood.stages.0.description,My body is a graveyard.~,description,ThoughtDefs\Thoughts_Memory_Quirk.xml,def,My body is a graveyard.~
RV2_GoalPreferenceQuirkSatisfaction_Digest_Good.stages.0.label,Liked digesting {0},label,ThoughtDefs\Thoughts_Memory_Quirk.xml,def,Liked digesting <ALIMT >(PH_1)</ALIMT>
RV2_GoalPreferenceQuirkSatisfaction_Digest_Good.stages.0.description,"Oh, that hit the spot!",description,ThoughtDefs\Thoughts_Memory_Quirk.xml,def,"Oh, that hit the spot!"
RV2_GoalPreferenceQuirkSatisfaction_Digest_Bad.stages.0.label,Disliked digesting {0},label,ThoughtDefs\Thoughts_Memory_Quirk.xml,def,Disliked digesting <ALIMT >(PH_1)</ALIMT>
RV2_GoalPreferenceQuirkSatisfaction_Digest_Bad.stages.0.description,That was cruel.,description,ThoughtDefs\Thoughts_Memory_Quirk.xml,def,That was cruel.
RV2_GoalPreferenceQuirkSatisfaction_Digest_VeryBad.stages.0.label,Hated digesting {0},label,ThoughtDefs\Thoughts_Memory_Quirk.xml,def,Hated digesting <ALIMT >(PH_1)</ALIMT>
RV2_GoalPreferenceQuirkSatisfaction_Digest_VeryBad.stages.0.description,"Surely I could have killed it first, quick and clean, and skipped the slow, painful murder?",description,ThoughtDefs\Thoughts_Memory_Quirk.xml,def,"Surely I could have killed it first, quick and clean, and skipped the slow, painful murder?"
RV2_GoalPreferenceQuirkSatisfaction_Digest_Prey_VeryGood.stages.0.label,Loved being digested by {0},label,ThoughtDefs\Thoughts_Memory_Quirk.xml,def,Loved being digested by <ALIMT >(PH_1)</ALIMT>
RV2_GoalPreferenceQuirkSatisfaction_Digest_Prey_VeryGood.stages.0.description,"Ahh! That was amazing, becoming part of something better.",description,ThoughtDefs\Thoughts_Memory_Quirk.xml,def,"Ahh! That was amazing, becoming part of something better."
RV2_GoalPreferenceQuirkSatisfaction_Digest_Prey_Good.stages.0.label,Liked being digested by {0},label,ThoughtDefs\Thoughts_Memory_Quirk.xml,def,Liked being digested by <ALIMT >(PH_1)</ALIMT>
RV2_GoalPreferenceQuirkSatisfaction_Digest_Prey_Good.stages.0.description,All my worries melted away~,description,ThoughtDefs\Thoughts_Memory_Quirk.xml,def,All my worries melted away~
RV2_GoalPreferenceQuirkSatisfaction_Digest_Prey_Bad.stages.0.label,Disliked being digested by {0},label,ThoughtDefs\Thoughts_Memory_Quirk.xml,def,Disliked being digested by <ALIMT >(PH_1)</ALIMT>
RV2_GoalPreferenceQuirkSatisfaction_Digest_Prey_Bad.stages.0.description,That was... not pleasant. At least I'm still alive...,description,ThoughtDefs\Thoughts_Memory_Quirk.xml,def,That was... not pleasant. At least I'm still alive...
RV2_GoalPreferenceQuirkSatisfaction_Digest_Prey_VeryBad.stages.0.label,Hated being digested by {0},label,ThoughtDefs\Thoughts_Memory_Quirk.xml,def,Hated being digested by <ALIMT >(PH_1)</ALIMT>
RV2_GoalPreferenceQuirkSatisfaction_Digest_Prey_VeryBad.stages.0.description,That was horrifying.,description,ThoughtDefs\Thoughts_Memory_Quirk.xml,def,That was horrifying.
RV2_GoalPreferenceQuirkSatisfaction_Pleasure_Predator_VeryGood.stages.0.label,Loved pleasuring {0},label,ThoughtDefs\Thoughts_Memory_Quirk.xml,def,Loved pleasuring <ALIMT >(PH_1)</ALIMT>
RV2_GoalPreferenceQuirkSatisfaction_Pleasure_Predator_VeryGood.stages.0.description,I live to please!~,description,ThoughtDefs\Thoughts_Memory_Quirk.xml,def,I live to please!~
RV2_GoalPreferenceQuirkSatisfaction_Pleasure_Predator_Good.stages.0.label,Liked pleasuring {0},label,ThoughtDefs\Thoughts_Memory_Quirk.xml,def,Liked pleasuring <ALIMT >(PH_1)</ALIMT>
RV2_GoalPreferenceQuirkSatisfaction_Pleasure_Predator_Good.stages.0.description,That scratched a real deep itch.~,description,ThoughtDefs\Thoughts_Memory_Quirk.xml,def,That scratched a real deep itch.~
RV2_GoalPreferenceQuirkSatisfaction_Pleasure_Predator_Bad.stages.0.label,Disliked pleasuring {0},label,ThoughtDefs\Thoughts_Memory_Quirk.xml,def,Disliked pleasuring <ALIMT >(PH_1)</ALIMT>
RV2_GoalPreferenceQuirkSatisfaction_Pleasure_Predator_Bad.stages.0.description,I would have preferred reular sex.,description,ThoughtDefs\Thoughts_Memory_Quirk.xml,def,I would have preferred reular <ALIMT >sex</ALIMT>.
RV2_GoalPreferenceQuirkSatisfaction_Pleasure_Predator_VeryBad.stages.0.label,Hated pleasuring {0},label,ThoughtDefs\Thoughts_Memory_Quirk.xml,def,Hated pleasuring <ALIMT >(PH_1)</ALIMT>
RV2_GoalPreferenceQuirkSatisfaction_Pleasure_Predator_VeryBad.stages.0.description,I just feel kind of dirty now.,description,ThoughtDefs\Thoughts_Memory_Quirk.xml,def,I just feel kind of dirty now.
RV2_GoalPreferenceQuirkSatisfaction_Pleasure_Prey_VeryGood.stages.0.label,Loved pleasuring {0},label,ThoughtDefs\Thoughts_Memory_Quirk.xml,def,Loved pleasuring <ALIMT >(PH_1)</ALIMT>
RV2_GoalPreferenceQuirkSatisfaction_Pleasure_Prey_VeryGood.stages.0.description,I live to please!~,description,ThoughtDefs\Thoughts_Memory_Quirk.xml,def,I live to please!~
RV2_GoalPreferenceQuirkSatisfaction_Pleasure_Prey_Good.stages.0.label,Liked pleasuring {0},label,ThoughtDefs\Thoughts_Memory_Quirk.xml,def,Liked pleasuring <ALIMT >(PH_1)</ALIMT>
RV2_GoalPreferenceQuirkSatisfaction_Pleasure_Prey_Good.stages.0.description,That was fun!,description,ThoughtDefs\Thoughts_Memory_Quirk.xml,def,That was fun!
RV2_GoalPreferenceQuirkSatisfaction_Pleasure_Prey_Bad.stages.0.label,Disliked pleasuring {0},label,ThoughtDefs\Thoughts_Memory_Quirk.xml,def,Disliked pleasuring <ALIMT >(PH_1)</ALIMT>
RV2_GoalPreferenceQuirkSatisfaction_Pleasure_Prey_Bad.stages.0.description,I would have preferred reular sex.,description,ThoughtDefs\Thoughts_Memory_Quirk.xml,def,I would have preferred reular <ALIMT >sex</ALIMT>.
RV2_GoalPreferenceQuirkSatisfaction_Pleasure_Prey_VeryBad.stages.0.label,Hated pleasuring {0},label,ThoughtDefs\Thoughts_Memory_Quirk.xml,def,Hated pleasuring <ALIMT >(PH_1)</ALIMT>
RV2_GoalPreferenceQuirkSatisfaction_Pleasure_Prey_VeryBad.stages.0.description,I just feel kind of dirty now.,description,ThoughtDefs\Thoughts_Memory_Quirk.xml,def,I just feel kind of dirty now.
RV2_StrippingQuirkSatisfaction_Predator_Clothed_Good.stages.0.label,Liked consuming {0} clothed,label,ThoughtDefs\Thoughts_Memory_Quirk.xml,def,Liked consuming <ALIMT >(PH_1)</ALIMT> <ALIMT >clothed</ALIMT>
RV2_StrippingQuirkSatisfaction_Predator_Clothed_Good.stages.0.description,That tickles!,description,ThoughtDefs\Thoughts_Memory_Quirk.xml,def,That tickles!
RV2_StrippingQuirkSatisfaction_Predator_Clothed_Bad.stages.0.label,Disliked consuming {0} clothed,label,ThoughtDefs\Thoughts_Memory_Quirk.xml,def,Disliked consuming <ALIMT >(PH_1)</ALIMT> <ALIMT >clothed</ALIMT>
RV2_StrippingQuirkSatisfaction_Predator_Clothed_Bad.stages.0.description,Where's the flavor?,description,ThoughtDefs\Thoughts_Memory_Quirk.xml,def,Where's the flavor?
RV2_StrippingQuirkSatisfaction_Predator_Naked_Good.stages.0.label,Liked consuming {0} naked,label,ThoughtDefs\Thoughts_Memory_Quirk.xml,def,Liked consuming <ALIMT >(PH_1)</ALIMT> <ALIMT >naked</ALIMT>
RV2_StrippingQuirkSatisfaction_Predator_Naked_Good.stages.0.description,Delicious!,description,ThoughtDefs\Thoughts_Memory_Quirk.xml,def,Delicious!
RV2_StrippingQuirkSatisfaction_Predator_Naked_Bad.stages.0.label,Disliked consuming {0} naked,label,ThoughtDefs\Thoughts_Memory_Quirk.xml,def,Disliked consuming <ALIMT >(PH_1)</ALIMT> <ALIMT >naked</ALIMT>
RV2_StrippingQuirkSatisfaction_Predator_Naked_Bad.stages.0.description,I didn't want to taste that.,description,ThoughtDefs\Thoughts_Memory_Quirk.xml,def,I didn't want to taste that.
RV2_StrippingQuirkSatisfaction_Prey_Clothed_Good.stages.0.label,Liked being consumed by {0} while clothed,label,ThoughtDefs\Thoughts_Memory_Quirk.xml,def,Liked being consumed by <ALIMT >(PH_1)</ALIMT> while <ALIMT >clothed</ALIMT>
RV2_StrippingQuirkSatisfaction_Prey_Clothed_Good.stages.0.description,I wonder if there are washing-machine preds out there.,description,ThoughtDefs\Thoughts_Memory_Quirk.xml,def,I wonder if there are washing-machine preds out there.
RV2_StrippingQuirkSatisfaction_Prey_Clothed_Bad.stages.0.label,Disliked being consumed by {0} while clothed,label,ThoughtDefs\Thoughts_Memory_Quirk.xml,def,Disliked being consumed by <ALIMT >(PH_1)</ALIMT> while <ALIMT >clothed</ALIMT>
RV2_StrippingQuirkSatisfaction_Prey_Clothed_Bad.stages.0.description,My clothes! If they're full of holes or stains...,description,ThoughtDefs\Thoughts_Memory_Quirk.xml,def,My clothes! If they're full of holes or stains...
RV2_StrippingQuirkSatisfaction_Prey_Naked_Good.stages.0.label,Liked being consumed by {0} while naked,label,ThoughtDefs\Thoughts_Memory_Quirk.xml,def,Liked being consumed by <ALIMT >(PH_1)</ALIMT> while <ALIMT >naked</ALIMT>
RV2_StrippingQuirkSatisfaction_Prey_Naked_Good.stages.0.description,Like taking a bath!,description,ThoughtDefs\Thoughts_Memory_Quirk.xml,def,Like taking a bath!
RV2_StrippingQuirkSatisfaction_Prey_Naked_Bad.stages.0.label,Disliked being consumed by {0} while naked,label,ThoughtDefs\Thoughts_Memory_Quirk.xml,def,Disliked being consumed by <ALIMT >(PH_1)</ALIMT> while <ALIMT >naked</ALIMT>
RV2_StrippingQuirkSatisfaction_Prey_Naked_Bad.stages.0.description,I need a bath...,description,ThoughtDefs\Thoughts_Memory_Quirk.xml,def,I need a bath...
RV2_TypePreferenceQuirkSatisfaction_Predator_Anal_VeryGood.stages.0.label,Loved posternating {0},label,ThoughtDefs\Thoughts_Memory_Quirk.xml,def,Loved posternating <ALIMT >(PH_1)</ALIMT>
RV2_TypePreferenceQuirkSatisfaction_Predator_Anal_VeryGood.stages.0.description,Gotta keep your butt happy!,description,ThoughtDefs\Thoughts_Memory_Quirk.xml,def,Gotta keep your butt happy!
RV2_TypePreferenceQuirkSatisfaction_Predator_Anal_Good.stages.0.label,Liked posternating {0},label,ThoughtDefs\Thoughts_Memory_Quirk.xml,def,Liked posternating <ALIMT >(PH_1)</ALIMT>
RV2_TypePreferenceQuirkSatisfaction_Predator_Anal_Good.stages.0.description,Love to give my ass a treat every now and then.,description,ThoughtDefs\Thoughts_Memory_Quirk.xml,def,Love to give my <ALIMT >ass</ALIMT> a treat every now and then.
RV2_TypePreferenceQuirkSatisfaction_Predator_Anal_Bad.stages.0.label,Disliked posternating {0},label,ThoughtDefs\Thoughts_Memory_Quirk.xml,def,Disliked posternating <ALIMT >(PH_1)</ALIMT>
RV2_TypePreferenceQuirkSatisfaction_Predator_Anal_Bad.stages.0.description,I'll be sitting funny.,description,ThoughtDefs\Thoughts_Memory_Quirk.xml,def,I'll be sitting funny.
RV2_TypePreferenceQuirkSatisfaction_Predator_Anal_VeryBad.stages.0.label,Hated posternating {0},label,ThoughtDefs\Thoughts_Memory_Quirk.xml,def,Hated posternating <ALIMT >(PH_1)</ALIMT>
RV2_TypePreferenceQuirkSatisfaction_Predator_Anal_VeryBad.stages.0.description,"Call me butthurt, but my butt fucking hurts!",description,ThoughtDefs\Thoughts_Memory_Quirk.xml,def,"Call me butthurt, but my butt fucking hurts!"
RV2_TypePreferenceQuirkSatisfaction_Predator_Cock_VeryGood.stages.0.label,Loved unsowing {0},label,ThoughtDefs\Thoughts_Memory_Quirk.xml,def,Loved unsowing <ALIMT >(PH_1)</ALIMT>
RV2_TypePreferenceQuirkSatisfaction_Predator_Cock_VeryGood.stages.0.description,Gotta keep your dick happy!,description,ThoughtDefs\Thoughts_Memory_Quirk.xml,def,Gotta keep your dick happy!
RV2_TypePreferenceQuirkSatisfaction_Predator_Cock_Good.stages.0.label,Liked unsowing {0},label,ThoughtDefs\Thoughts_Memory_Quirk.xml,def,Liked unsowing <ALIMT >(PH_1)</ALIMT>
RV2_TypePreferenceQuirkSatisfaction_Predator_Cock_Good.stages.0.description,Fuck yeah!,description,ThoughtDefs\Thoughts_Memory_Quirk.xml,def,Fuck yeah!
RV2_TypePreferenceQuirkSatisfaction_Predator_Cock_Bad.stages.0.label,Disliked unsowing {0},label,ThoughtDefs\Thoughts_Memory_Quirk.xml,def,Disliked unsowing <ALIMT >(PH_1)</ALIMT>
RV2_TypePreferenceQuirkSatisfaction_Predator_Cock_Bad.stages.0.description,It kinda stings. I don't like that.,description,ThoughtDefs\Thoughts_Memory_Quirk.xml,def,It kinda stings. I don't like that.
RV2_TypePreferenceQuirkSatisfaction_Predator_Cock_VeryBad.stages.0.label,Hated unsowing {0},label,ThoughtDefs\Thoughts_Memory_Quirk.xml,def,Hated unsowing <ALIMT >(PH_1)</ALIMT>
RV2_TypePreferenceQuirkSatisfaction_Predator_Cock_VeryBad.stages.0.description,This is how you get a bladder infection.,description,ThoughtDefs\Thoughts_Memory_Quirk.xml,def,This is how you get a bladder infection.
RV2_TypePreferenceQuirkSatisfaction_Predator_Nipple_VeryGood.stages.0.label,Loved unnursing {0},label,ThoughtDefs\Thoughts_Memory_Quirk.xml,def,Loved unnursing <ALIMT >(PH_1)</ALIMT>
RV2_TypePreferenceQuirkSatisfaction_Predator_Nipple_VeryGood.stages.0.description,Gotta keep your tits happy (and balanced)!,description,ThoughtDefs\Thoughts_Memory_Quirk.xml,def,Gotta keep your tits happy (and balanced)!
RV2_TypePreferenceQuirkSatisfaction_Predator_Nipple_Good.stages.0.label,Liked unnursing {0},label,ThoughtDefs\Thoughts_Memory_Quirk.xml,def,Liked unnursing <ALIMT >(PH_1)</ALIMT>
RV2_TypePreferenceQuirkSatisfaction_Predator_Nipple_Good.stages.0.description,Nice and milky.,description,ThoughtDefs\Thoughts_Memory_Quirk.xml,def,Nice and milky.
RV2_TypePreferenceQuirkSatisfaction_Predator_Nipple_Bad.stages.0.label,Disliked unnursing {0},label,ThoughtDefs\Thoughts_Memory_Quirk.xml,def,Disliked unnursing <ALIMT >(PH_1)</ALIMT>
RV2_TypePreferenceQuirkSatisfaction_Predator_Nipple_Bad.stages.0.description,"Ugh, this balancing act is annoying.",description,ThoughtDefs\Thoughts_Memory_Quirk.xml,def,"Ugh, this balancing act is annoying."
RV2_TypePreferenceQuirkSatisfaction_Predator_Nipple_VeryBad.stages.0.label,Hated unnursing {0},label,ThoughtDefs\Thoughts_Memory_Quirk.xml,def,Hated unnursing <ALIMT >(PH_1)</ALIMT>
RV2_TypePreferenceQuirkSatisfaction_Predator_Nipple_VeryBad.stages.0.description,My back! Augh!,description,ThoughtDefs\Thoughts_Memory_Quirk.xml,def,My back! Augh!
RV2_TypePreferenceQuirkSatisfaction_Predator_FullTour_VeryGood.stages.0.label,Loved guiding {0},label,ThoughtDefs\Thoughts_Memory_Quirk.xml,def,Loved guiding <ALIMT >(PH_1)</ALIMT>
RV2_TypePreferenceQuirkSatisfaction_Predator_FullTour_VeryGood.stages.0.description,Every part of me gets to feel every part of you~,description,ThoughtDefs\Thoughts_Memory_Quirk.xml,def,Every part of me gets to feel every part of you~
RV2_TypePreferenceQuirkSatisfaction_Predator_FullTour_Good.stages.0.label,Liked guiding {0},label,ThoughtDefs\Thoughts_Memory_Quirk.xml,def,Liked guiding <ALIMT >(PH_1)</ALIMT>
RV2_TypePreferenceQuirkSatisfaction_Predator_FullTour_Good.stages.0.description,"In one end, out the other. Just how it should be.",description,ThoughtDefs\Thoughts_Memory_Quirk.xml,def,"In one end, out the other. Just how it should be."
RV2_TypePreferenceQuirkSatisfaction_Predator_FullTour_Bad.stages.0.label,Disliked guiding {0},label,ThoughtDefs\Thoughts_Memory_Quirk.xml,def,Disliked guiding <ALIMT >(PH_1)</ALIMT>
RV2_TypePreferenceQuirkSatisfaction_Predator_FullTour_Bad.stages.0.description,"Ugh, they're *finally* out.",description,ThoughtDefs\Thoughts_Memory_Quirk.xml,def,"Ugh, they're *finally* out."
RV2_TypePreferenceQuirkSatisfaction_Predator_FullTour_VeryBad.stages.0.label,Hated guiding {0},label,ThoughtDefs\Thoughts_Memory_Quirk.xml,def,Hated guiding <ALIMT >(PH_1)</ALIMT>
RV2_TypePreferenceQuirkSatisfaction_Predator_FullTour_VeryBad.stages.0.description,The release does not make up for holding that in so long...,description,ThoughtDefs\Thoughts_Memory_Quirk.xml,def,The release does not make up for holding that in so long...
RV2_TypePreferenceQuirkSatisfaction_Predator_Oral_VeryGood.stages.0.label,Loved swallowing {0},label,ThoughtDefs\Thoughts_Memory_Quirk.xml,def,Loved swallowing <ALIMT >(PH_1)</ALIMT>
RV2_TypePreferenceQuirkSatisfaction_Predator_Oral_VeryGood.stages.0.description,Gotta keep your stomach happy!,description,ThoughtDefs\Thoughts_Memory_Quirk.xml,def,Gotta keep your stomach happy!
RV2_TypePreferenceQuirkSatisfaction_Predator_Oral_Good.stages.0.label,Liked swallowing {0},label,ThoughtDefs\Thoughts_Memory_Quirk.xml,def,Liked swallowing <ALIMT >(PH_1)</ALIMT>
RV2_TypePreferenceQuirkSatisfaction_Predator_Oral_Good.stages.0.description,Tasty!,description,ThoughtDefs\Thoughts_Memory_Quirk.xml,def,Tasty!
RV2_TypePreferenceQuirkSatisfaction_Predator_Oral_Bad.stages.0.label,Disliked swallowing {0},label,ThoughtDefs\Thoughts_Memory_Quirk.xml,def,Disliked swallowing <ALIMT >(PH_1)</ALIMT>
RV2_TypePreferenceQuirkSatisfaction_Predator_Oral_Bad.stages.0.description,Kinda clicheed.,description,ThoughtDefs\Thoughts_Memory_Quirk.xml,def,Kinda clicheed.
RV2_TypePreferenceQuirkSatisfaction_Predator_Oral_VeryBad.stages.0.label,Hated swallowing {0},label,ThoughtDefs\Thoughts_Memory_Quirk.xml,def,Hated swallowing <ALIMT >(PH_1)</ALIMT>
RV2_TypePreferenceQuirkSatisfaction_Predator_Oral_VeryBad.stages.0.description,My jaw hurts!,description,ThoughtDefs\Thoughts_Memory_Quirk.xml,def,My jaw hurts!
RV2_TypePreferenceQuirkSatisfaction_Predator_Vaginal_VeryGood.stages.0.label,Loved unbirthing {0},label,ThoughtDefs\Thoughts_Memory_Quirk.xml,def,Loved unbirthing <ALIMT >(PH_1)</ALIMT>
RV2_TypePreferenceQuirkSatisfaction_Predator_Vaginal_VeryGood.stages.0.description,Gotta keep your pussy happy!,description,ThoughtDefs\Thoughts_Memory_Quirk.xml,def,Gotta keep your <ALIMT >pussy</ALIMT> happy!
RV2_TypePreferenceQuirkSatisfaction_Predator_Vaginal_Good.stages.0.label,Liked unbirthing {0},label,ThoughtDefs\Thoughts_Memory_Quirk.xml,def,Liked unbirthing <ALIMT >(PH_1)</ALIMT>
RV2_TypePreferenceQuirkSatisfaction_Predator_Vaginal_Good.stages.0.description,Fuck yeah!,description,ThoughtDefs\Thoughts_Memory_Quirk.xml,def,Fuck yeah!
RV2_TypePreferenceQuirkSatisfaction_Predator_Vaginal_Bad.stages.0.label,Disliked unbirthing {0},label,ThoughtDefs\Thoughts_Memory_Quirk.xml,def,Disliked unbirthing <ALIMT >(PH_1)</ALIMT>
RV2_TypePreferenceQuirkSatisfaction_Predator_Vaginal_Bad.stages.0.description,I'd better not get a bladder infection.,description,ThoughtDefs\Thoughts_Memory_Quirk.xml,def,I'd better not get a bladder infection.
RV2_TypePreferenceQuirkSatisfaction_Predator_Vaginal_VeryBad.stages.0.label,Hated unbirthing {0},label,ThoughtDefs\Thoughts_Memory_Quirk.xml,def,Hated unbirthing <ALIMT >(PH_1)</ALIMT>
RV2_TypePreferenceQuirkSatisfaction_Predator_Vaginal_VeryBad.stages.0.description,They're not supposed to go back in!,description,ThoughtDefs\Thoughts_Memory_Quirk.xml,def,They're not supposed to go back in!
RV2_TypePreferenceQuirkSatisfaction_Prey_Anal_VeryGood.stages.0.label,Loved being posternated by {0},label,ThoughtDefs\Thoughts_Memory_Quirk.xml,def,Loved being posternated by <ALIMT >(PH_1)</ALIMT>
RV2_TypePreferenceQuirkSatisfaction_Prey_Anal_VeryGood.stages.0.description,Up the butt is where I belong!,description,ThoughtDefs\Thoughts_Memory_Quirk.xml,def,Up the butt is where I belong!
RV2_TypePreferenceQuirkSatisfaction_Prey_Anal_Good.stages.0.label,Liked being posternated by {0},label,ThoughtDefs\Thoughts_Memory_Quirk.xml,def,Liked being posternated by <ALIMT >(PH_1)</ALIMT>
RV2_TypePreferenceQuirkSatisfaction_Prey_Anal_Good.stages.0.description,Tight and cozy!,description,ThoughtDefs\Thoughts_Memory_Quirk.xml,def,Tight and cozy!
RV2_TypePreferenceQuirkSatisfaction_Prey_Anal_Bad.stages.0.label,Disliked being posternated by {0},label,ThoughtDefs\Thoughts_Memory_Quirk.xml,def,Disliked being posternated by <ALIMT >(PH_1)</ALIMT>
RV2_TypePreferenceQuirkSatisfaction_Prey_Anal_Bad.stages.0.description,Unsanitary.,description,ThoughtDefs\Thoughts_Memory_Quirk.xml,def,Unsanitary.
RV2_TypePreferenceQuirkSatisfaction_Prey_Anal_VeryBad.stages.0.label,Hated being posternated by {0},label,ThoughtDefs\Thoughts_Memory_Quirk.xml,def,Hated being posternated by <ALIMT >(PH_1)</ALIMT>
RV2_TypePreferenceQuirkSatisfaction_Prey_Anal_VeryBad.stages.0.description,I need a fucking bath. Ew.,description,ThoughtDefs\Thoughts_Memory_Quirk.xml,def,I need a fucking bath. Ew.
RV2_TypePreferenceQuirkSatisfaction_Prey_Cock_VeryGood.stages.0.label,Loved being unsown by {0},label,ThoughtDefs\Thoughts_Memory_Quirk.xml,def,Loved being unsown by <ALIMT >(PH_1)</ALIMT>
RV2_TypePreferenceQuirkSatisfaction_Prey_Cock_VeryGood.stages.0.description,Down the cock is where I belong!,description,ThoughtDefs\Thoughts_Memory_Quirk.xml,def,Down the cock is where I belong!
RV2_TypePreferenceQuirkSatisfaction_Prey_Cock_Good.stages.0.label,Liked being unsown by {0},label,ThoughtDefs\Thoughts_Memory_Quirk.xml,def,Liked being unsown by <ALIMT >(PH_1)</ALIMT>
RV2_TypePreferenceQuirkSatisfaction_Prey_Cock_Good.stages.0.description,Spunky!,description,ThoughtDefs\Thoughts_Memory_Quirk.xml,def,Spunky!
RV2_TypePreferenceQuirkSatisfaction_Prey_Cock_Bad.stages.0.label,Disliked being unsown by {0},label,ThoughtDefs\Thoughts_Memory_Quirk.xml,def,Disliked being unsown by <ALIMT >(PH_1)</ALIMT>
RV2_TypePreferenceQuirkSatisfaction_Prey_Cock_Bad.stages.0.description,"It's a bit musky, and not in a good way.",description,ThoughtDefs\Thoughts_Memory_Quirk.xml,def,"It's a bit musky, and not in a good way."
RV2_TypePreferenceQuirkSatisfaction_Prey_Cock_VeryBad.stages.0.label,Hated being unsown by {0},label,ThoughtDefs\Thoughts_Memory_Quirk.xml,def,Hated being unsown by <ALIMT >(PH_1)</ALIMT>
RV2_TypePreferenceQuirkSatisfaction_Prey_Cock_VeryBad.stages.0.description,Just impale me next time.,description,ThoughtDefs\Thoughts_Memory_Quirk.xml,def,Just impale me next time.
RV2_TypePreferenceQuirkSatisfaction_Prey_Nipple_VeryGood.stages.0.label,Loved being unnursed by {0},label,ThoughtDefs\Thoughts_Memory_Quirk.xml,def,Loved being unnursed by <ALIMT >(PH_1)</ALIMT>
RV2_TypePreferenceQuirkSatisfaction_Prey_Nipple_VeryGood.stages.0.description,In the boob is where I belong!,description,ThoughtDefs\Thoughts_Memory_Quirk.xml,def,In the boob is where I belong!
RV2_TypePreferenceQuirkSatisfaction_Prey_Nipple_Good.stages.0.label,Liked being unnursed by {0},label,ThoughtDefs\Thoughts_Memory_Quirk.xml,def,Liked being unnursed by <ALIMT >(PH_1)</ALIMT>
RV2_TypePreferenceQuirkSatisfaction_Prey_Nipple_Good.stages.0.description,Milky!,description,ThoughtDefs\Thoughts_Memory_Quirk.xml,def,Milky!
RV2_TypePreferenceQuirkSatisfaction_Prey_Nipple_Bad.stages.0.label,Disliked being unnursed by {0},label,ThoughtDefs\Thoughts_Memory_Quirk.xml,def,Disliked being unnursed by <ALIMT >(PH_1)</ALIMT>
RV2_TypePreferenceQuirkSatisfaction_Prey_Nipple_Bad.stages.0.description,Nipples shouldn't eat people.,description,ThoughtDefs\Thoughts_Memory_Quirk.xml,def,<ALIMT >nipples</ALIMT> shouldn't eat people.
RV2_TypePreferenceQuirkSatisfaction_Prey_Nipple_VeryBad.stages.0.label,Hated being unnursed by {0},label,ThoughtDefs\Thoughts_Memory_Quirk.xml,def,Hated being unnursed by <ALIMT >(PH_1)</ALIMT>
RV2_TypePreferenceQuirkSatisfaction_Prey_Nipple_VeryBad.stages.0.description,This pisses me off on a conceptual level!,description,ThoughtDefs\Thoughts_Memory_Quirk.xml,def,This pisses me off on a conceptual level!
RV2_TypePreferenceQuirkSatisfaction_Prey_FullTour_VeryGood.stages.0.label,Loved touring {0},label,ThoughtDefs\Thoughts_Memory_Quirk.xml,def,Loved touring <ALIMT >(PH_1)</ALIMT>
RV2_TypePreferenceQuirkSatisfaction_Prey_FullTour_VeryGood.stages.0.description,What a lovely trip! Amazing all the way through~,description,ThoughtDefs\Thoughts_Memory_Quirk.xml,def,What a lovely trip! Amazing <ALIMT >all the way through</ALIMT>~
RV2_TypePreferenceQuirkSatisfaction_Prey_FullTour_Good.stages.0.label,Liked touring {0},label,ThoughtDefs\Thoughts_Memory_Quirk.xml,def,Liked touring <ALIMT >(PH_1)</ALIMT>
RV2_TypePreferenceQuirkSatisfaction_Prey_FullTour_Good.stages.0.description,"Ahh... a comfortable belly, and some nice, tight guts!",description,ThoughtDefs\Thoughts_Memory_Quirk.xml,def,"Ahh... a comfortable belly, and some nice, tight guts!"
RV2_TypePreferenceQuirkSatisfaction_Prey_FullTour_Bad.stages.0.label,Disliked being swallowed by {0},label,ThoughtDefs\Thoughts_Memory_Quirk.xml,def,Disliked being swallowed by <ALIMT >(PH_1)</ALIMT>
RV2_TypePreferenceQuirkSatisfaction_Prey_FullTour_Bad.stages.0.description,"Ugh, there goes half my day. Not worth it.",description,ThoughtDefs\Thoughts_Memory_Quirk.xml,def,"Ugh, there goes half my day. Not worth it."
RV2_TypePreferenceQuirkSatisfaction_Prey_FullTour_VeryBad.stages.0.label,Hated being swallowed by {0},label,ThoughtDefs\Thoughts_Memory_Quirk.xml,def,Hated being swallowed by <ALIMT >(PH_1)</ALIMT>
RV2_TypePreferenceQuirkSatisfaction_Prey_FullTour_VeryBad.stages.0.description,I envy food... it doesn't have to be awake when it goes through that.,description,ThoughtDefs\Thoughts_Memory_Quirk.xml,def,I envy food... it doesn't have to be awake when it goes through that.
RV2_TypePreferenceQuirkSatisfaction_Prey_Oral_VeryGood.stages.0.label,Loved being swallowed by {0},label,ThoughtDefs\Thoughts_Memory_Quirk.xml,def,Loved being swallowed by <ALIMT >(PH_1)</ALIMT>
RV2_TypePreferenceQuirkSatisfaction_Prey_Oral_VeryGood.stages.0.description,Down the throat is where I belong!,description,ThoughtDefs\Thoughts_Memory_Quirk.xml,def,Down the throat is where I belong!
RV2_TypePreferenceQuirkSatisfaction_Prey_Oral_Good.stages.0.label,Liked being swallowed by {0},label,ThoughtDefs\Thoughts_Memory_Quirk.xml,def,Liked being swallowed by <ALIMT >(PH_1)</ALIMT>
RV2_TypePreferenceQuirkSatisfaction_Prey_Oral_Good.stages.0.description,"Ah, tongues and lips and teeth!~",description,ThoughtDefs\Thoughts_Memory_Quirk.xml,def,"Ah, tongues and lips and teeth!~"
RV2_TypePreferenceQuirkSatisfaction_Prey_Oral_Bad.stages.0.label,Disliked being swallowed by {0},label,ThoughtDefs\Thoughts_Memory_Quirk.xml,def,Disliked being swallowed by <ALIMT >(PH_1)</ALIMT>
RV2_TypePreferenceQuirkSatisfaction_Prey_Oral_Bad.stages.0.description,I think I scraped myself on a tooth.,description,ThoughtDefs\Thoughts_Memory_Quirk.xml,def,I think I scraped myself on a tooth.
RV2_TypePreferenceQuirkSatisfaction_Prey_Oral_VeryBad.stages.0.label,Hated being swallowed by {0},label,ThoughtDefs\Thoughts_Memory_Quirk.xml,def,Hated being swallowed by <ALIMT >(PH_1)</ALIMT>
RV2_TypePreferenceQuirkSatisfaction_Prey_Oral_VeryBad.stages.0.description,"I'll kick your teeth in next time, just you watch!",description,ThoughtDefs\Thoughts_Memory_Quirk.xml,def,"I'll kick your teeth in next time, just you watch!"
RV2_TypePreferenceQuirkSatisfaction_Prey_Vaginal_VeryGood.stages.0.label,Loved being unborn by {0},label,ThoughtDefs\Thoughts_Memory_Quirk.xml,def,Loved being unborn by <ALIMT >(PH_1)</ALIMT>
RV2_TypePreferenceQuirkSatisfaction_Prey_Vaginal_VeryGood.stages.0.description,Up the muff is where I belong!,description,ThoughtDefs\Thoughts_Memory_Quirk.xml,def,Up the muff is where I belong!
RV2_TypePreferenceQuirkSatisfaction_Prey_Vaginal_Good.stages.0.label,Liked being unborn by {0},label,ThoughtDefs\Thoughts_Memory_Quirk.xml,def,Liked being unborn by <ALIMT >(PH_1)</ALIMT>
RV2_TypePreferenceQuirkSatisfaction_Prey_Vaginal_Good.stages.0.description,Comforting.,description,ThoughtDefs\Thoughts_Memory_Quirk.xml,def,Comforting.
RV2_TypePreferenceQuirkSatisfaction_Prey_Vaginal_Bad.stages.0.label,Disliked being unborn by {0},label,ThoughtDefs\Thoughts_Memory_Quirk.xml,def,Disliked being unborn by <ALIMT >(PH_1)</ALIMT>
RV2_TypePreferenceQuirkSatisfaction_Prey_Vaginal_Bad.stages.0.description,Being born once was enough.,description,ThoughtDefs\Thoughts_Memory_Quirk.xml,def,Being born once was enough.
RV2_TypePreferenceQuirkSatisfaction_Prey_Vaginal_VeryBad.stages.0.label,Hated being unborn by {0},label,ThoughtDefs\Thoughts_Memory_Quirk.xml,def,Hated being unborn by <ALIMT >(PH_1)</ALIMT>
RV2_TypePreferenceQuirkSatisfaction_Prey_Vaginal_VeryBad.stages.0.description,I don't wanna go back!,description,ThoughtDefs\Thoughts_Memory_Quirk.xml,def,I don't wanna go back!
RV2_GenderPreferenceQuirkSatisfaction_Predator_Male_VeryGood.stages.0.label,Loved consuming male ({0}),label,ThoughtDefs\Thoughts_Memory_Quirk.xml,def,Loved consuming male (<ALIMT >(PH_1)</ALIMT>)
RV2_GenderPreferenceQuirkSatisfaction_Predator_Male_VeryGood.stages.0.description,Nobody squirms quite like boys do.,description,ThoughtDefs\Thoughts_Memory_Quirk.xml,def,Nobody squirms quite like boys do.
RV2_GenderPreferenceQuirkSatisfaction_Predator_Male_Good.stages.0.label,Liked consuming male ({0}),label,ThoughtDefs\Thoughts_Memory_Quirk.xml,def,Liked consuming male (<ALIMT >(PH_1)</ALIMT>)
RV2_GenderPreferenceQuirkSatisfaction_Predator_Male_Good.stages.0.description,Boys make the best snacks.,description,ThoughtDefs\Thoughts_Memory_Quirk.xml,def,Boys make the best snacks.
RV2_GenderPreferenceQuirkSatisfaction_Predator_Male_Bad.stages.0.label,Hated consuming male ({0}),label,ThoughtDefs\Thoughts_Memory_Quirk.xml,def,Hated consuming male (<ALIMT >(PH_1)</ALIMT>)
RV2_GenderPreferenceQuirkSatisfaction_Predator_Male_Bad.stages.0.description,"Ugh, gross. When was the last time he showered?",description,ThoughtDefs\Thoughts_Memory_Quirk.xml,def,"Ugh, gross. When was the last time he showered?"
RV2_GenderPreferenceQuirkSatisfaction_Predator_Female_VeryGood.stages.0.label,Loved consuming female ({0}),label,ThoughtDefs\Thoughts_Memory_Quirk.xml,def,Loved consuming female (<ALIMT >(PH_1)</ALIMT>)
RV2_GenderPreferenceQuirkSatisfaction_Predator_Female_VeryGood.stages.0.description,"Nothing makes me happier than the feeling of soft, feminine curves inside me.",description,ThoughtDefs\Thoughts_Memory_Quirk.xml,def,"Nothing makes me happier than the feeling of soft, feminine curves inside me."
RV2_GenderPreferenceQuirkSatisfaction_Predator_Female_Good.stages.0.label,Liked consuming female ({0}),label,ThoughtDefs\Thoughts_Memory_Quirk.xml,def,Liked consuming female (<ALIMT >(PH_1)</ALIMT>)
RV2_GenderPreferenceQuirkSatisfaction_Predator_Female_Good.stages.0.description,Girls make the best snacks.,description,ThoughtDefs\Thoughts_Memory_Quirk.xml,def,Girls make the best snacks.
RV2_GenderPreferenceQuirkSatisfaction_Predator_Female_Bad.stages.0.label,Hated consuming female ({0}),label,ThoughtDefs\Thoughts_Memory_Quirk.xml,def,Hated consuming female (<ALIMT >(PH_1)</ALIMT>)
RV2_GenderPreferenceQuirkSatisfaction_Predator_Female_Bad.stages.0.description,She looked a lot better than she tasted.,description,ThoughtDefs\Thoughts_Memory_Quirk.xml,def,She looked a lot better than she tasted.
RV2_GenderPreferenceQuirkSatisfaction_Prey_Male_VeryGood.stages.0.label,Loved being consumed by a male ({0}),label,ThoughtDefs\Thoughts_Memory_Quirk.xml,def,Loved being consumed by a male (<ALIMT >(PH_1)</ALIMT>)
RV2_GenderPreferenceQuirkSatisfaction_Prey_Male_VeryGood.stages.0.description,"No matter how tough they play outside, they're wonderfully soft on the inside!",description,ThoughtDefs\Thoughts_Memory_Quirk.xml,def,"No matter how tough they play outside, they're wonderfully soft on the inside!"
RV2_GenderPreferenceQuirkSatisfaction_Prey_Male_Good.stages.0.label,Liked being consumed by a male ({0}),label,ThoughtDefs\Thoughts_Memory_Quirk.xml,def,Liked being consumed by a male (<ALIMT >(PH_1)</ALIMT>)
RV2_GenderPreferenceQuirkSatisfaction_Prey_Male_Good.stages.0.description,Put me back!,description,ThoughtDefs\Thoughts_Memory_Quirk.xml,def,Put me back!
RV2_GenderPreferenceQuirkSatisfaction_Prey_Male_Bad.stages.0.label,Hated being consumed by a  male ({0}),label,ThoughtDefs\Thoughts_Memory_Quirk.xml,def,Hated being consumed by a  male (<ALIMT >(PH_1)</ALIMT>)
RV2_GenderPreferenceQuirkSatisfaction_Prey_Male_Bad.stages.0.description,Somehow he was even more disgusting on the inside.,description,ThoughtDefs\Thoughts_Memory_Quirk.xml,def,Somehow he was even more disgusting on the inside.
RV2_GenderPreferenceQuirkSatisfaction_Prey_Female_VeryGood.stages.0.label,Loved being consumed by a  female ({0}),label,ThoughtDefs\Thoughts_Memory_Quirk.xml,def,Loved being consumed by a  female (<ALIMT >(PH_1)</ALIMT>)
RV2_GenderPreferenceQuirkSatisfaction_Prey_Female_VeryGood.stages.0.description,Nothing better than the feeling of being completely enveloped by a beautiful woman.,description,ThoughtDefs\Thoughts_Memory_Quirk.xml,def,Nothing better than the feeling of being completely enveloped by a beautiful woman.
RV2_GenderPreferenceQuirkSatisfaction_Prey_Female_Good.stages.0.label,Liked being consumed by a  female ({0}),label,ThoughtDefs\Thoughts_Memory_Quirk.xml,def,Liked being consumed by a  female (<ALIMT >(PH_1)</ALIMT>)
RV2_GenderPreferenceQuirkSatisfaction_Prey_Female_Good.stages.0.description,Put me back.,description,ThoughtDefs\Thoughts_Memory_Quirk.xml,def,Put me back.
RV2_GenderPreferenceQuirkSatisfaction_Prey_Female_Bad.stages.0.label,Hated being consumed by a  female ({0}),label,ThoughtDefs\Thoughts_Memory_Quirk.xml,def,Hated being consumed by a  female (<ALIMT >(PH_1)</ALIMT>)
RV2_GenderPreferenceQuirkSatisfaction_Prey_Female_Bad.stages.0.description,I can't believe that bitch got me!,description,ThoughtDefs\Thoughts_Memory_Quirk.xml,def,I can't believe that bitch got me!
RV2_SuccessfulStruggle_Prey.stages.0.label,Escaped vore,label,ThoughtDefs\Thoughts_Memory_Struggle.xml,def,Escaped <ALIMT >vore</ALIMT>
RV2_SuccessfulStruggle_Prey.stages.0.description,"I was vored, but managed to struggle my way out of {1}!",description,ThoughtDefs\Thoughts_Memory_Struggle.xml,def,"I was vored, but managed to struggle my way out of <ALIMT >(PH_1)</ALIMT>!"
RV2_SuccessfulStruggle_Predator.stages.0.label,Prey escaped,label,ThoughtDefs\Thoughts_Memory_Struggle.xml,def,Prey escaped
RV2_SuccessfulStruggle_Predator.stages.0.description,"{1} managed to struggle out of me, what a shame!",description,ThoughtDefs\Thoughts_Memory_Struggle.xml,def,"<ALIMT >(PH_1)</ALIMT> managed to struggle out of me, what a shame!"
RV2_PredatorOralDigestSuccess.stages.0.label,Orally digested {0},label,ThoughtDefs\Thoughts_Memory_Vore.xml,def,Orally digested <ALIMT >(PH_1)</ALIMT>
RV2_PredatorOralDigestSuccess.stages.0.description,I ate and gurgled {1}. A satisfying meal!,description,ThoughtDefs\Thoughts_Memory_Vore.xml,def,I ate and gurgled <ALIMT >(PH_1)</ALIMT>. A satisfying meal!
RV2_PredatorOralDigestInterrupted.stages.0.label,Oral digestion of {0} interrupted,label,ThoughtDefs\Thoughts_Memory_Vore.xml,def,<ALIMT >oral</ALIMT> digestion of <ALIMT >(PH_1)</ALIMT> interrupted
RV2_PredatorOralDigestInterrupted.stages.0.description,"I tried to gurgle {1}, but they got away. *Now* what am I supposed to eat?",description,ThoughtDefs\Thoughts_Memory_Vore.xml,def,"I tried to gurgle <ALIMT >(PH_1)</ALIMT>, but they got away. *Now* what am I supposed to eat?"
RV2_PreyOralDigestInterrupted.stages.0.label,Escaped oral digestion,label,ThoughtDefs\Thoughts_Memory_Vore.xml,def,Escaped <ALIMT >oral</ALIMT> digestion
RV2_PreyOralDigestInterrupted.stages.0.description,{1} tried to eat me! I'm not food!,description,ThoughtDefs\Thoughts_Memory_Vore.xml,def,<ALIMT >(PH_1)</ALIMT> tried to eat me! I'm not food!
RV2_PredatorOralPleasureSuccess.stages.0.label,Bellied {0},label,ThoughtDefs\Thoughts_Memory_Vore.xml,def,Bellied <ALIMT >(PH_1)</ALIMT>
RV2_PredatorOralPleasureSuccess.stages.0.description,I gave {1} a place to relax in my stomach. Being so full felt great!,description,ThoughtDefs\Thoughts_Memory_Vore.xml,def,I gave <ALIMT >(PH_1)</ALIMT> a place to relax in my stomach. Being so full felt great!
RV2_PredatorOralPleasureInterrupted.stages.0.label,Bellying {0} interrupted,label,ThoughtDefs\Thoughts_Memory_Vore.xml,def,Bellying <ALIMT >(PH_1)</ALIMT> interrupted
RV2_PredatorOralPleasureInterrupted.stages.0.description,"I tried to give {1} a vacation in my stomach, but we were interrupted. How disappointing.",description,ThoughtDefs\Thoughts_Memory_Vore.xml,def,"I tried to give <ALIMT >(PH_1)</ALIMT> a vacation in my stomach, but we were interrupted. How disappointing."
RV2_PreyOralPleasureSuccess.stages.0.label,Bellied by {0},label,ThoughtDefs\Thoughts_Memory_Vore.xml,def,Bellied by <ALIMT >(PH_1)</ALIMT>
RV2_PreyOralPleasureSuccess.stages.0.description,{1} let me relax in their stomach. It was a great way to unwind!,description,ThoughtDefs\Thoughts_Memory_Vore.xml,def,<ALIMT >(PH_1)</ALIMT> let me relax in their stomach. It was a great way to unwind!
RV2_PreyOralPleasureInterrupted.stages.0.label,Bellying by {0} interrupted,label,ThoughtDefs\Thoughts_Memory_Vore.xml,def,Bellying by <ALIMT >(PH_1)</ALIMT> interrupted
RV2_PreyOralPleasureInterrupted.stages.0.description,"{1} tried to let me relax in their stomach, but we were interrupted. How disappointing.",description,ThoughtDefs\Thoughts_Memory_Vore.xml,def,"<ALIMT >(PH_1)</ALIMT> tried to let me relax in their stomach, but we were interrupted. How disappointing."
RV2_PredatorOralStoreEnd.stages.0.label,Released {0} from stomach-storage,label,ThoughtDefs\Thoughts_Memory_Vore.xml,def,Released <ALIMT >(PH_1)</ALIMT> from stomach-storage
RV2_PredatorOralStoreEnd.stages.0.description,I feel so much lighter!,description,ThoughtDefs\Thoughts_Memory_Vore.xml,def,I feel so much lighter!
RV2_PreyOralStoreEnd.stages.0.label,Released from {0}'s stomach-storage,label,ThoughtDefs\Thoughts_Memory_Vore.xml,def,Released from <ALIMT >(PH_1)</ALIMT>'s stomach-storage
RV2_PreyOralStoreEnd.stages.0.description,It's nice to have room to stretch again.,description,ThoughtDefs\Thoughts_Memory_Vore.xml,def,It's nice to have room to stretch again.
RV2_PredatorOralHealSuccess.stages.0.label,Healed {0} in their stomach,label,ThoughtDefs\Thoughts_Memory_Vore.xml,def,Healed <ALIMT >(PH_1)</ALIMT> in their stomach
RV2_PredatorOralHealSuccess.stages.0.description,Good as new!,description,ThoughtDefs\Thoughts_Memory_Vore.xml,def,Good as new!
RV2_PreyOralHealSuccess.stages.0.label,Healed by {0}'s stomach,label,ThoughtDefs\Thoughts_Memory_Vore.xml,def,Healed by <ALIMT >(PH_1)</ALIMT>'s stomach
RV2_PreyOralHealSuccess.stages.0.description,I had a reinvigorating bath.,description,ThoughtDefs\Thoughts_Memory_Vore.xml,def,I had a reinvigorating bath.
RV2_PredatorFullTourStoreEnd.stages.0.label,Released {0} from stomach-storage by tour,label,ThoughtDefs\Thoughts_Memory_Vore.xml,def,Released <ALIMT >(PH_1)</ALIMT> from stomach-storage by tour
RV2_PredatorFullTourStoreEnd.stages.0.description,I feel so much lighter!,description,ThoughtDefs\Thoughts_Memory_Vore.xml,def,I feel so much lighter!
RV2_PreyFullTourStoreEnd.stages.0.label,Released from {0}'s stomach-storage by tour,label,ThoughtDefs\Thoughts_Memory_Vore.xml,def,Released from <ALIMT >(PH_1)</ALIMT>'s stomach-storage by tour
RV2_PreyFullTourStoreEnd.stages.0.description,It's nice to have room to stretch again.,description,ThoughtDefs\Thoughts_Memory_Vore.xml,def,It's nice to have room to stretch again.
RV2_PredatorFullTourPleasureSuccess.stages.0.label,Guided {0},label,ThoughtDefs\Thoughts_Memory_Vore.xml,def,Guided <ALIMT >(PH_1)</ALIMT>
RV2_PredatorFullTourPleasureSuccess.stages.0.description,I gave {1} a sensual tour of my digestive system. I feel a bit cleaner inside!,description,ThoughtDefs\Thoughts_Memory_Vore.xml,def,I gave <ALIMT >(PH_1)</ALIMT> a <ALIMT >sensual</ALIMT> tour of my digestive system. I feel a bit cleaner inside!
RV2_PredatorFullTourPleasureInterrupted.stages.0.label,Guiding {0} interrupted,label,ThoughtDefs\Thoughts_Memory_Vore.xml,def,Guiding <ALIMT >(PH_1)</ALIMT> interrupted
RV2_PredatorFullTourPleasureInterrupted.stages.0.description,"I tried to give {1} a full tour of my digestive system, but we were interrupted. How disappointing.",description,ThoughtDefs\Thoughts_Memory_Vore.xml,def,"I tried to give <ALIMT >(PH_1)</ALIMT> a <ALIMT >full tour</ALIMT> of my digestive system, but we were interrupted. How disappointing."
RV2_PreyFullTourPleasureSuccess.stages.0.label,Guided by {0},label,ThoughtDefs\Thoughts_Memory_Vore.xml,def,Guided by <ALIMT >(PH_1)</ALIMT>
RV2_PreyFullTourPleasureSuccess.stages.0.description,"{1} gave me a sensual tour of their digestive system. Every inch, a pleasure!",description,ThoughtDefs\Thoughts_Memory_Vore.xml,def,"<ALIMT >(PH_1)</ALIMT> gave me a <ALIMT >sensual</ALIMT> tour of their digestive system. Every inch, a pleasure!"
RV2_PreyFullTourPleasureInterrupted.stages.0.label,Tour by {0} interrupted,label,ThoughtDefs\Thoughts_Memory_Vore.xml,def,Tour by <ALIMT >(PH_1)</ALIMT> interrupted
RV2_PreyFullTourPleasureInterrupted.stages.0.description,"{1} tried to give me a full tour of their digestive system, but we were interrupted. How disappointing.",description,ThoughtDefs\Thoughts_Memory_Vore.xml,def,"<ALIMT >(PH_1)</ALIMT> tried to give me a <ALIMT >full tour</ALIMT> of their digestive system, but we were interrupted. How disappointing."
RV2_PredatorFullTourHealSuccess.stages.0.label,Healed {0} in their guts,label,ThoughtDefs\Thoughts_Memory_Vore.xml,def,Healed <ALIMT >(PH_1)</ALIMT> in their guts
RV2_PredatorFullTourHealSuccess.stages.0.description,"Good as new, hope you enjoyed the ride!",description,ThoughtDefs\Thoughts_Memory_Vore.xml,def,"Good as new, hope you enjoyed the ride!"
RV2_PreyFullTourHealSuccess.stages.0.label,Healed by {0}'s guts,label,ThoughtDefs\Thoughts_Memory_Vore.xml,def,Healed by <ALIMT >(PH_1)</ALIMT>'s guts
RV2_PreyFullTourHealSuccess.stages.0.description,"I had a reinvigorating bath, and a nice trip.",description,ThoughtDefs\Thoughts_Memory_Vore.xml,def,"I had a reinvigorating bath, and a nice trip."
RV2_PredatorAnalDigestSuccess.stages.0.label,Anally digested {0},label,ThoughtDefs\Thoughts_Memory_Vore.xml,def,Anally digested <ALIMT >(PH_1)</ALIMT>
RV2_PredatorAnalDigestSuccess.stages.0.description,I lost {1} in my rear end--permanently!,description,ThoughtDefs\Thoughts_Memory_Vore.xml,def,I lost <ALIMT >(PH_1)</ALIMT> in my rear end--permanently!
RV2_PredatorAnalDigestInterrupted.stages.0.label,Anal digestion of {0} interrupted,label,ThoughtDefs\Thoughts_Memory_Vore.xml,def,<ALIMT >anal</ALIMT> digestion of <ALIMT >(PH_1)</ALIMT> interrupted
RV2_PredatorAnalDigestInterrupted.stages.0.description,"I tried to eat {1} with my ass, but they got away. *Now* how am I supposed to feed my tush?",description,ThoughtDefs\Thoughts_Memory_Vore.xml,def,"I tried to eat <ALIMT >(PH_1)</ALIMT> with my <ALIMT >ass</ALIMT>, but they got away. *Now* how am I supposed to feed my tush?"
RV2_PreyAnalDigestInterrupted.stages.0.label,Escaped anal digestion,label,ThoughtDefs\Thoughts_Memory_Vore.xml,def,Escaped <ALIMT >anal</ALIMT> digestion
RV2_PreyAnalDigestInterrupted.stages.0.description,{1} tried to feed me to their ass! I'm not butt-food!,description,ThoughtDefs\Thoughts_Memory_Vore.xml,def,<ALIMT >(PH_1)</ALIMT> tried to feed me to their <ALIMT >ass</ALIMT>! I'm not butt-food!
RV2_PredatorAnalPleasureSuccess.stages.0.label,Posternated {0},label,ThoughtDefs\Thoughts_Memory_Vore.xml,def,Posternated <ALIMT >(PH_1)</ALIMT>
RV2_PredatorAnalPleasureSuccess.stages.0.description,"I lost {1} up my butt for a while. They're back out, now.",description,ThoughtDefs\Thoughts_Memory_Vore.xml,def,"I lost <ALIMT >(PH_1)</ALIMT> up my butt for a while. They're back out, now."
RV2_PredatorAnalPleasureInterrupted.stages.0.label,Posternation of {0} interrupted,label,ThoughtDefs\Thoughts_Memory_Vore.xml,def,Posternation of <ALIMT >(PH_1)</ALIMT> interrupted
RV2_PredatorAnalPleasureInterrupted.stages.0.description,"I tried to stuff {1} up my butt, but we were interrupted. How disappointing.",description,ThoughtDefs\Thoughts_Memory_Vore.xml,def,"I tried to stuff <ALIMT >(PH_1)</ALIMT> up my butt, but we were interrupted. How disappointing."
RV2_PreyAnalPleasureSuccess.stages.0.label,Posternated by {0},label,ThoughtDefs\Thoughts_Memory_Vore.xml,def,Posternated by <ALIMT >(PH_1)</ALIMT>
RV2_PreyAnalPleasureSuccess.stages.0.description,{1} sent me deep inside their derriere. I'm a spelunker!,description,ThoughtDefs\Thoughts_Memory_Vore.xml,def,<ALIMT >(PH_1)</ALIMT> sent me deep inside their derriere. I'm a spelunker!
RV2_PreyAnalPleasureInterrupted.stages.0.label,Posternation by {0} interrupted,label,ThoughtDefs\Thoughts_Memory_Vore.xml,def,Posternation by <ALIMT >(PH_1)</ALIMT> interrupted
RV2_PreyAnalPleasureInterrupted.stages.0.description,"{1} tried to push me up their posterior, but we were interrupted. How disappointing.",description,ThoughtDefs\Thoughts_Memory_Vore.xml,def,"<ALIMT >(PH_1)</ALIMT> tried to push me up their posterior, but we were interrupted. How disappointing."
RV2_PredatorAnalStoreEnd.stages.0.label,Released {0} from intestinal storage,label,ThoughtDefs\Thoughts_Memory_Vore.xml,def,Released <ALIMT >(PH_1)</ALIMT> from intestinal storage
RV2_PredatorAnalStoreEnd.stages.0.description,I feel so much lighter!,description,ThoughtDefs\Thoughts_Memory_Vore.xml,def,I feel so much lighter!
RV2_PreyAnalStoreEnd.stages.0.label,Released from {0}'s intestinal storage,label,ThoughtDefs\Thoughts_Memory_Vore.xml,def,Released from <ALIMT >(PH_1)</ALIMT>'s intestinal storage
RV2_PreyAnalStoreEnd.stages.0.description,It's nice to have room to stretch again.,description,ThoughtDefs\Thoughts_Memory_Vore.xml,def,It's nice to have room to stretch again.
RV2_PredatorVaginalConvertLubeSuccess.stages.0.label,Vaginally lubrified {0},label,ThoughtDefs\Thoughts_Memory_Vore.xml,def,Vaginally lubrified <ALIMT >(PH_1)</ALIMT>
RV2_PredatorVaginalConvertLubeSuccess.stages.0.description,I unbirthed and melted {1} into lube. Their life began in one womb (probably) and ended in another.,description,ThoughtDefs\Thoughts_Memory_Vore.xml,def,I unbirthed and melted <ALIMT >(PH_1)</ALIMT> into <ALIMT >lube</ALIMT>. Their life began in one womb (probably) and ended in another.
RV2_PredatorVaginalConvertLubeInterrupted.stages.0.label,Vaginal lubrifaction of {0} interrupted,label,ThoughtDefs\Thoughts_Memory_Vore.xml,def,<ALIMT >vaginal</ALIMT> lubrifaction of <ALIMT >(PH_1)</ALIMT> interrupted
RV2_PredatorVaginalConvertLubeInterrupted.stages.0.description,"I tried to melt {1} into lube, but they got away. Now I'm all pent-up...",description,ThoughtDefs\Thoughts_Memory_Vore.xml,def,"I tried to melt <ALIMT >(PH_1)</ALIMT> into <ALIMT >lube</ALIMT>, but they got away. Now I'm all pent-up..."
RV2_PreyVaginalConvertLubeInterrupted.stages.0.label,Escaped vaginal lubrifaction by {0},label,ThoughtDefs\Thoughts_Memory_Vore.xml,def,Escaped <ALIMT >vaginal</ALIMT> lubrifaction by <ALIMT >(PH_1)</ALIMT>
RV2_PreyVaginalConvertLubeInterrupted.stages.0.description,{1} tried to melt me into lube in their womb! I'm not a disposable sex-toy!,description,ThoughtDefs\Thoughts_Memory_Vore.xml,def,<ALIMT >(PH_1)</ALIMT> tried to melt me into <ALIMT >lube</ALIMT> in their womb! I'm not a disposable <ALIMT >sex</ALIMT>-<ALIMT >toy</ALIMT>!
RV2_PredatorVaginalReformSuccess.stages.0.label,Rebirthed {0},label,ThoughtDefs\Thoughts_Memory_Vore.xml,def,Rebirthed <ALIMT >(PH_1)</ALIMT>
RV2_PredatorVaginalReformSuccess.stages.0.description,They look way better with my genes.,description,ThoughtDefs\Thoughts_Memory_Vore.xml,def,They look way better with my genes.
RV2_PredatorVaginalReformInterrupted.stages.0.label,Rebirth of {0} interrupted,label,ThoughtDefs\Thoughts_Memory_Vore.xml,def,Rebirth of <ALIMT >(PH_1)</ALIMT> interrupted
RV2_PredatorVaginalReformInterrupted.stages.0.description,How disappointing.,description,ThoughtDefs\Thoughts_Memory_Vore.xml,def,How disappointing.
RV2_PreyVaginalReformSuccess.stages.0.label,Reborn by {0},label,ThoughtDefs\Thoughts_Memory_Vore.xml,def,Reborn by <ALIMT >(PH_1)</ALIMT>
RV2_PreyVaginalReformSuccess.stages.0.description,Who... Who am I?,description,ThoughtDefs\Thoughts_Memory_Vore.xml,def,Who... Who am I?
RV2_PreyVaginalReformInterrupted.stages.0.label,Rebirth by {0} interrupted,label,ThoughtDefs\Thoughts_Memory_Vore.xml,def,Rebirth by <ALIMT >(PH_1)</ALIMT> interrupted
RV2_PreyVaginalReformInterrupted.stages.0.description,I was starting to lose myself...,description,ThoughtDefs\Thoughts_Memory_Vore.xml,def,I was starting to lose myself...
RV2_PredatorVaginalPleasureSuccess.stages.0.label,Unbirthed {0} as a sex-toy,label,ThoughtDefs\Thoughts_Memory_Vore.xml,def,Unbirthed <ALIMT >(PH_1)</ALIMT> as a <ALIMT >sex</ALIMT>-<ALIMT >toy</ALIMT>
RV2_PredatorVaginalPleasureSuccess.stages.0.description,I fucked myself with {1}! I'm still twitching just thinking about it.~,description,ThoughtDefs\Thoughts_Memory_Vore.xml,def,I fucked myself with <ALIMT >(PH_1)</ALIMT>! I'm still twitching just thinking about it.~
RV2_PredatorVaginalPleasureInterrupted.stages.0.label,Unbirthing of {0} as a sex-toy interrupted,label,ThoughtDefs\Thoughts_Memory_Vore.xml,def,Unbirthing of <ALIMT >(PH_1)</ALIMT> as a <ALIMT >sex</ALIMT>-<ALIMT >toy</ALIMT> interrupted
RV2_PredatorVaginalPleasureInterrupted.stages.0.description,"I tried to fuck myself with {1}, but we were interrupted. Can't I get just a moment to unwind?",description,ThoughtDefs\Thoughts_Memory_Vore.xml,def,"I tried to fuck myself with <ALIMT >(PH_1)</ALIMT>, but we were interrupted. Can't I get just a <ALIMT >moment</ALIMT> to unwind?"
RV2_PreyVaginalPleasureSuccess.stages.0.label,Unbirthed by {0} as a sex-toy,label,ThoughtDefs\Thoughts_Memory_Vore.xml,def,Unbirthed by <ALIMT >(PH_1)</ALIMT> as a <ALIMT >sex</ALIMT>-<ALIMT >toy</ALIMT>
RV2_PreyVaginalPleasureSuccess.stages.0.description,"{1} used me as a living dildo! I'm a little bit dizzy, but damn if it wasn't hot!",description,ThoughtDefs\Thoughts_Memory_Vore.xml,def,"<ALIMT >(PH_1)</ALIMT> used me as a living <ALIMT >dildo</ALIMT>! I'm a little bit dizzy, but damn if it wasn't <ALIMT >hot</ALIMT>!"
RV2_PreyVaginalPleasureInterrupted.stages.0.label,Unbirth by {0} as a sex-toy interrupted,label,ThoughtDefs\Thoughts_Memory_Vore.xml,def,Unbirth by <ALIMT >(PH_1)</ALIMT> as a <ALIMT >sex</ALIMT>-<ALIMT >toy</ALIMT> interrupted
RV2_PreyVaginalPleasureInterrupted.stages.0.description,"{1} tried to use me like a dildo, but we were interrupted. I was so excited, too.",description,ThoughtDefs\Thoughts_Memory_Vore.xml,def,"<ALIMT >(PH_1)</ALIMT> tried to use me like a <ALIMT >dildo</ALIMT>, but we were interrupted. I was so excited, too."
RV2_PredatorVaginalStoreEnd.stages.0.label,Released {0} from womb-storage,label,ThoughtDefs\Thoughts_Memory_Vore.xml,def,Released <ALIMT >(PH_1)</ALIMT> from womb-storage
RV2_PredatorVaginalStoreEnd.stages.0.description,That's a load off my hips!,description,ThoughtDefs\Thoughts_Memory_Vore.xml,def,That's a load off my hips!
RV2_PreyVaginalStoreEnd.stages.0.label,Released from {0}'s womb-storage,label,ThoughtDefs\Thoughts_Memory_Vore.xml,def,Released from <ALIMT >(PH_1)</ALIMT>'s womb-storage
RV2_PreyVaginalStoreEnd.stages.0.description,It's nice to have room to stretch again.,description,ThoughtDefs\Thoughts_Memory_Vore.xml,def,It's nice to have room to stretch again.
RV2_PredatorVaginalHealSuccess.stages.0.label,Healed {0} in their womb,label,ThoughtDefs\Thoughts_Memory_Vore.xml,def,Healed <ALIMT >(PH_1)</ALIMT> in their womb
RV2_PredatorVaginalHealSuccess.stages.0.description,Good as new!,description,ThoughtDefs\Thoughts_Memory_Vore.xml,def,Good as new!
RV2_PreyVaginalHealSuccess.stages.0.label,Healed by {0}'s womb,label,ThoughtDefs\Thoughts_Memory_Vore.xml,def,Healed by <ALIMT >(PH_1)</ALIMT>'s womb
RV2_PreyVaginalHealSuccess.stages.0.description,I had a reinvigorating bath.,description,ThoughtDefs\Thoughts_Memory_Vore.xml,def,I had a reinvigorating bath.
RV2_PredatorCockConvertSpermSuccess.stages.0.label,Phallically spermified {0},label,ThoughtDefs\Thoughts_Memory_Vore.xml,def,Phallically spermified <ALIMT >(PH_1)</ALIMT>
RV2_PredatorCockConvertSpermSuccess.stages.0.description,"I unsowed and melted {1} into cum. Seed, to living being, to seed again.",description,ThoughtDefs\Thoughts_Memory_Vore.xml,def,"I unsowed and melted <ALIMT >(PH_1)</ALIMT> into <ALIMT >cum</ALIMT>. Seed, to living being, to seed again."
RV2_PredatorCockConvertSpermInterrupted.stages.0.label,Phallic spermifaction of {0} interrupted,label,ThoughtDefs\Thoughts_Memory_Vore.xml,def,Phallic spermifaction of <ALIMT >(PH_1)</ALIMT> interrupted
RV2_PredatorCockConvertSpermInterrupted.stages.0.description,"I tried to churn {1} down into batter, but they got away. Now I'm all pent-up...",description,ThoughtDefs\Thoughts_Memory_Vore.xml,def,"I tried to churn <ALIMT >(PH_1)</ALIMT> down into batter, but they got away. Now I'm all pent-up..."
RV2_PreyCockConvertSpermInterrupted.stages.0.label,Escaped phallic spermifaction by {0},label,ThoughtDefs\Thoughts_Memory_Vore.xml,def,Escaped phallic spermifaction by <ALIMT >(PH_1)</ALIMT>
RV2_PreyCockConvertSpermInterrupted.stages.0.description,{1} tried to melt me into sperm! I'm not a disposable sex-toy!,description,ThoughtDefs\Thoughts_Memory_Vore.xml,def,<ALIMT >(PH_1)</ALIMT> tried to melt me into <ALIMT >sperm</ALIMT>! I'm not a disposable <ALIMT >sex</ALIMT>-<ALIMT >toy</ALIMT>!
RV2_PredatorCockPleasureSuccess.stages.0.label,Unsowed {0} as a sex-toy,label,ThoughtDefs\Thoughts_Memory_Vore.xml,def,Unsowed <ALIMT >(PH_1)</ALIMT> as a <ALIMT >sex</ALIMT>-<ALIMT >toy</ALIMT>
RV2_PredatorCockPleasureSuccess.stages.0.description,I sounded myself with {1}--and dropped them in.~,description,ThoughtDefs\Thoughts_Memory_Vore.xml,def,I sounded myself with <ALIMT >(PH_1)</ALIMT>--and dropped them in.~
RV2_PredatorCockPleasureInterrupted.stages.0.label,Unsowing of {0} as a sex-toy interrupted,label,ThoughtDefs\Thoughts_Memory_Vore.xml,def,Unsowing of <ALIMT >(PH_1)</ALIMT> as a <ALIMT >sex</ALIMT>-<ALIMT >toy</ALIMT> interrupted
RV2_PredatorCockPleasureInterrupted.stages.0.description,"I tried to use {1} as a sounding-rod, but we were interrupted. Can't I get just a moment to unwind?",description,ThoughtDefs\Thoughts_Memory_Vore.xml,def,"I tried to use <ALIMT >(PH_1)</ALIMT> as a sounding-rod, but we were interrupted. Can't I get just a <ALIMT >moment</ALIMT> to unwind?"
RV2_PreyCockPleasureSuccess.stages.0.label,Unsown by {0} as a sex-toy,label,ThoughtDefs\Thoughts_Memory_Vore.xml,def,Unsown by <ALIMT >(PH_1)</ALIMT> as a <ALIMT >sex</ALIMT>-<ALIMT >toy</ALIMT>
RV2_PreyCockPleasureSuccess.stages.0.description,"{1} used me as a living sounding-rod! I'm a little bit dizzy, but damn if it wasn't hot!",description,ThoughtDefs\Thoughts_Memory_Vore.xml,def,"<ALIMT >(PH_1)</ALIMT> used me as a living sounding-rod! I'm a little bit dizzy, but damn if it wasn't <ALIMT >hot</ALIMT>!"
RV2_PreyCockPleasureInterrupted.stages.0.label,Unsowing by {0} as a sex-toy interrupted,label,ThoughtDefs\Thoughts_Memory_Vore.xml,def,Unsowing by <ALIMT >(PH_1)</ALIMT> as a <ALIMT >sex</ALIMT>-<ALIMT >toy</ALIMT> interrupted
RV2_PreyCockPleasureInterrupted.stages.0.description,"{1} tried to use me like a sounding-rod, but we were interrupted. I was so excited, too.",description,ThoughtDefs\Thoughts_Memory_Vore.xml,def,"<ALIMT >(PH_1)</ALIMT> tried to use me like a sounding-rod, but we were interrupted. I was so excited, too."
RV2_PredatorCockStoreEnd.stages.0.label,Released {0} from ball-storage,label,ThoughtDefs\Thoughts_Memory_Vore.xml,def,Released <ALIMT >(PH_1)</ALIMT> from ball-storage
RV2_PredatorCockStoreEnd.stages.0.description,That's a weight off my loins!,description,ThoughtDefs\Thoughts_Memory_Vore.xml,def,That's a weight off my loins!
RV2_PreyCockStoreEnd.stages.0.label,Released from {0}'s ball-storage,label,ThoughtDefs\Thoughts_Memory_Vore.xml,def,Released from <ALIMT >(PH_1)</ALIMT>'s ball-storage
RV2_PreyCockStoreEnd.stages.0.description,It's nice to have room to stretch again.,description,ThoughtDefs\Thoughts_Memory_Vore.xml,def,It's nice to have room to stretch again.
RV2_PredatorCockHealSuccess.stages.0.label,Healed {0} in their testicles,label,ThoughtDefs\Thoughts_Memory_Vore.xml,def,Healed <ALIMT >(PH_1)</ALIMT> in their <ALIMT >testicles</ALIMT>
RV2_PredatorCockHealSuccess.stages.0.description,Good as new!,description,ThoughtDefs\Thoughts_Memory_Vore.xml,def,Good as new!
RV2_PreyCockHealSuccess.stages.0.label,Healed by {0}'s testicles,label,ThoughtDefs\Thoughts_Memory_Vore.xml,def,Healed by <ALIMT >(PH_1)</ALIMT>'s <ALIMT >testicles</ALIMT>
RV2_PreyCockHealSuccess.stages.0.description,I had a reinvigorating bath.,description,ThoughtDefs\Thoughts_Memory_Vore.xml,def,I had a reinvigorating bath.
RV2_PredatorNippleConvertMilkSuccess.stages.0.label,Mammily lactified {0},label,ThoughtDefs\Thoughts_Memory_Vore.xml,def,Mammily lactified <ALIMT >(PH_1)</ALIMT>
RV2_PredatorNippleConvertMilkSuccess.stages.0.description,I unsuckled {1} and melted them into milk. They made a delicious batch!,description,ThoughtDefs\Thoughts_Memory_Vore.xml,def,I unsuckled <ALIMT >(PH_1)</ALIMT> and melted them into milk. They made a delicious batch!
RV2_PredatorNippleConvertMilkInterrupted.stages.0.label,Mammary lactifaction of {0} interrupted,label,ThoughtDefs\Thoughts_Memory_Vore.xml,def,Mammary lactifaction of <ALIMT >(PH_1)</ALIMT> interrupted
RV2_PredatorNippleConvertMilkInterrupted.stages.0.description,"I tried to churn {1} down into milk, but they got away. My taps are so dry...",description,ThoughtDefs\Thoughts_Memory_Vore.xml,def,"I tried to churn <ALIMT >(PH_1)</ALIMT> down into milk, but they got away. My taps are so dry..."
RV2_PreyNippleConvertMilkInterrupted.stages.0.label,Escaped mammary lactifaction by {0},label,ThoughtDefs\Thoughts_Memory_Vore.xml,def,Escaped mammary lactifaction by <ALIMT >(PH_1)</ALIMT>
RV2_PreyNippleConvertMilkInterrupted.stages.0.description,{1} tried to churn me into milk! I'm not an enriching source of calcium!,description,ThoughtDefs\Thoughts_Memory_Vore.xml,def,<ALIMT >(PH_1)</ALIMT> tried to churn me into milk! I'm not an enriching source of calcium!
RV2_PredatorNipplePleasureSuccess.stages.0.label,Unsuckled {0} as a sex-toy,label,ThoughtDefs\Thoughts_Memory_Vore.xml,def,Unsuckled <ALIMT >(PH_1)</ALIMT> as a <ALIMT >sex</ALIMT>-<ALIMT >toy</ALIMT>
RV2_PredatorNipplePleasureSuccess.stages.0.description,{1} massaged my tit from the inside-out! They should bring a friend or two next time...~,description,ThoughtDefs\Thoughts_Memory_Vore.xml,def,<ALIMT >(PH_1)</ALIMT> massaged my tit from the inside-out! They should bring a friend or two next time...~
RV2_PredatorNipplePleasureInterrupted.stages.0.label,Unsuckling of {0} as a sex-toy interrupted,label,ThoughtDefs\Thoughts_Memory_Vore.xml,def,Unsuckling of <ALIMT >(PH_1)</ALIMT> as a <ALIMT >sex</ALIMT>-<ALIMT >toy</ALIMT> interrupted
RV2_PredatorNipplePleasureInterrupted.stages.0.description,"I tried to give {1} a milk-bath, but we were interrupted. Can't I get just a moment to unwind?",description,ThoughtDefs\Thoughts_Memory_Vore.xml,def,"I tried to give <ALIMT >(PH_1)</ALIMT> a milk-bath, but we were interrupted. Can't I get just a <ALIMT >moment</ALIMT> to unwind?"
RV2_PreyNipplePleasureSuccess.stages.0.label,Unsuckled by {0} as a sex-toy,label,ThoughtDefs\Thoughts_Memory_Vore.xml,def,Unsuckled by <ALIMT >(PH_1)</ALIMT> as a <ALIMT >sex</ALIMT>-<ALIMT >toy</ALIMT>
RV2_PreyNipplePleasureSuccess.stages.0.description,"{1} gave me a long, warm bath in their milk, right where it gets made! I feel revitalized!",description,ThoughtDefs\Thoughts_Memory_Vore.xml,def,"<ALIMT >(PH_1)</ALIMT> gave me a long, warm bath in their milk, right where it gets made! I feel revitalized!"
RV2_PreyNipplePleasureInterrupted.stages.0.label,Unsuckling by {0} as a sex-toy interrupted,label,ThoughtDefs\Thoughts_Memory_Vore.xml,def,Unsuckling by <ALIMT >(PH_1)</ALIMT> as a <ALIMT >sex</ALIMT>-<ALIMT >toy</ALIMT> interrupted
RV2_PreyNipplePleasureInterrupted.stages.0.description,"{1} tried to draw me a milk-bath, but we were interrupted. I was hoping to relieve some tension in the spa...",description,ThoughtDefs\Thoughts_Memory_Vore.xml,def,"<ALIMT >(PH_1)</ALIMT> tried to draw me a milk-bath, but we were interrupted. I was hoping to relieve some tension in the spa..."
RV2_PredatorNippleStoreEnd.stages.0.label,Released {0} from breast-storage,label,ThoughtDefs\Thoughts_Memory_Vore.xml,def,Released <ALIMT >(PH_1)</ALIMT> from <ALIMT >breast</ALIMT>-storage
RV2_PredatorNippleStoreEnd.stages.0.description,"Oh, my back is ever so grateful!",description,ThoughtDefs\Thoughts_Memory_Vore.xml,def,"Oh, my back is ever so grateful!"
RV2_PreyNippleStoreEnd.stages.0.label,Released from {0}'s breast-storage,label,ThoughtDefs\Thoughts_Memory_Vore.xml,def,Released from <ALIMT >(PH_1)</ALIMT>'s <ALIMT >breast</ALIMT>-storage
RV2_PreyNippleStoreEnd.stages.0.description,It's nice to have room to stretch again.,description,ThoughtDefs\Thoughts_Memory_Vore.xml,def,It's nice to have room to stretch again.
RV2_PredatorNippleHealSuccess.stages.0.label,Healed {0} in their breasts,label,ThoughtDefs\Thoughts_Memory_Vore.xml,def,Healed <ALIMT >(PH_1)</ALIMT> in their <ALIMT >breasts</ALIMT>
RV2_PredatorNippleHealSuccess.stages.0.description,Good as new!,description,ThoughtDefs\Thoughts_Memory_Vore.xml,def,Good as new!
RV2_PreyNippleHealSuccess.stages.0.label,Healed by {0}'s breasts,label,ThoughtDefs\Thoughts_Memory_Vore.xml,def,Healed by <ALIMT >(PH_1)</ALIMT>'s <ALIMT >breasts</ALIMT>
RV2_PreyNippleHealSuccess.stages.0.description,I had a reinvigorating bath.,description,ThoughtDefs\Thoughts_Memory_Vore.xml,def,I had a reinvigorating bath.
RV2_FatallyVoredMemory_Social.stages.0.label,fatally vored someone I liked,label,ThoughtDefs\Thoughts_Memory_Vore_Digested.xml,def,fatally vored someone I liked
RV2_FatallyVoredMemory_Rival_Social.stages.0.label,fatally vored my rival in a way I like,label,ThoughtDefs\Thoughts_Memory_Vore_Digested.xml,def,fatally vored my rival in a way I like
RV2_FatallyVoredMemory_Mood.stages.0.label,A friend was fatally vored,label,ThoughtDefs\Thoughts_Memory_Vore_Digested.xml,def,A friend was fatally vored
RV2_FatallyVoredMemory_Mood.stages.0.description,Someone I like was gurgled into nothingness...,description,ThoughtDefs\Thoughts_Memory_Vore_Digested.xml,def,Someone I like was gurgled into nothingness...
RV2_FatallyVoredMemory_Rival_Mood.stages.0.label,A rival was fatally vored,label,ThoughtDefs\Thoughts_Memory_Vore_Digested.xml,def,A rival was fatally vored
RV2_FatallyVoredMemory_Rival_Mood.stages.0.description,"Hah, serves them right",description,ThoughtDefs\Thoughts_Memory_Vore_Digested.xml,def,"Hah, serves them right"
RV2_DeniedVoreProposal_Social.stages.0.label,vore proposal denied,label,ThoughtDefs\Thoughts_Memory_Vore_Proposals.xml,def,<ALIMT >vore</ALIMT> proposal denied
RV2_DeniedVoreProposalObsessed_Social.stages.0.label,vore proposal denied (obsessed),label,ThoughtDefs\Thoughts_Memory_Vore_Proposals.xml,def,<ALIMT >vore</ALIMT> proposal denied (obsessed)
RV2_DeniedVoreProposal_Mood.stages.0.label,vore proposal denied,label,ThoughtDefs\Thoughts_Memory_Vore_Proposals.xml,def,<ALIMT >vore</ALIMT> proposal denied
RV2_DeniedVoreProposal_Mood.stages.0.description,Someone denied my vore proposal.,description,ThoughtDefs\Thoughts_Memory_Vore_Proposals.xml,def,Someone denied my <ALIMT >vore</ALIMT> proposal.
RV2_DeniedVoreProposalObsessed_Mood.stages.0.label,vore proposal denied (obsessed),label,ThoughtDefs\Thoughts_Memory_Vore_Proposals.xml,def,<ALIMT >vore</ALIMT> proposal denied (obsessed)
RV2_DeniedVoreProposalObsessed_Mood.stages.0.description,Someone denied a vore proposal for something I have a massive fetish for! How inconsiderate!,description,ThoughtDefs\Thoughts_Memory_Vore_Proposals.xml,def,Someone denied a <ALIMT >vore</ALIMT> proposal for something I have a massive fetish for! How inconsiderate!
RV2_DispositionMatch_Prey.stages.0.label,preyslut likes ravenous predator,label,ThoughtDefs\Thoughts_Situation_Social_Vore_Quirks.xml,def,preyslut likes ravenous predator
RV2_DispositionMatch_Predator.stages.0.label,ravenous predator likes preyslut,label,ThoughtDefs\Thoughts_Situation_Social_Vore_Quirks.xml,def,ravenous predator likes preyslut
RV2_GoalPreferenceMatch_Digestion_Prey.stages.0.label,digestion-wish likes obsessive fondeur,label,ThoughtDefs\Thoughts_Situation_Social_Vore_Quirks.xml,def,digestion-wish likes obsessive fondeur
RV2_GoalPreferenceMatch_Digestion_Predator.stages.0.label,Obsessive fondeur likes digestion-wish,label,ThoughtDefs\Thoughts_Situation_Social_Vore_Quirks.xml,def,Obsessive fondeur likes digestion-wish
RV2_GoalPreferenceMatch_Pleasure_Prey.stages.0.label,godemichet likes obsessive plaire,label,ThoughtDefs\Thoughts_Situation_Social_Vore_Quirks.xml,def,godemichet likes obsessive plaire
RV2_GoalPreferenceMatch_Pleasure_Predator.stages.0.label,obsessive plaire likes godemichet,label,ThoughtDefs\Thoughts_Situation_Social_Vore_Quirks.xml,def,obsessive plaire likes godemichet
RV2_GoalPreferenceMatch_Store_Prey.stages.0.label,shut-in prey likes geolier hoarder,label,ThoughtDefs\Thoughts_Situation_Social_Vore_Quirks.xml,def,shut-in prey likes geolier hoarder
RV2_GoalPreferenceMatch_Store_Predator.stages.0.label,geolier hoarder prey likes shut-in,label,ThoughtDefs\Thoughts_Situation_Social_Vore_Quirks.xml,def,geolier hoarder prey likes shut-in
RV2_TypePreferenceMatch_Anal_Prey.stages.0.label,obsessive analist likes ravenous analist,label,ThoughtDefs\Thoughts_Situation_Social_Vore_Quirks.xml,def,obsessive analist likes ravenous analist
RV2_TypePreferenceMatch_Anal_Predator.stages.0.label,ravenous analist likes obsessive analist,label,ThoughtDefs\Thoughts_Situation_Social_Vore_Quirks.xml,def,ravenous analist likes obsessive analist
RV2_TypePreferenceMatch_Cock_Prey.stages.0.label,obsessive phallicist likes ravenous phallicist,label,ThoughtDefs\Thoughts_Situation_Social_Vore_Quirks.xml,def,obsessive phallicist likes ravenous phallicist
RV2_TypePreferenceMatch_Cock_Predator.stages.0.label,ravenous phallicist likes obsessive phallicist,label,ThoughtDefs\Thoughts_Situation_Social_Vore_Quirks.xml,def,ravenous phallicist likes obsessive phallicist
RV2_TypePreferenceMatch_Nipple_Prey.stages.0.label,obsessive mammilist likes ravenous mammilist,label,ThoughtDefs\Thoughts_Situation_Social_Vore_Quirks.xml,def,obsessive mammilist likes ravenous mammilist
RV2_TypePreferenceMatch_Nipple_Predator.stages.0.label,ravenous mammilist likes obsessive mammilist,label,ThoughtDefs\Thoughts_Situation_Social_Vore_Quirks.xml,def,ravenous mammilist likes obsessive mammilist
RV2_TypePreferenceMatch_Oral_Prey.stages.0.label,obsessive oralist likes ravenous oralist,label,ThoughtDefs\Thoughts_Situation_Social_Vore_Quirks.xml,def,obsessive oralist likes ravenous oralist
RV2_TypePreferenceMatch_Oral_Predator.stages.0.label,ravenous oralist likes obsessive oralist,label,ThoughtDefs\Thoughts_Situation_Social_Vore_Quirks.xml,def,ravenous oralist likes obsessive oralist
RV2_TypePreferenceMatch_Vaginal_Prey.stages.0.label,obsessive yonicist likes ravenous yonicist,label,ThoughtDefs\Thoughts_Situation_Social_Vore_Quirks.xml,def,obsessive yonicist likes ravenous yonicist
RV2_TypePreferenceMatch_Vaginal_Predator.stages.0.label,ravenous yonicist likes obsessive yonicist,label,ThoughtDefs\Thoughts_Situation_Social_Vore_Quirks.xml,def,ravenous yonicist likes obsessive yonicist
RV2_PreyStruggling.stages.0.label,Struggling prey,label,ThoughtDefs\Thoughts_Situation_Struggle.xml,def,Struggling prey
RV2_PreyStruggling.stages.0.description,Oh that feels weird,description,ThoughtDefs\Thoughts_Situation_Struggle.xml,def,Oh that feels weird
RV2_PreyStruggling.stages.1.label,Multiple struggling prey,label,ThoughtDefs\Thoughts_Situation_Struggle.xml,def,Multiple struggling prey
RV2_PreyStruggling.stages.1.description,Feels like a bad belly ache...,description,ThoughtDefs\Thoughts_Situation_Struggle.xml,def,Feels like a bad belly ache...
RV2_PreyStruggling_Loved.stages.0.label,Struggling prey,label,ThoughtDefs\Thoughts_Situation_Struggle.xml,def,Struggling prey
RV2_PreyStruggling_Loved.stages.0.description,That feels wonderful,description,ThoughtDefs\Thoughts_Situation_Struggle.xml,def,That feels wonderful
RV2_PreyStruggling_Loved.stages.1.label,Multiple struggling prey,label,ThoughtDefs\Thoughts_Situation_Struggle.xml,def,Multiple struggling prey
RV2_PreyStruggling_Loved.stages.1.description,Yes! Keep wiggling around in there!,description,ThoughtDefs\Thoughts_Situation_Struggle.xml,def,Yes! Keep wiggling around in there!
RV2_PreyStruggling_Hated.stages.0.label,Struggling prey,label,ThoughtDefs\Thoughts_Situation_Struggle.xml,def,Struggling prey
RV2_PreyStruggling_Hated.stages.0.description,What a horrible feeling,description,ThoughtDefs\Thoughts_Situation_Struggle.xml,def,What a horrible feeling
RV2_PreyStruggling_Hated.stages.1.label,Multiple struggling prey,label,ThoughtDefs\Thoughts_Situation_Struggle.xml,def,Multiple struggling prey
RV2_PreyStruggling_Hated.stages.1.description,"This disgusting feeling, make it stop! Please!",description,ThoughtDefs\Thoughts_Situation_Struggle.xml,def,"This disgusting feeling, make it <ALIMT >stop</ALIMT>! Please!"
RV2_PreyInAnusDumping.stages.0.label,Dumping remains out of ass,label,ThoughtDefs\Thoughts_Situation_Vore.xml,def,Dumping remains out of <ALIMT >ass</ALIMT>
RV2_PreyInAnusDumping.stages.0.description,Good riddance!,description,ThoughtDefs\Thoughts_Situation_Vore.xml,def,Good riddance!
RV2_PreyInAnusDumping.stages.1.label,Dumping multiple remains out of ass,label,ThoughtDefs\Thoughts_Situation_Vore.xml,def,Dumping multiple remains out of <ALIMT >ass</ALIMT>
RV2_PreyInAnusDumping.stages.1.description,I'm gonna be sitting here a while...,description,ThoughtDefs\Thoughts_Situation_Vore.xml,def,I'm gonna be sitting here a while...
RV2_PreyInAnusExiting.stages.0.label,Dumping live prey out of ass,label,ThoughtDefs\Thoughts_Situation_Vore.xml,def,Dumping live prey out of <ALIMT >ass</ALIMT>
RV2_PreyInAnusExiting.stages.0.description,Time's up!,description,ThoughtDefs\Thoughts_Situation_Vore.xml,def,Time's up!
RV2_PreyInAnusExiting.stages.1.label,Dumping multiple live prey out of ass,label,ThoughtDefs\Thoughts_Situation_Vore.xml,def,Dumping multiple live prey out of <ALIMT >ass</ALIMT>
RV2_PreyInAnusExiting.stages.1.description,How many people did I eat...?,description,ThoughtDefs\Thoughts_Situation_Vore.xml,def,How many people did I eat...?
RV2_PreyInAnusPassing.stages.0.label,Posternating prey,label,ThoughtDefs\Thoughts_Situation_Vore.xml,def,Posternating prey
RV2_PreyInAnusPassing.stages.0.description,"Come on through my backdoor, why don't you?~",description,ThoughtDefs\Thoughts_Situation_Vore.xml,def,"Come on through my backdoor, why don't you?~"
RV2_PreyInAnusPassing.stages.1.label,Posternating multiple prey,label,ThoughtDefs\Thoughts_Situation_Vore.xml,def,Posternating multiple prey
RV2_PreyInAnusPassing.stages.1.description,I'm gonna be walking funny after this...,description,ThoughtDefs\Thoughts_Situation_Vore.xml,def,I'm gonna be walking funny after this...
RV2_PreyInAnusPleasuring.stages.0.label,Pleasuring asshole with prey,label,ThoughtDefs\Thoughts_Situation_Vore.xml,def,Pleasuring asshole with prey
RV2_PreyInAnusPleasuring.stages.0.description,"Come on through my backdoor, why don't you?~",description,ThoughtDefs\Thoughts_Situation_Vore.xml,def,"Come on through my backdoor, why don't you?~"
RV2_PreyInAnusPleasuring.stages.1.label,Pleasuring asshole with multiple prey,label,ThoughtDefs\Thoughts_Situation_Vore.xml,def,Pleasuring asshole with multiple prey
RV2_PreyInAnusPleasuring.stages.1.description,I'm gonna be walking funny after this...,description,ThoughtDefs\Thoughts_Situation_Vore.xml,def,I'm gonna be walking funny after this...
RV2_PreyInBreastsConvertingMilk.stages.0.label,Lactifying prey in breast,label,ThoughtDefs\Thoughts_Situation_Vore.xml,def,Lactifying prey in <ALIMT >breast</ALIMT>
RV2_PreyInBreastsConvertingMilk.stages.0.description,There's that gentle tingle I love...~,description,ThoughtDefs\Thoughts_Situation_Vore.xml,def,There's that gentle tingle I love...~
RV2_PreyInBreastsConvertingMilk.stages.1.label,Lactifying two prey in breasts,label,ThoughtDefs\Thoughts_Situation_Vore.xml,def,Lactifying two prey in <ALIMT >breasts</ALIMT>
RV2_PreyInBreastsConvertingMilk.stages.1.description,"I suppose udders don't have the same symmetry problems. Mmh, I can't wait to have a taste!",description,ThoughtDefs\Thoughts_Situation_Vore.xml,def,"I suppose udders don't have the same symmetry problems. Mmh, I can't wait to have a taste!"
RV2_PreyInBreastsConvertingMilk.stages.2.label,Lactifying three prey in breasts,label,ThoughtDefs\Thoughts_Situation_Vore.xml,def,Lactifying three prey in <ALIMT >breasts</ALIMT>
RV2_PreyInBreastsConvertingMilk.stages.2.description,I bet cows are envious of me!,description,ThoughtDefs\Thoughts_Situation_Vore.xml,def,I bet cows are envious of me!
RV2_PreyInBreastsConvertingMilk.stages.3.label,Lactifying several prey in breasts,label,ThoughtDefs\Thoughts_Situation_Vore.xml,def,Lactifying several prey in <ALIMT >breasts</ALIMT>
RV2_PreyInBreastsConvertingMilk.stages.3.description,I'll have enough to feed the colony for days... Or just myself.~,description,ThoughtDefs\Thoughts_Situation_Vore.xml,def,I'll have enough to feed the colony for days... Or just myself.~
RV2_PreyInBreastsDissolvingMilk.stages.0.label,Dissolving prey into breastmilk,label,ThoughtDefs\Thoughts_Situation_Vore.xml,def,Dissolving prey into breastmilk
RV2_PreyInBreastsDissolvingMilk.stages.0.description,Ever wanted to nurture something to the fullest?,description,ThoughtDefs\Thoughts_Situation_Vore.xml,def,Ever wanted to nurture something to the fullest?
RV2_PreyInBreastsDissolvingMilk.stages.1.label,Dissolving two prey into breastmilk,label,ThoughtDefs\Thoughts_Situation_Vore.xml,def,Dissolving two prey into breastmilk
RV2_PreyInBreastsDissolvingMilk.stages.1.description,You two'll just be milk flowing from my taps here soon.,description,ThoughtDefs\Thoughts_Situation_Vore.xml,def,You two'll just be milk flowing from my taps here soon.
RV2_PreyInBreastsDissolvingMilk.stages.2.label,Dissolving three prey into breastmilk,label,ThoughtDefs\Thoughts_Situation_Vore.xml,def,Dissolving three prey into breastmilk
RV2_PreyInBreastsDissolvingMilk.stages.2.description,You think I can't handle a little thrashing in my dugs?,description,ThoughtDefs\Thoughts_Situation_Vore.xml,def,You think I can't handle a little thrashing in my dugs?
RV2_PreyInBreastsDissolvingMilk.stages.3.label,Dissolving several prey into breastmilk,label,ThoughtDefs\Thoughts_Situation_Vore.xml,def,Dissolving several prey into breastmilk
RV2_PreyInBreastsDissolvingMilk.stages.3.description,I hope we can drink all of y'all before you spoil!,description,ThoughtDefs\Thoughts_Situation_Vore.xml,def,I hope we can drink all of y'all before you spoil!
RV2_PreyInBreastsMushingMilk.stages.0.label,Breaking down prey into breastmilk,label,ThoughtDefs\Thoughts_Situation_Vore.xml,def,Breaking down prey into breastmilk
RV2_PreyInBreastsMushingMilk.stages.0.description,Gone soft already?,description,ThoughtDefs\Thoughts_Situation_Vore.xml,def,Gone soft already?
RV2_PreyInBreastsMushingMilk.stages.1.label,Breaking down two prey into breastmilk,label,ThoughtDefs\Thoughts_Situation_Vore.xml,def,Breaking down two prey into breastmilk
RV2_PreyInBreastsMushingMilk.stages.1.description,Back to the old jiggle-and-wobble.,description,ThoughtDefs\Thoughts_Situation_Vore.xml,def,Back to the old jiggle-and-wobble.
RV2_PreyInBreastsMushingMilk.stages.2.label,Breaking down three prey into breastmilk,label,ThoughtDefs\Thoughts_Situation_Vore.xml,def,Breaking down three prey into breastmilk
RV2_PreyInBreastsMushingMilk.stages.2.description,"Sure is a shame I can't redistribute the load now that you're churning down. Ah, well!~",description,ThoughtDefs\Thoughts_Situation_Vore.xml,def,"Sure is a shame I can't redistribute the load now that you're churning down. Ah, well!~"
RV2_PreyInBreastsMushingMilk.stages.3.label,Breaking down several prey into breastmilk,label,ThoughtDefs\Thoughts_Situation_Vore.xml,def,Breaking down several prey into breastmilk
RV2_PreyInBreastsMushingMilk.stages.3.description,I can already feel that familiar tingle!,description,ThoughtDefs\Thoughts_Situation_Vore.xml,def,I can already feel that familiar tingle!
RV2_PreyInBreastsPleasuring.stages.0.label,Pleasuring prey in breast,label,ThoughtDefs\Thoughts_Situation_Vore.xml,def,Pleasuring prey in <ALIMT >breast</ALIMT>
RV2_PreyInBreastsPleasuring.stages.0.description,Don't stop...,description,ThoughtDefs\Thoughts_Situation_Vore.xml,def,Don't <ALIMT >stop</ALIMT>...
RV2_PreyInBreastsPleasuring.stages.1.label,Pleasuring two prey in breasts,label,ThoughtDefs\Thoughts_Situation_Vore.xml,def,Pleasuring two prey in <ALIMT >breasts</ALIMT>
RV2_PreyInBreastsPleasuring.stages.1.description,"Keep going, both of you...!",description,ThoughtDefs\Thoughts_Situation_Vore.xml,def,"Keep going, both of you...!"
RV2_PreyInBreastsPleasuring.stages.2.label,Pleasuring three prey in breasts,label,ThoughtDefs\Thoughts_Situation_Vore.xml,def,Pleasuring three prey in <ALIMT >breasts</ALIMT>
RV2_PreyInBreastsPleasuring.stages.2.description,Three... all at once!,description,ThoughtDefs\Thoughts_Situation_Vore.xml,def,Three... all at once!
RV2_PreyInBreastsPleasuring.stages.3.label,Pleasuring several prey in breasts,label,ThoughtDefs\Thoughts_Situation_Vore.xml,def,Pleasuring several prey in <ALIMT >breasts</ALIMT>
RV2_PreyInBreastsPleasuring.stages.3.description,I'M GONNA--,description,ThoughtDefs\Thoughts_Situation_Vore.xml,def,I'M GONNA--
RV2_PreyInBreastsStoring.stages.0.label,Prey stored in breast,label,ThoughtDefs\Thoughts_Situation_Vore.xml,def,Prey stored in <ALIMT >breast</ALIMT>
RV2_PreyInBreastsStoring.stages.0.description,"My tit's laden. A bit unbalanced, but delightful all the same!",description,ThoughtDefs\Thoughts_Situation_Vore.xml,def,"My tit's laden. A bit unbalanced, but delightful all the same!"
RV2_PreyInBreastsStoring.stages.1.label,Two prey stored in breasts,label,ThoughtDefs\Thoughts_Situation_Vore.xml,def,Two prey stored in <ALIMT >breasts</ALIMT>
RV2_PreyInBreastsStoring.stages.1.description,"Two prey, one in each jug: the perfect ratio!",description,ThoughtDefs\Thoughts_Situation_Vore.xml,def,"Two prey, one in each jug: the perfect ratio!"
RV2_PreyInBreastsStoring.stages.2.label,Three prey stored in breasts,label,ThoughtDefs\Thoughts_Situation_Vore.xml,def,Three prey stored in <ALIMT >breasts</ALIMT>
RV2_PreyInBreastsStoring.stages.2.description,And back to imbalance--not that I'm complaining!,description,ThoughtDefs\Thoughts_Situation_Vore.xml,def,And back to imbalance--not that I'm complaining!
RV2_PreyInBreastsStoring.stages.3.label,Several prey stored in breasts,label,ThoughtDefs\Thoughts_Situation_Vore.xml,def,Several prey stored in <ALIMT >breasts</ALIMT>
RV2_PreyInBreastsStoring.stages.3.description,I'm so buxom now that you can't even tell if I'm asymmetrical...~,description,ThoughtDefs\Thoughts_Situation_Vore.xml,def,I'm so buxom now that you can't even tell if I'm asymmetrical...~
RV2_PreyInBreastsWarming.stages.0.label,Warming up breast for prey,label,ThoughtDefs\Thoughts_Situation_Vore.xml,def,Warming up <ALIMT >breast</ALIMT> for prey
RV2_PreyInBreastsWarming.stages.0.description,"Oh, the plans I have for you!",description,ThoughtDefs\Thoughts_Situation_Vore.xml,def,"Oh, the plans I have for you!"
RV2_PreyInBreastsWarming.stages.1.label,Warming up breasts for multiple prey,label,ThoughtDefs\Thoughts_Situation_Vore.xml,def,Warming up <ALIMT >breasts</ALIMT> for multiple prey
RV2_PreyInBreastsWarming.stages.1.description,"Oh, the plans I have for you!",description,ThoughtDefs\Thoughts_Situation_Vore.xml,def,"Oh, the plans I have for you!"
RV2_PreyInBreastsHealing.stages.0.label,Healing prey in breasts,label,ThoughtDefs\Thoughts_Situation_Vore.xml,def,Healing prey in <ALIMT >breasts</ALIMT>
RV2_PreyInBreastsHealing.stages.0.description,Let's get you patched up!,description,ThoughtDefs\Thoughts_Situation_Vore.xml,def,Let's get you patched up!
RV2_PreyInBreastsHealing.stages.1.label,Healing multiple prey in breasts,label,ThoughtDefs\Thoughts_Situation_Vore.xml,def,Healing multiple prey in <ALIMT >breasts</ALIMT>
RV2_PreyInBreastsHealing.stages.1.description,Pretty crowded...,description,ThoughtDefs\Thoughts_Situation_Vore.xml,def,Pretty crowded...
RV2_PreyInCockDumpingOrgasm.stages.0.label,Jizzing out remains,label,ThoughtDefs\Thoughts_Situation_Vore.xml,def,Jizzing out remains
RV2_PreyInCockDumpingOrgasm.stages.0.description,Let's see how big a load you made!,description,ThoughtDefs\Thoughts_Situation_Vore.xml,def,Let's see how big a load you made!
RV2_PreyInCockDumpingOrgasm.stages.1.label,Jizzing out multiple remains,label,ThoughtDefs\Thoughts_Situation_Vore.xml,def,Jizzing out multiple remains
RV2_PreyInCockDumpingOrgasm.stages.1.description,Gonna paint the town white!~,description,ThoughtDefs\Thoughts_Situation_Vore.xml,def,Gonna <ALIMT >paint</ALIMT> the town white!~
RV2_PreyInCockDumpingStream.stages.0.label,Hosing out remains from cock,label,ThoughtDefs\Thoughts_Situation_Vore.xml,def,Hosing out remains from cock
RV2_PreyInCockDumpingStream.stages.0.description,I feel like a power washer.,description,ThoughtDefs\Thoughts_Situation_Vore.xml,def,I feel like a power washer.
RV2_PreyInCockDumpingStream.stages.1.label,Hosing out multiple remains from cock,label,ThoughtDefs\Thoughts_Situation_Vore.xml,def,Hosing out multiple remains from cock
RV2_PreyInCockDumpingStream.stages.1.description,I could get a job as a public fountain!,description,ThoughtDefs\Thoughts_Situation_Vore.xml,def,I could get a job as a <ALIMT >public</ALIMT> fountain!
RV2_PreyInCockExiting.stages.0.label,Jizzing out live prey,label,ThoughtDefs\Thoughts_Situation_Vore.xml,def,Jizzing out live prey
RV2_PreyInCockExiting.stages.0.description,"You've earned your freedom, little cumsluts!~",description,ThoughtDefs\Thoughts_Situation_Vore.xml,def,"You've earned your freedom, little cumsluts!~"
RV2_PreyInCockExiting.stages.1.label,Jizzing out multiple live prey,label,ThoughtDefs\Thoughts_Situation_Vore.xml,def,Jizzing out multiple live prey
RV2_PreyInCockExiting.stages.1.description,"OH SWEET MERCY, ONE AT A TIME!",description,ThoughtDefs\Thoughts_Situation_Vore.xml,def,"OH SWEET MERCY, ONE AT A TIME!"
RV2_PreyInCockExitingOrgasm.stages.0.label,Jizzing out live prey,label,ThoughtDefs\Thoughts_Situation_Vore.xml,def,Jizzing out live prey
RV2_PreyInCockExitingOrgasm.stages.0.description,"You've earned your freedom, little cumsluts!~",description,ThoughtDefs\Thoughts_Situation_Vore.xml,def,"You've earned your freedom, little cumsluts!~"
RV2_PreyInCockExitingOrgasm.stages.1.label,Jizzing out multiple live prey,label,ThoughtDefs\Thoughts_Situation_Vore.xml,def,Jizzing out multiple live prey
RV2_PreyInCockExitingOrgasm.stages.1.description,"OH SWEET MERCY, ONE AT A TIME!",description,ThoughtDefs\Thoughts_Situation_Vore.xml,def,"OH SWEET MERCY, ONE AT A TIME!"
RV2_PreyInCockExitingStream.stages.0.label,Hosing out live prey from cock,label,ThoughtDefs\Thoughts_Situation_Vore.xml,def,Hosing out live prey from cock
RV2_PreyInCockExitingStream.stages.0.description,I'm a living waterslide!,description,ThoughtDefs\Thoughts_Situation_Vore.xml,def,I'm a living waterslide!
RV2_PreyInCockExitingStream.stages.1.label,Hosing out multiple live prey from cock,label,ThoughtDefs\Thoughts_Situation_Vore.xml,def,Hosing out multiple live prey from cock
RV2_PreyInCockExitingStream.stages.1.description,Hey! That's too many riders at once!,description,ThoughtDefs\Thoughts_Situation_Vore.xml,def,Hey! That's too many riders at once!
RV2_PreyInCockPassing.stages.0.label,Unsowing prey,label,ThoughtDefs\Thoughts_Situation_Vore.xml,def,Unsowing prey
RV2_PreyInCockPassing.stages.0.description,"That's it, down the chute with you...~",description,ThoughtDefs\Thoughts_Situation_Vore.xml,def,"That's it, down the chute with you...~"
RV2_PreyInCockPassing.stages.1.label,Unsowing multiple prey,label,ThoughtDefs\Thoughts_Situation_Vore.xml,def,Unsowing multiple prey
RV2_PreyInCockPassing.stages.1.description,So... tight...~,description,ThoughtDefs\Thoughts_Situation_Vore.xml,def,So... tight...~
RV2_PreyInCockPleasuring.stages.0.label,Sounding with prey,label,ThoughtDefs\Thoughts_Situation_Vore.xml,def,Sounding with prey
RV2_PreyInCockPleasuring.stages.0.description,"Little preything, sounding off!~",description,ThoughtDefs\Thoughts_Situation_Vore.xml,def,"Little preything, sounding off!~"
RV2_PreyInCockPleasuring.stages.1.label,Sounding with multiple prey,label,ThoughtDefs\Thoughts_Situation_Vore.xml,def,Sounding with multiple prey
RV2_PreyInCockPleasuring.stages.1.description,So... tight...,description,ThoughtDefs\Thoughts_Situation_Vore.xml,def,So... tight...
RV2_PreyInIntestinesExiting.stages.0.label,Prey leaving intestines,label,ThoughtDefs\Thoughts_Situation_Vore.xml,def,Prey leaving intestines
RV2_PreyInIntestinesExiting.stages.0.description,Someone's on the way out.,description,ThoughtDefs\Thoughts_Situation_Vore.xml,def,Someone's on the way out.
RV2_PreyInIntestinesExiting.stages.1.label,Two prey leaving intestines,label,ThoughtDefs\Thoughts_Situation_Vore.xml,def,Two prey leaving intestines
RV2_PreyInIntestinesExiting.stages.1.description,"Two gut-sluts, coming through!",description,ThoughtDefs\Thoughts_Situation_Vore.xml,def,"Two gut-sluts, coming through!"
RV2_PreyInIntestinesExiting.stages.2.label,Three prey leaving intestines,label,ThoughtDefs\Thoughts_Situation_Vore.xml,def,Three prey leaving intestines
RV2_PreyInIntestinesExiting.stages.2.description,So wonderfully heavy...~,description,ThoughtDefs\Thoughts_Situation_Vore.xml,def,So wonderfully heavy...~
RV2_PreyInIntestinesExiting.stages.3.label,Several prey leaving intestines,label,ThoughtDefs\Thoughts_Situation_Vore.xml,def,Several prey leaving intestines
RV2_PreyInIntestinesExiting.stages.3.description,Here's hoping I don't get backed up!,description,ThoughtDefs\Thoughts_Situation_Vore.xml,def,Here's hoping I don't get backed up!
RV2_PreyInIntestinesPassing.stages.0.label,Stomach-bound prey in intestines,label,ThoughtDefs\Thoughts_Situation_Vore.xml,def,Stomach-<ALIMT >bound</ALIMT> prey in intestines
RV2_PreyInIntestinesPassing.stages.0.description,One prey stuck where the sun don't shine.,description,ThoughtDefs\Thoughts_Situation_Vore.xml,def,One prey stuck where the sun don't shine.
RV2_PreyInIntestinesPassing.stages.1.label,Two stomach-bound prey in intestines,label,ThoughtDefs\Thoughts_Situation_Vore.xml,def,Two stomach-<ALIMT >bound</ALIMT> prey in intestines
RV2_PreyInIntestinesPassing.stages.1.description,"Two prey, coiled up tight in my innards.",description,ThoughtDefs\Thoughts_Situation_Vore.xml,def,"Two prey, coiled up tight in my innards."
RV2_PreyInIntestinesPassing.stages.2.label,Three stomach-bound prey in intestines,label,ThoughtDefs\Thoughts_Situation_Vore.xml,def,Three stomach-<ALIMT >bound</ALIMT> prey in intestines
RV2_PreyInIntestinesPassing.stages.2.description,"Three little gut-sluts, all snatched up snug...",description,ThoughtDefs\Thoughts_Situation_Vore.xml,def,"Three little gut-sluts, all snatched up snug..."
RV2_PreyInIntestinesPassing.stages.3.label,Several stomach-bound prey up the butt,label,ThoughtDefs\Thoughts_Situation_Vore.xml,def,Several stomach-<ALIMT >bound</ALIMT> prey up the butt
RV2_PreyInIntestinesPassing.stages.3.description,"Oh, it's bumper-to-bumper traffic on the road from *my* bumper to my belly!~",description,ThoughtDefs\Thoughts_Situation_Vore.xml,def,"Oh, it's bumper-to-bumper traffic on the road from *my* bumper to my belly!~"
RV2_PreyInIntestinesPleasuring.stages.0.label,Pleasuring prey in intestines,label,ThoughtDefs\Thoughts_Situation_Vore.xml,def,Pleasuring prey in intestines
RV2_PreyInIntestinesPleasuring.stages.0.description,"Bound up tight there, are you?",description,ThoughtDefs\Thoughts_Situation_Vore.xml,def,"<ALIMT >bound</ALIMT> up tight there, are you?"
RV2_PreyInIntestinesPleasuring.stages.1.label,Pleasuring two prey in intestines,label,ThoughtDefs\Thoughts_Situation_Vore.xml,def,Pleasuring two prey in intestines
RV2_PreyInIntestinesPleasuring.stages.1.description,Lemme just clench down and force you up against each other...~,description,ThoughtDefs\Thoughts_Situation_Vore.xml,def,Lemme just clench down and force you up against each other...~
RV2_PreyInIntestinesPleasuring.stages.2.label,Pleasuring three prey in intestines,label,ThoughtDefs\Thoughts_Situation_Vore.xml,def,Pleasuring three prey in intestines
RV2_PreyInIntestinesPleasuring.stages.2.description,A threesome? I got plenty of room for that!,description,ThoughtDefs\Thoughts_Situation_Vore.xml,def,A <ALIMT >threesome</ALIMT>? I got plenty of room for that!
RV2_PreyInIntestinesPleasuring.stages.3.label,Pleasuring several prey in intestines,label,ThoughtDefs\Thoughts_Situation_Vore.xml,def,Pleasuring several prey in intestines
RV2_PreyInIntestinesPleasuring.stages.3.description,Party in my butt!,description,ThoughtDefs\Thoughts_Situation_Vore.xml,def,Party in my butt!
RV2_PreyInIntestinesProcessing.stages.0.label,Absorbing prey in intestines,label,ThoughtDefs\Thoughts_Situation_Vore.xml,def,Absorbing prey in intestines
RV2_PreyInIntestinesProcessing.stages.0.description,Rounded out already?,description,ThoughtDefs\Thoughts_Situation_Vore.xml,def,Rounded out already?
RV2_PreyInIntestinesProcessing.stages.1.label,Absorbing two prey in intestines,label,ThoughtDefs\Thoughts_Situation_Vore.xml,def,Absorbing two prey in intestines
RV2_PreyInIntestinesProcessing.stages.1.description,Nothing left but mush...,description,ThoughtDefs\Thoughts_Situation_Vore.xml,def,Nothing left but mush...
RV2_PreyInIntestinesProcessing.stages.2.label,Absorbing three prey in intestines,label,ThoughtDefs\Thoughts_Situation_Vore.xml,def,Absorbing three prey in intestines
RV2_PreyInIntestinesProcessing.stages.2.description,I can feel nature calling already...,description,ThoughtDefs\Thoughts_Situation_Vore.xml,def,I can feel nature calling already...
RV2_PreyInIntestinesProcessing.stages.3.label,Absorbing several prey in intestines,label,ThoughtDefs\Thoughts_Situation_Vore.xml,def,Absorbing several prey in intestines
RV2_PreyInIntestinesProcessing.stages.3.description,I could just lie on my belly like a beanbag...~,description,ThoughtDefs\Thoughts_Situation_Vore.xml,def,I could just lie on my belly like a beanbag...~
RV2_PreyInIntestinesStoring.stages.0.label,Prey stored in intestines,label,ThoughtDefs\Thoughts_Situation_Vore.xml,def,Prey stored in intestines
RV2_PreyInIntestinesStoring.stages.0.description,They're in deep!,description,ThoughtDefs\Thoughts_Situation_Vore.xml,def,They're in deep!
RV2_PreyInIntestinesStoring.stages.1.label,Two stored prey in intestines,label,ThoughtDefs\Thoughts_Situation_Vore.xml,def,Two stored prey in intestines
RV2_PreyInIntestinesStoring.stages.1.description,"Two little gut-sluts, wrapped tight like little sausage-links!~",description,ThoughtDefs\Thoughts_Situation_Vore.xml,def,"Two little gut-sluts, wrapped tight like little sausage-links!~"
RV2_PreyInIntestinesStoring.stages.2.label,Three stored prey in intestines,label,ThoughtDefs\Thoughts_Situation_Vore.xml,def,Three stored prey in intestines
RV2_PreyInIntestinesStoring.stages.2.description,"Three links, end-to-end!",description,ThoughtDefs\Thoughts_Situation_Vore.xml,def,"Three links, end-to-end!"
RV2_PreyInIntestinesStoring.stages.3.label,Several stored prey in intestines,label,ThoughtDefs\Thoughts_Situation_Vore.xml,def,Several stored prey in intestines
RV2_PreyInIntestinesStoring.stages.3.description,I hope I don't get backed up...~,description,ThoughtDefs\Thoughts_Situation_Vore.xml,def,I hope I don't get backed up...~
RV2_PreyInMouthExiting.stages.0.label,Regurgitating prey,label,ThoughtDefs\Thoughts_Situation_Vore.xml,def,Regurgitating prey
RV2_PreyInMouthExiting.stages.0.description,Dinner's coming back up...,description,ThoughtDefs\Thoughts_Situation_Vore.xml,def,Dinner's coming back up...
RV2_PreyInMouthExiting.stages.1.label,Regurgitating multiple prey,label,ThoughtDefs\Thoughts_Situation_Vore.xml,def,Regurgitating multiple prey
RV2_PreyInMouthExiting.stages.1.description,"It's like puking, but if vomit had elbows and knees in it...",description,ThoughtDefs\Thoughts_Situation_Vore.xml,def,"It's like puking, but if <ALIMT >vomit</ALIMT> had elbows and knees in it..."
RV2_PreyInMouthPassing.stages.0.label,Swallowing prey,label,ThoughtDefs\Thoughts_Situation_Vore.xml,def,Swallowing prey
RV2_PreyInMouthPassing.stages.0.description,Delicious!,description,ThoughtDefs\Thoughts_Situation_Vore.xml,def,Delicious!
RV2_PreyInMouthPassing.stages.1.label,Swallowing two prey at once,label,ThoughtDefs\Thoughts_Situation_Vore.xml,def,Swallowing two prey at once
RV2_PreyInMouthPassing.stages.1.description,"Jaws, don't fail me now!",description,ThoughtDefs\Thoughts_Situation_Vore.xml,def,"Jaws, don't fail me now!"
RV2_PreyInMouthPassing.stages.2.label,Swallowing three prey at once,label,ThoughtDefs\Thoughts_Situation_Vore.xml,def,Swallowing three prey at once
RV2_PreyInMouthPassing.stages.2.description,I think I bit off more than I can chew...,description,ThoughtDefs\Thoughts_Situation_Vore.xml,def,I think I bit off more than I can chew...
RV2_PreyInMouthPassing.stages.3.label,Swallowing several prey,label,ThoughtDefs\Thoughts_Situation_Vore.xml,def,Swallowing several prey
RV2_PreyInMouthPassing.stages.3.description,Must suppress... gag reflex...,description,ThoughtDefs\Thoughts_Situation_Vore.xml,def,Must suppress... <ALIMT >gag</ALIMT> reflex...
RV2_PreyInMouthPleasuring.stages.0.label,Pleasuring prey in mouth,label,ThoughtDefs\Thoughts_Situation_Vore.xml,def,Pleasuring prey in mouth
RV2_PreyInMouthPleasuring.stages.0.description,"Let's sample the platter, shall we?~",description,ThoughtDefs\Thoughts_Situation_Vore.xml,def,"Let's sample the platter, shall we?~"
RV2_PreyInMouthPleasuring.stages.1.label,Pleasuring prey in mouth,label,ThoughtDefs\Thoughts_Situation_Vore.xml,def,Pleasuring prey in mouth
RV2_PreyInMouthPleasuring.stages.1.description,"At this rate, I'm not sure I'll get the chance to taste *all* of you to the fullest!",description,ThoughtDefs\Thoughts_Situation_Vore.xml,def,"At this rate, I'm not sure I'll get the chance to taste *all* of you to the fullest!"
RV2_PreyExitingMouthPleasuring.stages.0.label,Pleasuring prey in mouth,label,ThoughtDefs\Thoughts_Situation_Vore.xml,def,Pleasuring prey in mouth
RV2_PreyExitingMouthPleasuring.stages.0.description,Mmh~! Still good on the way back up!,description,ThoughtDefs\Thoughts_Situation_Vore.xml,def,Mmh~! Still good on the way back up!
RV2_PreyExitingMouthPleasuring.stages.1.label,Pleasuring prey in mouth,label,ThoughtDefs\Thoughts_Situation_Vore.xml,def,Pleasuring prey in mouth
RV2_PreyExitingMouthPleasuring.stages.1.description,"I'd say ""wait your turn"", but this actually isn't so bad!",description,ThoughtDefs\Thoughts_Situation_Vore.xml,def,"I'd say ""wait your turn"", but this actually isn't so bad!"
RV2_PreyInNippleDumping.stages.0.label,Milking out remains,label,ThoughtDefs\Thoughts_Situation_Vore.xml,def,<ALIMT >milking</ALIMT> out remains
RV2_PreyInNippleDumping.stages.0.description,Anyone care for a drink?,description,ThoughtDefs\Thoughts_Situation_Vore.xml,def,Anyone care for a drink?
RV2_PreyInNippleDumping.stages.1.label,Milking out two remains,label,ThoughtDefs\Thoughts_Situation_Vore.xml,def,<ALIMT >milking</ALIMT> out two remains
RV2_PreyInNippleDumping.stages.1.description,Anyone care for a drink?,description,ThoughtDefs\Thoughts_Situation_Vore.xml,def,Anyone care for a drink?
RV2_PreyInNippleDumping.stages.2.label,Milking out multiple remains,label,ThoughtDefs\Thoughts_Situation_Vore.xml,def,<ALIMT >milking</ALIMT> out multiple remains
RV2_PreyInNippleDumping.stages.2.description,I don't know if I'll ever stop leaking after this...,description,ThoughtDefs\Thoughts_Situation_Vore.xml,def,I don't know if I'll ever <ALIMT >stop</ALIMT> leaking after this...
RV2_PreyInNippleExiting.stages.0.label,Releasing prey from nipple,label,ThoughtDefs\Thoughts_Situation_Vore.xml,def,Releasing prey from <ALIMT >nipple</ALIMT>
RV2_PreyInNippleExiting.stages.0.description,Enjoy your bath? I did!,description,ThoughtDefs\Thoughts_Situation_Vore.xml,def,Enjoy your bath? I did!
RV2_PreyInNippleExiting.stages.1.label,Releasing two prey from nipples,label,ThoughtDefs\Thoughts_Situation_Vore.xml,def,Releasing two prey from <ALIMT >nipples</ALIMT>
RV2_PreyInNippleExiting.stages.1.description,Taking out the bra-stuffers...,description,ThoughtDefs\Thoughts_Situation_Vore.xml,def,Taking out the <ALIMT >bra</ALIMT>-stuffers...
RV2_PreyInNippleExiting.stages.2.label,Releasing several prey from nipples,label,ThoughtDefs\Thoughts_Situation_Vore.xml,def,Releasing several prey from <ALIMT >nipples</ALIMT>
RV2_PreyInNippleExiting.stages.2.description,I don't know if I'll ever stop leaking after this...,description,ThoughtDefs\Thoughts_Situation_Vore.xml,def,I don't know if I'll ever <ALIMT >stop</ALIMT> leaking after this...
RV2_PreyInNipplePassing.stages.0.label,Unnursing prey,label,ThoughtDefs\Thoughts_Situation_Vore.xml,def,Unnursing prey
RV2_PreyInNipplePassing.stages.0.description,Drink up!,description,ThoughtDefs\Thoughts_Situation_Vore.xml,def,Drink up!
RV2_PreyInNipplePassing.stages.1.label,Unnursing two prey,label,ThoughtDefs\Thoughts_Situation_Vore.xml,def,Unnursing two prey
RV2_PreyInNipplePassing.stages.1.description,Gotta keep the symmetry!,description,ThoughtDefs\Thoughts_Situation_Vore.xml,def,Gotta keep the symmetry!
RV2_PreyInNipplePassing.stages.2.label,Unnursing several prey,label,ThoughtDefs\Thoughts_Situation_Vore.xml,def,Unnursing several prey
RV2_PreyInNipplePassing.stages.2.description,Two at a time! Please!~,description,ThoughtDefs\Thoughts_Situation_Vore.xml,def,Two at a time! Please!~
RV2_PreyInNipplePleasuring.stages.0.label,Pleasuring nipple with prey,label,ThoughtDefs\Thoughts_Situation_Vore.xml,def,Pleasuring <ALIMT >nipple</ALIMT> with prey
RV2_PreyInNipplePleasuring.stages.0.description,"Oh, that tingles!",description,ThoughtDefs\Thoughts_Situation_Vore.xml,def,"Oh, that tingles!"
RV2_PreyInNipplePleasuring.stages.1.label,Pleasuring nipple with two prey,label,ThoughtDefs\Thoughts_Situation_Vore.xml,def,Pleasuring <ALIMT >nipple</ALIMT> with two prey
RV2_PreyInNipplePleasuring.stages.1.description,"Pump 'em in, pump 'em out!",description,ThoughtDefs\Thoughts_Situation_Vore.xml,def,"Pump 'em in, pump 'em out!"
RV2_PreyInNipplePleasuring.stages.2.label,Pleasuring nipple with multiple prey,label,ThoughtDefs\Thoughts_Situation_Vore.xml,def,Pleasuring <ALIMT >nipple</ALIMT> with multiple prey
RV2_PreyInNipplePleasuring.stages.2.description,"I really ought to do this one per nip, but...",description,ThoughtDefs\Thoughts_Situation_Vore.xml,def,"I really ought to do this one per nip, but..."
RV2_PreyInStomachChurning.stages.0.label,Breaking down prey in stomach,label,ThoughtDefs\Thoughts_Situation_Vore.xml,def,Breaking down prey in stomach
RV2_PreyInStomachChurning.stages.0.description,Stopped kicking? Already stewing into mush...,description,ThoughtDefs\Thoughts_Situation_Vore.xml,def,Stopped kicking? Already stewing into mush...
RV2_PreyInStomachChurning.stages.1.label,Breaking down two prey in stomach,label,ThoughtDefs\Thoughts_Situation_Vore.xml,def,Breaking down two prey in stomach
RV2_PreyInStomachChurning.stages.1.description,I'm feeling a bit gassy already.,description,ThoughtDefs\Thoughts_Situation_Vore.xml,def,I'm feeling a bit gassy already.
RV2_PreyInStomachChurning.stages.2.label,Breaking down three prey in stomach,label,ThoughtDefs\Thoughts_Situation_Vore.xml,def,Breaking down three prey in stomach
RV2_PreyInStomachChurning.stages.2.description,"I'm really urpy now! But, like, in a good way!",description,ThoughtDefs\Thoughts_Situation_Vore.xml,def,"I'm really urpy now! But, like, in a good way!"
RV2_PreyInStomachChurning.stages.3.label,Breaking down several prey in stomach,label,ThoughtDefs\Thoughts_Situation_Vore.xml,def,Breaking down several prey in stomach
RV2_PreyInStomachChurning.stages.3.description,Still no regrets!~,description,ThoughtDefs\Thoughts_Situation_Vore.xml,def,Still no regrets!~
RV2_PreyInStomachDigesting.stages.0.label,Digesting prey in stomach,label,ThoughtDefs\Thoughts_Situation_Vore.xml,def,Digesting prey in stomach
RV2_PreyInStomachDigesting.stages.0.description,A proper meal!,description,ThoughtDefs\Thoughts_Situation_Vore.xml,def,A proper meal!
RV2_PreyInStomachDigesting.stages.1.label,Digesting two prey in stomach,label,ThoughtDefs\Thoughts_Situation_Vore.xml,def,Digesting two prey in stomach
RV2_PreyInStomachDigesting.stages.1.description,"So good, I went back for seconds!",description,ThoughtDefs\Thoughts_Situation_Vore.xml,def,"So good, I went back for seconds!"
RV2_PreyInStomachDigesting.stages.2.label,Digesting three prey in stomach,label,ThoughtDefs\Thoughts_Situation_Vore.xml,def,Digesting three prey in stomach
RV2_PreyInStomachDigesting.stages.2.description,"Three whole prey, all gurgling away!",description,ThoughtDefs\Thoughts_Situation_Vore.xml,def,"Three whole prey, all gurgling away!"
RV2_PreyInStomachDigesting.stages.3.label,Digesting several prey in stomach,label,ThoughtDefs\Thoughts_Situation_Vore.xml,def,Digesting several prey in stomach
RV2_PreyInStomachDigesting.stages.3.description,I don't care if all these morsels give me indigestion. No regrets!~,description,ThoughtDefs\Thoughts_Situation_Vore.xml,def,I don't care if all these morsels give me indigestion. No regrets!~
RV2_PreyInStomachPleasuring.stages.0.label,Pleasuring prey in stomach,label,ThoughtDefs\Thoughts_Situation_Vore.xml,def,Pleasuring prey in stomach
RV2_PreyInStomachPleasuring.stages.0.description,Sit tight and let my muscles give you a massage...,description,ThoughtDefs\Thoughts_Situation_Vore.xml,def,Sit tight and let my muscles give you a <ALIMT >massage</ALIMT>...
RV2_PreyInStomachPleasuring.stages.1.label,Pleasuring two prey in stomach,label,ThoughtDefs\Thoughts_Situation_Vore.xml,def,Pleasuring two prey in stomach
RV2_PreyInStomachPleasuring.stages.1.description,"Double the prey, double the pleasure!",description,ThoughtDefs\Thoughts_Situation_Vore.xml,def,"Double the prey, double the pleasure!"
RV2_PreyInStomachPleasuring.stages.2.label,Pleasuring three prey stored in stomach,label,ThoughtDefs\Thoughts_Situation_Vore.xml,def,Pleasuring three prey stored in stomach
RV2_PreyInStomachPleasuring.stages.2.description,Triple the prey... triple the... yeah...,description,ThoughtDefs\Thoughts_Situation_Vore.xml,def,Triple the prey... triple the... yeah...
RV2_PreyInStomachPleasuring.stages.3.label,Pleasuring four prey stored in stomach,label,ThoughtDefs\Thoughts_Situation_Vore.xml,def,Pleasuring four prey stored in stomach
RV2_PreyInStomachPleasuring.stages.3.description,So... full...,description,ThoughtDefs\Thoughts_Situation_Vore.xml,def,So... full...
RV2_PreyInStomachStoring.stages.0.label,Prey stored in stomach,label,ThoughtDefs\Thoughts_Situation_Vore.xml,def,Prey stored in stomach
RV2_PreyInStomachStoring.stages.0.description,Nothing quite like a full belly. Especially one that doesn't go away.,description,ThoughtDefs\Thoughts_Situation_Vore.xml,def,Nothing quite like a full belly. Especially one that doesn't go away.
RV2_PreyInStomachStoring.stages.1.label,Two prey stored in stomach,label,ThoughtDefs\Thoughts_Situation_Vore.xml,def,Two prey stored in stomach
RV2_PreyInStomachStoring.stages.1.description,Extra full!,description,ThoughtDefs\Thoughts_Situation_Vore.xml,def,Extra full!
RV2_PreyInStomachStoring.stages.2.label,Three prey stored in stomach,label,ThoughtDefs\Thoughts_Situation_Vore.xml,def,Three prey stored in stomach
RV2_PreyInStomachStoring.stages.2.description,So... full...,description,ThoughtDefs\Thoughts_Situation_Vore.xml,def,So... full...
RV2_PreyInStomachStoring.stages.3.label,Several prey stored in stomach,label,ThoughtDefs\Thoughts_Situation_Vore.xml,def,Several prey stored in stomach
RV2_PreyInStomachStoring.stages.3.description,"I'm packed to the brim! I don't think I could eat another... oh, well, maybe...",description,ThoughtDefs\Thoughts_Situation_Vore.xml,def,"I'm packed to the brim! I don't think I could eat another... oh, well, maybe..."
RV2_PreyInStomachWarming.stages.0.label,Warming up stomach for prey,label,ThoughtDefs\Thoughts_Situation_Vore.xml,def,Warming up stomach for prey
RV2_PreyInStomachWarming.stages.0.description,"Oh, the plans I have for you!",description,ThoughtDefs\Thoughts_Situation_Vore.xml,def,"Oh, the plans I have for you!"
RV2_PreyInStomachWarming.stages.1.label,Warming up stomach for multiple prey,label,ThoughtDefs\Thoughts_Situation_Vore.xml,def,Warming up stomach for multiple prey
RV2_PreyInStomachWarming.stages.1.description,"Oh, the plans I have for you!",description,ThoughtDefs\Thoughts_Situation_Vore.xml,def,"Oh, the plans I have for you!"
RV2_PreyInStomachHealing.stages.0.label,Healing prey in stomach,label,ThoughtDefs\Thoughts_Situation_Vore.xml,def,Healing prey in stomach
RV2_PreyInStomachHealing.stages.0.description,Let's get you patched up!,description,ThoughtDefs\Thoughts_Situation_Vore.xml,def,Let's get you patched up!
RV2_PreyInStomachHealing.stages.1.label,Healing multiple prey in stomach,label,ThoughtDefs\Thoughts_Situation_Vore.xml,def,Healing multiple prey in stomach
RV2_PreyInStomachHealing.stages.1.description,Pretty crowded...,description,ThoughtDefs\Thoughts_Situation_Vore.xml,def,Pretty crowded...
RV2_PreyInTesticlesConvertingSperm.stages.0.label,Spermifying prey in balls,label,ThoughtDefs\Thoughts_Situation_Vore.xml,def,Spermifying prey in balls
RV2_PreyInTesticlesConvertingSperm.stages.0.description,Churning into batter...,description,ThoughtDefs\Thoughts_Situation_Vore.xml,def,Churning into batter...
RV2_PreyInTesticlesConvertingSperm.stages.1.label,Spermifying two prey in balls,label,ThoughtDefs\Thoughts_Situation_Vore.xml,def,Spermifying two prey in balls
RV2_PreyInTesticlesConvertingSperm.stages.1.description,"Oh man, I'm already feeling blueballed...",description,ThoughtDefs\Thoughts_Situation_Vore.xml,def,"Oh man, I'm already feeling blueballed..."
RV2_PreyInTesticlesConvertingSperm.stages.2.label,Spermifying three prey in balls,label,ThoughtDefs\Thoughts_Situation_Vore.xml,def,Spermifying three prey in balls
RV2_PreyInTesticlesConvertingSperm.stages.2.description,"Batter to bake, seeds to plant. Soon, my jewels.~",description,ThoughtDefs\Thoughts_Situation_Vore.xml,def,"Batter to bake, seeds to plant. Soon, my jewels.~"
RV2_PreyInTesticlesConvertingSperm.stages.3.label,Spermifying several prey in balls,label,ThoughtDefs\Thoughts_Situation_Vore.xml,def,Spermifying several prey in balls
RV2_PreyInTesticlesConvertingSperm.stages.3.description,This'll be a hell of a batch! Just how pregnant could I get someone with this?~,description,ThoughtDefs\Thoughts_Situation_Vore.xml,def,This'll be a <ALIMT >hell</ALIMT> of a batch! Just how <ALIMT >pregnant</ALIMT> could I get someone with this?~
RV2_PreyInTesticlesDissolvingSperm.stages.0.label,Dissolving live prey into sperm,label,ThoughtDefs\Thoughts_Situation_Vore.xml,def,Dissolving live prey into <ALIMT >sperm</ALIMT>
RV2_PreyInTesticlesDissolvingSperm.stages.0.description,"Too tight in there to hit me in the 'nads, isn't it?",description,ThoughtDefs\Thoughts_Situation_Vore.xml,def,"Too tight in there to hit me in the 'nads, isn't it?"
RV2_PreyInTesticlesDissolvingSperm.stages.1.label,Dissolving two live prey into sperm,label,ThoughtDefs\Thoughts_Situation_Vore.xml,def,Dissolving two live prey into <ALIMT >sperm</ALIMT>
RV2_PreyInTesticlesDissolvingSperm.stages.1.description,"You two'll be creamy, delicious cum soon. You might even get fucked into someone!",description,ThoughtDefs\Thoughts_Situation_Vore.xml,def,"You two'll be creamy, delicious <ALIMT >cum</ALIMT> soon. You might even get fucked into someone!"
RV2_PreyInTesticlesDissolvingSperm.stages.2.label,Dissolving three live prey into sperm,label,ThoughtDefs\Thoughts_Situation_Vore.xml,def,Dissolving three live prey into <ALIMT >sperm</ALIMT>
RV2_PreyInTesticlesDissolvingSperm.stages.2.description,I can't wait to jerk off... You'll be batter soon enough.,description,ThoughtDefs\Thoughts_Situation_Vore.xml,def,I can't wait to jerk off... You'll be batter soon enough.
RV2_PreyInTesticlesDissolvingSperm.stages.3.label,Dissolving several live prey into sperm,label,ThoughtDefs\Thoughts_Situation_Vore.xml,def,Dissolving several live prey into <ALIMT >sperm</ALIMT>
RV2_PreyInTesticlesDissolvingSperm.stages.3.description,"Ugh, I'm so blueballed! Soon, fuck, soon!",description,ThoughtDefs\Thoughts_Situation_Vore.xml,def,"Ugh, I'm so blueballed! Soon, fuck, soon!"
RV2_PreyInTesticlesMushingSperm.stages.0.label,Breaking down prey into sperm,label,ThoughtDefs\Thoughts_Situation_Vore.xml,def,Breaking down prey into <ALIMT >sperm</ALIMT>
RV2_PreyInTesticlesMushingSperm.stages.0.description,"Mmh. Lost your will to fight, or just plain died?",description,ThoughtDefs\Thoughts_Situation_Vore.xml,def,"Mmh. Lost your will to fight, or just plain died?"
RV2_PreyInTesticlesMushingSperm.stages.1.label,Breaking down two prey into sperm,label,ThoughtDefs\Thoughts_Situation_Vore.xml,def,Breaking down two prey into <ALIMT >sperm</ALIMT>
RV2_PreyInTesticlesMushingSperm.stages.1.description,I can feel my beanbags softening.~,description,ThoughtDefs\Thoughts_Situation_Vore.xml,def,I can feel my beanbags softening.~
RV2_PreyInTesticlesMushingSperm.stages.2.label,Breaking down three prey into sperm,label,ThoughtDefs\Thoughts_Situation_Vore.xml,def,Breaking down three prey into <ALIMT >sperm</ALIMT>
RV2_PreyInTesticlesMushingSperm.stages.2.description,All that's left is to churn y'all into batter...,description,ThoughtDefs\Thoughts_Situation_Vore.xml,def,All that's left is to churn y'all into batter...
RV2_PreyInTesticlesMushingSperm.stages.3.label,Breaking down several prey into sperm,label,ThoughtDefs\Thoughts_Situation_Vore.xml,def,Breaking down several prey into <ALIMT >sperm</ALIMT>
RV2_PreyInTesticlesMushingSperm.stages.3.description,Soon. Soon. Soon. Soon.,description,ThoughtDefs\Thoughts_Situation_Vore.xml,def,Soon. Soon. Soon. Soon.
RV2_PreyInTesticlesPleasuring.stages.0.label,Pleasured prey in balls,label,ThoughtDefs\Thoughts_Situation_Vore.xml,def,Pleasured prey in balls
RV2_PreyInTesticlesPleasuring.stages.0.description,Don't stop...,description,ThoughtDefs\Thoughts_Situation_Vore.xml,def,Don't <ALIMT >stop</ALIMT>...
RV2_PreyInTesticlesPleasuring.stages.1.label,Pleasured by two prey in balls,label,ThoughtDefs\Thoughts_Situation_Vore.xml,def,Pleasured by two prey in balls
RV2_PreyInTesticlesPleasuring.stages.1.description,"Keep going, both of you...!",description,ThoughtDefs\Thoughts_Situation_Vore.xml,def,"Keep going, both of you...!"
RV2_PreyInTesticlesPleasuring.stages.2.label,Pleasured by three prey in balls,label,ThoughtDefs\Thoughts_Situation_Vore.xml,def,Pleasured by three prey in balls
RV2_PreyInTesticlesPleasuring.stages.2.description,Three... at once.~,description,ThoughtDefs\Thoughts_Situation_Vore.xml,def,Three... at once.~
RV2_PreyInTesticlesPleasuring.stages.3.label,Pleasured by several prey in ballss,label,ThoughtDefs\Thoughts_Situation_Vore.xml,def,Pleasured by several prey in ballss
RV2_PreyInTesticlesPleasuring.stages.3.description,I'm gonna--!,description,ThoughtDefs\Thoughts_Situation_Vore.xml,def,I'm gonna--!
RV2_PreyInTesticlesStoring.stages.0.label,Prey in testicles,label,ThoughtDefs\Thoughts_Situation_Vore.xml,def,Prey in <ALIMT >testicles</ALIMT>
RV2_PreyInTesticlesStoring.stages.0.description,So heavy... It feels good.,description,ThoughtDefs\Thoughts_Situation_Vore.xml,def,So heavy... It feels good.
RV2_PreyInTesticlesStoring.stages.1.label,Two prey in testicles,label,ThoughtDefs\Thoughts_Situation_Vore.xml,def,Two prey in <ALIMT >testicles</ALIMT>
RV2_PreyInTesticlesStoring.stages.1.description,One for each nut!,description,ThoughtDefs\Thoughts_Situation_Vore.xml,def,One for each nut!
RV2_PreyInTesticlesStoring.stages.2.label,Three prey in testicles,label,ThoughtDefs\Thoughts_Situation_Vore.xml,def,Three prey in <ALIMT >testicles</ALIMT>
RV2_PreyInTesticlesStoring.stages.2.description,My balls are getting hefty...!,description,ThoughtDefs\Thoughts_Situation_Vore.xml,def,My balls are getting hefty...!
RV2_PreyInTesticlesStoring.stages.3.label,Multiple prey in testicles,label,ThoughtDefs\Thoughts_Situation_Vore.xml,def,Multiple prey in <ALIMT >testicles</ALIMT>
RV2_PreyInTesticlesStoring.stages.3.description,I can barely lift my sack!,description,ThoughtDefs\Thoughts_Situation_Vore.xml,def,I can barely lift my sack!
RV2_PreyInTesticlesWarming.stages.0.label,Warming up testicles for prey,label,ThoughtDefs\Thoughts_Situation_Vore.xml,def,Warming up <ALIMT >testicles</ALIMT> for prey
RV2_PreyInTesticlesWarming.stages.0.description,"Oh, the plans I have for you!",description,ThoughtDefs\Thoughts_Situation_Vore.xml,def,"Oh, the plans I have for you!"
RV2_PreyInTesticlesWarming.stages.1.label,Warming up testicles for multiple prey,label,ThoughtDefs\Thoughts_Situation_Vore.xml,def,Warming up <ALIMT >testicles</ALIMT> for multiple prey
RV2_PreyInTesticlesWarming.stages.1.description,"Oh, the plans I have for you!",description,ThoughtDefs\Thoughts_Situation_Vore.xml,def,"Oh, the plans I have for you!"
RV2_PreyInTesticlesHealing.stages.0.label,Healing prey in testicles,label,ThoughtDefs\Thoughts_Situation_Vore.xml,def,Healing prey in <ALIMT >testicles</ALIMT>
RV2_PreyInTesticlesHealing.stages.0.description,Let's get you patched up!,description,ThoughtDefs\Thoughts_Situation_Vore.xml,def,Let's get you patched up!
RV2_PreyInTesticlesHealing.stages.1.label,Healing multiple prey in testicles,label,ThoughtDefs\Thoughts_Situation_Vore.xml,def,Healing multiple prey in <ALIMT >testicles</ALIMT>
RV2_PreyInTesticlesHealing.stages.1.description,Pretty crowded...,description,ThoughtDefs\Thoughts_Situation_Vore.xml,def,Pretty crowded...
RV2_PreyInVaginaDumpingOrgasm.stages.0.label,Squirting out remains from pussy,label,ThoughtDefs\Thoughts_Situation_Vore.xml,def,Squirting out remains from <ALIMT >pussy</ALIMT>
RV2_PreyInVaginaDumpingOrgasm.stages.0.description,"Thanks for the orgasm, but goodbye!",description,ThoughtDefs\Thoughts_Situation_Vore.xml,def,"Thanks for the <ALIMT >orgasm</ALIMT>, but goodbye!"
RV2_PreyInVaginaDumpingOrgasm.stages.1.label,Squiriting out multiple remains from pussy,label,ThoughtDefs\Thoughts_Situation_Vore.xml,def,Squiriting out multiple remains from <ALIMT >pussy</ALIMT>
RV2_PreyInVaginaDumpingOrgasm.stages.1.description,This is gonna take a while to clean up...~,description,ThoughtDefs\Thoughts_Situation_Vore.xml,def,This is gonna take a while to clean up...~
RV2_PreyInVaginaDumpingStream.stages.0.label,Streaming out remains from pussy,label,ThoughtDefs\Thoughts_Situation_Vore.xml,def,Streaming out remains from <ALIMT >pussy</ALIMT>
RV2_PreyInVaginaDumpingStream.stages.0.description,"Ah, sweet relief!",description,ThoughtDefs\Thoughts_Situation_Vore.xml,def,"Ah, sweet relief!"
RV2_PreyInVaginaDumpingStream.stages.1.label,Streaming out multiple remains from pussy,label,ThoughtDefs\Thoughts_Situation_Vore.xml,def,Streaming out multiple remains from <ALIMT >pussy</ALIMT>
RV2_PreyInVaginaDumpingStream.stages.1.description,I feel like a waterfall!,description,ThoughtDefs\Thoughts_Situation_Vore.xml,def,I feel like a waterfall!
RV2_PreyInVaginaExiting.stages.0.label,Pushing out prey,label,ThoughtDefs\Thoughts_Situation_Vore.xml,def,Pushing out prey
RV2_PreyInVaginaExiting.stages.0.description,Delivery!,description,ThoughtDefs\Thoughts_Situation_Vore.xml,def,Delivery!
RV2_PreyInVaginaExiting.stages.1.label,Pushing out multiple prey,label,ThoughtDefs\Thoughts_Situation_Vore.xml,def,Pushing out multiple prey
RV2_PreyInVaginaExiting.stages.1.description,They just keep coming...~,description,ThoughtDefs\Thoughts_Situation_Vore.xml,def,They just keep coming...~
RV2_PreyInVaginaExitingOrgasm.stages.0.label,Rebirthing prey,label,ThoughtDefs\Thoughts_Situation_Vore.xml,def,Rebirthing prey
RV2_PreyInVaginaExitingOrgasm.stages.0.description,Delivery!,description,ThoughtDefs\Thoughts_Situation_Vore.xml,def,Delivery!
RV2_PreyInVaginaExitingOrgasm.stages.1.label,Rebirthing multiple prey,label,ThoughtDefs\Thoughts_Situation_Vore.xml,def,Rebirthing multiple prey
RV2_PreyInVaginaExitingOrgasm.stages.1.description,They just keep coming...~,description,ThoughtDefs\Thoughts_Situation_Vore.xml,def,They just keep coming...~
RV2_PreyInVaginaExitingStream.stages.0.label,Streaming out prey from pussy,label,ThoughtDefs\Thoughts_Situation_Vore.xml,def,Streaming out prey from <ALIMT >pussy</ALIMT>
RV2_PreyInVaginaExitingStream.stages.0.description,Gotta piss this fucker out.,description,ThoughtDefs\Thoughts_Situation_Vore.xml,def,Gotta piss this fucker out.
RV2_PreyInVaginaExitingStream.stages.1.label,Streaming out multiple prey from pussy,label,ThoughtDefs\Thoughts_Situation_Vore.xml,def,Streaming out multiple prey from <ALIMT >pussy</ALIMT>
RV2_PreyInVaginaExitingStream.stages.1.description,Ride the rapids!,description,ThoughtDefs\Thoughts_Situation_Vore.xml,def,Ride the rapids!
RV2_PreyInVaginaPassing.stages.0.label,Unbirthing prey,label,ThoughtDefs\Thoughts_Situation_Vore.xml,def,Unbirthing prey
RV2_PreyInVaginaPassing.stages.0.description,"Deeper, deeper!",description,ThoughtDefs\Thoughts_Situation_Vore.xml,def,"Deeper, deeper!"
RV2_PreyInVaginaPassing.stages.1.label,Unbirthing multiple prey,label,ThoughtDefs\Thoughts_Situation_Vore.xml,def,Unbirthing multiple prey
RV2_PreyInVaginaPassing.stages.1.description,Take the ferry up the canal!,description,ThoughtDefs\Thoughts_Situation_Vore.xml,def,Take the ferry up the <ALIMT >canal</ALIMT>!
RV2_PreyInVaginaPleasuring.stages.0.label,Pleasuring pussy with prey,label,ThoughtDefs\Thoughts_Situation_Vore.xml,def,Pleasuring <ALIMT >pussy</ALIMT> with prey
RV2_PreyInVaginaPleasuring.stages.0.description,"I'd beg you to fuck me, but I'm already doing that to you.~",description,ThoughtDefs\Thoughts_Situation_Vore.xml,def,"I'd beg you to fuck me, but I'm already doing that to you.~"
RV2_PreyInVaginaPleasuring.stages.1.label,Pleasuring pussy with multiple prey,label,ThoughtDefs\Thoughts_Situation_Vore.xml,def,Pleasuring <ALIMT >pussy</ALIMT> with multiple prey
RV2_PreyInVaginaPleasuring.stages.1.description,Y'all gotta get me real wet if you wanna go any deeper!,description,ThoughtDefs\Thoughts_Situation_Vore.xml,def,Y'all gotta get me real wet if you wanna go any deeper!
RV2_PreyInWombConvertingLube.stages.0.label,Lubrifying prey in womb,label,ThoughtDefs\Thoughts_Situation_Vore.xml,def,Lubrifying prey in womb
RV2_PreyInWombConvertingLube.stages.0.description,When am I due? Very soon...~,description,ThoughtDefs\Thoughts_Situation_Vore.xml,def,When am I due? Very soon...~
RV2_PreyInWombConvertingLube.stages.1.label,Lubrifying two prey in womb,label,ThoughtDefs\Thoughts_Situation_Vore.xml,def,Lubrifying two prey in womb
RV2_PreyInWombConvertingLube.stages.1.description,I could take a cactus with this much lube!,description,ThoughtDefs\Thoughts_Situation_Vore.xml,def,I could take a cactus with this much <ALIMT >lube</ALIMT>!
RV2_PreyInWombConvertingLube.stages.2.label,Lubrifying three prey in womb,label,ThoughtDefs\Thoughts_Situation_Vore.xml,def,Lubrifying three prey in womb
RV2_PreyInWombConvertingLube.stages.2.description,Am I leaking? I think I'm leaking.,description,ThoughtDefs\Thoughts_Situation_Vore.xml,def,Am I leaking? I think I'm leaking.
RV2_PreyInWombConvertingLube.stages.3.label,Lubrifying several prey in womb,label,ThoughtDefs\Thoughts_Situation_Vore.xml,def,Lubrifying several prey in womb
RV2_PreyInWombConvertingLube.stages.3.description,I could put a wildfire out with all this cunt-juice...,description,ThoughtDefs\Thoughts_Situation_Vore.xml,def,I could put a wildfire out with all this cunt-juice...
RV2_PreyInWombDissolvingLube.stages.0.label,Dissolving prey into cunt-juice,label,ThoughtDefs\Thoughts_Situation_Vore.xml,def,Dissolving prey into cunt-juice
RV2_PreyInWombDissolvingLube.stages.0.description,"Soon, you'll be nothing more than a useless puddle!",description,ThoughtDefs\Thoughts_Situation_Vore.xml,def,"Soon, you'll be nothing more than a useless puddle!"
RV2_PreyInWombDissolvingLube.stages.1.label,Dissolving two prey into cunt-juice,label,ThoughtDefs\Thoughts_Situation_Vore.xml,def,Dissolving two prey into cunt-juice
RV2_PreyInWombDissolvingLube.stages.1.description,I'm gonna be so fucking wet!,description,ThoughtDefs\Thoughts_Situation_Vore.xml,def,I'm gonna be so fucking wet!
RV2_PreyInWombDissolvingLube.stages.2.label,Dissolving three prey into cunt-juice,label,ThoughtDefs\Thoughts_Situation_Vore.xml,def,Dissolving three prey into cunt-juice
RV2_PreyInWombDissolvingLube.stages.2.description,IS it getting slippery in there yet?,description,ThoughtDefs\Thoughts_Situation_Vore.xml,def,IS it getting slippery in there yet?
RV2_PreyInWombDissolvingLube.stages.3.label,Dissolving several prey into cunt-juice,label,ThoughtDefs\Thoughts_Situation_Vore.xml,def,Dissolving several prey into cunt-juice
RV2_PreyInWombDissolvingLube.stages.3.description,"As wet as I am, this's gotta be some of the easiest sex any of you've ever had. Go out with a bang!",description,ThoughtDefs\Thoughts_Situation_Vore.xml,def,"As wet as I am, this's gotta be some of the easiest <ALIMT >sex</ALIMT> any of you've ever had. Go out with a bang!"
RV2_PreyInWombMushingLube.stages.0.label,Breaking down prey into lube,label,ThoughtDefs\Thoughts_Situation_Vore.xml,def,Breaking down prey into <ALIMT >lube</ALIMT>
RV2_PreyInWombMushingLube.stages.0.description,Life's ending just where it began.,description,ThoughtDefs\Thoughts_Situation_Vore.xml,def,Life's ending just where it began.
RV2_PreyInWombMushingLube.stages.1.label,Breaking down two prey into lube,label,ThoughtDefs\Thoughts_Situation_Vore.xml,def,Breaking down two prey into <ALIMT >lube</ALIMT>
RV2_PreyInWombMushingLube.stages.1.description,Guess the squirming's over. Oh well!~,description,ThoughtDefs\Thoughts_Situation_Vore.xml,def,Guess the squirming's over. Oh well!~
RV2_PreyInWombMushingLube.stages.2.label,Breaking down three prey into lube,label,ThoughtDefs\Thoughts_Situation_Vore.xml,def,Breaking down three prey into <ALIMT >lube</ALIMT>
RV2_PreyInWombMushingLube.stages.2.description,Really starting to feel sloshy now!,description,ThoughtDefs\Thoughts_Situation_Vore.xml,def,Really starting to feel sloshy now!
RV2_PreyInWombMushingLube.stages.3.label,Breaking down several prey into lube,label,ThoughtDefs\Thoughts_Situation_Vore.xml,def,Breaking down several prey into <ALIMT >lube</ALIMT>
RV2_PreyInWombMushingLube.stages.3.description,I gotta figure out where I'm gonna gush y'all out!,description,ThoughtDefs\Thoughts_Situation_Vore.xml,def,I gotta figure out where I'm gonna gush y'all out!
RV2_PreyInWombPleasuring.stages.0.label,Pleasured by prey in womb,label,ThoughtDefs\Thoughts_Situation_Vore.xml,def,Pleasured by prey in womb
RV2_PreyInWombPleasuring.stages.0.description,Don't stop...,description,ThoughtDefs\Thoughts_Situation_Vore.xml,def,Don't <ALIMT >stop</ALIMT>...
RV2_PreyInWombPleasuring.stages.1.label,Pleasured by two prey in womb,label,ThoughtDefs\Thoughts_Situation_Vore.xml,def,Pleasured by two prey in womb
RV2_PreyInWombPleasuring.stages.1.description,"Keep going, both of you...!",description,ThoughtDefs\Thoughts_Situation_Vore.xml,def,"Keep going, both of you...!"
RV2_PreyInWombPleasuring.stages.2.label,Pleasured by three prey in womb,label,ThoughtDefs\Thoughts_Situation_Vore.xml,def,Pleasured by three prey in womb
RV2_PreyInWombPleasuring.stages.2.description,Three... all at once!,description,ThoughtDefs\Thoughts_Situation_Vore.xml,def,Three... all at once!
RV2_PreyInWombPleasuring.stages.3.label,Pleasured by several prey in womb,label,ThoughtDefs\Thoughts_Situation_Vore.xml,def,Pleasured by several prey in womb
RV2_PreyInWombPleasuring.stages.3.description,I'M GONNA--,description,ThoughtDefs\Thoughts_Situation_Vore.xml,def,I'M GONNA--
RV2_PreyInWombStoring.stages.0.label,Prey stored in womb,label,ThoughtDefs\Thoughts_Situation_Vore.xml,def,Prey stored in womb
RV2_PreyInWombStoring.stages.0.description,Absolutely gravid!,description,ThoughtDefs\Thoughts_Situation_Vore.xml,def,Absolutely gravid!
RV2_PreyInWombStoring.stages.1.label,Two prey stored in womb,label,ThoughtDefs\Thoughts_Situation_Vore.xml,def,Two prey stored in womb
RV2_PreyInWombStoring.stages.1.description,It's twins!,description,ThoughtDefs\Thoughts_Situation_Vore.xml,def,It's twins!
RV2_PreyInWombStoring.stages.2.label,Three prey stored in womb,label,ThoughtDefs\Thoughts_Situation_Vore.xml,def,Three prey stored in womb
RV2_PreyInWombStoring.stages.2.description,Triplets!,description,ThoughtDefs\Thoughts_Situation_Vore.xml,def,Triplets!
RV2_PreyInWombStoring.stages.3.label,Several prey stored in womb,label,ThoughtDefs\Thoughts_Situation_Vore.xml,def,Several prey stored in womb
RV2_PreyInWombStoring.stages.3.description,I've got a whole litter inside me...~,description,ThoughtDefs\Thoughts_Situation_Vore.xml,def,I've got a whole litter inside me...~
RV2_PreyInWombWarming.stages.0.label,Warming up womb for prey,label,ThoughtDefs\Thoughts_Situation_Vore.xml,def,Warming up womb for prey
RV2_PreyInWombWarming.stages.0.description,"Oh, the plans I have for you!",description,ThoughtDefs\Thoughts_Situation_Vore.xml,def,"Oh, the plans I have for you!"
RV2_PreyInWombWarming.stages.1.label,Warming up womb for multiple prey,label,ThoughtDefs\Thoughts_Situation_Vore.xml,def,Warming up womb for multiple prey
RV2_PreyInWombWarming.stages.1.description,"Oh, the plans I have for you!",description,ThoughtDefs\Thoughts_Situation_Vore.xml,def,"Oh, the plans I have for you!"
RV2_PreyInWombReforming.stages.0.label,Reforming prey,label,ThoughtDefs\Thoughts_Situation_Vore.xml,def,Reforming prey
RV2_PreyInWombReforming.stages.0.description,My child!,description,ThoughtDefs\Thoughts_Situation_Vore.xml,def,My child!
RV2_PreyInWombReforming.stages.1.label,Reforming two prey,label,ThoughtDefs\Thoughts_Situation_Vore.xml,def,Reforming two prey
RV2_PreyInWombReforming.stages.1.description,"Oh my, twins!",description,ThoughtDefs\Thoughts_Situation_Vore.xml,def,"Oh my, twins!"
RV2_PreyInWombReforming.stages.2.label,Reforming three prey,label,ThoughtDefs\Thoughts_Situation_Vore.xml,def,Reforming three prey
RV2_PreyInWombReforming.stages.2.description,"Oh my, triplets!",description,ThoughtDefs\Thoughts_Situation_Vore.xml,def,"Oh my, triplets!"
RV2_PreyInWombReforming.stages.3.label,Reforming multiple prey,label,ThoughtDefs\Thoughts_Situation_Vore.xml,def,Reforming multiple prey
RV2_PreyInWombReforming.stages.3.description,"Wow, I have a whole litter growing inside.",description,ThoughtDefs\Thoughts_Situation_Vore.xml,def,"Wow, I have a whole litter growing inside."
RV2_PreyInWombHealing.stages.0.label,Healing prey in womb,label,ThoughtDefs\Thoughts_Situation_Vore.xml,def,Healing prey in womb
RV2_PreyInWombHealing.stages.0.description,Let's get you patched up!,description,ThoughtDefs\Thoughts_Situation_Vore.xml,def,Let's get you patched up!
RV2_PreyInWombHealing.stages.1.label,Healing multiple prey in womb,label,ThoughtDefs\Thoughts_Situation_Vore.xml,def,Healing multiple prey in womb
RV2_PreyInWombHealing.stages.1.description,Pretty crowded...,description,ThoughtDefs\Thoughts_Situation_Vore.xml,def,Pretty crowded...
RV2_VoreGrapple.label,Vore Grapple,label,ToolCapacityDefs\ToolCapacity.xml,def,<ALIMT >vore</ALIMT> Grapple
predator.label,Predator,label,VoreDefs\Designations.xml,def,Predator
predator.description,Predators are allowed to vore other pawns,description,VoreDefs\Designations.xml,def,Predators are allowed to <ALIMT >vore</ALIMT> other pawns
fatal.label,Fatal,label,VoreDefs\Designations.xml,def,Fatal
fatal.description,Other pawns are allowed to use lethal vore goals on this pawn,description,VoreDefs\Designations.xml,def,Other pawns are allowed to use lethal <ALIMT >vore</ALIMT> goals on this <ALIMT >(PH_1)</ALIMT>
endo.label,Endo,label,VoreDefs\Designations.xml,def,Endo
endo.description,Other pawns are allowed to use non-lethal vore goals on this pawn,description,VoreDefs\Designations.xml,def,Other pawns are allowed to use non-lethal <ALIMT >vore</ALIMT> goals on this <ALIMT >(PH_1)</ALIMT>
Pass.label,Pass,label,VoreDefs\PartGoals.xml,def,Pass
Dump.label,Dump,label,VoreDefs\PartGoals.xml,def,Dump
Pleasure.label,Pleasure,label,VoreDefs\PartGoals.xml,def,Pleasure
Store.label,Store,label,VoreDefs\PartGoals.xml,def,Store
Hold.label,Hold,label,VoreDefs\PartGoals.xml,def,Hold
Heal.label,Heal,label,VoreDefs\PartGoals.xml,def,Heal
WarmUp.label,Warm up,label,VoreDefs\PartGoals.xml,def,Warm up
Dissolve.label,Dissolve,label,VoreDefs\PartGoals.xml,def,Dissolve
Mush.label,Mush,label,VoreDefs\PartGoals.xml,def,Mush
Digest.label,Digest,label,VoreDefs\PartGoals.xml,def,Digest
Churn.label,Churn,label,VoreDefs\PartGoals.xml,def,Churn
Process.label,Process,label,VoreDefs\PartGoals.xml,def,Process
Lactify.label,Lactify,label,VoreDefs\PartGoals.xml,def,Lactify
Spermify.label,Spermify,label,VoreDefs\PartGoals.xml,def,Spermify
Lubrify.label,Lubrify,label,VoreDefs\PartGoals.xml,def,Lubrify
Reform.label,Reform,label,VoreDefs\PartGoals.xml,def,Reform
Digest.label,Digest,label,VoreDefs\VoreGoal.xml,def,Digest
ConvertLube.label,Lubrify,label,VoreDefs\VoreGoal.xml,def,Lubrify
ConvertMilk.label,Lactify,label,VoreDefs\VoreGoal.xml,def,Lactify
ConvertSperm.label,Spermify,label,VoreDefs\VoreGoal.xml,def,Spermify
Reform.label,Reform,label,VoreDefs\VoreGoal.xml,def,Reform
Heal.label,Heal,label,VoreDefs\VoreGoal.xml,def,Heal
Hold.label,Store (timed),label,VoreDefs\VoreGoal.xml,def,Store (timed)
Pleasure.label,Pleasure,label,VoreDefs\VoreGoal.xml,def,Pleasure
Store.label,Store (manual),label,VoreDefs\VoreGoal.xml,def,Store (manual)
VaginalConvertLube.label,(Lubrify) Vaginal,label,VoreDefs\VorePath_Convert.xml,def,(Lubrify) <ALIMT >vaginal</ALIMT>
VaginalConvertLube.RMBLabel,Vaginal vore,RMBLabel,VoreDefs\VorePath_Convert.xml,def,<ALIMT >vaginal</ALIMT> <ALIMT >vore</ALIMT>
VaginalConvertLube.description,Vaginal lubrifaction is where the predator unbirths the prey into their womb for conversion into cunt-juice. This does not feed the predator.,description,VoreDefs\VorePath_Convert.xml,def,<ALIMT >vaginal</ALIMT> lubrifaction is where the predator unbirths the prey into their womb for conversion into cunt-juice. This does not feed the predator.
CockConvertSperm.label,(Spermify) Cock,label,VoreDefs\VorePath_Convert.xml,def,(Spermify) Cock
CockConvertSperm.RMBLabel,Cock vore,RMBLabel,VoreDefs\VorePath_Convert.xml,def,Cock <ALIMT >vore</ALIMT>
CockConvertSperm.description,Cock spermifaction is where the predator shunts the prey down their cock and into their balls for conversion into nutritious consumable sperm. This process itself does not feed the predator.,description,VoreDefs\VorePath_Convert.xml,def,Cock spermifaction is where the predator shunts the prey down their cock and into their balls for conversion into nutritious consumable <ALIMT >sperm</ALIMT>. This process itself does not feed the predator.
NippleConvertMilk.label,(Lactify) Nipple,label,VoreDefs\VorePath_Convert.xml,def,(Lactify) <ALIMT >nipple</ALIMT>
NippleConvertMilk.RMBLabel,Nipple vore,RMBLabel,VoreDefs\VorePath_Convert.xml,def,<ALIMT >nipple</ALIMT> <ALIMT >vore</ALIMT>
NippleConvertMilk.description,Nipple lactifaction is where the predator shoves the prey through their nipple and into their mammary for conversion into nutritious consumable milk. This process itself does not feed the predator.,description,VoreDefs\VorePath_Convert.xml,def,<ALIMT >nipple</ALIMT> lactifaction is where the predator shoves the prey through their <ALIMT >nipple</ALIMT> and into their mammary for conversion into nutritious consumable milk. This process itself does not feed the predator.
OralDigest.label,(Digest) Oral,label,VoreDefs\VorePath_Digest.xml,def,(Digest) <ALIMT >oral</ALIMT>
OralDigest.RMBLabel,Oral vore,RMBLabel,VoreDefs\VorePath_Digest.xml,def,<ALIMT >oral</ALIMT> <ALIMT >vore</ALIMT>
OralDigest.description,"Oral digestion is where the predator swallows the prey into their stomach for fatal digestion, feeding the predator and turning the prey into either fertilizer components or nothing at all.",description,VoreDefs\VorePath_Digest.xml,def,"<ALIMT >oral</ALIMT> digestion is where the predator swallows the prey into their stomach for fatal digestion, feeding the predator and turning the prey into either fertilizer components or nothing at all."
AnalDigest.label,(Digest) Anal,label,VoreDefs\VorePath_Digest.xml,def,(Digest) <ALIMT >anal</ALIMT>
AnalDigest.RMBLabel,Anal vore,RMBLabel,VoreDefs\VorePath_Digest.xml,def,<ALIMT >anal</ALIMT> <ALIMT >vore</ALIMT>
AnalDigest.description,"Anal digestion is where the predator is where the predator stuffs the prey up their butt and eventually to their stomach for fatal digestion, feeding the predator and turning the prey into either fertilizer components or nothing at all.",description,VoreDefs\VorePath_Digest.xml,def,"<ALIMT >anal</ALIMT> digestion is where the predator is where the predator stuffs the prey up their butt and eventually to their stomach for fatal digestion, feeding the predator and turning the prey into either fertilizer components or nothing at all."
OralHeal.label,(Heal) Oral,label,VoreDefs\VorePath_Heal.xml,def,(Heal) <ALIMT >oral</ALIMT>
OralHeal.RMBLabel,Oral vore,RMBLabel,VoreDefs\VorePath_Heal.xml,def,<ALIMT >oral</ALIMT> <ALIMT >vore</ALIMT>
OralHeal.description,"Healing vore will tend to a pawns wounds and slowly heal their damaged body parts. Healing vore is relatively weak, so if you want to treat a pawn properly, use medicine and a good doctor.",description,VoreDefs\VorePath_Heal.xml,def,"Healing <ALIMT >vore</ALIMT> will tend to a pawns wounds and slowly heal their damaged body parts. Healing <ALIMT >vore</ALIMT> is relatively weak, so if you want to treat a <ALIMT >(PH_1)</ALIMT> properly, use medicine and a good doctor."
FullTourHeal.label,(Heal) Full Tour,label,VoreDefs\VorePath_Heal.xml,def,(Heal) <ALIMT >full tour</ALIMT>
FullTourHeal.RMBLabel,Full tour vore,RMBLabel,VoreDefs\VorePath_Heal.xml,def,<ALIMT >full tour</ALIMT> <ALIMT >vore</ALIMT>
FullTourHeal.description,"Healing vore will tend to a pawns wounds and slowly heal their damaged body parts. Healing vore is relatively weak, so if you want to treat a pawn properly, use medicine and a good doctor.",description,VoreDefs\VorePath_Heal.xml,def,"Healing <ALIMT >vore</ALIMT> will tend to a pawns wounds and slowly heal their damaged body parts. Healing <ALIMT >vore</ALIMT> is relatively weak, so if you want to treat a <ALIMT >(PH_1)</ALIMT> properly, use medicine and a good doctor."
VaginalHeal.label,(Heal) Vaginal,label,VoreDefs\VorePath_Heal.xml,def,(Heal) <ALIMT >vaginal</ALIMT>
VaginalHeal.RMBLabel,Vaginal vore,RMBLabel,VoreDefs\VorePath_Heal.xml,def,<ALIMT >vaginal</ALIMT> <ALIMT >vore</ALIMT>
VaginalHeal.description,"Healing vore will tend to a pawns wounds and slowly heal their damaged body parts. Healing vore is relatively weak, so if you want to treat a pawn properly, use medicine and a good doctor.",description,VoreDefs\VorePath_Heal.xml,def,"Healing <ALIMT >vore</ALIMT> will tend to a pawns wounds and slowly heal their damaged body parts. Healing <ALIMT >vore</ALIMT> is relatively weak, so if you want to treat a <ALIMT >(PH_1)</ALIMT> properly, use medicine and a good doctor."
CockHeal.label,(Heal) Cock,label,VoreDefs\VorePath_Heal.xml,def,(Heal) Cock
CockHeal.RMBLabel,Cock vore,RMBLabel,VoreDefs\VorePath_Heal.xml,def,Cock <ALIMT >vore</ALIMT>
CockHeal.description,"Healing vore will tend to a pawns wounds and slowly heal their damaged body parts. Healing vore is relatively weak, so if you want to treat a pawn properly, use medicine and a good doctor.",description,VoreDefs\VorePath_Heal.xml,def,"Healing <ALIMT >vore</ALIMT> will tend to a pawns wounds and slowly heal their damaged body parts. Healing <ALIMT >vore</ALIMT> is relatively weak, so if you want to treat a <ALIMT >(PH_1)</ALIMT> properly, use medicine and a good doctor."
NippleHeal.label,(Heal) Nipple,label,VoreDefs\VorePath_Heal.xml,def,(Heal) <ALIMT >nipple</ALIMT>
NippleHeal.RMBLabel,Nipple vore,RMBLabel,VoreDefs\VorePath_Heal.xml,def,<ALIMT >nipple</ALIMT> <ALIMT >vore</ALIMT>
NippleHeal.description,"Healing vore will tend to a pawns wounds and slowly heal their damaged body parts. Healing vore is relatively weak, so if you want to treat a pawn properly, use medicine and a good doctor.",description,VoreDefs\VorePath_Heal.xml,def,"Healing <ALIMT >vore</ALIMT> will tend to a pawns wounds and slowly heal their damaged body parts. Healing <ALIMT >vore</ALIMT> is relatively weak, so if you want to treat a <ALIMT >(PH_1)</ALIMT> properly, use medicine and a good doctor."
OralHold.label,(Hold) Oral,label,VoreDefs\VorePath_Hold.xml,def,(Hold) <ALIMT >oral</ALIMT>
OralHold.RMBLabel,Oral vore,RMBLabel,VoreDefs\VorePath_Hold.xml,def,<ALIMT >oral</ALIMT> <ALIMT >vore</ALIMT>
OralHold.description,Oral hold is where the predator swallows the prey into their stomach for temporary storage.,description,VoreDefs\VorePath_Hold.xml,def,<ALIMT >oral</ALIMT> hold is where the predator swallows the prey into their stomach for temporary storage.
FullTourHold.label,(Hold) Full Tour,label,VoreDefs\VorePath_Hold.xml,def,(Hold) <ALIMT >full tour</ALIMT>
FullTourHold.RMBLabel,Full tour vore,RMBLabel,VoreDefs\VorePath_Hold.xml,def,<ALIMT >full tour</ALIMT> <ALIMT >vore</ALIMT>
FullTourHold.description,"Full tour hold is where the predator swallows the prey into their stomach for temporary storage, then releases them through their guts.",description,VoreDefs\VorePath_Hold.xml,def,"<ALIMT >full tour</ALIMT> hold is where the predator swallows the prey into their stomach for temporary storage, then releases them through their guts."
AnalHold.label,(Hold) Anal,label,VoreDefs\VorePath_Hold.xml,def,(Hold) <ALIMT >anal</ALIMT>
AnalHold.RMBLabel,Anal vore,RMBLabel,VoreDefs\VorePath_Hold.xml,def,<ALIMT >anal</ALIMT> <ALIMT >vore</ALIMT>
AnalHold.description,Anal storage is where the predator stuffs the prey up their butt and into their intestines for temporary storage.,description,VoreDefs\VorePath_Hold.xml,def,<ALIMT >anal</ALIMT> storage is where the predator stuffs the prey up their butt and into their intestines for temporary storage.
VaginalHold.label,(Hold) Vaginal,label,VoreDefs\VorePath_Hold.xml,def,(Hold) <ALIMT >vaginal</ALIMT>
VaginalHold.RMBLabel,Vaginal vore,RMBLabel,VoreDefs\VorePath_Hold.xml,def,<ALIMT >vaginal</ALIMT> <ALIMT >vore</ALIMT>
VaginalHold.description,Vaginal storage is where the predator unbirths the prey into their womb for temporary storage.,description,VoreDefs\VorePath_Hold.xml,def,<ALIMT >vaginal</ALIMT> storage is where the predator unbirths the prey into their womb for temporary storage.
CockHold.label,(Hold) Cock,label,VoreDefs\VorePath_Hold.xml,def,(Hold) Cock
CockHold.RMBLabel,Cock vore,RMBLabel,VoreDefs\VorePath_Hold.xml,def,Cock <ALIMT >vore</ALIMT>
CockHold.description,Cock storage is where the predator shunts the prey down their cock and into their balls for temporary storage.,description,VoreDefs\VorePath_Hold.xml,def,Cock storage is where the predator shunts the prey down their cock and into their balls for temporary storage.
NippleHold.label,(Hold) Nipple,label,VoreDefs\VorePath_Hold.xml,def,(Hold) <ALIMT >nipple</ALIMT>
NippleHold.RMBLabel,Nipple vore,RMBLabel,VoreDefs\VorePath_Hold.xml,def,<ALIMT >nipple</ALIMT> <ALIMT >vore</ALIMT>
NippleHold.description,Nipple storage is where the predator shoves the prey through their nipple and into their mammary for temporary storage.,description,VoreDefs\VorePath_Hold.xml,def,<ALIMT >nipple</ALIMT> storage is where the predator shoves the prey through their <ALIMT >nipple</ALIMT> and into their mammary for temporary storage.
OralPleasure.label,(Pleasure) Oral,label,VoreDefs\VorePath_Pleasure.xml,def,(Pleasure) <ALIMT >oral</ALIMT>
OralPleasure.RMBLabel,Oral vore,RMBLabel,VoreDefs\VorePath_Pleasure.xml,def,<ALIMT >oral</ALIMT> <ALIMT >vore</ALIMT>
OralPleasure.description,Oral pleasure is where the predator safely swallows the prey for mutual sexual pleasure.,description,VoreDefs\VorePath_Pleasure.xml,def,<ALIMT >oral</ALIMT> pleasure is where the predator safely swallows the prey for mutual <ALIMT >sexual</ALIMT> pleasure.
FullTourPleasure.label,(Pleasure) Full Tour,label,VoreDefs\VorePath_Pleasure.xml,def,(Pleasure) <ALIMT >full tour</ALIMT>
FullTourPleasure.RMBLabel,Full tour vore,RMBLabel,VoreDefs\VorePath_Pleasure.xml,def,<ALIMT >full tour</ALIMT> <ALIMT >vore</ALIMT>
FullTourPleasure.description,"Full tour pleasure is where the predator safely swallows the prey for mutual sexual pleasure, then releases them through their guts.",description,VoreDefs\VorePath_Pleasure.xml,def,"<ALIMT >full tour</ALIMT> pleasure is where the predator safely swallows the prey for mutual <ALIMT >sexual</ALIMT> pleasure, then releases them through their guts."
AnalPleasure.label,(Pleasure) Anal,label,VoreDefs\VorePath_Pleasure.xml,def,(Pleasure) <ALIMT >anal</ALIMT>
AnalPleasure.RMBLabel,Anal vore,RMBLabel,VoreDefs\VorePath_Pleasure.xml,def,<ALIMT >anal</ALIMT> <ALIMT >vore</ALIMT>
AnalPleasure.description,Anal pleasure is where the predator stuffs the prey up their butt and into their intestines for mutual sexual pleasure.,description,VoreDefs\VorePath_Pleasure.xml,def,<ALIMT >anal</ALIMT> pleasure is where the predator stuffs the prey up their butt and into their intestines for mutual <ALIMT >sexual</ALIMT> pleasure.
VaginalPleasure.label,(Pleasure) Vaginal,label,VoreDefs\VorePath_Pleasure.xml,def,(Pleasure) <ALIMT >vaginal</ALIMT>
VaginalPleasure.RMBLabel,Vaginal vore,RMBLabel,VoreDefs\VorePath_Pleasure.xml,def,<ALIMT >vaginal</ALIMT> <ALIMT >vore</ALIMT>
VaginalPleasure.description,Vaginal pleasure is where the predator unbirths the prey into their womb for mutual sexual pleasure.,description,VoreDefs\VorePath_Pleasure.xml,def,<ALIMT >vaginal</ALIMT> pleasure is where the predator unbirths the prey into their womb for mutual <ALIMT >sexual</ALIMT> pleasure.
CockPleasure.label,(Pleasure) Cock,label,VoreDefs\VorePath_Pleasure.xml,def,(Pleasure) Cock
CockPleasure.RMBLabel,Cock vore,RMBLabel,VoreDefs\VorePath_Pleasure.xml,def,Cock <ALIMT >vore</ALIMT>
CockPleasure.description,Cock pleasure is where the predator shunts the prey down their cock and into their balls for mutual sexual pleasure.,description,VoreDefs\VorePath_Pleasure.xml,def,Cock pleasure is where the predator shunts the prey down their cock and into their balls for mutual <ALIMT >sexual</ALIMT> pleasure.
NipplePleasure.label,(Pleasure) Nipple,label,VoreDefs\VorePath_Pleasure.xml,def,(Pleasure) <ALIMT >nipple</ALIMT>
NipplePleasure.RMBLabel,Nipple vore,RMBLabel,VoreDefs\VorePath_Pleasure.xml,def,<ALIMT >nipple</ALIMT> <ALIMT >vore</ALIMT>
NipplePleasure.description,Nipple pleasure is where the predator shoves the prey through their nipple and into their mammary for mutual sexual pleasure.,description,VoreDefs\VorePath_Pleasure.xml,def,<ALIMT >nipple</ALIMT> pleasure is where the predator shoves the prey through their <ALIMT >nipple</ALIMT> and into their mammary for mutual <ALIMT >sexual</ALIMT> pleasure.
VaginalReform.label,(Reform) Vaginal,label,VoreDefs\VorePath_Reform.xml,def,(Reform) <ALIMT >vaginal</ALIMT>
VaginalReform.RMBLabel,Vaginal vore,RMBLabel,VoreDefs\VorePath_Reform.xml,def,<ALIMT >vaginal</ALIMT> <ALIMT >vore</ALIMT>
VaginalReform.description,Reformation creates a new pawn inheriting attributes from both original prey and predator,description,VoreDefs\VorePath_Reform.xml,def,Reformation creates a new <ALIMT >(PH_1)</ALIMT> inheriting attributes from both original prey and predator
OralStore.label,(Store) Oral,label,VoreDefs\VorePath_Store.xml,def,(Store) <ALIMT >oral</ALIMT>
OralStore.RMBLabel,Oral vore,RMBLabel,VoreDefs\VorePath_Store.xml,def,<ALIMT >oral</ALIMT> <ALIMT >vore</ALIMT>
OralStore.description,Oral storage is where the predator swallows the prey into their stomach for indefinite storage.,description,VoreDefs\VorePath_Store.xml,def,<ALIMT >oral</ALIMT> storage is where the predator swallows the prey into their stomach for indefinite storage.
FullTourStore.label,(Store) Full Tour,label,VoreDefs\VorePath_Store.xml,def,(Store) <ALIMT >full tour</ALIMT>
FullTourStore.RMBLabel,Full tour vore,RMBLabel,VoreDefs\VorePath_Store.xml,def,<ALIMT >full tour</ALIMT> <ALIMT >vore</ALIMT>
FullTourStore.description,"Full tour storage is where the predator swallows the prey into their stomach for indefinite storage, eventually releasing them through their guts.",description,VoreDefs\VorePath_Store.xml,def,"<ALIMT >full tour</ALIMT> storage is where the predator swallows the prey into their stomach for indefinite storage, eventually releasing them through their guts."
AnalStore.label,(Store) Anal,label,VoreDefs\VorePath_Store.xml,def,(Store) <ALIMT >anal</ALIMT>
AnalStore.RMBLabel,Anal vore,RMBLabel,VoreDefs\VorePath_Store.xml,def,<ALIMT >anal</ALIMT> <ALIMT >vore</ALIMT>
AnalStore.description,Anal storage is where the predator stuffs the prey up their butt and into their intestines for indefinite storage.,description,VoreDefs\VorePath_Store.xml,def,<ALIMT >anal</ALIMT> storage is where the predator stuffs the prey up their butt and into their intestines for indefinite storage.
VaginalStore.label,(Store) Vaginal,label,VoreDefs\VorePath_Store.xml,def,(Store) <ALIMT >vaginal</ALIMT>
VaginalStore.RMBLabel,Vaginal vore,RMBLabel,VoreDefs\VorePath_Store.xml,def,<ALIMT >vaginal</ALIMT> <ALIMT >vore</ALIMT>
VaginalStore.description,Vaginal storage is where the predator unbirths the prey into their womb for indefinite storage.,description,VoreDefs\VorePath_Store.xml,def,<ALIMT >vaginal</ALIMT> storage is where the predator unbirths the prey into their womb for indefinite storage.
CockStore.label,(Store) Cock,label,VoreDefs\VorePath_Store.xml,def,(Store) Cock
CockStore.RMBLabel,Cock vore,RMBLabel,VoreDefs\VorePath_Store.xml,def,Cock <ALIMT >vore</ALIMT>
CockStore.description,Cock storage is where the predator shunts the prey down their cock and into their balls for indefinite storage.,description,VoreDefs\VorePath_Store.xml,def,Cock storage is where the predator shunts the prey down their cock and into their balls for indefinite storage.
NippleStore.label,(Store) Nipple,label,VoreDefs\VorePath_Store.xml,def,(Store) <ALIMT >nipple</ALIMT>
NippleStore.RMBLabel,Nipple vore,RMBLabel,VoreDefs\VorePath_Store.xml,def,<ALIMT >nipple</ALIMT> <ALIMT >vore</ALIMT>
NippleStore.description,Nipple storage is where the predator shoves the prey through their nipple and into their mammary for indefinite storage.,description,VoreDefs\VorePath_Store.xml,def,<ALIMT >nipple</ALIMT> storage is where the predator shoves the prey through their <ALIMT >nipple</ALIMT> and into their mammary for indefinite storage.
Oral.label,Oral,label,VoreDefs\VoreType.xml,def,<ALIMT >oral</ALIMT>
Anal.label,Anal,label,VoreDefs\VoreType.xml,def,<ALIMT >anal</ALIMT>
Vaginal.label,Vaginal,label,VoreDefs\VoreType.xml,def,<ALIMT >vaginal</ALIMT>
Cock.label,Cock,label,VoreDefs\VoreType.xml,def,Cock
Nipple.label,Nipple,label,VoreDefs\VoreType.xml,def,<ALIMT >nipple</ALIMT>
FullTour.label,Full Tour,label,VoreDefs\VoreType.xml,def,<ALIMT >full tour</ALIMT>
RV2_ProposeVore.label,propose vore,label,WorkTypeDefs\WorkGivers.xml,def,propose <ALIMT >vore</ALIMT>
RV2_ProposeVore.verb,propose,verb,WorkTypeDefs\WorkGivers.xml,def,propose
RV2_ProposeVore.gerund,proposing vore to,gerund,WorkTypeDefs\WorkGivers.xml,def,proposing <ALIMT >vore</ALIMT> to
RV2_Propose.labelShort,Vore,labelShort,WorkTypeDefs\WorkTypes.xml,def,<ALIMT >vore</ALIMT>
RV2_Propose.pawnLabel,Vore,pawnLabel,WorkTypeDefs\WorkTypes.xml,def,<ALIMT >vore</ALIMT>
RV2_Propose.gerundLabel,Vore,gerundLabel,WorkTypeDefs\WorkTypes.xml,def,<ALIMT >vore</ALIMT>
RV2_Propose.description,Things related to vore.,description,WorkTypeDefs\WorkTypes.xml,def,Things related to <ALIMT >vore</ALIMT>.
RV2_Propose.verb,vore,verb,WorkTypeDefs\WorkTypes.xml,def,<ALIMT >vore</ALIMT>
VoreTab_MainButton.label,Vore,label,Misc\MainButtonDefs\VoreButtons.xml,def,<ALIMT >vore</ALIMT>
VoreTab_MainButton.description,Currently ongoing vore,description,Misc\MainButtonDefs\VoreButtons.xml,def,Currently ongoing <ALIMT >vore</ALIMT>
VorePrey.label,Prey,label,Misc\PawnColumnDefs\VoreColumn.xml,def,Prey
VorePred.label,Pred,label,Misc\PawnColumnDefs\VoreColumn.xml,def,Pred
VorePart.label,Part,label,Misc\PawnColumnDefs\VoreColumn.xml,def,Part
VorePartGoal.label,Part Goal,label,Misc\PawnColumnDefs\VoreColumn.xml,def,Part Goal
VoreStageProgress.label,Progress,label,Misc\PawnColumnDefs\VoreColumn.xml,def,Progress
VoreStruggle.label,Struggle,label,Misc\PawnColumnDefs\VoreColumn.xml,def,Struggle
VoreGoal.label,Goal,label,Misc\PawnColumnDefs\VoreColumn.xml,def,Goal
