key,text,tag,file,type
Masturbation_HandjobPRP.rulePack.rulesStrings.0,sent->[INITIATOR_nameDef] [adjective] stroked [INITIATOR_possessive] [penis] to get some relief.,li,RulePackDefs\Masturbation\RulePack_Masturbation_Patch.xml,def
Masturbation_HandjobPRP.rulePack.rulesStrings.1,sent->[INITIATOR_nameDef] [adjective] jerked [INITIATOR_objective]self off.,li,RulePackDefs\Masturbation\RulePack_Masturbation_Patch.xml,def
Masturbation_HandjobPRP.rulePack.rulesStrings.2,sent->[INITIATOR_nameDef] had some fun with [INITIATOR_possessive] [penis].,li,RulePackDefs\Masturbation\RulePack_Masturbation_Patch.xml,def
Masturbation_HandjobPRP.rulePack.rulesStrings.3,sent->[INITIATOR_nameDef] released some tension using [INITIATOR_possessive] [penis].,li,RulePackDefs\Masturbation\RulePack_Masturbation_Patch.xml,def
Masturbation_HandjobPRP.rulePack.rulesStrings.4,penis->penis,li,RulePackDefs\Masturbation\RulePack_Masturbation_Patch.xml,def
Masturbation_HandjobPRP.rulePack.rulesStrings.5,penis->dick,li,RulePackDefs\Masturbation\RulePack_Masturbation_Patch.xml,def
Masturbation_HandjobPRP.rulePack.rulesStrings.6,penis->cock,li,RulePackDefs\Masturbation\RulePack_Masturbation_Patch.xml,def
Masturbation_HandjobPRP.rulePack.rulesStrings.7,penis->member,li,RulePackDefs\Masturbation\RulePack_Masturbation_Patch.xml,def
Masturbation_HandjobPRP.rulePack.rulesStrings.8,adjective->frantically,li,RulePackDefs\Masturbation\RulePack_Masturbation_Patch.xml,def
Masturbation_HandjobPRP.rulePack.rulesStrings.9,adjective->needily,li,RulePackDefs\Masturbation\RulePack_Masturbation_Patch.xml,def
Masturbation_HandjobPRP.rulePack.rulesStrings.10,adjective->breathlessly,li,RulePackDefs\Masturbation\RulePack_Masturbation_Patch.xml,def
Masturbation_HandjobPRP.rulePack.rulesStrings.11,adjective->quietly,li,RulePackDefs\Masturbation\RulePack_Masturbation_Patch.xml,def
Masturbation_HandjobPRP.rulePack.rulesStrings.12,adjective->,li,RulePackDefs\Masturbation\RulePack_Masturbation_Patch.xml,def
Masturbation_HandjobPRP.rulePack.rulesStrings.13,adjective->,li,RulePackDefs\Masturbation\RulePack_Masturbation_Patch.xml,def
Masturbation_HandjobPRP.rulePack.rulesStrings.14,adjective->,li,RulePackDefs\Masturbation\RulePack_Masturbation_Patch.xml,def
Masturbation_HandjobVRP.rulePack.rulesStrings.0,sent->[INITIATOR_nameDef] [adjective] fingered [INITIATOR_possessive] [vagina] to get some relief.,li,RulePackDefs\Masturbation\RulePack_Masturbation_Patch.xml,def
Masturbation_HandjobVRP.rulePack.rulesStrings.1,sent->[INITIATOR_nameDef] had some fun with [INITIATOR_possessive] [vagina].,li,RulePackDefs\Masturbation\RulePack_Masturbation_Patch.xml,def
Masturbation_HandjobVRP.rulePack.rulesStrings.2,sent->[INITIATOR_nameDef] [adjective] got [INITIATOR_objective]self off.,li,RulePackDefs\Masturbation\RulePack_Masturbation_Patch.xml,def
Masturbation_HandjobVRP.rulePack.rulesStrings.3,sent->[INITIATOR_nameDef] released some tension using [INITIATOR_possessive] [vagina].,li,RulePackDefs\Masturbation\RulePack_Masturbation_Patch.xml,def
Masturbation_HandjobVRP.rulePack.rulesStrings.4,vagina->vagina,li,RulePackDefs\Masturbation\RulePack_Masturbation_Patch.xml,def
Masturbation_HandjobVRP.rulePack.rulesStrings.5,vagina->pussy,li,RulePackDefs\Masturbation\RulePack_Masturbation_Patch.xml,def
Masturbation_HandjobVRP.rulePack.rulesStrings.6,vagina->slit,li,RulePackDefs\Masturbation\RulePack_Masturbation_Patch.xml,def
Masturbation_HandjobVRP.rulePack.rulesStrings.7,vagina->sheath,li,RulePackDefs\Masturbation\RulePack_Masturbation_Patch.xml,def
Masturbation_HandjobVRP.rulePack.rulesStrings.8,adjective->frantically,li,RulePackDefs\Masturbation\RulePack_Masturbation_Patch.xml,def
Masturbation_HandjobVRP.rulePack.rulesStrings.9,adjective->needily,li,RulePackDefs\Masturbation\RulePack_Masturbation_Patch.xml,def
Masturbation_HandjobVRP.rulePack.rulesStrings.10,adjective->breathlessly,li,RulePackDefs\Masturbation\RulePack_Masturbation_Patch.xml,def
Masturbation_HandjobVRP.rulePack.rulesStrings.11,adjective->quietly,li,RulePackDefs\Masturbation\RulePack_Masturbation_Patch.xml,def
Masturbation_HandjobVRP.rulePack.rulesStrings.12,adjective->,li,RulePackDefs\Masturbation\RulePack_Masturbation_Patch.xml,def
Masturbation_HandjobVRP.rulePack.rulesStrings.13,adjective->,li,RulePackDefs\Masturbation\RulePack_Masturbation_Patch.xml,def
Masturbation_HandjobVRP.rulePack.rulesStrings.14,adjective->,li,RulePackDefs\Masturbation\RulePack_Masturbation_Patch.xml,def
Masturbation_HandjobARP.rulePack.rulesStrings.0,sent->[INITIATOR_nameDef] [adjective] fingered [INITIATOR_possessive] [anus] to get some relief.,li,RulePackDefs\Masturbation\RulePack_Masturbation_Patch.xml,def
Masturbation_HandjobARP.rulePack.rulesStrings.1,sent->[INITIATOR_nameDef] had some fun with [INITIATOR_possessive] [anus].,li,RulePackDefs\Masturbation\RulePack_Masturbation_Patch.xml,def
Masturbation_HandjobARP.rulePack.rulesStrings.2,sent->[INITIATOR_nameDef] [adjective] got [INITIATOR_objective]self off.,li,RulePackDefs\Masturbation\RulePack_Masturbation_Patch.xml,def
Masturbation_HandjobARP.rulePack.rulesStrings.3,sent->[INITIATOR_nameDef] released some tension using [INITIATOR_possessive] [anus].,li,RulePackDefs\Masturbation\RulePack_Masturbation_Patch.xml,def
Masturbation_HandjobARP.rulePack.rulesStrings.4,anus->anus,li,RulePackDefs\Masturbation\RulePack_Masturbation_Patch.xml,def
Masturbation_HandjobARP.rulePack.rulesStrings.5,anus->ass,li,RulePackDefs\Masturbation\RulePack_Masturbation_Patch.xml,def
Masturbation_HandjobARP.rulePack.rulesStrings.6,anus->hole,li,RulePackDefs\Masturbation\RulePack_Masturbation_Patch.xml,def
Masturbation_HandjobARP.rulePack.rulesStrings.7,adjective->frantically,li,RulePackDefs\Masturbation\RulePack_Masturbation_Patch.xml,def
Masturbation_HandjobARP.rulePack.rulesStrings.8,adjective->needily,li,RulePackDefs\Masturbation\RulePack_Masturbation_Patch.xml,def
Masturbation_HandjobARP.rulePack.rulesStrings.9,adjective->breathlessly,li,RulePackDefs\Masturbation\RulePack_Masturbation_Patch.xml,def
Masturbation_HandjobARP.rulePack.rulesStrings.10,adjective->quietly,li,RulePackDefs\Masturbation\RulePack_Masturbation_Patch.xml,def
Masturbation_HandjobARP.rulePack.rulesStrings.11,adjective->,li,RulePackDefs\Masturbation\RulePack_Masturbation_Patch.xml,def
Masturbation_HandjobARP.rulePack.rulesStrings.12,adjective->,li,RulePackDefs\Masturbation\RulePack_Masturbation_Patch.xml,def
Masturbation_HandjobARP.rulePack.rulesStrings.13,adjective->,li,RulePackDefs\Masturbation\RulePack_Masturbation_Patch.xml,def
Masturbation_HandjobBRP.rulePack.rulesStrings.0,sent->[INITIATOR_nameDef] played with [INITIATOR_possessive] [breasts].,li,RulePackDefs\Masturbation\RulePack_Masturbation_Patch.xml,def
Masturbation_HandjobBRP.rulePack.rulesStrings.1,sent->[INITIATOR_nameDef] [adjective] teased [INITIATOR_possessive] [breasts].,li,RulePackDefs\Masturbation\RulePack_Masturbation_Patch.xml,def
Masturbation_HandjobBRP.rulePack.rulesStrings.2,sent->[INITIATOR_nameDef] released some tension using [INITIATOR_possessive] [breasts].,li,RulePackDefs\Masturbation\RulePack_Masturbation_Patch.xml,def
Masturbation_HandjobBRP.rulePack.rulesStrings.3,sent->[INITIATOR_nameDef] [adejctive] stroked [INITIATOR_possessive] [breasts] to get  some relief.,li,RulePackDefs\Masturbation\RulePack_Masturbation_Patch.xml,def
Masturbation_HandjobBRP.rulePack.rulesStrings.4,breasts->breasts,li,RulePackDefs\Masturbation\RulePack_Masturbation_Patch.xml,def
Masturbation_HandjobBRP.rulePack.rulesStrings.5,breasts->chest,li,RulePackDefs\Masturbation\RulePack_Masturbation_Patch.xml,def
Masturbation_HandjobBRP.rulePack.rulesStrings.6,breasts->nipples,li,RulePackDefs\Masturbation\RulePack_Masturbation_Patch.xml,def
Masturbation_HandjobBRP.rulePack.rulesStrings.7,adjective->frantically,li,RulePackDefs\Masturbation\RulePack_Masturbation_Patch.xml,def
Masturbation_HandjobBRP.rulePack.rulesStrings.8,adjective->needily,li,RulePackDefs\Masturbation\RulePack_Masturbation_Patch.xml,def
Masturbation_HandjobBRP.rulePack.rulesStrings.9,adjective->eagerly,li,RulePackDefs\Masturbation\RulePack_Masturbation_Patch.xml,def
Masturbation_HandjobBRP.rulePack.rulesStrings.10,adjective->quietly,li,RulePackDefs\Masturbation\RulePack_Masturbation_Patch.xml,def
Masturbation_HandjobBRP.rulePack.rulesStrings.11,adjective->,li,RulePackDefs\Masturbation\RulePack_Masturbation_Patch.xml,def
Masturbation_HandjobBRP.rulePack.rulesStrings.12,adjective->,li,RulePackDefs\Masturbation\RulePack_Masturbation_Patch.xml,def
Masturbation_HandjobBRP.rulePack.rulesStrings.13,adjective->,li,RulePackDefs\Masturbation\RulePack_Masturbation_Patch.xml,def
Masturbation_AutoFellatioRP.rulePack.rulesStrings.0,sent->[INITIATOR_nameDef] [adjective] sucked [INITIATOR_possessive] own [penis].,li,RulePackDefs\Masturbation\RulePack_Masturbation_Patch.xml,def
Masturbation_AutoFellatioRP.rulePack.rulesStrings.1,sent->[INITIATOR_nameDef] [adjective] sucked [INITIATOR_possessive]self off.,li,RulePackDefs\Masturbation\RulePack_Masturbation_Patch.xml,def
Masturbation_AutoFellatioRP.rulePack.rulesStrings.2,penis->penis,li,RulePackDefs\Masturbation\RulePack_Masturbation_Patch.xml,def
Masturbation_AutoFellatioRP.rulePack.rulesStrings.3,penis->dick,li,RulePackDefs\Masturbation\RulePack_Masturbation_Patch.xml,def
Masturbation_AutoFellatioRP.rulePack.rulesStrings.4,penis->cock,li,RulePackDefs\Masturbation\RulePack_Masturbation_Patch.xml,def
Masturbation_AutoFellatioRP.rulePack.rulesStrings.5,penis->member,li,RulePackDefs\Masturbation\RulePack_Masturbation_Patch.xml,def
Masturbation_AutoFellatioRP.rulePack.rulesStrings.6,adjective->needily,li,RulePackDefs\Masturbation\RulePack_Masturbation_Patch.xml,def
Masturbation_AutoFellatioRP.rulePack.rulesStrings.7,adjective->eagerly,li,RulePackDefs\Masturbation\RulePack_Masturbation_Patch.xml,def
Masturbation_AutoFellatioRP.rulePack.rulesStrings.8,adjective->quietly,li,RulePackDefs\Masturbation\RulePack_Masturbation_Patch.xml,def
Masturbation_AutoFellatioRP.rulePack.rulesStrings.9,adjective->deftly,li,RulePackDefs\Masturbation\RulePack_Masturbation_Patch.xml,def
Masturbation_AutoFellatioRP.rulePack.rulesStrings.10,adjective->,li,RulePackDefs\Masturbation\RulePack_Masturbation_Patch.xml,def
Masturbation_AutoFellatioRP.rulePack.rulesStrings.11,adjective->,li,RulePackDefs\Masturbation\RulePack_Masturbation_Patch.xml,def
Masturbation_AutoFellatioRP.rulePack.rulesStrings.12,adjective->,li,RulePackDefs\Masturbation\RulePack_Masturbation_Patch.xml,def
Masturbation_AutoBreastjobRP.rulePack.rulesStrings.0,sent->[INITIATOR_nameDef] [adjective] stroked [INITIATOR_possessive] [penis] between [INITIATOR_possessive] breasts.,li,RulePackDefs\Masturbation\RulePack_Masturbation_Patch.xml,def
Masturbation_AutoBreastjobRP.rulePack.rulesStrings.1,penis->penis,li,RulePackDefs\Masturbation\RulePack_Masturbation_Patch.xml,def
Masturbation_AutoBreastjobRP.rulePack.rulesStrings.2,penis->dick,li,RulePackDefs\Masturbation\RulePack_Masturbation_Patch.xml,def
Masturbation_AutoBreastjobRP.rulePack.rulesStrings.3,penis->cock,li,RulePackDefs\Masturbation\RulePack_Masturbation_Patch.xml,def
Masturbation_AutoBreastjobRP.rulePack.rulesStrings.4,penis->member,li,RulePackDefs\Masturbation\RulePack_Masturbation_Patch.xml,def
Masturbation_AutoBreastjobRP.rulePack.rulesStrings.5,adjective->frantically,li,RulePackDefs\Masturbation\RulePack_Masturbation_Patch.xml,def
Masturbation_AutoBreastjobRP.rulePack.rulesStrings.6,adjective->needily,li,RulePackDefs\Masturbation\RulePack_Masturbation_Patch.xml,def
Masturbation_AutoBreastjobRP.rulePack.rulesStrings.7,adjective->eagerly,li,RulePackDefs\Masturbation\RulePack_Masturbation_Patch.xml,def
Masturbation_AutoBreastjobRP.rulePack.rulesStrings.8,adjective->quietly,li,RulePackDefs\Masturbation\RulePack_Masturbation_Patch.xml,def
Masturbation_AutoBreastjobRP.rulePack.rulesStrings.9,adjective->,li,RulePackDefs\Masturbation\RulePack_Masturbation_Patch.xml,def
Masturbation_AutoBreastjobRP.rulePack.rulesStrings.10,adjective->,li,RulePackDefs\Masturbation\RulePack_Masturbation_Patch.xml,def
Masturbation_AutoBreastjobRP.rulePack.rulesStrings.11,adjective->,li,RulePackDefs\Masturbation\RulePack_Masturbation_Patch.xml,def
FellatioRP.rulePack.rulesStrings.0,"sent->[INITIATOR_nameDef] [fucked], [reaction].",li,RulePackDefs\Sex\RulePacks_Oral.xml,def
FellatioRP.rulePack.rulesStrings.1,sent->[INITIATOR_nameDef] [action] as [fucked2].,li,RulePackDefs\Sex\RulePacks_Oral.xml,def
FellatioRP.rulePack.rulesStrings.2,penis->dick,li,RulePackDefs\Sex\RulePacks_Oral.xml,def
FellatioRP.rulePack.rulesStrings.3,penis->cock,li,RulePackDefs\Sex\RulePacks_Oral.xml,def
FellatioRP.rulePack.rulesStrings.4,penis->length,li,RulePackDefs\Sex\RulePacks_Oral.xml,def
FellatioRP.rulePack.rulesStrings.5,adjective->lovingly,li,RulePackDefs\Sex\RulePacks_Oral.xml,def
FellatioRP.rulePack.rulesStrings.6,adjective->heatedly,li,RulePackDefs\Sex\RulePacks_Oral.xml,def
FellatioRP.rulePack.rulesStrings.7,adjective->passionately,li,RulePackDefs\Sex\RulePacks_Oral.xml,def
FellatioRP.rulePack.rulesStrings.8,adjective->fervently,li,RulePackDefs\Sex\RulePacks_Oral.xml,def
FellatioRP.rulePack.rulesStrings.9,adjective->eagerly,li,RulePackDefs\Sex\RulePacks_Oral.xml,def
FellatioRP.rulePack.rulesStrings.10,fucked->[adjective] fucked [RECIPIENT_nameDef]'s mouth,li,RulePackDefs\Sex\RulePacks_Oral.xml,def
FellatioRP.rulePack.rulesStrings.11,fucked->[adjective] sank [INITIATOR_possessive] [penis] into [RECIPIENT_nameDef]'s mouth,li,RulePackDefs\Sex\RulePacks_Oral.xml,def
FellatioRP.rulePack.rulesStrings.12,reaction->gasping at how hot and tight it felt,li,RulePackDefs\Sex\RulePacks_Oral.xml,def
FellatioRP.rulePack.rulesStrings.13,reaction->holding onto [RECIPIENT_possessive] head as [INITIATOR_pronoun] thrust,li,RulePackDefs\Sex\RulePacks_Oral.xml,def
FellatioRP.rulePack.rulesStrings.14,reaction->praising [RECIPIENT_objective] for taking it so deep,li,RulePackDefs\Sex\RulePacks_Oral.xml,def
FellatioRP.rulePack.rulesStrings.15,reaction->watching [RECIPIENT_objective] swallow around it,li,RulePackDefs\Sex\RulePacks_Oral.xml,def
FellatioRP.rulePack.rulesStrings.16,action->held tightly onto [RECIPIENT_nameDef],li,RulePackDefs\Sex\RulePacks_Oral.xml,def
FellatioRP.rulePack.rulesStrings.17,action->caressed [RECIPIENT_nameDef]'s cheek,li,RulePackDefs\Sex\RulePacks_Oral.xml,def
FellatioRP.rulePack.rulesStrings.18,action->kept blissfully cursing [RECIPIENT_nameDef]'s name,li,RulePackDefs\Sex\RulePacks_Oral.xml,def
FellatioRP.rulePack.rulesStrings.19,fucked2->[RECIPIENT_pronoun] sucked [INITIATOR_objective] off,li,RulePackDefs\Sex\RulePacks_Oral.xml,def
FellatioRP.rulePack.rulesStrings.20,fucked2->[INITIATOR_pronoun] thrust into [RECIPIENT_possessive] mouth,li,RulePackDefs\Sex\RulePacks_Oral.xml,def
CunnilingusRP.rulePack.rulesStrings.0,sent->[INITIATOR_nameDef] [reaction] as [fucked].,li,RulePackDefs\Sex\RulePacks_Oral.xml,def
CunnilingusRP.rulePack.rulesStrings.1,"sent->[INITIATOR_nameDef] [action], [fucked2].",li,RulePackDefs\Sex\RulePacks_Oral.xml,def
CunnilingusRP.rulePack.rulesStrings.2,vagina->pussy,li,RulePackDefs\Sex\RulePacks_Oral.xml,def
CunnilingusRP.rulePack.rulesStrings.3,vagina->slit,li,RulePackDefs\Sex\RulePacks_Oral.xml,def
CunnilingusRP.rulePack.rulesStrings.4,vagina->heat,li,RulePackDefs\Sex\RulePacks_Oral.xml,def
CunnilingusRP.rulePack.rulesStrings.5,adjective->lovingly,li,RulePackDefs\Sex\RulePacks_Oral.xml,def
CunnilingusRP.rulePack.rulesStrings.6,adjective->heatedly,li,RulePackDefs\Sex\RulePacks_Oral.xml,def
CunnilingusRP.rulePack.rulesStrings.7,adjective->passionately,li,RulePackDefs\Sex\RulePacks_Oral.xml,def
CunnilingusRP.rulePack.rulesStrings.8,adjective->fervently,li,RulePackDefs\Sex\RulePacks_Oral.xml,def
CunnilingusRP.rulePack.rulesStrings.9,adjective->eagerly,li,RulePackDefs\Sex\RulePacks_Oral.xml,def
CunnilingusRP.rulePack.rulesStrings.10,adjective->thoroughly,li,RulePackDefs\Sex\RulePacks_Oral.xml,def
CunnilingusRP.rulePack.rulesStrings.11,reaction->moaned and squirmed under [RECIPIENT_nameDef],li,RulePackDefs\Sex\RulePacks_Oral.xml,def
CunnilingusRP.rulePack.rulesStrings.12,reaction->shuddered and clutched at [RECIPIENT_nameDef],li,RulePackDefs\Sex\RulePacks_Oral.xml,def
CunnilingusRP.rulePack.rulesStrings.13,reaction->gasped out [RECIPIENT_nameDef]'s name,li,RulePackDefs\Sex\RulePacks_Oral.xml,def
CunnilingusRP.rulePack.rulesStrings.14,fucked->[RECIPIENT_pronoun] [adjective] gave [INITIATOR_objective] head,li,RulePackDefs\Sex\RulePacks_Oral.xml,def
CunnilingusRP.rulePack.rulesStrings.15,fucked->[RECIPIENT_pronoun] [adjective] pushed [RECIPIENT_possessive] tongue into [INITIATOR_possessive] [vagina],li,RulePackDefs\Sex\RulePacks_Oral.xml,def
CunnilingusRP.rulePack.rulesStrings.16,action->spread [INITIATOR_possessive] legs invitingly for [RECIPIENT_nameDef],li,RulePackDefs\Sex\RulePacks_Oral.xml,def
CunnilingusRP.rulePack.rulesStrings.17,action->guided [RECIPIENT_nameDef]'s head between [INITIATOR_possessive] legs,li,RulePackDefs\Sex\RulePacks_Oral.xml,def
CunnilingusRP.rulePack.rulesStrings.18,fucked2->melting in pleasure under [RECIPIENT_possessive] tongue,li,RulePackDefs\Sex\RulePacks_Oral.xml,def
CunnilingusRP.rulePack.rulesStrings.19,fucked2->signing softly from the heat of [RECIPIENT_possessive] mouth,li,RulePackDefs\Sex\RulePacks_Oral.xml,def
CunnilingusRP.rulePack.rulesStrings.20,fucked2->arching back when [RECIPIENT_pronoun] licked [INITIATOR_possessive] clit,li,RulePackDefs\Sex\RulePacks_Oral.xml,def
CunnilingusRP.rulePack.rulesStrings.21,fucked2->whispering praise as [RECIPIENT_pronoun] ate [INITIATOR_objective] out,li,RulePackDefs\Sex\RulePacks_Oral.xml,def
RimmingRP.rulePack.rulesStrings.0,"sent->[INITIATOR_nameDef] [fucked], [reaction].",li,RulePackDefs\Sex\RulePacks_Oral.xml,def
RimmingRP.rulePack.rulesStrings.1,sent->[INITIATOR_nameDef] [action] [fucked2].,li,RulePackDefs\Sex\RulePacks_Oral.xml,def
RimmingRP.rulePack.rulesStrings.2,adjective->loving,li,RulePackDefs\Sex\RulePacks_Oral.xml,def
RimmingRP.rulePack.rulesStrings.3,adjective->heated,li,RulePackDefs\Sex\RulePacks_Oral.xml,def
RimmingRP.rulePack.rulesStrings.4,adjective->passionate,li,RulePackDefs\Sex\RulePacks_Oral.xml,def
RimmingRP.rulePack.rulesStrings.5,adjective->eager,li,RulePackDefs\Sex\RulePacks_Oral.xml,def
RimmingRP.rulePack.rulesStrings.6,anus->ass,li,RulePackDefs\Sex\RulePacks_Oral.xml,def
RimmingRP.rulePack.rulesStrings.7,anus->opening,li,RulePackDefs\Sex\RulePacks_Oral.xml,def
RimmingRP.rulePack.rulesStrings.8,anus->entrance,li,RulePackDefs\Sex\RulePacks_Oral.xml,def
RimmingRP.rulePack.rulesStrings.9,fucked->spread [INITIATOR_objective]self open for [RECIPIENT_nameDef],li,RulePackDefs\Sex\RulePacks_Oral.xml,def
RimmingRP.rulePack.rulesStrings.10,fucked->got a rim job from [RECIPIENT_nameDef],li,RulePackDefs\Sex\RulePacks_Oral.xml,def
RimmingRP.rulePack.rulesStrings.11,reaction->gasping at the press of [RECIPIENT_possessive] mouth against [INITIATOR_possessive] [anus],li,RulePackDefs\Sex\RulePacks_Oral.xml,def
RimmingRP.rulePack.rulesStrings.12,reaction->biting back a moan when [RECIPIENT_possessive] tongue delved inside,li,RulePackDefs\Sex\RulePacks_Oral.xml,def
RimmingRP.rulePack.rulesStrings.13,reaction->trembling as [RECIPIENT_possessive] tongue teased [INITIATOR_possessive] [anus],li,RulePackDefs\Sex\RulePacks_Oral.xml,def
RimmingRP.rulePack.rulesStrings.14,action->could barely keep still for [RECIPIENT_nameDef],li,RulePackDefs\Sex\RulePacks_Oral.xml,def
RimmingRP.rulePack.rulesStrings.15,action->let out a moan after moan under [RECIPIENT_nameDef],li,RulePackDefs\Sex\RulePacks_Oral.xml,def
RimmingRP.rulePack.rulesStrings.16,action->shivered from the heat of [RECIPIENT_nameDef]'s mouth,li,RulePackDefs\Sex\RulePacks_Oral.xml,def
RimmingRP.rulePack.rulesStrings.17,action->felt [RECIPIENT_nameDef]'s firm hands on [INITIATOR_possessive] ass,li,RulePackDefs\Sex\RulePacks_Oral.xml,def
RimmingRP.rulePack.rulesStrings.18,fucked2->as [RECIPIENT_pronoun] gave [INITIATOR_pronoun] a [adjective] rim job,li,RulePackDefs\Sex\RulePacks_Oral.xml,def
RimmingRP.rulePack.rulesStrings.19,fucked2->while [RECIPIENT_possessive] tongue lapped at [INITIATOR_possessive] [anus],li,RulePackDefs\Sex\RulePacks_Oral.xml,def
SixtynineRP.rulePack.rulesStrings.0,"sent->[INITIATOR_nameDef] and [RECIPIENT_nameDef] [fucked], [reaction].",li,RulePackDefs\Sex\RulePacks_Oral.xml,def
SixtynineRP.rulePack.rulesStrings.1,"sent->[INITIATOR_nameDef] and [RECIPIENT_nameDef] [action], as [fucked2].",li,RulePackDefs\Sex\RulePacks_Oral.xml,def
SixtynineRP.rulePack.rulesStrings.2,adjective->eagerly,li,RulePackDefs\Sex\RulePacks_Oral.xml,def
SixtynineRP.rulePack.rulesStrings.3,adjective->frantically,li,RulePackDefs\Sex\RulePacks_Oral.xml,def
SixtynineRP.rulePack.rulesStrings.4,adjective->lovingly,li,RulePackDefs\Sex\RulePacks_Oral.xml,def
SixtynineRP.rulePack.rulesStrings.5,adjective->passionately,li,RulePackDefs\Sex\RulePacks_Oral.xml,def
SixtynineRP.rulePack.rulesStrings.6,adjective->heatedly,li,RulePackDefs\Sex\RulePacks_Oral.xml,def
SixtynineRP.rulePack.rulesStrings.7,fucked->went down on each other,li,RulePackDefs\Sex\RulePacks_Oral.xml,def
SixtynineRP.rulePack.rulesStrings.8,fucked->gave each other head,li,RulePackDefs\Sex\RulePacks_Oral.xml,def
SixtynineRP.rulePack.rulesStrings.9,fucked->69'ed,li,RulePackDefs\Sex\RulePacks_Oral.xml,def
SixtynineRP.rulePack.rulesStrings.10,reaction->loosing themselves in mutual pleasure,li,RulePackDefs\Sex\RulePacks_Oral.xml,def
SixtynineRP.rulePack.rulesStrings.11,reaction->getting more heated with every stifled moan,li,RulePackDefs\Sex\RulePacks_Oral.xml,def
SixtynineRP.rulePack.rulesStrings.12,reaction->moving desperately until they were both spent,li,RulePackDefs\Sex\RulePacks_Oral.xml,def
SixtynineRP.rulePack.rulesStrings.13,reaction->sharing the bliss in heated unison,li,RulePackDefs\Sex\RulePacks_Oral.xml,def
SixtynineRP.rulePack.rulesStrings.14,action->lay pressed close together,li,RulePackDefs\Sex\RulePacks_Oral.xml,def
SixtynineRP.rulePack.rulesStrings.15,action->savored the taste,li,RulePackDefs\Sex\RulePacks_Oral.xml,def
SixtynineRP.rulePack.rulesStrings.16,action->shuddered and moved in unison,li,RulePackDefs\Sex\RulePacks_Oral.xml,def
SixtynineRP.rulePack.rulesStrings.17,action->were locked in shared pleasure,li,RulePackDefs\Sex\RulePacks_Oral.xml,def
SixtynineRP.rulePack.rulesStrings.18,fucked2->they [adjective] lapped each other up,li,RulePackDefs\Sex\RulePacks_Oral.xml,def
SixtynineRP.rulePack.rulesStrings.19,fucked2->they [adjective] gave each other head,li,RulePackDefs\Sex\RulePacks_Oral.xml,def
SixtynineRP.rulePack.rulesStrings.20,fucked2->they [adjective] 69'ed,li,RulePackDefs\Sex\RulePacks_Oral.xml,def
FellatioReverseRP.rulePack.rulesStrings.0,"sent->[INITIATOR_nameDef] [fucked], [reaction].",li,RulePackDefs\Sex\RulePacks_Reverse_Oral.xml,def
FellatioReverseRP.rulePack.rulesStrings.1,sent->[INITIATOR_nameDef] [action] [fucked2].,li,RulePackDefs\Sex\RulePacks_Reverse_Oral.xml,def
FellatioReverseRP.rulePack.rulesStrings.2,penis->dick,li,RulePackDefs\Sex\RulePacks_Reverse_Oral.xml,def
FellatioReverseRP.rulePack.rulesStrings.3,penis->cock,li,RulePackDefs\Sex\RulePacks_Reverse_Oral.xml,def
FellatioReverseRP.rulePack.rulesStrings.4,penis->length,li,RulePackDefs\Sex\RulePacks_Reverse_Oral.xml,def
FellatioReverseRP.rulePack.rulesStrings.5,penis->member,li,RulePackDefs\Sex\RulePacks_Reverse_Oral.xml,def
FellatioReverseRP.rulePack.rulesStrings.6,adjective->lovingly,li,RulePackDefs\Sex\RulePacks_Reverse_Oral.xml,def
FellatioReverseRP.rulePack.rulesStrings.7,adjective->heatedly,li,RulePackDefs\Sex\RulePacks_Reverse_Oral.xml,def
FellatioReverseRP.rulePack.rulesStrings.8,adjective->passionately,li,RulePackDefs\Sex\RulePacks_Reverse_Oral.xml,def
FellatioReverseRP.rulePack.rulesStrings.9,adjective->fervently,li,RulePackDefs\Sex\RulePacks_Reverse_Oral.xml,def
FellatioReverseRP.rulePack.rulesStrings.10,fucked->[adjective] sucked [RECIPIENT_nameDef]'s [penis],li,RulePackDefs\Sex\RulePacks_Reverse_Oral.xml,def
FellatioReverseRP.rulePack.rulesStrings.11,fucked->took [RECIPIENT_nameDef]'s [penis] in [INITIATOR_possessive] mouth,li,RulePackDefs\Sex\RulePacks_Reverse_Oral.xml,def
FellatioReverseRP.rulePack.rulesStrings.12,reaction->thoroughly enjoying [RECIPIENT_possessive] taste,li,RulePackDefs\Sex\RulePacks_Reverse_Oral.xml,def
FellatioReverseRP.rulePack.rulesStrings.13,reaction->swallowing every last drop as [RECIPIENT_pronoun] spent,li,RulePackDefs\Sex\RulePacks_Reverse_Oral.xml,def
FellatioReverseRP.rulePack.rulesStrings.14,reaction->keeping [INITIATOR_possessive] wanton gaze on [INITIATOR_objective],li,RulePackDefs\Sex\RulePacks_Reverse_Oral.xml,def
FellatioReverseRP.rulePack.rulesStrings.15,reaction->relishing the little sounds of pleasure [RECIPIENT_pronoun] made,li,RulePackDefs\Sex\RulePacks_Reverse_Oral.xml,def
FellatioReverseRP.rulePack.rulesStrings.16,action->made [RECIPIENT_nameDef] shudder and buck,li,RulePackDefs\Sex\RulePacks_Reverse_Oral.xml,def
FellatioReverseRP.rulePack.rulesStrings.17,action->had [RECIPIENT_nameDef] panting [INITIATOR_possessive] name,li,RulePackDefs\Sex\RulePacks_Reverse_Oral.xml,def
FellatioReverseRP.rulePack.rulesStrings.18,fucked2->as [INITIATOR_pronoun] traced [INITIATOR_possessive] tongue along [RECIPIENT_possessive] [penis],li,RulePackDefs\Sex\RulePacks_Reverse_Oral.xml,def
FellatioReverseRP.rulePack.rulesStrings.19,fucked2->as [INITIATOR_pronoun] took [RECIPIENT_possessive] [penis] nice and deep into [INITIATOR_possessive] mouth,li,RulePackDefs\Sex\RulePacks_Reverse_Oral.xml,def
FellatioReverseRP.rulePack.rulesStrings.20,fucked2->as the wet heat of [INITIATOR_possessive] mouth engulfed [RECIPIENT_possessive] [penis],li,RulePackDefs\Sex\RulePacks_Reverse_Oral.xml,def
CunnilingusReverseRP.rulePack.rulesStrings.0,"sent->[INITIATOR_nameDef] [fucked], [reaction].",li,RulePackDefs\Sex\RulePacks_Reverse_Oral.xml,def
CunnilingusReverseRP.rulePack.rulesStrings.1,sent->[INITIATOR_nameDef] [fucked2] and [action].,li,RulePackDefs\Sex\RulePacks_Reverse_Oral.xml,def
CunnilingusReverseRP.rulePack.rulesStrings.2,adjective->lovingly,li,RulePackDefs\Sex\RulePacks_Reverse_Oral.xml,def
CunnilingusReverseRP.rulePack.rulesStrings.3,adjective->heatedly,li,RulePackDefs\Sex\RulePacks_Reverse_Oral.xml,def
CunnilingusReverseRP.rulePack.rulesStrings.4,adjective->passionately,li,RulePackDefs\Sex\RulePacks_Reverse_Oral.xml,def
CunnilingusReverseRP.rulePack.rulesStrings.5,adjective->fervently,li,RulePackDefs\Sex\RulePacks_Reverse_Oral.xml,def
CunnilingusReverseRP.rulePack.rulesStrings.6,adjective->eagerly,li,RulePackDefs\Sex\RulePacks_Reverse_Oral.xml,def
CunnilingusReverseRP.rulePack.rulesStrings.7,vagina->pussy,li,RulePackDefs\Sex\RulePacks_Reverse_Oral.xml,def
CunnilingusReverseRP.rulePack.rulesStrings.8,vagina->slit,li,RulePackDefs\Sex\RulePacks_Reverse_Oral.xml,def
CunnilingusReverseRP.rulePack.rulesStrings.9,vagina->heat,li,RulePackDefs\Sex\RulePacks_Reverse_Oral.xml,def
CunnilingusReverseRP.rulePack.rulesStrings.10,fucked->spread [RECIPIENT_nameDef]'s legs and ate [RECIPIENT_objective] out,li,RulePackDefs\Sex\RulePacks_Reverse_Oral.xml,def
CunnilingusReverseRP.rulePack.rulesStrings.11,fucked->[adjective] gave [RECIPIENT_nameDef] head,li,RulePackDefs\Sex\RulePacks_Reverse_Oral.xml,def
CunnilingusReverseRP.rulePack.rulesStrings.12,reaction->savoring the taste of [RECIPIENT_possessive] pussy,li,RulePackDefs\Sex\RulePacks_Reverse_Oral.xml,def
CunnilingusReverseRP.rulePack.rulesStrings.13,reaction->watching [RECIPIENT_objective] gasp and arch [RECIPIENT_possessive] back,li,RulePackDefs\Sex\RulePacks_Reverse_Oral.xml,def
CunnilingusReverseRP.rulePack.rulesStrings.14,reaction->pressing [INITIATOR_possessive] tongue against [RECIPIENT_possessive] heat,li,RulePackDefs\Sex\RulePacks_Reverse_Oral.xml,def
CunnilingusReverseRP.rulePack.rulesStrings.15,reaction->playing with [RECIPIENT_possessive] clit until [RECIPIENT_pronoun] squirmed,li,RulePackDefs\Sex\RulePacks_Reverse_Oral.xml,def
CunnilingusReverseRP.rulePack.rulesStrings.16,fucked2->went down on [RECIPIENT_nameDef],li,RulePackDefs\Sex\RulePacks_Reverse_Oral.xml,def
CunnilingusReverseRP.rulePack.rulesStrings.17,fucked2->pressed [INITIATOR_possessive] lips to [RECIPIENT_nameDef]'s [vagina],li,RulePackDefs\Sex\RulePacks_Reverse_Oral.xml,def
CunnilingusReverseRP.rulePack.rulesStrings.18,action->sucked [RECIPIENT_possessive] clit until [RECIPIENT_pronoun] screamed,li,RulePackDefs\Sex\RulePacks_Reverse_Oral.xml,def
CunnilingusReverseRP.rulePack.rulesStrings.19,action->had [RECIPIENT_objective] cumming around [INITIATOR_possessive] tongue again and again,li,RulePackDefs\Sex\RulePacks_Reverse_Oral.xml,def
CunnilingusReverseRP.rulePack.rulesStrings.20,action->trailed kisses all over [RECIPIENT_possessive] thighs before eating [RECIPIENT_objective] out,li,RulePackDefs\Sex\RulePacks_Reverse_Oral.xml,def
RimmingReverseRP.rulePack.rulesStrings.0,"sent->[INITIATOR_nameDef] [fucked], [action].",li,RulePackDefs\Sex\RulePacks_Reverse_Oral.xml,def
RimmingReverseRP.rulePack.rulesStrings.1,sent->[INITIATOR_nameDef] [fucked2] until [reaction].,li,RulePackDefs\Sex\RulePacks_Reverse_Oral.xml,def
RimmingReverseRP.rulePack.rulesStrings.2,adjective->lovingly,li,RulePackDefs\Sex\RulePacks_Reverse_Oral.xml,def
RimmingReverseRP.rulePack.rulesStrings.3,adjective->heatedly,li,RulePackDefs\Sex\RulePacks_Reverse_Oral.xml,def
RimmingReverseRP.rulePack.rulesStrings.4,adjective->passionately,li,RulePackDefs\Sex\RulePacks_Reverse_Oral.xml,def
RimmingReverseRP.rulePack.rulesStrings.5,adjective->fervently,li,RulePackDefs\Sex\RulePacks_Reverse_Oral.xml,def
RimmingReverseRP.rulePack.rulesStrings.6,adjective->eagerly,li,RulePackDefs\Sex\RulePacks_Reverse_Oral.xml,def
RimmingReverseRP.rulePack.rulesStrings.7,fucked->spread [RECIPIENT_nameDef]'s ass,li,RulePackDefs\Sex\RulePacks_Reverse_Oral.xml,def
RimmingReverseRP.rulePack.rulesStrings.8,fucked->gave [RECIPIENT_nameDef] a rim job,li,RulePackDefs\Sex\RulePacks_Reverse_Oral.xml,def
RimmingReverseRP.rulePack.rulesStrings.9,action->licking in lazy circles around [RECIPIENT_possessive] opening,li,RulePackDefs\Sex\RulePacks_Reverse_Oral.xml,def
RimmingReverseRP.rulePack.rulesStrings.10,action->making [RECIPIENT_objective] squirm under [INITIATOR_possessive] lips and tongue,li,RulePackDefs\Sex\RulePacks_Reverse_Oral.xml,def
RimmingReverseRP.rulePack.rulesStrings.11,action->teasing the ring of [RECIPIENT_possessive] entrance with [INITIATOR_possessive] tongue,li,RulePackDefs\Sex\RulePacks_Reverse_Oral.xml,def
RimmingReverseRP.rulePack.rulesStrings.12,action->lapping at [RECIPIENT_possessive] entrance with lewd abandon,li,RulePackDefs\Sex\RulePacks_Reverse_Oral.xml,def
RimmingReverseRP.rulePack.rulesStrings.13,fucked2->[adjective] rimmed [RECIPIENT_nameDef],li,RulePackDefs\Sex\RulePacks_Reverse_Oral.xml,def
RimmingReverseRP.rulePack.rulesStrings.14,fucked2->[adjective] ate [RECIPIENT_nameDef]'s ass,li,RulePackDefs\Sex\RulePacks_Reverse_Oral.xml,def
RimmingReverseRP.rulePack.rulesStrings.15,reaction->[RECIPIENT_pronoun] couldn't contain [RECIPIENT_possessive] needy moans,li,RulePackDefs\Sex\RulePacks_Reverse_Oral.xml,def
RimmingReverseRP.rulePack.rulesStrings.16,reaction->[RECIPIENT_pronoun] was gasping at every flick of [INITIATOR_possessive] tongue,li,RulePackDefs\Sex\RulePacks_Reverse_Oral.xml,def
RimmingReverseRP.rulePack.rulesStrings.17,reaction->[RECIPIENT_pronoun] was melting in pleasure under [INITIATOR_objective],li,RulePackDefs\Sex\RulePacks_Reverse_Oral.xml,def
SixtynineReverseRP.rulePack.rulesStrings.0,"sent->[INITIATOR_nameDef] and [RECIPIENT_nameDef] [fucked], [reaction].",li,RulePackDefs\Sex\RulePacks_Reverse_Oral.xml,def
SixtynineReverseRP.rulePack.rulesStrings.1,"sent->[INITIATOR_nameDef] and [RECIPIENT_nameDef] [action], as [fucked2].",li,RulePackDefs\Sex\RulePacks_Reverse_Oral.xml,def
SixtynineReverseRP.rulePack.rulesStrings.2,adjective->eagerly,li,RulePackDefs\Sex\RulePacks_Reverse_Oral.xml,def
SixtynineReverseRP.rulePack.rulesStrings.3,adjective->frantically,li,RulePackDefs\Sex\RulePacks_Reverse_Oral.xml,def
SixtynineReverseRP.rulePack.rulesStrings.4,adjective->lovingly,li,RulePackDefs\Sex\RulePacks_Reverse_Oral.xml,def
SixtynineReverseRP.rulePack.rulesStrings.5,adjective->passionately,li,RulePackDefs\Sex\RulePacks_Reverse_Oral.xml,def
SixtynineReverseRP.rulePack.rulesStrings.6,adjective->heatedly,li,RulePackDefs\Sex\RulePacks_Reverse_Oral.xml,def
SixtynineReverseRP.rulePack.rulesStrings.7,fucked->went down on each other,li,RulePackDefs\Sex\RulePacks_Reverse_Oral.xml,def
SixtynineReverseRP.rulePack.rulesStrings.8,fucked->gave each other head,li,RulePackDefs\Sex\RulePacks_Reverse_Oral.xml,def
SixtynineReverseRP.rulePack.rulesStrings.9,fucked->69'ed,li,RulePackDefs\Sex\RulePacks_Reverse_Oral.xml,def
SixtynineReverseRP.rulePack.rulesStrings.10,reaction->loosing themselves in mutual pleasure,li,RulePackDefs\Sex\RulePacks_Reverse_Oral.xml,def
SixtynineReverseRP.rulePack.rulesStrings.11,reaction->getting more heated with every stifled moan,li,RulePackDefs\Sex\RulePacks_Reverse_Oral.xml,def
SixtynineReverseRP.rulePack.rulesStrings.12,reaction->moving desperately until they were both spent,li,RulePackDefs\Sex\RulePacks_Reverse_Oral.xml,def
SixtynineReverseRP.rulePack.rulesStrings.13,reaction->sharing the bliss in heated unison,li,RulePackDefs\Sex\RulePacks_Reverse_Oral.xml,def
SixtynineReverseRP.rulePack.rulesStrings.14,action->lay pressed close together,li,RulePackDefs\Sex\RulePacks_Reverse_Oral.xml,def
SixtynineReverseRP.rulePack.rulesStrings.15,action->savored the taste,li,RulePackDefs\Sex\RulePacks_Reverse_Oral.xml,def
SixtynineReverseRP.rulePack.rulesStrings.16,action->shuddered and moved in unison,li,RulePackDefs\Sex\RulePacks_Reverse_Oral.xml,def
SixtynineReverseRP.rulePack.rulesStrings.17,action->were locked in shared pleasure,li,RulePackDefs\Sex\RulePacks_Reverse_Oral.xml,def
SixtynineReverseRP.rulePack.rulesStrings.18,fucked2->they [adjective] lapped each other up,li,RulePackDefs\Sex\RulePacks_Reverse_Oral.xml,def
SixtynineReverseRP.rulePack.rulesStrings.19,fucked2->they [adjective] gave each other head,li,RulePackDefs\Sex\RulePacks_Reverse_Oral.xml,def
SixtynineReverseRP.rulePack.rulesStrings.20,fucked2->they [adjective] 69'ed,li,RulePackDefs\Sex\RulePacks_Reverse_Oral.xml,def
MainReverseRP.rulePack.rulesStrings.0,sent->[RECIPIENT_nameDef] rode in [INITIATOR_nameDef]'s lap.,li,RulePackDefs\Sex\RulePacks_Reverse_Sex_Other.xml,def
MainReverseRP.rulePack.rulesStrings.1,sent->[RECIPIENT_nameDef] teased [INITIATOR_nameDef] until [INITIATOR_pronoun] couldn't take it anymore and ravished [RECIPIENT_objective].,li,RulePackDefs\Sex\RulePacks_Reverse_Sex_Other.xml,def
MainReverseRP.rulePack.rulesStrings.2,sent->[RECIPIENT_nameDef] tackled [INITIATOR_nameDef] down and pounded [RECIPIENT_objective] into the bed.,li,RulePackDefs\Sex\RulePacks_Reverse_Sex_Other.xml,def
DefaultSexReverseRP.rulePack.rulesStrings.0,sent->[RECIPIENT_nameDef] had [adjective] sex with [INITIATOR_nameDef].,li,RulePackDefs\Sex\RulePacks_Reverse_Sex_Other.xml,def
DefaultSexReverseRP.rulePack.rulesStrings.1,adjective->loving,li,RulePackDefs\Sex\RulePacks_Reverse_Sex_Other.xml,def
DefaultSexReverseRP.rulePack.rulesStrings.2,adjective->rough,li,RulePackDefs\Sex\RulePacks_Reverse_Sex_Other.xml,def
DefaultSexReverseRP.rulePack.rulesStrings.3,adjective->heated,li,RulePackDefs\Sex\RulePacks_Reverse_Sex_Other.xml,def
DefaultSexReverseRP.rulePack.rulesStrings.4,adjective->passionate,li,RulePackDefs\Sex\RulePacks_Reverse_Sex_Other.xml,def
DefaultSexReverseRP.rulePack.rulesStrings.5,adjective->tender,li,RulePackDefs\Sex\RulePacks_Reverse_Sex_Other.xml,def
DefaultSexReverseRP.rulePack.rulesStrings.6,adjective->slow and steamy,li,RulePackDefs\Sex\RulePacks_Reverse_Sex_Other.xml,def
BreastjobReverseRP.rulePack.rulesStrings.0,"sent->[INITIATOR_nameDef] [fucked], [reaction].",li,RulePackDefs\Sex\RulePacks_Reverse_Sex_Other.xml,def
BreastjobReverseRP.rulePack.rulesStrings.1,sent->[INITIATOR_nameDef] [fucked2] and [action].,li,RulePackDefs\Sex\RulePacks_Reverse_Sex_Other.xml,def
BreastjobReverseRP.rulePack.rulesStrings.2,penis->dick,li,RulePackDefs\Sex\RulePacks_Reverse_Sex_Other.xml,def
BreastjobReverseRP.rulePack.rulesStrings.3,penis->cock,li,RulePackDefs\Sex\RulePacks_Reverse_Sex_Other.xml,def
BreastjobReverseRP.rulePack.rulesStrings.4,penis->length,li,RulePackDefs\Sex\RulePacks_Reverse_Sex_Other.xml,def
BreastjobReverseRP.rulePack.rulesStrings.5,penis->member,li,RulePackDefs\Sex\RulePacks_Reverse_Sex_Other.xml,def
BreastjobReverseRP.rulePack.rulesStrings.6,breasts->breasts,li,RulePackDefs\Sex\RulePacks_Reverse_Sex_Other.xml,def
BreastjobReverseRP.rulePack.rulesStrings.7,breasts->boobs,li,RulePackDefs\Sex\RulePacks_Reverse_Sex_Other.xml,def
BreastjobReverseRP.rulePack.rulesStrings.8,breasts->tits,li,RulePackDefs\Sex\RulePacks_Reverse_Sex_Other.xml,def
BreastjobReverseRP.rulePack.rulesStrings.9,adjective->heatedly,li,RulePackDefs\Sex\RulePacks_Reverse_Sex_Other.xml,def
BreastjobReverseRP.rulePack.rulesStrings.10,adjective->passionately,li,RulePackDefs\Sex\RulePacks_Reverse_Sex_Other.xml,def
BreastjobReverseRP.rulePack.rulesStrings.11,adjective->tenderly,li,RulePackDefs\Sex\RulePacks_Reverse_Sex_Other.xml,def
BreastjobReverseRP.rulePack.rulesStrings.12,adjective->fervently,li,RulePackDefs\Sex\RulePacks_Reverse_Sex_Other.xml,def
BreastjobReverseRP.rulePack.rulesStrings.13,adjective->lovingly,li,RulePackDefs\Sex\RulePacks_Reverse_Sex_Other.xml,def
BreastjobReverseRP.rulePack.rulesStrings.14,adjective->readily,li,RulePackDefs\Sex\RulePacks_Reverse_Sex_Other.xml,def
BreastjobReverseRP.rulePack.rulesStrings.15,fucked->stroked [RECIPIENT_nameDef]'s [penis] between [INITIATOR_possessive] [breasts],li,RulePackDefs\Sex\RulePacks_Reverse_Sex_Other.xml,def
BreastjobReverseRP.rulePack.rulesStrings.16,fucked->gave [RECIPIENT_nameDef] a breastjob,li,RulePackDefs\Sex\RulePacks_Reverse_Sex_Other.xml,def
BreastjobReverseRP.rulePack.rulesStrings.17,reaction->enjoying [RECIPIENT_possessive] helplessly aroused expression,li,RulePackDefs\Sex\RulePacks_Reverse_Sex_Other.xml,def
BreastjobReverseRP.rulePack.rulesStrings.18,reaction->whispering dirty encouragements at each of [RECIPIENT_possessive] gasps,li,RulePackDefs\Sex\RulePacks_Reverse_Sex_Other.xml,def
BreastjobReverseRP.rulePack.rulesStrings.19,fucked2->felt [RECIPIENT_nameDef]'s throbbing [penis] between [INITIATOR_possessive] breasts,li,RulePackDefs\Sex\RulePacks_Reverse_Sex_Other.xml,def
BreastjobReverseRP.rulePack.rulesStrings.20,fucked2->wrapped [INITIATOR_possessive] [breasts] around [RECIPIENT_nameDef]'s [penis],li,RulePackDefs\Sex\RulePacks_Reverse_Sex_Other.xml,def
BreastjobReverseRP.rulePack.rulesStrings.21,action->[adjective] worked to get [RECIPIENT_objective] off,li,RulePackDefs\Sex\RulePacks_Reverse_Sex_Other.xml,def
BreastjobReverseRP.rulePack.rulesStrings.22,action->soon had [RECIPIENT_objective] helpless and spent,li,RulePackDefs\Sex\RulePacks_Reverse_Sex_Other.xml,def
FootjobReverseRP.rulePack.rulesStrings.0,"sent->[INITIATOR_nameDef] [fucked], [action].",li,RulePackDefs\Sex\RulePacks_Reverse_Sex_Other.xml,def
FootjobReverseRP.rulePack.rulesStrings.1,sent->[INITIATOR_nameDef] [reaction] [fucked2].,li,RulePackDefs\Sex\RulePacks_Reverse_Sex_Other.xml,def
FootjobReverseRP.rulePack.rulesStrings.2,penis->dick,li,RulePackDefs\Sex\RulePacks_Reverse_Sex_Other.xml,def
FootjobReverseRP.rulePack.rulesStrings.3,penis->cock,li,RulePackDefs\Sex\RulePacks_Reverse_Sex_Other.xml,def
FootjobReverseRP.rulePack.rulesStrings.4,penis->length,li,RulePackDefs\Sex\RulePacks_Reverse_Sex_Other.xml,def
FootjobReverseRP.rulePack.rulesStrings.5,penis->member,li,RulePackDefs\Sex\RulePacks_Reverse_Sex_Other.xml,def
FootjobReverseRP.rulePack.rulesStrings.6,adjective->loving,li,RulePackDefs\Sex\RulePacks_Reverse_Sex_Other.xml,def
FootjobReverseRP.rulePack.rulesStrings.7,adjective->heated,li,RulePackDefs\Sex\RulePacks_Reverse_Sex_Other.xml,def
FootjobReverseRP.rulePack.rulesStrings.8,adjective->passionate,li,RulePackDefs\Sex\RulePacks_Reverse_Sex_Other.xml,def
FootjobReverseRP.rulePack.rulesStrings.9,adjective->tender,li,RulePackDefs\Sex\RulePacks_Reverse_Sex_Other.xml,def
FootjobReverseRP.rulePack.rulesStrings.10,fucked->stroked [RECIPIENT_nameDef]'s [penis] with [INITIATOR_possessive] feet,li,RulePackDefs\Sex\RulePacks_Reverse_Sex_Other.xml,def
FootjobReverseRP.rulePack.rulesStrings.11,fucked->gave [RECIPIENT_nameDef] a footjob,li,RulePackDefs\Sex\RulePacks_Reverse_Sex_Other.xml,def
FootjobReverseRP.rulePack.rulesStrings.12,action->[adjective] working to release [RECIPIENT_possessive] tension,li,RulePackDefs\Sex\RulePacks_Reverse_Sex_Other.xml,def
FootjobReverseRP.rulePack.rulesStrings.13,action->watching [RECIPIENT_objective] squirm in pleasure under [INITIATOR_possessive] touch,li,RulePackDefs\Sex\RulePacks_Reverse_Sex_Other.xml,def
FootjobReverseRP.rulePack.rulesStrings.14,reaction->had [RECIPIENT_nameDef] shuddering,li,RulePackDefs\Sex\RulePacks_Reverse_Sex_Other.xml,def
FootjobReverseRP.rulePack.rulesStrings.15,reaction->lustfully whispered [RECIPIENT_nameDef]'s name,li,RulePackDefs\Sex\RulePacks_Reverse_Sex_Other.xml,def
FootjobReverseRP.rulePack.rulesStrings.16,fucked2->as [INITIATOR_possessive] feet stroked the length of [RECIPIENT_possessive] dick,li,RulePackDefs\Sex\RulePacks_Reverse_Sex_Other.xml,def
FootjobReverseRP.rulePack.rulesStrings.17,fucked2->as [INITIATOR_pronoun] gave [RECIPIENT_objective] a [adjective] footjob,li,RulePackDefs\Sex\RulePacks_Reverse_Sex_Other.xml,def
OtherSexRP.rulePack.rulesStrings.0,sent->[INITIATOR_nameDef] had [adjective] sex with [RECIPIENT_nameDef].,li,RulePackDefs\Sex\RulePacks_Sex_Other.xml,def
OtherSexRP.rulePack.rulesStrings.1,adjective->loving,li,RulePackDefs\Sex\RulePacks_Sex_Other.xml,def
OtherSexRP.rulePack.rulesStrings.2,adjective->rough,li,RulePackDefs\Sex\RulePacks_Sex_Other.xml,def
OtherSexRP.rulePack.rulesStrings.3,adjective->heated,li,RulePackDefs\Sex\RulePacks_Sex_Other.xml,def
OtherSexRP.rulePack.rulesStrings.4,adjective->passionate,li,RulePackDefs\Sex\RulePacks_Sex_Other.xml,def
OtherSexRP.rulePack.rulesStrings.5,adjective->tender,li,RulePackDefs\Sex\RulePacks_Sex_Other.xml,def
OtherSexRP.rulePack.rulesStrings.6,adjective->slow and steamy,li,RulePackDefs\Sex\RulePacks_Sex_Other.xml,def
BreastjobRP.rulePack.rulesStrings.0,sent->[INITIATOR_nameDef][fucked] [reaction].,li,RulePackDefs\Sex\RulePacks_Sex_Other.xml,def
BreastjobRP.rulePack.rulesStrings.1,sent->[INITIATOR_nameDef] [reaction2] [fucked2].,li,RulePackDefs\Sex\RulePacks_Sex_Other.xml,def
BreastjobRP.rulePack.rulesStrings.2,penis->dick,li,RulePackDefs\Sex\RulePacks_Sex_Other.xml,def
BreastjobRP.rulePack.rulesStrings.3,penis->cock,li,RulePackDefs\Sex\RulePacks_Sex_Other.xml,def
BreastjobRP.rulePack.rulesStrings.4,penis->length,li,RulePackDefs\Sex\RulePacks_Sex_Other.xml,def
BreastjobRP.rulePack.rulesStrings.5,penis->member,li,RulePackDefs\Sex\RulePacks_Sex_Other.xml,def
BreastjobRP.rulePack.rulesStrings.6,breasts->breasts,li,RulePackDefs\Sex\RulePacks_Sex_Other.xml,def
BreastjobRP.rulePack.rulesStrings.7,breasts->boobs,li,RulePackDefs\Sex\RulePacks_Sex_Other.xml,def
BreastjobRP.rulePack.rulesStrings.8,breasts->tits,li,RulePackDefs\Sex\RulePacks_Sex_Other.xml,def
BreastjobRP.rulePack.rulesStrings.9,adjective->heatedly,li,RulePackDefs\Sex\RulePacks_Sex_Other.xml,def
BreastjobRP.rulePack.rulesStrings.10,adjective->passionately,li,RulePackDefs\Sex\RulePacks_Sex_Other.xml,def
BreastjobRP.rulePack.rulesStrings.11,adjective->tenderly,li,RulePackDefs\Sex\RulePacks_Sex_Other.xml,def
BreastjobRP.rulePack.rulesStrings.12,adjective->fervently,li,RulePackDefs\Sex\RulePacks_Sex_Other.xml,def
BreastjobRP.rulePack.rulesStrings.13,adjective->lovingly,li,RulePackDefs\Sex\RulePacks_Sex_Other.xml,def
BreastjobRP.rulePack.rulesStrings.14,adjective->readily,li,RulePackDefs\Sex\RulePacks_Sex_Other.xml,def
BreastjobRP.rulePack.rulesStrings.15,fucked-> got a breastjob from [RECIPIENT_nameDef],li,RulePackDefs\Sex\RulePacks_Sex_Other.xml,def
BreastjobRP.rulePack.rulesStrings.16,fucked->'s [penis] was stroked between [RECIPIENT_nameDef]'s [breasts],li,RulePackDefs\Sex\RulePacks_Sex_Other.xml,def
BreastjobRP.rulePack.rulesStrings.17,reaction->while [INITIATOR_pronoun] panted at the wanton sight,li,RulePackDefs\Sex\RulePacks_Sex_Other.xml,def
BreastjobRP.rulePack.rulesStrings.18,reaction->until [INITIATOR_pronoun] shuddered and spilled all over [RECIPIENT_objective],li,RulePackDefs\Sex\RulePacks_Sex_Other.xml,def
BreastjobRP.rulePack.rulesStrings.19,reaction2->was mesmerized by each bounce of [RECIPIENT_nameDef]'s [breasts],li,RulePackDefs\Sex\RulePacks_Sex_Other.xml,def
BreastjobRP.rulePack.rulesStrings.20,reaction2->savored the softness of [RECIPIENT_nameDef]'s [breasts],li,RulePackDefs\Sex\RulePacks_Sex_Other.xml,def
BreastjobRP.rulePack.rulesStrings.21,fucked2->as [RECIPIENT_pronoun] [adjective] massaged [INITIATOR_possessive] [penis] between them,li,RulePackDefs\Sex\RulePacks_Sex_Other.xml,def
BreastjobRP.rulePack.rulesStrings.22,fucked2->as [RECIPIENT_pronoun] [adjective] stroked [INITIATOR_possessive] [penis],li,RulePackDefs\Sex\RulePacks_Sex_Other.xml,def
FootjobRP.rulePack.rulesStrings.0,sent->[INITIATOR_nameDef][fucked] [reaction].,li,RulePackDefs\Sex\RulePacks_Sex_Other.xml,def
FootjobRP.rulePack.rulesStrings.1,sent->[INITIATOR_nameDef] [action] and [fucked2].,li,RulePackDefs\Sex\RulePacks_Sex_Other.xml,def
FootjobRP.rulePack.rulesStrings.2,penis->dick,li,RulePackDefs\Sex\RulePacks_Sex_Other.xml,def
FootjobRP.rulePack.rulesStrings.3,penis->cock,li,RulePackDefs\Sex\RulePacks_Sex_Other.xml,def
FootjobRP.rulePack.rulesStrings.4,penis->length,li,RulePackDefs\Sex\RulePacks_Sex_Other.xml,def
FootjobRP.rulePack.rulesStrings.5,penis->member,li,RulePackDefs\Sex\RulePacks_Sex_Other.xml,def
FootjobRP.rulePack.rulesStrings.6,adjective->loving,li,RulePackDefs\Sex\RulePacks_Sex_Other.xml,def
FootjobRP.rulePack.rulesStrings.7,adjective->eager,li,RulePackDefs\Sex\RulePacks_Sex_Other.xml,def
FootjobRP.rulePack.rulesStrings.8,adjective->heated,li,RulePackDefs\Sex\RulePacks_Sex_Other.xml,def
FootjobRP.rulePack.rulesStrings.9,adjective->passionate,li,RulePackDefs\Sex\RulePacks_Sex_Other.xml,def
FootjobRP.rulePack.rulesStrings.10,adjective->tender,li,RulePackDefs\Sex\RulePacks_Sex_Other.xml,def
FootjobRP.rulePack.rulesStrings.11,fucked-> received a footjob [RECIPIENT_nameDef],li,RulePackDefs\Sex\RulePacks_Sex_Other.xml,def
FootjobRP.rulePack.rulesStrings.12,fucked->'s [penis] was pumped by [RECIPIENT_nameDef]'s feet,li,RulePackDefs\Sex\RulePacks_Sex_Other.xml,def
FootjobRP.rulePack.rulesStrings.13,reaction->while [INITIATOR_pronoun] groaned from the [adjective] caress of [RECIPIENT_possessive] soles,li,RulePackDefs\Sex\RulePacks_Sex_Other.xml,def
FootjobRP.rulePack.rulesStrings.14,reaction->while [INITIATOR_pronoun] gave [RECIPIENT_possessive] skill passionate praise,li,RulePackDefs\Sex\RulePacks_Sex_Other.xml,def
FootjobRP.rulePack.rulesStrings.15,action->watched [RECIPIENT_nameDef]'s feet tease [INITIATOR_possessive] [penis],li,RulePackDefs\Sex\RulePacks_Sex_Other.xml,def
FootjobRP.rulePack.rulesStrings.16,action->felt [RECIPIENT_nameDef]'s soles massage [INITIATOR_possessive] [penis],li,RulePackDefs\Sex\RulePacks_Sex_Other.xml,def
FootjobRP.rulePack.rulesStrings.17,fucked2->could barely resist jolting in pleasure,li,RulePackDefs\Sex\RulePacks_Sex_Other.xml,def
FootjobRP.rulePack.rulesStrings.18,fucked2->gasped at each [adjective] touch,li,RulePackDefs\Sex\RulePacks_Sex_Other.xml,def
ScissoringRP.rulePack.rulesStrings.0,"sent->[INITIATOR_nameDef] and [RECIPIENT_nameDef] [fucked], [acton].",li,RulePackDefs\Sex\RulePacks_Sex_Other.xml,def
ScissoringRP.rulePack.rulesStrings.1,sent->[INITIATOR_nameDef] [fucked2] and [reaction].,li,RulePackDefs\Sex\RulePacks_Sex_Other.xml,def
ScissoringRP.rulePack.rulesStrings.2,sent->[RECIPIENT_nameDef] [reaction2] [fucked3].,li,RulePackDefs\Sex\RulePacks_Sex_Other.xml,def
ScissoringRP.rulePack.rulesStrings.3,adjective->heatedly,li,RulePackDefs\Sex\RulePacks_Sex_Other.xml,def
ScissoringRP.rulePack.rulesStrings.4,adjective->passionately,li,RulePackDefs\Sex\RulePacks_Sex_Other.xml,def
ScissoringRP.rulePack.rulesStrings.5,adjective->tenderly,li,RulePackDefs\Sex\RulePacks_Sex_Other.xml,def
ScissoringRP.rulePack.rulesStrings.6,adjective->fervently,li,RulePackDefs\Sex\RulePacks_Sex_Other.xml,def
ScissoringRP.rulePack.rulesStrings.7,adjective->lovingly,li,RulePackDefs\Sex\RulePacks_Sex_Other.xml,def
ScissoringRP.rulePack.rulesStrings.8,adjective->eagerly,li,RulePackDefs\Sex\RulePacks_Sex_Other.xml,def
ScissoringRP.rulePack.rulesStrings.9,fucked->pressed their bodies close,li,RulePackDefs\Sex\RulePacks_Sex_Other.xml,def
ScissoringRP.rulePack.rulesStrings.10,fucked->scissored,li,RulePackDefs\Sex\RulePacks_Sex_Other.xml,def
ScissoringRP.rulePack.rulesStrings.11,action->rubbing against each other until their slick mingled,li,RulePackDefs\Sex\RulePacks_Sex_Other.xml,def
ScissoringRP.rulePack.rulesStrings.12,action->gasping and [adjective] working their hips,li,RulePackDefs\Sex\RulePacks_Sex_Other.xml,def
ScissoringRP.rulePack.rulesStrings.13,action->[adjectively] grinding their cores against each other,li,RulePackDefs\Sex\RulePacks_Sex_Other.xml,def
ScissoringRP.rulePack.rulesStrings.14,fucked2->pressed [INITIATOR_possessive] pussy against [RECIPIENT_nameDef]'s,li,RulePackDefs\Sex\RulePacks_Sex_Other.xml,def
ScissoringRP.rulePack.rulesStrings.15,fucked2->crisscrossed [INITIATOR_possessive] open legs with [RECIPIENT_nameDef],li,RulePackDefs\Sex\RulePacks_Sex_Other.xml,def
ScissoringRP.rulePack.rulesStrings.16,reaction->moaned at the shared heat,li,RulePackDefs\Sex\RulePacks_Sex_Other.xml,def
ScissoringRP.rulePack.rulesStrings.17,reaction->[adjective] rubbed [INITIATOR_possessive] clit against [INITIATOR_possessive] lover's,li,RulePackDefs\Sex\RulePacks_Sex_Other.xml,def
ScissoringRP.rulePack.rulesStrings.18,reaction->moved in fervor until they both spent,li,RulePackDefs\Sex\RulePacks_Sex_Other.xml,def
ScissoringRP.rulePack.rulesStrings.19,reaction2->moaned and arched against [INITIATOR_nameDef],li,RulePackDefs\Sex\RulePacks_Sex_Other.xml,def
ScissoringRP.rulePack.rulesStrings.20,reaction2->gasped and pushed against [INITIATOR_nameDef],li,RulePackDefs\Sex\RulePacks_Sex_Other.xml,def
ScissoringRP.rulePack.rulesStrings.21,fucked3->as the friction between their crisscrossed legs overwhelmed [RECIPIENT_objective] with pleasure,li,RulePackDefs\Sex\RulePacks_Sex_Other.xml,def
ScissoringRP.rulePack.rulesStrings.22,fucked3->as the heat built between their pressing bodies,li,RulePackDefs\Sex\RulePacks_Sex_Other.xml,def
ScissoringRP.rulePack.rulesStrings.23,fucked3->as they [adjective] scissored each other,li,RulePackDefs\Sex\RulePacks_Sex_Other.xml,def
MutualTailholdingRP.rulePack.rulesStrings.0,sent->[INITIATOR_nameDef] and [RECIPIENT_nameDef] [adjective] intertwined tails.,li,RulePackDefs\Sex\RulePacks_Sex_Other.xml,def
MutualTailholdingRP.rulePack.rulesStrings.1,adjective->lovingly,li,RulePackDefs\Sex\RulePacks_Sex_Other.xml,def
MutualTailholdingRP.rulePack.rulesStrings.2,adjective->tenderly,li,RulePackDefs\Sex\RulePacks_Sex_Other.xml,def
MutualTailholdingRP.rulePack.rulesStrings.3,adjective->gently,li,RulePackDefs\Sex\RulePacks_Sex_Other.xml,def
MutualTailholdingRP.rulePack.rulesStrings.4,adjective->pationately,li,RulePackDefs\Sex\RulePacks_Sex_Other.xml,def
MutualHandholdingRP.rulePack.rulesStrings.0,sent->[INITIATOR_nameDef] and [RECIPIENT_nameDef] held hands [adjective].,li,RulePackDefs\Sex\RulePacks_Sex_Other.xml,def
MutualHandholdingRP.rulePack.rulesStrings.1,adjective->lovingly,li,RulePackDefs\Sex\RulePacks_Sex_Other.xml,def
MutualHandholdingRP.rulePack.rulesStrings.2,adjective->tenderly,li,RulePackDefs\Sex\RulePacks_Sex_Other.xml,def
MutualHandholdingRP.rulePack.rulesStrings.3,adjective->gently,li,RulePackDefs\Sex\RulePacks_Sex_Other.xml,def
MutualHandholdingRP.rulePack.rulesStrings.4,adjective->pationately,li,RulePackDefs\Sex\RulePacks_Sex_Other.xml,def
HandjobReverseRP.rulePack.rulesStrings.0,"sent->[INITIATOR_nameDef] [fucked], [action].",li,RulePackDefs\Sex\RulePack_Reverse_Sex_HandStuff.xml,def
HandjobReverseRP.rulePack.rulesStrings.1,sent->[INITIATOR_nameDef] [action2] [fucked2].,li,RulePackDefs\Sex\RulePack_Reverse_Sex_HandStuff.xml,def
HandjobReverseRP.rulePack.rulesStrings.2,penis->dick,li,RulePackDefs\Sex\RulePack_Reverse_Sex_HandStuff.xml,def
HandjobReverseRP.rulePack.rulesStrings.3,penis->cock,li,RulePackDefs\Sex\RulePack_Reverse_Sex_HandStuff.xml,def
HandjobReverseRP.rulePack.rulesStrings.4,penis->length,li,RulePackDefs\Sex\RulePack_Reverse_Sex_HandStuff.xml,def
HandjobReverseRP.rulePack.rulesStrings.5,penis->member,li,RulePackDefs\Sex\RulePack_Reverse_Sex_HandStuff.xml,def
HandjobReverseRP.rulePack.rulesStrings.6,adjective->slowly,li,RulePackDefs\Sex\RulePack_Reverse_Sex_HandStuff.xml,def
HandjobReverseRP.rulePack.rulesStrings.7,adjective->lovingly,li,RulePackDefs\Sex\RulePack_Reverse_Sex_HandStuff.xml,def
HandjobReverseRP.rulePack.rulesStrings.8,adjective->readily,li,RulePackDefs\Sex\RulePack_Reverse_Sex_HandStuff.xml,def
HandjobReverseRP.rulePack.rulesStrings.9,adjective->passionately,li,RulePackDefs\Sex\RulePack_Reverse_Sex_HandStuff.xml,def
HandjobReverseRP.rulePack.rulesStrings.10,adjective->roughly,li,RulePackDefs\Sex\RulePack_Reverse_Sex_HandStuff.xml,def
HandjobReverseRP.rulePack.rulesStrings.11,adjective->eagerly,li,RulePackDefs\Sex\RulePack_Reverse_Sex_HandStuff.xml,def
HandjobReverseRP.rulePack.rulesStrings.12,fucked->pressed close and got [RECIPIENT_nameDef] off,li,RulePackDefs\Sex\RulePack_Reverse_Sex_HandStuff.xml,def
HandjobReverseRP.rulePack.rulesStrings.13,fucked->savored [RECIPIENT_nameDef]'s gasps as [INITIATOR_pronoun] jerked [RECIPIENT_objective] off,li,RulePackDefs\Sex\RulePack_Reverse_Sex_HandStuff.xml,def
HandjobReverseRP.rulePack.rulesStrings.14,action->whispering loving promises of more,li,RulePackDefs\Sex\RulePack_Reverse_Sex_HandStuff.xml,def
HandjobReverseRP.rulePack.rulesStrings.15,action->pumping [RECIPIENT_possessive] [penis] rough and fast,li,RulePackDefs\Sex\RulePack_Reverse_Sex_HandStuff.xml,def
HandjobReverseRP.rulePack.rulesStrings.16,action->stroking [RECIPIENT_objective] [adjective] until [RECIPIENT_pronoun] bucked into [INITIATOR_possessive] hand,li,RulePackDefs\Sex\RulePack_Reverse_Sex_HandStuff.xml,def
HandjobReverseRP.rulePack.rulesStrings.17,action->denying [RECIPIENT_objective] release until [INITIATOR_possessive] permission,li,RulePackDefs\Sex\RulePack_Reverse_Sex_HandStuff.xml,def
HandjobReverseRP.rulePack.rulesStrings.18,action2->nuzzled close and kissed [RECIPIENT_nameDef],li,RulePackDefs\Sex\RulePack_Reverse_Sex_HandStuff.xml,def
HandjobReverseRP.rulePack.rulesStrings.19,action2->gave [RECIPIENT_nameDef] much needed relief,li,RulePackDefs\Sex\RulePack_Reverse_Sex_HandStuff.xml,def
HandjobReverseRP.rulePack.rulesStrings.20,action2->couldn't take [INITIATOR_possessive] eyes of [RECIPIENT_nameDef]'s face,li,RulePackDefs\Sex\RulePack_Reverse_Sex_HandStuff.xml,def
HandjobReverseRP.rulePack.rulesStrings.21,fucked2->as [INITIATOR_pronoun] [adjective] stroked [RECIPIENT_possessive] [penis],li,RulePackDefs\Sex\RulePack_Reverse_Sex_HandStuff.xml,def
HandjobReverseRP.rulePack.rulesStrings.22,fucked2->as [INITIATOR_pronoun] teased [RECIPIENT_possessive] [penis] until [RECIPIENT_pronoun] spilled onto [INITIATOR_objective],li,RulePackDefs\Sex\RulePack_Reverse_Sex_HandStuff.xml,def
FingeringReverseRP.rulePack.rulesStrings.0,"sent->[INITIATOR_nameDef] [fucked], [reaction].",li,RulePackDefs\Sex\RulePack_Reverse_Sex_HandStuff.xml,def
FingeringReverseRP.rulePack.rulesStrings.1,sent->[INITIATOR_nameDef] [action] [fucked2].,li,RulePackDefs\Sex\RulePack_Reverse_Sex_HandStuff.xml,def
FingeringReverseRP.rulePack.rulesStrings.2,vagina->vagina,li,RulePackDefs\Sex\RulePack_Reverse_Sex_HandStuff.xml,def
FingeringReverseRP.rulePack.rulesStrings.3,vagina->pussy,li,RulePackDefs\Sex\RulePack_Reverse_Sex_HandStuff.xml,def
FingeringReverseRP.rulePack.rulesStrings.4,vagina->slit,li,RulePackDefs\Sex\RulePack_Reverse_Sex_HandStuff.xml,def
FingeringReverseRP.rulePack.rulesStrings.5,vagina->sheath,li,RulePackDefs\Sex\RulePack_Reverse_Sex_HandStuff.xml,def
FingeringReverseRP.rulePack.rulesStrings.6,adjective->thoroughly,li,RulePackDefs\Sex\RulePack_Reverse_Sex_HandStuff.xml,def
FingeringReverseRP.rulePack.rulesStrings.7,adjective->slowly,li,RulePackDefs\Sex\RulePack_Reverse_Sex_HandStuff.xml,def
FingeringReverseRP.rulePack.rulesStrings.8,adjective->lovingly,li,RulePackDefs\Sex\RulePack_Reverse_Sex_HandStuff.xml,def
FingeringReverseRP.rulePack.rulesStrings.9,adjective->passionately,li,RulePackDefs\Sex\RulePack_Reverse_Sex_HandStuff.xml,def
FingeringReverseRP.rulePack.rulesStrings.10,adjective->roughly,li,RulePackDefs\Sex\RulePack_Reverse_Sex_HandStuff.xml,def
FingeringReverseRP.rulePack.rulesStrings.11,adjective->eagerly,li,RulePackDefs\Sex\RulePack_Reverse_Sex_HandStuff.xml,def
FingeringReverseRP.rulePack.rulesStrings.12,fucked->rubbed lazy circles around [RECIPIENT_nameDef]'s heat,li,RulePackDefs\Sex\RulePack_Reverse_Sex_HandStuff.xml,def
FingeringReverseRP.rulePack.rulesStrings.13,fucked->[adjective] teased [RECIPIENT_nameDef]'s clit,li,RulePackDefs\Sex\RulePack_Reverse_Sex_HandStuff.xml,def
FingeringReverseRP.rulePack.rulesStrings.14,reaction->enjoying [RECIPIENT_possessive] gasps and shudders,li,RulePackDefs\Sex\RulePack_Reverse_Sex_HandStuff.xml,def
FingeringReverseRP.rulePack.rulesStrings.15,reaction->watching [RECIPIENT_objective] squirm in pleasure,li,RulePackDefs\Sex\RulePack_Reverse_Sex_HandStuff.xml,def
FingeringReverseRP.rulePack.rulesStrings.16,reaction->pressing close and purring compliments,li,RulePackDefs\Sex\RulePack_Reverse_Sex_HandStuff.xml,def
FingeringReverseRP.rulePack.rulesStrings.17,reaction->feeling [RECIPIENT_objective] tremble at the touch,li,RulePackDefs\Sex\RulePack_Reverse_Sex_HandStuff.xml,def
FingeringReverseRP.rulePack.rulesStrings.18,action->held [RECIPIENT_nameDef]'s legs wide open,li,RulePackDefs\Sex\RulePack_Reverse_Sex_HandStuff.xml,def
FingeringReverseRP.rulePack.rulesStrings.19,action->helped [RECIPIENT_nameDef] find some relief,li,RulePackDefs\Sex\RulePack_Reverse_Sex_HandStuff.xml,def
FingeringReverseRP.rulePack.rulesStrings.20,action->praising [RECIPIENT_nameDef] for every moan,li,RulePackDefs\Sex\RulePack_Reverse_Sex_HandStuff.xml,def
FingeringReverseRP.rulePack.rulesStrings.21,fucked2->as [INITIATOR_pronoun] [adjective] finger fucked [RECIPIENT_possessive] [vagina],li,RulePackDefs\Sex\RulePack_Reverse_Sex_HandStuff.xml,def
FingeringReverseRP.rulePack.rulesStrings.22,fucked2->as [INITIATOR_pronoun] slipped [INITIATOR_possessive] fingers into [RECIPIENT_possessive] [vagina] and teased the pleasure spot,li,RulePackDefs\Sex\RulePack_Reverse_Sex_HandStuff.xml,def
FistingReverseRP.rulePack.rulesStrings.0,sent->[INITIATOR_nameDef] [action] [fucked].,li,RulePackDefs\Sex\RulePack_Reverse_Sex_HandStuff.xml,def
FistingReverseRP.rulePack.rulesStrings.1,"sent->[INITIATOR_nameDef] [fucked2], [reaction].",li,RulePackDefs\Sex\RulePack_Reverse_Sex_HandStuff.xml,def
FistingReverseRP.rulePack.rulesStrings.2,anus->ass,li,RulePackDefs\Sex\RulePack_Reverse_Sex_HandStuff.xml,def
FistingReverseRP.rulePack.rulesStrings.3,anus->hole,li,RulePackDefs\Sex\RulePack_Reverse_Sex_HandStuff.xml,def
FistingReverseRP.rulePack.rulesStrings.4,anus->entrance,li,RulePackDefs\Sex\RulePack_Reverse_Sex_HandStuff.xml,def
FistingReverseRP.rulePack.rulesStrings.5,adjective->thoroughly,li,RulePackDefs\Sex\RulePack_Reverse_Sex_HandStuff.xml,def
FistingReverseRP.rulePack.rulesStrings.6,adjective->slowly,li,RulePackDefs\Sex\RulePack_Reverse_Sex_HandStuff.xml,def
FistingReverseRP.rulePack.rulesStrings.7,adjective->lovingly,li,RulePackDefs\Sex\RulePack_Reverse_Sex_HandStuff.xml,def
FistingReverseRP.rulePack.rulesStrings.8,adjective->readily,li,RulePackDefs\Sex\RulePack_Reverse_Sex_HandStuff.xml,def
FistingReverseRP.rulePack.rulesStrings.9,adjective->passionately,li,RulePackDefs\Sex\RulePack_Reverse_Sex_HandStuff.xml,def
FistingReverseRP.rulePack.rulesStrings.10,adjective->roughly,li,RulePackDefs\Sex\RulePack_Reverse_Sex_HandStuff.xml,def
FistingReverseRP.rulePack.rulesStrings.11,adjective->eagerly,li,RulePackDefs\Sex\RulePack_Reverse_Sex_HandStuff.xml,def
FistingReverseRP.rulePack.rulesStrings.12,action->stroked the ring of [RECIPIENT_nameDef]'s entrance,li,RulePackDefs\Sex\RulePack_Reverse_Sex_HandStuff.xml,def
FistingReverseRP.rulePack.rulesStrings.13,action->[adjective] teased [RECIPIENT_nameDef]'s [anus],li,RulePackDefs\Sex\RulePack_Reverse_Sex_HandStuff.xml,def
FistingReverseRP.rulePack.rulesStrings.14,action->softly ordered [RECIPIENT_nameDef] to relax,li,RulePackDefs\Sex\RulePack_Reverse_Sex_HandStuff.xml,def
FistingReverseRP.rulePack.rulesStrings.15,fucked->and then had [RECIPIENT_objective] take the whole fist,li,RulePackDefs\Sex\RulePack_Reverse_Sex_HandStuff.xml,def
FistingReverseRP.rulePack.rulesStrings.16,fucked->and then finger fucked [RECIPIENT_objective] until [RECIPIENT_pronoun] saw stars,li,RulePackDefs\Sex\RulePack_Reverse_Sex_HandStuff.xml,def
FistingReverseRP.rulePack.rulesStrings.17,fucked2->[adjective] fingered [RECIPIENT_nameDef]'s [anus],li,RulePackDefs\Sex\RulePack_Reverse_Sex_HandStuff.xml,def
FistingReverseRP.rulePack.rulesStrings.18,fucked2->[adjective] fisted [RECIPIENT_nameDef],li,RulePackDefs\Sex\RulePack_Reverse_Sex_HandStuff.xml,def
FistingReverseRP.rulePack.rulesStrings.19,reaction->enjoying [RECIPIENT_possessive] breathless cursing,li,RulePackDefs\Sex\RulePack_Reverse_Sex_HandStuff.xml,def
FistingReverseRP.rulePack.rulesStrings.20,reaction->enjoying how [RECIPIENT_pronoun] moaned at the stretch,li,RulePackDefs\Sex\RulePack_Reverse_Sex_HandStuff.xml,def
FistingReverseRP.rulePack.rulesStrings.21,reaction->making [RECIPIENT_objective] cry out when [INITIATOR_pronoun] found the pleasure spot,li,RulePackDefs\Sex\RulePack_Reverse_Sex_HandStuff.xml,def
FistingReverseRP.rulePack.rulesStrings.22,reaction->promising not to stop until [RECIPIENT_pronoun] came,li,RulePackDefs\Sex\RulePack_Reverse_Sex_HandStuff.xml,def
VaginalSexReverseRP.rulePack.rulesStrings.0,"sent->[INITIATOR_nameDef] [action], [fucked].",li,RulePackDefs\Sex\RulePack_Reverse_Sex_Penetration.xml,def
VaginalSexReverseRP.rulePack.rulesStrings.1,sent->[INITIATOR_nameDef] [fucked2] and [reaction].,li,RulePackDefs\Sex\RulePack_Reverse_Sex_Penetration.xml,def
VaginalSexReverseRP.rulePack.rulesStrings.2,sent->[INITIATOR_nameDef] [action2] as [fucked3].,li,RulePackDefs\Sex\RulePack_Reverse_Sex_Penetration.xml,def
VaginalSexReverseRP.rulePack.rulesStrings.3,vagina->vagina,li,RulePackDefs\Sex\RulePack_Reverse_Sex_Penetration.xml,def
VaginalSexReverseRP.rulePack.rulesStrings.4,vagina->pussy,li,RulePackDefs\Sex\RulePack_Reverse_Sex_Penetration.xml,def
VaginalSexReverseRP.rulePack.rulesStrings.5,vagina->slit,li,RulePackDefs\Sex\RulePack_Reverse_Sex_Penetration.xml,def
VaginalSexReverseRP.rulePack.rulesStrings.6,vagina->sheath,li,RulePackDefs\Sex\RulePack_Reverse_Sex_Penetration.xml,def
VaginalSexReverseRP.rulePack.rulesStrings.7,penis->dick,li,RulePackDefs\Sex\RulePack_Reverse_Sex_Penetration.xml,def
VaginalSexReverseRP.rulePack.rulesStrings.8,penis->cock,li,RulePackDefs\Sex\RulePack_Reverse_Sex_Penetration.xml,def
VaginalSexReverseRP.rulePack.rulesStrings.9,penis->length,li,RulePackDefs\Sex\RulePack_Reverse_Sex_Penetration.xml,def
VaginalSexReverseRP.rulePack.rulesStrings.10,penis->member,li,RulePackDefs\Sex\RulePack_Reverse_Sex_Penetration.xml,def
VaginalSexReverseRP.rulePack.rulesStrings.11,adjective->thoroughly,li,RulePackDefs\Sex\RulePack_Reverse_Sex_Penetration.xml,def
VaginalSexReverseRP.rulePack.rulesStrings.12,adjective->deeply,li,RulePackDefs\Sex\RulePack_Reverse_Sex_Penetration.xml,def
VaginalSexReverseRP.rulePack.rulesStrings.13,adjective->lovingly,li,RulePackDefs\Sex\RulePack_Reverse_Sex_Penetration.xml,def
VaginalSexReverseRP.rulePack.rulesStrings.14,adjective->readily,li,RulePackDefs\Sex\RulePack_Reverse_Sex_Penetration.xml,def
VaginalSexReverseRP.rulePack.rulesStrings.15,adjective->heatedly,li,RulePackDefs\Sex\RulePack_Reverse_Sex_Penetration.xml,def
VaginalSexReverseRP.rulePack.rulesStrings.16,adjective->passionately,li,RulePackDefs\Sex\RulePack_Reverse_Sex_Penetration.xml,def
VaginalSexReverseRP.rulePack.rulesStrings.17,adjective->tenderly,li,RulePackDefs\Sex\RulePack_Reverse_Sex_Penetration.xml,def
VaginalSexReverseRP.rulePack.rulesStrings.18,adjective->fervently,li,RulePackDefs\Sex\RulePack_Reverse_Sex_Penetration.xml,def
VaginalSexReverseRP.rulePack.rulesStrings.19,adjective->steadily,li,RulePackDefs\Sex\RulePack_Reverse_Sex_Penetration.xml,def
VaginalSexReverseRP.rulePack.rulesStrings.20,adjective->slowly and delibrately,li,RulePackDefs\Sex\RulePack_Reverse_Sex_Penetration.xml,def
VaginalSexReverseRP.rulePack.rulesStrings.21,action->shuddered around [RECIPIENT_nameDef],li,RulePackDefs\Sex\RulePack_Reverse_Sex_Penetration.xml,def
VaginalSexReverseRP.rulePack.rulesStrings.22,action->spread [INITIATOR_possessive] legs invitingly for [RECIPIENT_nameDef],li,RulePackDefs\Sex\RulePack_Reverse_Sex_Penetration.xml,def
VaginalSexReverseRP.rulePack.rulesStrings.23,action->kept begging [RECIPIENT_nameDef] to go faster,li,RulePackDefs\Sex\RulePack_Reverse_Sex_Penetration.xml,def
VaginalSexReverseRP.rulePack.rulesStrings.24,fucked->clutching at [RECIPIENT_objective] as [RECIPIENT_pronoun] [adjective] fucked [INITIATOR_possessive] pussy,li,RulePackDefs\Sex\RulePack_Reverse_Sex_Penetration.xml,def
VaginalSexReverseRP.rulePack.rulesStrings.25,fucked->getting [RECIPIENT_objective] to rut into [INITIATOR_possessive] [vagina] in mindless pleasure,li,RulePackDefs\Sex\RulePack_Reverse_Sex_Penetration.xml,def
VaginalSexReverseRP.rulePack.rulesStrings.26,fucked->moaning as [RECIPIENT_pronoun] thrust deep into [INITIATOR_possessive] [vagina],li,RulePackDefs\Sex\RulePack_Reverse_Sex_Penetration.xml,def
VaginalSexReverseRP.rulePack.rulesStrings.27,fucked2->took [RECIPIENT_nameDef]'s [penis] in [INITIATOR_possessive] [vagina],li,RulePackDefs\Sex\RulePack_Reverse_Sex_Penetration.xml,def
VaginalSexReverseRP.rulePack.rulesStrings.28,fucked2->sank onto [RECIPIENT_nameDef]'s [penis],li,RulePackDefs\Sex\RulePack_Reverse_Sex_Penetration.xml,def
VaginalSexReverseRP.rulePack.rulesStrings.29,reaction->got deeply and thoroughly fucked,li,RulePackDefs\Sex\RulePack_Reverse_Sex_Penetration.xml,def
VaginalSexReverseRP.rulePack.rulesStrings.30,reaction->desperately pleaded to be filled,li,RulePackDefs\Sex\RulePack_Reverse_Sex_Penetration.xml,def
VaginalSexReverseRP.rulePack.rulesStrings.31,reaction->had [RECIPIENT_objective] crying out [INITIATOR_possessive] name,li,RulePackDefs\Sex\RulePack_Reverse_Sex_Penetration.xml,def
VaginalSexReverseRP.rulePack.rulesStrings.32,action2->cried out at [RECIPIENT_nameDef]’s every thrust,li,RulePackDefs\Sex\RulePack_Reverse_Sex_Penetration.xml,def
VaginalSexReverseRP.rulePack.rulesStrings.33,action2->couldn’t look away from [RECIPIENT_nameDef]’s face,li,RulePackDefs\Sex\RulePack_Reverse_Sex_Penetration.xml,def
VaginalSexReverseRP.rulePack.rulesStrings.34,action2->felt [RECIPIENT_nameDef]’s loving caresses,li,RulePackDefs\Sex\RulePack_Reverse_Sex_Penetration.xml,def
VaginalSexReverseRP.rulePack.rulesStrings.35,fucked3->[RECIPIENT_possessive] [penis] filled [INITIATOR_objective] up again and again,li,RulePackDefs\Sex\RulePack_Reverse_Sex_Penetration.xml,def
VaginalSexReverseRP.rulePack.rulesStrings.36,fucked3->[RECIPIENT_pronoun] buried [RECIPIENT_objective]self in [INITIATOR_possessive] heat,li,RulePackDefs\Sex\RulePack_Reverse_Sex_Penetration.xml,def
VaginalSexReverseRP.rulePack.rulesStrings.37,fucked3->[RECIPIENT_pronoun] [adjective] fucked [INITIATOR_possessive] [vagina],li,RulePackDefs\Sex\RulePack_Reverse_Sex_Penetration.xml,def
AnalSexReverseRP.rulePack.rulesStrings.0,"sent->[INITIATOR_nameDef] [action], [fucked].",li,RulePackDefs\Sex\RulePack_Reverse_Sex_Penetration.xml,def
AnalSexReverseRP.rulePack.rulesStrings.1,sent->[INITIATOR_nameDef] [fucked2] and [reaction].,li,RulePackDefs\Sex\RulePack_Reverse_Sex_Penetration.xml,def
AnalSexReverseRP.rulePack.rulesStrings.2,sent->[INITIATOR_nameDef][reaction2] as [fucked3].,li,RulePackDefs\Sex\RulePack_Reverse_Sex_Penetration.xml,def
AnalSexReverseRP.rulePack.rulesStrings.3,anus->ass,li,RulePackDefs\Sex\RulePack_Reverse_Sex_Penetration.xml,def
AnalSexReverseRP.rulePack.rulesStrings.4,anus->hole,li,RulePackDefs\Sex\RulePack_Reverse_Sex_Penetration.xml,def
AnalSexReverseRP.rulePack.rulesStrings.5,penis->dick,li,RulePackDefs\Sex\RulePack_Reverse_Sex_Penetration.xml,def
AnalSexReverseRP.rulePack.rulesStrings.6,penis->cock,li,RulePackDefs\Sex\RulePack_Reverse_Sex_Penetration.xml,def
AnalSexReverseRP.rulePack.rulesStrings.7,penis->length,li,RulePackDefs\Sex\RulePack_Reverse_Sex_Penetration.xml,def
AnalSexReverseRP.rulePack.rulesStrings.8,penis->member,li,RulePackDefs\Sex\RulePack_Reverse_Sex_Penetration.xml,def
AnalSexReverseRP.rulePack.rulesStrings.9,adjective->thoroughly,li,RulePackDefs\Sex\RulePack_Reverse_Sex_Penetration.xml,def
AnalSexReverseRP.rulePack.rulesStrings.10,adjective->deeply,li,RulePackDefs\Sex\RulePack_Reverse_Sex_Penetration.xml,def
AnalSexReverseRP.rulePack.rulesStrings.11,adjective->lovingly,li,RulePackDefs\Sex\RulePack_Reverse_Sex_Penetration.xml,def
AnalSexReverseRP.rulePack.rulesStrings.12,adjective->roughly,li,RulePackDefs\Sex\RulePack_Reverse_Sex_Penetration.xml,def
AnalSexReverseRP.rulePack.rulesStrings.13,adjective->heatedly,li,RulePackDefs\Sex\RulePack_Reverse_Sex_Penetration.xml,def
AnalSexReverseRP.rulePack.rulesStrings.14,adjective->passionately,li,RulePackDefs\Sex\RulePack_Reverse_Sex_Penetration.xml,def
AnalSexReverseRP.rulePack.rulesStrings.15,adjective->fervently,li,RulePackDefs\Sex\RulePack_Reverse_Sex_Penetration.xml,def
AnalSexReverseRP.rulePack.rulesStrings.16,adjective->steadily,li,RulePackDefs\Sex\RulePack_Reverse_Sex_Penetration.xml,def
AnalSexReverseRP.rulePack.rulesStrings.17,adjective->vigorously,li,RulePackDefs\Sex\RulePack_Reverse_Sex_Penetration.xml,def
AnalSexReverseRP.rulePack.rulesStrings.18,adjective->slowly and delibrately,li,RulePackDefs\Sex\RulePack_Reverse_Sex_Penetration.xml,def
AnalSexReverseRP.rulePack.rulesStrings.19,action->called out [RECIPIENT_nameDef]'s name,li,RulePackDefs\Sex\RulePack_Reverse_Sex_Penetration.xml,def
AnalSexReverseRP.rulePack.rulesStrings.20,action->begged for [RECIPIENT_nameDef]'s dick,li,RulePackDefs\Sex\RulePack_Reverse_Sex_Penetration.xml,def
AnalSexReverseRP.rulePack.rulesStrings.21,action->spread [INITIATOR_objective]self open for [RECIPIENT_nameDef],li,RulePackDefs\Sex\RulePack_Reverse_Sex_Penetration.xml,def
AnalSexReverseRP.rulePack.rulesStrings.22,fucked->biting back a moan as [RECIPIENT_pronoun] thrust into [INITIATOR_possessive] [anus],li,RulePackDefs\Sex\RulePack_Reverse_Sex_Penetration.xml,def
AnalSexReverseRP.rulePack.rulesStrings.23,fucked->taking every inch of [RECIPIENT_objective] in [INITIATOR_possessive] [anus],li,RulePackDefs\Sex\RulePack_Reverse_Sex_Penetration.xml,def
AnalSexReverseRP.rulePack.rulesStrings.24,fucked->getting [RECIPIENT_objective] to [adjective] fuck [INITIATOR_possessive] [anus],li,RulePackDefs\Sex\RulePack_Reverse_Sex_Penetration.xml,def
AnalSexReverseRP.rulePack.rulesStrings.25,fucked2->took [RECIPIENT_nameDef]'s [penis] in [INITIATOR_possessive] [anus],li,RulePackDefs\Sex\RulePack_Reverse_Sex_Penetration.xml,def
AnalSexReverseRP.rulePack.rulesStrings.26,fucked2->sank onto [RECIPIENT_nameDef]'s [penis],li,RulePackDefs\Sex\RulePack_Reverse_Sex_Penetration.xml,def
AnalSexReverseRP.rulePack.rulesStrings.27,reaction->gasped out how good it felt,li,RulePackDefs\Sex\RulePack_Reverse_Sex_Penetration.xml,def
AnalSexReverseRP.rulePack.rulesStrings.28,reaction->got fucked out of [INITIATOR_possessive] mind,li,RulePackDefs\Sex\RulePack_Reverse_Sex_Penetration.xml,def
AnalSexReverseRP.rulePack.rulesStrings.29,reaction->told [RECIPIENT_nameDef] exactly how [INITIATOR_pronoun] likes to be fucked,li,RulePackDefs\Sex\RulePack_Reverse_Sex_Penetration.xml,def
AnalSexReverseRP.rulePack.rulesStrings.30,reaction2-> felt [INITIATOR_possessive] heart race,li,RulePackDefs\Sex\RulePack_Reverse_Sex_Penetration.xml,def
AnalSexReverseRP.rulePack.rulesStrings.31,reaction2-> fumbled to get [INITIATOR_objective]self off,li,RulePackDefs\Sex\RulePack_Reverse_Sex_Penetration.xml,def
AnalSexReverseRP.rulePack.rulesStrings.32,reaction2->’s mind went blank,li,RulePackDefs\Sex\RulePack_Reverse_Sex_Penetration.xml,def
AnalSexReverseRP.rulePack.rulesStrings.33,fucked3->[RECIPIENT_nameDef] whispered dirty promises and [adjective] fucked [INITIATOR_possessive] [anus],li,RulePackDefs\Sex\RulePack_Reverse_Sex_Penetration.xml,def
AnalSexReverseRP.rulePack.rulesStrings.34,fucked3->[RECIPIENT_nameDef] lovingly slapped [INITIATOR_possessive] [anus] before [adjective] pounding it,li,RulePackDefs\Sex\RulePack_Reverse_Sex_Penetration.xml,def
AnalSexReverseRP.rulePack.rulesStrings.35,"fucked3->[RECIPIENT_nameDef] thrust into [INITIATOR_possessive] [anus], setting a fast, demanding rhythm",li,RulePackDefs\Sex\RulePack_Reverse_Sex_Penetration.xml,def
DoublePenetrationReverseRP.rulePack.rulesStrings.0,sent->[INITIATOR_nameDef] [action] [fucked].,li,RulePackDefs\Sex\RulePack_Reverse_Sex_Penetration.xml,def
DoublePenetrationReverseRP.rulePack.rulesStrings.1,sent->[INITIATOR_nameDef] [reaction] as [fucked2].,li,RulePackDefs\Sex\RulePack_Reverse_Sex_Penetration.xml,def
DoublePenetrationReverseRP.rulePack.rulesStrings.2,"sent->[INITIATOR_nameDef] [fucked3], [reaction2].",li,RulePackDefs\Sex\RulePack_Reverse_Sex_Penetration.xml,def
DoublePenetrationReverseRP.rulePack.rulesStrings.3,penises->dicks,li,RulePackDefs\Sex\RulePack_Reverse_Sex_Penetration.xml,def
DoublePenetrationReverseRP.rulePack.rulesStrings.4,penises->cocks,li,RulePackDefs\Sex\RulePack_Reverse_Sex_Penetration.xml,def
DoublePenetrationReverseRP.rulePack.rulesStrings.5,penises->members,li,RulePackDefs\Sex\RulePack_Reverse_Sex_Penetration.xml,def
DoublePenetrationReverseRP.rulePack.rulesStrings.6,adjective->thoroughly,li,RulePackDefs\Sex\RulePack_Reverse_Sex_Penetration.xml,def
DoublePenetrationReverseRP.rulePack.rulesStrings.7,adjective->deeply,li,RulePackDefs\Sex\RulePack_Reverse_Sex_Penetration.xml,def
DoublePenetrationReverseRP.rulePack.rulesStrings.8,adjective->lovingly,li,RulePackDefs\Sex\RulePack_Reverse_Sex_Penetration.xml,def
DoublePenetrationReverseRP.rulePack.rulesStrings.9,adjective->readily,li,RulePackDefs\Sex\RulePack_Reverse_Sex_Penetration.xml,def
DoublePenetrationReverseRP.rulePack.rulesStrings.10,adjective->heatedly,li,RulePackDefs\Sex\RulePack_Reverse_Sex_Penetration.xml,def
DoublePenetrationReverseRP.rulePack.rulesStrings.11,adjective->passionately,li,RulePackDefs\Sex\RulePack_Reverse_Sex_Penetration.xml,def
DoublePenetrationReverseRP.rulePack.rulesStrings.12,adjective->tenderly,li,RulePackDefs\Sex\RulePack_Reverse_Sex_Penetration.xml,def
DoublePenetrationReverseRP.rulePack.rulesStrings.13,adjective->fervently,li,RulePackDefs\Sex\RulePack_Reverse_Sex_Penetration.xml,def
DoublePenetrationReverseRP.rulePack.rulesStrings.14,adjective->steadily,li,RulePackDefs\Sex\RulePack_Reverse_Sex_Penetration.xml,def
DoublePenetrationReverseRP.rulePack.rulesStrings.15,adjective->vigorously,li,RulePackDefs\Sex\RulePack_Reverse_Sex_Penetration.xml,def
DoublePenetrationReverseRP.rulePack.rulesStrings.16,adjective->,li,RulePackDefs\Sex\RulePack_Reverse_Sex_Penetration.xml,def
DoublePenetrationReverseRP.rulePack.rulesStrings.17,adjective->,li,RulePackDefs\Sex\RulePack_Reverse_Sex_Penetration.xml,def
DoublePenetrationReverseRP.rulePack.rulesStrings.18,adjective->,li,RulePackDefs\Sex\RulePack_Reverse_Sex_Penetration.xml,def
DoublePenetrationReverseRP.rulePack.rulesStrings.19,action->told [RECIPIENT_nameDef] that [INITIATOR_pronoun] could handle it,li,RulePackDefs\Sex\RulePack_Reverse_Sex_Penetration.xml,def
DoublePenetrationReverseRP.rulePack.rulesStrings.20,action->gladly surrendered to [RECIPIENT_nameDef],li,RulePackDefs\Sex\RulePack_Reverse_Sex_Penetration.xml,def
DoublePenetrationReverseRP.rulePack.rulesStrings.21,action->asked [RECIPIENT_nameDef] to be gentle,li,RulePackDefs\Sex\RulePack_Reverse_Sex_Penetration.xml,def
DoublePenetrationReverseRP.rulePack.rulesStrings.22,fucked->and took both of [RECIPIENT_possessive] [penises] to the hilt,li,RulePackDefs\Sex\RulePack_Reverse_Sex_Penetration.xml,def
DoublePenetrationReverseRP.rulePack.rulesStrings.23,fucked->and got both of [INITIATOR_possessive] holes [adjective] fucked,li,RulePackDefs\Sex\RulePack_Reverse_Sex_Penetration.xml,def
DoublePenetrationReverseRP.rulePack.rulesStrings.24,reaction->could barely keep from screaming,li,RulePackDefs\Sex\RulePack_Reverse_Sex_Penetration.xml,def
DoublePenetrationReverseRP.rulePack.rulesStrings.25,reaction->kept gasping [RECIPIENT_possessive] name,li,RulePackDefs\Sex\RulePack_Reverse_Sex_Penetration.xml,def
DoublePenetrationReverseRP.rulePack.rulesStrings.26,reaction->lost [INITIATOR_objective]self in the overwhelming pleasure,li,RulePackDefs\Sex\RulePack_Reverse_Sex_Penetration.xml,def
DoublePenetrationReverseRP.rulePack.rulesStrings.27,fucked2->[RECIPIENT_nameDef] [adjective] bred both of [INITIATOR_possessive] holes,li,RulePackDefs\Sex\RulePack_Reverse_Sex_Penetration.xml,def
DoublePenetrationReverseRP.rulePack.rulesStrings.28,fucked2->[RECIPIENT_nameDef] [adjective] filled [INITIATOR_objective] with  both of [RECIPIENT_possessive] [penises],li,RulePackDefs\Sex\RulePack_Reverse_Sex_Penetration.xml,def
DoublePenetrationReverseRP.rulePack.rulesStrings.29,fucked2->[RECIPIENT_nameDef]'s [penises] [adjective] stretched [INITIATOR_possessive] insides,li,RulePackDefs\Sex\RulePack_Reverse_Sex_Penetration.xml,def
DoublePenetrationReverseRP.rulePack.rulesStrings.30,fucked3->let [RECIPIENT_nameDef] fill [INITIATOR_objective] up with both [penises],li,RulePackDefs\Sex\RulePack_Reverse_Sex_Penetration.xml,def
DoublePenetrationReverseRP.rulePack.rulesStrings.31,fucked3->got [RECIPIENT_nameDef] to [adjective] fuck both of [INITIATOR_possessive] holes,li,RulePackDefs\Sex\RulePack_Reverse_Sex_Penetration.xml,def
DoublePenetrationReverseRP.rulePack.rulesStrings.32,reaction2->moaning at every thrust,li,RulePackDefs\Sex\RulePack_Reverse_Sex_Penetration.xml,def
DoublePenetrationReverseRP.rulePack.rulesStrings.33,reaction2->shuddering at the overwpowering stretch of it,li,RulePackDefs\Sex\RulePack_Reverse_Sex_Penetration.xml,def
DoublePenetrationReverseRP.rulePack.rulesStrings.34,reaction2->losing [INITIATOR_objective]self in the thrilling sensation,li,RulePackDefs\Sex\RulePack_Reverse_Sex_Penetration.xml,def
HandjobRP.rulePack.rulesStrings.0,sent->[INITIATOR_nameDef][fucked] [action].,li,RulePackDefs\Sex\RulePack_Sex_HandStuff.xml,def
HandjobRP.rulePack.rulesStrings.1,sent->[INITIATOR_nameDef] [reaction] [fucked2].,li,RulePackDefs\Sex\RulePack_Sex_HandStuff.xml,def
HandjobRP.rulePack.rulesStrings.2,penis->dick,li,RulePackDefs\Sex\RulePack_Sex_HandStuff.xml,def
HandjobRP.rulePack.rulesStrings.3,penis->cock,li,RulePackDefs\Sex\RulePack_Sex_HandStuff.xml,def
HandjobRP.rulePack.rulesStrings.4,penis->length,li,RulePackDefs\Sex\RulePack_Sex_HandStuff.xml,def
HandjobRP.rulePack.rulesStrings.5,penis->member,li,RulePackDefs\Sex\RulePack_Sex_HandStuff.xml,def
HandjobRP.rulePack.rulesStrings.6,adjective->slowly,li,RulePackDefs\Sex\RulePack_Sex_HandStuff.xml,def
HandjobRP.rulePack.rulesStrings.7,adjective->lovingly,li,RulePackDefs\Sex\RulePack_Sex_HandStuff.xml,def
HandjobRP.rulePack.rulesStrings.8,adjective->readily,li,RulePackDefs\Sex\RulePack_Sex_HandStuff.xml,def
HandjobRP.rulePack.rulesStrings.9,adjective->passionately,li,RulePackDefs\Sex\RulePack_Sex_HandStuff.xml,def
HandjobRP.rulePack.rulesStrings.10,adjective->roughly,li,RulePackDefs\Sex\RulePack_Sex_HandStuff.xml,def
HandjobRP.rulePack.rulesStrings.11,adjective->eagerly,li,RulePackDefs\Sex\RulePack_Sex_HandStuff.xml,def
HandjobRP.rulePack.rulesStrings.12,fucked-> was [adjective] jerked off by [RECIPIENT_nameDef],li,RulePackDefs\Sex\RulePack_Sex_HandStuff.xml,def
HandjobRP.rulePack.rulesStrings.13,fucked->'s [penis] was [adjective] pumped by [RECIPIENT_nameDef],li,RulePackDefs\Sex\RulePack_Sex_HandStuff.xml,def
HandjobRP.rulePack.rulesStrings.14,action->while [INITIATOR_pronoun] kept gasping how good it felt,li,RulePackDefs\Sex\RulePack_Sex_HandStuff.xml,def
HandjobRP.rulePack.rulesStrings.15,action->until [INITIATOR_pronoun] spilled into [RECIPIENT_possessive] hand,li,RulePackDefs\Sex\RulePack_Sex_HandStuff.xml,def
HandjobRP.rulePack.rulesStrings.16,"action->until [INITIATOR_pronoun] shuddered and came, crying out [RECIPIENT_possessive] name",li,RulePackDefs\Sex\RulePack_Sex_HandStuff.xml,def
HandjobRP.rulePack.rulesStrings.17,reaction->rocked [INITIATOR_possessive] hips into [RECIPIENT_nameDef]'s hand,li,RulePackDefs\Sex\RulePack_Sex_HandStuff.xml,def
HandjobRP.rulePack.rulesStrings.18,reaction->shuddered under [RECIPIENT_nameDef]'s hand,li,RulePackDefs\Sex\RulePack_Sex_HandStuff.xml,def
HandjobRP.rulePack.rulesStrings.19,reaction->breathlessly panted [RECIPIENT_nameDef]'s name,li,RulePackDefs\Sex\RulePack_Sex_HandStuff.xml,def
HandjobRP.rulePack.rulesStrings.20,reaction->begged [RECIPIENT_nameDef] to go faster,li,RulePackDefs\Sex\RulePack_Sex_HandStuff.xml,def
HandjobRP.rulePack.rulesStrings.21,fucked2->as [RECIPIENT_pronoun] [adjective] stroked [INITIATOR_possessive] [penis],li,RulePackDefs\Sex\RulePack_Sex_HandStuff.xml,def
HandjobRP.rulePack.rulesStrings.22,fucked2->as [RECIPIENT_pronoun] [adjective] worked to get [INITIATOR_objective] off,li,RulePackDefs\Sex\RulePack_Sex_HandStuff.xml,def
FingeringRP.rulePack.rulesStrings.0,sent->[INITIATOR_nameDef] [fucked] [reaction].,li,RulePackDefs\Sex\RulePack_Sex_HandStuff.xml,def
FingeringRP.rulePack.rulesStrings.1,"sent->[INITIATOR_nameDef] [action], [fucked2].",li,RulePackDefs\Sex\RulePack_Sex_HandStuff.xml,def
FingeringRP.rulePack.rulesStrings.2,vagina->vagina,li,RulePackDefs\Sex\RulePack_Sex_HandStuff.xml,def
FingeringRP.rulePack.rulesStrings.3,vagina->pussy,li,RulePackDefs\Sex\RulePack_Sex_HandStuff.xml,def
FingeringRP.rulePack.rulesStrings.4,vagina->slit,li,RulePackDefs\Sex\RulePack_Sex_HandStuff.xml,def
FingeringRP.rulePack.rulesStrings.5,vagina->sheath,li,RulePackDefs\Sex\RulePack_Sex_HandStuff.xml,def
FingeringRP.rulePack.rulesStrings.6,adjective->thoroughly,li,RulePackDefs\Sex\RulePack_Sex_HandStuff.xml,def
FingeringRP.rulePack.rulesStrings.7,adjective->slowly,li,RulePackDefs\Sex\RulePack_Sex_HandStuff.xml,def
FingeringRP.rulePack.rulesStrings.8,adjective->lovingly,li,RulePackDefs\Sex\RulePack_Sex_HandStuff.xml,def
FingeringRP.rulePack.rulesStrings.9,adjective->readily,li,RulePackDefs\Sex\RulePack_Sex_HandStuff.xml,def
FingeringRP.rulePack.rulesStrings.10,adjective->passionately,li,RulePackDefs\Sex\RulePack_Sex_HandStuff.xml,def
FingeringRP.rulePack.rulesStrings.11,adjective->roughly,li,RulePackDefs\Sex\RulePack_Sex_HandStuff.xml,def
FingeringRP.rulePack.rulesStrings.12,adjective->eagerly,li,RulePackDefs\Sex\RulePack_Sex_HandStuff.xml,def
FingeringRP.rulePack.rulesStrings.13,fucked->got [adjective] fingered by [RECIPIENT_nameDef],li,RulePackDefs\Sex\RulePack_Sex_HandStuff.xml,def
FingeringRP.rulePack.rulesStrings.14,fucked->was [adjective] finger fucked by [RECIPIENT_nameDef],li,RulePackDefs\Sex\RulePack_Sex_HandStuff.xml,def
FingeringRP.rulePack.rulesStrings.15,reaction->until [INITIATOR_pronoun] was clenching around [RECIPIENT_objective] in climax,li,RulePackDefs\Sex\RulePack_Sex_HandStuff.xml,def
FingeringRP.rulePack.rulesStrings.16,reaction->until all [INITIATOR_pronoun] could do was moan helplessly,li,RulePackDefs\Sex\RulePack_Sex_HandStuff.xml,def
FingeringRP.rulePack.rulesStrings.17,reaction->while [INITIATOR_pronoun] melted in pleasure under [RECIPIENT_possessive] hands,li,RulePackDefs\Sex\RulePack_Sex_HandStuff.xml,def
FingeringRP.rulePack.rulesStrings.18,reaction->until [INITIATOR_pronoun] squirted from blissful overstimulation,li,RulePackDefs\Sex\RulePack_Sex_HandStuff.xml,def
FingeringRP.rulePack.rulesStrings.19,action->guided [RECIPIENT_nameDef]'s hand between [INITIATOR_possessive] legs,li,RulePackDefs\Sex\RulePack_Sex_HandStuff.xml,def
FingeringRP.rulePack.rulesStrings.20,action->relaxed under [RECIPIENT_nameDef]'s hand,li,RulePackDefs\Sex\RulePack_Sex_HandStuff.xml,def
FingeringRP.rulePack.rulesStrings.21,fucked2->whispering filthy words of praise as [RECIPIENT_pronoun] got [INITIATOR_objective] off,li,RulePackDefs\Sex\RulePack_Sex_HandStuff.xml,def
FingeringRP.rulePack.rulesStrings.22,fucked2->groaning softly as [RECIPIENT_pronoun] stroked [INITIATOR_possessive] clit,li,RulePackDefs\Sex\RulePack_Sex_HandStuff.xml,def
FingeringRP.rulePack.rulesStrings.23,fucked2->surrendering [INITIATOR_objective]self to [RECIPIENT_possessive] attentive fingers,li,RulePackDefs\Sex\RulePack_Sex_HandStuff.xml,def
FistingRP.rulePack.rulesStrings.0,sent->[INITIATOR_nameDef] [fucked] [reaction].,li,RulePackDefs\Sex\RulePack_Sex_HandStuff.xml,def
FistingRP.rulePack.rulesStrings.1,sent->[INITIATOR_nameDef] [action] [fucked2].,li,RulePackDefs\Sex\RulePack_Sex_HandStuff.xml,def
FistingRP.rulePack.rulesStrings.2,anus->ass,li,RulePackDefs\Sex\RulePack_Sex_HandStuff.xml,def
FistingRP.rulePack.rulesStrings.3,anus->hole,li,RulePackDefs\Sex\RulePack_Sex_HandStuff.xml,def
FistingRP.rulePack.rulesStrings.4,anus->entrance,li,RulePackDefs\Sex\RulePack_Sex_HandStuff.xml,def
FistingRP.rulePack.rulesStrings.5,adjective->thoroughly,li,RulePackDefs\Sex\RulePack_Sex_HandStuff.xml,def
FistingRP.rulePack.rulesStrings.6,adjective->deeply,li,RulePackDefs\Sex\RulePack_Sex_HandStuff.xml,def
FistingRP.rulePack.rulesStrings.7,adjective->slowly,li,RulePackDefs\Sex\RulePack_Sex_HandStuff.xml,def
FistingRP.rulePack.rulesStrings.8,adjective->lovingly,li,RulePackDefs\Sex\RulePack_Sex_HandStuff.xml,def
FistingRP.rulePack.rulesStrings.9,adjective->readily,li,RulePackDefs\Sex\RulePack_Sex_HandStuff.xml,def
FistingRP.rulePack.rulesStrings.10,adjective->passionately,li,RulePackDefs\Sex\RulePack_Sex_HandStuff.xml,def
FistingRP.rulePack.rulesStrings.11,adjective->roughly,li,RulePackDefs\Sex\RulePack_Sex_HandStuff.xml,def
FistingRP.rulePack.rulesStrings.12,adjective->eagerly,li,RulePackDefs\Sex\RulePack_Sex_HandStuff.xml,def
FistingRP.rulePack.rulesStrings.13,"fucked->took [RECIPIENT_nameDef]'s whole fist, getting fucked",li,RulePackDefs\Sex\RulePack_Sex_HandStuff.xml,def
FistingRP.rulePack.rulesStrings.14,fucked->was [adjective] finger fucked by [RECIPIENT_nameDef],li,RulePackDefs\Sex\RulePack_Sex_HandStuff.xml,def
FistingRP.rulePack.rulesStrings.15,reaction->while [INITIATOR_pronoun] gasped from the blissful stretch,li,RulePackDefs\Sex\RulePack_Sex_HandStuff.xml,def
FistingRP.rulePack.rulesStrings.16,reaction->until [INITIATOR_pronoun] was light headed from pleasure,li,RulePackDefs\Sex\RulePack_Sex_HandStuff.xml,def
FistingRP.rulePack.rulesStrings.17,reaction->until [INITIATOR_pronoun] spent from the feel of it alone,li,RulePackDefs\Sex\RulePack_Sex_HandStuff.xml,def
FistingRP.rulePack.rulesStrings.18,reaction->while [INITIATOR_pronoun] whimpered incoherently,li,RulePackDefs\Sex\RulePack_Sex_HandStuff.xml,def
FistingRP.rulePack.rulesStrings.19,action->arched [INITIATOR_possessive] hips and begged [RECIPIENT_nameDef] for more,li,RulePackDefs\Sex\RulePack_Sex_HandStuff.xml,def
FistingRP.rulePack.rulesStrings.20,action->shuddered under [RECIPIENT_nameDef],li,RulePackDefs\Sex\RulePack_Sex_HandStuff.xml,def
FistingRP.rulePack.rulesStrings.21,action->whispered how good [RECIPIENT_nameDef]'s hand felt,li,RulePackDefs\Sex\RulePack_Sex_HandStuff.xml,def
FistingRP.rulePack.rulesStrings.22,fucked2->as [RECIPIENT_pronoun] [adjective] finger fucked [INITIATOR_possessive] [anus],li,RulePackDefs\Sex\RulePack_Sex_HandStuff.xml,def
FistingRP.rulePack.rulesStrings.23,fucked2->as [RECIPIENT_pronoun] slipped [RECIPIENT_possessive] fingers into [INITIATOR_possessive] [anus],li,RulePackDefs\Sex\RulePack_Sex_HandStuff.xml,def
MutualMasturbationRP.rulePack.rulesStrings.0,sent->[INITIATOR_nameDef] and [RECIPIENT_nameDef] [masturbated] [action].,li,RulePackDefs\Sex\RulePack_Sex_HandStuff.xml,def
MutualMasturbationRP.rulePack.rulesStrings.1,sent->[INITIATOR_nameDef] and [RECIPIENT_nameDef] [action2] [masturbated2].,li,RulePackDefs\Sex\RulePack_Sex_HandStuff.xml,def
MutualMasturbationRP.rulePack.rulesStrings.2,adjective->casually,li,RulePackDefs\Sex\RulePack_Sex_HandStuff.xml,def
MutualMasturbationRP.rulePack.rulesStrings.3,adjective->eagerly,li,RulePackDefs\Sex\RulePack_Sex_HandStuff.xml,def
MutualMasturbationRP.rulePack.rulesStrings.4,adjective->frantically,li,RulePackDefs\Sex\RulePack_Sex_HandStuff.xml,def
MutualMasturbationRP.rulePack.rulesStrings.5,adjective->lovingly,li,RulePackDefs\Sex\RulePack_Sex_HandStuff.xml,def
MutualMasturbationRP.rulePack.rulesStrings.6,adjective->passionately,li,RulePackDefs\Sex\RulePack_Sex_HandStuff.xml,def
MutualMasturbationRP.rulePack.rulesStrings.7,adjective->quietly,li,RulePackDefs\Sex\RulePack_Sex_HandStuff.xml,def
MutualMasturbationRP.rulePack.rulesStrings.8,masturbated->[adjective] got each other off,li,RulePackDefs\Sex\RulePack_Sex_HandStuff.xml,def
MutualMasturbationRP.rulePack.rulesStrings.9,masturbated->[adjective] helped each other relief some tension,li,RulePackDefs\Sex\RulePack_Sex_HandStuff.xml,def
MutualMasturbationRP.rulePack.rulesStrings.10,masturbated->played with each other,li,RulePackDefs\Sex\RulePack_Sex_HandStuff.xml,def
MutualMasturbationRP.rulePack.rulesStrings.11,action->while exchanging breathless whispers,li,RulePackDefs\Sex\RulePack_Sex_HandStuff.xml,def
MutualMasturbationRP.rulePack.rulesStrings.12,action->while pressing their bodies close,li,RulePackDefs\Sex\RulePack_Sex_HandStuff.xml,def
MutualMasturbationRP.rulePack.rulesStrings.13,action->until they were both gasping from pleasure,li,RulePackDefs\Sex\RulePack_Sex_HandStuff.xml,def
MutualMasturbationRP.rulePack.rulesStrings.14,action->until they were both blissfully spent,li,RulePackDefs\Sex\RulePack_Sex_HandStuff.xml,def
MutualMasturbationRP.rulePack.rulesStrings.15,action2->praised one another,li,RulePackDefs\Sex\RulePack_Sex_HandStuff.xml,def
MutualMasturbationRP.rulePack.rulesStrings.16,action2->whispered dirty comments,li,RulePackDefs\Sex\RulePack_Sex_HandStuff.xml,def
MutualMasturbationRP.rulePack.rulesStrings.17,action2->moved with heated desperation,li,RulePackDefs\Sex\RulePack_Sex_HandStuff.xml,def
MutualMasturbationRP.rulePack.rulesStrings.18,action2->exchanged seductive promises,li,RulePackDefs\Sex\RulePack_Sex_HandStuff.xml,def
MutualMasturbationRP.rulePack.rulesStrings.19,masturbated2->as they [adjective] got each other off,li,RulePackDefs\Sex\RulePack_Sex_HandStuff.xml,def
MutualMasturbationRP.rulePack.rulesStrings.20,masturbated2->as they masturbated together,li,RulePackDefs\Sex\RulePack_Sex_HandStuff.xml,def
MutualMasturbationRP.rulePack.rulesStrings.21,masturbated2->as they [adjective] helped each other find release,li,RulePackDefs\Sex\RulePack_Sex_HandStuff.xml,def
VaginalSexRP.rulePack.rulesStrings.0,sent->[INITIATOR_nameDef] [action] as [fucked].,li,RulePackDefs\Sex\RulePack_Sex_Penetration.xml,def
VaginalSexRP.rulePack.rulesStrings.1,sent->[INITIATOR_nameDef] [action2] and [fucked2].,li,RulePackDefs\Sex\RulePack_Sex_Penetration.xml,def
VaginalSexRP.rulePack.rulesStrings.2,"sent->[INITIATOR_nameDef] [fucked3], [reaction2].",li,RulePackDefs\Sex\RulePack_Sex_Penetration.xml,def
VaginalSexRP.rulePack.rulesStrings.3,vagina->vagina,li,RulePackDefs\Sex\RulePack_Sex_Penetration.xml,def
VaginalSexRP.rulePack.rulesStrings.4,vagina->pussy,li,RulePackDefs\Sex\RulePack_Sex_Penetration.xml,def
VaginalSexRP.rulePack.rulesStrings.5,vagina->slit,li,RulePackDefs\Sex\RulePack_Sex_Penetration.xml,def
VaginalSexRP.rulePack.rulesStrings.6,penis->dick,li,RulePackDefs\Sex\RulePack_Sex_Penetration.xml,def
VaginalSexRP.rulePack.rulesStrings.7,penis->cock,li,RulePackDefs\Sex\RulePack_Sex_Penetration.xml,def
VaginalSexRP.rulePack.rulesStrings.8,penis->length,li,RulePackDefs\Sex\RulePack_Sex_Penetration.xml,def
VaginalSexRP.rulePack.rulesStrings.9,penis->member,li,RulePackDefs\Sex\RulePack_Sex_Penetration.xml,def
VaginalSexRP.rulePack.rulesStrings.10,adjective->thoroughly,li,RulePackDefs\Sex\RulePack_Sex_Penetration.xml,def
VaginalSexRP.rulePack.rulesStrings.11,adjective->deeply,li,RulePackDefs\Sex\RulePack_Sex_Penetration.xml,def
VaginalSexRP.rulePack.rulesStrings.12,adjective->lovingly,li,RulePackDefs\Sex\RulePack_Sex_Penetration.xml,def
VaginalSexRP.rulePack.rulesStrings.13,adjective->roughly,li,RulePackDefs\Sex\RulePack_Sex_Penetration.xml,def
VaginalSexRP.rulePack.rulesStrings.14,adjective->heatedly,li,RulePackDefs\Sex\RulePack_Sex_Penetration.xml,def
VaginalSexRP.rulePack.rulesStrings.15,adjective->passionately,li,RulePackDefs\Sex\RulePack_Sex_Penetration.xml,def
VaginalSexRP.rulePack.rulesStrings.16,adjective->tenderly,li,RulePackDefs\Sex\RulePack_Sex_Penetration.xml,def
VaginalSexRP.rulePack.rulesStrings.17,adjective->fervently,li,RulePackDefs\Sex\RulePack_Sex_Penetration.xml,def
VaginalSexRP.rulePack.rulesStrings.18,adjective->steadily,li,RulePackDefs\Sex\RulePack_Sex_Penetration.xml,def
VaginalSexRP.rulePack.rulesStrings.19,adjective->slowly and delibrately,li,RulePackDefs\Sex\RulePack_Sex_Penetration.xml,def
VaginalSexRP.rulePack.rulesStrings.20,action->gave [RECIPIENT_nameDef] whispered praise,li,RulePackDefs\Sex\RulePack_Sex_Penetration.xml,def
VaginalSexRP.rulePack.rulesStrings.21,action->held [RECIPIENT_nameDef] possessively close,li,RulePackDefs\Sex\RulePack_Sex_Penetration.xml,def
VaginalSexRP.rulePack.rulesStrings.22,action->kept repeating [RECIPIENT_nameDef]'s name,li,RulePackDefs\Sex\RulePack_Sex_Penetration.xml,def
VaginalSexRP.rulePack.rulesStrings.23,fucked->[INITIATOR_pronoun] thrust inside and filled [RECIPIENT_possessive] [vagina] to the brim,li,RulePackDefs\Sex\RulePack_Sex_Penetration.xml,def
VaginalSexRP.rulePack.rulesStrings.24,fucked->[INITIATOR_pronoun] [adjective] fucked [RECIPIENT_possessive] [vagina],li,RulePackDefs\Sex\RulePack_Sex_Penetration.xml,def
VaginalSexRP.rulePack.rulesStrings.25,fucked->[INITIATOR_possessive] [penis] sunk into [RECIPIENT_possessive] heat,li,RulePackDefs\Sex\RulePack_Sex_Penetration.xml,def
VaginalSexRP.rulePack.rulesStrings.26,action2->took [INITIATOR_possessive] time with [RECIPIENT_nameDef],li,RulePackDefs\Sex\RulePack_Sex_Penetration.xml,def
VaginalSexRP.rulePack.rulesStrings.27,action2->teased [RECIPIENT_nameDef]'s clit,li,RulePackDefs\Sex\RulePack_Sex_Penetration.xml,def
VaginalSexRP.rulePack.rulesStrings.28,action2->savored [RECIPIENT_nameDef]'s every gasp,li,RulePackDefs\Sex\RulePack_Sex_Penetration.xml,def
VaginalSexRP.rulePack.rulesStrings.29,fucked2->fucked [RECIPIENT_possessive] pussy until [RECIPIENT_pronoun] saw stars,li,RulePackDefs\Sex\RulePack_Sex_Penetration.xml,def
VaginalSexRP.rulePack.rulesStrings.30,fucked2->left [RECIPIENT_possessive] pussy dripping with [INITIATOR_possessive] cum,li,RulePackDefs\Sex\RulePack_Sex_Penetration.xml,def
VaginalSexRP.rulePack.rulesStrings.31,fucked3->eased [adjective] into [RECIPIENT_nameDef]'s [vagina],li,RulePackDefs\Sex\RulePack_Sex_Penetration.xml,def
VaginalSexRP.rulePack.rulesStrings.32,fucked3->drove into [RECIPIENT_nameDef]'s heat again and again,li,RulePackDefs\Sex\RulePack_Sex_Penetration.xml,def
VaginalSexRP.rulePack.rulesStrings.33,fucked3->[adjective] fucked [RECIPIENT_nameDef]'s [vagina],li,RulePackDefs\Sex\RulePack_Sex_Penetration.xml,def
VaginalSexRP.rulePack.rulesStrings.34,reaction->making [RECIPIENT_objective] tremble and gasp,li,RulePackDefs\Sex\RulePack_Sex_Penetration.xml,def
VaginalSexRP.rulePack.rulesStrings.35,reaction->enjoying how [RECIPIENT_pronoun] moaned and arched [RECIPIENT_possessive] back,li,RulePackDefs\Sex\RulePack_Sex_Penetration.xml,def
VaginalSexRP.rulePack.rulesStrings.36,reaction->making [RECIPIENT_objective] whimper from pleasure,li,RulePackDefs\Sex\RulePack_Sex_Penetration.xml,def
AnalSexRP.rulePack.rulesStrings.0,sent->[INITIATOR_nameDef] [action] as [INITIATOR_pronoun] [fucked].,li,RulePackDefs\Sex\RulePack_Sex_Penetration.xml,def
AnalSexRP.rulePack.rulesStrings.1,sent->[INITIATOR_nameDef] [fucked2] [reaction].,li,RulePackDefs\Sex\RulePack_Sex_Penetration.xml,def
AnalSexRP.rulePack.rulesStrings.2,sent->[INITIATOR_nameDef] [fucked3] until [reaction2].,li,RulePackDefs\Sex\RulePack_Sex_Penetration.xml,def
AnalSexRP.rulePack.rulesStrings.3,anus->ass,li,RulePackDefs\Sex\RulePack_Sex_Penetration.xml,def
AnalSexRP.rulePack.rulesStrings.4,anus->hole,li,RulePackDefs\Sex\RulePack_Sex_Penetration.xml,def
AnalSexRP.rulePack.rulesStrings.5,anus->entrance,li,RulePackDefs\Sex\RulePack_Sex_Penetration.xml,def
AnalSexRP.rulePack.rulesStrings.6,penis->dick,li,RulePackDefs\Sex\RulePack_Sex_Penetration.xml,def
AnalSexRP.rulePack.rulesStrings.7,penis->cock,li,RulePackDefs\Sex\RulePack_Sex_Penetration.xml,def
AnalSexRP.rulePack.rulesStrings.8,penis->length,li,RulePackDefs\Sex\RulePack_Sex_Penetration.xml,def
AnalSexRP.rulePack.rulesStrings.9,penis->member,li,RulePackDefs\Sex\RulePack_Sex_Penetration.xml,def
AnalSexRP.rulePack.rulesStrings.10,adjective->thoroughly,li,RulePackDefs\Sex\RulePack_Sex_Penetration.xml,def
AnalSexRP.rulePack.rulesStrings.11,adjective->lovingly,li,RulePackDefs\Sex\RulePack_Sex_Penetration.xml,def
AnalSexRP.rulePack.rulesStrings.12,adjective->readily,li,RulePackDefs\Sex\RulePack_Sex_Penetration.xml,def
AnalSexRP.rulePack.rulesStrings.13,adjective->heatedly,li,RulePackDefs\Sex\RulePack_Sex_Penetration.xml,def
AnalSexRP.rulePack.rulesStrings.14,adjective->passionately,li,RulePackDefs\Sex\RulePack_Sex_Penetration.xml,def
AnalSexRP.rulePack.rulesStrings.15,adjective->tenderly,li,RulePackDefs\Sex\RulePack_Sex_Penetration.xml,def
AnalSexRP.rulePack.rulesStrings.16,adjective->fervently,li,RulePackDefs\Sex\RulePack_Sex_Penetration.xml,def
AnalSexRP.rulePack.rulesStrings.17,adjective->vigorously,li,RulePackDefs\Sex\RulePack_Sex_Penetration.xml,def
AnalSexRP.rulePack.rulesStrings.18,adjective->roughly,li,RulePackDefs\Sex\RulePack_Sex_Penetration.xml,def
AnalSexRP.rulePack.rulesStrings.19,action->whispered [RECIPIENT_nameDef]'s name,li,RulePackDefs\Sex\RulePack_Sex_Penetration.xml,def
AnalSexRP.rulePack.rulesStrings.20,action->teasingly degraded [RECIPIENT_nameDef],li,RulePackDefs\Sex\RulePack_Sex_Penetration.xml,def
AnalSexRP.rulePack.rulesStrings.21,action->made [RECIPIENT_nameDef] beg for it,li,RulePackDefs\Sex\RulePack_Sex_Penetration.xml,def
AnalSexRP.rulePack.rulesStrings.22,fucked->[adjective] filled [RECIPIENT_possessive] [anus],li,RulePackDefs\Sex\RulePack_Sex_Penetration.xml,def
AnalSexRP.rulePack.rulesStrings.23,"fucked->fucked [RECIPIENT_possessive] [anus] with hard, deep thrusts",li,RulePackDefs\Sex\RulePack_Sex_Penetration.xml,def
AnalSexRP.rulePack.rulesStrings.24,fucked->grabbed [RECIPIENT_possessive] ass and thrust his [penis] inside,li,RulePackDefs\Sex\RulePack_Sex_Penetration.xml,def
AnalSexRP.rulePack.rulesStrings.25,fucked2->thrust [adjective] into [RECIPIENT_nameDef]'s [anus],li,RulePackDefs\Sex\RulePack_Sex_Penetration.xml,def
AnalSexRP.rulePack.rulesStrings.26,fucked2->slowly sank [INITIATOR_possessive] dick into [RECIPIENT_nameDef]'s [anus],li,RulePackDefs\Sex\RulePack_Sex_Penetration.xml,def
AnalSexRP.rulePack.rulesStrings.27,fucked2->held [RECIPIENT_nameDef]'s hips and filled [RECIPIENT_possessive] [anus],li,RulePackDefs\Sex\RulePack_Sex_Penetration.xml,def
AnalSexRP.rulePack.rulesStrings.28,reaction->while telling [RECIPIENT_objective] how good it felt,li,RulePackDefs\Sex\RulePack_Sex_Penetration.xml,def
AnalSexRP.rulePack.rulesStrings.29,reaction->while [RECIPIENT_pronoun] pleaded for more,li,RulePackDefs\Sex\RulePack_Sex_Penetration.xml,def
AnalSexRP.rulePack.rulesStrings.30,reaction->while whispering affectionate praise,li,RulePackDefs\Sex\RulePack_Sex_Penetration.xml,def
AnalSexRP.rulePack.rulesStrings.31,fucked3->fucked [RECIPIENT_nameDef]'s [anus],li,RulePackDefs\Sex\RulePack_Sex_Penetration.xml,def
AnalSexRP.rulePack.rulesStrings.32,fucked3->made sure to [adjective] pound [RECIPIENT_nameDef]'s [anus],li,RulePackDefs\Sex\RulePack_Sex_Penetration.xml,def
AnalSexRP.rulePack.rulesStrings.33,reaction2->[RECIPIENT_pronoun] could no longer form coherent words,li,RulePackDefs\Sex\RulePack_Sex_Penetration.xml,def
AnalSexRP.rulePack.rulesStrings.34,reaction2->it was filled to the brim,li,RulePackDefs\Sex\RulePack_Sex_Penetration.xml,def
AnalSexRP.rulePack.rulesStrings.35,reaction2->they were both breathless and spent,li,RulePackDefs\Sex\RulePack_Sex_Penetration.xml,def
DoublePenetrationRP.rulePack.rulesStrings.0,sent->[INITIATOR_nameDef] [action] as [INITIATOR_pronoun] [fucked].,li,RulePackDefs\Sex\RulePack_Sex_Penetration.xml,def
DoublePenetrationRP.rulePack.rulesStrings.1,sent->[INITIATOR_nameDef] [fucked2] while [RECIPIENT_pronoun] [reaction].,li,RulePackDefs\Sex\RulePack_Sex_Penetration.xml,def
DoublePenetrationRP.rulePack.rulesStrings.2,sent->[INITIATOR_nameDef] [fucked3] [reaction2].,li,RulePackDefs\Sex\RulePack_Sex_Penetration.xml,def
DoublePenetrationRP.rulePack.rulesStrings.3,penises->dicks,li,RulePackDefs\Sex\RulePack_Sex_Penetration.xml,def
DoublePenetrationRP.rulePack.rulesStrings.4,penises->cocks,li,RulePackDefs\Sex\RulePack_Sex_Penetration.xml,def
DoublePenetrationRP.rulePack.rulesStrings.5,penises->lengths,li,RulePackDefs\Sex\RulePack_Sex_Penetration.xml,def
DoublePenetrationRP.rulePack.rulesStrings.6,penises->members,li,RulePackDefs\Sex\RulePack_Sex_Penetration.xml,def
DoublePenetrationRP.rulePack.rulesStrings.7,adjective->thoroughly,li,RulePackDefs\Sex\RulePack_Sex_Penetration.xml,def
DoublePenetrationRP.rulePack.rulesStrings.8,adjective->deeply,li,RulePackDefs\Sex\RulePack_Sex_Penetration.xml,def
DoublePenetrationRP.rulePack.rulesStrings.9,adjective->lovingly,li,RulePackDefs\Sex\RulePack_Sex_Penetration.xml,def
DoublePenetrationRP.rulePack.rulesStrings.10,adjective->readily,li,RulePackDefs\Sex\RulePack_Sex_Penetration.xml,def
DoublePenetrationRP.rulePack.rulesStrings.11,adjective->heatedly,li,RulePackDefs\Sex\RulePack_Sex_Penetration.xml,def
DoublePenetrationRP.rulePack.rulesStrings.12,adjective->passionately,li,RulePackDefs\Sex\RulePack_Sex_Penetration.xml,def
DoublePenetrationRP.rulePack.rulesStrings.13,adjective->tenderly,li,RulePackDefs\Sex\RulePack_Sex_Penetration.xml,def
DoublePenetrationRP.rulePack.rulesStrings.14,action->purred [RECIPIENT_nameDef]'s name,li,RulePackDefs\Sex\RulePack_Sex_Penetration.xml,def
DoublePenetrationRP.rulePack.rulesStrings.15,action->praised [RECIPIENT_nameDef] for taking it all,li,RulePackDefs\Sex\RulePack_Sex_Penetration.xml,def
DoublePenetrationRP.rulePack.rulesStrings.16,fucked->[adjective] filled both of [RECIPIENT_possessive] holes,li,RulePackDefs\Sex\RulePack_Sex_Penetration.xml,def
DoublePenetrationRP.rulePack.rulesStrings.17,fucked->used both [INITIATOR_possessive] [penises] to fill [RECIPIENT_objective] up completely,li,RulePackDefs\Sex\RulePack_Sex_Penetration.xml,def
DoublePenetrationRP.rulePack.rulesStrings.18,fucked->drove both of [INITIATOR_possessive] [penises] deep inside,li,RulePackDefs\Sex\RulePack_Sex_Penetration.xml,def
DoublePenetrationRP.rulePack.rulesStrings.19,fucked2->[adjective] fucked [RECIPIENT_nameDef] with both of [INITIATOR_possessive] [penises],li,RulePackDefs\Sex\RulePack_Sex_Penetration.xml,def
DoublePenetrationRP.rulePack.rulesStrings.20,fucked2->slowly eased both his [penises] into [RECIPIENT_nameDef],li,RulePackDefs\Sex\RulePack_Sex_Penetration.xml,def
DoublePenetrationRP.rulePack.rulesStrings.21,fucked2->lovingly ravaged [RECIPIENT_nameDef] with both of [INITIATOR_possessive] [penises],li,RulePackDefs\Sex\RulePack_Sex_Penetration.xml,def
DoublePenetrationRP.rulePack.rulesStrings.22,reaction->begged to be utterly filled,li,RulePackDefs\Sex\RulePack_Sex_Penetration.xml,def
DoublePenetrationRP.rulePack.rulesStrings.23,reaction->gasped at the stretch,li,RulePackDefs\Sex\RulePack_Sex_Penetration.xml,def
DoublePenetrationRP.rulePack.rulesStrings.24,reaction->shuddered at doubled pleasure,li,RulePackDefs\Sex\RulePack_Sex_Penetration.xml,def
DoublePenetrationRP.rulePack.rulesStrings.25,fucked3->used both of [INITIATOR_possessive] [penises] to [adjective] pound [RECIPIENT_nameDef],li,RulePackDefs\Sex\RulePack_Sex_Penetration.xml,def
DoublePenetrationRP.rulePack.rulesStrings.26,fucked3->fucked both of [RECIPIENT_nameDef]'s holes in wanton pleasure,li,RulePackDefs\Sex\RulePack_Sex_Penetration.xml,def
DoublePenetrationRP.rulePack.rulesStrings.27,reaction2->until [RECIPIENT_pronoun] was pleading for release,li,RulePackDefs\Sex\RulePack_Sex_Penetration.xml,def
DoublePenetrationRP.rulePack.rulesStrings.28,reaction2->before breathlessly spilling inside,li,RulePackDefs\Sex\RulePack_Sex_Penetration.xml,def
DoublePenetrationRP.rulePack.rulesStrings.29,reaction2->until [RECIPIENT_pronoun] was keening from overstimulation,li,RulePackDefs\Sex\RulePack_Sex_Penetration.xml,def
